primary_mass period seperation pri_state sec_state case
10.0 1.0 0.0 14.0 15.0 13
10.0 1.2589254117941673 0.0 14.0 15.0 13
10.0 1.5848931924611136 0.0 14.0 15.0 13
10.0 1.9952623149688797 0.0 13.0 11.0 11
10.0 2.51188643150958 0.0 13.0 11.0 11
10.0 3.1622776601683795 0.0 13.0 11.0 11
10.0 3.981071705534973 0.0 13.0 12.0 11
10.0 5.011872336272724 0.0 13.0 15.0 13
10.0 6.309573444801933 0.0 13.0 15.0 13
10.0 7.943282347242816 0.0 13.0 15.0 13
10.0 10.0 0.0 13.0 15.0 13
10.0 12.589254117941675 0.0 13.0 15.0 13
10.0 15.848931924611142 0.0 13.0 13.0 10
10.0 19.952623149688797 0.0 13.0 13.0 10
10.0 25.11886431509581 0.0 13.0 13.0 10
10.0 31.622776601683793 0.0 13.0 13.0 10
10.0 39.810717055349734 0.0 13.0 13.0 10
10.0 50.11872336272725 0.0 13.0 13.0 10
10.0 63.09573444801933 0.0 13.0 13.0 10
10.0 79.43282347242817 0.0 13.0 13.0 10
10.0 100.0 0.0 13.0 13.0 10
10.0 125.89254117941675 0.0 13.0 13.0 10
10.0 158.48931924611142 0.0 13.0 13.0 10
10.0 199.52623149688807 0.0 13.0 13.0 10
10.0 251.18864315095823 0.0 13.0 13.0 10
10.0 316.22776601683796 0.0 13.0 13.0 10
10.0 398.1071705534973 1089.0 13.0 13.0 3
10.0 501.18723362727246 816.0 13.0 14.0 2
10.0 630.9573444801937 988.3 13.0 14.0 2
10.0 794.3282347242822 1015.0 13.0 14.0 2
10.0 1000.0 934.9 13.0 14.0 2
10.0 1258.9254117941675 0.0 13.0 14.0 9
10.0 1584.893192461114 0.0 13.0 14.0 9
10.0 1995.262314968881 0.0 13.0 14.0 9
10.0 2511.886431509582 0.0 13.0 14.0 9
10.0 3162.2776601683795 0.0 13.0 14.0 9
10.0 3981.0717055349733 0.0 13.0 14.0 9
10.0 5011.872336272725 0.0 13.0 14.0 9
10.0 6309.573444801937 0.0 13.0 14.0 9
10.0 7943.282347242822 0.0 13.0 14.0 9
10.0 10000.0 0.0 13.0 14.0 9
10.232929922807541 1.0 0.0 14.0 15.0 13
10.232929922807541 1.2589254117941673 0.0 14.0 15.0 13
10.232929922807541 1.5848931924611136 0.0 14.0 15.0 13
10.232929922807541 1.9952623149688797 0.0 13.0 11.0 11
10.232929922807541 2.51188643150958 0.7616 13.0 11.0 4
10.232929922807541 3.1622776601683795 0.0 13.0 12.0 11
10.232929922807541 3.981071705534973 0.0 13.0 12.0 11
10.232929922807541 5.011872336272724 0.0 13.0 15.0 13
10.232929922807541 6.309573444801933 0.0 13.0 15.0 13
10.232929922807541 7.943282347242816 0.0 13.0 15.0 13
10.232929922807541 10.0 0.0 13.0 15.0 13
10.232929922807541 12.589254117941675 0.0 13.0 15.0 13
10.232929922807541 15.848931924611142 0.0 13.0 15.0 13
10.232929922807541 19.952623149688797 0.0 13.0 13.0 10
10.232929922807541 25.11886431509581 0.0 13.0 13.0 10
10.232929922807541 31.622776601683793 0.0 13.0 13.0 10
10.232929922807541 39.810717055349734 0.0 13.0 13.0 10
10.232929922807541 50.11872336272725 0.0 13.0 13.0 10
10.232929922807541 63.09573444801933 0.0 13.0 13.0 10
10.232929922807541 79.43282347242817 0.0 13.0 13.0 10
10.232929922807541 100.0 0.0 13.0 13.0 10
10.232929922807541 125.89254117941675 0.0 13.0 13.0 10
10.232929922807541 158.48931924611142 0.0 13.0 13.0 10
10.232929922807541 199.52623149688807 0.0 13.0 13.0 10
10.232929922807541 251.18864315095823 0.0 13.0 13.0 10
10.232929922807541 316.22776601683796 0.0 13.0 13.0 10
10.232929922807541 398.1071705534973 436.4 13.0 14.0 2
10.232929922807541 501.18723362727246 651.8 13.0 14.0 2
10.232929922807541 630.9573444801937 758.9 13.0 14.0 2
10.232929922807541 794.3282347242822 921.5 13.0 14.0 2
10.232929922807541 1000.0 850.3 13.0 14.0 2
10.232929922807541 1258.9254117941675 881.6 13.0 14.0 2
10.232929922807541 1584.893192461114 0.0 13.0 14.0 9
10.232929922807541 1995.262314968881 0.0 13.0 14.0 9
10.232929922807541 2511.886431509582 0.0 13.0 14.0 9
10.232929922807541 3162.2776601683795 0.0 13.0 14.0 9
10.232929922807541 3981.0717055349733 0.0 13.0 14.0 9
10.232929922807541 5011.872336272725 0.0 13.0 14.0 9
10.232929922807541 6309.573444801937 0.0 13.0 14.0 9
10.232929922807541 7943.282347242822 0.0 13.0 14.0 9
10.232929922807541 10000.0 0.0 13.0 14.0 9
10.471285480508996 1.0 0.0 14.0 15.0 13
10.471285480508996 1.2589254117941673 0.0 14.0 15.0 13
10.471285480508996 1.5848931924611136 0.0 14.0 15.0 13
10.471285480508996 1.9952623149688797 0.0 13.0 11.0 11
10.471285480508996 2.51188643150958 130.1 14.0 11.0 4
10.471285480508996 3.1622776601683795 0.0 13.0 11.0 11
10.471285480508996 3.981071705534973 0.0 13.0 12.0 11
10.471285480508996 5.011872336272724 0.0 13.0 15.0 13
10.471285480508996 6.309573444801933 0.0 13.0 15.0 13
10.471285480508996 7.943282347242816 0.0 13.0 15.0 13
10.471285480508996 10.0 0.0 13.0 15.0 13
10.471285480508996 12.589254117941675 0.0 13.0 15.0 13
10.471285480508996 15.848931924611142 0.0 13.0 15.0 13
10.471285480508996 19.952623149688797 0.0 13.0 13.0 10
10.471285480508996 25.11886431509581 0.0 13.0 13.0 10
10.471285480508996 31.622776601683793 0.0 13.0 13.0 10
10.471285480508996 39.810717055349734 0.0 13.0 13.0 10
10.471285480508996 50.11872336272725 0.0 13.0 13.0 10
10.471285480508996 63.09573444801933 0.0 13.0 13.0 10
10.471285480508996 79.43282347242817 0.0 13.0 13.0 10
10.471285480508996 100.0 0.0 13.0 13.0 10
10.471285480508996 125.89254117941675 0.0 13.0 13.0 10
10.471285480508996 158.48931924611142 0.0 13.0 13.0 10
10.471285480508996 199.52623149688807 0.0 13.0 13.0 10
10.471285480508996 251.18864315095823 0.0 13.0 13.0 10
10.471285480508996 316.22776601683796 0.0 13.0 13.0 10
10.471285480508996 398.1071705534973 0.0 13.0 13.0 10
10.471285480508996 501.18723362727246 0.0 13.0 13.0 10
10.471285480508996 630.9573444801937 667.6 13.0 14.0 2
10.471285480508996 794.3282347242822 798.1 13.0 14.0 2
10.471285480508996 1000.0 794.4 13.0 14.0 2
10.471285480508996 1258.9254117941675 792.1 13.0 14.0 2
10.471285480508996 1584.893192461114 0.0 13.0 14.0 9
10.471285480508996 1995.262314968881 0.0 13.0 14.0 9
10.471285480508996 2511.886431509582 0.0 13.0 14.0 9
10.471285480508996 3162.2776601683795 0.0 13.0 14.0 9
10.471285480508996 3981.0717055349733 0.0 13.0 14.0 9
10.471285480508996 5011.872336272725 0.0 13.0 14.0 9
10.471285480508996 6309.573444801937 0.0 13.0 14.0 9
10.471285480508996 7943.282347242822 0.0 13.0 14.0 9
10.471285480508996 10000.0 0.0 13.0 14.0 9
10.715193052376065 1.0 0.0 14.0 15.0 13
10.715193052376065 1.2589254117941673 0.0 14.0 15.0 13
10.715193052376065 1.5848931924611136 0.0 14.0 15.0 13
10.715193052376065 1.9952623149688797 23.39 13.0 11.0 4
10.715193052376065 2.51188643150958 0.0 14.0 15.0 13
10.715193052376065 3.1622776601683795 0.0 13.0 11.0 11
10.715193052376065 3.981071705534973 0.0 13.0 12.0 11
10.715193052376065 5.011872336272724 0.0 13.0 15.0 13
10.715193052376065 6.309573444801933 0.0 13.0 15.0 13
10.715193052376065 7.943282347242816 0.0 13.0 15.0 13
10.715193052376065 10.0 0.0 13.0 15.0 13
10.715193052376065 12.589254117941675 0.0 13.0 15.0 13
10.715193052376065 15.848931924611142 0.0 13.0 15.0 13
10.715193052376065 19.952623149688797 0.0 13.0 13.0 10
10.715193052376065 25.11886431509581 0.0 13.0 13.0 10
10.715193052376065 31.622776601683793 0.0 13.0 13.0 10
10.715193052376065 39.810717055349734 0.0 13.0 13.0 10
10.715193052376065 50.11872336272725 0.0 13.0 13.0 10
10.715193052376065 63.09573444801933 0.0 13.0 13.0 10
10.715193052376065 79.43282347242817 0.0 13.0 13.0 10
10.715193052376065 100.0 0.0 13.0 13.0 10
10.715193052376065 125.89254117941675 0.0 13.0 13.0 10
10.715193052376065 158.48931924611142 0.0 13.0 13.0 10
10.715193052376065 199.52623149688807 0.0 13.0 13.0 10
10.715193052376065 251.18864315095823 0.0 13.0 13.0 10
10.715193052376065 316.22776601683796 0.0 13.0 13.0 10
10.715193052376065 398.1071705534973 0.0 13.0 13.0 10
10.715193052376065 501.18723362727246 0.0 13.0 13.0 10
10.715193052376065 630.9573444801937 569.8 13.0 14.0 2
10.715193052376065 794.3282347242822 647.5 13.0 14.0 2
10.715193052376065 1000.0 1421.0 13.0 14.0 2
10.715193052376065 1258.9254117941675 1141.0 13.0 14.0 2
10.715193052376065 1584.893192461114 0.0 13.0 14.0 9
10.715193052376065 1995.262314968881 0.0 13.0 14.0 9
10.715193052376065 2511.886431509582 0.0 13.0 14.0 9
10.715193052376065 3162.2776601683795 0.0 13.0 14.0 9
10.715193052376065 3981.0717055349733 0.0 13.0 14.0 9
10.715193052376065 5011.872336272725 0.0 13.0 14.0 9
10.715193052376065 6309.573444801937 0.0 13.0 14.0 9
10.715193052376065 7943.282347242822 0.0 13.0 14.0 9
10.715193052376065 10000.0 0.0 13.0 14.0 9
10.964781961431852 1.0 0.0 14.0 15.0 13
10.964781961431852 1.2589254117941673 0.0 14.0 15.0 13
10.964781961431852 1.5848931924611136 0.0 14.0 15.0 13
10.964781961431852 1.9952623149688797 0.0 13.0 11.0 11
10.964781961431852 2.51188643150958 0.0 13.0 11.0 11
10.964781961431852 3.1622776601683795 0.0 13.0 12.0 11
10.964781961431852 3.981071705534973 0.0 13.0 12.0 11
10.964781961431852 5.011872336272724 0.0 13.0 15.0 13
10.964781961431852 6.309573444801933 0.0 13.0 15.0 13
10.964781961431852 7.943282347242816 0.0 13.0 15.0 13
10.964781961431852 10.0 0.0 13.0 15.0 13
10.964781961431852 12.589254117941675 0.0 13.0 15.0 13
10.964781961431852 15.848931924611142 0.0 13.0 15.0 13
10.964781961431852 19.952623149688797 0.0 13.0 13.0 10
10.964781961431852 25.11886431509581 0.0 13.0 13.0 10
10.964781961431852 31.622776601683793 0.0 13.0 13.0 10
10.964781961431852 39.810717055349734 0.0 13.0 13.0 10
10.964781961431852 50.11872336272725 0.0 13.0 13.0 10
10.964781961431852 63.09573444801933 0.0 13.0 13.0 10
10.964781961431852 79.43282347242817 0.0 13.0 13.0 10
10.964781961431852 100.0 0.0 13.0 13.0 10
10.964781961431852 125.89254117941675 0.0 13.0 13.0 10
10.964781961431852 158.48931924611142 0.0 13.0 13.0 10
10.964781961431852 199.52623149688807 0.0 13.0 13.0 10
10.964781961431852 251.18864315095823 0.0 13.0 13.0 10
10.964781961431852 316.22776601683796 0.0 13.0 13.0 10
10.964781961431852 398.1071705534973 0.0 13.0 13.0 10
10.964781961431852 501.18723362727246 0.0 13.0 13.0 10
10.964781961431852 630.9573444801937 1219.0 13.0 14.0 2
10.964781961431852 794.3282347242822 1380.0 13.0 14.0 2
10.964781961431852 1000.0 1377.0 13.0 14.0 2
10.964781961431852 1258.9254117941675 1170.0 13.0 14.0 2
10.964781961431852 1584.893192461114 0.0 13.0 14.0 9
10.964781961431852 1995.262314968881 0.0 13.0 14.0 9
10.964781961431852 2511.886431509582 0.0 13.0 14.0 9
10.964781961431852 3162.2776601683795 0.0 13.0 14.0 9
10.964781961431852 3981.0717055349733 0.0 13.0 14.0 9
10.964781961431852 5011.872336272725 0.0 13.0 14.0 9
10.964781961431852 6309.573444801937 0.0 13.0 14.0 9
10.964781961431852 7943.282347242822 0.0 13.0 14.0 9
10.964781961431852 10000.0 0.0 13.0 14.0 9
11.220184543019636 1.0 0.0 14.0 15.0 13
11.220184543019636 1.2589254117941673 0.0 14.0 15.0 13
11.220184543019636 1.5848931924611136 0.0 14.0 15.0 13
11.220184543019636 1.9952623149688797 0.0 13.0 11.0 11
11.220184543019636 2.51188643150958 0.0 13.0 11.0 11
11.220184543019636 3.1622776601683795 0.0 13.0 12.0 11
11.220184543019636 3.981071705534973 0.0 13.0 15.0 13
11.220184543019636 5.011872336272724 0.0 13.0 15.0 13
11.220184543019636 6.309573444801933 0.0 13.0 15.0 13
11.220184543019636 7.943282347242816 0.0 13.0 15.0 13
11.220184543019636 10.0 0.0 13.0 15.0 13
11.220184543019636 12.589254117941675 0.0 13.0 15.0 13
11.220184543019636 15.848931924611142 0.0 13.0 15.0 13
11.220184543019636 19.952623149688797 0.0 13.0 13.0 10
11.220184543019636 25.11886431509581 0.0 13.0 13.0 10
11.220184543019636 31.622776601683793 0.0 13.0 13.0 10
11.220184543019636 39.810717055349734 0.0 13.0 13.0 10
11.220184543019636 50.11872336272725 0.0 13.0 13.0 10
11.220184543019636 63.09573444801933 0.0 13.0 13.0 10
11.220184543019636 79.43282347242817 0.0 13.0 13.0 10
11.220184543019636 100.0 0.0 13.0 13.0 10
11.220184543019636 125.89254117941675 0.0 13.0 13.0 10
11.220184543019636 158.48931924611142 0.0 13.0 13.0 10
11.220184543019636 199.52623149688807 0.0 13.0 13.0 10
11.220184543019636 251.18864315095823 0.0 13.0 13.0 10
11.220184543019636 316.22776601683796 0.0 13.0 13.0 10
11.220184543019636 398.1071705534973 0.0 13.0 13.0 10
11.220184543019636 501.18723362727246 0.0 13.0 13.0 10
11.220184543019636 630.9573444801937 1112.0 13.0 14.0 2
11.220184543019636 794.3282347242822 1228.0 13.0 14.0 2
11.220184543019636 1000.0 1371.0 13.0 14.0 2
11.220184543019636 1258.9254117941675 4866.0 14.0 14.0 1
11.220184543019636 1584.893192461114 3108.0 13.0 14.0 2
11.220184543019636 1995.262314968881 0.0 13.0 14.0 9
11.220184543019636 2511.886431509582 0.0 13.0 14.0 9
11.220184543019636 3162.2776601683795 0.0 13.0 14.0 9
11.220184543019636 3981.0717055349733 0.0 13.0 14.0 9
11.220184543019636 5011.872336272725 0.0 13.0 14.0 9
11.220184543019636 6309.573444801937 0.0 13.0 14.0 9
11.220184543019636 7943.282347242822 0.0 13.0 14.0 9
11.220184543019636 10000.0 0.0 13.0 14.0 9
11.481536214968829 1.0 0.0 14.0 15.0 13
11.481536214968829 1.2589254117941673 0.0 14.0 15.0 13
11.481536214968829 1.5848931924611136 0.0 14.0 15.0 13
11.481536214968829 1.9952623149688797 25.74 14.0 11.0 4
11.481536214968829 2.51188643150958 0.0 13.0 11.0 11
11.481536214968829 3.1622776601683795 0.0 13.0 12.0 11
11.481536214968829 3.981071705534973 0.0 13.0 15.0 13
11.481536214968829 5.011872336272724 0.0 13.0 13.0 10
11.481536214968829 6.309573444801933 0.0 13.0 15.0 13
11.481536214968829 7.943282347242816 0.0 13.0 15.0 13
11.481536214968829 10.0 0.0 13.0 15.0 13
11.481536214968829 12.589254117941675 0.0 13.0 15.0 13
11.481536214968829 15.848931924611142 0.0 13.0 15.0 13
11.481536214968829 19.952623149688797 0.0 13.0 13.0 10
11.481536214968829 25.11886431509581 0.0 13.0 13.0 10
11.481536214968829 31.622776601683793 0.0 13.0 13.0 10
11.481536214968829 39.810717055349734 0.0 13.0 13.0 10
11.481536214968829 50.11872336272725 0.0 13.0 13.0 10
11.481536214968829 63.09573444801933 0.0 13.0 13.0 10
11.481536214968829 79.43282347242817 0.0 13.0 13.0 10
11.481536214968829 100.0 0.0 13.0 13.0 10
11.481536214968829 125.89254117941675 0.0 13.0 13.0 10
11.481536214968829 158.48931924611142 0.0 13.0 13.0 10
11.481536214968829 199.52623149688807 0.0 13.0 13.0 10
11.481536214968829 251.18864315095823 0.0 13.0 13.0 10
11.481536214968829 316.22776601683796 0.0 13.0 13.0 10
11.481536214968829 398.1071705534973 0.0 13.0 13.0 10
11.481536214968829 501.18723362727246 0.0 13.0 13.0 10
11.481536214968829 630.9573444801937 0.0 13.0 13.0 10
11.481536214968829 794.3282347242822 2470.0 13.0 14.0 2
11.481536214968829 1000.0 1834.0 14.0 14.0 1
11.481536214968829 1258.9254117941675 3688.0 14.0 14.0 1
11.481536214968829 1584.893192461114 15480.0 13.0 14.0 2
11.481536214968829 1995.262314968881 464100.0 13.0 14.0 2
11.481536214968829 2511.886431509582 0.0 13.0 14.0 9
11.481536214968829 3162.2776601683795 0.0 13.0 14.0 9
11.481536214968829 3981.0717055349733 0.0 13.0 14.0 9
11.481536214968829 5011.872336272725 0.0 13.0 14.0 9
11.481536214968829 6309.573444801937 0.0 13.0 14.0 9
11.481536214968829 7943.282347242822 0.0 13.0 14.0 9
11.481536214968829 10000.0 0.0 13.0 14.0 9
11.748975549395297 1.0 0.0 14.0 15.0 13
11.748975549395297 1.2589254117941673 0.0 14.0 15.0 13
11.748975549395297 1.5848931924611136 0.0 14.0 15.0 13
11.748975549395297 1.9952623149688797 25.16 14.0 11.0 4
11.748975549395297 2.51188643150958 0.0 14.0 11.0 11
11.748975549395297 3.1622776601683795 0.0 14.0 12.0 11
11.748975549395297 3.981071705534973 0.0 13.0 13.0 10
11.748975549395297 5.011872336272724 0.0 13.0 13.0 10
11.748975549395297 6.309573444801933 0.0 13.0 15.0 13
11.748975549395297 7.943282347242816 0.0 13.0 15.0 13
11.748975549395297 10.0 0.0 13.0 15.0 13
11.748975549395297 12.589254117941675 0.0 13.0 15.0 13
11.748975549395297 15.848931924611142 0.0 13.0 15.0 13
11.748975549395297 19.952623149688797 0.0 13.0 13.0 10
11.748975549395297 25.11886431509581 0.0 13.0 13.0 10
11.748975549395297 31.622776601683793 0.0 13.0 13.0 10
11.748975549395297 39.810717055349734 0.0 13.0 13.0 10
11.748975549395297 50.11872336272725 0.0 13.0 13.0 10
11.748975549395297 63.09573444801933 0.0 13.0 13.0 10
11.748975549395297 79.43282347242817 0.0 13.0 13.0 10
11.748975549395297 100.0 0.0 13.0 13.0 10
11.748975549395297 125.89254117941675 0.0 13.0 13.0 10
11.748975549395297 158.48931924611142 0.0 13.0 13.0 10
11.748975549395297 199.52623149688807 0.0 13.0 13.0 10
11.748975549395297 251.18864315095823 0.0 13.0 13.0 10
11.748975549395297 316.22776601683796 0.0 13.0 13.0 10
11.748975549395297 398.1071705534973 0.0 13.0 13.0 10
11.748975549395297 501.18723362727246 0.0 13.0 13.0 10
11.748975549395297 630.9573444801937 0.0 13.0 13.0 10
11.748975549395297 794.3282347242822 0.0 13.0 13.0 10
11.748975549395297 1000.0 1687.0 14.0 14.0 1
11.748975549395297 1258.9254117941675 3161.0 14.0 14.0 1
11.748975549395297 1584.893192461114 12580.0 13.0 14.0 2
11.748975549395297 1995.262314968881 34170.0 13.0 14.0 2
11.748975549395297 2511.886431509582 21610.0 13.0 14.0 2
11.748975549395297 3162.2776601683795 559900.0 13.0 14.0 2
11.748975549395297 3981.0717055349733 1291000.0 13.0 14.0 2
11.748975549395297 5011.872336272725 2098000.0 13.0 14.0 2
11.748975549395297 6309.573444801937 3155000.0 13.0 14.0 2
11.748975549395297 7943.282347242822 4343000.0 13.0 14.0 2
11.748975549395297 10000.0 4420000.0 13.0 14.0 2
12.02264434617413 1.0 0.0 14.0 15.0 13
12.02264434617413 1.2589254117941673 0.0 14.0 15.0 13
12.02264434617413 1.5848931924611136 0.0 14.0 15.0 13
12.02264434617413 1.9952623149688797 9.16 14.0 12.0 4
12.02264434617413 2.51188643150958 167.3 14.0 11.0 4
12.02264434617413 3.1622776601683795 566.7 14.0 12.0 4
12.02264434617413 3.981071705534973 0.0 14.0 13.0 9
12.02264434617413 5.011872336272724 0.0 13.0 13.0 10
12.02264434617413 6.309573444801933 0.0 13.0 15.0 13
12.02264434617413 7.943282347242816 0.0 13.0 15.0 13
12.02264434617413 10.0 0.0 13.0 15.0 13
12.02264434617413 12.589254117941675 0.0 13.0 15.0 13
12.02264434617413 15.848931924611142 0.0 13.0 15.0 13
12.02264434617413 19.952623149688797 0.0 13.0 13.0 10
12.02264434617413 25.11886431509581 0.0 13.0 13.0 10
12.02264434617413 31.622776601683793 0.0 13.0 13.0 10
12.02264434617413 39.810717055349734 0.0 13.0 13.0 10
12.02264434617413 50.11872336272725 0.0 13.0 13.0 10
12.02264434617413 63.09573444801933 0.0 13.0 13.0 10
12.02264434617413 79.43282347242817 0.0 13.0 13.0 10
12.02264434617413 100.0 0.0 13.0 13.0 10
12.02264434617413 125.89254117941675 0.0 13.0 13.0 10
12.02264434617413 158.48931924611142 0.0 13.0 13.0 10
12.02264434617413 199.52623149688807 0.0 13.0 13.0 10
12.02264434617413 251.18864315095823 0.0 13.0 13.0 10
12.02264434617413 316.22776601683796 0.0 13.0 13.0 10
12.02264434617413 398.1071705534973 0.0 13.0 13.0 10
12.02264434617413 501.18723362727246 0.0 13.0 13.0 10
12.02264434617413 630.9573444801937 0.0 13.0 13.0 10
12.02264434617413 794.3282347242822 0.0 13.0 13.0 10
12.02264434617413 1000.0 2096.0 14.0 14.0 1
12.02264434617413 1258.9254117941675 2569.0 14.0 14.0 1
12.02264434617413 1584.893192461114 12850.0 13.0 14.0 2
12.02264434617413 1995.262314968881 0.0 13.0 13.0 10
12.02264434617413 2511.886431509582 21920.0 13.0 14.0 2
12.02264434617413 3162.2776601683795 44880.0 13.0 14.0 2
12.02264434617413 3981.0717055349733 61880.0 13.0 14.0 2
12.02264434617413 5011.872336272725 77970.0 13.0 14.0 2
12.02264434617413 6309.573444801937 97270.0 13.0 14.0 2
12.02264434617413 7943.282347242822 118400.0 13.0 14.0 2
12.02264434617413 10000.0 141800.0 13.0 14.0 2
12.302687708123818 1.0 0.0 14.0 15.0 13
12.302687708123818 1.2589254117941673 0.0 14.0 15.0 13
12.302687708123818 1.5848931924611136 0.0 14.0 15.0 13
12.302687708123818 1.9952623149688797 28.32 14.0 11.0 4
12.302687708123818 2.51188643150958 88.9 14.0 11.0 4
12.302687708123818 3.1622776601683795 171.3 14.0 12.0 4
12.302687708123818 3.981071705534973 134.9 14.0 13.0 2
12.302687708123818 5.011872336272724 0.0 13.0 13.0 10
12.302687708123818 6.309573444801933 0.0 13.0 15.0 13
12.302687708123818 7.943282347242816 0.0 13.0 15.0 13
12.302687708123818 10.0 0.0 13.0 15.0 13
12.302687708123818 12.589254117941675 0.0 13.0 15.0 13
12.302687708123818 15.848931924611142 0.0 13.0 15.0 13
12.302687708123818 19.952623149688797 0.0 13.0 13.0 10
12.302687708123818 25.11886431509581 0.0 13.0 13.0 10
12.302687708123818 31.622776601683793 0.0 13.0 13.0 10
12.302687708123818 39.810717055349734 0.0 13.0 13.0 10
12.302687708123818 50.11872336272725 0.0 13.0 13.0 10
12.302687708123818 63.09573444801933 0.0 13.0 13.0 10
12.302687708123818 79.43282347242817 0.0 13.0 13.0 10
12.302687708123818 100.0 0.0 13.0 13.0 10
12.302687708123818 125.89254117941675 0.0 13.0 13.0 10
12.302687708123818 158.48931924611142 0.0 13.0 13.0 10
12.302687708123818 199.52623149688807 0.0 13.0 13.0 10
12.302687708123818 251.18864315095823 0.0 13.0 13.0 10
12.302687708123818 316.22776601683796 0.0 13.0 13.0 10
12.302687708123818 398.1071705534973 0.0 13.0 13.0 10
12.302687708123818 501.18723362727246 0.0 13.0 13.0 10
12.302687708123818 630.9573444801937 0.0 13.0 13.0 10
12.302687708123818 794.3282347242822 0.0 13.0 13.0 10
12.302687708123818 1000.0 4611.0 14.0 13.0 2
12.302687708123818 1258.9254117941675 2387.0 14.0 14.0 1
12.302687708123818 1584.893192461114 4690.0 13.0 14.0 2
12.302687708123818 1995.262314968881 12500.0 13.0 14.0 2
12.302687708123818 2511.886431509582 15800.0 13.0 14.0 2
12.302687708123818 3162.2776601683795 23770.0 13.0 14.0 2
12.302687708123818 3981.0717055349733 31870.0 13.0 14.0 2
12.302687708123818 5011.872336272725 39770.0 13.0 14.0 2
12.302687708123818 6309.573444801937 49450.0 13.0 14.0 2
12.302687708123818 7943.282347242822 59680.0 13.0 14.0 2
12.302687708123818 10000.0 71850.0 13.0 14.0 2
12.589254117941675 1.0 0.0 14.0 15.0 13
12.589254117941675 1.2589254117941673 0.0 14.0 15.0 13
12.589254117941675 1.5848931924611136 0.0 14.0 15.0 13
12.589254117941675 1.9952623149688797 28.63 14.0 11.0 4
12.589254117941675 2.51188643150958 80.06 14.0 12.0 4
12.589254117941675 3.1622776601683795 0.0 13.0 15.0 13
12.589254117941675 3.981071705534973 48.7 14.0 13.0 2
12.589254117941675 5.011872336272724 0.0 14.0 13.0 9
12.589254117941675 6.309573444801933 0.0 13.0 15.0 13
12.589254117941675 7.943282347242816 0.0 13.0 15.0 13
12.589254117941675 10.0 0.0 13.0 15.0 13
12.589254117941675 12.589254117941675 0.0 13.0 15.0 13
12.589254117941675 15.848931924611142 0.0 13.0 15.0 13
12.589254117941675 19.952623149688797 0.0 13.0 13.0 10
12.589254117941675 25.11886431509581 0.0 13.0 13.0 10
12.589254117941675 31.622776601683793 0.0 13.0 13.0 10
12.589254117941675 39.810717055349734 0.0 13.0 13.0 10
12.589254117941675 50.11872336272725 0.0 13.0 13.0 10
12.589254117941675 63.09573444801933 0.0 13.0 13.0 10
12.589254117941675 79.43282347242817 0.0 13.0 13.0 10
12.589254117941675 100.0 0.0 13.0 13.0 10
12.589254117941675 125.89254117941675 0.0 13.0 13.0 10
12.589254117941675 158.48931924611142 0.0 13.0 13.0 10
12.589254117941675 199.52623149688807 0.0 13.0 13.0 10
12.589254117941675 251.18864315095823 0.0 13.0 13.0 10
12.589254117941675 316.22776601683796 0.0 13.0 13.0 10
12.589254117941675 398.1071705534973 0.0 13.0 13.0 10
12.589254117941675 501.18723362727246 0.0 13.0 13.0 10
12.589254117941675 630.9573444801937 0.0 13.0 13.0 10
12.589254117941675 794.3282347242822 0.0 13.0 13.0 10
12.589254117941675 1000.0 4508.0 14.0 13.0 2
12.589254117941675 1258.9254117941675 5791.0 14.0 13.0 2
12.589254117941675 1584.893192461114 5420.0 13.0 14.0 2
12.589254117941675 1995.262314968881 0.0 13.0 13.0 10
12.589254117941675 2511.886431509582 11610.0 13.0 14.0 2
12.589254117941675 3162.2776601683795 15760.0 13.0 14.0 2
12.589254117941675 3981.0717055349733 21400.0 13.0 14.0 2
12.589254117941675 5011.872336272725 27290.0 13.0 14.0 2
12.589254117941675 6309.573444801937 33550.0 13.0 14.0 2
12.589254117941675 7943.282347242822 40550.0 13.0 14.0 2
12.589254117941675 10000.0 48780.0 13.0 14.0 2
12.882495516931343 1.0 0.0 14.0 15.0 13
12.882495516931343 1.2589254117941673 0.0 14.0 15.0 13
12.882495516931343 1.5848931924611136 0.0 14.0 15.0 13
12.882495516931343 1.9952623149688797 28.92 14.0 11.0 4
12.882495516931343 2.51188643150958 71.96 14.0 12.0 4
12.882495516931343 3.1622776601683795 23.62 14.0 13.0 2
12.882495516931343 3.981071705534973 32.15 14.0 13.0 2
12.882495516931343 5.011872336272724 57.41 14.0 13.0 2
12.882495516931343 6.309573444801933 0.0 13.0 15.0 13
12.882495516931343 7.943282347242816 0.0 13.0 15.0 13
12.882495516931343 10.0 0.0 13.0 15.0 13
12.882495516931343 12.589254117941675 0.0 13.0 15.0 13
12.882495516931343 15.848931924611142 0.0 13.0 15.0 13
12.882495516931343 19.952623149688797 0.0 13.0 13.0 10
12.882495516931343 25.11886431509581 0.0 13.0 13.0 10
12.882495516931343 31.622776601683793 0.0 13.0 13.0 10
12.882495516931343 39.810717055349734 0.0 13.0 13.0 10
12.882495516931343 50.11872336272725 0.0 13.0 13.0 10
12.882495516931343 63.09573444801933 0.0 13.0 13.0 10
12.882495516931343 79.43282347242817 0.0 13.0 13.0 10
12.882495516931343 100.0 0.0 13.0 13.0 10
12.882495516931343 125.89254117941675 0.0 13.0 13.0 10
12.882495516931343 158.48931924611142 0.0 13.0 13.0 10
12.882495516931343 199.52623149688807 0.0 13.0 13.0 10
12.882495516931343 251.18864315095823 0.0 13.0 13.0 10
12.882495516931343 316.22776601683796 0.0 13.0 13.0 10
12.882495516931343 398.1071705534973 0.0 13.0 13.0 10
12.882495516931343 501.18723362727246 0.0 13.0 13.0 10
12.882495516931343 630.9573444801937 0.0 13.0 13.0 10
12.882495516931343 794.3282347242822 0.0 13.0 13.0 10
12.882495516931343 1000.0 3701.0 14.0 13.0 2
12.882495516931343 1258.9254117941675 5587.0 14.0 13.0 2
12.882495516931343 1584.893192461114 5299.0 13.0 14.0 2
12.882495516931343 1995.262314968881 25040.0 13.0 14.0 2
12.882495516931343 2511.886431509582 11980.0 13.0 14.0 2
12.882495516931343 3162.2776601683795 15100.0 13.0 14.0 2
12.882495516931343 3981.0717055349733 20490.0 13.0 14.0 2
12.882495516931343 5011.872336272725 26050.0 13.0 14.0 2
12.882495516931343 6309.573444801937 32210.0 13.0 14.0 2
12.882495516931343 7943.282347242822 39050.0 13.0 14.0 2
12.882495516931343 10000.0 46840.0 13.0 14.0 2
13.182567385564074 1.0 0.0 14.0 15.0 13
13.182567385564074 1.2589254117941673 0.0 14.0 15.0 13
13.182567385564074 1.5848931924611136 0.0 14.0 15.0 13
13.182567385564074 1.9952623149688797 30.45 14.0 11.0 4
13.182567385564074 2.51188643150958 57.77 14.0 12.0 4
13.182567385564074 3.1622776601683795 19.27 14.0 13.0 2
13.182567385564074 3.981071705534973 24.9 14.0 13.0 2
13.182567385564074 5.011872336272724 32.01 14.0 13.0 2
13.182567385564074 6.309573444801933 0.0 13.0 15.0 13
13.182567385564074 7.943282347242816 0.0 13.0 15.0 13
13.182567385564074 10.0 0.0 13.0 15.0 13
13.182567385564074 12.589254117941675 0.0 13.0 15.0 13
13.182567385564074 15.848931924611142 0.0 13.0 13.0 10
13.182567385564074 19.952623149688797 0.0 13.0 13.0 10
13.182567385564074 25.11886431509581 0.0 13.0 13.0 10
13.182567385564074 31.622776601683793 0.0 13.0 13.0 10
13.182567385564074 39.810717055349734 0.0 13.0 13.0 10
13.182567385564074 50.11872336272725 0.0 13.0 13.0 10
13.182567385564074 63.09573444801933 0.0 13.0 13.0 10
13.182567385564074 79.43282347242817 0.0 13.0 13.0 10
13.182567385564074 100.0 0.0 13.0 13.0 10
13.182567385564074 125.89254117941675 0.0 13.0 13.0 10
13.182567385564074 158.48931924611142 0.0 13.0 13.0 10
13.182567385564074 199.52623149688807 0.0 13.0 13.0 10
13.182567385564074 251.18864315095823 0.0 13.0 13.0 10
13.182567385564074 316.22776601683796 0.0 13.0 13.0 10
13.182567385564074 398.1071705534973 0.0 13.0 13.0 10
13.182567385564074 501.18723362727246 0.0 13.0 13.0 10
13.182567385564074 630.9573444801937 0.0 13.0 13.0 10
13.182567385564074 794.3282347242822 0.0 13.0 13.0 10
13.182567385564074 1000.0 3871.0 14.0 13.0 2
13.182567385564074 1258.9254117941675 5456.0 14.0 13.0 2
13.182567385564074 1584.893192461114 4623.0 13.0 14.0 2
13.182567385564074 1995.262314968881 0.0 13.0 13.0 10
13.182567385564074 2511.886431509582 10090.0 13.0 14.0 2
13.182567385564074 3162.2776601683795 14260.0 13.0 14.0 2
13.182567385564074 3981.0717055349733 19270.0 13.0 14.0 2
13.182567385564074 5011.872336272725 24630.0 13.0 14.0 2
13.182567385564074 6309.573444801937 30560.0 13.0 14.0 2
13.182567385564074 7943.282347242822 37260.0 13.0 14.0 2
13.182567385564074 10000.0 44990.0 13.0 14.0 2
13.48962882591654 1.0 0.0 14.0 15.0 13
13.48962882591654 1.2589254117941673 0.0 14.0 15.0 13
13.48962882591654 1.5848931924611136 0.0 14.0 15.0 13
13.48962882591654 1.9952623149688797 31.76 14.0 11.0 4
13.48962882591654 2.51188643150958 0.0 13.0 15.0 13
13.48962882591654 3.1622776601683795 16.39 14.0 13.0 2
13.48962882591654 3.981071705534973 20.56 14.0 13.0 2
13.48962882591654 5.011872336272724 24.25 14.0 13.0 2
13.48962882591654 6.309573444801933 0.0 13.0 15.0 13
13.48962882591654 7.943282347242816 0.0 13.0 15.0 13
13.48962882591654 10.0 0.0 13.0 15.0 13
13.48962882591654 12.589254117941675 0.0 13.0 15.0 13
13.48962882591654 15.848931924611142 0.0 13.0 13.0 10
13.48962882591654 19.952623149688797 0.0 13.0 13.0 10
13.48962882591654 25.11886431509581 0.0 13.0 13.0 10
13.48962882591654 31.622776601683793 0.0 13.0 13.0 10
13.48962882591654 39.810717055349734 0.0 13.0 13.0 10
13.48962882591654 50.11872336272725 0.0 13.0 13.0 10
13.48962882591654 63.09573444801933 0.0 13.0 13.0 10
13.48962882591654 79.43282347242817 0.0 13.0 13.0 10
13.48962882591654 100.0 0.0 13.0 13.0 10
13.48962882591654 125.89254117941675 0.0 13.0 13.0 10
13.48962882591654 158.48931924611142 0.0 13.0 13.0 10
13.48962882591654 199.52623149688807 0.0 13.0 13.0 10
13.48962882591654 251.18864315095823 0.0 13.0 13.0 10
13.48962882591654 316.22776601683796 0.0 13.0 13.0 10
13.48962882591654 398.1071705534973 0.0 13.0 13.0 10
13.48962882591654 501.18723362727246 0.0 13.0 13.0 10
13.48962882591654 630.9573444801937 0.0 13.0 13.0 10
13.48962882591654 794.3282347242822 0.0 13.0 13.0 10
13.48962882591654 1000.0 3945.0 14.0 13.0 2
13.48962882591654 1258.9254117941675 5430.0 14.0 13.0 2
13.48962882591654 1584.893192461114 31620.0 14.0 13.0 2
13.48962882591654 1995.262314968881 nan 100.0 100.0 7
13.48962882591654 2511.886431509582 9801.0 13.0 14.0 2
13.48962882591654 3162.2776601683795 13440.0 13.0 14.0 2
13.48962882591654 3981.0717055349733 18230.0 13.0 14.0 2
13.48962882591654 5011.872336272725 23350.0 13.0 14.0 2
13.48962882591654 6309.573444801937 29150.0 13.0 14.0 2
13.48962882591654 7943.282347242822 35250.0 13.0 14.0 2
13.48962882591654 10000.0 43140.0 13.0 14.0 2
13.803842646028853 1.0 0.0 14.0 15.0 13
13.803842646028853 1.2589254117941673 0.0 14.0 15.0 13
13.803842646028853 1.5848931924611136 0.0 14.0 15.0 13
13.803842646028853 1.9952623149688797 32.52 14.0 11.0 4
13.803842646028853 2.51188643150958 0.0 13.0 15.0 13
13.803842646028853 3.1622776601683795 14.48 14.0 13.0 2
13.803842646028853 3.981071705534973 17.42 14.0 13.0 2
13.803842646028853 5.011872336272724 20.42 14.0 13.0 2
13.803842646028853 6.309573444801933 0.0 13.0 15.0 13
13.803842646028853 7.943282347242816 0.0 13.0 15.0 13
13.803842646028853 10.0 0.0 13.0 15.0 13
13.803842646028853 12.589254117941675 0.0 13.0 15.0 13
13.803842646028853 15.848931924611142 0.0 13.0 13.0 10
13.803842646028853 19.952623149688797 0.0 13.0 13.0 10
13.803842646028853 25.11886431509581 0.0 13.0 13.0 10
13.803842646028853 31.622776601683793 0.0 13.0 13.0 10
13.803842646028853 39.810717055349734 0.0 13.0 13.0 10
13.803842646028853 50.11872336272725 0.0 13.0 13.0 10
13.803842646028853 63.09573444801933 0.0 13.0 13.0 10
13.803842646028853 79.43282347242817 0.0 13.0 13.0 10
13.803842646028853 100.0 0.0 13.0 13.0 10
13.803842646028853 125.89254117941675 0.0 13.0 13.0 10
13.803842646028853 158.48931924611142 0.0 13.0 13.0 10
13.803842646028853 199.52623149688807 0.0 13.0 13.0 10
13.803842646028853 251.18864315095823 0.0 13.0 13.0 10
13.803842646028853 316.22776601683796 0.0 13.0 13.0 10
13.803842646028853 398.1071705534973 0.0 13.0 13.0 10
13.803842646028853 501.18723362727246 0.0 13.0 13.0 10
13.803842646028853 630.9573444801937 0.0 13.0 13.0 10
13.803842646028853 794.3282347242822 0.0 13.0 13.0 10
13.803842646028853 1000.0 4000.0 14.0 13.0 2
13.803842646028853 1258.9254117941675 5712.0 14.0 13.0 2
13.803842646028853 1584.893192461114 4927.0 13.0 14.0 2
13.803842646028853 1995.262314968881 5923.0 13.0 14.0 2
13.803842646028853 2511.886431509582 7785.0 13.0 14.0 2
13.803842646028853 3162.2776601683795 12460.0 13.0 14.0 2
13.803842646028853 3981.0717055349733 17720.0 13.0 14.0 2
13.803842646028853 5011.872336272725 23010.0 13.0 14.0 2
13.803842646028853 6309.573444801937 27970.0 13.0 14.0 2
13.803842646028853 7943.282347242822 34810.0 13.0 14.0 2
13.803842646028853 10000.0 42130.0 13.0 14.0 2
14.125375446227547 1.0 0.0 14.0 15.0 13
14.125375446227547 1.2589254117941673 0.0 14.0 15.0 13
14.125375446227547 1.5848931924611136 0.0 14.0 15.0 13
14.125375446227547 1.9952623149688797 32.86 14.0 11.0 4
14.125375446227547 2.51188643150958 11.68 14.0 13.0 2
14.125375446227547 3.1622776601683795 13.56 14.0 13.0 2
14.125375446227547 3.981071705534973 15.38 14.0 13.0 2
14.125375446227547 5.011872336272724 17.31 14.0 13.0 2
14.125375446227547 6.309573444801933 0.0 13.0 15.0 13
14.125375446227547 7.943282347242816 0.0 13.0 15.0 13
14.125375446227547 10.0 0.0 13.0 15.0 13
14.125375446227547 12.589254117941675 0.0 13.0 15.0 13
14.125375446227547 15.848931924611142 0.0 13.0 13.0 10
14.125375446227547 19.952623149688797 0.0 13.0 13.0 10
14.125375446227547 25.11886431509581 0.0 13.0 13.0 10
14.125375446227547 31.622776601683793 0.0 13.0 13.0 10
14.125375446227547 39.810717055349734 0.0 13.0 13.0 10
14.125375446227547 50.11872336272725 0.0 13.0 13.0 10
14.125375446227547 63.09573444801933 0.0 13.0 13.0 10
14.125375446227547 79.43282347242817 0.0 13.0 13.0 10
14.125375446227547 100.0 0.0 13.0 13.0 10
14.125375446227547 125.89254117941675 0.0 13.0 13.0 10
14.125375446227547 158.48931924611142 0.0 13.0 13.0 10
14.125375446227547 199.52623149688807 0.0 13.0 13.0 10
14.125375446227547 251.18864315095823 0.0 13.0 13.0 10
14.125375446227547 316.22776601683796 0.0 13.0 13.0 10
14.125375446227547 398.1071705534973 0.0 13.0 13.0 10
14.125375446227547 501.18723362727246 0.0 13.0 13.0 10
14.125375446227547 630.9573444801937 0.0 13.0 13.0 10
14.125375446227547 794.3282347242822 0.0 13.0 13.0 10
14.125375446227547 1000.0 3978.0 14.0 13.0 2
14.125375446227547 1258.9254117941675 6154.0 14.0 13.0 2
14.125375446227547 1584.893192461114 3797.0 14.0 14.0 1
14.125375446227547 1995.262314968881 0.0 13.0 13.0 10
14.125375446227547 2511.886431509582 7763.0 13.0 14.0 2
14.125375446227547 3162.2776601683795 10610.0 13.0 14.0 2
14.125375446227547 3981.0717055349733 17430.0 13.0 14.0 2
14.125375446227547 5011.872336272725 21730.0 13.0 14.0 2
14.125375446227547 6309.573444801937 27920.0 13.0 14.0 2
14.125375446227547 7943.282347242822 34380.0 13.0 14.0 2
14.125375446227547 10000.0 41480.0 13.0 14.0 2
14.45439770745928 1.0 0.0 14.0 15.0 13
14.45439770745928 1.2589254117941673 0.0 14.0 15.0 13
14.45439770745928 1.5848931924611136 0.0 14.0 15.0 13
14.45439770745928 1.9952623149688797 31.88 14.0 11.0 4
14.45439770745928 2.51188643150958 10.86 14.0 13.0 2
14.45439770745928 3.1622776601683795 12.1 14.0 13.0 2
14.45439770745928 3.981071705534973 13.65 14.0 13.0 2
14.45439770745928 5.011872336272724 14.4 14.0 13.0 2
14.45439770745928 6.309573444801933 0.0 13.0 15.0 13
14.45439770745928 7.943282347242816 0.0 13.0 15.0 13
14.45439770745928 10.0 0.0 13.0 15.0 13
14.45439770745928 12.589254117941675 0.0 13.0 15.0 13
14.45439770745928 15.848931924611142 0.0 13.0 13.0 10
14.45439770745928 19.952623149688797 0.0 13.0 13.0 10
14.45439770745928 25.11886431509581 0.0 13.0 13.0 10
14.45439770745928 31.622776601683793 0.0 13.0 13.0 10
14.45439770745928 39.810717055349734 0.0 13.0 13.0 10
14.45439770745928 50.11872336272725 0.0 13.0 13.0 10
14.45439770745928 63.09573444801933 0.0 13.0 13.0 10
14.45439770745928 79.43282347242817 0.0 13.0 13.0 10
14.45439770745928 100.0 0.0 13.0 13.0 10
14.45439770745928 125.89254117941675 0.0 13.0 13.0 10
14.45439770745928 158.48931924611142 0.0 13.0 13.0 10
14.45439770745928 199.52623149688807 0.0 13.0 13.0 10
14.45439770745928 251.18864315095823 0.0 13.0 13.0 10
14.45439770745928 316.22776601683796 0.0 13.0 13.0 10
14.45439770745928 398.1071705534973 0.0 13.0 13.0 10
14.45439770745928 501.18723362727246 0.0 13.0 13.0 10
14.45439770745928 630.9573444801937 0.0 13.0 13.0 10
14.45439770745928 794.3282347242822 0.0 13.0 13.0 10
14.45439770745928 1000.0 3922.0 14.0 13.0 2
14.45439770745928 1258.9254117941675 6036.0 14.0 13.0 2
14.45439770745928 1584.893192461114 4376.0 13.0 14.0 2
14.45439770745928 1995.262314968881 5941.0 13.0 14.0 2
14.45439770745928 2511.886431509582 9964.0 13.0 14.0 2
14.45439770745928 3162.2776601683795 10550.0 13.0 14.0 2
14.45439770745928 3981.0717055349733 14130.0 13.0 14.0 2
14.45439770745928 5011.872336272725 21300.0 13.0 14.0 2
14.45439770745928 6309.573444801937 27210.0 13.0 14.0 2
14.45439770745928 7943.282347242822 34410.0 13.0 14.0 2
14.45439770745928 10000.0 40670.0 13.0 14.0 2
14.791083881682079 1.0 0.0 14.0 15.0 13
14.791083881682079 1.2589254117941673 0.0 14.0 15.0 13
14.791083881682079 1.5848931924611136 0.0 14.0 15.0 13
14.791083881682079 1.9952623149688797 34.93 14.0 11.0 4
14.791083881682079 2.51188643150958 10.29 14.0 13.0 2
14.791083881682079 3.1622776601683795 11.44 14.0 13.0 2
14.791083881682079 3.981071705534973 13.13 14.0 13.0 2
14.791083881682079 5.011872336272724 13.57 14.0 13.0 2
14.791083881682079 6.309573444801933 0.0 13.0 15.0 13
14.791083881682079 7.943282347242816 0.0 13.0 15.0 13
14.791083881682079 10.0 0.0 13.0 15.0 13
14.791083881682079 12.589254117941675 0.0 13.0 15.0 13
14.791083881682079 15.848931924611142 0.0 13.0 13.0 10
14.791083881682079 19.952623149688797 0.0 13.0 13.0 10
14.791083881682079 25.11886431509581 0.0 13.0 13.0 10
14.791083881682079 31.622776601683793 0.0 13.0 13.0 10
14.791083881682079 39.810717055349734 0.0 13.0 13.0 10
14.791083881682079 50.11872336272725 0.0 13.0 13.0 10
14.791083881682079 63.09573444801933 0.0 13.0 13.0 10
14.791083881682079 79.43282347242817 0.0 13.0 13.0 10
14.791083881682079 100.0 0.0 13.0 13.0 10
14.791083881682079 125.89254117941675 0.0 13.0 13.0 10
14.791083881682079 158.48931924611142 0.0 13.0 13.0 10
14.791083881682079 199.52623149688807 0.0 13.0 13.0 10
14.791083881682079 251.18864315095823 0.0 13.0 13.0 10
14.791083881682079 316.22776601683796 0.0 13.0 13.0 10
14.791083881682079 398.1071705534973 0.0 13.0 13.0 10
14.791083881682079 501.18723362727246 0.0 13.0 13.0 10
14.791083881682079 630.9573444801937 0.0 13.0 13.0 10
14.791083881682079 794.3282347242822 0.0 13.0 13.0 10
14.791083881682079 1000.0 3771.0 14.0 14.0 1
14.791083881682079 1258.9254117941675 5710.0 14.0 14.0 1
14.791083881682079 1584.893192461114 32210.0 14.0 14.0 1
14.791083881682079 1995.262314968881 4788.0 14.0 14.0 1
14.791083881682079 2511.886431509582 6693.0 13.0 14.0 2
14.791083881682079 3162.2776601683795 12380.0 13.0 14.0 2
14.791083881682079 3981.0717055349733 18000.0 13.0 14.0 2
14.791083881682079 5011.872336272725 23170.0 13.0 14.0 2
14.791083881682079 6309.573444801937 28620.0 13.0 14.0 2
14.791083881682079 7943.282347242822 46670.0 13.0 14.0 2
14.791083881682079 10000.0 56780.0 13.0 14.0 2
15.135612484362087 1.0 0.0 14.0 15.0 13
15.135612484362087 1.2589254117941673 0.0 14.0 15.0 13
15.135612484362087 1.5848931924611136 0.0 14.0 15.0 13
15.135612484362087 1.9952623149688797 39.37 14.0 11.0 4
15.135612484362087 2.51188643150958 4.541 14.0 13.0 2
15.135612484362087 3.1622776601683795 10.87 14.0 13.0 2
15.135612484362087 3.981071705534973 12.59 14.0 13.0 2
15.135612484362087 5.011872336272724 12.74 14.0 13.0 2
15.135612484362087 6.309573444801933 0.0 13.0 15.0 13
15.135612484362087 7.943282347242816 0.0 13.0 15.0 13
15.135612484362087 10.0 0.0 13.0 15.0 13
15.135612484362087 12.589254117941675 0.0 13.0 15.0 13
15.135612484362087 15.848931924611142 0.0 13.0 13.0 10
15.135612484362087 19.952623149688797 0.0 13.0 13.0 10
15.135612484362087 25.11886431509581 0.0 13.0 13.0 10
15.135612484362087 31.622776601683793 0.0 13.0 13.0 10
15.135612484362087 39.810717055349734 0.0 13.0 13.0 10
15.135612484362087 50.11872336272725 0.0 13.0 13.0 10
15.135612484362087 63.09573444801933 0.0 13.0 13.0 10
15.135612484362087 79.43282347242817 0.0 13.0 13.0 10
15.135612484362087 100.0 0.0 13.0 13.0 10
15.135612484362087 125.89254117941675 0.0 13.0 13.0 10
15.135612484362087 158.48931924611142 0.0 13.0 13.0 10
15.135612484362087 199.52623149688807 0.0 13.0 13.0 10
15.135612484362087 251.18864315095823 0.0 13.0 13.0 10
15.135612484362087 316.22776601683796 0.0 13.0 13.0 10
15.135612484362087 398.1071705534973 0.0 13.0 13.0 10
15.135612484362087 501.18723362727246 0.0 13.0 13.0 10
15.135612484362087 630.9573444801937 0.0 13.0 14.0 9
15.135612484362087 794.3282347242822 0.0 13.0 14.0 9
15.135612484362087 1000.0 3821.0 14.0 14.0 1
15.135612484362087 1258.9254117941675 2882.0 14.0 14.0 1
15.135612484362087 1584.893192461114 4206.0 14.0 14.0 1
15.135612484362087 1995.262314968881 5711.0 14.0 14.0 1
15.135612484362087 2511.886431509582 8142.0 14.0 14.0 1
15.135612484362087 3162.2776601683795 9647.0 13.0 14.0 2
15.135612484362087 3981.0717055349733 13540.0 13.0 14.0 2
15.135612484362087 5011.872336272725 17850.0 13.0 14.0 2
15.135612484362087 6309.573444801937 23250.0 13.0 14.0 2
15.135612484362087 7943.282347242822 28260.0 13.0 14.0 2
15.135612484362087 10000.0 34390.0 13.0 14.0 2
15.48816618912482 1.0 0.0 14.0 15.0 13
15.48816618912482 1.2589254117941673 0.0 14.0 15.0 13
15.48816618912482 1.5848931924611136 0.0 14.0 15.0 13
15.48816618912482 1.9952623149688797 0.0 14.0 15.0 13
15.48816618912482 2.51188643150958 2.359 14.0 13.0 2
15.48816618912482 3.1622776601683795 10.41 14.0 13.0 2
15.48816618912482 3.981071705534973 11.89 14.0 13.0 2
15.48816618912482 5.011872336272724 11.83 14.0 13.0 2
15.48816618912482 6.309573444801933 0.0 13.0 15.0 13
15.48816618912482 7.943282347242816 0.0 13.0 15.0 13
15.48816618912482 10.0 0.0 13.0 15.0 13
15.48816618912482 12.589254117941675 0.0 13.0 15.0 13
15.48816618912482 15.848931924611142 0.0 13.0 13.0 10
15.48816618912482 19.952623149688797 0.0 13.0 13.0 10
15.48816618912482 25.11886431509581 0.0 13.0 13.0 10
15.48816618912482 31.622776601683793 0.0 13.0 13.0 10
15.48816618912482 39.810717055349734 0.0 13.0 13.0 10
15.48816618912482 50.11872336272725 0.0 13.0 13.0 10
15.48816618912482 63.09573444801933 0.0 13.0 13.0 10
15.48816618912482 79.43282347242817 0.0 13.0 13.0 10
15.48816618912482 100.0 0.0 13.0 13.0 10
15.48816618912482 125.89254117941675 0.0 13.0 13.0 10
15.48816618912482 158.48931924611142 0.0 13.0 13.0 10
15.48816618912482 199.52623149688807 0.0 13.0 13.0 10
15.48816618912482 251.18864315095823 0.0 13.0 13.0 10
15.48816618912482 316.22776601683796 0.0 13.0 13.0 10
15.48816618912482 398.1071705534973 0.0 13.0 13.0 10
15.48816618912482 501.18723362727246 0.0 13.0 14.0 9
15.48816618912482 630.9573444801937 0.0 13.0 14.0 9
15.48816618912482 794.3282347242822 0.0 13.0 14.0 9
15.48816618912482 1000.0 2090.0 14.0 14.0 1
15.48816618912482 1258.9254117941675 6862.0 14.0 14.0 1
15.48816618912482 1584.893192461114 3354.0 14.0 14.0 1
15.48816618912482 1995.262314968881 4779.0 14.0 14.0 1
15.48816618912482 2511.886431509582 6003.0 14.0 14.0 1
15.48816618912482 3162.2776601683795 8366.0 14.0 14.0 1
15.48816618912482 3981.0717055349733 11350.0 14.0 14.0 1
15.48816618912482 5011.872336272725 15380.0 13.0 14.0 2
15.48816618912482 6309.573444801937 19430.0 13.0 14.0 2
15.48816618912482 7943.282347242822 24710.0 13.0 14.0 2
15.48816618912482 10000.0 30800.0 13.0 14.0 2
15.848931924611142 1.0 0.0 14.0 15.0 13
15.848931924611142 1.2589254117941673 0.0 14.0 15.0 13
15.848931924611142 1.5848931924611136 0.0 14.0 15.0 13
15.848931924611142 1.9952623149688797 30.24 14.0 13.0 2
15.848931924611142 2.51188643150958 11.06 14.0 13.0 2
15.848931924611142 3.1622776601683795 6.446 14.0 13.0 2
15.848931924611142 3.981071705534973 11.65 14.0 13.0 2
15.848931924611142 5.011872336272724 11.16 14.0 13.0 2
15.848931924611142 6.309573444801933 0.0 13.0 15.0 13
15.848931924611142 7.943282347242816 0.0 13.0 15.0 13
15.848931924611142 10.0 0.0 13.0 15.0 13
15.848931924611142 12.589254117941675 27.92 14.0 13.0 2
15.848931924611142 15.848931924611142 43.17 14.0 13.0 2
15.848931924611142 19.952623149688797 56.43 14.0 13.0 2
15.848931924611142 25.11886431509581 67.42 14.0 13.0 2
15.848931924611142 31.622776601683793 82.49 14.0 13.0 2
15.848931924611142 39.810717055349734 106.5 14.0 13.0 2
15.848931924611142 50.11872336272725 420.3 13.0 13.0 3
15.848931924611142 63.09573444801933 533.9 13.0 13.0 3
15.848931924611142 79.43282347242817 613.8 13.0 13.0 3
15.848931924611142 100.0 879.5 13.0 13.0 3
15.848931924611142 125.89254117941675 1143.0 13.0 13.0 3
15.848931924611142 158.48931924611142 1793.0 13.0 13.0 3
15.848931924611142 199.52623149688807 2351.0 13.0 13.0 3
15.848931924611142 251.18864315095823 4477.0 13.0 13.0 3
15.848931924611142 316.22776601683796 2650.0 13.0 14.0 2
15.848931924611142 398.1071705534973 4242.0 13.0 14.0 2
15.848931924611142 501.18723362727246 7155.0 13.0 14.0 2
15.848931924611142 630.9573444801937 3526.0 13.0 14.0 2
15.848931924611142 794.3282347242822 0.0 13.0 14.0 9
15.848931924611142 1000.0 6824.0 13.0 14.0 2
15.848931924611142 1258.9254117941675 2512.0 14.0 14.0 1
15.848931924611142 1584.893192461114 3369.0 14.0 14.0 1
15.848931924611142 1995.262314968881 4307.0 14.0 14.0 1
15.848931924611142 2511.886431509582 5838.0 14.0 14.0 1
15.848931924611142 3162.2776601683795 8023.0 14.0 14.0 1
15.848931924611142 3981.0717055349733 10640.0 14.0 14.0 1
15.848931924611142 5011.872336272725 13780.0 14.0 14.0 1
15.848931924611142 6309.573444801937 17430.0 14.0 14.0 1
15.848931924611142 7943.282347242822 22600.0 13.0 14.0 2
15.848931924611142 10000.0 27730.0 13.0 14.0 2
16.21810097358931 1.0 0.0 14.0 15.0 13
16.21810097358931 1.2589254117941673 0.0 14.0 15.0 13
16.21810097358931 1.5848931924611136 0.0 14.0 15.0 13
16.21810097358931 1.9952623149688797 28.54 14.0 13.0 2
16.21810097358931 2.51188643150958 11.5 14.0 13.0 2
16.21810097358931 3.1622776601683795 11.26 14.0 13.0 2
16.21810097358931 3.981071705534973 11.5 14.0 13.0 2
16.21810097358931 5.011872336272724 11.02 14.0 13.0 2
16.21810097358931 6.309573444801933 0.0 13.0 15.0 13
16.21810097358931 7.943282347242816 0.0 13.0 15.0 13
16.21810097358931 10.0 0.0 13.0 15.0 13
16.21810097358931 12.589254117941675 22.64 14.0 13.0 2
16.21810097358931 15.848931924611142 29.94 14.0 13.0 2
16.21810097358931 19.952623149688797 36.79 14.0 13.0 2
16.21810097358931 25.11886431509581 44.38 14.0 13.0 2
16.21810097358931 31.622776601683793 53.84 14.0 13.0 2
16.21810097358931 39.810717055349734 65.85 14.0 13.0 2
16.21810097358931 50.11872336272725 85.01 14.0 13.0 2
16.21810097358931 63.09573444801933 103.6 14.0 13.0 2
16.21810097358931 79.43282347242817 128.8 14.0 13.0 2
16.21810097358931 100.0 173.8 14.0 13.0 2
16.21810097358931 125.89254117941675 227.6 14.0 13.0 2
16.21810097358931 158.48931924611142 361.7 13.0 14.0 2
16.21810097358931 199.52623149688807 505.8 13.0 14.0 2
16.21810097358931 251.18864315095823 720.9 13.0 14.0 2
16.21810097358931 316.22776601683796 957.2 13.0 14.0 2
16.21810097358931 398.1071705534973 1471.0 13.0 14.0 2
16.21810097358931 501.18723362727246 2442.0 13.0 14.0 2
16.21810097358931 630.9573444801937 2498.0 13.0 14.0 2
16.21810097358931 794.3282347242822 36920.0 13.0 14.0 2
16.21810097358931 1000.0 3426.0 13.0 14.0 2
16.21810097358931 1258.9254117941675 2628.0 14.0 14.0 1
16.21810097358931 1584.893192461114 3999.0 14.0 14.0 1
16.21810097358931 1995.262314968881 4075.0 14.0 14.0 1
16.21810097358931 2511.886431509582 5657.0 14.0 14.0 1
16.21810097358931 3162.2776601683795 7683.0 14.0 14.0 1
16.21810097358931 3981.0717055349733 10100.0 14.0 14.0 1
16.21810097358931 5011.872336272725 12900.0 14.0 14.0 1
16.21810097358931 6309.573444801937 16190.0 14.0 14.0 1
16.21810097358931 7943.282347242822 20010.0 14.0 14.0 1
16.21810097358931 10000.0 24490.0 14.0 14.0 1
16.595869074375614 1.0 0.0 14.0 15.0 13
16.595869074375614 1.2589254117941673 0.0 14.0 15.0 13
16.595869074375614 1.5848931924611136 0.0 14.0 15.0 13
16.595869074375614 1.9952623149688797 29.78 14.0 13.0 2
16.595869074375614 2.51188643150958 11.42 14.0 13.0 2
16.595869074375614 3.1622776601683795 11.56 14.0 13.0 2
16.595869074375614 3.981071705534973 11.42 14.0 13.0 2
16.595869074375614 5.011872336272724 10.62 14.0 13.0 2
16.595869074375614 6.309573444801933 0.0 13.0 15.0 13
16.595869074375614 7.943282347242816 0.0 13.0 15.0 13
16.595869074375614 10.0 0.0 13.0 15.0 13
16.595869074375614 12.589254117941675 19.02 14.0 13.0 2
16.595869074375614 15.848931924611142 25.27 14.0 13.0 2
16.595869074375614 19.952623149688797 30.89 14.0 13.0 2
16.595869074375614 25.11886431509581 36.39 14.0 13.0 2
16.595869074375614 31.622776601683793 43.26 14.0 13.0 2
16.595869074375614 39.810717055349734 55.44 14.0 13.0 2
16.595869074375614 50.11872336272725 65.57 14.0 13.0 2
16.595869074375614 63.09573444801933 81.64 14.0 13.0 2
16.595869074375614 79.43282347242817 96.45 14.0 14.0 1
16.595869074375614 100.0 120.8 14.0 14.0 1
16.595869074375614 125.89254117941675 157.6 14.0 14.0 1
16.595869074375614 158.48931924611142 202.6 14.0 14.0 1
16.595869074375614 199.52623149688807 286.7 14.0 14.0 1
16.595869074375614 251.18864315095823 506.0 13.0 14.0 2
16.595869074375614 316.22776601683796 661.0 13.0 14.0 2
16.595869074375614 398.1071705534973 953.3 13.0 14.0 2
16.595869074375614 501.18723362727246 1375.0 13.0 14.0 2
16.595869074375614 630.9573444801937 2012.0 13.0 14.0 2
16.595869074375614 794.3282347242822 6956.0 13.0 14.0 2
16.595869074375614 1000.0 2286.0 14.0 14.0 1
16.595869074375614 1258.9254117941675 2543.0 14.0 14.0 1
16.595869074375614 1584.893192461114 3177.0 14.0 14.0 1
16.595869074375614 1995.262314968881 4490.0 14.0 14.0 1
16.595869074375614 2511.886431509582 5542.0 14.0 14.0 1
16.595869074375614 3162.2776601683795 7449.0 14.0 14.0 1
16.595869074375614 3981.0717055349733 9680.0 14.0 14.0 1
16.595869074375614 5011.872336272725 12260.0 14.0 14.0 1
16.595869074375614 6309.573444801937 15270.0 14.0 14.0 1
16.595869074375614 7943.282347242822 18780.0 14.0 14.0 1
16.595869074375614 10000.0 22890.0 14.0 14.0 1
16.98243652461745 1.0 0.0 14.0 15.0 13
16.98243652461745 1.2589254117941673 0.0 14.0 15.0 13
16.98243652461745 1.5848931924611136 0.0 14.0 15.0 13
16.98243652461745 1.9952623149688797 38.11 14.0 13.0 2
16.98243652461745 2.51188643150958 11.24 14.0 13.0 2
16.98243652461745 3.1622776601683795 11.44 14.0 13.0 2
16.98243652461745 3.981071705534973 11.53 14.0 13.0 2
16.98243652461745 5.011872336272724 10.99 14.0 13.0 2
16.98243652461745 6.309573444801933 0.0 13.0 15.0 13
16.98243652461745 7.943282347242816 0.0 13.0 15.0 13
16.98243652461745 10.0 0.0 13.0 15.0 13
16.98243652461745 12.589254117941675 17.01 14.0 13.0 2
16.98243652461745 15.848931924611142 21.87 14.0 13.0 2
16.98243652461745 19.952623149688797 27.05 14.0 14.0 1
16.98243652461745 25.11886431509581 32.55 14.0 14.0 1
16.98243652461745 31.622776601683793 37.62 14.0 14.0 1
16.98243652461745 39.810717055349734 46.78 14.0 14.0 1
16.98243652461745 50.11872336272725 55.37 14.0 14.0 1
16.98243652461745 63.09573444801933 69.01 14.0 14.0 1
16.98243652461745 79.43282347242817 88.68 14.0 14.0 1
16.98243652461745 100.0 107.0 14.0 14.0 1
16.98243652461745 125.89254117941675 135.8 14.0 14.0 1
16.98243652461745 158.48931924611142 186.0 14.0 14.0 1
16.98243652461745 199.52623149688807 236.9 14.0 14.0 1
16.98243652461745 251.18864315095823 349.6 14.0 14.0 1
16.98243652461745 316.22776601683796 540.9 13.0 14.0 2
16.98243652461745 398.1071705534973 747.7 13.0 14.0 2
16.98243652461745 501.18723362727246 1086.0 13.0 14.0 2
16.98243652461745 630.9573444801937 1618.0 13.0 14.0 2
16.98243652461745 794.3282347242822 3060.0 13.0 14.0 2
16.98243652461745 1000.0 2215.0 14.0 14.0 1
16.98243652461745 1258.9254117941675 2732.0 14.0 14.0 1
16.98243652461745 1584.893192461114 nan 100.0 100.0 7
16.98243652461745 1995.262314968881 4167.0 14.0 14.0 1
16.98243652461745 2511.886431509582 5577.0 14.0 14.0 1
16.98243652461745 3162.2776601683795 7383.0 14.0 14.0 1
16.98243652461745 3981.0717055349733 9501.0 14.0 14.0 1
16.98243652461745 5011.872336272725 11950.0 14.0 14.0 1
16.98243652461745 6309.573444801937 14770.0 14.0 14.0 1
16.98243652461745 7943.282347242822 18060.0 14.0 14.0 1
16.98243652461745 10000.0 21900.0 14.0 14.0 1
17.378008287493763 1.0 0.0 14.0 15.0 13
17.378008287493763 1.2589254117941673 0.0 14.0 15.0 13
17.378008287493763 1.5848931924611136 0.0 14.0 15.0 13
17.378008287493763 1.9952623149688797 39.03 14.0 13.0 2
17.378008287493763 2.51188643150958 10.74 14.0 13.0 2
17.378008287493763 3.1622776601683795 11.19 14.0 13.0 2
17.378008287493763 3.981071705534973 11.4 14.0 13.0 2
17.378008287493763 5.011872336272724 11.45 14.0 13.0 2
17.378008287493763 6.309573444801933 0.0 14.0 15.0 13
17.378008287493763 7.943282347242816 0.0 13.0 15.0 13
17.378008287493763 10.0 0.0 13.0 15.0 13
17.378008287493763 12.589254117941675 15.41 14.0 13.0 2
17.378008287493763 15.848931924611142 20.47 14.0 14.0 1
17.378008287493763 19.952623149688797 25.75 14.0 14.0 1
17.378008287493763 25.11886431509581 30.5 14.0 14.0 1
17.378008287493763 31.622776601683793 35.27 14.0 14.0 1
17.378008287493763 39.810717055349734 43.26 14.0 14.0 1
17.378008287493763 50.11872336272725 52.09 14.0 14.0 1
17.378008287493763 63.09573444801933 64.21 14.0 14.0 1
17.378008287493763 79.43282347242817 80.01 14.0 14.0 1
17.378008287493763 100.0 102.8 14.0 14.0 1
17.378008287493763 125.89254117941675 126.8 14.0 14.0 1
17.378008287493763 158.48931924611142 164.9 14.0 14.0 1
17.378008287493763 199.52623149688807 216.1 14.0 14.0 1
17.378008287493763 251.18864315095823 294.1 14.0 14.0 1
17.378008287493763 316.22776601683796 406.0 14.0 14.0 1
17.378008287493763 398.1071705534973 634.7 13.0 14.0 2
17.378008287493763 501.18723362727246 907.6 13.0 14.0 2
17.378008287493763 630.9573444801937 1267.0 13.0 14.0 2
17.378008287493763 794.3282347242822 1353.0 13.0 14.0 2
17.378008287493763 1000.0 2933.0 14.0 14.0 1
17.378008287493763 1258.9254117941675 2874.0 14.0 14.0 1
17.378008287493763 1584.893192461114 6808.0 14.0 14.0 1
17.378008287493763 1995.262314968881 4208.0 14.0 14.0 1
17.378008287493763 2511.886431509582 5540.0 14.0 14.0 1
17.378008287493763 3162.2776601683795 7278.0 14.0 14.0 1
17.378008287493763 3981.0717055349733 9277.0 14.0 14.0 1
17.378008287493763 5011.872336272725 11620.0 14.0 14.0 1
17.378008287493763 6309.573444801937 14270.0 14.0 14.0 1
17.378008287493763 7943.282347242822 17390.0 14.0 14.0 1
17.378008287493763 10000.0 21020.0 14.0 14.0 1
17.782794100389236 1.0 0.0 14.0 15.0 13
17.782794100389236 1.2589254117941673 0.0 14.0 15.0 13
17.782794100389236 1.5848931924611136 0.0 14.0 15.0 13
17.782794100389236 1.9952623149688797 27.79 14.0 13.0 2
17.782794100389236 2.51188643150958 10.09 14.0 13.0 2
17.782794100389236 3.1622776601683795 10.96 14.0 13.0 2
17.782794100389236 3.981071705534973 11.15 14.0 13.0 2
17.782794100389236 5.011872336272724 11.56 14.0 13.0 2
17.782794100389236 6.309573444801933 10.62 14.0 13.0 2
17.782794100389236 7.943282347242816 0.0 13.0 15.0 13
17.782794100389236 10.0 0.0 13.0 15.0 13
17.782794100389236 12.589254117941675 14.38 14.0 13.0 2
17.782794100389236 15.848931924611142 20.09 14.0 14.0 1
17.782794100389236 19.952623149688797 24.66 14.0 14.0 1
17.782794100389236 25.11886431509581 28.9 14.0 14.0 1
17.782794100389236 31.622776601683793 35.1 14.0 14.0 1
17.782794100389236 39.810717055349734 42.08 14.0 14.0 1
17.782794100389236 50.11872336272725 50.35 14.0 14.0 1
17.782794100389236 63.09573444801933 63.01 14.0 14.0 1
17.782794100389236 79.43282347242817 76.96 14.0 14.0 1
17.782794100389236 100.0 95.2 14.0 14.0 1
17.782794100389236 125.89254117941675 123.7 14.0 14.0 1
17.782794100389236 158.48931924611142 163.6 14.0 14.0 1
17.782794100389236 199.52623149688807 202.4 14.0 14.0 1
17.782794100389236 251.18864315095823 288.7 14.0 14.0 1
17.782794100389236 316.22776601683796 378.6 14.0 14.0 1
17.782794100389236 398.1071705534973 508.5 14.0 14.0 1
17.782794100389236 501.18723362727246 823.7 13.0 14.0 2
17.782794100389236 630.9573444801937 1113.0 13.0 14.0 2
17.782794100389236 794.3282347242822 1762.0 13.0 14.0 2
17.782794100389236 1000.0 2974.0 14.0 14.0 1
17.782794100389236 1258.9254117941675 4778.0 14.0 14.0 1
17.782794100389236 1584.893192461114 3187.0 14.0 14.0 1
17.782794100389236 1995.262314968881 4135.0 14.0 14.0 1
17.782794100389236 2511.886431509582 5447.0 14.0 14.0 1
17.782794100389236 3162.2776601683795 7120.0 14.0 14.0 1
17.782794100389236 3981.0717055349733 9040.0 14.0 14.0 1
17.782794100389236 5011.872336272725 11260.0 14.0 14.0 1
17.782794100389236 6309.573444801937 13840.0 14.0 14.0 1
17.782794100389236 7943.282347242822 16820.0 14.0 14.0 1
17.782794100389236 10000.0 20300.0 14.0 14.0 1
18.197008586099845 1.0 0.0 14.0 15.0 13
18.197008586099845 1.2589254117941673 0.0 14.0 15.0 13
18.197008586099845 1.5848931924611136 0.0 14.0 15.0 13
18.197008586099845 1.9952623149688797 0.0 14.0 15.0 13
18.197008586099845 2.51188643150958 15.56 14.0 13.0 2
18.197008586099845 3.1622776601683795 11.55 14.0 13.0 2
18.197008586099845 3.981071705534973 10.97 14.0 13.0 2
18.197008586099845 5.011872336272724 11.3 14.0 13.0 2
18.197008586099845 6.309573444801933 11.48 14.0 13.0 2
18.197008586099845 7.943282347242816 0.0 14.0 15.0 13
18.197008586099845 10.0 0.0 13.0 15.0 13
18.197008586099845 12.589254117941675 13.52 14.0 13.0 2
18.197008586099845 15.848931924611142 18.95 14.0 14.0 1
18.197008586099845 19.952623149688797 23.23 14.0 14.0 1
18.197008586099845 25.11886431509581 28.95 14.0 14.0 1
18.197008586099845 31.622776601683793 33.88 14.0 14.0 1
18.197008586099845 39.810717055349734 41.45 14.0 14.0 1
18.197008586099845 50.11872336272725 49.08 14.0 14.0 1
18.197008586099845 63.09573444801933 61.4 14.0 14.0 1
18.197008586099845 79.43282347242817 76.93 14.0 14.0 1
18.197008586099845 100.0 93.83 14.0 14.0 1
18.197008586099845 125.89254117941675 123.0 14.0 14.0 1
18.197008586099845 158.48931924611142 154.6 14.0 14.0 1
18.197008586099845 199.52623149688807 206.1 14.0 14.0 1
18.197008586099845 251.18864315095823 273.1 14.0 14.0 1
18.197008586099845 316.22776601683796 388.0 14.0 14.0 1
18.197008586099845 398.1071705534973 482.3 14.0 14.0 1
18.197008586099845 501.18723362727246 701.6 13.0 14.0 2
18.197008586099845 630.9573444801937 1081.0 13.0 14.0 2
18.197008586099845 794.3282347242822 2764.0 13.0 14.0 2
18.197008586099845 1000.0 nan 100.0 100.0 7
18.197008586099845 1258.9254117941675 4763.0 14.0 14.0 1
18.197008586099845 1584.893192461114 3245.0 14.0 14.0 1
18.197008586099845 1995.262314968881 4195.0 14.0 14.0 1
18.197008586099845 2511.886431509582 5441.0 14.0 14.0 1
18.197008586099845 3162.2776601683795 7037.0 14.0 14.0 1
18.197008586099845 3981.0717055349733 8881.0 14.0 14.0 1
18.197008586099845 5011.872336272725 11000.0 14.0 14.0 1
18.197008586099845 6309.573444801937 13470.0 14.0 14.0 1
18.197008586099845 7943.282347242822 16370.0 14.0 14.0 1
18.197008586099845 10000.0 19750.0 14.0 14.0 1
18.620871366628684 1.0 0.0 14.0 15.0 13
18.620871366628684 1.2589254117941673 0.0 14.0 15.0 13
18.620871366628684 1.5848931924611136 0.0 14.0 15.0 13
18.620871366628684 1.9952623149688797 0.0 14.0 15.0 13
18.620871366628684 2.51188643150958 13.38 14.0 13.0 2
18.620871366628684 3.1622776601683795 12.95 14.0 13.0 2
18.620871366628684 3.981071705534973 11.1 14.0 13.0 2
18.620871366628684 5.011872336272724 10.86 14.0 13.0 2
18.620871366628684 6.309573444801933 11.5 14.0 13.0 2
18.620871366628684 7.943282347242816 10.67 14.0 13.0 2
18.620871366628684 10.0 0.0 13.0 15.0 13
18.620871366628684 12.589254117941675 12.87 14.0 13.0 2
18.620871366628684 15.848931924611142 18.53 14.0 14.0 1
18.620871366628684 19.952623149688797 23.39 14.0 14.0 1
18.620871366628684 25.11886431509581 27.59 14.0 14.0 1
18.620871366628684 31.622776601683793 32.92 14.0 14.0 1
18.620871366628684 39.810717055349734 39.68 14.0 14.0 1
18.620871366628684 50.11872336272725 49.83 14.0 14.0 1
18.620871366628684 63.09573444801933 62.79 14.0 14.0 1
18.620871366628684 79.43282347242817 74.79 14.0 14.0 1
18.620871366628684 100.0 92.46 14.0 14.0 1
18.620871366628684 125.89254117941675 116.0 14.0 14.0 1
18.620871366628684 158.48931924611142 146.8 14.0 14.0 1
18.620871366628684 199.52623149688807 203.0 14.0 14.0 1
18.620871366628684 251.18864315095823 254.8 14.0 14.0 1
18.620871366628684 316.22776601683796 365.2 14.0 14.0 1
18.620871366628684 398.1071705534973 469.4 14.0 14.0 1
18.620871366628684 501.18723362727246 606.3 14.0 14.0 1
18.620871366628684 630.9573444801937 969.5 13.0 14.0 2
18.620871366628684 794.3282347242822 1662.0 13.0 14.0 2
18.620871366628684 1000.0 1511.0 13.0 14.0 2
18.620871366628684 1258.9254117941675 2704.0 14.0 14.0 1
18.620871366628684 1584.893192461114 3233.0 14.0 14.0 1
18.620871366628684 1995.262314968881 4203.0 14.0 14.0 1
18.620871366628684 2511.886431509582 5412.0 14.0 14.0 1
18.620871366628684 3162.2776601683795 6983.0 14.0 14.0 1
18.620871366628684 3981.0717055349733 8772.0 14.0 14.0 1
18.620871366628684 5011.872336272725 10820.0 14.0 14.0 1
18.620871366628684 6309.573444801937 13090.0 14.0 14.0 1
18.620871366628684 7943.282347242822 16000.0 14.0 14.0 1
18.620871366628684 10000.0 19000.0 14.0 14.0 1
19.054607179632484 1.0 0.0 14.0 15.0 13
19.054607179632484 1.2589254117941673 0.0 14.0 15.0 13
19.054607179632484 1.5848931924611136 0.0 14.0 15.0 13
19.054607179632484 1.9952623149688797 0.0 14.0 15.0 13
19.054607179632484 2.51188643150958 15.5 14.0 13.0 2
19.054607179632484 3.1622776601683795 15.18 14.0 13.0 2
19.054607179632484 3.981071705534973 12.32 14.0 13.0 2
19.054607179632484 5.011872336272724 10.93 14.0 13.0 2
19.054607179632484 6.309573444801933 11.33 14.0 13.0 2
19.054607179632484 7.943282347242816 11.46 14.0 13.0 2
19.054607179632484 10.0 0.0 14.0 15.0 13
19.054607179632484 12.589254117941675 12.16 14.0 13.0 2
19.054607179632484 15.848931924611142 18.07 14.0 14.0 1
19.054607179632484 19.952623149688797 22.78 14.0 14.0 1
19.054607179632484 25.11886431509581 27.53 14.0 14.0 1
19.054607179632484 31.622776601683793 32.85 14.0 14.0 1
19.054607179632484 39.810717055349734 40.32 14.0 14.0 1
19.054607179632484 50.11872336272725 47.75 14.0 14.0 1
19.054607179632484 63.09573444801933 60.44 14.0 14.0 1
19.054607179632484 79.43282347242817 76.9 14.0 14.0 1
19.054607179632484 100.0 91.84 14.0 14.0 1
19.054607179632484 125.89254117941675 114.9 14.0 14.0 1
19.054607179632484 158.48931924611142 148.7 14.0 14.0 1
19.054607179632484 199.52623149688807 186.1 14.0 14.0 1
19.054607179632484 251.18864315095823 257.0 14.0 14.0 1
19.054607179632484 316.22776601683796 330.5 14.0 14.0 1
19.054607179632484 398.1071705534973 442.8 14.0 14.0 1
19.054607179632484 501.18723362727246 631.0 13.0 14.0 2
19.054607179632484 630.9573444801937 2706.0 13.0 14.0 2
19.054607179632484 794.3282347242822 1626.0 13.0 14.0 2
19.054607179632484 1000.0 1539.0 13.0 14.0 2
19.054607179632484 1258.9254117941675 2772.0 14.0 14.0 1
19.054607179632484 1584.893192461114 3256.0 14.0 14.0 1
19.054607179632484 1995.262314968881 4254.0 14.0 14.0 1
19.054607179632484 2511.886431509582 5398.0 14.0 14.0 1
19.054607179632484 3162.2776601683795 6927.0 14.0 14.0 1
19.054607179632484 3981.0717055349733 8675.0 14.0 14.0 1
19.054607179632484 5011.872336272725 10650.0 14.0 14.0 1
19.054607179632484 6309.573444801937 12980.0 14.0 14.0 1
19.054607179632484 7943.282347242822 15630.0 14.0 14.0 1
19.054607179632484 10000.0 18790.0 14.0 14.0 1
19.498445997580465 1.0 0.0 14.0 15.0 13
19.498445997580465 1.2589254117941673 0.0 14.0 15.0 13
19.498445997580465 1.5848931924611136 0.0 14.0 15.0 13
19.498445997580465 1.9952623149688797 0.0 14.0 15.0 13
19.498445997580465 2.51188643150958 16.57 14.0 13.0 2
19.498445997580465 3.1622776601683795 15.59 14.0 13.0 2
19.498445997580465 3.981071705534973 14.1 14.0 13.0 2
19.498445997580465 5.011872336272724 11.52 14.0 13.0 2
19.498445997580465 6.309573444801933 10.89 14.0 13.0 2
19.498445997580465 7.943282347242816 11.49 14.0 13.0 2
19.498445997580465 10.0 10.83 14.0 13.0 2
19.498445997580465 12.589254117941675 12.93 14.0 13.0 2
19.498445997580465 15.848931924611142 17.64 14.0 14.0 1
19.498445997580465 19.952623149688797 23.0 14.0 14.0 1
19.498445997580465 25.11886431509581 28.61 14.0 14.0 1
19.498445997580465 31.622776601683793 34.01 14.0 14.0 1
19.498445997580465 39.810717055349734 39.32 14.0 14.0 1
19.498445997580465 50.11872336272725 47.33 14.0 14.0 1
19.498445997580465 63.09573444801933 59.34 14.0 14.0 1
19.498445997580465 79.43282347242817 73.9 14.0 14.0 1
19.498445997580465 100.0 91.96 14.0 14.0 1
19.498445997580465 125.89254117941675 118.5 14.0 14.0 1
19.498445997580465 158.48931924611142 148.1 14.0 14.0 1
19.498445997580465 199.52623149688807 184.6 14.0 14.0 1
19.498445997580465 251.18864315095823 248.4 14.0 14.0 1
19.498445997580465 316.22776601683796 347.4 14.0 14.0 1
19.498445997580465 398.1071705534973 431.7 14.0 14.0 1
19.498445997580465 501.18723362727246 643.7 13.0 14.0 2
19.498445997580465 630.9573444801937 2970.0 13.0 14.0 2
19.498445997580465 794.3282347242822 3118.0 13.0 14.0 2
19.498445997580465 1000.0 2241.0 14.0 14.0 1
19.498445997580465 1258.9254117941675 2707.0 14.0 14.0 1
19.498445997580465 1584.893192461114 3237.0 14.0 14.0 1
19.498445997580465 1995.262314968881 4200.0 14.0 14.0 1
19.498445997580465 2511.886431509582 5374.0 14.0 14.0 1
19.498445997580465 3162.2776601683795 6866.0 14.0 14.0 1
19.498445997580465 3981.0717055349733 8560.0 14.0 14.0 1
19.498445997580465 5011.872336272725 10490.0 14.0 14.0 1
19.498445997580465 6309.573444801937 12730.0 14.0 14.0 1
19.498445997580465 7943.282347242822 15350.0 14.0 14.0 1
19.498445997580465 10000.0 18360.0 14.0 14.0 1
19.952623149688808 1.0 0.0 14.0 15.0 13
19.952623149688808 1.2589254117941673 0.0 14.0 15.0 13
19.952623149688808 1.5848931924611136 0.0 14.0 15.0 13
19.952623149688808 1.9952623149688797 0.0 14.0 15.0 13
19.952623149688808 2.51188643150958 19.39 14.0 13.0 2
19.952623149688808 3.1622776601683795 17.61 14.0 13.0 2
19.952623149688808 3.981071705534973 15.79 14.0 13.0 2
19.952623149688808 5.011872336272724 13.31 14.0 13.0 2
19.952623149688808 6.309573444801933 10.18 14.0 13.0 2
19.952623149688808 7.943282347242816 11.28 14.0 13.0 2
19.952623149688808 10.0 11.47 14.0 13.0 2
19.952623149688808 12.589254117941675 14.92 14.0 13.0 2
19.952623149688808 15.848931924611142 17.21 14.0 14.0 1
19.952623149688808 19.952623149688797 22.75 14.0 14.0 1
19.952623149688808 25.11886431509581 28.36 14.0 14.0 1
19.952623149688808 31.622776601683793 33.26 14.0 14.0 1
19.952623149688808 39.810717055349734 40.81 14.0 14.0 1
19.952623149688808 50.11872336272725 49.81 14.0 14.0 1
19.952623149688808 63.09573444801933 61.0 14.0 14.0 1
19.952623149688808 79.43282347242817 73.86 14.0 14.0 1
19.952623149688808 100.0 92.68 14.0 14.0 1
19.952623149688808 125.89254117941675 114.5 14.0 14.0 1
19.952623149688808 158.48931924611142 152.5 14.0 14.0 1
19.952623149688808 199.52623149688807 194.6 14.0 14.0 1
19.952623149688808 251.18864315095823 240.4 14.0 14.0 1
19.952623149688808 316.22776601683796 316.3 14.0 14.0 1
19.952623149688808 398.1071705534973 425.8 14.0 14.0 1
19.952623149688808 501.18723362727246 702.6 13.0 14.0 2
19.952623149688808 630.9573444801937 1687.0 13.0 14.0 2
19.952623149688808 794.3282347242822 1921.0 14.0 14.0 1
19.952623149688808 1000.0 2238.0 14.0 14.0 1
19.952623149688808 1258.9254117941675 2740.0 14.0 14.0 1
19.952623149688808 1584.893192461114 3457.0 14.0 14.0 1
19.952623149688808 1995.262314968881 4260.0 14.0 14.0 1
19.952623149688808 2511.886431509582 5360.0 14.0 14.0 1
19.952623149688808 3162.2776601683795 6814.0 14.0 14.0 1
19.952623149688808 3981.0717055349733 11490.0 14.0 14.0 1
19.952623149688808 5011.872336272725 10290.0 14.0 14.0 1
19.952623149688808 6309.573444801937 12510.0 14.0 14.0 1
19.952623149688808 7943.282347242822 15070.0 14.0 14.0 1
19.952623149688808 10000.0 17980.0 14.0 14.0 1
20.417379446695307 1.0 0.0 14.0 15.0 13
20.417379446695307 1.2589254117941673 0.0 14.0 15.0 13
20.417379446695307 1.5848931924611136 0.0 14.0 15.0 13
20.417379446695307 1.9952623149688797 0.0 14.0 15.0 13
20.417379446695307 2.51188643150958 22.83 14.0 13.0 2
20.417379446695307 3.1622776601683795 19.53 14.0 13.0 2
20.417379446695307 3.981071705534973 17.25 14.0 13.0 2
20.417379446695307 5.011872336272724 15.35 14.0 13.0 2
20.417379446695307 6.309573444801933 10.03 14.0 13.0 2
20.417379446695307 7.943282347242816 10.86 14.0 13.0 2
20.417379446695307 10.0 11.49 14.0 13.0 2
20.417379446695307 12.589254117941675 16.91 14.0 13.0 2
20.417379446695307 15.848931924611142 18.31 14.0 14.0 1
20.417379446695307 19.952623149688797 23.21 14.0 14.0 1
20.417379446695307 25.11886431509581 28.07 14.0 14.0 1
20.417379446695307 31.622776601683793 33.87 14.0 14.0 1
20.417379446695307 39.810717055349734 41.47 14.0 14.0 1
20.417379446695307 50.11872336272725 48.3 14.0 14.0 1
20.417379446695307 63.09573444801933 60.59 14.0 14.0 1
20.417379446695307 79.43282347242817 74.27 14.0 14.0 1
20.417379446695307 100.0 98.96 14.0 14.0 1
20.417379446695307 125.89254117941675 115.6 14.0 14.0 1
20.417379446695307 158.48931924611142 154.8 14.0 14.0 1
20.417379446695307 199.52623149688807 182.8 14.0 14.0 1
20.417379446695307 251.18864315095823 241.9 14.0 14.0 1
20.417379446695307 316.22776601683796 343.8 14.0 14.0 1
20.417379446695307 398.1071705534973 470.3 14.0 14.0 1
20.417379446695307 501.18723362727246 1538.0 13.0 14.0 2
20.417379446695307 630.9573444801937 3337.0 13.0 14.0 2
20.417379446695307 794.3282347242822 3139.0 13.0 14.0 2
20.417379446695307 1000.0 3687.0 13.0 14.0 2
20.417379446695307 1258.9254117941675 2886.0 14.0 14.0 1
20.417379446695307 1584.893192461114 3635.0 14.0 14.0 1
20.417379446695307 1995.262314968881 4398.0 14.0 14.0 1
20.417379446695307 2511.886431509582 5517.0 14.0 14.0 1
20.417379446695307 3162.2776601683795 6881.0 14.0 14.0 1
20.417379446695307 3981.0717055349733 8565.0 14.0 14.0 1
20.417379446695307 5011.872336272725 10150.0 14.0 14.0 1
20.417379446695307 6309.573444801937 12390.0 14.0 14.0 1
20.417379446695307 7943.282347242822 14770.0 14.0 14.0 1
20.417379446695307 10000.0 17630.0 14.0 14.0 1
20.892961308540407 1.0 0.0 14.0 15.0 13
20.892961308540407 1.2589254117941673 0.0 14.0 15.0 13
20.892961308540407 1.5848931924611136 0.0 14.0 15.0 13
20.892961308540407 1.9952623149688797 0.0 14.0 15.0 13
20.892961308540407 2.51188643150958 24.96 14.0 13.0 2
20.892961308540407 3.1622776601683795 23.05 14.0 13.0 2
20.892961308540407 3.981071705534973 20.02 14.0 13.0 2
20.892961308540407 5.011872336272724 15.95 14.0 13.0 2
20.892961308540407 6.309573444801933 13.5 14.0 13.0 2
20.892961308540407 7.943282347242816 10.12 14.0 13.0 2
20.892961308540407 10.0 11.2 14.0 13.0 2
20.892961308540407 12.589254117941675 18.22 14.0 13.0 2
20.892961308540407 15.848931924611142 21.61 14.0 14.0 1
20.892961308540407 19.952623149688797 22.84 14.0 14.0 1
20.892961308540407 25.11886431509581 29.02 14.0 14.0 1
20.892961308540407 31.622776601683793 35.31 14.0 14.0 1
20.892961308540407 39.810717055349734 41.04 14.0 14.0 1
20.892961308540407 50.11872336272725 50.81 14.0 14.0 1
20.892961308540407 63.09573444801933 59.72 14.0 14.0 1
20.892961308540407 79.43282347242817 78.97 14.0 14.0 1
20.892961308540407 100.0 95.39 14.0 14.0 1
20.892961308540407 125.89254117941675 116.5 14.0 14.0 1
20.892961308540407 158.48931924611142 146.7 14.0 14.0 1
20.892961308540407 199.52623149688807 186.4 14.0 14.0 1
20.892961308540407 251.18864315095823 248.6 14.0 14.0 1
20.892961308540407 316.22776601683796 333.2 14.0 14.0 1
20.892961308540407 398.1071705534973 420.7 14.0 14.0 1
20.892961308540407 501.18723362727246 1545.0 13.0 14.0 2
20.892961308540407 630.9573444801937 2787.0 13.0 14.0 2
20.892961308540407 794.3282347242822 2149.0 14.0 14.0 1
20.892961308540407 1000.0 2516.0 14.0 14.0 1
20.892961308540407 1258.9254117941675 2915.0 14.0 14.0 1
20.892961308540407 1584.893192461114 3522.0 14.0 14.0 1
20.892961308540407 1995.262314968881 4494.0 14.0 14.0 1
20.892961308540407 2511.886431509582 5669.0 14.0 14.0 1
20.892961308540407 3162.2776601683795 7042.0 14.0 14.0 1
20.892961308540407 3981.0717055349733 8684.0 14.0 14.0 1
20.892961308540407 5011.872336272725 10350.0 14.0 14.0 1
20.892961308540407 6309.573444801937 12390.0 14.0 14.0 1
20.892961308540407 7943.282347242822 14770.0 14.0 14.0 1
20.892961308540407 10000.0 17530.0 14.0 14.0 1
21.379620895022335 1.0 0.0 14.0 15.0 13
21.379620895022335 1.2589254117941673 0.0 14.0 15.0 13
21.379620895022335 1.5848931924611136 0.0 14.0 15.0 13
21.379620895022335 1.9952623149688797 0.0 14.0 15.0 13
21.379620895022335 2.51188643150958 25.55 14.0 13.0 2
21.379620895022335 3.1622776601683795 25.44 14.0 13.0 2
21.379620895022335 3.981071705534973 22.35 14.0 13.0 2
21.379620895022335 5.011872336272724 18.4 14.0 13.0 2
21.379620895022335 6.309573444801933 15.9 14.0 13.0 2
21.379620895022335 7.943282347242816 0.0 15.0 14.0 13
21.379620895022335 10.0 10.67 14.0 13.0 2
21.379620895022335 12.589254117941675 18.17 14.0 13.0 2
21.379620895022335 15.848931924611142 24.59 14.0 14.0 1
21.379620895022335 19.952623149688797 24.48 14.0 14.0 1
21.379620895022335 25.11886431509581 29.26 14.0 14.0 1
21.379620895022335 31.622776601683793 35.63 14.0 14.0 1
21.379620895022335 39.810717055349734 44.02 14.0 14.0 1
21.379620895022335 50.11872336272725 51.51 14.0 14.0 1
21.379620895022335 63.09573444801933 61.94 14.0 14.0 1
21.379620895022335 79.43282347242817 78.37 14.0 14.0 1
21.379620895022335 100.0 99.07 14.0 14.0 1
21.379620895022335 125.89254117941675 120.6 14.0 14.0 1
21.379620895022335 158.48931924611142 145.9 14.0 14.0 1
21.379620895022335 199.52623149688807 195.8 14.0 14.0 1
21.379620895022335 251.18864315095823 259.4 14.0 14.0 1
21.379620895022335 316.22776601683796 342.8 14.0 14.0 1
21.379620895022335 398.1071705534973 1219.0 13.0 14.0 2
21.379620895022335 501.18723362727246 2482.0 14.0 14.0 1
21.379620895022335 630.9573444801937 2868.0 13.0 14.0 2
21.379620895022335 794.3282347242822 2295.0 14.0 14.0 1
21.379620895022335 1000.0 2562.0 14.0 14.0 1
21.379620895022335 1258.9254117941675 2987.0 14.0 14.0 1
21.379620895022335 1584.893192461114 3615.0 14.0 14.0 1
21.379620895022335 1995.262314968881 6590.0 13.0 14.0 2
21.379620895022335 2511.886431509582 5780.0 14.0 14.0 1
21.379620895022335 3162.2776601683795 7173.0 14.0 14.0 1
21.379620895022335 3981.0717055349733 8724.0 14.0 14.0 1
21.379620895022335 5011.872336272725 10390.0 14.0 14.0 1
21.379620895022335 6309.573444801937 12560.0 14.0 14.0 1
21.379620895022335 7943.282347242822 14750.0 14.0 14.0 1
21.379620895022335 10000.0 17520.0 14.0 14.0 1
21.87761623949554 1.0 0.0 14.0 15.0 13
21.87761623949554 1.2589254117941673 0.0 14.0 15.0 13
21.87761623949554 1.5848931924611136 0.0 14.0 15.0 13
21.87761623949554 1.9952623149688797 0.0 14.0 15.0 13
21.87761623949554 2.51188643150958 24.21 14.0 13.0 2
21.87761623949554 3.1622776601683795 25.62 14.0 13.0 2
21.87761623949554 3.981071705534973 26.67 14.0 13.0 2
21.87761623949554 5.011872336272724 20.91 14.0 13.0 2
21.87761623949554 6.309573444801933 18.3 14.0 13.0 2
21.87761623949554 7.943282347242816 12.46 14.0 13.0 2
21.87761623949554 10.0 13.28 14.0 13.0 2
21.87761623949554 12.589254117941675 16.43 14.0 13.0 2
21.87761623949554 15.848931924611142 25.56 14.0 14.0 1
21.87761623949554 19.952623149688797 28.32 14.0 14.0 1
21.87761623949554 25.11886431509581 30.31 14.0 14.0 1
21.87761623949554 31.622776601683793 36.72 14.0 14.0 1
21.87761623949554 39.810717055349734 42.93 14.0 14.0 1
21.87761623949554 50.11872336272725 49.4 14.0 14.0 1
21.87761623949554 63.09573444801933 62.14 14.0 14.0 1
21.87761623949554 79.43282347242817 76.61 14.0 14.0 1
21.87761623949554 100.0 98.84 14.0 14.0 1
21.87761623949554 125.89254117941675 123.1 14.0 14.0 1
21.87761623949554 158.48931924611142 148.9 14.0 14.0 1
21.87761623949554 199.52623149688807 188.0 14.0 14.0 1
21.87761623949554 251.18864315095823 246.4 14.0 14.0 1
21.87761623949554 316.22776601683796 332.6 14.0 14.0 1
21.87761623949554 398.1071705534973 1261.0 13.0 14.0 2
21.87761623949554 501.18723362727246 2417.0 14.0 14.0 1
21.87761623949554 630.9573444801937 2901.0 13.0 14.0 2
21.87761623949554 794.3282347242822 2260.0 14.0 14.0 1
21.87761623949554 1000.0 2627.0 14.0 14.0 1
21.87761623949554 1258.9254117941675 3211.0 14.0 14.0 1
21.87761623949554 1584.893192461114 3734.0 14.0 14.0 1
21.87761623949554 1995.262314968881 4719.0 14.0 14.0 1
21.87761623949554 2511.886431509582 5956.0 14.0 14.0 1
21.87761623949554 3162.2776601683795 7298.0 14.0 14.0 1
21.87761623949554 3981.0717055349733 8851.0 14.0 14.0 1
21.87761623949554 5011.872336272725 10620.0 14.0 14.0 1
21.87761623949554 6309.573444801937 12720.0 14.0 14.0 1
21.87761623949554 7943.282347242822 15130.0 14.0 14.0 1
21.87761623949554 10000.0 17930.0 14.0 14.0 1
22.38721138568341 1.0 0.0 14.0 15.0 13
22.38721138568341 1.2589254117941673 0.0 14.0 15.0 13
22.38721138568341 1.5848931924611136 0.0 14.0 15.0 13
22.38721138568341 1.9952623149688797 0.0 14.0 15.0 13
22.38721138568341 2.51188643150958 24.33 14.0 13.0 2
22.38721138568341 3.1622776601683795 25.46 14.0 13.0 2
22.38721138568341 3.981071705534973 26.21 14.0 13.0 2
22.38721138568341 5.011872336272724 24.8 14.0 13.0 2
22.38721138568341 6.309573444801933 22.07 14.0 13.0 2
22.38721138568341 7.943282347242816 15.53 14.0 13.0 2
22.38721138568341 10.0 10.74 14.0 13.0 2
22.38721138568341 12.589254117941675 17.11 14.0 13.0 2
22.38721138568341 15.848931924611142 25.65 14.0 14.0 1
22.38721138568341 19.952623149688797 30.89 14.0 14.0 1
22.38721138568341 25.11886431509581 31.41 14.0 14.0 1
22.38721138568341 31.622776601683793 37.7 14.0 14.0 1
22.38721138568341 39.810717055349734 42.83 14.0 14.0 1
22.38721138568341 50.11872336272725 51.18 14.0 14.0 1
22.38721138568341 63.09573444801933 62.94 14.0 14.0 1
22.38721138568341 79.43282347242817 78.63 14.0 14.0 1
22.38721138568341 100.0 636.9 14.0 14.0 1
22.38721138568341 125.89254117941675 121.8 14.0 14.0 1
22.38721138568341 158.48931924611142 155.3 14.0 14.0 1
22.38721138568341 199.52623149688807 193.2 14.0 14.0 1
22.38721138568341 251.18864315095823 237.3 14.0 14.0 1
22.38721138568341 316.22776601683796 1010.0 14.0 14.0 1
22.38721138568341 398.1071705534973 1291.0 13.0 14.0 2
22.38721138568341 501.18723362727246 1687.0 14.0 14.0 1
22.38721138568341 630.9573444801937 2785.0 14.0 14.0 1
22.38721138568341 794.3282347242822 2342.0 14.0 14.0 1
22.38721138568341 1000.0 3854.0 13.0 14.0 2
22.38721138568341 1258.9254117941675 3027.0 14.0 14.0 1
22.38721138568341 1584.893192461114 4183.0 14.0 14.0 1
22.38721138568341 1995.262314968881 4907.0 14.0 14.0 1
22.38721138568341 2511.886431509582 6141.0 14.0 14.0 1
22.38721138568341 3162.2776601683795 7475.0 14.0 14.0 1
22.38721138568341 3981.0717055349733 9026.0 14.0 14.0 1
22.38721138568341 5011.872336272725 10830.0 14.0 14.0 1
22.38721138568341 6309.573444801937 12910.0 14.0 14.0 1
22.38721138568341 7943.282347242822 15380.0 14.0 14.0 1
22.38721138568341 10000.0 18220.0 14.0 14.0 1
22.90867652767775 1.0 0.0 14.0 15.0 13
22.90867652767775 1.2589254117941673 0.0 14.0 15.0 13
22.90867652767775 1.5848931924611136 0.0 14.0 15.0 13
22.90867652767775 1.9952623149688797 0.0 14.0 15.0 13
22.90867652767775 2.51188643150958 24.68 14.0 13.0 2
22.90867652767775 3.1622776601683795 25.8 14.0 13.0 2
22.90867652767775 3.981071705534973 25.75 14.0 13.0 2
22.90867652767775 5.011872336272724 25.94 14.0 13.0 2
22.90867652767775 6.309573444801933 26.03 14.0 13.0 2
22.90867652767775 7.943282347242816 16.45 14.0 13.0 2
22.90867652767775 10.0 14.84 14.0 13.0 2
22.90867652767775 12.589254117941675 17.92 14.0 14.0 1
22.90867652767775 15.848931924611142 24.91 14.0 14.0 1
22.90867652767775 19.952623149688797 31.32 14.0 14.0 1
22.90867652767775 25.11886431509581 35.45 14.0 14.0 1
22.90867652767775 31.622776601683793 37.28 14.0 14.0 1
22.90867652767775 39.810717055349734 44.18 14.0 14.0 1
22.90867652767775 50.11872336272725 53.22 14.0 14.0 1
22.90867652767775 63.09573444801933 64.13 14.0 14.0 1
22.90867652767775 79.43282347242817 83.53 14.0 14.0 1
22.90867652767775 100.0 101.3 14.0 14.0 1
22.90867652767775 125.89254117941675 123.1 14.0 14.0 1
22.90867652767775 158.48931924611142 159.2 14.0 14.0 1
22.90867652767775 199.52623149688807 194.5 14.0 14.0 1
22.90867652767775 251.18864315095823 934.6 14.0 14.0 1
22.90867652767775 316.22776601683796 1027.0 14.0 14.0 1
22.90867652767775 398.1071705534973 2193.0 14.0 14.0 1
22.90867652767775 501.18723362727246 2550.0 14.0 14.0 1
22.90867652767775 630.9573444801937 2682.0 14.0 14.0 1
22.90867652767775 794.3282347242822 3331.0 14.0 14.0 1
22.90867652767775 1000.0 2774.0 14.0 14.0 1
22.90867652767775 1258.9254117941675 3186.0 14.0 14.0 1
22.90867652767775 1584.893192461114 3881.0 14.0 14.0 1
22.90867652767775 1995.262314968881 5115.0 14.0 14.0 1
22.90867652767775 2511.886431509582 6838.0 14.0 14.0 1
22.90867652767775 3162.2776601683795 7690.0 14.0 14.0 1
22.90867652767775 3981.0717055349733 9255.0 14.0 14.0 1
22.90867652767775 5011.872336272725 11070.0 14.0 14.0 1
22.90867652767775 6309.573444801937 13180.0 14.0 14.0 1
22.90867652767775 7943.282347242822 15650.0 14.0 14.0 1
22.90867652767775 10000.0 18500.0 14.0 14.0 1
23.44228815319924 1.0 0.0 14.0 15.0 13
23.44228815319924 1.2589254117941673 0.0 14.0 15.0 13
23.44228815319924 1.5848931924611136 0.0 14.0 15.0 13
23.44228815319924 1.9952623149688797 0.0 14.0 15.0 13
23.44228815319924 2.51188643150958 24.65 14.0 13.0 2
23.44228815319924 3.1622776601683795 26.41 14.0 13.0 2
23.44228815319924 3.981071705534973 26.22 14.0 13.0 2
23.44228815319924 5.011872336272724 27.09 14.0 13.0 2
23.44228815319924 6.309573444801933 29.6 14.0 13.0 2
23.44228815319924 7.943282347242816 20.24 14.0 13.0 2
23.44228815319924 10.0 19.97 14.0 13.0 2
23.44228815319924 12.589254117941675 19.53 14.0 14.0 1
23.44228815319924 15.848931924611142 23.95 14.0 14.0 1
23.44228815319924 19.952623149688797 31.24 14.0 14.0 1
23.44228815319924 25.11886431509581 36.9 14.0 14.0 1
23.44228815319924 31.622776601683793 36.0 14.0 14.0 1
23.44228815319924 39.810717055349734 46.27 14.0 14.0 1
23.44228815319924 50.11872336272725 53.39 14.0 14.0 1
23.44228815319924 63.09573444801933 64.64 14.0 14.0 1
23.44228815319924 79.43282347242817 81.13 14.0 14.0 1
23.44228815319924 100.0 109.3 14.0 14.0 1
23.44228815319924 125.89254117941675 125.0 14.0 14.0 1
23.44228815319924 158.48931924611142 149.8 14.0 14.0 1
23.44228815319924 199.52623149688807 183.9 14.0 14.0 1
23.44228815319924 251.18864315095823 932.7 14.0 14.0 1
23.44228815319924 316.22776601683796 1025.0 14.0 14.0 1
23.44228815319924 398.1071705534973 2359.0 14.0 14.0 1
23.44228815319924 501.18723362727246 2524.0 14.0 14.0 1
23.44228815319924 630.9573444801937 2065.0 14.0 14.0 1
23.44228815319924 794.3282347242822 2503.0 14.0 14.0 1
23.44228815319924 1000.0 2917.0 14.0 14.0 1
23.44228815319924 1258.9254117941675 3534.0 14.0 14.0 1
23.44228815319924 1584.893192461114 4469.0 14.0 14.0 1
23.44228815319924 1995.262314968881 5294.0 14.0 14.0 1
23.44228815319924 2511.886431509582 6513.0 14.0 14.0 1
23.44228815319924 3162.2776601683795 7893.0 14.0 14.0 1
23.44228815319924 3981.0717055349733 9484.0 14.0 14.0 1
23.44228815319924 5011.872336272725 11330.0 14.0 14.0 1
23.44228815319924 6309.573444801937 13520.0 14.0 14.0 1
23.44228815319924 7943.282347242822 15970.0 14.0 14.0 1
23.44228815319924 10000.0 18860.0 14.0 14.0 1
23.988329190194925 1.0 0.0 14.0 15.0 13
23.988329190194925 1.2589254117941673 0.0 14.0 15.0 13
23.988329190194925 1.5848931924611136 0.0 14.0 15.0 13
23.988329190194925 1.9952623149688797 0.0 14.0 15.0 13
23.988329190194925 2.51188643150958 24.17 14.0 13.0 2
23.988329190194925 3.1622776601683795 26.01 14.0 13.0 2
23.988329190194925 3.981071705534973 25.95 14.0 13.0 2
23.988329190194925 5.011872336272724 26.79 14.0 13.0 2
23.988329190194925 6.309573444801933 29.76 14.0 13.0 2
23.988329190194925 7.943282347242816 25.21 14.0 13.0 2
23.988329190194925 10.0 23.27 14.0 13.0 2
23.988329190194925 12.589254117941675 23.37 14.0 13.0 2
23.988329190194925 15.848931924611142 35.64 14.0 14.0 1
23.988329190194925 19.952623149688797 30.35 14.0 14.0 1
23.988329190194925 25.11886431509581 37.37 14.0 14.0 1
23.988329190194925 31.622776601683793 39.01 14.0 14.0 1
23.988329190194925 39.810717055349734 49.01 14.0 14.0 1
23.988329190194925 50.11872336272725 447.6 14.0 14.0 1
23.988329190194925 63.09573444801933 501.8 14.0 14.0 1
23.988329190194925 79.43282347242817 83.12 14.0 14.0 1
23.988329190194925 100.0 623.1 14.0 14.0 1
23.988329190194925 125.89254117941675 689.6 14.0 14.0 1
23.988329190194925 158.48931924611142 773.3 14.0 14.0 1
23.988329190194925 199.52623149688807 875.2 14.0 14.0 1
23.988329190194925 251.18864315095823 940.5 14.0 14.0 1
23.988329190194925 316.22776601683796 1385.0 14.0 14.0 1
23.988329190194925 398.1071705534973 2309.0 14.0 14.0 1
23.988329190194925 501.18723362727246 2549.0 14.0 14.0 1
23.988329190194925 630.9573444801937 2013.0 14.0 14.0 1
23.988329190194925 794.3282347242822 2358.0 14.0 14.0 1
23.988329190194925 1000.0 2990.0 14.0 14.0 1
23.988329190194925 1258.9254117941675 3699.0 14.0 14.0 1
23.988329190194925 1584.893192461114 4587.0 14.0 14.0 1
23.988329190194925 1995.262314968881 5759.0 14.0 14.0 1
23.988329190194925 2511.886431509582 7062.0 14.0 14.0 1
23.988329190194925 3162.2776601683795 8519.0 14.0 14.0 1
23.988329190194925 3981.0717055349733 10240.0 14.0 14.0 1
23.988329190194925 5011.872336272725 12210.0 14.0 14.0 1
23.988329190194925 6309.573444801937 13750.0 14.0 14.0 1
23.988329190194925 7943.282347242822 16280.0 14.0 14.0 1
23.988329190194925 10000.0 19220.0 14.0 14.0 1
24.547089156850323 1.0 0.0 14.0 15.0 13
24.547089156850323 1.2589254117941673 0.0 14.0 15.0 13
24.547089156850323 1.5848931924611136 0.0 14.0 15.0 13
24.547089156850323 1.9952623149688797 0.0 14.0 15.0 13
24.547089156850323 2.51188643150958 23.51 14.0 13.0 2
24.547089156850323 3.1622776601683795 26.35 14.0 13.0 2
24.547089156850323 3.981071705534973 25.87 14.0 13.0 2
24.547089156850323 5.011872336272724 29.86 14.0 13.0 2
24.547089156850323 6.309573444801933 30.59 14.0 13.0 2
24.547089156850323 7.943282347242816 28.38 14.0 13.0 2
24.547089156850323 10.0 22.83 14.0 13.0 2
24.547089156850323 12.589254117941675 25.18 14.0 14.0 1
24.547089156850323 15.848931924611142 30.7 14.0 14.0 1
24.547089156850323 19.952623149688797 30.52 14.0 14.0 1
24.547089156850323 25.11886431509581 37.28 14.0 14.0 1
24.547089156850323 31.622776601683793 41.01 14.0 14.0 1
24.547089156850323 39.810717055349734 391.5 14.0 14.0 1
24.547089156850323 50.11872336272725 442.9 14.0 14.0 1
24.547089156850323 63.09573444801933 498.2 14.0 14.0 1
24.547089156850323 79.43282347242817 559.5 14.0 14.0 1
24.547089156850323 100.0 627.2 14.0 14.0 1
24.547089156850323 125.89254117941675 700.9 14.0 14.0 1
24.547089156850323 158.48931924611142 786.4 14.0 14.0 1
24.547089156850323 199.52623149688807 881.2 14.0 14.0 1
24.547089156850323 251.18864315095823 1058.0 14.0 14.0 1
24.547089156850323 316.22776601683796 2133.0 14.0 14.0 1
24.547089156850323 398.1071705534973 2376.0 14.0 14.0 1
24.547089156850323 501.18723362727246 2559.0 14.0 14.0 1
24.547089156850323 630.9573444801937 2081.0 14.0 14.0 1
24.547089156850323 794.3282347242822 2336.0 14.0 14.0 1
24.547089156850323 1000.0 2935.0 14.0 14.0 1
24.547089156850323 1258.9254117941675 3615.0 14.0 14.0 1
24.547089156850323 1584.893192461114 4616.0 14.0 14.0 1
24.547089156850323 1995.262314968881 5817.0 14.0 14.0 1
24.547089156850323 2511.886431509582 7098.0 14.0 14.0 1
24.547089156850323 3162.2776601683795 8700.0 14.0 14.0 1
24.547089156850323 3981.0717055349733 10400.0 14.0 14.0 1
24.547089156850323 5011.872336272725 12250.0 14.0 14.0 1
24.547089156850323 6309.573444801937 15020.0 14.0 14.0 1
24.547089156850323 7943.282347242822 17420.0 14.0 14.0 1
24.547089156850323 10000.0 19590.0 14.0 14.0 1
25.11886431509582 1.0 0.0 14.0 15.0 13
25.11886431509582 1.2589254117941673 0.0 14.0 15.0 13
25.11886431509582 1.5848931924611136 0.0 14.0 15.0 13
25.11886431509582 1.9952623149688797 0.0 14.0 15.0 13
25.11886431509582 2.51188643150958 22.13 14.0 13.0 2
25.11886431509582 3.1622776601683795 23.86 14.0 13.0 2
25.11886431509582 3.981071705534973 27.1 14.0 13.0 2
25.11886431509582 5.011872336272724 29.79 14.0 13.0 2
25.11886431509582 6.309573444801933 32.99 14.0 13.0 2
25.11886431509582 7.943282347242816 29.67 14.0 13.0 2
25.11886431509582 10.0 31.69 14.0 13.0 2
25.11886431509582 12.589254117941675 33.64 14.0 14.0 1
25.11886431509582 15.848931924611142 36.81 14.0 14.0 1
25.11886431509582 19.952623149688797 35.53 14.0 14.0 1
25.11886431509582 25.11886431509581 39.41 14.0 14.0 1
25.11886431509582 31.622776601683793 45.36 14.0 14.0 1
25.11886431509582 39.810717055349734 388.0 14.0 14.0 1
25.11886431509582 50.11872336272725 441.3 14.0 14.0 1
25.11886431509582 63.09573444801933 495.6 14.0 14.0 1
25.11886431509582 79.43282347242817 554.5 14.0 14.0 1
25.11886431509582 100.0 621.6 14.0 14.0 1
25.11886431509582 125.89254117941675 701.8 14.0 14.0 1
25.11886431509582 158.48931924611142 787.1 14.0 14.0 1
25.11886431509582 199.52623149688807 881.5 14.0 14.0 1
25.11886431509582 251.18864315095823 1037.0 14.0 14.0 1
25.11886431509582 316.22776601683796 2233.0 14.0 14.0 1
25.11886431509582 398.1071705534973 2306.0 14.0 14.0 1
25.11886431509582 501.18723362727246 2149.0 14.0 14.0 1
25.11886431509582 630.9573444801937 2201.0 14.0 14.0 1
25.11886431509582 794.3282347242822 2734.0 14.0 14.0 1
25.11886431509582 1000.0 3024.0 14.0 14.0 1
25.11886431509582 1258.9254117941675 3780.0 14.0 14.0 1
25.11886431509582 1584.893192461114 4795.0 14.0 14.0 1
25.11886431509582 1995.262314968881 5899.0 14.0 14.0 1
25.11886431509582 2511.886431509582 7134.0 14.0 14.0 1
25.11886431509582 3162.2776601683795 8565.0 14.0 14.0 1
25.11886431509582 3981.0717055349733 10220.0 14.0 14.0 1
25.11886431509582 5011.872336272725 12140.0 14.0 14.0 1
25.11886431509582 6309.573444801937 14440.0 14.0 14.0 1
25.11886431509582 7943.282347242822 18130.0 14.0 14.0 1
25.11886431509582 10000.0 20260.0 14.0 14.0 1
25.703957827688658 1.0 0.0 14.0 15.0 13
25.703957827688658 1.2589254117941673 0.0 14.0 15.0 13
25.703957827688658 1.5848931924611136 0.0 14.0 15.0 13
25.703957827688658 1.9952623149688797 0.0 14.0 15.0 13
25.703957827688658 2.51188643150958 21.96 14.0 13.0 2
25.703957827688658 3.1622776601683795 24.07 14.0 13.0 2
25.703957827688658 3.981071705534973 24.9 14.0 13.0 2
25.703957827688658 5.011872336272724 30.53 14.0 13.0 2
25.703957827688658 6.309573444801933 31.63 14.0 13.0 2
25.703957827688658 7.943282347242816 31.98 14.0 13.0 2
25.703957827688658 10.0 36.29 14.0 13.0 2
25.703957827688658 12.589254117941675 40.62 14.0 14.0 1
25.703957827688658 15.848931924611142 41.2 14.0 14.0 1
25.703957827688658 19.952623149688797 44.24 14.0 14.0 1
25.703957827688658 25.11886431509581 43.96 14.0 14.0 1
25.703957827688658 31.622776601683793 48.52 14.0 14.0 1
25.703957827688658 39.810717055349734 383.7 14.0 14.0 1
25.703957827688658 50.11872336272725 436.5 14.0 14.0 1
25.703957827688658 63.09573444801933 493.3 14.0 14.0 1
25.703957827688658 79.43282347242817 553.8 14.0 14.0 1
25.703957827688658 100.0 623.4 14.0 14.0 1
25.703957827688658 125.89254117941675 699.9 14.0 14.0 1
25.703957827688658 158.48931924611142 788.6 14.0 14.0 1
25.703957827688658 199.52623149688807 1043.0 14.0 14.0 1
25.703957827688658 251.18864315095823 1931.0 14.0 14.0 1
25.703957827688658 316.22776601683796 2172.0 14.0 14.0 1
25.703957827688658 398.1071705534973 2259.0 14.0 14.0 1
25.703957827688658 501.18723362727246 1879.0 14.0 14.0 1
25.703957827688658 630.9573444801937 2242.0 14.0 14.0 1
25.703957827688658 794.3282347242822 2634.0 14.0 14.0 1
25.703957827688658 1000.0 3354.0 14.0 14.0 1
25.703957827688658 1258.9254117941675 4287.0 14.0 14.0 1
25.703957827688658 1584.893192461114 4999.0 14.0 14.0 1
25.703957827688658 1995.262314968881 6100.0 14.0 14.0 1
25.703957827688658 2511.886431509582 7342.0 14.0 14.0 1
25.703957827688658 3162.2776601683795 9333.0 14.0 14.0 1
25.703957827688658 3981.0717055349733 10470.0 14.0 14.0 1
25.703957827688658 5011.872336272725 12430.0 14.0 14.0 1
25.703957827688658 6309.573444801937 15070.0 14.0 14.0 1
25.703957827688658 7943.282347242822 17350.0 14.0 14.0 1
25.703957827688658 10000.0 20420.0 14.0 14.0 1
26.302679918953842 1.0 0.0 14.0 15.0 13
26.302679918953842 1.2589254117941673 0.0 14.0 15.0 13
26.302679918953842 1.5848931924611136 0.0 14.0 15.0 13
26.302679918953842 1.9952623149688797 0.0 14.0 15.0 13
26.302679918953842 2.51188643150958 24.11 14.0 13.0 2
26.302679918953842 3.1622776601683795 24.19 14.0 13.0 2
26.302679918953842 3.981071705534973 24.76 14.0 13.0 2
26.302679918953842 5.011872336272724 31.16 14.0 13.0 2
26.302679918953842 6.309573444801933 32.19 14.0 13.0 2
26.302679918953842 7.943282347242816 31.57 14.0 13.0 2
26.302679918953842 10.0 35.77 14.0 13.0 2
26.302679918953842 12.589254117941675 42.26 14.0 13.0 2
26.302679918953842 15.848931924611142 51.22 14.0 14.0 1
26.302679918953842 19.952623149688797 47.72 14.0 14.0 1
26.302679918953842 25.11886431509581 53.63 14.0 14.0 1
26.302679918953842 31.622776601683793 347.9 14.0 14.0 1
26.302679918953842 39.810717055349734 403.6 14.0 14.0 1
26.302679918953842 50.11872336272725 455.7 14.0 14.0 1
26.302679918953842 63.09573444801933 494.9 14.0 14.0 1
26.302679918953842 79.43282347242817 554.8 14.0 14.0 1
26.302679918953842 100.0 627.6 14.0 14.0 1
26.302679918953842 125.89254117941675 706.8 14.0 14.0 1
26.302679918953842 158.48931924611142 762.3 14.0 14.0 1
26.302679918953842 199.52623149688807 865.8 14.0 14.0 1
26.302679918953842 251.18864315095823 1878.0 14.0 14.0 1
26.302679918953842 316.22776601683796 2113.0 14.0 14.0 1
26.302679918953842 398.1071705534973 1822.0 14.0 14.0 1
26.302679918953842 501.18723362727246 1923.0 14.0 14.0 1
26.302679918953842 630.9573444801937 2402.0 14.0 14.0 1
26.302679918953842 794.3282347242822 2863.0 14.0 14.0 1
26.302679918953842 1000.0 3334.0 14.0 14.0 1
26.302679918953842 1258.9254117941675 4496.0 14.0 14.0 1
26.302679918953842 1584.893192461114 5196.0 14.0 14.0 1
26.302679918953842 1995.262314968881 6291.0 14.0 14.0 1
26.302679918953842 2511.886431509582 7551.0 14.0 14.0 1
26.302679918953842 3162.2776601683795 9016.0 14.0 14.0 1
26.302679918953842 3981.0717055349733 10720.0 14.0 14.0 1
26.302679918953842 5011.872336272725 12710.0 14.0 14.0 1
26.302679918953842 6309.573444801937 20600.0 14.0 14.0 1
26.302679918953842 7943.282347242822 17700.0 14.0 14.0 1
26.302679918953842 10000.0 20820.0 14.0 14.0 1
26.91534803926918 1.0 0.0 14.0 15.0 13
26.91534803926918 1.2589254117941673 0.0 14.0 15.0 13
26.91534803926918 1.5848931924611136 0.0 14.0 15.0 13
26.91534803926918 1.9952623149688797 0.0 14.0 15.0 13
26.91534803926918 2.51188643150958 22.63 14.0 13.0 2
26.91534803926918 3.1622776601683795 24.21 14.0 13.0 2
26.91534803926918 3.981071705534973 23.74 14.0 13.0 2
26.91534803926918 5.011872336272724 29.13 14.0 13.0 2
26.91534803926918 6.309573444801933 31.84 14.0 13.0 2
26.91534803926918 7.943282347242816 34.6 14.0 13.0 2
26.91534803926918 10.0 39.9 14.0 13.0 2
26.91534803926918 12.589254117941675 51.06 14.0 14.0 1
26.91534803926918 15.848931924611142 58.3 14.0 14.0 1
26.91534803926918 19.952623149688797 56.92 14.0 14.0 1
26.91534803926918 25.11886431509581 292.9 14.0 14.0 1
26.91534803926918 31.622776601683793 339.2 14.0 14.0 1
26.91534803926918 39.810717055349734 390.7 14.0 14.0 1
26.91534803926918 50.11872336272725 440.5 14.0 14.0 1
26.91534803926918 63.09573444801933 498.2 14.0 14.0 1
26.91534803926918 79.43282347242817 559.2 14.0 14.0 1
26.91534803926918 100.0 622.5 14.0 14.0 1
26.91534803926918 125.89254117941675 697.1 14.0 14.0 1
26.91534803926918 158.48931924611142 782.7 14.0 14.0 1
26.91534803926918 199.52623149688807 1077.0 14.0 14.0 1
26.91534803926918 251.18864315095823 1871.0 14.0 14.0 1
26.91534803926918 316.22776601683796 2125.0 14.0 14.0 1
26.91534803926918 398.1071705534973 1778.0 14.0 14.0 1
26.91534803926918 501.18723362727246 2104.0 14.0 14.0 1
26.91534803926918 630.9573444801937 3210.0 14.0 14.0 1
26.91534803926918 794.3282347242822 2877.0 14.0 14.0 1
26.91534803926918 1000.0 3540.0 14.0 14.0 1
26.91534803926918 1258.9254117941675 4446.0 14.0 14.0 1
26.91534803926918 1584.893192461114 5370.0 14.0 14.0 1
26.91534803926918 1995.262314968881 6469.0 14.0 14.0 1
26.91534803926918 2511.886431509582 8151.0 14.0 14.0 1
26.91534803926918 3162.2776601683795 9226.0 14.0 14.0 1
26.91534803926918 3981.0717055349733 10900.0 14.0 14.0 1
26.91534803926918 5011.872336272725 13670.0 14.0 14.0 1
26.91534803926918 6309.573444801937 15300.0 14.0 14.0 1
26.91534803926918 7943.282347242822 19000.0 14.0 14.0 1
26.91534803926918 10000.0 21190.0 14.0 14.0 1
27.54228703338169 1.0 0.0 14.0 15.0 13
27.54228703338169 1.2589254117941673 0.0 14.0 15.0 13
27.54228703338169 1.5848931924611136 0.0 14.0 15.0 13
27.54228703338169 1.9952623149688797 0.0 14.0 15.0 13
27.54228703338169 2.51188643150958 0.0 14.0 15.0 13
27.54228703338169 3.1622776601683795 24.71 14.0 13.0 2
27.54228703338169 3.981071705534973 26.47 14.0 13.0 2
27.54228703338169 5.011872336272724 28.78 14.0 13.0 2
27.54228703338169 6.309573444801933 31.8 14.0 13.0 2
27.54228703338169 7.943282347242816 33.26 14.0 13.0 2
27.54228703338169 10.0 44.94 14.0 13.0 2
27.54228703338169 12.589254117941675 55.1 14.0 14.0 1
27.54228703338169 15.848931924611142 63.07 14.0 14.0 1
27.54228703338169 19.952623149688797 64.27 14.0 14.0 1
27.54228703338169 25.11886431509581 292.1 14.0 14.0 1
27.54228703338169 31.622776601683793 339.5 14.0 14.0 1
27.54228703338169 39.810717055349734 389.7 14.0 14.0 1
27.54228703338169 50.11872336272725 440.6 14.0 14.0 1
27.54228703338169 63.09573444801933 504.6 14.0 14.0 1
27.54228703338169 79.43282347242817 566.0 14.0 14.0 1
27.54228703338169 100.0 628.0 14.0 14.0 1
27.54228703338169 125.89254117941675 706.0 14.0 14.0 1
27.54228703338169 158.48931924611142 797.8 14.0 14.0 1
27.54228703338169 199.52623149688807 1553.0 14.0 14.0 1
27.54228703338169 251.18864315095823 1899.0 14.0 14.0 1
27.54228703338169 316.22776601683796 1976.0 14.0 14.0 1
27.54228703338169 398.1071705534973 2195.0 14.0 14.0 1
27.54228703338169 501.18723362727246 2136.0 14.0 14.0 1
27.54228703338169 630.9573444801937 2641.0 14.0 14.0 1
27.54228703338169 794.3282347242822 3041.0 14.0 14.0 1
27.54228703338169 1000.0 3744.0 14.0 14.0 1
27.54228703338169 1258.9254117941675 4605.0 14.0 14.0 1
27.54228703338169 1584.893192461114 5568.0 14.0 14.0 1
27.54228703338169 1995.262314968881 6645.0 14.0 14.0 1
27.54228703338169 2511.886431509582 7958.0 14.0 14.0 1
27.54228703338169 3162.2776601683795 9456.0 14.0 14.0 1
27.54228703338169 3981.0717055349733 11200.0 14.0 14.0 1
27.54228703338169 5011.872336272725 13240.0 14.0 14.0 1
27.54228703338169 6309.573444801937 15600.0 14.0 14.0 1
27.54228703338169 7943.282347242822 18350.0 14.0 14.0 1
27.54228703338169 10000.0 21560.0 14.0 14.0 1
28.183829312644566 1.0 0.0 14.0 15.0 13
28.183829312644566 1.2589254117941673 0.0 14.0 15.0 13
28.183829312644566 1.5848931924611136 0.0 14.0 15.0 13
28.183829312644566 1.9952623149688797 0.0 14.0 15.0 13
28.183829312644566 2.51188643150958 0.0 14.0 15.0 13
28.183829312644566 3.1622776601683795 22.59 14.0 13.0 2
28.183829312644566 3.981071705534973 25.8 14.0 13.0 2
28.183829312644566 5.011872336272724 29.27 14.0 13.0 2
28.183829312644566 6.309573444801933 30.68 14.0 13.0 2
28.183829312644566 7.943282347242816 33.39 14.0 13.0 2
28.183829312644566 10.0 43.71 14.0 13.0 2
28.183829312644566 12.589254117941675 57.52 14.0 14.0 1
28.183829312644566 15.848931924611142 65.67 14.0 14.0 1
28.183829312644566 19.952623149688797 240.6 14.0 14.0 1
28.183829312644566 25.11886431509581 291.6 14.0 14.0 1
28.183829312644566 31.622776601683793 341.6 14.0 14.0 1
28.183829312644566 39.810717055349734 405.5 14.0 14.0 1
28.183829312644566 50.11872336272725 451.6 14.0 14.0 1
28.183829312644566 63.09573444801933 507.4 14.0 14.0 1
28.183829312644566 79.43282347242817 594.8 14.0 14.0 1
28.183829312644566 100.0 638.1 14.0 14.0 1
28.183829312644566 125.89254117941675 725.0 14.0 14.0 1
28.183829312644566 158.48931924611142 1177.0 14.0 14.0 1
28.183829312644566 199.52623149688807 1633.0 14.0 14.0 1
28.183829312644566 251.18864315095823 1938.0 14.0 14.0 1
28.183829312644566 316.22776601683796 2010.0 14.0 14.0 1
28.183829312644566 398.1071705534973 2309.0 14.0 14.0 1
28.183829312644566 501.18723362727246 2347.0 14.0 14.0 1
28.183829312644566 630.9573444801937 2579.0 14.0 14.0 1
28.183829312644566 794.3282347242822 3349.0 14.0 14.0 1
28.183829312644566 1000.0 3920.0 14.0 14.0 1
28.183829312644566 1258.9254117941675 4796.0 14.0 14.0 1
28.183829312644566 1584.893192461114 6543.0 14.0 14.0 1
28.183829312644566 1995.262314968881 7317.0 14.0 14.0 1
28.183829312644566 2511.886431509582 8203.0 14.0 14.0 1
28.183829312644566 3162.2776601683795 9723.0 14.0 14.0 1
28.183829312644566 3981.0717055349733 11490.0 14.0 14.0 1
28.183829312644566 5011.872336272725 13550.0 14.0 14.0 1
28.183829312644566 6309.573444801937 15950.0 14.0 14.0 1
28.183829312644566 7943.282347242822 18760.0 14.0 14.0 1
28.183829312644566 10000.0 21980.0 14.0 14.0 1
28.840315031266087 1.0 0.0 14.0 15.0 13
28.840315031266087 1.2589254117941673 0.0 14.0 15.0 13
28.840315031266087 1.5848931924611136 0.0 14.0 15.0 13
28.840315031266087 1.9952623149688797 0.0 14.0 15.0 13
28.840315031266087 2.51188643150958 0.0 14.0 15.0 13
28.840315031266087 3.1622776601683795 20.61 14.0 13.0 2
28.840315031266087 3.981071705534973 27.51 14.0 13.0 2
28.840315031266087 5.011872336272724 30.52 14.0 13.0 2
28.840315031266087 6.309573444801933 30.35 14.0 13.0 2
28.840315031266087 7.943282347242816 31.57 14.0 13.0 2
28.840315031266087 10.0 44.35 14.0 13.0 2
28.840315031266087 12.589254117941675 53.62 14.0 13.0 2
28.840315031266087 15.848931924611142 71.41 14.0 14.0 1
28.840315031266087 19.952623149688797 238.4 14.0 14.0 1
28.840315031266087 25.11886431509581 291.1 14.0 14.0 1
28.840315031266087 31.622776601683793 341.2 14.0 14.0 1
28.840315031266087 39.810717055349734 400.5 14.0 14.0 1
28.840315031266087 50.11872336272725 455.6 14.0 14.0 1
28.840315031266087 63.09573444801933 517.4 14.0 14.0 1
28.840315031266087 79.43282347242817 580.6 14.0 14.0 1
28.840315031266087 100.0 658.3 14.0 14.0 1
28.840315031266087 125.89254117941675 652.7 14.0 14.0 1
28.840315031266087 158.48931924611142 1245.0 14.0 14.0 1
28.840315031266087 199.52623149688807 1694.0 14.0 14.0 1
28.840315031266087 251.18864315095823 1946.0 14.0 14.0 1
28.840315031266087 316.22776601683796 1635.0 14.0 14.0 1
28.840315031266087 398.1071705534973 2337.0 14.0 14.0 1
28.840315031266087 501.18723362727246 nan 100.0 100.0 7
28.840315031266087 630.9573444801937 2675.0 14.0 14.0 1
28.840315031266087 794.3282347242822 3299.0 14.0 14.0 1
28.840315031266087 1000.0 4095.0 14.0 14.0 1
28.840315031266087 1258.9254117941675 4934.0 14.0 14.0 1
28.840315031266087 1584.893192461114 5925.0 14.0 14.0 1
28.840315031266087 1995.262314968881 7063.0 14.0 14.0 1
28.840315031266087 2511.886431509582 8391.0 14.0 14.0 1
28.840315031266087 3162.2776601683795 9933.0 14.0 14.0 1
28.840315031266087 3981.0717055349733 15130.0 14.0 14.0 1
28.840315031266087 5011.872336272725 13820.0 14.0 14.0 1
28.840315031266087 6309.573444801937 16240.0 14.0 14.0 1
28.840315031266087 7943.282347242822 18710.0 14.0 14.0 1
28.840315031266087 10000.0 22000.0 14.0 14.0 1
29.512092266663885 1.0 0.0 14.0 15.0 13
29.512092266663885 1.2589254117941673 0.0 14.0 15.0 13
29.512092266663885 1.5848931924611136 0.0 14.0 15.0 13
29.512092266663885 1.9952623149688797 0.0 14.0 15.0 13
29.512092266663885 2.51188643150958 0.0 14.0 15.0 13
29.512092266663885 3.1622776601683795 19.88 14.0 13.0 2
29.512092266663885 3.981071705534973 24.96 14.0 13.0 2
29.512092266663885 5.011872336272724 28.54 14.0 13.0 2
29.512092266663885 6.309573444801933 32.95 14.0 13.0 2
29.512092266663885 7.943282347242816 32.08 14.0 13.0 2
29.512092266663885 10.0 43.72 14.0 13.0 2
29.512092266663885 12.589254117941675 58.99 14.0 14.0 1
29.512092266663885 15.848931924611142 74.24 14.0 14.0 1
29.512092266663885 19.952623149688797 44.01 14.0 14.0 1
29.512092266663885 25.11886431509581 297.2 14.0 14.0 1
29.512092266663885 31.622776601683793 345.9 14.0 14.0 1
29.512092266663885 39.810717055349734 400.6 14.0 14.0 1
29.512092266663885 50.11872336272725 460.1 14.0 14.0 1
29.512092266663885 63.09573444801933 516.4 14.0 14.0 1
29.512092266663885 79.43282347242817 433.4 14.0 14.0 1
29.512092266663885 100.0 761.4 14.0 14.0 1
29.512092266663885 125.89254117941675 1231.0 14.0 14.0 1
29.512092266663885 158.48931924611142 1465.0 14.0 14.0 1
29.512092266663885 199.52623149688807 1702.0 14.0 14.0 1
29.512092266663885 251.18864315095823 1923.0 14.0 14.0 1
29.512092266663885 316.22776601683796 2029.0 14.0 14.0 1
29.512092266663885 398.1071705534973 2462.0 14.0 14.0 1
29.512092266663885 501.18723362727246 2373.0 14.0 14.0 1
29.512092266663885 630.9573444801937 2804.0 14.0 14.0 1
29.512092266663885 794.3282347242822 3368.0 14.0 14.0 1
29.512092266663885 1000.0 4120.0 14.0 14.0 1
29.512092266663885 1258.9254117941675 5020.0 14.0 14.0 1
29.512092266663885 1584.893192461114 6019.0 14.0 14.0 1
29.512092266663885 1995.262314968881 7171.0 14.0 14.0 1
29.512092266663885 2511.886431509582 8509.0 14.0 14.0 1
29.512092266663885 3162.2776601683795 10070.0 14.0 14.0 1
29.512092266663885 3981.0717055349733 11860.0 14.0 14.0 1
29.512092266663885 5011.872336272725 13970.0 14.0 14.0 1
29.512092266663885 6309.573444801937 16430.0 14.0 14.0 1
29.512092266663885 7943.282347242822 19300.0 14.0 14.0 1
29.512092266663885 10000.0 22620.0 14.0 14.0 1
30.199517204020193 1.0 0.0 14.0 15.0 13
30.199517204020193 1.2589254117941673 0.0 14.0 15.0 13
30.199517204020193 1.5848931924611136 0.0 14.0 15.0 13
30.199517204020193 1.9952623149688797 0.0 14.0 15.0 13
30.199517204020193 2.51188643150958 0.0 14.0 15.0 13
30.199517204020193 3.1622776601683795 21.46 14.0 13.0 2
30.199517204020193 3.981071705534973 24.22 14.0 13.0 2
30.199517204020193 5.011872336272724 26.87 14.0 13.0 2
30.199517204020193 6.309573444801933 32.24 14.0 13.0 2
30.199517204020193 7.943282347242816 36.26 14.0 13.0 2
30.199517204020193 10.0 46.96 14.0 13.0 2
30.199517204020193 12.589254117941675 64.36 14.0 14.0 1
30.199517204020193 15.848931924611142 258.6 14.0 14.0 1
30.199517204020193 19.952623149688797 240.8 14.0 14.0 1
30.199517204020193 25.11886431509581 297.2 14.0 14.0 1
30.199517204020193 31.622776601683793 350.9 14.0 14.0 1
30.199517204020193 39.810717055349734 402.5 14.0 14.0 1
30.199517204020193 50.11872336272725 459.9 14.0 14.0 1
30.199517204020193 63.09573444801933 342.2 14.0 14.0 1
30.199517204020193 79.43282347242817 726.1 14.0 14.0 1
30.199517204020193 100.0 1005.0 14.0 14.0 1
30.199517204020193 125.89254117941675 1226.0 14.0 14.0 1
30.199517204020193 158.48931924611142 1517.0 14.0 14.0 1
30.199517204020193 199.52623149688807 1736.0 14.0 14.0 1
30.199517204020193 251.18864315095823 1989.0 14.0 14.0 1
30.199517204020193 316.22776601683796 2048.0 14.0 14.0 1
30.199517204020193 398.1071705534973 2478.0 14.0 14.0 1
30.199517204020193 501.18723362727246 2349.0 14.0 14.0 1
30.199517204020193 630.9573444801937 2836.0 14.0 14.0 1
30.199517204020193 794.3282347242822 3411.0 14.0 14.0 1
30.199517204020193 1000.0 4162.0 14.0 14.0 1
30.199517204020193 1258.9254117941675 5076.0 14.0 14.0 1
30.199517204020193 1584.893192461114 6060.0 14.0 14.0 1
30.199517204020193 1995.262314968881 7253.0 14.0 14.0 1
30.199517204020193 2511.886431509582 8600.0 14.0 14.0 1
30.199517204020193 3162.2776601683795 10160.0 14.0 14.0 1
30.199517204020193 3981.0717055349733 11990.0 14.0 14.0 1
30.199517204020193 5011.872336272725 14110.0 14.0 14.0 1
30.199517204020193 6309.573444801937 16320.0 14.0 14.0 1
30.199517204020193 7943.282347242822 19460.0 14.0 14.0 1
30.199517204020193 10000.0 22810.0 14.0 14.0 1
30.902954325135937 1.0 0.0 14.0 15.0 13
30.902954325135937 1.2589254117941673 0.0 14.0 15.0 13
30.902954325135937 1.5848931924611136 0.0 14.0 15.0 13
30.902954325135937 1.9952623149688797 0.0 14.0 15.0 13
30.902954325135937 2.51188643150958 0.0 14.0 15.0 13
30.902954325135937 3.1622776601683795 29.31 14.0 13.0 2
30.902954325135937 3.981071705534973 25.53 14.0 13.0 2
30.902954325135937 5.011872336272724 26.27 14.0 13.0 2
30.902954325135937 6.309573444801933 34.41 14.0 13.0 2
30.902954325135937 7.943282347242816 35.54 14.0 13.0 2
30.902954325135937 10.0 46.33 14.0 13.0 2
30.902954325135937 12.589254117941675 58.09 14.0 14.0 1
30.902954325135937 15.848931924611142 263.1 14.0 14.0 1
30.902954325135937 19.952623149688797 312.2 14.0 14.0 1
30.902954325135937 25.11886431509581 303.6 14.0 14.0 1
30.902954325135937 31.622776601683793 348.4 14.0 14.0 1
30.902954325135937 39.810717055349734 401.7 14.0 14.0 1
30.902954325135937 50.11872336272725 335.9 14.0 14.0 1
30.902954325135937 63.09573444801933 537.4 14.0 14.0 1
30.902954325135937 79.43282347242817 808.6 14.0 14.0 1
30.902954325135937 100.0 1005.0 14.0 14.0 1
30.902954325135937 125.89254117941675 1284.0 14.0 14.0 1
30.902954325135937 158.48931924611142 1519.0 14.0 14.0 1
30.902954325135937 199.52623149688807 1714.0 14.0 14.0 1
30.902954325135937 251.18864315095823 1717.0 14.0 14.0 1
30.902954325135937 316.22776601683796 2038.0 14.0 14.0 1
30.902954325135937 398.1071705534973 2463.0 14.0 14.0 1
30.902954325135937 501.18723362727246 2418.0 14.0 14.0 1
30.902954325135937 630.9573444801937 2904.0 14.0 14.0 1
30.902954325135937 794.3282347242822 3463.0 14.0 14.0 1
30.902954325135937 1000.0 4207.0 14.0 14.0 1
30.902954325135937 1258.9254117941675 5118.0 14.0 14.0 1
30.902954325135937 1584.893192461114 6157.0 14.0 14.0 1
30.902954325135937 1995.262314968881 7334.0 14.0 14.0 1
30.902954325135937 2511.886431509582 8691.0 14.0 14.0 1
30.902954325135937 3162.2776601683795 10270.0 14.0 14.0 1
30.902954325135937 3981.0717055349733 12110.0 14.0 14.0 1
30.902954325135937 5011.872336272725 14240.0 14.0 14.0 1
30.902954325135937 6309.573444801937 16730.0 14.0 14.0 1
30.902954325135937 7943.282347242822 19620.0 14.0 14.0 1
30.902954325135937 10000.0 22990.0 14.0 14.0 1
31.622776601683825 1.0 0.0 14.0 15.0 13
31.622776601683825 1.2589254117941673 0.0 14.0 15.0 13
31.622776601683825 1.5848931924611136 0.0 14.0 15.0 13
31.622776601683825 1.9952623149688797 0.0 14.0 15.0 13
31.622776601683825 2.51188643150958 0.0 14.0 15.0 13
31.622776601683825 3.1622776601683795 55.41 14.0 13.0 2
31.622776601683825 3.981071705534973 36.24 14.0 13.0 2
31.622776601683825 5.011872336272724 25.26 14.0 13.0 2
31.622776601683825 6.309573444801933 36.76 14.0 13.0 2
31.622776601683825 7.943282347242816 37.6 14.0 13.0 2
31.622776601683825 10.0 46.17 14.0 13.0 2
31.622776601683825 12.589254117941675 208.4 14.0 14.0 1
31.622776601683825 15.848931924611142 232.5 14.0 14.0 1
31.622776601683825 19.952623149688797 270.5 14.0 14.0 1
31.622776601683825 25.11886431509581 305.8 14.0 14.0 1
31.622776601683825 31.622776601683793 353.3 14.0 14.0 1
31.622776601683825 39.810717055349734 404.4 14.0 14.0 1
31.622776601683825 50.11872336272725 338.3 14.0 14.0 1
31.622776601683825 63.09573444801933 475.5 14.0 14.0 1
31.622776601683825 79.43282347242817 808.4 14.0 14.0 1
31.622776601683825 100.0 1047.0 14.0 14.0 1
31.622776601683825 125.89254117941675 1270.0 14.0 14.0 1
31.622776601683825 158.48931924611142 1485.0 14.0 14.0 1
31.622776601683825 199.52623149688807 1707.0 14.0 14.0 1
31.622776601683825 251.18864315095823 1777.0 14.0 14.0 1
31.622776601683825 316.22776601683796 1843.0 14.0 14.0 1
31.622776601683825 398.1071705534973 2042.0 14.0 14.0 1
31.622776601683825 501.18723362727246 2439.0 14.0 14.0 1
31.622776601683825 630.9573444801937 2970.0 14.0 14.0 1
31.622776601683825 794.3282347242822 3527.0 14.0 14.0 1
31.622776601683825 1000.0 4272.0 14.0 14.0 1
31.622776601683825 1258.9254117941675 5208.0 14.0 14.0 1
31.622776601683825 1584.893192461114 6248.0 14.0 14.0 1
31.622776601683825 1995.262314968881 7431.0 14.0 14.0 1
31.622776601683825 2511.886431509582 8800.0 14.0 14.0 1
31.622776601683825 3162.2776601683795 10390.0 14.0 14.0 1
31.622776601683825 3981.0717055349733 12240.0 14.0 14.0 1
31.622776601683825 5011.872336272725 14380.0 14.0 14.0 1
31.622776601683825 6309.573444801937 16900.0 14.0 14.0 1
31.622776601683825 7943.282347242822 19810.0 14.0 14.0 1
31.622776601683825 10000.0 23200.0 14.0 14.0 1
32.35936569296286 1.0 0.0 14.0 15.0 13
32.35936569296286 1.2589254117941673 0.0 14.0 15.0 13
32.35936569296286 1.5848931924611136 0.0 14.0 15.0 13
32.35936569296286 1.9952623149688797 0.0 14.0 15.0 13
32.35936569296286 2.51188643150958 0.0 14.0 15.0 13
32.35936569296286 3.1622776601683795 700.6 14.0 13.0 2
32.35936569296286 3.981071705534973 61.55 14.0 13.0 2
32.35936569296286 5.011872336272724 29.37 14.0 13.0 2
32.35936569296286 6.309573444801933 37.57 14.0 13.0 2
32.35936569296286 7.943282347242816 38.85 14.0 13.0 2
32.35936569296286 10.0 177.5 14.0 14.0 1
32.35936569296286 12.589254117941675 201.5 14.0 14.0 1
32.35936569296286 15.848931924611142 234.2 14.0 14.0 1
32.35936569296286 19.952623149688797 260.6 14.0 14.0 1
32.35936569296286 25.11886431509581 298.4 14.0 14.0 1
32.35936569296286 31.622776601683793 347.5 14.0 14.0 1
32.35936569296286 39.810717055349734 397.2 14.0 14.0 1
32.35936569296286 50.11872336272725 393.9 14.0 14.0 1
32.35936569296286 63.09573444801933 471.2 14.0 14.0 1
32.35936569296286 79.43282347242817 766.6 14.0 14.0 1
32.35936569296286 100.0 1059.0 14.0 14.0 1
32.35936569296286 125.89254117941675 1321.0 14.0 14.0 1
32.35936569296286 158.48931924611142 1532.0 14.0 14.0 1
32.35936569296286 199.52623149688807 1431.0 14.0 14.0 1
32.35936569296286 251.18864315095823 1777.0 14.0 14.0 1
32.35936569296286 316.22776601683796 1881.0 14.0 14.0 1
32.35936569296286 398.1071705534973 2130.0 14.0 14.0 1
32.35936569296286 501.18723362727246 2524.0 14.0 14.0 1
32.35936569296286 630.9573444801937 2999.0 14.0 14.0 1
32.35936569296286 794.3282347242822 3598.0 14.0 14.0 1
32.35936569296286 1000.0 4359.0 14.0 14.0 1
32.35936569296286 1258.9254117941675 5296.0 14.0 14.0 1
32.35936569296286 1584.893192461114 6342.0 14.0 14.0 1
32.35936569296286 1995.262314968881 7533.0 14.0 14.0 1
32.35936569296286 2511.886431509582 8912.0 14.0 14.0 1
32.35936569296286 3162.2776601683795 10670.0 14.0 14.0 1
32.35936569296286 3981.0717055349733 12090.0 14.0 14.0 1
32.35936569296286 5011.872336272725 14570.0 14.0 14.0 1
32.35936569296286 6309.573444801937 17300.0 14.0 14.0 1
32.35936569296286 7943.282347242822 20280.0 14.0 14.0 1
32.35936569296286 10000.0 23740.0 14.0 14.0 1
33.11311214825915 1.0 0.0 14.0 15.0 13
33.11311214825915 1.2589254117941673 0.0 14.0 15.0 13
33.11311214825915 1.5848931924611136 0.0 14.0 15.0 13
33.11311214825915 1.9952623149688797 0.0 14.0 15.0 13
33.11311214825915 2.51188643150958 0.0 14.0 15.0 13
33.11311214825915 3.1622776601683795 873.2 14.0 13.0 2
33.11311214825915 3.981071705534973 744.0 14.0 13.0 2
33.11311214825915 5.011872336272724 56.23 14.0 13.0 2
33.11311214825915 6.309573444801933 45.5 14.0 13.0 2
33.11311214825915 7.943282347242816 42.08 14.0 13.0 2
33.11311214825915 10.0 177.8 14.0 14.0 1
33.11311214825915 12.589254117941675 203.7 14.0 14.0 1
33.11311214825915 15.848931924611142 250.3 14.0 14.0 1
33.11311214825915 19.952623149688797 269.2 14.0 14.0 1
33.11311214825915 25.11886431509581 296.7 14.0 14.0 1
33.11311214825915 31.622776601683793 348.0 14.0 14.0 1
33.11311214825915 39.810717055349734 391.9 14.0 14.0 1
33.11311214825915 50.11872336272725 407.3 14.0 14.0 1
33.11311214825915 63.09573444801933 470.6 14.0 14.0 1
33.11311214825915 79.43282347242817 878.4 14.0 14.0 1
33.11311214825915 100.0 1129.0 14.0 14.0 1
33.11311214825915 125.89254117941675 1319.0 14.0 14.0 1
33.11311214825915 158.48931924611142 1354.0 14.0 14.0 1
33.11311214825915 199.52623149688807 1588.0 14.0 14.0 1
33.11311214825915 251.18864315095823 1692.0 14.0 14.0 1
33.11311214825915 316.22776601683796 1929.0 14.0 14.0 1
33.11311214825915 398.1071705534973 2159.0 14.0 14.0 1
33.11311214825915 501.18723362727246 2573.0 14.0 14.0 1
33.11311214825915 630.9573444801937 3055.0 14.0 14.0 1
33.11311214825915 794.3282347242822 3663.0 14.0 14.0 1
33.11311214825915 1000.0 4444.0 14.0 14.0 1
33.11311214825915 1258.9254117941675 5379.0 14.0 14.0 1
33.11311214825915 1584.893192461114 6462.0 14.0 14.0 1
33.11311214825915 1995.262314968881 7549.0 14.0 14.0 1
33.11311214825915 2511.886431509582 9076.0 14.0 14.0 1
33.11311214825915 3162.2776601683795 10620.0 14.0 14.0 1
33.11311214825915 3981.0717055349733 12490.0 14.0 14.0 1
33.11311214825915 5011.872336272725 14670.0 14.0 14.0 1
33.11311214825915 6309.573444801937 17300.0 14.0 14.0 1
33.11311214825915 7943.282347242822 20150.0 14.0 14.0 1
33.11311214825915 10000.0 23590.0 14.0 14.0 1
33.88441561392029 1.0 0.0 14.0 15.0 13
33.88441561392029 1.2589254117941673 0.0 14.0 15.0 13
33.88441561392029 1.5848931924611136 0.0 14.0 15.0 13
33.88441561392029 1.9952623149688797 0.0 14.0 15.0 13
33.88441561392029 2.51188643150958 0.0 14.0 15.0 13
33.88441561392029 3.1622776601683795 1097.0 14.0 13.0 2
33.88441561392029 3.981071705534973 781.1 14.0 13.0 2
33.88441561392029 5.011872336272724 699.5 14.0 13.0 2
33.88441561392029 6.309573444801933 55.72 14.0 13.0 2
33.88441561392029 7.943282347242816 141.6 14.0 14.0 1
33.88441561392029 10.0 176.2 14.0 14.0 1
33.88441561392029 12.589254117941675 209.7 14.0 14.0 1
33.88441561392029 15.848931924611142 250.9 14.0 14.0 1
33.88441561392029 19.952623149688797 256.6 14.0 14.0 1
33.88441561392029 25.11886431509581 307.5 14.0 14.0 1
33.88441561392029 31.622776601683793 351.4 14.0 14.0 1
33.88441561392029 39.810717055349734 313.9 14.0 14.0 1
33.88441561392029 50.11872336272725 400.6 14.0 14.0 1
33.88441561392029 63.09573444801933 552.3 14.0 14.0 1
33.88441561392029 79.43282347242817 898.4 14.0 14.0 1
33.88441561392029 100.0 1149.0 14.0 14.0 1
33.88441561392029 125.89254117941675 1246.0 14.0 14.0 1
33.88441561392029 158.48931924611142 1422.0 14.0 14.0 1
33.88441561392029 199.52623149688807 1544.0 14.0 14.0 1
33.88441561392029 251.18864315095823 1646.0 14.0 14.0 1
33.88441561392029 316.22776601683796 1922.0 14.0 14.0 1
33.88441561392029 398.1071705534973 2186.0 14.0 14.0 1
33.88441561392029 501.18723362727246 2650.0 14.0 14.0 1
33.88441561392029 630.9573444801937 3123.0 14.0 14.0 1
33.88441561392029 794.3282347242822 3786.0 14.0 14.0 1
33.88441561392029 1000.0 4508.0 14.0 14.0 1
33.88441561392029 1258.9254117941675 5440.0 14.0 14.0 1
33.88441561392029 1584.893192461114 6534.0 14.0 14.0 1
33.88441561392029 1995.262314968881 7683.0 14.0 14.0 1
33.88441561392029 2511.886431509582 9069.0 14.0 14.0 1
33.88441561392029 3162.2776601683795 10680.0 14.0 14.0 1
33.88441561392029 3981.0717055349733 12560.0 14.0 14.0 1
33.88441561392029 5011.872336272725 14740.0 14.0 14.0 1
33.88441561392029 6309.573444801937 17400.0 14.0 14.0 1
33.88441561392029 7943.282347242822 20240.0 14.0 14.0 1
33.88441561392029 10000.0 23680.0 14.0 14.0 1
34.6736850452532 1.0 0.0 14.0 15.0 13
34.6736850452532 1.2589254117941673 0.0 14.0 15.0 13
34.6736850452532 1.5848931924611136 0.0 14.0 15.0 13
34.6736850452532 1.9952623149688797 0.0 14.0 15.0 13
34.6736850452532 2.51188643150958 0.0 14.0 15.0 13
34.6736850452532 3.1622776601683795 1631.0 14.0 13.0 2
34.6736850452532 3.981071705534973 850.3 14.0 13.0 2
34.6736850452532 5.011872336272724 808.0 14.0 13.0 2
34.6736850452532 6.309573444801933 688.4 14.0 13.0 2
34.6736850452532 7.943282347242816 143.4 14.0 14.0 1
34.6736850452532 10.0 157.4 14.0 14.0 1
34.6736850452532 12.589254117941675 190.4 14.0 14.0 1
34.6736850452532 15.848931924611142 151.0 14.0 14.0 1
34.6736850452532 19.952623149688797 273.9 14.0 14.0 1
34.6736850452532 25.11886431509581 296.4 14.0 14.0 1
34.6736850452532 31.622776601683793 283.8 14.0 14.0 1
34.6736850452532 39.810717055349734 346.8 14.0 14.0 1
34.6736850452532 50.11872336272725 403.6 14.0 14.0 1
34.6736850452532 63.09573444801933 688.0 14.0 14.0 1
34.6736850452532 79.43282347242817 953.4 14.0 14.0 1
34.6736850452532 100.0 1137.0 14.0 14.0 1
34.6736850452532 125.89254117941675 1232.0 14.0 14.0 1
34.6736850452532 158.48931924611142 1426.0 14.0 14.0 1
34.6736850452532 199.52623149688807 1505.0 14.0 14.0 1
34.6736850452532 251.18864315095823 1566.0 14.0 14.0 1
34.6736850452532 316.22776601683796 1920.0 14.0 14.0 1
34.6736850452532 398.1071705534973 2213.0 14.0 14.0 1
34.6736850452532 501.18723362727246 2656.0 14.0 14.0 1
34.6736850452532 630.9573444801937 3130.0 14.0 14.0 1
34.6736850452532 794.3282347242822 3802.0 14.0 14.0 1
34.6736850452532 1000.0 4491.0 14.0 14.0 1
34.6736850452532 1258.9254117941675 5481.0 14.0 14.0 1
34.6736850452532 1584.893192461114 6523.0 14.0 14.0 1
34.6736850452532 1995.262314968881 7718.0 14.0 14.0 1
34.6736850452532 2511.886431509582 9106.0 14.0 14.0 1
34.6736850452532 3162.2776601683795 10720.0 14.0 14.0 1
34.6736850452532 3981.0717055349733 12590.0 14.0 14.0 1
34.6736850452532 5011.872336272725 14770.0 14.0 14.0 1
34.6736850452532 6309.573444801937 17320.0 14.0 14.0 1
34.6736850452532 7943.282347242822 20270.0 14.0 14.0 1
34.6736850452532 10000.0 24300.0 14.0 14.0 1
35.48133892335758 1.0 0.0 14.0 15.0 13
35.48133892335758 1.2589254117941673 0.0 14.0 15.0 13
35.48133892335758 1.5848931924611136 0.0 14.0 15.0 13
35.48133892335758 1.9952623149688797 0.0 14.0 15.0 13
35.48133892335758 2.51188643150958 0.0 14.0 15.0 13
35.48133892335758 3.1622776601683795 1459.0 14.0 13.0 2
35.48133892335758 3.981071705534973 1419.0 14.0 13.0 2
35.48133892335758 5.011872336272724 879.9 14.0 13.0 2
35.48133892335758 6.309573444801933 807.3 14.0 13.0 2
35.48133892335758 7.943282347242816 148.5 14.0 14.0 1
35.48133892335758 10.0 167.2 14.0 14.0 1
35.48133892335758 12.589254117941675 124.8 14.0 14.0 1
35.48133892335758 15.848931924611142 164.5 14.0 14.0 1
35.48133892335758 19.952623149688797 207.2 14.0 14.0 1
35.48133892335758 25.11886431509581 265.9 14.0 14.0 1
35.48133892335758 31.622776601683793 316.2 14.0 14.0 1
35.48133892335758 39.810717055349734 354.4 14.0 14.0 1
35.48133892335758 50.11872336272725 529.2 14.0 14.0 1
35.48133892335758 63.09573444801933 741.9 14.0 14.0 1
35.48133892335758 79.43282347242817 886.5 14.0 14.0 1
35.48133892335758 100.0 1106.0 14.0 14.0 1
35.48133892335758 125.89254117941675 1158.0 14.0 14.0 1
35.48133892335758 158.48931924611142 1342.0 14.0 14.0 1
35.48133892335758 199.52623149688807 1371.0 14.0 14.0 1
35.48133892335758 251.18864315095823 1602.0 14.0 14.0 1
35.48133892335758 316.22776601683796 2002.0 14.0 14.0 1
35.48133892335758 398.1071705534973 2307.0 14.0 14.0 1
35.48133892335758 501.18723362727246 2602.0 14.0 14.0 1
35.48133892335758 630.9573444801937 3227.0 14.0 14.0 1
35.48133892335758 794.3282347242822 3728.0 14.0 14.0 1
35.48133892335758 1000.0 4610.0 14.0 14.0 1
35.48133892335758 1258.9254117941675 5527.0 14.0 14.0 1
35.48133892335758 1584.893192461114 6758.0 14.0 14.0 1
35.48133892335758 1995.262314968881 7759.0 14.0 14.0 1
35.48133892335758 2511.886431509582 9144.0 14.0 14.0 1
35.48133892335758 3162.2776601683795 10750.0 14.0 14.0 1
35.48133892335758 3981.0717055349733 12840.0 14.0 14.0 1
35.48133892335758 5011.872336272725 15060.0 14.0 14.0 1
35.48133892335758 6309.573444801937 17350.0 14.0 14.0 1
35.48133892335758 7943.282347242822 20320.0 14.0 14.0 1
35.48133892335758 10000.0 23750.0 14.0 14.0 1
36.30780547701018 1.0 0.0 14.0 15.0 13
36.30780547701018 1.2589254117941673 0.0 14.0 15.0 13
36.30780547701018 1.5848931924611136 0.0 14.0 15.0 13
36.30780547701018 1.9952623149688797 0.0 14.0 15.0 13
36.30780547701018 2.51188643150958 0.0 14.0 15.0 13
36.30780547701018 3.1622776601683795 1350.0 14.0 13.0 2
36.30780547701018 3.981071705534973 1181.0 14.0 13.0 2
36.30780547701018 5.011872336272724 1064.0 14.0 13.0 2
36.30780547701018 6.309573444801933 28.87 14.0 14.0 1
36.30780547701018 7.943282347242816 158.0 14.0 14.0 1
36.30780547701018 10.0 175.7 14.0 14.0 1
36.30780547701018 12.589254117941675 204.0 14.0 14.0 1
36.30780547701018 15.848931924611142 179.6 14.0 14.0 1
36.30780547701018 19.952623149688797 231.1 14.0 14.0 1
36.30780547701018 25.11886431509581 289.5 14.0 14.0 1
36.30780547701018 31.622776601683793 332.5 14.0 14.0 1
36.30780547701018 39.810717055349734 362.7 14.0 14.0 1
36.30780547701018 50.11872336272725 558.1 14.0 14.0 1
36.30780547701018 63.09573444801933 766.6 14.0 14.0 1
36.30780547701018 79.43282347242817 929.7 14.0 14.0 1
36.30780547701018 100.0 1023.0 14.0 14.0 1
36.30780547701018 125.89254117941675 1186.0 14.0 14.0 1
36.30780547701018 158.48931924611142 1280.0 14.0 14.0 1
36.30780547701018 199.52623149688807 1402.0 14.0 14.0 1
36.30780547701018 251.18864315095823 1635.0 14.0 14.0 1
36.30780547701018 316.22776601683796 1951.0 14.0 14.0 1
36.30780547701018 398.1071705534973 2322.0 14.0 14.0 1
36.30780547701018 501.18723362727246 2651.0 14.0 14.0 1
36.30780547701018 630.9573444801937 3335.0 14.0 14.0 1
36.30780547701018 794.3282347242822 3880.0 14.0 14.0 1
36.30780547701018 1000.0 4692.0 14.0 14.0 1
36.30780547701018 1258.9254117941675 5606.0 14.0 14.0 1
36.30780547701018 1584.893192461114 6784.0 14.0 14.0 1
36.30780547701018 1995.262314968881 7846.0 14.0 14.0 1
36.30780547701018 2511.886431509582 9239.0 14.0 14.0 1
36.30780547701018 3162.2776601683795 10860.0 14.0 14.0 1
36.30780547701018 3981.0717055349733 12740.0 14.0 14.0 1
36.30780547701018 5011.872336272725 14940.0 14.0 14.0 1
36.30780547701018 6309.573444801937 17490.0 14.0 14.0 1
36.30780547701018 7943.282347242822 20470.0 14.0 14.0 1
36.30780547701018 10000.0 23940.0 14.0 14.0 1
37.153522909717296 1.0 0.0 14.0 15.0 13
37.153522909717296 1.2589254117941673 0.0 14.0 15.0 13
37.153522909717296 1.5848931924611136 0.0 14.0 15.0 13
37.153522909717296 1.9952623149688797 0.0 14.0 15.0 13
37.153522909717296 2.51188643150958 0.0 14.0 15.0 13
37.153522909717296 3.1622776601683795 1253.0 14.0 13.0 2
37.153522909717296 3.981071705534973 1489.0 14.0 13.0 2
37.153522909717296 5.011872336272724 1253.0 14.0 13.0 2
37.153522909717296 6.309573444801933 29.27 14.0 14.0 1
37.153522909717296 7.943282347242816 166.3 14.0 14.0 1
37.153522909717296 10.0 184.4 14.0 14.0 1
37.153522909717296 12.589254117941675 207.7 14.0 14.0 1
37.153522909717296 15.848931924611142 235.4 14.0 14.0 1
37.153522909717296 19.952623149688797 267.7 14.0 14.0 1
37.153522909717296 25.11886431509581 371.7 14.0 14.0 1
37.153522909717296 31.622776601683793 363.8 14.0 14.0 1
37.153522909717296 39.810717055349734 353.8 14.0 14.0 1
37.153522909717296 50.11872336272725 558.0 14.0 14.0 1
37.153522909717296 63.09573444801933 767.2 14.0 14.0 1
37.153522909717296 79.43282347242817 938.4 14.0 14.0 1
37.153522909717296 100.0 1056.0 14.0 14.0 1
37.153522909717296 125.89254117941675 1148.0 14.0 14.0 1
37.153522909717296 158.48931924611142 1277.0 14.0 14.0 1
37.153522909717296 199.52623149688807 1414.0 14.0 14.0 1
37.153522909717296 251.18864315095823 1676.0 14.0 14.0 1
37.153522909717296 316.22776601683796 1909.0 14.0 14.0 1
37.153522909717296 398.1071705534973 2381.0 14.0 14.0 1
37.153522909717296 501.18723362727246 2849.0 14.0 14.0 1
37.153522909717296 630.9573444801937 3463.0 14.0 14.0 1
37.153522909717296 794.3282347242822 4000.0 14.0 14.0 1
37.153522909717296 1000.0 4812.0 14.0 14.0 1
37.153522909717296 1258.9254117941675 5728.0 14.0 14.0 1
37.153522909717296 1584.893192461114 6776.0 14.0 14.0 1
37.153522909717296 1995.262314968881 8196.0 14.0 14.0 1
37.153522909717296 2511.886431509582 9398.0 14.0 14.0 1
37.153522909717296 3162.2776601683795 11040.0 14.0 14.0 1
37.153522909717296 3981.0717055349733 12950.0 14.0 14.0 1
37.153522909717296 5011.872336272725 15520.0 14.0 14.0 1
37.153522909717296 6309.573444801937 18390.0 14.0 14.0 1
37.153522909717296 7943.282347242822 21520.0 14.0 14.0 1
37.153522909717296 10000.0 25210.0 14.0 14.0 1
38.01893963205617 1.0 0.0 14.0 15.0 13
38.01893963205617 1.2589254117941673 0.0 14.0 15.0 13
38.01893963205617 1.5848931924611136 0.0 14.0 15.0 13
38.01893963205617 1.9952623149688797 0.0 14.0 15.0 13
38.01893963205617 2.51188643150958 0.0 14.0 15.0 13
38.01893963205617 3.1622776601683795 1329.0 14.0 13.0 2
38.01893963205617 3.981071705534973 1345.0 14.0 13.0 2
38.01893963205617 5.011872336272724 1624.0 14.0 13.0 2
38.01893963205617 6.309573444801933 144.8 14.0 14.0 1
38.01893963205617 7.943282347242816 170.5 14.0 14.0 1
38.01893963205617 10.0 194.6 14.0 14.0 1
38.01893963205617 12.589254117941675 218.8 14.0 14.0 1
38.01893963205617 15.848931924611142 243.6 14.0 14.0 1
38.01893963205617 19.952623149688797 269.2 14.0 14.0 1
38.01893963205617 25.11886431509581 424.7 14.0 14.0 1
38.01893963205617 31.622776601683793 371.2 14.0 14.0 1
38.01893963205617 39.810717055349734 336.2 14.0 14.0 1
38.01893963205617 50.11872336272725 592.4 14.0 14.0 1
38.01893963205617 63.09573444801933 776.3 14.0 14.0 1
38.01893963205617 79.43282347242817 918.4 14.0 14.0 1
38.01893963205617 100.0 1065.0 14.0 14.0 1
38.01893963205617 125.89254117941675 1140.0 14.0 14.0 1
38.01893963205617 158.48931924611142 1220.0 14.0 14.0 1
38.01893963205617 199.52623149688807 1441.0 14.0 14.0 1
38.01893963205617 251.18864315095823 1649.0 14.0 14.0 1
38.01893963205617 316.22776601683796 2059.0 14.0 14.0 1
38.01893963205617 398.1071705534973 2537.0 14.0 14.0 1
38.01893963205617 501.18723362727246 2967.0 14.0 14.0 1
38.01893963205617 630.9573444801937 3508.0 14.0 14.0 1
38.01893963205617 794.3282347242822 4287.0 14.0 14.0 1
38.01893963205617 1000.0 4939.0 14.0 14.0 1
38.01893963205617 1258.9254117941675 5857.0 14.0 14.0 1
38.01893963205617 1584.893192461114 6916.0 14.0 14.0 1
38.01893963205617 1995.262314968881 8461.0 14.0 14.0 1
38.01893963205617 2511.886431509582 9574.0 14.0 14.0 1
38.01893963205617 3162.2776601683795 11690.0 14.0 14.0 1
38.01893963205617 3981.0717055349733 13700.0 14.0 14.0 1
38.01893963205617 5011.872336272725 15420.0 14.0 14.0 1
38.01893963205617 6309.573444801937 17750.0 14.0 14.0 1
38.01893963205617 7943.282347242822 21110.0 14.0 14.0 1
38.01893963205617 10000.0 25310.0 14.0 14.0 1
38.90451449942811 1.0 0.0 14.0 15.0 13
38.90451449942811 1.2589254117941673 0.0 14.0 15.0 13
38.90451449942811 1.5848931924611136 0.0 14.0 15.0 13
38.90451449942811 1.9952623149688797 0.0 14.0 15.0 13
38.90451449942811 2.51188643150958 0.0 14.0 15.0 13
38.90451449942811 3.1622776601683795 1361.0 14.0 13.0 2
38.90451449942811 3.981071705534973 1354.0 14.0 13.0 2
38.90451449942811 5.011872336272724 1719.0 14.0 13.0 2
38.90451449942811 6.309573444801933 147.3 14.0 14.0 1
38.90451449942811 7.943282347242816 174.3 14.0 14.0 1
38.90451449942811 10.0 204.7 14.0 14.0 1
38.90451449942811 12.589254117941675 229.4 14.0 14.0 1
38.90451449942811 15.848931924611142 254.3 14.0 14.0 1
38.90451449942811 19.952623149688797 255.4 14.0 14.0 1
38.90451449942811 25.11886431509581 419.6 14.0 14.0 1
38.90451449942811 31.622776601683793 374.4 14.0 14.0 1
38.90451449942811 39.810717055349734 413.7 14.0 14.0 1
38.90451449942811 50.11872336272725 635.0 14.0 14.0 1
38.90451449942811 63.09573444801933 776.3 14.0 14.0 1
38.90451449942811 79.43282347242817 883.1 14.0 14.0 1
38.90451449942811 100.0 1026.0 14.0 14.0 1
38.90451449942811 125.89254117941675 1146.0 14.0 14.0 1
38.90451449942811 158.48931924611142 1213.0 14.0 14.0 1
38.90451449942811 199.52623149688807 1499.0 14.0 14.0 1
38.90451449942811 251.18864315095823 1756.0 14.0 14.0 1
38.90451449942811 316.22776601683796 2159.0 14.0 14.0 1
38.90451449942811 398.1071705534973 2514.0 14.0 14.0 1
38.90451449942811 501.18723362727246 2910.0 14.0 14.0 1
38.90451449942811 630.9573444801937 3634.0 14.0 14.0 1
38.90451449942811 794.3282347242822 4209.0 14.0 14.0 1
38.90451449942811 1000.0 5239.0 14.0 14.0 1
38.90451449942811 1258.9254117941675 5948.0 14.0 14.0 1
38.90451449942811 1584.893192461114 7015.0 14.0 14.0 1
38.90451449942811 1995.262314968881 8257.0 14.0 14.0 1
38.90451449942811 2511.886431509582 9630.0 14.0 14.0 1
38.90451449942811 3162.2776601683795 11380.0 14.0 14.0 1
38.90451449942811 3981.0717055349733 13330.0 14.0 14.0 1
38.90451449942811 5011.872336272725 15620.0 14.0 14.0 1
38.90451449942811 6309.573444801937 19060.0 14.0 14.0 1
38.90451449942811 7943.282347242822 21350.0 14.0 14.0 1
38.90451449942811 10000.0 25690.0 14.0 14.0 1
39.81071705534978 1.0 0.0 14.0 15.0 13
39.81071705534978 1.2589254117941673 0.0 14.0 15.0 13
39.81071705534978 1.5848931924611136 0.0 14.0 15.0 13
39.81071705534978 1.9952623149688797 0.0 14.0 15.0 13
39.81071705534978 2.51188643150958 0.0 14.0 15.0 13
39.81071705534978 3.1622776601683795 1375.0 14.0 13.0 2
39.81071705534978 3.981071705534973 1412.0 14.0 13.0 2
39.81071705534978 5.011872336272724 28.17 14.0 14.0 1
39.81071705534978 6.309573444801933 147.7 14.0 14.0 1
39.81071705534978 7.943282347242816 185.1 14.0 14.0 1
39.81071705534978 10.0 253.2 14.0 14.0 1
39.81071705534978 12.589254117941675 257.6 14.0 14.0 1
39.81071705534978 15.848931924611142 326.8 14.0 14.0 1
39.81071705534978 19.952623149688797 381.2 14.0 14.0 1
39.81071705534978 25.11886431509581 414.6 14.0 14.0 1
39.81071705534978 31.622776601683793 525.0 14.0 14.0 1
39.81071705534978 39.810717055349734 627.5 14.0 14.0 1
39.81071705534978 50.11872336272725 736.0 14.0 14.0 1
39.81071705534978 63.09573444801933 883.0 14.0 14.0 1
39.81071705534978 79.43282347242817 1020.0 14.0 14.0 1
39.81071705534978 100.0 1037.0 14.0 14.0 1
39.81071705534978 125.89254117941675 1062.0 14.0 14.0 1
39.81071705534978 158.48931924611142 1262.0 14.0 14.0 1
39.81071705534978 199.52623149688807 1469.0 14.0 14.0 1
39.81071705534978 251.18864315095823 1674.0 14.0 14.0 1
39.81071705534978 316.22776601683796 2018.0 14.0 14.0 1
39.81071705534978 398.1071705534973 2472.0 14.0 14.0 1
39.81071705534978 501.18723362727246 2947.0 14.0 14.0 1
39.81071705534978 630.9573444801937 3555.0 14.0 14.0 1
39.81071705534978 794.3282347242822 4253.0 14.0 14.0 1
39.81071705534978 1000.0 5058.0 14.0 14.0 1
39.81071705534978 1258.9254117941675 6243.0 14.0 14.0 1
39.81071705534978 1584.893192461114 7355.0 14.0 14.0 1
39.81071705534978 1995.262314968881 8290.0 14.0 14.0 1
39.81071705534978 2511.886431509582 10160.0 14.0 14.0 1
39.81071705534978 3162.2776601683795 11910.0 14.0 14.0 1
39.81071705534978 3981.0717055349733 13370.0 14.0 14.0 1
39.81071705534978 5011.872336272725 15650.0 14.0 14.0 1
39.81071705534978 6309.573444801937 18310.0 14.0 14.0 1
39.81071705534978 7943.282347242822 21400.0 14.0 14.0 1
39.81071705534978 10000.0 26070.0 14.0 14.0 1
