primary_mass period seperation pri_state sec_state case
10.0 1.0 0.0 13.0 15.0 13
10.0 1.2589254117941673 0.0 13.0 15.0 13
10.0 1.5848931924611136 0.0 14.0 15.0 13
10.0 1.9952623149688797 0.0 13.0 15.0 13
10.0 2.51188643150958 0.0 13.0 15.0 13
10.0 3.1622776601683795 0.0 15.0 13.0 13
10.0 3.981071705534973 0.0 11.0 13.0 11
10.0 5.011872336272724 0.0 15.0 13.0 13
10.0 6.309573444801933 0.0 13.0 15.0 13
10.0 7.943282347242816 0.0 15.0 13.0 13
10.0 10.0 0.0 15.0 12.0 13
10.0 12.589254117941675 0.0 15.0 13.0 13
10.0 15.848931924611142 0.0 15.0 12.0 13
10.0 19.952623149688797 0.0 15.0 12.0 13
10.0 25.11886431509581 0.0 15.0 12.0 13
10.0 31.622776601683793 0.0 15.0 12.0 13
10.0 39.810717055349734 0.0 15.0 11.0 13
10.0 50.11872336272725 0.0 15.0 11.0 13
10.0 63.09573444801933 0.0 15.0 11.0 13
10.0 79.43282347242817 0.0 15.0 11.0 13
10.0 100.0 0.0 15.0 11.0 13
10.0 125.89254117941675 0.0 15.0 11.0 13
10.0 158.48931924611142 0.0 15.0 11.0 13
10.0 199.52623149688807 0.0 15.0 11.0 13
10.0 251.18864315095823 0.0 15.0 11.0 13
10.0 316.22776601683796 0.0 15.0 11.0 13
10.0 398.1071705534973 0.0 15.0 11.0 13
10.0 501.18723362727246 0.8936 13.0 11.0 4
10.0 630.9573444801937 11.52 12.0 11.0 4
10.0 794.3282347242822 16.68 12.0 11.0 4
10.0 1000.0 8.587 12.0 11.0 4
10.0 1258.9254117941675 28.89 12.0 11.0 4
10.0 1584.893192461114 49.35 13.0 12.0 4
10.0 1995.262314968881 12260.0 13.0 11.0 4
10.0 2511.886431509582 735900.0 13.0 11.0 4
10.0 3162.2776601683795 932700.0 13.0 11.0 4
10.0 3981.0717055349733 1170000.0 13.0 11.0 4
10.0 5011.872336272725 1453000.0 13.0 11.0 4
10.0 6309.573444801937 1784000.0 13.0 11.0 4
10.0 7943.282347242822 2171000.0 13.0 11.0 4
10.0 10000.0 2623000.0 13.0 11.0 4
10.232929922807541 1.0 0.0 13.0 15.0 13
10.232929922807541 1.2589254117941673 0.0 14.0 15.0 13
10.232929922807541 1.5848931924611136 0.0 14.0 15.0 13
10.232929922807541 1.9952623149688797 0.0 13.0 15.0 13
10.232929922807541 2.51188643150958 0.0 13.0 15.0 13
10.232929922807541 3.1622776601683795 0.0 15.0 13.0 13
10.232929922807541 3.981071705534973 0.0 11.0 13.0 11
10.232929922807541 5.011872336272724 0.0 15.0 13.0 13
10.232929922807541 6.309573444801933 1.101 13.0 11.0 4
10.232929922807541 7.943282347242816 0.0 15.0 13.0 13
10.232929922807541 10.0 0.0 15.0 12.0 13
10.232929922807541 12.589254117941675 0.0 15.0 13.0 13
10.232929922807541 15.848931924611142 0.0 15.0 13.0 13
10.232929922807541 19.952623149688797 0.0 15.0 12.0 13
10.232929922807541 25.11886431509581 0.0 15.0 12.0 13
10.232929922807541 31.622776601683793 0.0 15.0 11.0 13
10.232929922807541 39.810717055349734 0.0 15.0 11.0 13
10.232929922807541 50.11872336272725 0.0 15.0 11.0 13
10.232929922807541 63.09573444801933 0.0 15.0 11.0 13
10.232929922807541 79.43282347242817 0.0 15.0 11.0 13
10.232929922807541 100.0 0.0 15.0 11.0 13
10.232929922807541 125.89254117941675 0.0 15.0 11.0 13
10.232929922807541 158.48931924611142 0.0 15.0 11.0 13
10.232929922807541 199.52623149688807 0.9018 13.0 11.0 4
10.232929922807541 251.18864315095823 0.9018 13.0 11.0 4
10.232929922807541 316.22776601683796 0.9011 13.0 11.0 4
10.232929922807541 398.1071705534973 0.9005 13.0 11.0 4
10.232929922807541 501.18723362727246 7.348 13.0 11.0 4
10.232929922807541 630.9573444801937 11.0 13.0 11.0 4
10.232929922807541 794.3282347242822 16.79 13.0 11.0 4
10.232929922807541 1000.0 9.146 12.0 11.0 4
10.232929922807541 1258.9254117941675 23.48 12.0 11.0 4
10.232929922807541 1584.893192461114 48.63 13.0 12.0 4
10.232929922807541 1995.262314968881 11560.0 13.0 11.0 4
10.232929922807541 2511.886431509582 583500.0 13.0 11.0 4
10.232929922807541 3162.2776601683795 737100.0 13.0 11.0 4
10.232929922807541 3981.0717055349733 922600.0 13.0 11.0 4
10.232929922807541 5011.872336272725 1143000.0 13.0 11.0 4
10.232929922807541 6309.573444801937 1401000.0 13.0 11.0 4
10.232929922807541 7943.282347242822 1701000.0 13.0 11.0 4
10.232929922807541 10000.0 2050000.0 13.0 11.0 4
10.471285480508996 1.0 0.0 14.0 15.0 13
10.471285480508996 1.2589254117941673 0.0 14.0 15.0 13
10.471285480508996 1.5848931924611136 0.0 14.0 15.0 13
10.471285480508996 1.9952623149688797 0.0 13.0 15.0 13
10.471285480508996 2.51188643150958 0.0 15.0 13.0 13
10.471285480508996 3.1622776601683795 0.0 15.0 13.0 13
10.471285480508996 3.981071705534973 0.0 11.0 13.0 11
10.471285480508996 5.011872336272724 0.0 15.0 13.0 13
10.471285480508996 6.309573444801933 1.108 13.0 11.0 4
10.471285480508996 7.943282347242816 0.0 15.0 13.0 13
10.471285480508996 10.0 0.0 15.0 12.0 13
10.471285480508996 12.589254117941675 0.0 15.0 13.0 13
10.471285480508996 15.848931924611142 0.0 15.0 12.0 13
10.471285480508996 19.952623149688797 0.0 15.0 13.0 13
10.471285480508996 25.11886431509581 0.0 15.0 13.0 13
10.471285480508996 31.622776601683793 0.0 15.0 13.0 13
10.471285480508996 39.810717055349734 0.0 15.0 13.0 13
10.471285480508996 50.11872336272725 0.0 15.0 13.0 13
10.471285480508996 63.09573444801933 0.0 15.0 13.0 13
10.471285480508996 79.43282347242817 0.0 15.0 13.0 13
10.471285480508996 100.0 0.0 15.0 13.0 13
10.471285480508996 125.89254117941675 0.0 15.0 13.0 13
10.471285480508996 158.48931924611142 0.0 13.0 15.0 13
10.471285480508996 199.52623149688807 0.0 13.0 15.0 13
10.471285480508996 251.18864315095823 0.0 13.0 15.0 13
10.471285480508996 316.22776601683796 0.0 13.0 15.0 13
10.471285480508996 398.1071705534973 0.0 13.0 15.0 13
10.471285480508996 501.18723362727246 0.0 15.0 13.0 13
10.471285480508996 630.9573444801937 0.9044 13.0 11.0 4
10.471285480508996 794.3282347242822 0.9035 13.0 11.0 4
10.471285480508996 1000.0 0.9036 13.0 11.0 4
10.471285480508996 1258.9254117941675 0.8998 13.0 11.0 4
10.471285480508996 1584.893192461114 66.2 13.0 12.0 4
10.471285480508996 1995.262314968881 10870.0 13.0 12.0 4
10.471285480508996 2511.886431509582 476800.0 13.0 12.0 4
10.471285480508996 3162.2776601683795 601800.0 13.0 12.0 4
10.471285480508996 3981.0717055349733 752800.0 13.0 12.0 4
10.471285480508996 5011.872336272725 931600.0 13.0 12.0 4
10.471285480508996 6309.573444801937 1141000.0 13.0 12.0 4
10.471285480508996 7943.282347242822 1385000.0 13.0 12.0 4
10.471285480508996 10000.0 1668000.0 13.0 12.0 4
10.715193052376065 1.0 0.0 14.0 15.0 13
10.715193052376065 1.2589254117941673 0.0 14.0 15.0 13
10.715193052376065 1.5848931924611136 0.0 14.0 15.0 13
10.715193052376065 1.9952623149688797 0.0 13.0 15.0 13
10.715193052376065 2.51188643150958 0.0 15.0 13.0 13
10.715193052376065 3.1622776601683795 0.0 15.0 13.0 13
10.715193052376065 3.981071705534973 0.0 11.0 13.0 11
10.715193052376065 5.011872336272724 0.0 15.0 13.0 13
10.715193052376065 6.309573444801933 0.0 13.0 15.0 13
10.715193052376065 7.943282347242816 0.0 15.0 13.0 13
10.715193052376065 10.0 0.0 15.0 13.0 13
10.715193052376065 12.589254117941675 0.0 15.0 13.0 13
10.715193052376065 15.848931924611142 0.0 15.0 13.0 13
10.715193052376065 19.952623149688797 0.0 15.0 13.0 13
10.715193052376065 25.11886431509581 0.0 15.0 13.0 13
10.715193052376065 31.622776601683793 0.0 15.0 13.0 13
10.715193052376065 39.810717055349734 0.0 15.0 13.0 13
10.715193052376065 50.11872336272725 0.0 15.0 13.0 13
10.715193052376065 63.09573444801933 0.0 15.0 13.0 13
10.715193052376065 79.43282347242817 0.0 15.0 13.0 13
10.715193052376065 100.0 0.0 15.0 13.0 13
10.715193052376065 125.89254117941675 0.0 13.0 15.0 13
10.715193052376065 158.48931924611142 0.0 13.0 15.0 13
10.715193052376065 199.52623149688807 0.0 13.0 15.0 13
10.715193052376065 251.18864315095823 0.0 13.0 15.0 13
10.715193052376065 316.22776601683796 0.0 13.0 15.0 13
10.715193052376065 398.1071705534973 0.0 13.0 15.0 13
10.715193052376065 501.18723362727246 0.0 15.0 13.0 13
10.715193052376065 630.9573444801937 0.903 13.0 11.0 4
10.715193052376065 794.3282347242822 0.9041 13.0 11.0 4
10.715193052376065 1000.0 0.904 13.0 11.0 4
10.715193052376065 1258.9254117941675 0.3385 13.0 11.0 4
10.715193052376065 1584.893192461114 46.49 13.0 12.0 4
10.715193052376065 1995.262314968881 10310.0 13.0 12.0 4
10.715193052376065 2511.886431509582 395200.0 13.0 12.0 4
10.715193052376065 3162.2776601683795 498900.0 13.0 12.0 4
10.715193052376065 3981.0717055349733 623500.0 13.0 12.0 4
10.715193052376065 5011.872336272725 771400.0 13.0 12.0 4
10.715193052376065 6309.573444801937 945200.0 13.0 12.0 4
10.715193052376065 7943.282347242822 1147000.0 13.0 12.0 4
10.715193052376065 10000.0 1380000.0 13.0 12.0 4
10.964781961431852 1.0 0.0 14.0 15.0 13
10.964781961431852 1.2589254117941673 0.0 14.0 15.0 13
10.964781961431852 1.5848931924611136 0.0 14.0 15.0 13
10.964781961431852 1.9952623149688797 0.0 13.0 15.0 13
10.964781961431852 2.51188643150958 0.0 15.0 13.0 13
10.964781961431852 3.1622776601683795 0.0 15.0 13.0 13
10.964781961431852 3.981071705534973 0.0 11.0 13.0 11
10.964781961431852 5.011872336272724 0.0 13.0 15.0 13
10.964781961431852 6.309573444801933 0.0 13.0 15.0 13
10.964781961431852 7.943282347242816 0.0 15.0 13.0 13
10.964781961431852 10.0 0.0 15.0 13.0 13
10.964781961431852 12.589254117941675 0.0 15.0 13.0 13
10.964781961431852 15.848931924611142 0.0 15.0 13.0 13
10.964781961431852 19.952623149688797 0.0 15.0 13.0 13
10.964781961431852 25.11886431509581 0.0 15.0 13.0 13
10.964781961431852 31.622776601683793 1.14 13.0 11.0 4
10.964781961431852 39.810717055349734 1.106 13.0 11.0 4
10.964781961431852 50.11872336272725 1.077 13.0 11.0 4
10.964781961431852 63.09573444801933 1.059 13.0 11.0 4
10.964781961431852 79.43282347242817 1.022 13.0 11.0 4
10.964781961431852 100.0 1.014 13.0 11.0 4
10.964781961431852 125.89254117941675 1.001 13.0 11.0 4
10.964781961431852 158.48931924611142 0.0 15.0 13.0 13
10.964781961431852 199.52623149688807 0.0 15.0 13.0 13
10.964781961431852 251.18864315095823 0.0 15.0 13.0 13
10.964781961431852 316.22776601683796 0.0 15.0 13.0 13
10.964781961431852 398.1071705534973 0.0 15.0 13.0 13
10.964781961431852 501.18723362727246 0.9344 13.0 11.0 4
10.964781961431852 630.9573444801937 0.9336 13.0 11.0 4
10.964781961431852 794.3282347242822 0.9305 13.0 11.0 4
10.964781961431852 1000.0 0.9208 13.0 11.0 4
10.964781961431852 1258.9254117941675 0.7419 13.0 11.0 4
10.964781961431852 1584.893192461114 18.25 13.0 12.0 4
10.964781961431852 1995.262314968881 9797.0 13.0 12.0 4
10.964781961431852 2511.886431509582 328300.0 13.0 12.0 4
10.964781961431852 3162.2776601683795 414900.0 13.0 12.0 4
10.964781961431852 3981.0717055349733 518600.0 13.0 12.0 4
10.964781961431852 5011.872336272725 641800.0 13.0 12.0 4
10.964781961431852 6309.573444801937 785500.0 13.0 12.0 4
10.964781961431852 7943.282347242822 952400.0 13.0 12.0 4
10.964781961431852 10000.0 1147000.0 13.0 12.0 4
11.220184543019636 1.0 0.0 14.0 15.0 13
11.220184543019636 1.2589254117941673 0.0 14.0 15.0 13
11.220184543019636 1.5848931924611136 0.0 13.0 15.0 13
11.220184543019636 1.9952623149688797 0.0 13.0 15.0 13
11.220184543019636 2.51188643150958 0.0 15.0 13.0 13
11.220184543019636 3.1622776601683795 0.0 15.0 13.0 13
11.220184543019636 3.981071705534973 0.0 11.0 13.0 11
11.220184543019636 5.011872336272724 0.0 13.0 15.0 13
11.220184543019636 6.309573444801933 0.0 13.0 15.0 13
11.220184543019636 7.943282347242816 0.0 15.0 13.0 13
11.220184543019636 10.0 0.0 15.0 13.0 13
11.220184543019636 12.589254117941675 0.0 15.0 13.0 13
11.220184543019636 15.848931924611142 0.0 15.0 13.0 13
11.220184543019636 19.952623149688797 1.198 13.0 11.0 4
11.220184543019636 25.11886431509581 1.125 13.0 11.0 4
11.220184543019636 31.622776601683793 1.102 13.0 11.0 4
11.220184543019636 39.810717055349734 1.047 13.0 11.0 4
11.220184543019636 50.11872336272725 1.014 13.0 11.0 4
11.220184543019636 63.09573444801933 0.0 15.0 13.0 13
11.220184543019636 79.43282347242817 0.0 15.0 13.0 13
11.220184543019636 100.0 0.0 15.0 13.0 13
11.220184543019636 125.89254117941675 0.0 15.0 13.0 13
11.220184543019636 158.48931924611142 0.0 15.0 13.0 13
11.220184543019636 199.52623149688807 0.0 15.0 13.0 13
11.220184543019636 251.18864315095823 0.0 15.0 13.0 13
11.220184543019636 316.22776601683796 0.9318 13.0 11.0 4
11.220184543019636 398.1071705534973 0.9336 13.0 11.0 4
11.220184543019636 501.18723362727246 0.9324 13.0 11.0 4
11.220184543019636 630.9573444801937 0.9333 13.0 11.0 4
11.220184543019636 794.3282347242822 0.9302 13.0 11.0 4
11.220184543019636 1000.0 0.9191 13.0 11.0 4
11.220184543019636 1258.9254117941675 0.8077 13.0 11.0 4
11.220184543019636 1584.893192461114 5.157 13.0 11.0 4
11.220184543019636 1995.262314968881 9431.0 13.0 12.0 4
11.220184543019636 2511.886431509582 270400.0 13.0 12.0 4
11.220184543019636 3162.2776601683795 341100.0 13.0 12.0 4
11.220184543019636 3981.0717055349733 425800.0 13.0 12.0 4
11.220184543019636 5011.872336272725 526600.0 13.0 12.0 4
11.220184543019636 6309.573444801937 643900.0 13.0 12.0 4
11.220184543019636 7943.282347242822 780300.0 13.0 12.0 4
11.220184543019636 10000.0 938500.0 13.0 12.0 4
11.481536214968829 1.0 0.0 14.0 15.0 13
11.481536214968829 1.2589254117941673 0.0 14.0 15.0 13
11.481536214968829 1.5848931924611136 0.0 13.0 15.0 13
11.481536214968829 1.9952623149688797 0.0 13.0 15.0 13
11.481536214968829 2.51188643150958 0.0 15.0 13.0 13
11.481536214968829 3.1622776601683795 0.0 15.0 13.0 13
11.481536214968829 3.981071705534973 0.0 11.0 13.0 11
11.481536214968829 5.011872336272724 0.0 13.0 15.0 13
11.481536214968829 6.309573444801933 0.0 13.0 15.0 13
11.481536214968829 7.943282347242816 0.0 15.0 13.0 13
11.481536214968829 10.0 0.0 15.0 13.0 13
11.481536214968829 12.589254117941675 0.0 15.0 13.0 13
11.481536214968829 15.848931924611142 0.0 15.0 13.0 13
11.481536214968829 19.952623149688797 1.169 13.0 11.0 4
11.481536214968829 25.11886431509581 1.108 13.0 11.0 4
11.481536214968829 31.622776601683793 1.048 13.0 11.0 4
11.481536214968829 39.810717055349734 0.0 15.0 13.0 13
11.481536214968829 50.11872336272725 0.0 15.0 13.0 13
11.481536214968829 63.09573444801933 0.0 15.0 13.0 13
11.481536214968829 79.43282347242817 0.0 15.0 13.0 13
11.481536214968829 100.0 0.0 15.0 13.0 13
11.481536214968829 125.89254117941675 0.0 15.0 13.0 13
11.481536214968829 158.48931924611142 0.0 15.0 13.0 13
11.481536214968829 199.52623149688807 0.9334 13.0 11.0 4
11.481536214968829 251.18864315095823 0.9324 13.0 11.0 4
11.481536214968829 316.22776601683796 0.9336 13.0 11.0 4
11.481536214968829 398.1071705534973 0.934 13.0 11.0 4
11.481536214968829 501.18723362727246 0.9341 13.0 11.0 4
11.481536214968829 630.9573444801937 0.9316 13.0 11.0 4
11.481536214968829 794.3282347242822 0.9309 13.0 11.0 4
11.481536214968829 1000.0 0.9248 13.0 11.0 4
11.481536214968829 1258.9254117941675 0.8437 13.0 11.0 4
11.481536214968829 1584.893192461114 4.765 13.0 11.0 4
11.481536214968829 1995.262314968881 3393.0 13.0 13.0 3
11.481536214968829 2511.886431509582 0.0 13.0 13.0 10
11.481536214968829 3162.2776601683795 287200.0 13.0 12.0 4
11.481536214968829 3981.0717055349733 358300.0 13.0 12.0 4
11.481536214968829 5011.872336272725 442800.0 13.0 12.0 4
11.481536214968829 6309.573444801937 541700.0 13.0 12.0 4
11.481536214968829 7943.282347242822 656100.0 13.0 12.0 4
11.481536214968829 10000.0 789000.0 13.0 12.0 4
11.748975549395297 1.0 0.0 14.0 15.0 13
11.748975549395297 1.2589254117941673 0.0 14.0 15.0 13
11.748975549395297 1.5848931924611136 0.0 13.0 15.0 13
11.748975549395297 1.9952623149688797 0.0 13.0 15.0 13
11.748975549395297 2.51188643150958 0.0 15.0 13.0 13
11.748975549395297 3.1622776601683795 0.0 15.0 13.0 13
11.748975549395297 3.981071705534973 0.0 11.0 13.0 11
11.748975549395297 5.011872336272724 0.0 13.0 15.0 13
11.748975549395297 6.309573444801933 0.0 13.0 15.0 13
11.748975549395297 7.943282347242816 0.0 15.0 13.0 13
11.748975549395297 10.0 0.0 15.0 13.0 13
11.748975549395297 12.589254117941675 0.0 15.0 13.0 13
11.748975549395297 15.848931924611142 0.0 15.0 13.0 13
11.748975549395297 19.952623149688797 1.133 13.0 11.0 4
11.748975549395297 25.11886431509581 1.078 13.0 11.0 4
11.748975549395297 31.622776601683793 0.0 15.0 13.0 13
11.748975549395297 39.810717055349734 0.0 15.0 13.0 13
11.748975549395297 50.11872336272725 0.0 15.0 13.0 13
11.748975549395297 63.09573444801933 0.0 15.0 13.0 13
11.748975549395297 79.43282347242817 0.0 15.0 13.0 13
11.748975549395297 100.0 0.0 15.0 13.0 13
11.748975549395297 125.89254117941675 0.9329 13.0 11.0 4
11.748975549395297 158.48931924611142 0.9343 13.0 11.0 4
11.748975549395297 199.52623149688807 0.932 13.0 11.0 4
11.748975549395297 251.18864315095823 0.9315 13.0 11.0 4
11.748975549395297 316.22776601683796 0.9329 13.0 11.0 4
11.748975549395297 398.1071705534973 0.9329 13.0 11.0 4
11.748975549395297 501.18723362727246 0.9338 13.0 11.0 4
11.748975549395297 630.9573444801937 0.933 13.0 11.0 4
11.748975549395297 794.3282347242822 0.932 13.0 11.0 4
11.748975549395297 1000.0 0.9284 13.0 11.0 4
11.748975549395297 1258.9254117941675 0.8334 13.0 11.0 4
11.748975549395297 1584.893192461114 4.505 13.0 11.0 4
11.748975549395297 1995.262314968881 0.0 13.0 13.0 10
11.748975549395297 2511.886431509582 104600.0 13.0 13.0 3
11.748975549395297 3162.2776601683795 0.0 13.0 13.0 10
11.748975549395297 3981.0717055349733 0.0 13.0 13.0 10
11.748975549395297 5011.872336272725 0.0 13.0 13.0 10
11.748975549395297 6309.573444801937 0.0 13.0 13.0 10
11.748975549395297 7943.282347242822 0.0 13.0 13.0 10
11.748975549395297 10000.0 0.0 13.0 13.0 10
12.02264434617413 1.0 0.0 14.0 15.0 13
12.02264434617413 1.2589254117941673 0.0 14.0 15.0 13
12.02264434617413 1.5848931924611136 0.0 13.0 15.0 13
12.02264434617413 1.9952623149688797 0.0 13.0 15.0 13
12.02264434617413 2.51188643150958 0.0 15.0 13.0 13
12.02264434617413 3.1622776601683795 0.0 15.0 13.0 13
12.02264434617413 3.981071705534973 0.0 11.0 13.0 11
12.02264434617413 5.011872336272724 0.0 13.0 15.0 13
12.02264434617413 6.309573444801933 0.0 13.0 15.0 13
12.02264434617413 7.943282347242816 0.0 15.0 13.0 13
12.02264434617413 10.0 0.0 15.0 13.0 13
12.02264434617413 12.589254117941675 0.0 15.0 13.0 13
12.02264434617413 15.848931924611142 0.0 15.0 13.0 13
12.02264434617413 19.952623149688797 1.125 13.0 11.0 4
12.02264434617413 25.11886431509581 1.049 13.0 11.0 4
12.02264434617413 31.622776601683793 0.0 15.0 13.0 13
12.02264434617413 39.810717055349734 0.0 15.0 13.0 13
12.02264434617413 50.11872336272725 0.0 15.0 13.0 13
12.02264434617413 63.09573444801933 0.0 15.0 13.0 13
12.02264434617413 79.43282347242817 0.0 15.0 13.0 13
12.02264434617413 100.0 0.0 15.0 13.0 13
12.02264434617413 125.89254117941675 0.0 15.0 13.0 13
12.02264434617413 158.48931924611142 0.9346 13.0 11.0 4
12.02264434617413 199.52623149688807 0.9324 13.0 11.0 4
12.02264434617413 251.18864315095823 0.933 13.0 11.0 4
12.02264434617413 316.22776601683796 0.9336 13.0 11.0 4
12.02264434617413 398.1071705534973 0.9343 13.0 11.0 4
12.02264434617413 501.18723362727246 0.9343 13.0 11.0 4
12.02264434617413 630.9573444801937 0.9337 13.0 11.0 4
12.02264434617413 794.3282347242822 0.9325 13.0 11.0 4
12.02264434617413 1000.0 0.9289 13.0 11.0 4
12.02264434617413 1258.9254117941675 0.8396 13.0 11.0 4
12.02264434617413 1584.893192461114 4.274 13.0 11.0 4
12.02264434617413 1995.262314968881 0.0 13.0 13.0 10
12.02264434617413 2511.886431509582 0.0 13.0 13.0 10
12.02264434617413 3162.2776601683795 139400.0 13.0 13.0 3
12.02264434617413 3981.0717055349733 164700.0 13.0 13.0 3
12.02264434617413 5011.872336272725 194300.0 13.0 13.0 3
12.02264434617413 6309.573444801937 229500.0 13.0 13.0 3
12.02264434617413 7943.282347242822 270700.0 13.0 13.0 3
12.02264434617413 10000.0 318100.0 13.0 13.0 3
12.302687708123818 1.0 0.0 14.0 15.0 13
12.302687708123818 1.2589254117941673 0.0 14.0 15.0 13
12.302687708123818 1.5848931924611136 0.0 13.0 15.0 13
12.302687708123818 1.9952623149688797 0.0 13.0 15.0 13
12.302687708123818 2.51188643150958 0.0 15.0 13.0 13
12.302687708123818 3.1622776601683795 0.0 11.0 13.0 11
12.302687708123818 3.981071705534973 0.0 11.0 13.0 11
12.302687708123818 5.011872336272724 0.0 13.0 15.0 13
12.302687708123818 6.309573444801933 0.0 13.0 15.0 13
12.302687708123818 7.943282347242816 0.0 15.0 13.0 13
12.302687708123818 10.0 0.0 15.0 13.0 13
12.302687708123818 12.589254117941675 0.0 15.0 13.0 13
12.302687708123818 15.848931924611142 0.0 15.0 13.0 13
12.302687708123818 19.952623149688797 1.1 13.0 11.0 4
12.302687708123818 25.11886431509581 0.0 15.0 13.0 13
12.302687708123818 31.622776601683793 0.0 15.0 13.0 13
12.302687708123818 39.810717055349734 0.0 15.0 13.0 13
12.302687708123818 50.11872336272725 0.0 15.0 13.0 13
12.302687708123818 63.09573444801933 0.0 15.0 13.0 13
12.302687708123818 79.43282347242817 0.0 15.0 13.0 13
12.302687708123818 100.0 0.934 13.0 11.0 4
12.302687708123818 125.89254117941675 0.9321 13.0 11.0 4
12.302687708123818 158.48931924611142 0.9326 13.0 11.0 4
12.302687708123818 199.52623149688807 0.932 13.0 11.0 4
12.302687708123818 251.18864315095823 0.9328 13.0 11.0 4
12.302687708123818 316.22776601683796 0.9335 13.0 11.0 4
12.302687708123818 398.1071705534973 0.9338 13.0 11.0 4
12.302687708123818 501.18723362727246 0.9319 13.0 11.0 4
12.302687708123818 630.9573444801937 0.9335 13.0 11.0 4
12.302687708123818 794.3282347242822 0.9325 13.0 11.0 4
12.302687708123818 1000.0 0.9303 13.0 11.0 4
12.302687708123818 1258.9254117941675 0.8674 13.0 11.0 4
12.302687708123818 1584.893192461114 4.043 13.0 11.0 4
12.302687708123818 1995.262314968881 0.0 13.0 13.0 10
12.302687708123818 2511.886431509582 0.0 13.0 13.0 10
12.302687708123818 3162.2776601683795 166300.0 13.0 13.0 3
12.302687708123818 3981.0717055349733 190900.0 13.0 13.0 3
12.302687708123818 5011.872336272725 220800.0 13.0 13.0 3
12.302687708123818 6309.573444801937 256400.0 13.0 13.0 3
12.302687708123818 7943.282347242822 298100.0 13.0 13.0 3
12.302687708123818 10000.0 346300.0 13.0 13.0 3
12.589254117941675 1.0 0.0 14.0 15.0 13
12.589254117941675 1.2589254117941673 0.0 14.0 15.0 13
12.589254117941675 1.5848931924611136 0.0 13.0 15.0 13
12.589254117941675 1.9952623149688797 0.0 13.0 15.0 13
12.589254117941675 2.51188643150958 0.0 15.0 13.0 13
12.589254117941675 3.1622776601683795 0.0 11.0 13.0 11
12.589254117941675 3.981071705534973 0.0 11.0 13.0 11
12.589254117941675 5.011872336272724 0.0 13.0 15.0 13
12.589254117941675 6.309573444801933 0.0 13.0 15.0 13
12.589254117941675 7.943282347242816 0.0 15.0 13.0 13
12.589254117941675 10.0 0.0 15.0 13.0 13
12.589254117941675 12.589254117941675 0.0 15.0 13.0 13
12.589254117941675 15.848931924611142 1.148 13.0 11.0 4
12.589254117941675 19.952623149688797 1.073 13.0 11.0 4
12.589254117941675 25.11886431509581 0.0 15.0 13.0 13
12.589254117941675 31.622776601683793 0.0 15.0 13.0 13
12.589254117941675 39.810717055349734 0.0 15.0 13.0 13
12.589254117941675 50.11872336272725 0.0 15.0 13.0 13
12.589254117941675 63.09573444801933 0.0 15.0 13.0 13
12.589254117941675 79.43282347242817 0.9339 13.0 11.0 4
12.589254117941675 100.0 0.9339 13.0 11.0 4
12.589254117941675 125.89254117941675 0.933 13.0 11.0 4
12.589254117941675 158.48931924611142 0.9338 13.0 11.0 4
12.589254117941675 199.52623149688807 0.9326 13.0 11.0 4
12.589254117941675 251.18864315095823 0.9342 13.0 11.0 4
12.589254117941675 316.22776601683796 0.9316 13.0 11.0 4
12.589254117941675 398.1071705534973 0.933 13.0 11.0 4
12.589254117941675 501.18723362727246 0.9333 13.0 11.0 4
12.589254117941675 630.9573444801937 0.9333 13.0 11.0 4
12.589254117941675 794.3282347242822 0.9338 13.0 11.0 4
12.589254117941675 1000.0 0.928 13.0 11.0 4
12.589254117941675 1258.9254117941675 0.8626 13.0 11.0 4
12.589254117941675 1584.893192461114 3.95 13.0 11.0 4
12.589254117941675 1995.262314968881 0.0 13.0 13.0 10
12.589254117941675 2511.886431509582 0.0 13.0 13.0 10
12.589254117941675 3162.2776601683795 217800.0 13.0 13.0 3
12.589254117941675 3981.0717055349733 248100.0 13.0 13.0 3
12.589254117941675 5011.872336272725 283200.0 13.0 13.0 3
12.589254117941675 6309.573444801937 323900.0 13.0 13.0 3
12.589254117941675 7943.282347242822 368700.0 13.0 13.0 3
12.589254117941675 10000.0 421400.0 13.0 13.0 3
12.882495516931343 1.0 0.0 14.0 15.0 13
12.882495516931343 1.2589254117941673 0.0 14.0 15.0 13
12.882495516931343 1.5848931924611136 0.0 13.0 15.0 13
12.882495516931343 1.9952623149688797 0.0 13.0 15.0 13
12.882495516931343 2.51188643150958 0.0 15.0 13.0 13
12.882495516931343 3.1622776601683795 0.0 11.0 13.0 11
12.882495516931343 3.981071705534973 0.0 11.0 13.0 11
12.882495516931343 5.011872336272724 0.0 13.0 15.0 13
12.882495516931343 6.309573444801933 0.0 13.0 15.0 13
12.882495516931343 7.943282347242816 0.0 15.0 13.0 13
12.882495516931343 10.0 0.0 15.0 13.0 13
12.882495516931343 12.589254117941675 0.0 15.0 13.0 13
12.882495516931343 15.848931924611142 1.139 13.0 11.0 4
12.882495516931343 19.952623149688797 1.074 13.0 11.0 4
12.882495516931343 25.11886431509581 0.0 15.0 13.0 13
12.882495516931343 31.622776601683793 0.0 15.0 13.0 13
12.882495516931343 39.810717055349734 0.0 15.0 13.0 13
12.882495516931343 50.11872336272725 0.0 15.0 13.0 13
12.882495516931343 63.09573444801933 0.0 15.0 13.0 13
12.882495516931343 79.43282347242817 0.9343 13.0 11.0 4
12.882495516931343 100.0 0.9323 13.0 11.0 4
12.882495516931343 125.89254117941675 0.9319 13.0 11.0 4
12.882495516931343 158.48931924611142 0.9341 13.0 11.0 4
12.882495516931343 199.52623149688807 0.9319 13.0 11.0 4
12.882495516931343 251.18864315095823 0.9341 13.0 11.0 4
12.882495516931343 316.22776601683796 0.932 13.0 11.0 4
12.882495516931343 398.1071705534973 0.9338 13.0 11.0 4
12.882495516931343 501.18723362727246 0.9343 13.0 11.0 4
12.882495516931343 630.9573444801937 0.9318 13.0 11.0 4
12.882495516931343 794.3282347242822 0.9314 13.0 11.0 4
12.882495516931343 1000.0 0.9286 13.0 11.0 4
12.882495516931343 1258.9254117941675 0.0 13.0 15.0 13
12.882495516931343 1584.893192461114 3.912 13.0 11.0 4
12.882495516931343 1995.262314968881 0.0 13.0 13.0 10
12.882495516931343 2511.886431509582 0.0 13.0 13.0 10
12.882495516931343 3162.2776601683795 309500.0 13.0 13.0 3
12.882495516931343 3981.0717055349733 331700.0 13.0 13.0 3
12.882495516931343 5011.872336272725 368900.0 13.0 13.0 3
12.882495516931343 6309.573444801937 413500.0 13.0 13.0 3
12.882495516931343 7943.282347242822 468400.0 13.0 13.0 3
12.882495516931343 10000.0 526100.0 13.0 13.0 3
13.182567385564074 1.0 0.0 14.0 15.0 13
13.182567385564074 1.2589254117941673 0.0 14.0 15.0 13
13.182567385564074 1.5848931924611136 0.0 13.0 15.0 13
13.182567385564074 1.9952623149688797 0.0 13.0 15.0 13
13.182567385564074 2.51188643150958 0.0 15.0 13.0 13
13.182567385564074 3.1622776601683795 0.0 11.0 13.0 11
13.182567385564074 3.981071705534973 0.0 11.0 13.0 11
13.182567385564074 5.011872336272724 0.0 13.0 15.0 13
13.182567385564074 6.309573444801933 0.0 13.0 15.0 13
13.182567385564074 7.943282347242816 0.0 13.0 15.0 13
13.182567385564074 10.0 0.0 13.0 15.0 13
13.182567385564074 12.589254117941675 0.0 15.0 13.0 13
13.182567385564074 15.848931924611142 0.0 13.0 13.0 10
13.182567385564074 19.952623149688797 0.0 13.0 13.0 10
13.182567385564074 25.11886431509581 0.0 13.0 13.0 10
13.182567385564074 31.622776601683793 0.0 13.0 13.0 10
13.182567385564074 39.810717055349734 0.0 13.0 13.0 10
13.182567385564074 50.11872336272725 0.0 13.0 13.0 10
13.182567385564074 63.09573444801933 108.0 13.0 13.0 3
13.182567385564074 79.43282347242817 43.08 13.0 13.0 3
13.182567385564074 100.0 234.2 13.0 13.0 3
13.182567385564074 125.89254117941675 220.0 13.0 13.0 3
13.182567385564074 158.48931924611142 441.1 13.0 13.0 3
13.182567385564074 199.52623149688807 912.3 13.0 13.0 3
13.182567385564074 251.18864315095823 1231.0 13.0 13.0 3
13.182567385564074 316.22776601683796 1411.0 13.0 13.0 3
13.182567385564074 398.1071705534973 1387.0 13.0 13.0 3
13.182567385564074 501.18723362727246 1262.0 13.0 13.0 3
13.182567385564074 630.9573444801937 970.4 13.0 13.0 3
13.182567385564074 794.3282347242822 814.5 13.0 13.0 3
13.182567385564074 1000.0 833.3 13.0 13.0 3
13.182567385564074 1258.9254117941675 0.0 13.0 13.0 10
13.182567385564074 1584.893192461114 0.0 13.0 13.0 10
13.182567385564074 1995.262314968881 0.0 13.0 13.0 10
13.182567385564074 2511.886431509582 0.0 13.0 13.0 10
13.182567385564074 3162.2776601683795 640400.0 13.0 13.0 3
13.182567385564074 3981.0717055349733 583100.0 13.0 13.0 3
13.182567385564074 5011.872336272725 585500.0 13.0 13.0 3
13.182567385564074 6309.573444801937 613700.0 13.0 13.0 3
13.182567385564074 7943.282347242822 664700.0 13.0 13.0 3
13.182567385564074 10000.0 733300.0 13.0 13.0 3
13.48962882591654 1.0 0.0 14.0 15.0 13
13.48962882591654 1.2589254117941673 0.0 14.0 15.0 13
13.48962882591654 1.5848931924611136 0.0 13.0 15.0 13
13.48962882591654 1.9952623149688797 0.0 13.0 15.0 13
13.48962882591654 2.51188643150958 0.0 11.0 13.0 11
13.48962882591654 3.1622776601683795 0.0 11.0 13.0 11
13.48962882591654 3.981071705534973 0.0 11.0 13.0 11
13.48962882591654 5.011872336272724 0.0 13.0 15.0 13
13.48962882591654 6.309573444801933 0.0 13.0 15.0 13
13.48962882591654 7.943282347242816 0.0 13.0 15.0 13
13.48962882591654 10.0 0.0 13.0 15.0 13
13.48962882591654 12.589254117941675 0.0 15.0 13.0 13
13.48962882591654 15.848931924611142 0.0 13.0 13.0 10
13.48962882591654 19.952623149688797 0.0 13.0 13.0 10
13.48962882591654 25.11886431509581 0.0 13.0 13.0 10
13.48962882591654 31.622776601683793 0.0 13.0 13.0 10
13.48962882591654 39.810717055349734 0.0 13.0 13.0 10
13.48962882591654 50.11872336272725 0.0 13.0 13.0 10
13.48962882591654 63.09573444801933 0.0 13.0 13.0 10
13.48962882591654 79.43282347242817 0.0 13.0 13.0 10
13.48962882591654 100.0 0.0 13.0 13.0 10
13.48962882591654 125.89254117941675 0.0 13.0 13.0 10
13.48962882591654 158.48931924611142 0.0 13.0 13.0 10
13.48962882591654 199.52623149688807 6501.0 13.0 13.0 3
13.48962882591654 251.18864315095823 6482.0 13.0 13.0 3
13.48962882591654 316.22776601683796 4353.0 13.0 13.0 3
13.48962882591654 398.1071705534973 2905.0 13.0 13.0 3
13.48962882591654 501.18723362727246 1936.0 13.0 13.0 3
13.48962882591654 630.9573444801937 1428.0 13.0 13.0 3
13.48962882591654 794.3282347242822 1036.0 13.0 13.0 3
13.48962882591654 1000.0 812.8 13.0 13.0 3
13.48962882591654 1258.9254117941675 0.0 13.0 13.0 10
13.48962882591654 1584.893192461114 0.0 13.0 13.0 10
13.48962882591654 1995.262314968881 0.0 13.0 13.0 10
13.48962882591654 2511.886431509582 0.0 13.0 13.0 10
13.48962882591654 3162.2776601683795 0.0 13.0 13.0 10
13.48962882591654 3981.0717055349733 16620000.0 13.0 13.0 3
13.48962882591654 5011.872336272725 2075000.0 13.0 13.0 3
13.48962882591654 6309.573444801937 1509000.0 13.0 13.0 3
13.48962882591654 7943.282347242822 1352000.0 13.0 13.0 3
13.48962882591654 10000.0 1338000.0 13.0 13.0 3
13.803842646028853 1.0 0.0 14.0 15.0 13
13.803842646028853 1.2589254117941673 0.0 14.0 15.0 13
13.803842646028853 1.5848931924611136 0.0 13.0 15.0 13
13.803842646028853 1.9952623149688797 0.0 13.0 15.0 13
13.803842646028853 2.51188643150958 0.0 11.0 13.0 11
13.803842646028853 3.1622776601683795 0.0 15.0 14.0 13
13.803842646028853 3.981071705534973 0.0 11.0 13.0 11
13.803842646028853 5.011872336272724 0.0 13.0 15.0 13
13.803842646028853 6.309573444801933 0.0 13.0 15.0 13
13.803842646028853 7.943282347242816 0.0 13.0 15.0 13
13.803842646028853 10.0 0.0 13.0 15.0 13
13.803842646028853 12.589254117941675 0.0 15.0 13.0 13
13.803842646028853 15.848931924611142 0.0 13.0 13.0 10
13.803842646028853 19.952623149688797 0.0 13.0 13.0 10
13.803842646028853 25.11886431509581 0.0 13.0 13.0 10
13.803842646028853 31.622776601683793 0.0 13.0 13.0 10
13.803842646028853 39.810717055349734 0.0 13.0 13.0 10
13.803842646028853 50.11872336272725 0.0 13.0 13.0 10
13.803842646028853 63.09573444801933 0.0 13.0 13.0 10
13.803842646028853 79.43282347242817 0.0 13.0 13.0 10
13.803842646028853 100.0 0.0 13.0 13.0 10
13.803842646028853 125.89254117941675 0.0 13.0 13.0 10
13.803842646028853 158.48931924611142 0.0 13.0 13.0 10
13.803842646028853 199.52623149688807 0.0 13.0 13.0 10
13.803842646028853 251.18864315095823 0.0 13.0 13.0 10
13.803842646028853 316.22776601683796 0.0 13.0 13.0 10
13.803842646028853 398.1071705534973 0.0 13.0 13.0 10
13.803842646028853 501.18723362727246 6051.0 13.0 13.0 3
13.803842646028853 630.9573444801937 2382.0 13.0 13.0 3
13.803842646028853 794.3282347242822 1528.0 13.0 13.0 3
13.803842646028853 1000.0 983.5 13.0 13.0 3
13.803842646028853 1258.9254117941675 0.0 13.0 13.0 10
13.803842646028853 1584.893192461114 0.0 13.0 13.0 10
13.803842646028853 1995.262314968881 0.0 13.0 13.0 10
13.803842646028853 2511.886431509582 0.0 13.0 13.0 10
13.803842646028853 3162.2776601683795 0.0 13.0 13.0 10
13.803842646028853 3981.0717055349733 0.0 13.0 13.0 10
13.803842646028853 5011.872336272725 0.0 13.0 13.0 10
13.803842646028853 6309.573444801937 0.0 13.0 13.0 10
13.803842646028853 7943.282347242822 0.0 13.0 13.0 10
13.803842646028853 10000.0 0.0 13.0 13.0 10
14.125375446227547 1.0 0.0 14.0 15.0 13
14.125375446227547 1.2589254117941673 0.0 14.0 15.0 13
14.125375446227547 1.5848931924611136 0.0 13.0 15.0 13
14.125375446227547 1.9952623149688797 0.0 15.0 13.0 13
14.125375446227547 2.51188643150958 0.0 11.0 13.0 11
14.125375446227547 3.1622776601683795 0.0 15.0 14.0 13
14.125375446227547 3.981071705534973 0.0 11.0 13.0 11
14.125375446227547 5.011872336272724 0.0 13.0 15.0 13
14.125375446227547 6.309573444801933 0.0 13.0 15.0 13
14.125375446227547 7.943282347242816 0.0 13.0 15.0 13
14.125375446227547 10.0 0.0 13.0 15.0 13
14.125375446227547 12.589254117941675 0.0 13.0 15.0 13
14.125375446227547 15.848931924611142 0.0 13.0 13.0 10
14.125375446227547 19.952623149688797 0.0 13.0 13.0 10
14.125375446227547 25.11886431509581 0.0 13.0 13.0 10
14.125375446227547 31.622776601683793 0.0 13.0 13.0 10
14.125375446227547 39.810717055349734 0.0 13.0 13.0 10
14.125375446227547 50.11872336272725 0.0 13.0 13.0 10
14.125375446227547 63.09573444801933 0.0 13.0 13.0 10
14.125375446227547 79.43282347242817 0.0 13.0 13.0 10
14.125375446227547 100.0 0.0 13.0 13.0 10
14.125375446227547 125.89254117941675 0.0 13.0 13.0 10
14.125375446227547 158.48931924611142 0.0 13.0 13.0 10
14.125375446227547 199.52623149688807 0.0 13.0 13.0 10
14.125375446227547 251.18864315095823 0.0 13.0 13.0 10
14.125375446227547 316.22776601683796 0.0 13.0 13.0 10
14.125375446227547 398.1071705534973 0.0 13.0 13.0 10
14.125375446227547 501.18723362727246 0.0 13.0 13.0 10
14.125375446227547 630.9573444801937 8465.0 13.0 13.0 3
14.125375446227547 794.3282347242822 2504.0 13.0 13.0 3
14.125375446227547 1000.0 1295.0 13.0 13.0 3
14.125375446227547 1258.9254117941675 0.0 13.0 13.0 10
14.125375446227547 1584.893192461114 0.0 13.0 13.0 10
14.125375446227547 1995.262314968881 0.0 13.0 13.0 10
14.125375446227547 2511.886431509582 0.0 13.0 13.0 10
14.125375446227547 3162.2776601683795 0.0 13.0 13.0 10
14.125375446227547 3981.0717055349733 0.0 13.0 13.0 10
14.125375446227547 5011.872336272725 0.0 13.0 13.0 10
14.125375446227547 6309.573444801937 0.0 13.0 13.0 10
14.125375446227547 7943.282347242822 0.0 13.0 13.0 10
14.125375446227547 10000.0 0.0 13.0 13.0 10
14.45439770745928 1.0 0.0 14.0 15.0 13
14.45439770745928 1.2589254117941673 0.0 14.0 15.0 13
14.45439770745928 1.5848931924611136 0.0 14.0 15.0 13
14.45439770745928 1.9952623149688797 0.0 15.0 13.0 13
14.45439770745928 2.51188643150958 0.0 11.0 13.0 11
14.45439770745928 3.1622776601683795 0.0 15.0 14.0 13
14.45439770745928 3.981071705534973 0.0 11.0 13.0 11
14.45439770745928 5.011872336272724 0.0 13.0 15.0 13
14.45439770745928 6.309573444801933 0.0 13.0 15.0 13
14.45439770745928 7.943282347242816 0.0 13.0 15.0 13
14.45439770745928 10.0 0.0 13.0 15.0 13
14.45439770745928 12.589254117941675 0.0 13.0 15.0 13
14.45439770745928 15.848931924611142 0.0 13.0 13.0 10
14.45439770745928 19.952623149688797 0.0 13.0 13.0 10
14.45439770745928 25.11886431509581 0.0 13.0 13.0 10
14.45439770745928 31.622776601683793 0.0 13.0 13.0 10
14.45439770745928 39.810717055349734 0.0 13.0 13.0 10
14.45439770745928 50.11872336272725 0.0 13.0 13.0 10
14.45439770745928 63.09573444801933 0.0 13.0 13.0 10
14.45439770745928 79.43282347242817 0.0 13.0 13.0 10
14.45439770745928 100.0 0.0 13.0 13.0 10
14.45439770745928 125.89254117941675 0.0 13.0 13.0 10
14.45439770745928 158.48931924611142 0.0 13.0 13.0 10
14.45439770745928 199.52623149688807 0.0 13.0 13.0 10
14.45439770745928 251.18864315095823 0.0 13.0 13.0 10
14.45439770745928 316.22776601683796 0.0 13.0 13.0 10
14.45439770745928 398.1071705534973 0.0 13.0 13.0 10
14.45439770745928 501.18723362727246 0.0 13.0 13.0 10
14.45439770745928 630.9573444801937 0.0 13.0 13.0 10
14.45439770745928 794.3282347242822 6939.0 13.0 13.0 3
14.45439770745928 1000.0 1955.0 13.0 13.0 3
14.45439770745928 1258.9254117941675 0.0 13.0 13.0 10
14.45439770745928 1584.893192461114 0.0 13.0 13.0 10
14.45439770745928 1995.262314968881 0.0 13.0 13.0 10
14.45439770745928 2511.886431509582 0.0 13.0 13.0 10
14.45439770745928 3162.2776601683795 0.0 13.0 13.0 10
14.45439770745928 3981.0717055349733 0.0 13.0 13.0 10
14.45439770745928 5011.872336272725 0.0 13.0 13.0 10
14.45439770745928 6309.573444801937 0.0 13.0 13.0 10
14.45439770745928 7943.282347242822 0.0 13.0 13.0 10
14.45439770745928 10000.0 0.0 13.0 13.0 10
14.791083881682079 1.0 0.0 14.0 15.0 13
14.791083881682079 1.2589254117941673 0.0 14.0 15.0 13
14.791083881682079 1.5848931924611136 0.0 14.0 15.0 13
14.791083881682079 1.9952623149688797 0.0 15.0 13.0 13
14.791083881682079 2.51188643150958 0.0 11.0 13.0 11
14.791083881682079 3.1622776601683795 0.0 15.0 14.0 13
14.791083881682079 3.981071705534973 0.0 11.0 13.0 11
14.791083881682079 5.011872336272724 0.0 13.0 15.0 13
14.791083881682079 6.309573444801933 0.0 13.0 15.0 13
14.791083881682079 7.943282347242816 0.0 13.0 15.0 13
14.791083881682079 10.0 0.0 13.0 15.0 13
14.791083881682079 12.589254117941675 0.0 13.0 15.0 13
14.791083881682079 15.848931924611142 0.0 13.0 13.0 10
14.791083881682079 19.952623149688797 0.0 13.0 13.0 10
14.791083881682079 25.11886431509581 0.0 13.0 13.0 10
14.791083881682079 31.622776601683793 0.0 13.0 13.0 10
14.791083881682079 39.810717055349734 0.0 13.0 13.0 10
14.791083881682079 50.11872336272725 0.0 13.0 13.0 10
14.791083881682079 63.09573444801933 0.0 13.0 13.0 10
14.791083881682079 79.43282347242817 0.0 13.0 13.0 10
14.791083881682079 100.0 0.0 13.0 13.0 10
14.791083881682079 125.89254117941675 0.0 13.0 13.0 10
14.791083881682079 158.48931924611142 0.0 13.0 13.0 10
14.791083881682079 199.52623149688807 0.0 13.0 13.0 10
14.791083881682079 251.18864315095823 0.0 13.0 13.0 10
14.791083881682079 316.22776601683796 0.0 13.0 13.0 10
14.791083881682079 398.1071705534973 0.0 13.0 13.0 10
14.791083881682079 501.18723362727246 0.0 13.0 13.0 10
14.791083881682079 630.9573444801937 0.0 13.0 13.0 10
14.791083881682079 794.3282347242822 0.0 13.0 13.0 10
14.791083881682079 1000.0 3154.0 13.0 13.0 3
14.791083881682079 1258.9254117941675 0.0 13.0 13.0 10
14.791083881682079 1584.893192461114 0.0 13.0 13.0 10
14.791083881682079 1995.262314968881 0.0 13.0 13.0 10
14.791083881682079 2511.886431509582 0.0 13.0 13.0 10
14.791083881682079 3162.2776601683795 0.0 13.0 13.0 10
14.791083881682079 3981.0717055349733 0.0 13.0 13.0 10
14.791083881682079 5011.872336272725 0.0 13.0 13.0 10
14.791083881682079 6309.573444801937 0.0 13.0 13.0 10
14.791083881682079 7943.282347242822 0.0 13.0 13.0 10
14.791083881682079 10000.0 0.0 13.0 13.0 10
15.135612484362087 1.0 0.0 14.0 15.0 13
15.135612484362087 1.2589254117941673 0.0 14.0 15.0 13
15.135612484362087 1.5848931924611136 0.0 14.0 15.0 13
15.135612484362087 1.9952623149688797 0.0 15.0 13.0 13
15.135612484362087 2.51188643150958 0.0 11.0 13.0 11
15.135612484362087 3.1622776601683795 0.0 15.0 14.0 13
15.135612484362087 3.981071705534973 0.0 11.0 13.0 11
15.135612484362087 5.011872336272724 0.0 13.0 15.0 13
15.135612484362087 6.309573444801933 0.0 13.0 15.0 13
15.135612484362087 7.943282347242816 0.0 13.0 15.0 13
15.135612484362087 10.0 0.0 13.0 15.0 13
15.135612484362087 12.589254117941675 0.0 13.0 15.0 13
15.135612484362087 15.848931924611142 0.0 13.0 13.0 10
15.135612484362087 19.952623149688797 0.0 13.0 13.0 10
15.135612484362087 25.11886431509581 0.0 13.0 13.0 10
15.135612484362087 31.622776601683793 0.0 13.0 13.0 10
15.135612484362087 39.810717055349734 0.0 13.0 13.0 10
15.135612484362087 50.11872336272725 0.0 13.0 13.0 10
15.135612484362087 63.09573444801933 0.0 13.0 13.0 10
15.135612484362087 79.43282347242817 0.0 13.0 13.0 10
15.135612484362087 100.0 0.0 13.0 13.0 10
15.135612484362087 125.89254117941675 0.0 13.0 13.0 10
15.135612484362087 158.48931924611142 0.0 13.0 13.0 10
15.135612484362087 199.52623149688807 0.0 13.0 13.0 10
15.135612484362087 251.18864315095823 0.0 13.0 13.0 10
15.135612484362087 316.22776601683796 0.0 13.0 13.0 10
15.135612484362087 398.1071705534973 0.0 13.0 13.0 10
15.135612484362087 501.18723362727246 0.0 13.0 13.0 10
15.135612484362087 630.9573444801937 0.0 13.0 13.0 10
15.135612484362087 794.3282347242822 0.0 13.0 13.0 10
15.135612484362087 1000.0 13840.0 13.0 13.0 3
15.135612484362087 1258.9254117941675 0.0 13.0 13.0 10
15.135612484362087 1584.893192461114 0.0 13.0 13.0 10
15.135612484362087 1995.262314968881 0.0 13.0 13.0 10
15.135612484362087 2511.886431509582 0.0 13.0 13.0 10
15.135612484362087 3162.2776601683795 0.0 13.0 13.0 10
15.135612484362087 3981.0717055349733 0.0 13.0 13.0 10
15.135612484362087 5011.872336272725 0.0 13.0 13.0 10
15.135612484362087 6309.573444801937 0.0 13.0 13.0 10
15.135612484362087 7943.282347242822 0.0 13.0 13.0 10
15.135612484362087 10000.0 0.0 13.0 13.0 10
15.48816618912482 1.0 0.0 14.0 15.0 13
15.48816618912482 1.2589254117941673 0.0 14.0 15.0 13
15.48816618912482 1.5848931924611136 0.0 14.0 15.0 13
15.48816618912482 1.9952623149688797 0.0 11.0 13.0 11
15.48816618912482 2.51188643150958 0.0 11.0 13.0 11
15.48816618912482 3.1622776601683795 0.0 15.0 14.0 13
15.48816618912482 3.981071705534973 0.0 11.0 13.0 11
15.48816618912482 5.011872336272724 0.0 13.0 15.0 13
15.48816618912482 6.309573444801933 0.0 13.0 15.0 13
15.48816618912482 7.943282347242816 0.0 13.0 15.0 13
15.48816618912482 10.0 0.0 13.0 15.0 13
15.48816618912482 12.589254117941675 0.0 13.0 15.0 13
15.48816618912482 15.848931924611142 0.0 13.0 13.0 10
15.48816618912482 19.952623149688797 0.0 13.0 13.0 10
15.48816618912482 25.11886431509581 0.0 13.0 13.0 10
15.48816618912482 31.622776601683793 0.0 13.0 13.0 10
15.48816618912482 39.810717055349734 0.0 13.0 13.0 10
15.48816618912482 50.11872336272725 0.0 13.0 13.0 10
15.48816618912482 63.09573444801933 0.0 13.0 13.0 10
15.48816618912482 79.43282347242817 0.0 13.0 13.0 10
15.48816618912482 100.0 0.0 13.0 13.0 10
15.48816618912482 125.89254117941675 0.0 13.0 13.0 10
15.48816618912482 158.48931924611142 0.0 13.0 13.0 10
15.48816618912482 199.52623149688807 0.0 13.0 13.0 10
15.48816618912482 251.18864315095823 1651.0 13.0 13.0 3
15.48816618912482 316.22776601683796 0.0 13.0 13.0 10
15.48816618912482 398.1071705534973 6941.0 13.0 13.0 3
15.48816618912482 501.18723362727246 3382.0 13.0 13.0 3
15.48816618912482 630.9573444801937 2355.0 13.0 13.0 3
15.48816618912482 794.3282347242822 1753.0 13.0 13.0 3
15.48816618912482 1000.0 1300.0 13.0 13.0 3
15.48816618912482 1258.9254117941675 0.0 13.0 13.0 10
15.48816618912482 1584.893192461114 0.0 13.0 13.0 10
15.48816618912482 1995.262314968881 0.0 13.0 13.0 10
15.48816618912482 2511.886431509582 0.0 13.0 13.0 10
15.48816618912482 3162.2776601683795 0.0 13.0 13.0 10
15.48816618912482 3981.0717055349733 0.0 13.0 13.0 10
15.48816618912482 5011.872336272725 0.0 13.0 13.0 10
15.48816618912482 6309.573444801937 0.0 13.0 13.0 10
15.48816618912482 7943.282347242822 0.0 13.0 13.0 10
15.48816618912482 10000.0 0.0 13.0 13.0 10
15.848931924611142 1.0 0.0 14.0 15.0 13
15.848931924611142 1.2589254117941673 0.0 14.0 15.0 13
15.848931924611142 1.5848931924611136 0.0 14.0 15.0 13
15.848931924611142 1.9952623149688797 0.0 11.0 13.0 11
15.848931924611142 2.51188643150958 0.0 11.0 13.0 11
15.848931924611142 3.1622776601683795 0.0 15.0 14.0 13
15.848931924611142 3.981071705534973 0.0 12.0 13.0 11
15.848931924611142 5.011872336272724 0.0 13.0 15.0 13
15.848931924611142 6.309573444801933 0.0 13.0 15.0 13
15.848931924611142 7.943282347242816 0.0 13.0 15.0 13
15.848931924611142 10.0 0.0 13.0 15.0 13
15.848931924611142 12.589254117941675 0.0 13.0 15.0 13
15.848931924611142 15.848931924611142 0.0 13.0 13.0 10
15.848931924611142 19.952623149688797 0.0 13.0 13.0 10
15.848931924611142 25.11886431509581 0.0 13.0 13.0 10
15.848931924611142 31.622776601683793 0.0 13.0 13.0 10
15.848931924611142 39.810717055349734 0.0 13.0 13.0 10
15.848931924611142 50.11872336272725 0.0 13.0 13.0 10
15.848931924611142 63.09573444801933 0.0 13.0 13.0 10
15.848931924611142 79.43282347242817 0.0 13.0 13.0 10
15.848931924611142 100.0 0.0 13.0 13.0 10
15.848931924611142 125.89254117941675 0.0 13.0 13.0 10
15.848931924611142 158.48931924611142 0.0 13.0 13.0 10
15.848931924611142 199.52623149688807 0.0 13.0 13.0 10
15.848931924611142 251.18864315095823 0.0 13.0 13.0 10
15.848931924611142 316.22776601683796 0.0 13.0 13.0 10
15.848931924611142 398.1071705534973 0.0 13.0 13.0 10
15.848931924611142 501.18723362727246 5323.0 13.0 13.0 3
15.848931924611142 630.9573444801937 3301.0 13.0 13.0 3
15.848931924611142 794.3282347242822 2064.0 13.0 13.0 3
15.848931924611142 1000.0 1534.0 13.0 13.0 3
15.848931924611142 1258.9254117941675 0.0 13.0 13.0 10
15.848931924611142 1584.893192461114 0.0 13.0 13.0 10
15.848931924611142 1995.262314968881 0.0 13.0 13.0 10
15.848931924611142 2511.886431509582 0.0 13.0 13.0 10
15.848931924611142 3162.2776601683795 0.0 13.0 13.0 10
15.848931924611142 3981.0717055349733 0.0 13.0 13.0 10
15.848931924611142 5011.872336272725 0.0 13.0 13.0 10
15.848931924611142 6309.573444801937 0.0 13.0 13.0 10
15.848931924611142 7943.282347242822 0.0 13.0 13.0 10
15.848931924611142 10000.0 0.0 13.0 13.0 10
16.21810097358931 1.0 0.0 14.0 15.0 13
16.21810097358931 1.2589254117941673 0.0 14.0 15.0 13
16.21810097358931 1.5848931924611136 0.0 14.0 15.0 13
16.21810097358931 1.9952623149688797 0.0 11.0 13.0 11
16.21810097358931 2.51188643150958 0.0 11.0 13.0 11
16.21810097358931 3.1622776601683795 0.0 11.0 13.0 11
16.21810097358931 3.981071705534973 0.0 12.0 13.0 11
16.21810097358931 5.011872336272724 0.0 13.0 15.0 13
16.21810097358931 6.309573444801933 0.0 13.0 15.0 13
16.21810097358931 7.943282347242816 0.0 13.0 15.0 13
16.21810097358931 10.0 0.0 13.0 15.0 13
16.21810097358931 12.589254117941675 0.0 13.0 15.0 13
16.21810097358931 15.848931924611142 0.0 13.0 13.0 10
16.21810097358931 19.952623149688797 0.0 13.0 13.0 10
16.21810097358931 25.11886431509581 0.0 13.0 13.0 10
16.21810097358931 31.622776601683793 0.0 13.0 13.0 10
16.21810097358931 39.810717055349734 0.0 13.0 13.0 10
16.21810097358931 50.11872336272725 0.0 13.0 13.0 10
16.21810097358931 63.09573444801933 0.0 13.0 13.0 10
16.21810097358931 79.43282347242817 0.0 13.0 13.0 10
16.21810097358931 100.0 0.0 13.0 13.0 10
16.21810097358931 125.89254117941675 0.0 13.0 13.0 10
16.21810097358931 158.48931924611142 0.0 13.0 13.0 10
16.21810097358931 199.52623149688807 0.0 13.0 13.0 10
16.21810097358931 251.18864315095823 0.0 13.0 13.0 10
16.21810097358931 316.22776601683796 524.3 14.0 13.0 2
16.21810097358931 398.1071705534973 1984.0 13.0 13.0 3
16.21810097358931 501.18723362727246 1742.0 13.0 13.0 3
16.21810097358931 630.9573444801937 1606.0 13.0 13.0 3
16.21810097358931 794.3282347242822 1439.0 13.0 13.0 3
16.21810097358931 1000.0 1223.0 13.0 13.0 3
16.21810097358931 1258.9254117941675 0.0 13.0 13.0 10
16.21810097358931 1584.893192461114 0.0 13.0 13.0 10
16.21810097358931 1995.262314968881 0.0 13.0 13.0 10
16.21810097358931 2511.886431509582 0.0 13.0 13.0 10
16.21810097358931 3162.2776601683795 0.0 13.0 13.0 10
16.21810097358931 3981.0717055349733 0.0 13.0 13.0 10
16.21810097358931 5011.872336272725 0.0 13.0 13.0 10
16.21810097358931 6309.573444801937 0.0 13.0 13.0 10
16.21810097358931 7943.282347242822 0.0 13.0 13.0 10
16.21810097358931 10000.0 0.0 13.0 13.0 10
16.595869074375614 1.0 0.0 14.0 15.0 13
16.595869074375614 1.2589254117941673 0.0 14.0 15.0 13
16.595869074375614 1.5848931924611136 0.0 14.0 15.0 13
16.595869074375614 1.9952623149688797 0.0 11.0 13.0 11
16.595869074375614 2.51188643150958 0.0 11.0 13.0 11
16.595869074375614 3.1622776601683795 0.0 11.0 13.0 11
16.595869074375614 3.981071705534973 0.0 12.0 13.0 11
16.595869074375614 5.011872336272724 0.0 13.0 15.0 13
16.595869074375614 6.309573444801933 0.0 13.0 15.0 13
16.595869074375614 7.943282347242816 0.0 13.0 15.0 13
16.595869074375614 10.0 0.0 13.0 15.0 13
16.595869074375614 12.589254117941675 0.0 13.0 15.0 13
16.595869074375614 15.848931924611142 0.0 13.0 15.0 13
16.595869074375614 19.952623149688797 0.0 13.0 13.0 10
16.595869074375614 25.11886431509581 0.0 13.0 13.0 10
16.595869074375614 31.622776601683793 0.0 13.0 13.0 10
16.595869074375614 39.810717055349734 0.0 13.0 13.0 10
16.595869074375614 50.11872336272725 0.0 13.0 13.0 10
16.595869074375614 63.09573444801933 0.0 13.0 13.0 10
16.595869074375614 79.43282347242817 0.0 13.0 13.0 10
16.595869074375614 100.0 0.0 13.0 13.0 10
16.595869074375614 125.89254117941675 0.0 13.0 13.0 10
16.595869074375614 158.48931924611142 0.0 13.0 13.0 10
16.595869074375614 199.52623149688807 0.0 13.0 13.0 10
16.595869074375614 251.18864315095823 0.0 13.0 13.0 10
16.595869074375614 316.22776601683796 0.0 13.0 13.0 10
16.595869074375614 398.1071705534973 1136.0 13.0 13.0 3
16.595869074375614 501.18723362727246 1078.0 13.0 13.0 3
16.595869074375614 630.9573444801937 1212.0 13.0 13.0 3
16.595869074375614 794.3282347242822 1211.0 13.0 13.0 3
16.595869074375614 1000.0 948.8 14.0 13.0 2
16.595869074375614 1258.9254117941675 0.0 14.0 13.0 9
16.595869074375614 1584.893192461114 0.0 14.0 13.0 9
16.595869074375614 1995.262314968881 0.0 14.0 13.0 9
16.595869074375614 2511.886431509582 0.0 14.0 13.0 9
16.595869074375614 3162.2776601683795 0.0 14.0 13.0 9
16.595869074375614 3981.0717055349733 0.0 14.0 13.0 9
16.595869074375614 5011.872336272725 0.0 14.0 13.0 9
16.595869074375614 6309.573444801937 0.0 14.0 13.0 9
16.595869074375614 7943.282347242822 0.0 14.0 13.0 9
16.595869074375614 10000.0 0.0 14.0 13.0 9
16.98243652461745 1.0 0.0 14.0 15.0 13
16.98243652461745 1.2589254117941673 0.0 14.0 15.0 13
16.98243652461745 1.5848931924611136 0.0 14.0 15.0 13
16.98243652461745 1.9952623149688797 0.0 11.0 13.0 11
16.98243652461745 2.51188643150958 0.0 11.0 13.0 11
16.98243652461745 3.1622776601683795 0.0 12.0 13.0 11
16.98243652461745 3.981071705534973 0.0 12.0 13.0 11
16.98243652461745 5.011872336272724 0.0 13.0 15.0 13
16.98243652461745 6.309573444801933 0.0 13.0 15.0 13
16.98243652461745 7.943282347242816 0.0 13.0 15.0 13
16.98243652461745 10.0 0.0 13.0 15.0 13
16.98243652461745 12.589254117941675 0.0 13.0 15.0 13
16.98243652461745 15.848931924611142 0.0 13.0 15.0 13
16.98243652461745 19.952623149688797 0.0 13.0 13.0 10
16.98243652461745 25.11886431509581 0.0 13.0 13.0 10
16.98243652461745 31.622776601683793 0.0 13.0 13.0 10
16.98243652461745 39.810717055349734 0.0 13.0 13.0 10
16.98243652461745 50.11872336272725 0.0 13.0 13.0 10
16.98243652461745 63.09573444801933 0.0 13.0 13.0 10
16.98243652461745 79.43282347242817 0.0 13.0 13.0 10
16.98243652461745 100.0 0.0 13.0 13.0 10
16.98243652461745 125.89254117941675 0.0 13.0 13.0 10
16.98243652461745 158.48931924611142 0.0 13.0 13.0 10
16.98243652461745 199.52623149688807 0.0 13.0 13.0 10
16.98243652461745 251.18864315095823 0.0 13.0 13.0 10
16.98243652461745 316.22776601683796 0.0 13.0 13.0 10
16.98243652461745 398.1071705534973 405.9 14.0 13.0 2
16.98243652461745 501.18723362727246 681.5 14.0 13.0 2
16.98243652461745 630.9573444801937 790.7 14.0 13.0 2
16.98243652461745 794.3282347242822 889.1 14.0 13.0 2
16.98243652461745 1000.0 858.0 14.0 13.0 2
16.98243652461745 1258.9254117941675 915.7 14.0 13.0 2
16.98243652461745 1584.893192461114 0.0 14.0 13.0 9
16.98243652461745 1995.262314968881 0.0 14.0 13.0 9
16.98243652461745 2511.886431509582 0.0 14.0 13.0 9
16.98243652461745 3162.2776601683795 0.0 14.0 13.0 9
16.98243652461745 3981.0717055349733 0.0 14.0 13.0 9
16.98243652461745 5011.872336272725 0.0 14.0 13.0 9
16.98243652461745 6309.573444801937 0.0 14.0 13.0 9
16.98243652461745 7943.282347242822 0.0 14.0 13.0 9
16.98243652461745 10000.0 0.0 14.0 13.0 9
17.378008287493763 1.0 0.0 14.0 15.0 13
17.378008287493763 1.2589254117941673 0.0 14.0 15.0 13
17.378008287493763 1.5848931924611136 0.0 14.0 15.0 13
17.378008287493763 1.9952623149688797 0.0 11.0 13.0 11
17.378008287493763 2.51188643150958 38.33 11.0 14.0 4
17.378008287493763 3.1622776601683795 0.0 12.0 13.0 11
17.378008287493763 3.981071705534973 0.0 12.0 13.0 11
17.378008287493763 5.011872336272724 0.0 13.0 15.0 13
17.378008287493763 6.309573444801933 0.0 13.0 15.0 13
17.378008287493763 7.943282347242816 0.0 13.0 15.0 13
17.378008287493763 10.0 0.0 13.0 15.0 13
17.378008287493763 12.589254117941675 0.0 13.0 15.0 13
17.378008287493763 15.848931924611142 0.0 13.0 15.0 13
17.378008287493763 19.952623149688797 0.0 13.0 13.0 10
17.378008287493763 25.11886431509581 0.0 13.0 13.0 10
17.378008287493763 31.622776601683793 0.0 13.0 13.0 10
17.378008287493763 39.810717055349734 0.0 13.0 13.0 10
17.378008287493763 50.11872336272725 0.0 13.0 13.0 10
17.378008287493763 63.09573444801933 0.0 13.0 13.0 10
17.378008287493763 79.43282347242817 0.0 13.0 13.0 10
17.378008287493763 100.0 0.0 13.0 13.0 10
17.378008287493763 125.89254117941675 0.0 13.0 13.0 10
17.378008287493763 158.48931924611142 0.0 13.0 13.0 10
17.378008287493763 199.52623149688807 0.0 13.0 13.0 10
17.378008287493763 251.18864315095823 0.0 13.0 13.0 10
17.378008287493763 316.22776601683796 0.0 13.0 13.0 10
17.378008287493763 398.1071705534973 0.0 13.0 13.0 10
17.378008287493763 501.18723362727246 470.8 14.0 13.0 2
17.378008287493763 630.9573444801937 688.2 14.0 13.0 2
17.378008287493763 794.3282347242822 770.3 14.0 13.0 2
17.378008287493763 1000.0 803.7 14.0 13.0 2
17.378008287493763 1258.9254117941675 803.4 14.0 13.0 2
17.378008287493763 1584.893192461114 0.0 14.0 13.0 9
17.378008287493763 1995.262314968881 0.0 14.0 13.0 9
17.378008287493763 2511.886431509582 0.0 14.0 13.0 9
17.378008287493763 3162.2776601683795 0.0 14.0 13.0 9
17.378008287493763 3981.0717055349733 0.0 14.0 13.0 9
17.378008287493763 5011.872336272725 0.0 14.0 13.0 9
17.378008287493763 6309.573444801937 0.0 14.0 13.0 9
17.378008287493763 7943.282347242822 0.0 14.0 13.0 9
17.378008287493763 10000.0 0.0 14.0 13.0 9
17.782794100389236 1.0 0.0 14.0 15.0 13
17.782794100389236 1.2589254117941673 0.0 14.0 15.0 13
17.782794100389236 1.5848931924611136 0.0 14.0 15.0 13
17.782794100389236 1.9952623149688797 0.0 11.0 13.0 11
17.782794100389236 2.51188643150958 0.0 14.0 15.0 13
17.782794100389236 3.1622776601683795 0.0 12.0 13.0 11
17.782794100389236 3.981071705534973 0.0 12.0 13.0 11
17.782794100389236 5.011872336272724 0.0 13.0 15.0 13
17.782794100389236 6.309573444801933 0.0 13.0 15.0 13
17.782794100389236 7.943282347242816 0.0 13.0 15.0 13
17.782794100389236 10.0 0.0 13.0 15.0 13
17.782794100389236 12.589254117941675 0.0 13.0 15.0 13
17.782794100389236 15.848931924611142 0.0 13.0 15.0 13
17.782794100389236 19.952623149688797 0.0 13.0 13.0 10
17.782794100389236 25.11886431509581 0.0 13.0 13.0 10
17.782794100389236 31.622776601683793 0.0 13.0 13.0 10
17.782794100389236 39.810717055349734 0.0 13.0 13.0 10
17.782794100389236 50.11872336272725 0.0 13.0 13.0 10
17.782794100389236 63.09573444801933 0.0 13.0 13.0 10
17.782794100389236 79.43282347242817 0.0 13.0 13.0 10
17.782794100389236 100.0 0.0 13.0 13.0 10
17.782794100389236 125.89254117941675 0.0 13.0 13.0 10
17.782794100389236 158.48931924611142 0.0 13.0 13.0 10
17.782794100389236 199.52623149688807 0.0 13.0 13.0 10
17.782794100389236 251.18864315095823 0.0 13.0 13.0 10
17.782794100389236 316.22776601683796 0.0 13.0 13.0 10
17.782794100389236 398.1071705534973 0.0 13.0 13.0 10
17.782794100389236 501.18723362727246 0.0 13.0 13.0 10
17.782794100389236 630.9573444801937 586.5 14.0 13.0 2
17.782794100389236 794.3282347242822 699.4 14.0 13.0 2
17.782794100389236 1000.0 1424.0 14.0 13.0 2
17.782794100389236 1258.9254117941675 1142.0 14.0 13.0 2
17.782794100389236 1584.893192461114 0.0 14.0 13.0 9
17.782794100389236 1995.262314968881 0.0 14.0 13.0 9
17.782794100389236 2511.886431509582 0.0 14.0 13.0 9
17.782794100389236 3162.2776601683795 0.0 14.0 13.0 9
17.782794100389236 3981.0717055349733 0.0 14.0 13.0 9
17.782794100389236 5011.872336272725 0.0 14.0 13.0 9
17.782794100389236 6309.573444801937 0.0 14.0 13.0 9
17.782794100389236 7943.282347242822 0.0 14.0 13.0 9
17.782794100389236 10000.0 0.0 14.0 13.0 9
18.197008586099845 1.0 0.0 14.0 15.0 13
18.197008586099845 1.2589254117941673 0.0 14.0 15.0 13
18.197008586099845 1.5848931924611136 0.0 14.0 15.0 13
18.197008586099845 1.9952623149688797 24.75 11.0 13.0 4
18.197008586099845 2.51188643150958 0.0 11.0 13.0 11
18.197008586099845 3.1622776601683795 0.0 12.0 13.0 11
18.197008586099845 3.981071705534973 0.0 12.0 13.0 11
18.197008586099845 5.011872336272724 0.0 13.0 15.0 13
18.197008586099845 6.309573444801933 0.0 13.0 15.0 13
18.197008586099845 7.943282347242816 0.0 13.0 15.0 13
18.197008586099845 10.0 0.0 13.0 15.0 13
18.197008586099845 12.589254117941675 0.0 13.0 15.0 13
18.197008586099845 15.848931924611142 0.0 13.0 15.0 13
18.197008586099845 19.952623149688797 0.0 13.0 13.0 10
18.197008586099845 25.11886431509581 0.0 13.0 13.0 10
18.197008586099845 31.622776601683793 0.0 13.0 13.0 10
18.197008586099845 39.810717055349734 0.0 13.0 13.0 10
18.197008586099845 50.11872336272725 0.0 13.0 13.0 10
18.197008586099845 63.09573444801933 0.0 13.0 13.0 10
18.197008586099845 79.43282347242817 0.0 13.0 13.0 10
18.197008586099845 100.0 0.0 13.0 13.0 10
18.197008586099845 125.89254117941675 0.0 13.0 13.0 10
18.197008586099845 158.48931924611142 0.0 13.0 13.0 10
18.197008586099845 199.52623149688807 0.0 13.0 13.0 10
18.197008586099845 251.18864315095823 0.0 13.0 13.0 10
18.197008586099845 316.22776601683796 0.0 13.0 13.0 10
18.197008586099845 398.1071705534973 0.0 13.0 13.0 10
18.197008586099845 501.18723362727246 0.0 13.0 13.0 10
18.197008586099845 630.9573444801937 525.7 14.0 13.0 2
18.197008586099845 794.3282347242822 1409.0 14.0 13.0 2
18.197008586099845 1000.0 1387.0 14.0 13.0 2
18.197008586099845 1258.9254117941675 1154.0 14.0 13.0 2
18.197008586099845 1584.893192461114 0.0 14.0 13.0 9
18.197008586099845 1995.262314968881 0.0 14.0 13.0 9
18.197008586099845 2511.886431509582 0.0 14.0 13.0 9
18.197008586099845 3162.2776601683795 0.0 14.0 13.0 9
18.197008586099845 3981.0717055349733 0.0 14.0 13.0 9
18.197008586099845 5011.872336272725 0.0 14.0 13.0 9
18.197008586099845 6309.573444801937 0.0 14.0 13.0 9
18.197008586099845 7943.282347242822 0.0 14.0 13.0 9
18.197008586099845 10000.0 0.0 14.0 13.0 9
18.620871366628684 1.0 0.0 14.0 15.0 13
18.620871366628684 1.2589254117941673 0.0 14.0 15.0 13
18.620871366628684 1.5848931924611136 0.0 14.0 15.0 13
18.620871366628684 1.9952623149688797 26.77 11.0 13.0 4
18.620871366628684 2.51188643150958 0.0 11.0 13.0 11
18.620871366628684 3.1622776601683795 0.0 12.0 13.0 11
18.620871366628684 3.981071705534973 0.0 13.0 15.0 13
18.620871366628684 5.011872336272724 0.0 13.0 15.0 13
18.620871366628684 6.309573444801933 0.0 13.0 15.0 13
18.620871366628684 7.943282347242816 0.0 13.0 15.0 13
18.620871366628684 10.0 0.0 13.0 15.0 13
18.620871366628684 12.589254117941675 0.0 13.0 15.0 13
18.620871366628684 15.848931924611142 0.0 13.0 15.0 13
18.620871366628684 19.952623149688797 0.0 13.0 13.0 10
18.620871366628684 25.11886431509581 0.0 13.0 13.0 10
18.620871366628684 31.622776601683793 0.0 13.0 13.0 10
18.620871366628684 39.810717055349734 0.0 13.0 13.0 10
18.620871366628684 50.11872336272725 0.0 13.0 13.0 10
18.620871366628684 63.09573444801933 0.0 13.0 13.0 10
18.620871366628684 79.43282347242817 0.0 13.0 13.0 10
18.620871366628684 100.0 0.0 13.0 13.0 10
18.620871366628684 125.89254117941675 0.0 13.0 13.0 10
18.620871366628684 158.48931924611142 0.0 13.0 13.0 10
18.620871366628684 199.52623149688807 0.0 13.0 13.0 10
18.620871366628684 251.18864315095823 0.0 13.0 13.0 10
18.620871366628684 316.22776601683796 0.0 13.0 13.0 10
18.620871366628684 398.1071705534973 0.0 13.0 13.0 10
18.620871366628684 501.18723362727246 0.0 13.0 13.0 10
18.620871366628684 630.9573444801937 1124.0 14.0 13.0 2
18.620871366628684 794.3282347242822 1254.0 14.0 13.0 2
18.620871366628684 1000.0 1364.0 14.0 13.0 2
18.620871366628684 1258.9254117941675 5193.0 14.0 14.0 1
18.620871366628684 1584.893192461114 3187.0 14.0 13.0 2
18.620871366628684 1995.262314968881 0.0 14.0 13.0 9
18.620871366628684 2511.886431509582 0.0 14.0 13.0 9
18.620871366628684 3162.2776601683795 0.0 14.0 13.0 9
18.620871366628684 3981.0717055349733 0.0 14.0 13.0 9
18.620871366628684 5011.872336272725 0.0 14.0 13.0 9
18.620871366628684 6309.573444801937 0.0 14.0 13.0 9
18.620871366628684 7943.282347242822 0.0 14.0 13.0 9
18.620871366628684 10000.0 0.0 14.0 13.0 9
19.054607179632484 1.0 0.0 14.0 15.0 13
19.054607179632484 1.2589254117941673 0.0 14.0 15.0 13
19.054607179632484 1.5848931924611136 0.0 14.0 15.0 13
19.054607179632484 1.9952623149688797 10.07 11.0 14.0 4
19.054607179632484 2.51188643150958 0.0 11.0 13.0 11
19.054607179632484 3.1622776601683795 0.0 12.0 13.0 11
19.054607179632484 3.981071705534973 0.0 13.0 15.0 13
19.054607179632484 5.011872336272724 0.0 13.0 13.0 10
19.054607179632484 6.309573444801933 0.0 13.0 15.0 13
19.054607179632484 7.943282347242816 0.0 13.0 15.0 13
19.054607179632484 10.0 0.0 13.0 15.0 13
19.054607179632484 12.589254117941675 0.0 13.0 15.0 13
19.054607179632484 15.848931924611142 0.0 13.0 15.0 13
19.054607179632484 19.952623149688797 0.0 13.0 13.0 10
19.054607179632484 25.11886431509581 0.0 13.0 13.0 10
19.054607179632484 31.622776601683793 0.0 13.0 13.0 10
19.054607179632484 39.810717055349734 0.0 13.0 13.0 10
19.054607179632484 50.11872336272725 0.0 13.0 13.0 10
19.054607179632484 63.09573444801933 0.0 13.0 13.0 10
19.054607179632484 79.43282347242817 0.0 13.0 13.0 10
19.054607179632484 100.0 0.0 13.0 13.0 10
19.054607179632484 125.89254117941675 0.0 13.0 13.0 10
19.054607179632484 158.48931924611142 0.0 13.0 13.0 10
19.054607179632484 199.52623149688807 0.0 13.0 13.0 10
19.054607179632484 251.18864315095823 0.0 13.0 13.0 10
19.054607179632484 316.22776601683796 0.0 13.0 13.0 10
19.054607179632484 398.1071705534973 0.0 13.0 13.0 10
19.054607179632484 501.18723362727246 0.0 13.0 13.0 10
19.054607179632484 630.9573444801937 0.0 13.0 13.0 10
19.054607179632484 794.3282347242822 2413.0 14.0 13.0 2
19.054607179632484 1000.0 1882.0 14.0 14.0 1
19.054607179632484 1258.9254117941675 3860.0 14.0 14.0 1
19.054607179632484 1584.893192461114 19220.0 14.0 13.0 2
19.054607179632484 1995.262314968881 0.0 14.0 13.0 9
19.054607179632484 2511.886431509582 0.0 14.0 13.0 9
19.054607179632484 3162.2776601683795 0.0 14.0 13.0 9
19.054607179632484 3981.0717055349733 0.0 14.0 13.0 9
19.054607179632484 5011.872336272725 0.0 14.0 13.0 9
19.054607179632484 6309.573444801937 0.0 14.0 13.0 9
19.054607179632484 7943.282347242822 0.0 14.0 13.0 9
19.054607179632484 10000.0 0.0 14.0 13.0 9
19.498445997580465 1.0 0.0 14.0 15.0 13
19.498445997580465 1.2589254117941673 0.0 14.0 15.0 13
19.498445997580465 1.5848931924611136 0.0 14.0 15.0 13
19.498445997580465 1.9952623149688797 23.88 11.0 14.0 4
19.498445997580465 2.51188643150958 0.0 11.0 14.0 11
19.498445997580465 3.1622776601683795 0.0 12.0 14.0 11
19.498445997580465 3.981071705534973 0.0 13.0 15.0 13
19.498445997580465 5.011872336272724 0.0 13.0 13.0 10
19.498445997580465 6.309573444801933 0.0 13.0 15.0 13
19.498445997580465 7.943282347242816 0.0 13.0 15.0 13
19.498445997580465 10.0 0.0 13.0 15.0 13
19.498445997580465 12.589254117941675 0.0 13.0 15.0 13
19.498445997580465 15.848931924611142 0.0 13.0 15.0 13
19.498445997580465 19.952623149688797 0.0 13.0 13.0 10
19.498445997580465 25.11886431509581 0.0 13.0 13.0 10
19.498445997580465 31.622776601683793 0.0 13.0 13.0 10
19.498445997580465 39.810717055349734 0.0 13.0 13.0 10
19.498445997580465 50.11872336272725 0.0 13.0 13.0 10
19.498445997580465 63.09573444801933 0.0 13.0 13.0 10
19.498445997580465 79.43282347242817 0.0 13.0 13.0 10
19.498445997580465 100.0 0.0 13.0 13.0 10
19.498445997580465 125.89254117941675 0.0 13.0 13.0 10
19.498445997580465 158.48931924611142 0.0 13.0 13.0 10
19.498445997580465 199.52623149688807 0.0 13.0 13.0 10
19.498445997580465 251.18864315095823 0.0 13.0 13.0 10
19.498445997580465 316.22776601683796 0.0 13.0 13.0 10
19.498445997580465 398.1071705534973 0.0 13.0 13.0 10
19.498445997580465 501.18723362727246 0.0 13.0 13.0 10
19.498445997580465 630.9573444801937 0.0 13.0 13.0 10
19.498445997580465 794.3282347242822 2560.0 14.0 13.0 2
19.498445997580465 1000.0 1707.0 14.0 14.0 1
19.498445997580465 1258.9254117941675 3297.0 14.0 14.0 1
19.498445997580465 1584.893192461114 14610.0 14.0 13.0 2
19.498445997580465 1995.262314968881 18690.0 14.0 13.0 2
19.498445997580465 2511.886431509582 142700.0 14.0 13.0 2
19.498445997580465 3162.2776601683795 0.0 14.0 13.0 9
19.498445997580465 3981.0717055349733 0.0 14.0 13.0 9
19.498445997580465 5011.872336272725 0.0 14.0 13.0 9
19.498445997580465 6309.573444801937 0.0 14.0 13.0 9
19.498445997580465 7943.282347242822 0.0 14.0 13.0 9
19.498445997580465 10000.0 0.0 14.0 13.0 9
19.952623149688808 1.0 0.0 14.0 15.0 13
19.952623149688808 1.2589254117941673 0.0 14.0 15.0 13
19.952623149688808 1.5848931924611136 0.0 14.0 15.0 13
19.952623149688808 1.9952623149688797 26.25 11.0 14.0 4
19.952623149688808 2.51188643150958 220.5 11.0 14.0 4
19.952623149688808 3.1622776601683795 948.3 12.0 14.0 4
19.952623149688808 3.981071705534973 0.0 13.0 13.0 10
19.952623149688808 5.011872336272724 0.0 13.0 13.0 10
19.952623149688808 6.309573444801933 0.0 13.0 15.0 13
19.952623149688808 7.943282347242816 0.0 13.0 15.0 13
19.952623149688808 10.0 0.0 13.0 15.0 13
19.952623149688808 12.589254117941675 0.0 13.0 15.0 13
19.952623149688808 15.848931924611142 0.0 13.0 15.0 13
19.952623149688808 19.952623149688797 0.0 13.0 13.0 10
19.952623149688808 25.11886431509581 0.0 13.0 13.0 10
19.952623149688808 31.622776601683793 0.0 13.0 13.0 10
19.952623149688808 39.810717055349734 0.0 13.0 13.0 10
19.952623149688808 50.11872336272725 0.0 13.0 13.0 10
19.952623149688808 63.09573444801933 0.0 13.0 13.0 10
19.952623149688808 79.43282347242817 0.0 13.0 13.0 10
19.952623149688808 100.0 0.0 13.0 13.0 10
19.952623149688808 125.89254117941675 0.0 13.0 13.0 10
19.952623149688808 158.48931924611142 0.0 13.0 13.0 10
19.952623149688808 199.52623149688807 0.0 13.0 13.0 10
19.952623149688808 251.18864315095823 0.0 13.0 13.0 10
19.952623149688808 316.22776601683796 0.0 13.0 13.0 10
19.952623149688808 398.1071705534973 0.0 13.0 13.0 10
19.952623149688808 501.18723362727246 0.0 13.0 13.0 10
19.952623149688808 630.9573444801937 0.0 13.0 13.0 10
19.952623149688808 794.3282347242822 0.0 13.0 13.0 10
19.952623149688808 1000.0 2147.0 14.0 14.0 1
19.952623149688808 1258.9254117941675 2653.0 14.0 14.0 1
19.952623149688808 1584.893192461114 11230.0 14.0 13.0 2
19.952623149688808 1995.262314968881 91900.0 14.0 13.0 2
19.952623149688808 2511.886431509582 38850.0 14.0 13.0 2
19.952623149688808 3162.2776601683795 54810.0 14.0 13.0 2
19.952623149688808 3981.0717055349733 75310.0 14.0 13.0 2
19.952623149688808 5011.872336272725 96270.0 14.0 13.0 2
19.952623149688808 6309.573444801937 118200.0 14.0 13.0 2
19.952623149688808 7943.282347242822 143700.0 14.0 13.0 2
19.952623149688808 10000.0 172700.0 14.0 13.0 2
20.417379446695307 1.0 0.0 14.0 15.0 13
20.417379446695307 1.2589254117941673 0.0 14.0 15.0 13
20.417379446695307 1.5848931924611136 0.0 14.0 15.0 13
20.417379446695307 1.9952623149688797 28.41 11.0 14.0 4
20.417379446695307 2.51188643150958 97.7 11.0 14.0 4
20.417379446695307 3.1622776601683795 195.3 12.0 14.0 4
20.417379446695307 3.981071705534973 215.7 13.0 14.0 2
20.417379446695307 5.011872336272724 0.0 13.0 13.0 10
20.417379446695307 6.309573444801933 0.0 13.0 15.0 13
20.417379446695307 7.943282347242816 0.0 13.0 15.0 13
20.417379446695307 10.0 0.0 13.0 15.0 13
20.417379446695307 12.589254117941675 0.0 13.0 15.0 13
20.417379446695307 15.848931924611142 0.0 13.0 15.0 13
20.417379446695307 19.952623149688797 0.0 13.0 13.0 10
20.417379446695307 25.11886431509581 0.0 13.0 13.0 10
20.417379446695307 31.622776601683793 0.0 13.0 13.0 10
20.417379446695307 39.810717055349734 0.0 13.0 13.0 10
20.417379446695307 50.11872336272725 0.0 13.0 13.0 10
20.417379446695307 63.09573444801933 0.0 13.0 13.0 10
20.417379446695307 79.43282347242817 0.0 13.0 13.0 10
20.417379446695307 100.0 0.0 13.0 13.0 10
20.417379446695307 125.89254117941675 0.0 13.0 13.0 10
20.417379446695307 158.48931924611142 0.0 13.0 13.0 10
20.417379446695307 199.52623149688807 0.0 13.0 13.0 10
20.417379446695307 251.18864315095823 0.0 13.0 13.0 10
20.417379446695307 316.22776601683796 0.0 13.0 13.0 10
20.417379446695307 398.1071705534973 0.0 13.0 13.0 10
20.417379446695307 501.18723362727246 0.0 13.0 13.0 10
20.417379446695307 630.9573444801937 0.0 13.0 13.0 10
20.417379446695307 794.3282347242822 4060.0 13.0 14.0 2
20.417379446695307 1000.0 0.0 13.0 13.0 10
20.417379446695307 1258.9254117941675 2420.0 14.0 14.0 1
20.417379446695307 1584.893192461114 14470.0 14.0 13.0 2
20.417379446695307 1995.262314968881 10540.0 14.0 13.0 2
20.417379446695307 2511.886431509582 65940.0 14.0 13.0 2
20.417379446695307 3162.2776601683795 26690.0 14.0 13.0 2
20.417379446695307 3981.0717055349733 35220.0 14.0 13.0 2
20.417379446695307 5011.872336272725 44320.0 14.0 13.0 2
20.417379446695307 6309.573444801937 54300.0 14.0 13.0 2
20.417379446695307 7943.282347242822 65810.0 14.0 13.0 2
20.417379446695307 10000.0 78480.0 14.0 13.0 2
20.892961308540407 1.0 0.0 14.0 15.0 13
20.892961308540407 1.2589254117941673 0.0 14.0 15.0 13
20.892961308540407 1.5848931924611136 0.0 14.0 15.0 13
20.892961308540407 1.9952623149688797 29.02 11.0 14.0 4
20.892961308540407 2.51188643150958 79.12 12.0 14.0 4
20.892961308540407 3.1622776601683795 0.0 13.0 15.0 13
20.892961308540407 3.981071705534973 54.52 13.0 14.0 2
20.892961308540407 5.011872336272724 0.0 13.0 14.0 9
20.892961308540407 6.309573444801933 0.0 13.0 15.0 13
20.892961308540407 7.943282347242816 0.0 13.0 15.0 13
20.892961308540407 10.0 0.0 13.0 15.0 13
20.892961308540407 12.589254117941675 0.0 13.0 15.0 13
20.892961308540407 15.848931924611142 0.0 13.0 15.0 13
20.892961308540407 19.952623149688797 0.0 15.0 13.0 13
20.892961308540407 25.11886431509581 0.0 13.0 13.0 10
20.892961308540407 31.622776601683793 0.0 13.0 13.0 10
20.892961308540407 39.810717055349734 0.0 13.0 13.0 10
20.892961308540407 50.11872336272725 0.0 13.0 13.0 10
20.892961308540407 63.09573444801933 0.0 13.0 13.0 10
20.892961308540407 79.43282347242817 0.0 13.0 13.0 10
20.892961308540407 100.0 0.0 13.0 13.0 10
20.892961308540407 125.89254117941675 0.0 13.0 13.0 10
20.892961308540407 158.48931924611142 0.0 13.0 13.0 10
20.892961308540407 199.52623149688807 0.0 13.0 13.0 10
20.892961308540407 251.18864315095823 0.0 13.0 13.0 10
20.892961308540407 316.22776601683796 0.0 13.0 13.0 10
20.892961308540407 398.1071705534973 0.0 13.0 13.0 10
20.892961308540407 501.18723362727246 0.0 13.0 13.0 10
20.892961308540407 630.9573444801937 0.0 13.0 13.0 10
20.892961308540407 794.3282347242822 0.0 13.0 13.0 10
20.892961308540407 1000.0 4323.0 13.0 14.0 2
20.892961308540407 1258.9254117941675 5348.0 13.0 14.0 2
20.892961308540407 1584.893192461114 4850.0 14.0 14.0 1
20.892961308540407 1995.262314968881 7733.0 14.0 13.0 2
20.892961308540407 2511.886431509582 0.0 13.0 13.0 10
20.892961308540407 3162.2776601683795 16410.0 14.0 13.0 2
20.892961308540407 3981.0717055349733 22320.0 14.0 13.0 2
20.892961308540407 5011.872336272725 28430.0 14.0 13.0 2
20.892961308540407 6309.573444801937 34990.0 14.0 13.0 2
20.892961308540407 7943.282347242822 41830.0 14.0 13.0 2
20.892961308540407 10000.0 50840.0 14.0 13.0 2
21.379620895022335 1.0 0.0 14.0 15.0 13
21.379620895022335 1.2589254117941673 0.0 14.0 15.0 13
21.379620895022335 1.5848931924611136 0.0 14.0 15.0 13
21.379620895022335 1.9952623149688797 30.13 11.0 14.0 4
21.379620895022335 2.51188643150958 70.7 12.0 14.0 4
21.379620895022335 3.1622776601683795 0.0 13.0 15.0 13
21.379620895022335 3.981071705534973 35.0 13.0 14.0 2
21.379620895022335 5.011872336272724 74.25 13.0 14.0 2
21.379620895022335 6.309573444801933 0.0 13.0 15.0 13
21.379620895022335 7.943282347242816 0.0 13.0 15.0 13
21.379620895022335 10.0 0.0 13.0 15.0 13
21.379620895022335 12.589254117941675 0.0 13.0 15.0 13
21.379620895022335 15.848931924611142 0.0 13.0 15.0 13
21.379620895022335 19.952623149688797 0.0 13.0 13.0 10
21.379620895022335 25.11886431509581 0.0 13.0 13.0 10
21.379620895022335 31.622776601683793 0.0 13.0 13.0 10
21.379620895022335 39.810717055349734 0.0 13.0 13.0 10
21.379620895022335 50.11872336272725 0.0 13.0 13.0 10
21.379620895022335 63.09573444801933 0.0 13.0 13.0 10
21.379620895022335 79.43282347242817 0.0 13.0 13.0 10
21.379620895022335 100.0 0.0 13.0 13.0 10
21.379620895022335 125.89254117941675 0.0 13.0 13.0 10
21.379620895022335 158.48931924611142 0.0 13.0 13.0 10
21.379620895022335 199.52623149688807 0.0 13.0 13.0 10
21.379620895022335 251.18864315095823 0.0 13.0 13.0 10
21.379620895022335 316.22776601683796 0.0 13.0 13.0 10
21.379620895022335 398.1071705534973 0.0 13.0 13.0 10
21.379620895022335 501.18723362727246 0.0 13.0 13.0 10
21.379620895022335 630.9573444801937 0.0 13.0 13.0 10
21.379620895022335 794.3282347242822 0.0 13.0 13.0 10
21.379620895022335 1000.0 0.0 13.0 13.0 10
21.379620895022335 1258.9254117941675 5689.0 13.0 14.0 2
21.379620895022335 1584.893192461114 5233.0 14.0 13.0 2
21.379620895022335 1995.262314968881 6775.0 14.0 13.0 2
21.379620895022335 2511.886431509582 11540.0 14.0 13.0 2
21.379620895022335 3162.2776601683795 15240.0 14.0 13.0 2
21.379620895022335 3981.0717055349733 20580.0 14.0 13.0 2
21.379620895022335 5011.872336272725 26290.0 14.0 13.0 2
21.379620895022335 6309.573444801937 32530.0 14.0 13.0 2
21.379620895022335 7943.282347242822 39330.0 14.0 13.0 2
21.379620895022335 10000.0 47190.0 14.0 13.0 2
21.87761623949554 1.0 0.0 14.0 15.0 13
21.87761623949554 1.2589254117941673 0.0 14.0 15.0 13
21.87761623949554 1.5848931924611136 0.0 14.0 15.0 13
21.87761623949554 1.9952623149688797 30.14 11.0 14.0 4
21.87761623949554 2.51188643150958 60.0 12.0 14.0 4
21.87761623949554 3.1622776601683795 20.46 13.0 14.0 2
21.87761623949554 3.981071705534973 24.9 13.0 14.0 2
21.87761623949554 5.011872336272724 36.17 13.0 14.0 2
21.87761623949554 6.309573444801933 0.0 13.0 15.0 13
21.87761623949554 7.943282347242816 0.0 13.0 15.0 13
21.87761623949554 10.0 0.0 13.0 15.0 13
21.87761623949554 12.589254117941675 0.0 13.0 15.0 13
21.87761623949554 15.848931924611142 0.0 13.0 13.0 10
21.87761623949554 19.952623149688797 0.0 13.0 13.0 10
21.87761623949554 25.11886431509581 0.0 13.0 13.0 10
21.87761623949554 31.622776601683793 0.0 13.0 13.0 10
21.87761623949554 39.810717055349734 0.0 13.0 13.0 10
21.87761623949554 50.11872336272725 0.0 13.0 13.0 10
21.87761623949554 63.09573444801933 0.0 13.0 13.0 10
21.87761623949554 79.43282347242817 0.0 13.0 13.0 10
21.87761623949554 100.0 0.0 13.0 13.0 10
21.87761623949554 125.89254117941675 0.0 13.0 13.0 10
21.87761623949554 158.48931924611142 0.0 13.0 13.0 10
21.87761623949554 199.52623149688807 0.0 13.0 13.0 10
21.87761623949554 251.18864315095823 0.0 13.0 13.0 10
21.87761623949554 316.22776601683796 0.0 13.0 13.0 10
21.87761623949554 398.1071705534973 0.0 13.0 13.0 10
21.87761623949554 501.18723362727246 0.0 13.0 13.0 10
21.87761623949554 630.9573444801937 0.0 13.0 13.0 10
21.87761623949554 794.3282347242822 0.0 13.0 13.0 10
21.87761623949554 1000.0 3821.0 13.0 14.0 2
21.87761623949554 1258.9254117941675 5361.0 13.0 14.0 2
21.87761623949554 1584.893192461114 237500.0 13.0 14.0 2
21.87761623949554 1995.262314968881 0.0 13.0 13.0 10
21.87761623949554 2511.886431509582 9987.0 14.0 13.0 2
21.87761623949554 3162.2776601683795 14430.0 14.0 13.0 2
21.87761623949554 3981.0717055349733 19470.0 14.0 13.0 2
21.87761623949554 5011.872336272725 24870.0 14.0 13.0 2
21.87761623949554 6309.573444801937 29340.0 14.0 13.0 2
21.87761623949554 7943.282347242822 37620.0 14.0 13.0 2
21.87761623949554 10000.0 45340.0 14.0 13.0 2
22.38721138568341 1.0 0.0 14.0 15.0 13
22.38721138568341 1.2589254117941673 0.0 14.0 15.0 13
22.38721138568341 1.5848931924611136 0.0 14.0 15.0 13
22.38721138568341 1.9952623149688797 30.97 11.0 14.0 4
22.38721138568341 2.51188643150958 0.0 13.0 15.0 13
22.38721138568341 3.1622776601683795 17.28 13.0 14.0 2
22.38721138568341 3.981071705534973 20.36 13.0 14.0 2
22.38721138568341 5.011872336272724 25.55 13.0 14.0 2
22.38721138568341 6.309573444801933 0.0 13.0 15.0 13
22.38721138568341 7.943282347242816 0.0 13.0 15.0 13
22.38721138568341 10.0 0.0 13.0 15.0 13
22.38721138568341 12.589254117941675 0.0 13.0 15.0 13
22.38721138568341 15.848931924611142 0.0 13.0 13.0 10
22.38721138568341 19.952623149688797 0.0 13.0 13.0 10
22.38721138568341 25.11886431509581 0.0 13.0 13.0 10
22.38721138568341 31.622776601683793 0.0 13.0 13.0 10
22.38721138568341 39.810717055349734 0.0 13.0 13.0 10
22.38721138568341 50.11872336272725 0.0 13.0 13.0 10
22.38721138568341 63.09573444801933 0.0 13.0 13.0 10
22.38721138568341 79.43282347242817 0.0 13.0 13.0 10
22.38721138568341 100.0 0.0 13.0 13.0 10
22.38721138568341 125.89254117941675 0.0 13.0 13.0 10
22.38721138568341 158.48931924611142 0.0 13.0 13.0 10
22.38721138568341 199.52623149688807 0.0 13.0 13.0 10
22.38721138568341 251.18864315095823 0.0 13.0 13.0 10
22.38721138568341 316.22776601683796 0.0 13.0 13.0 10
22.38721138568341 398.1071705534973 0.0 13.0 13.0 10
22.38721138568341 501.18723362727246 0.0 13.0 13.0 10
22.38721138568341 630.9573444801937 0.0 13.0 13.0 10
22.38721138568341 794.3282347242822 0.0 13.0 13.0 10
22.38721138568341 1000.0 3976.0 13.0 14.0 2
22.38721138568341 1258.9254117941675 5338.0 13.0 14.0 2
22.38721138568341 1584.893192461114 0.0 13.0 13.0 10
22.38721138568341 1995.262314968881 0.0 13.0 13.0 10
22.38721138568341 2511.886431509582 9690.0 14.0 13.0 2
22.38721138568341 3162.2776601683795 13570.0 14.0 13.0 2
22.38721138568341 3981.0717055349733 18390.0 14.0 13.0 2
22.38721138568341 5011.872336272725 23590.0 14.0 13.0 2
22.38721138568341 6309.573444801937 29350.0 14.0 13.0 2
22.38721138568341 7943.282347242822 36010.0 14.0 13.0 2
22.38721138568341 10000.0 43460.0 14.0 13.0 2
22.90867652767775 1.0 0.0 14.0 15.0 13
22.90867652767775 1.2589254117941673 0.0 14.0 15.0 13
22.90867652767775 1.5848931924611136 0.0 14.0 15.0 13
22.90867652767775 1.9952623149688797 32.56 11.0 14.0 4
22.90867652767775 2.51188643150958 0.0 13.0 15.0 13
22.90867652767775 3.1622776601683795 15.41 13.0 14.0 2
22.90867652767775 3.981071705534973 17.34 13.0 14.0 2
22.90867652767775 5.011872336272724 20.14 13.0 14.0 2
22.90867652767775 6.309573444801933 0.0 13.0 15.0 13
22.90867652767775 7.943282347242816 0.0 13.0 15.0 13
22.90867652767775 10.0 0.0 13.0 15.0 13
22.90867652767775 12.589254117941675 0.0 13.0 15.0 13
22.90867652767775 15.848931924611142 0.0 13.0 13.0 10
22.90867652767775 19.952623149688797 0.0 13.0 13.0 10
22.90867652767775 25.11886431509581 0.0 13.0 13.0 10
22.90867652767775 31.622776601683793 0.0 13.0 13.0 10
22.90867652767775 39.810717055349734 0.0 13.0 13.0 10
22.90867652767775 50.11872336272725 0.0 13.0 13.0 10
22.90867652767775 63.09573444801933 0.0 13.0 13.0 10
22.90867652767775 79.43282347242817 0.0 13.0 13.0 10
22.90867652767775 100.0 0.0 13.0 13.0 10
22.90867652767775 125.89254117941675 0.0 13.0 13.0 10
22.90867652767775 158.48931924611142 0.0 13.0 13.0 10
22.90867652767775 199.52623149688807 0.0 13.0 13.0 10
22.90867652767775 251.18864315095823 0.0 13.0 13.0 10
22.90867652767775 316.22776601683796 0.0 13.0 13.0 10
22.90867652767775 398.1071705534973 0.0 13.0 13.0 10
22.90867652767775 501.18723362727246 0.0 13.0 13.0 10
22.90867652767775 630.9573444801937 0.0 13.0 13.0 10
22.90867652767775 794.3282347242822 0.0 13.0 13.0 10
22.90867652767775 1000.0 3958.0 13.0 14.0 2
22.90867652767775 1258.9254117941675 5584.0 13.0 14.0 2
22.90867652767775 1584.893192461114 29320.0 13.0 14.0 2
22.90867652767775 1995.262314968881 6027.0 14.0 13.0 2
22.90867652767775 2511.886431509582 9362.0 14.0 13.0 2
22.90867652767775 3162.2776601683795 13100.0 14.0 13.0 2
22.90867652767775 3981.0717055349733 18090.0 14.0 13.0 2
22.90867652767775 5011.872336272725 22930.0 14.0 13.0 2
22.90867652767775 6309.573444801937 28520.0 14.0 13.0 2
22.90867652767775 7943.282347242822 34940.0 14.0 13.0 2
22.90867652767775 10000.0 42140.0 14.0 13.0 2
23.44228815319924 1.0 0.0 14.0 15.0 13
23.44228815319924 1.2589254117941673 0.0 14.0 15.0 13
23.44228815319924 1.5848931924611136 0.0 14.0 15.0 13
23.44228815319924 1.9952623149688797 32.89 11.0 14.0 4
23.44228815319924 2.51188643150958 11.68 13.0 14.0 2
23.44228815319924 3.1622776601683795 13.58 13.0 14.0 2
23.44228815319924 3.981071705534973 15.48 13.0 14.0 2
23.44228815319924 5.011872336272724 17.25 13.0 14.0 2
23.44228815319924 6.309573444801933 0.0 13.0 15.0 13
23.44228815319924 7.943282347242816 0.0 13.0 15.0 13
23.44228815319924 10.0 0.0 13.0 15.0 13
23.44228815319924 12.589254117941675 0.0 13.0 15.0 13
23.44228815319924 15.848931924611142 0.0 13.0 13.0 10
23.44228815319924 19.952623149688797 0.0 13.0 13.0 10
23.44228815319924 25.11886431509581 0.0 13.0 13.0 10
23.44228815319924 31.622776601683793 0.0 13.0 13.0 10
23.44228815319924 39.810717055349734 0.0 13.0 13.0 10
23.44228815319924 50.11872336272725 0.0 13.0 13.0 10
23.44228815319924 63.09573444801933 0.0 13.0 13.0 10
23.44228815319924 79.43282347242817 0.0 13.0 13.0 10
23.44228815319924 100.0 0.0 13.0 13.0 10
23.44228815319924 125.89254117941675 0.0 13.0 13.0 10
23.44228815319924 158.48931924611142 0.0 13.0 13.0 10
23.44228815319924 199.52623149688807 0.0 13.0 13.0 10
23.44228815319924 251.18864315095823 0.0 13.0 13.0 10
23.44228815319924 316.22776601683796 0.0 13.0 13.0 10
23.44228815319924 398.1071705534973 0.0 13.0 13.0 10
23.44228815319924 501.18723362727246 0.0 13.0 13.0 10
23.44228815319924 630.9573444801937 0.0 13.0 13.0 10
23.44228815319924 794.3282347242822 0.0 13.0 13.0 10
23.44228815319924 1000.0 3970.0 13.0 14.0 2
23.44228815319924 1258.9254117941675 6091.0 13.0 14.0 2
23.44228815319924 1584.893192461114 28000.0 13.0 14.0 2
23.44228815319924 1995.262314968881 6417.0 14.0 13.0 2
23.44228815319924 2511.886431509582 7752.0 14.0 13.0 2
23.44228815319924 3162.2776601683795 12950.0 14.0 13.0 2
23.44228815319924 3981.0717055349733 17490.0 14.0 13.0 2
23.44228815319924 5011.872336272725 22470.0 14.0 13.0 2
23.44228815319924 6309.573444801937 28020.0 14.0 13.0 2
23.44228815319924 7943.282347242822 34350.0 14.0 13.0 2
23.44228815319924 10000.0 41580.0 14.0 13.0 2
23.988329190194925 1.0 0.0 14.0 15.0 13
23.988329190194925 1.2589254117941673 0.0 14.0 15.0 13
23.988329190194925 1.5848931924611136 0.0 14.0 15.0 13
23.988329190194925 1.9952623149688797 32.54 11.0 14.0 4
23.988329190194925 2.51188643150958 10.84 13.0 14.0 2
23.988329190194925 3.1622776601683795 12.16 13.0 14.0 2
23.988329190194925 3.981071705534973 14.32 13.0 14.0 2
23.988329190194925 5.011872336272724 15.33 13.0 14.0 2
23.988329190194925 6.309573444801933 0.0 13.0 15.0 13
23.988329190194925 7.943282347242816 0.0 13.0 15.0 13
23.988329190194925 10.0 0.0 13.0 15.0 13
23.988329190194925 12.589254117941675 0.0 13.0 15.0 13
23.988329190194925 15.848931924611142 0.0 13.0 13.0 10
23.988329190194925 19.952623149688797 0.0 13.0 13.0 10
23.988329190194925 25.11886431509581 0.0 13.0 13.0 10
23.988329190194925 31.622776601683793 0.0 13.0 13.0 10
23.988329190194925 39.810717055349734 0.0 13.0 13.0 10
23.988329190194925 50.11872336272725 0.0 13.0 13.0 10
23.988329190194925 63.09573444801933 0.0 13.0 13.0 10
23.988329190194925 79.43282347242817 0.0 13.0 13.0 10
23.988329190194925 100.0 0.0 13.0 13.0 10
23.988329190194925 125.89254117941675 0.0 13.0 13.0 10
23.988329190194925 158.48931924611142 0.0 13.0 13.0 10
23.988329190194925 199.52623149688807 0.0 13.0 13.0 10
23.988329190194925 251.18864315095823 0.0 13.0 13.0 10
23.988329190194925 316.22776601683796 0.0 13.0 13.0 10
23.988329190194925 398.1071705534973 0.0 13.0 13.0 10
23.988329190194925 501.18723362727246 0.0 13.0 13.0 10
23.988329190194925 630.9573444801937 0.0 13.0 13.0 10
23.988329190194925 794.3282347242822 0.0 13.0 13.0 10
23.988329190194925 1000.0 3920.0 13.0 14.0 2
23.988329190194925 1258.9254117941675 5994.0 13.0 14.0 2
23.988329190194925 1584.893192461114 3822.0 14.0 14.0 1
23.988329190194925 1995.262314968881 5462.0 14.0 13.0 2
23.988329190194925 2511.886431509582 7285.0 14.0 13.0 2
23.988329190194925 3162.2776601683795 10620.0 14.0 13.0 2
23.988329190194925 3981.0717055349733 13920.0 14.0 13.0 2
23.988329190194925 5011.872336272725 21920.0 14.0 13.0 2
23.988329190194925 6309.573444801937 27350.0 14.0 13.0 2
23.988329190194925 7943.282347242822 33550.0 14.0 13.0 2
23.988329190194925 10000.0 40670.0 14.0 13.0 2
24.547089156850323 1.0 0.0 14.0 15.0 13
24.547089156850323 1.2589254117941673 0.0 14.0 15.0 13
24.547089156850323 1.5848931924611136 0.0 14.0 15.0 13
24.547089156850323 1.9952623149688797 34.35 11.0 14.0 4
24.547089156850323 2.51188643150958 10.36 13.0 14.0 2
24.547089156850323 3.1622776601683795 11.52 13.0 14.0 2
24.547089156850323 3.981071705534973 13.18 13.0 14.0 2
24.547089156850323 5.011872336272724 13.61 13.0 14.0 2
24.547089156850323 6.309573444801933 0.0 13.0 15.0 13
24.547089156850323 7.943282347242816 0.0 13.0 15.0 13
24.547089156850323 10.0 0.0 13.0 15.0 13
24.547089156850323 12.589254117941675 0.0 13.0 15.0 13
24.547089156850323 15.848931924611142 0.0 13.0 13.0 10
24.547089156850323 19.952623149688797 0.0 13.0 13.0 10
24.547089156850323 25.11886431509581 0.0 13.0 13.0 10
24.547089156850323 31.622776601683793 0.0 13.0 13.0 10
24.547089156850323 39.810717055349734 0.0 13.0 13.0 10
24.547089156850323 50.11872336272725 0.0 13.0 13.0 10
24.547089156850323 63.09573444801933 0.0 13.0 13.0 10
24.547089156850323 79.43282347242817 0.0 13.0 13.0 10
24.547089156850323 100.0 0.0 13.0 13.0 10
24.547089156850323 125.89254117941675 0.0 13.0 13.0 10
24.547089156850323 158.48931924611142 0.0 13.0 13.0 10
24.547089156850323 199.52623149688807 0.0 13.0 13.0 10
24.547089156850323 251.18864315095823 0.0 13.0 13.0 10
24.547089156850323 316.22776601683796 0.0 13.0 13.0 10
24.547089156850323 398.1071705534973 0.0 13.0 13.0 10
24.547089156850323 501.18723362727246 0.0 13.0 13.0 10
24.547089156850323 630.9573444801937 0.0 13.0 13.0 10
24.547089156850323 794.3282347242822 0.0 13.0 13.0 10
24.547089156850323 1000.0 3797.0 14.0 14.0 1
24.547089156850323 1258.9254117941675 5716.0 14.0 14.0 1
24.547089156850323 1584.893192461114 nan 100.0 100.0 7
24.547089156850323 1995.262314968881 7044.0 14.0 14.0 1
24.547089156850323 2511.886431509582 9311.0 14.0 13.0 2
24.547089156850323 3162.2776601683795 12880.0 14.0 13.0 2
24.547089156850323 3981.0717055349733 18750.0 14.0 13.0 2
24.547089156850323 5011.872336272725 23560.0 14.0 13.0 2
24.547089156850323 6309.573444801937 39530.0 14.0 13.0 2
24.547089156850323 7943.282347242822 46540.0 14.0 13.0 2
24.547089156850323 10000.0 57120.0 14.0 13.0 2
25.11886431509582 1.0 0.0 14.0 15.0 13
25.11886431509582 1.2589254117941673 0.0 14.0 15.0 13
25.11886431509582 1.5848931924611136 0.0 14.0 15.0 13
25.11886431509582 1.9952623149688797 38.85 11.0 14.0 4
25.11886431509582 2.51188643150958 4.85 13.0 14.0 2
25.11886431509582 3.1622776601683795 10.9 13.0 14.0 2
25.11886431509582 3.981071705534973 12.66 13.0 14.0 2
25.11886431509582 5.011872336272724 12.82 13.0 14.0 2
25.11886431509582 6.309573444801933 0.0 13.0 15.0 13
25.11886431509582 7.943282347242816 0.0 13.0 15.0 13
25.11886431509582 10.0 0.0 13.0 15.0 13
25.11886431509582 12.589254117941675 0.0 13.0 15.0 13
25.11886431509582 15.848931924611142 0.0 13.0 13.0 10
25.11886431509582 19.952623149688797 0.0 13.0 13.0 10
25.11886431509582 25.11886431509581 0.0 13.0 13.0 10
25.11886431509582 31.622776601683793 0.0 13.0 13.0 10
25.11886431509582 39.810717055349734 0.0 13.0 13.0 10
25.11886431509582 50.11872336272725 0.0 13.0 13.0 10
25.11886431509582 63.09573444801933 0.0 13.0 13.0 10
25.11886431509582 79.43282347242817 0.0 13.0 13.0 10
25.11886431509582 100.0 0.0 13.0 13.0 10
25.11886431509582 125.89254117941675 0.0 13.0 13.0 10
25.11886431509582 158.48931924611142 0.0 13.0 13.0 10
25.11886431509582 199.52623149688807 0.0 13.0 13.0 10
25.11886431509582 251.18864315095823 0.0 13.0 13.0 10
25.11886431509582 316.22776601683796 0.0 13.0 13.0 10
25.11886431509582 398.1071705534973 0.0 13.0 13.0 10
25.11886431509582 501.18723362727246 0.0 13.0 13.0 10
25.11886431509582 630.9573444801937 0.0 14.0 13.0 9
25.11886431509582 794.3282347242822 0.0 14.0 13.0 9
25.11886431509582 1000.0 3750.0 14.0 14.0 1
25.11886431509582 1258.9254117941675 2597.0 14.0 14.0 1
25.11886431509582 1584.893192461114 nan 100.0 100.0 7
25.11886431509582 1995.262314968881 6283.0 14.0 14.0 1
25.11886431509582 2511.886431509582 8334.0 14.0 14.0 1
25.11886431509582 3162.2776601683795 10130.0 14.0 13.0 2
25.11886431509582 3981.0717055349733 14120.0 14.0 13.0 2
25.11886431509582 5011.872336272725 18960.0 14.0 13.0 2
25.11886431509582 6309.573444801937 24400.0 14.0 13.0 2
25.11886431509582 7943.282347242822 29730.0 14.0 13.0 2
25.11886431509582 10000.0 35860.0 14.0 13.0 2
25.703957827688658 1.0 0.0 14.0 15.0 13
25.703957827688658 1.2589254117941673 0.0 14.0 15.0 13
25.703957827688658 1.5848931924611136 0.0 14.0 15.0 13
25.703957827688658 1.9952623149688797 0.0 15.0 14.0 13
25.703957827688658 2.51188643150958 2.318 13.0 14.0 2
25.703957827688658 3.1622776601683795 10.45 13.0 14.0 2
25.703957827688658 3.981071705534973 12.31 13.0 14.0 2
25.703957827688658 5.011872336272724 11.9 13.0 14.0 2
25.703957827688658 6.309573444801933 0.0 13.0 15.0 13
25.703957827688658 7.943282347242816 0.0 13.0 15.0 13
25.703957827688658 10.0 0.0 13.0 15.0 13
25.703957827688658 12.589254117941675 0.0 13.0 15.0 13
25.703957827688658 15.848931924611142 0.0 13.0 13.0 10
25.703957827688658 19.952623149688797 0.0 13.0 13.0 10
25.703957827688658 25.11886431509581 0.0 13.0 13.0 10
25.703957827688658 31.622776601683793 0.0 13.0 13.0 10
25.703957827688658 39.810717055349734 0.0 13.0 13.0 10
25.703957827688658 50.11872336272725 0.0 13.0 13.0 10
25.703957827688658 63.09573444801933 0.0 13.0 13.0 10
25.703957827688658 79.43282347242817 0.0 13.0 13.0 10
25.703957827688658 100.0 0.0 13.0 13.0 10
25.703957827688658 125.89254117941675 0.0 13.0 13.0 10
25.703957827688658 158.48931924611142 0.0 13.0 13.0 10
25.703957827688658 199.52623149688807 0.0 13.0 13.0 10
25.703957827688658 251.18864315095823 0.0 13.0 13.0 10
25.703957827688658 316.22776601683796 0.0 13.0 13.0 10
25.703957827688658 398.1071705534973 0.0 13.0 13.0 10
25.703957827688658 501.18723362727246 0.0 14.0 13.0 9
25.703957827688658 630.9573444801937 0.0 14.0 13.0 9
25.703957827688658 794.3282347242822 0.0 14.0 13.0 9
25.703957827688658 1000.0 3815.0 14.0 14.0 1
25.703957827688658 1258.9254117941675 2756.0 14.0 14.0 1
25.703957827688658 1584.893192461114 3474.0 14.0 14.0 1
25.703957827688658 1995.262314968881 4632.0 14.0 14.0 1
25.703957827688658 2511.886431509582 6012.0 14.0 14.0 1
25.703957827688658 3162.2776601683795 8427.0 14.0 14.0 1
25.703957827688658 3981.0717055349733 11930.0 14.0 13.0 2
25.703957827688658 5011.872336272725 15620.0 14.0 13.0 2
25.703957827688658 6309.573444801937 19810.0 14.0 13.0 2
25.703957827688658 7943.282347242822 25210.0 14.0 13.0 2
25.703957827688658 10000.0 31650.0 14.0 13.0 2
26.302679918953842 1.0 0.0 14.0 15.0 13
26.302679918953842 1.2589254117941673 0.0 14.0 15.0 13
26.302679918953842 1.5848931924611136 0.0 14.0 15.0 13
26.302679918953842 1.9952623149688797 25.09 13.0 14.0 2
26.302679918953842 2.51188643150958 10.79 13.0 14.0 2
26.302679918953842 3.1622776601683795 10.2 13.0 14.0 2
26.302679918953842 3.981071705534973 11.82 13.0 14.0 2
26.302679918953842 5.011872336272724 11.22 13.0 14.0 2
26.302679918953842 6.309573444801933 0.0 13.0 15.0 13
26.302679918953842 7.943282347242816 0.0 13.0 15.0 13
26.302679918953842 10.0 0.0 13.0 15.0 13
26.302679918953842 12.589254117941675 30.94 13.0 14.0 2
26.302679918953842 15.848931924611142 47.96 13.0 14.0 2
26.302679918953842 19.952623149688797 63.27 13.0 14.0 2
26.302679918953842 25.11886431509581 76.59 13.0 14.0 2
26.302679918953842 31.622776601683793 94.22 13.0 14.0 2
26.302679918953842 39.810717055349734 555.2 13.0 13.0 3
26.302679918953842 50.11872336272725 804.3 13.0 13.0 3
26.302679918953842 63.09573444801933 980.2 13.0 13.0 3
26.302679918953842 79.43282347242817 1267.0 13.0 13.0 3
26.302679918953842 100.0 1643.0 13.0 13.0 3
26.302679918953842 125.89254117941675 2213.0 13.0 13.0 3
26.302679918953842 158.48931924611142 4028.0 13.0 13.0 3
26.302679918953842 199.52623149688807 5893.0 13.0 13.0 3
26.302679918953842 251.18864315095823 24790.0 13.0 13.0 3
26.302679918953842 316.22776601683796 4091.0 14.0 13.0 2
26.302679918953842 398.1071705534973 7547.0 14.0 13.0 2
26.302679918953842 501.18723362727246 7752.0 14.0 13.0 2
26.302679918953842 630.9573444801937 4111.0 14.0 13.0 2
26.302679918953842 794.3282347242822 0.0 14.0 13.0 9
26.302679918953842 1000.0 3723.0 14.0 14.0 1
26.302679918953842 1258.9254117941675 2576.0 14.0 14.0 1
26.302679918953842 1584.893192461114 nan 100.0 100.0 7
26.302679918953842 1995.262314968881 4267.0 14.0 14.0 1
26.302679918953842 2511.886431509582 5859.0 14.0 14.0 1
26.302679918953842 3162.2776601683795 8082.0 14.0 14.0 1
26.302679918953842 3981.0717055349733 10790.0 14.0 14.0 1
26.302679918953842 5011.872336272725 13960.0 14.0 14.0 1
26.302679918953842 6309.573444801937 18260.0 14.0 13.0 2
26.302679918953842 7943.282347242822 22860.0 14.0 13.0 2
26.302679918953842 10000.0 28210.0 14.0 13.0 2
26.91534803926918 1.0 0.0 14.0 15.0 13
26.91534803926918 1.2589254117941673 0.0 14.0 15.0 13
26.91534803926918 1.5848931924611136 0.0 14.0 15.0 13
26.91534803926918 1.9952623149688797 34.36 13.0 14.0 2
26.91534803926918 2.51188643150958 11.48 13.0 14.0 2
26.91534803926918 3.1622776601683795 11.08 13.0 14.0 2
26.91534803926918 3.981071705534973 11.56 13.0 14.0 2
26.91534803926918 5.011872336272724 11.06 13.0 14.0 2
26.91534803926918 6.309573444801933 0.0 13.0 15.0 13
26.91534803926918 7.943282347242816 0.0 13.0 15.0 13
26.91534803926918 10.0 0.0 13.0 15.0 13
26.91534803926918 12.589254117941675 22.62 13.0 14.0 2
26.91534803926918 15.848931924611142 32.4 13.0 14.0 2
26.91534803926918 19.952623149688797 38.48 13.0 14.0 2
26.91534803926918 25.11886431509581 46.92 13.0 14.0 2
26.91534803926918 31.622776601683793 56.77 13.0 14.0 2
26.91534803926918 39.810717055349734 70.03 13.0 14.0 2
26.91534803926918 50.11872336272725 90.1 13.0 14.0 2
26.91534803926918 63.09573444801933 109.7 13.0 14.0 2
26.91534803926918 79.43282347242817 137.1 13.0 14.0 2
26.91534803926918 100.0 186.9 13.0 14.0 2
26.91534803926918 125.89254117941675 406.2 13.0 13.0 3
26.91534803926918 158.48931924611142 512.6 13.0 13.0 3
26.91534803926918 199.52623149688807 552.0 14.0 13.0 2
26.91534803926918 251.18864315095823 792.4 14.0 13.0 2
26.91534803926918 316.22776601683796 1074.0 14.0 13.0 2
26.91534803926918 398.1071705534973 1670.0 14.0 13.0 2
26.91534803926918 501.18723362727246 2846.0 14.0 13.0 2
26.91534803926918 630.9573444801937 2575.0 14.0 13.0 2
26.91534803926918 794.3282347242822 0.0 14.0 13.0 9
26.91534803926918 1000.0 4016.0 14.0 13.0 2
26.91534803926918 1258.9254117941675 2648.0 14.0 14.0 1
26.91534803926918 1584.893192461114 3364.0 14.0 14.0 1
26.91534803926918 1995.262314968881 4186.0 14.0 14.0 1
26.91534803926918 2511.886431509582 5707.0 14.0 14.0 1
26.91534803926918 3162.2776601683795 7768.0 14.0 14.0 1
26.91534803926918 3981.0717055349733 10200.0 14.0 14.0 1
26.91534803926918 5011.872336272725 13060.0 14.0 14.0 1
26.91534803926918 6309.573444801937 16440.0 14.0 14.0 1
26.91534803926918 7943.282347242822 20290.0 14.0 14.0 1
26.91534803926918 10000.0 24890.0 14.0 14.0 1
27.54228703338169 1.0 0.0 14.0 15.0 13
27.54228703338169 1.2589254117941673 0.0 14.0 15.0 13
27.54228703338169 1.5848931924611136 0.0 14.0 15.0 13
27.54228703338169 1.9952623149688797 32.78 13.0 14.0 2
27.54228703338169 2.51188643150958 11.43 13.0 14.0 2
27.54228703338169 3.1622776601683795 11.52 13.0 14.0 2
27.54228703338169 3.981071705534973 11.35 13.0 14.0 2
27.54228703338169 5.011872336272724 10.7 13.0 14.0 2
27.54228703338169 6.309573444801933 0.0 13.0 15.0 13
27.54228703338169 7.943282347242816 0.0 13.0 15.0 13
27.54228703338169 10.0 0.0 13.0 15.0 13
27.54228703338169 12.589254117941675 19.61 13.0 14.0 2
27.54228703338169 15.848931924611142 26.29 13.0 14.0 2
27.54228703338169 19.952623149688797 31.01 13.0 14.0 2
27.54228703338169 25.11886431509581 36.73 13.0 14.0 2
27.54228703338169 31.622776601683793 44.62 13.0 14.0 2
27.54228703338169 39.810717055349734 56.36 13.0 14.0 2
27.54228703338169 50.11872336272725 67.05 13.0 14.0 2
27.54228703338169 63.09573444801933 84.31 13.0 14.0 2
27.54228703338169 79.43282347242817 99.25 14.0 14.0 1
27.54228703338169 100.0 124.6 14.0 14.0 1
27.54228703338169 125.89254117941675 161.0 14.0 14.0 1
27.54228703338169 158.48931924611142 209.6 14.0 14.0 1
27.54228703338169 199.52623149688807 297.3 14.0 14.0 1
27.54228703338169 251.18864315095823 531.3 14.0 13.0 2
27.54228703338169 316.22776601683796 692.1 14.0 13.0 2
27.54228703338169 398.1071705534973 1009.0 14.0 13.0 2
27.54228703338169 501.18723362727246 1490.0 14.0 13.0 2
27.54228703338169 630.9573444801937 2043.0 14.0 13.0 2
27.54228703338169 794.3282347242822 7706.0 14.0 13.0 2
27.54228703338169 1000.0 2195.0 14.0 14.0 1
27.54228703338169 1258.9254117941675 2554.0 14.0 14.0 1
27.54228703338169 1584.893192461114 3609.0 14.0 14.0 1
27.54228703338169 1995.262314968881 9390.0 14.0 14.0 1
27.54228703338169 2511.886431509582 5551.0 14.0 14.0 1
27.54228703338169 3162.2776601683795 7478.0 14.0 14.0 1
27.54228703338169 3981.0717055349733 9759.0 14.0 14.0 1
27.54228703338169 5011.872336272725 12340.0 14.0 14.0 1
27.54228703338169 6309.573444801937 15420.0 14.0 14.0 1
27.54228703338169 7943.282347242822 18970.0 14.0 14.0 1
27.54228703338169 10000.0 23120.0 14.0 14.0 1
28.183829312644566 1.0 0.0 14.0 15.0 13
28.183829312644566 1.2589254117941673 0.0 14.0 15.0 13
28.183829312644566 1.5848931924611136 0.0 14.0 15.0 13
28.183829312644566 1.9952623149688797 38.66 13.0 14.0 2
28.183829312644566 2.51188643150958 11.31 13.0 14.0 2
28.183829312644566 3.1622776601683795 11.47 13.0 14.0 2
28.183829312644566 3.981071705534973 11.55 13.0 14.0 2
28.183829312644566 5.011872336272724 10.79 13.0 14.0 2
28.183829312644566 6.309573444801933 0.0 13.0 15.0 13
28.183829312644566 7.943282347242816 0.0 13.0 15.0 13
28.183829312644566 10.0 0.0 13.0 15.0 13
28.183829312644566 12.589254117941675 17.44 13.0 14.0 2
28.183829312644566 15.848931924611142 22.34 13.0 14.0 2
28.183829312644566 19.952623149688797 26.71 14.0 14.0 1
28.183829312644566 25.11886431509581 31.78 14.0 14.0 1
28.183829312644566 31.622776601683793 39.9 14.0 14.0 1
28.183829312644566 39.810717055349734 46.37 14.0 14.0 1
28.183829312644566 50.11872336272725 58.24 14.0 14.0 1
28.183829312644566 63.09573444801933 70.31 14.0 14.0 1
28.183829312644566 79.43282347242817 87.35 14.0 14.0 1
28.183829312644566 100.0 108.8 14.0 14.0 1
28.183829312644566 125.89254117941675 147.7 14.0 14.0 1
28.183829312644566 158.48931924611142 187.6 14.0 14.0 1
28.183829312644566 199.52623149688807 261.1 14.0 14.0 1
28.183829312644566 251.18864315095823 355.0 14.0 14.0 1
28.183829312644566 316.22776601683796 554.8 14.0 13.0 2
28.183829312644566 398.1071705534973 772.6 14.0 13.0 2
28.183829312644566 501.18723362727246 1147.0 14.0 13.0 2
28.183829312644566 630.9573444801937 1687.0 14.0 13.0 2
28.183829312644566 794.3282347242822 3274.0 14.0 13.0 2
28.183829312644566 1000.0 2257.0 14.0 14.0 1
28.183829312644566 1258.9254117941675 3036.0 14.0 14.0 1
28.183829312644566 1584.893192461114 3286.0 14.0 14.0 1
28.183829312644566 1995.262314968881 4140.0 14.0 14.0 1
28.183829312644566 2511.886431509582 5578.0 14.0 14.0 1
28.183829312644566 3162.2776601683795 7403.0 14.0 14.0 1
28.183829312644566 3981.0717055349733 9546.0 14.0 14.0 1
28.183829312644566 5011.872336272725 12020.0 14.0 14.0 1
28.183829312644566 6309.573444801937 14850.0 14.0 14.0 1
28.183829312644566 7943.282347242822 18180.0 14.0 14.0 1
28.183829312644566 10000.0 22070.0 14.0 14.0 1
28.840315031266087 1.0 0.0 14.0 15.0 13
28.840315031266087 1.2589254117941673 0.0 14.0 15.0 13
28.840315031266087 1.5848931924611136 0.0 14.0 15.0 13
28.840315031266087 1.9952623149688797 38.13 13.0 14.0 2
28.840315031266087 2.51188643150958 10.83 13.0 14.0 2
28.840315031266087 3.1622776601683795 11.21 13.0 14.0 2
28.840315031266087 3.981071705534973 11.44 13.0 14.0 2
28.840315031266087 5.011872336272724 11.46 13.0 14.0 2
28.840315031266087 6.309573444801933 0.0 15.0 14.0 13
28.840315031266087 7.943282347242816 0.0 13.0 15.0 13
28.840315031266087 10.0 0.0 13.0 15.0 13
28.840315031266087 12.589254117941675 15.8 13.0 14.0 2
28.840315031266087 15.848931924611142 20.76 14.0 14.0 1
28.840315031266087 19.952623149688797 24.95 14.0 14.0 1
28.840315031266087 25.11886431509581 29.75 14.0 14.0 1
28.840315031266087 31.622776601683793 36.31 14.0 14.0 1
28.840315031266087 39.810717055349734 44.2 14.0 14.0 1
28.840315031266087 50.11872336272725 54.92 14.0 14.0 1
28.840315031266087 63.09573444801933 66.7 14.0 14.0 1
28.840315031266087 79.43282347242817 84.44 14.0 14.0 1
28.840315031266087 100.0 100.5 14.0 14.0 1
28.840315031266087 125.89254117941675 133.7 14.0 14.0 1
28.840315031266087 158.48931924611142 164.9 14.0 14.0 1
28.840315031266087 199.52623149688807 218.5 14.0 14.0 1
28.840315031266087 251.18864315095823 297.5 14.0 14.0 1
28.840315031266087 316.22776601683796 415.0 14.0 14.0 1
28.840315031266087 398.1071705534973 652.7 14.0 13.0 2
28.840315031266087 501.18723362727246 933.0 14.0 13.0 2
28.840315031266087 630.9573444801937 1319.0 14.0 13.0 2
28.840315031266087 794.3282347242822 1371.0 14.0 13.0 2
28.840315031266087 1000.0 2167.0 14.0 14.0 1
28.840315031266087 1258.9254117941675 3426.0 14.0 14.0 1
28.840315031266087 1584.893192461114 2954.0 14.0 14.0 1
28.840315031266087 1995.262314968881 4165.0 14.0 14.0 1
28.840315031266087 2511.886431509582 5561.0 14.0 14.0 1
28.840315031266087 3162.2776601683795 7300.0 14.0 14.0 1
28.840315031266087 3981.0717055349733 9318.0 14.0 14.0 1
28.840315031266087 5011.872336272725 11660.0 14.0 14.0 1
28.840315031266087 6309.573444801937 14360.0 14.0 14.0 1
28.840315031266087 7943.282347242822 17510.0 14.0 14.0 1
28.840315031266087 10000.0 21150.0 14.0 14.0 1
29.512092266663885 1.0 0.0 14.0 15.0 13
29.512092266663885 1.2589254117941673 0.0 14.0 15.0 13
29.512092266663885 1.5848931924611136 0.0 14.0 15.0 13
29.512092266663885 1.9952623149688797 29.4 13.0 14.0 2
29.512092266663885 2.51188643150958 10.2 13.0 14.0 2
29.512092266663885 3.1622776601683795 10.84 13.0 14.0 2
29.512092266663885 3.981071705534973 11.22 13.0 14.0 2
29.512092266663885 5.011872336272724 11.58 13.0 14.0 2
29.512092266663885 6.309573444801933 10.46 13.0 14.0 2
29.512092266663885 7.943282347242816 0.0 13.0 15.0 13
29.512092266663885 10.0 0.0 13.0 15.0 13
29.512092266663885 12.589254117941675 14.65 13.0 14.0 2
29.512092266663885 15.848931924611142 19.92 14.0 14.0 1
29.512092266663885 19.952623149688797 24.07 14.0 14.0 1
29.512092266663885 25.11886431509581 29.34 14.0 14.0 1
29.512092266663885 31.622776601683793 35.19 14.0 14.0 1
29.512092266663885 39.810717055349734 41.11 14.0 14.0 1
29.512092266663885 50.11872336272725 51.71 14.0 14.0 1
29.512092266663885 63.09573444801933 61.97 14.0 14.0 1
29.512092266663885 79.43282347242817 79.9 14.0 14.0 1
29.512092266663885 100.0 95.99 14.0 14.0 1
29.512092266663885 125.89254117941675 121.2 14.0 14.0 1
29.512092266663885 158.48931924611142 158.3 14.0 14.0 1
29.512092266663885 199.52623149688807 205.1 14.0 14.0 1
29.512092266663885 251.18864315095823 286.9 14.0 14.0 1
29.512092266663885 316.22776601683796 381.8 14.0 14.0 1
29.512092266663885 398.1071705534973 517.0 14.0 14.0 1
29.512092266663885 501.18723362727246 774.6 14.0 13.0 2
29.512092266663885 630.9573444801937 1136.0 14.0 13.0 2
29.512092266663885 794.3282347242822 1805.0 14.0 13.0 2
29.512092266663885 1000.0 1278.0 14.0 13.0 2
29.512092266663885 1258.9254117941675 3136.0 14.0 14.0 1
29.512092266663885 1584.893192461114 3085.0 14.0 14.0 1
29.512092266663885 1995.262314968881 4131.0 14.0 14.0 1
29.512092266663885 2511.886431509582 5457.0 14.0 14.0 1
29.512092266663885 3162.2776601683795 6897.0 14.0 14.0 1
29.512092266663885 3981.0717055349733 9077.0 14.0 14.0 1
29.512092266663885 5011.872336272725 11350.0 14.0 14.0 1
29.512092266663885 6309.573444801937 13900.0 14.0 14.0 1
29.512092266663885 7943.282347242822 16910.0 14.0 14.0 1
29.512092266663885 10000.0 20410.0 14.0 14.0 1
30.199517204020193 1.0 0.0 14.0 15.0 13
30.199517204020193 1.2589254117941673 0.0 14.0 15.0 13
30.199517204020193 1.5848931924611136 0.0 14.0 15.0 13
30.199517204020193 1.9952623149688797 0.0 14.0 15.0 13
30.199517204020193 2.51188643150958 10.07 13.0 14.0 2
30.199517204020193 3.1622776601683795 11.34 13.0 14.0 2
30.199517204020193 3.981071705534973 10.93 13.0 14.0 2
30.199517204020193 5.011872336272724 11.36 13.0 14.0 2
30.199517204020193 6.309573444801933 11.4 13.0 14.0 2
30.199517204020193 7.943282347242816 0.0 15.0 14.0 13
30.199517204020193 10.0 0.0 13.0 15.0 13
30.199517204020193 12.589254117941675 13.68 13.0 14.0 2
30.199517204020193 15.848931924611142 19.28 14.0 14.0 1
30.199517204020193 19.952623149688797 23.91 14.0 14.0 1
30.199517204020193 25.11886431509581 28.06 14.0 14.0 1
30.199517204020193 31.622776601683793 33.5 14.0 14.0 1
30.199517204020193 39.810717055349734 40.34 14.0 14.0 1
30.199517204020193 50.11872336272725 50.23 14.0 14.0 1
30.199517204020193 63.09573444801933 63.57 14.0 14.0 1
30.199517204020193 79.43282347242817 75.84 14.0 14.0 1
30.199517204020193 100.0 93.59 14.0 14.0 1
30.199517204020193 125.89254117941675 117.4 14.0 14.0 1
30.199517204020193 158.48931924611142 150.4 14.0 14.0 1
30.199517204020193 199.52623149688807 196.4 14.0 14.0 1
30.199517204020193 251.18864315095823 269.6 14.0 14.0 1
30.199517204020193 316.22776601683796 383.2 14.0 14.0 1
30.199517204020193 398.1071705534973 487.5 14.0 14.0 1
30.199517204020193 501.18723362727246 708.5 14.0 13.0 2
30.199517204020193 630.9573444801937 1078.0 14.0 13.0 2
30.199517204020193 794.3282347242822 2800.0 14.0 13.0 2
30.199517204020193 1000.0 3618.0 14.0 14.0 1
30.199517204020193 1258.9254117941675 nan 100.0 100.0 7
30.199517204020193 1584.893192461114 3249.0 14.0 14.0 1
30.199517204020193 1995.262314968881 4207.0 14.0 14.0 1
30.199517204020193 2511.886431509582 5439.0 14.0 14.0 1
30.199517204020193 3162.2776601683795 7050.0 14.0 14.0 1
30.199517204020193 3981.0717055349733 8903.0 14.0 14.0 1
30.199517204020193 5011.872336272725 11050.0 14.0 14.0 1
30.199517204020193 6309.573444801937 13540.0 14.0 14.0 1
30.199517204020193 7943.282347242822 16450.0 14.0 14.0 1
30.199517204020193 10000.0 19840.0 14.0 14.0 1
30.902954325135937 1.0 0.0 14.0 15.0 13
30.902954325135937 1.2589254117941673 0.0 14.0 15.0 13
30.902954325135937 1.5848931924611136 0.0 14.0 15.0 13
30.902954325135937 1.9952623149688797 0.0 14.0 15.0 13
30.902954325135937 2.51188643150958 12.75 13.0 14.0 2
30.902954325135937 3.1622776601683795 12.34 13.0 14.0 2
30.902954325135937 3.981071705534973 11.09 13.0 14.0 2
30.902954325135937 5.011872336272724 10.95 13.0 14.0 2
30.902954325135937 6.309573444801933 11.52 13.0 14.0 2
30.902954325135937 7.943282347242816 10.39 13.0 14.0 2
30.902954325135937 10.0 0.0 13.0 15.0 13
30.902954325135937 12.589254117941675 13.03 13.0 14.0 2
30.902954325135937 15.848931924611142 18.76 14.0 14.0 1
30.902954325135937 19.952623149688797 23.27 14.0 14.0 1
30.902954325135937 25.11886431509581 28.5 14.0 14.0 1
30.902954325135937 31.622776601683793 33.9 14.0 14.0 1
30.902954325135937 39.810717055349734 39.49 14.0 14.0 1
30.902954325135937 50.11872336272725 49.35 14.0 14.0 1
30.902954325135937 63.09573444801933 59.82 14.0 14.0 1
30.902954325135937 79.43282347242817 77.41 14.0 14.0 1
30.902954325135937 100.0 93.98 14.0 14.0 1
30.902954325135937 125.89254117941675 115.9 14.0 14.0 1
30.902954325135937 158.48931924611142 150.3 14.0 14.0 1
30.902954325135937 199.52623149688807 190.0 14.0 14.0 1
30.902954325135937 251.18864315095823 254.8 14.0 14.0 1
30.902954325135937 316.22776601683796 351.6 14.0 14.0 1
30.902954325135937 398.1071705534973 467.5 14.0 14.0 1
30.902954325135937 501.18723362727246 609.6 14.0 14.0 1
30.902954325135937 630.9573444801937 975.3 14.0 13.0 2
30.902954325135937 794.3282347242822 1674.0 14.0 13.0 2
30.902954325135937 1000.0 1495.0 14.0 13.0 2
30.902954325135937 1258.9254117941675 2689.0 14.0 14.0 1
30.902954325135937 1584.893192461114 3263.0 14.0 14.0 1
30.902954325135937 1995.262314968881 4198.0 14.0 14.0 1
30.902954325135937 2511.886431509582 5416.0 14.0 14.0 1
30.902954325135937 3162.2776601683795 6993.0 14.0 14.0 1
30.902954325135937 3981.0717055349733 8788.0 14.0 14.0 1
30.902954325135937 5011.872336272725 10850.0 14.0 14.0 1
30.902954325135937 6309.573444801937 13270.0 14.0 14.0 1
30.902954325135937 7943.282347242822 15790.0 14.0 14.0 1
30.902954325135937 10000.0 19320.0 14.0 14.0 1
31.622776601683825 1.0 0.0 14.0 15.0 13
31.622776601683825 1.2589254117941673 0.0 14.0 15.0 13
31.622776601683825 1.5848931924611136 0.0 14.0 15.0 13
31.622776601683825 1.9952623149688797 0.0 14.0 15.0 13
31.622776601683825 2.51188643150958 15.03 13.0 14.0 2
31.622776601683825 3.1622776601683795 14.92 13.0 14.0 2
31.622776601683825 3.981071705534973 12.09 13.0 14.0 2
31.622776601683825 5.011872336272724 10.93 13.0 14.0 2
31.622776601683825 6.309573444801933 11.38 13.0 14.0 2
31.622776601683825 7.943282347242816 11.4 13.0 14.0 2
31.622776601683825 10.0 0.0 15.0 14.0 13
31.622776601683825 12.589254117941675 12.26 13.0 14.0 2
31.622776601683825 15.848931924611142 18.24 14.0 14.0 1
31.622776601683825 19.952623149688797 23.27 14.0 14.0 1
31.622776601683825 25.11886431509581 28.49 14.0 14.0 1
31.622776601683825 31.622776601683793 34.26 14.0 14.0 1
31.622776601683825 39.810717055349734 39.35 14.0 14.0 1
31.622776601683825 50.11872336272725 49.06 14.0 14.0 1
31.622776601683825 63.09573444801933 59.46 14.0 14.0 1
31.622776601683825 79.43282347242817 75.23 14.0 14.0 1
31.622776601683825 100.0 93.12 14.0 14.0 1
31.622776601683825 125.89254117941675 120.5 14.0 14.0 1
31.622776601683825 158.48931924611142 155.3 14.0 14.0 1
31.622776601683825 199.52623149688807 199.8 14.0 14.0 1
31.622776601683825 251.18864315095823 249.0 14.0 14.0 1
31.622776601683825 316.22776601683796 355.5 14.0 14.0 1
31.622776601683825 398.1071705534973 447.4 14.0 14.0 1
31.622776601683825 501.18723362727246 588.7 14.0 14.0 1
31.622776601683825 630.9573444801937 927.3 14.0 13.0 2
31.622776601683825 794.3282347242822 1631.0 14.0 13.0 2
31.622776601683825 1000.0 2546.0 14.0 14.0 1
31.622776601683825 1258.9254117941675 2635.0 14.0 14.0 1
31.622776601683825 1584.893192461114 3305.0 14.0 14.0 1
31.622776601683825 1995.262314968881 4243.0 14.0 14.0 1
31.622776601683825 2511.886431509582 5404.0 14.0 14.0 1
31.622776601683825 3162.2776601683795 6938.0 14.0 14.0 1
31.622776601683825 3981.0717055349733 8694.0 14.0 14.0 1
31.622776601683825 5011.872336272725 10700.0 14.0 14.0 1
31.622776601683825 6309.573444801937 13020.0 14.0 14.0 1
31.622776601683825 7943.282347242822 15720.0 14.0 14.0 1
31.622776601683825 10000.0 18870.0 14.0 14.0 1
32.35936569296286 1.0 0.0 14.0 15.0 13
32.35936569296286 1.2589254117941673 0.0 14.0 15.0 13
32.35936569296286 1.5848931924611136 0.0 14.0 15.0 13
32.35936569296286 1.9952623149688797 0.0 14.0 15.0 13
32.35936569296286 2.51188643150958 16.09 13.0 14.0 2
32.35936569296286 3.1622776601683795 15.82 13.0 14.0 2
32.35936569296286 3.981071705534973 14.01 13.0 14.0 2
32.35936569296286 5.011872336272724 11.69 13.0 14.0 2
32.35936569296286 6.309573444801933 10.99 13.0 14.0 2
32.35936569296286 7.943282347242816 11.49 13.0 14.0 2
32.35936569296286 10.0 10.57 13.0 14.0 2
32.35936569296286 12.589254117941675 12.56 13.0 14.0 2
32.35936569296286 15.848931924611142 17.76 14.0 14.0 1
32.35936569296286 19.952623149688797 22.6 14.0 14.0 1
32.35936569296286 25.11886431509581 28.17 14.0 14.0 1
32.35936569296286 31.622776601683793 33.38 14.0 14.0 1
32.35936569296286 39.810717055349734 39.29 14.0 14.0 1
32.35936569296286 50.11872336272725 49.59 14.0 14.0 1
32.35936569296286 63.09573444801933 61.89 14.0 14.0 1
32.35936569296286 79.43282347242817 78.34 14.0 14.0 1
32.35936569296286 100.0 91.79 14.0 14.0 1
32.35936569296286 125.89254117941675 115.2 14.0 14.0 1
32.35936569296286 158.48931924611142 144.0 14.0 14.0 1
32.35936569296286 199.52623149688807 184.9 14.0 14.0 1
32.35936569296286 251.18864315095823 243.3 14.0 14.0 1
32.35936569296286 316.22776601683796 333.6 14.0 14.0 1
32.35936569296286 398.1071705534973 436.7 14.0 14.0 1
32.35936569296286 501.18723362727246 642.0 14.0 13.0 2
32.35936569296286 630.9573444801937 2958.0 14.0 13.0 2
32.35936569296286 794.3282347242822 3093.0 14.0 13.0 2
32.35936569296286 1000.0 2225.0 14.0 14.0 1
32.35936569296286 1258.9254117941675 2631.0 14.0 14.0 1
32.35936569296286 1584.893192461114 3201.0 14.0 14.0 1
32.35936569296286 1995.262314968881 4222.0 14.0 14.0 1
32.35936569296286 2511.886431509582 5379.0 14.0 14.0 1
32.35936569296286 3162.2776601683795 6876.0 14.0 14.0 1
32.35936569296286 3981.0717055349733 8579.0 14.0 14.0 1
32.35936569296286 5011.872336272725 10610.0 14.0 14.0 1
32.35936569296286 6309.573444801937 12790.0 14.0 14.0 1
32.35936569296286 7943.282347242822 15410.0 14.0 14.0 1
32.35936569296286 10000.0 18450.0 14.0 14.0 1
33.11311214825915 1.0 0.0 14.0 15.0 13
33.11311214825915 1.2589254117941673 0.0 14.0 15.0 13
33.11311214825915 1.5848931924611136 0.0 14.0 15.0 13
33.11311214825915 1.9952623149688797 0.0 14.0 15.0 13
33.11311214825915 2.51188643150958 18.86 13.0 14.0 2
33.11311214825915 3.1622776601683795 17.18 13.0 14.0 2
33.11311214825915 3.981071705534973 15.98 13.0 14.0 2
33.11311214825915 5.011872336272724 12.82 13.0 14.0 2
33.11311214825915 6.309573444801933 10.34 13.0 14.0 2
33.11311214825915 7.943282347242816 11.35 13.0 14.0 2
33.11311214825915 10.0 11.48 13.0 14.0 2
33.11311214825915 12.589254117941675 14.49 13.0 14.0 2
33.11311214825915 15.848931924611142 17.38 14.0 14.0 1
33.11311214825915 19.952623149688797 22.98 14.0 14.0 1
33.11311214825915 25.11886431509581 28.04 14.0 14.0 1
33.11311214825915 31.622776601683793 34.43 14.0 14.0 1
33.11311214825915 39.810717055349734 40.08 14.0 14.0 1
33.11311214825915 50.11872336272725 48.84 14.0 14.0 1
33.11311214825915 63.09573444801933 60.13 14.0 14.0 1
33.11311214825915 79.43282347242817 78.75 14.0 14.0 1
33.11311214825915 100.0 92.6 14.0 14.0 1
33.11311214825915 125.89254117941675 118.2 14.0 14.0 1
33.11311214825915 158.48931924611142 150.1 14.0 14.0 1
33.11311214825915 199.52623149688807 188.8 14.0 14.0 1
33.11311214825915 251.18864315095823 242.0 14.0 14.0 1
33.11311214825915 316.22776601683796 318.8 14.0 14.0 1
33.11311214825915 398.1071705534973 434.0 14.0 14.0 1
33.11311214825915 501.18723362727246 692.6 14.0 13.0 2
33.11311214825915 630.9573444801937 2985.0 14.0 13.0 2
33.11311214825915 794.3282347242822 3827.0 14.0 13.0 2
33.11311214825915 1000.0 nan 100.0 100.0 7
33.11311214825915 1258.9254117941675 2616.0 14.0 14.0 1
33.11311214825915 1584.893192461114 3257.0 14.0 14.0 1
33.11311214825915 1995.262314968881 4302.0 14.0 14.0 1
33.11311214825915 2511.886431509582 5358.0 14.0 14.0 1
33.11311214825915 3162.2776601683795 6824.0 14.0 14.0 1
33.11311214825915 3981.0717055349733 8724.0 14.0 14.0 1
33.11311214825915 5011.872336272725 10370.0 14.0 14.0 1
33.11311214825915 6309.573444801937 12200.0 14.0 14.0 1
33.11311214825915 7943.282347242822 14740.0 14.0 14.0 1
33.11311214825915 10000.0 18040.0 14.0 14.0 1
33.88441561392029 1.0 0.0 14.0 15.0 13
33.88441561392029 1.2589254117941673 0.0 14.0 15.0 13
33.88441561392029 1.5848931924611136 0.0 14.0 15.0 13
33.88441561392029 1.9952623149688797 0.0 14.0 15.0 13
33.88441561392029 2.51188643150958 22.11 13.0 14.0 2
33.88441561392029 3.1622776601683795 19.05 13.0 14.0 2
33.88441561392029 3.981071705534973 16.68 13.0 14.0 2
33.88441561392029 5.011872336272724 15.53 13.0 14.0 2
33.88441561392029 6.309573444801933 10.07 13.0 14.0 2
33.88441561392029 7.943282347242816 10.98 13.0 14.0 2
33.88441561392029 10.0 11.5 13.0 14.0 2
33.88441561392029 12.589254117941675 16.66 13.0 14.0 2
33.88441561392029 15.848931924611142 17.9 14.0 14.0 1
33.88441561392029 19.952623149688797 22.87 14.0 14.0 1
33.88441561392029 25.11886431509581 28.71 14.0 14.0 1
33.88441561392029 31.622776601683793 33.69 14.0 14.0 1
33.88441561392029 39.810717055349734 40.51 14.0 14.0 1
33.88441561392029 50.11872336272725 50.34 14.0 14.0 1
33.88441561392029 63.09573444801933 59.93 14.0 14.0 1
33.88441561392029 79.43282347242817 78.41 14.0 14.0 1
33.88441561392029 100.0 97.3 14.0 14.0 1
33.88441561392029 125.89254117941675 114.5 14.0 14.0 1
33.88441561392029 158.48931924611142 151.6 14.0 14.0 1
33.88441561392029 199.52623149688807 193.9 14.0 14.0 1
33.88441561392029 251.18864315095823 240.1 14.0 14.0 1
33.88441561392029 316.22776601683796 336.7 14.0 14.0 1
33.88441561392029 398.1071705534973 473.4 14.0 14.0 1
33.88441561392029 501.18723362727246 1503.0 14.0 13.0 2
33.88441561392029 630.9573444801937 3148.0 14.0 14.0 1
33.88441561392029 794.3282347242822 3104.0 14.0 13.0 2
33.88441561392029 1000.0 2541.0 14.0 14.0 1
33.88441561392029 1258.9254117941675 4217.0 14.0 13.0 2
33.88441561392029 1584.893192461114 3587.0 14.0 14.0 1
33.88441561392029 1995.262314968881 4363.0 14.0 14.0 1
33.88441561392029 2511.886431509582 5486.0 14.0 14.0 1
33.88441561392029 3162.2776601683795 6849.0 14.0 14.0 1
33.88441561392029 3981.0717055349733 8388.0 14.0 14.0 1
33.88441561392029 5011.872336272725 10260.0 14.0 14.0 1
33.88441561392029 6309.573444801937 12350.0 14.0 14.0 1
33.88441561392029 7943.282347242822 14820.0 14.0 14.0 1
33.88441561392029 10000.0 18280.0 14.0 14.0 1
34.6736850452532 1.0 0.0 14.0 15.0 13
34.6736850452532 1.2589254117941673 0.0 14.0 15.0 13
34.6736850452532 1.5848931924611136 0.0 14.0 15.0 13
34.6736850452532 1.9952623149688797 0.0 14.0 15.0 13
34.6736850452532 2.51188643150958 25.8 13.0 14.0 2
34.6736850452532 3.1622776601683795 22.29 13.0 14.0 2
34.6736850452532 3.981071705534973 19.56 13.0 14.0 2
34.6736850452532 5.011872336272724 16.27 13.0 14.0 2
34.6736850452532 6.309573444801933 13.19 13.0 14.0 2
34.6736850452532 7.943282347242816 10.3 13.0 14.0 2
34.6736850452532 10.0 11.29 13.0 14.0 2
34.6736850452532 12.589254117941675 18.14 13.0 14.0 2
34.6736850452532 15.848931924611142 21.06 14.0 14.0 1
34.6736850452532 19.952623149688797 23.05 14.0 14.0 1
34.6736850452532 25.11886431509581 29.1 14.0 14.0 1
34.6736850452532 31.622776601683793 35.0 14.0 14.0 1
34.6736850452532 39.810717055349734 40.88 14.0 14.0 1
34.6736850452532 50.11872336272725 50.62 14.0 14.0 1
34.6736850452532 63.09573444801933 61.51 14.0 14.0 1
34.6736850452532 79.43282347242817 77.58 14.0 14.0 1
34.6736850452532 100.0 95.07 14.0 14.0 1
34.6736850452532 125.89254117941675 116.6 14.0 14.0 1
34.6736850452532 158.48931924611142 144.6 14.0 14.0 1
34.6736850452532 199.52623149688807 198.5 14.0 14.0 1
34.6736850452532 251.18864315095823 249.5 14.0 14.0 1
34.6736850452532 316.22776601683796 342.5 14.0 14.0 1
34.6736850452532 398.1071705534973 469.6 14.0 14.0 1
34.6736850452532 501.18723362727246 693.5 14.0 13.0 2
34.6736850452532 630.9573444801937 3179.0 14.0 13.0 2
34.6736850452532 794.3282347242822 2227.0 14.0 14.0 1
34.6736850452532 1000.0 3723.0 14.0 13.0 2
34.6736850452532 1258.9254117941675 2942.0 14.0 14.0 1
34.6736850452532 1584.893192461114 3509.0 14.0 14.0 1
34.6736850452532 1995.262314968881 4477.0 14.0 14.0 1
34.6736850452532 2511.886431509582 5644.0 14.0 14.0 1
34.6736850452532 3162.2776601683795 7017.0 14.0 14.0 1
34.6736850452532 3981.0717055349733 8476.0 14.0 14.0 1
34.6736850452532 5011.872336272725 10320.0 14.0 14.0 1
34.6736850452532 6309.573444801937 12360.0 14.0 14.0 1
34.6736850452532 7943.282347242822 14730.0 14.0 14.0 1
34.6736850452532 10000.0 17490.0 14.0 14.0 1
35.48133892335758 1.0 0.0 14.0 15.0 13
35.48133892335758 1.2589254117941673 0.0 14.0 15.0 13
35.48133892335758 1.5848931924611136 0.0 14.0 15.0 13
35.48133892335758 1.9952623149688797 0.0 14.0 15.0 13
35.48133892335758 2.51188643150958 25.71 13.0 14.0 2
35.48133892335758 3.1622776601683795 24.61 13.0 14.0 2
35.48133892335758 3.981071705534973 21.62 13.0 14.0 2
35.48133892335758 5.011872336272724 17.13 13.0 14.0 2
35.48133892335758 6.309573444801933 15.79 13.0 14.0 2
35.48133892335758 7.943282347242816 0.0 14.0 15.0 13
35.48133892335758 10.0 10.8 13.0 14.0 2
35.48133892335758 12.589254117941675 18.48 13.0 14.0 2
35.48133892335758 15.848931924611142 24.22 14.0 14.0 1
35.48133892335758 19.952623149688797 23.74 14.0 14.0 1
35.48133892335758 25.11886431509581 29.76 14.0 14.0 1
35.48133892335758 31.622776601683793 36.35 14.0 14.0 1
35.48133892335758 39.810717055349734 41.76 14.0 14.0 1
35.48133892335758 50.11872336272725 51.66 14.0 14.0 1
35.48133892335758 63.09573444801933 62.08 14.0 14.0 1
35.48133892335758 79.43282347242817 77.82 14.0 14.0 1
35.48133892335758 100.0 97.38 14.0 14.0 1
35.48133892335758 125.89254117941675 119.0 14.0 14.0 1
35.48133892335758 158.48931924611142 145.7 14.0 14.0 1
35.48133892335758 199.52623149688807 194.9 14.0 14.0 1
35.48133892335758 251.18864315095823 943.0 14.0 14.0 1
35.48133892335758 316.22776601683796 344.7 14.0 14.0 1
35.48133892335758 398.1071705534973 1160.0 14.0 13.0 2
35.48133892335758 501.18723362727246 1430.0 14.0 13.0 2
35.48133892335758 630.9573444801937 2863.0 14.0 13.0 2
35.48133892335758 794.3282347242822 3149.0 14.0 13.0 2
35.48133892335758 1000.0 2581.0 14.0 14.0 1
35.48133892335758 1258.9254117941675 3035.0 14.0 14.0 1
35.48133892335758 1584.893192461114 3600.0 14.0 14.0 1
35.48133892335758 1995.262314968881 4583.0 14.0 14.0 1
35.48133892335758 2511.886431509582 9187.0 14.0 13.0 2
35.48133892335758 3162.2776601683795 7107.0 14.0 14.0 1
35.48133892335758 3981.0717055349733 8700.0 14.0 14.0 1
35.48133892335758 5011.872336272725 10480.0 14.0 14.0 1
35.48133892335758 6309.573444801937 12350.0 14.0 14.0 1
35.48133892335758 7943.282347242822 14920.0 14.0 14.0 1
35.48133892335758 10000.0 17690.0 14.0 14.0 1
36.30780547701018 1.0 0.0 14.0 15.0 13
36.30780547701018 1.2589254117941673 0.0 14.0 15.0 13
36.30780547701018 1.5848931924611136 0.0 14.0 15.0 13
36.30780547701018 1.9952623149688797 0.0 14.0 15.0 13
36.30780547701018 2.51188643150958 26.34 13.0 14.0 2
36.30780547701018 3.1622776601683795 26.02 13.0 14.0 2
36.30780547701018 3.981071705534973 25.48 13.0 14.0 2
36.30780547701018 5.011872336272724 20.17 13.0 14.0 2
36.30780547701018 6.309573444801933 17.98 13.0 14.0 2
36.30780547701018 7.943282347242816 11.99 13.0 14.0 2
36.30780547701018 10.0 10.1 13.0 14.0 2
36.30780547701018 12.589254117941675 19.06 13.0 14.0 2
36.30780547701018 15.848931924611142 25.46 14.0 14.0 1
36.30780547701018 19.952623149688797 27.5 14.0 14.0 1
36.30780547701018 25.11886431509581 29.98 14.0 14.0 1
36.30780547701018 31.622776601683793 36.9 14.0 14.0 1
36.30780547701018 39.810717055349734 42.77 14.0 14.0 1
36.30780547701018 50.11872336272725 49.03 14.0 14.0 1
36.30780547701018 63.09573444801933 62.58 14.0 14.0 1
36.30780547701018 79.43282347242817 80.85 14.0 14.0 1
36.30780547701018 100.0 100.3 14.0 14.0 1
36.30780547701018 125.89254117941675 124.3 14.0 14.0 1
36.30780547701018 158.48931924611142 147.6 14.0 14.0 1
36.30780547701018 199.52623149688807 188.6 14.0 14.0 1
36.30780547701018 251.18864315095823 262.9 14.0 14.0 1
36.30780547701018 316.22776601683796 993.2 14.0 14.0 1
36.30780547701018 398.1071705534973 1258.0 14.0 13.0 2
36.30780547701018 501.18723362727246 2533.0 14.0 14.0 1
36.30780547701018 630.9573444801937 2924.0 14.0 13.0 2
36.30780547701018 794.3282347242822 2251.0 14.0 14.0 1
36.30780547701018 1000.0 2706.0 14.0 14.0 1
36.30780547701018 1258.9254117941675 3170.0 14.0 14.0 1
36.30780547701018 1584.893192461114 3713.0 14.0 14.0 1
36.30780547701018 1995.262314968881 4709.0 14.0 14.0 1
36.30780547701018 2511.886431509582 5918.0 14.0 14.0 1
36.30780547701018 3162.2776601683795 7272.0 14.0 14.0 1
36.30780547701018 3981.0717055349733 8827.0 14.0 14.0 1
36.30780547701018 5011.872336272725 10620.0 14.0 14.0 1
36.30780547701018 6309.573444801937 12690.0 14.0 14.0 1
36.30780547701018 7943.282347242822 15100.0 14.0 14.0 1
36.30780547701018 10000.0 17890.0 14.0 14.0 1
37.153522909717296 1.0 0.0 14.0 15.0 13
37.153522909717296 1.2589254117941673 0.0 14.0 15.0 13
37.153522909717296 1.5848931924611136 0.0 14.0 15.0 13
37.153522909717296 1.9952623149688797 0.0 14.0 15.0 13
37.153522909717296 2.51188643150958 24.15 13.0 14.0 2
37.153522909717296 3.1622776601683795 26.88 13.0 14.0 2
37.153522909717296 3.981071705534973 25.01 13.0 14.0 2
37.153522909717296 5.011872336272724 23.9 13.0 14.0 2
37.153522909717296 6.309573444801933 21.44 13.0 14.0 2
37.153522909717296 7.943282347242816 14.94 13.0 14.0 2
37.153522909717296 10.0 12.81 13.0 14.0 2
37.153522909717296 12.589254117941675 17.1 13.0 14.0 2
37.153522909717296 15.848931924611142 25.69 14.0 14.0 1
37.153522909717296 19.952623149688797 30.74 14.0 14.0 1
37.153522909717296 25.11886431509581 30.52 14.0 14.0 1
37.153522909717296 31.622776601683793 37.14 14.0 14.0 1
37.153522909717296 39.810717055349734 41.4 14.0 14.0 1
37.153522909717296 50.11872336272725 50.76 14.0 14.0 1
37.153522909717296 63.09573444801933 62.38 14.0 14.0 1
37.153522909717296 79.43282347242817 78.12 14.0 14.0 1
37.153522909717296 100.0 98.11 14.0 14.0 1
37.153522909717296 125.89254117941675 701.8 14.0 14.0 1
37.153522909717296 158.48931924611142 154.2 14.0 14.0 1
37.153522909717296 199.52623149688807 191.6 14.0 14.0 1
37.153522909717296 251.18864315095823 249.9 14.0 14.0 1
37.153522909717296 316.22776601683796 995.3 14.0 14.0 1
37.153522909717296 398.1071705534973 1282.0 14.0 13.0 2
37.153522909717296 501.18723362727246 1730.0 14.0 14.0 1
37.153522909717296 630.9573444801937 2786.0 14.0 14.0 1
37.153522909717296 794.3282347242822 2193.0 14.0 14.0 1
37.153522909717296 1000.0 2668.0 14.0 14.0 1
37.153522909717296 1258.9254117941675 2990.0 14.0 14.0 1
37.153522909717296 1584.893192461114 3856.0 14.0 14.0 1
37.153522909717296 1995.262314968881 4941.0 14.0 14.0 1
37.153522909717296 2511.886431509582 6079.0 14.0 14.0 1
37.153522909717296 3162.2776601683795 7437.0 14.0 14.0 1
37.153522909717296 3981.0717055349733 8988.0 14.0 14.0 1
37.153522909717296 5011.872336272725 10800.0 14.0 14.0 1
37.153522909717296 6309.573444801937 12870.0 14.0 14.0 1
37.153522909717296 7943.282347242822 15300.0 14.0 14.0 1
37.153522909717296 10000.0 18120.0 14.0 14.0 1
38.01893963205617 1.0 0.0 14.0 15.0 13
38.01893963205617 1.2589254117941673 0.0 14.0 15.0 13
38.01893963205617 1.5848931924611136 0.0 14.0 15.0 13
38.01893963205617 1.9952623149688797 0.0 14.0 15.0 13
38.01893963205617 2.51188643150958 24.76 13.0 14.0 2
38.01893963205617 3.1622776601683795 25.65 13.0 14.0 2
38.01893963205617 3.981071705534973 25.33 13.0 14.0 2
38.01893963205617 5.011872336272724 25.1 13.0 14.0 2
38.01893963205617 6.309573444801933 24.4 13.0 14.0 2
38.01893963205617 7.943282347242816 16.03 13.0 14.0 2
38.01893963205617 10.0 13.6 13.0 14.0 2
38.01893963205617 12.589254117941675 16.93 13.0 14.0 2
38.01893963205617 15.848931924611142 25.13 14.0 14.0 1
38.01893963205617 19.952623149688797 31.29 14.0 14.0 1
38.01893963205617 25.11886431509581 34.93 14.0 14.0 1
38.01893963205617 31.622776601683793 38.31 14.0 14.0 1
38.01893963205617 39.810717055349734 47.12 14.0 14.0 1
38.01893963205617 50.11872336272725 51.02 14.0 14.0 1
38.01893963205617 63.09573444801933 511.2 14.0 14.0 1
38.01893963205617 79.43282347242817 83.89 14.0 14.0 1
38.01893963205617 100.0 100.6 14.0 14.0 1
38.01893963205617 125.89254117941675 121.9 14.0 14.0 1
38.01893963205617 158.48931924611142 777.2 14.0 14.0 1
38.01893963205617 199.52623149688807 192.9 14.0 14.0 1
38.01893963205617 251.18864315095823 240.7 14.0 14.0 1
38.01893963205617 316.22776601683796 1183.0 14.0 14.0 1
38.01893963205617 398.1071705534973 1908.0 14.0 14.0 1
38.01893963205617 501.18723362727246 2537.0 14.0 14.0 1
38.01893963205617 630.9573444801937 2718.0 14.0 14.0 1
38.01893963205617 794.3282347242822 2283.0 14.0 14.0 1
38.01893963205617 1000.0 2934.0 14.0 14.0 1
38.01893963205617 1258.9254117941675 3167.0 14.0 14.0 1
38.01893963205617 1584.893192461114 4290.0 14.0 14.0 1
38.01893963205617 1995.262314968881 5115.0 14.0 14.0 1
38.01893963205617 2511.886431509582 6290.0 14.0 14.0 1
38.01893963205617 3162.2776601683795 7649.0 14.0 14.0 1
38.01893963205617 3981.0717055349733 9223.0 14.0 14.0 1
38.01893963205617 5011.872336272725 11020.0 14.0 14.0 1
38.01893963205617 6309.573444801937 13130.0 14.0 14.0 1
38.01893963205617 7943.282347242822 15590.0 14.0 14.0 1
38.01893963205617 10000.0 18510.0 14.0 14.0 1
38.90451449942811 1.0 0.0 14.0 15.0 13
38.90451449942811 1.2589254117941673 0.0 14.0 15.0 13
38.90451449942811 1.5848931924611136 0.0 14.0 15.0 13
38.90451449942811 1.9952623149688797 0.0 14.0 15.0 13
38.90451449942811 2.51188643150958 24.22 13.0 14.0 2
38.90451449942811 3.1622776601683795 26.13 13.0 14.0 2
38.90451449942811 3.981071705534973 26.17 13.0 14.0 2
38.90451449942811 5.011872336272724 27.27 13.0 14.0 2
38.90451449942811 6.309573444801933 28.15 13.0 14.0 2
38.90451449942811 7.943282347242816 19.58 13.0 14.0 2
38.90451449942811 10.0 20.17 13.0 14.0 2
38.90451449942811 12.589254117941675 16.87 13.0 14.0 2
38.90451449942811 15.848931924611142 24.25 14.0 14.0 1
38.90451449942811 19.952623149688797 31.11 14.0 14.0 1
38.90451449942811 25.11886431509581 36.76 14.0 14.0 1
38.90451449942811 31.622776601683793 38.06 14.0 14.0 1
38.90451449942811 39.810717055349734 45.54 14.0 14.0 1
38.90451449942811 50.11872336272725 452.8 14.0 14.0 1
38.90451449942811 63.09573444801933 63.2 14.0 14.0 1
38.90451449942811 79.43282347242817 80.45 14.0 14.0 1
38.90451449942811 100.0 103.2 14.0 14.0 1
38.90451449942811 125.89254117941675 699.1 14.0 14.0 1
38.90451449942811 158.48931924611142 150.7 14.0 14.0 1
38.90451449942811 199.52623149688807 184.8 14.0 14.0 1
38.90451449942811 251.18864315095823 929.0 14.0 14.0 1
38.90451449942811 316.22776601683796 1029.0 14.0 14.0 1
38.90451449942811 398.1071705534973 2221.0 14.0 14.0 1
38.90451449942811 501.18723362727246 1751.0 14.0 14.0 1
38.90451449942811 630.9573444801937 2944.0 14.0 14.0 1
38.90451449942811 794.3282347242822 2442.0 14.0 14.0 1
38.90451449942811 1000.0 3023.0 14.0 14.0 1
38.90451449942811 1258.9254117941675 3505.0 14.0 14.0 1
38.90451449942811 1584.893192461114 4435.0 14.0 14.0 1
38.90451449942811 1995.262314968881 5264.0 14.0 14.0 1
38.90451449942811 2511.886431509582 6481.0 14.0 14.0 1
38.90451449942811 3162.2776601683795 7859.0 14.0 14.0 1
38.90451449942811 3981.0717055349733 9444.0 14.0 14.0 1
38.90451449942811 5011.872336272725 11280.0 14.0 14.0 1
38.90451449942811 6309.573444801937 13420.0 14.0 14.0 1
38.90451449942811 7943.282347242822 16010.0 14.0 14.0 1
38.90451449942811 10000.0 18800.0 14.0 14.0 1
39.81071705534978 1.0 0.0 14.0 15.0 13
39.81071705534978 1.2589254117941673 0.0 14.0 15.0 13
39.81071705534978 1.5848931924611136 0.0 14.0 15.0 13
39.81071705534978 1.9952623149688797 0.0 14.0 15.0 13
39.81071705534978 2.51188643150958 24.49 13.0 14.0 2
39.81071705534978 3.1622776601683795 25.51 13.0 14.0 2
39.81071705534978 3.981071705534973 25.57 13.0 14.0 2
39.81071705534978 5.011872336272724 27.42 13.0 14.0 2
39.81071705534978 6.309573444801933 30.23 13.0 14.0 2
39.81071705534978 7.943282347242816 24.14 13.0 14.0 2
39.81071705534978 10.0 22.47 13.0 14.0 2
39.81071705534978 12.589254117941675 22.33 13.0 14.0 2
39.81071705534978 15.848931924611142 25.11 14.0 14.0 1
39.81071705534978 19.952623149688797 30.68 14.0 14.0 1
39.81071705534978 25.11886431509581 37.4 14.0 14.0 1
39.81071705534978 31.622776601683793 38.43 14.0 14.0 1
39.81071705534978 39.810717055349734 49.82 14.0 14.0 1
39.81071705534978 50.11872336272725 448.8 14.0 14.0 1
39.81071705534978 63.09573444801933 503.9 14.0 14.0 1
39.81071705534978 79.43282347242817 564.4 14.0 14.0 1
39.81071705534978 100.0 106.2 14.0 14.0 1
39.81071705534978 125.89254117941675 689.9 14.0 14.0 1
39.81071705534978 158.48931924611142 777.7 14.0 14.0 1
39.81071705534978 199.52623149688807 876.2 14.0 14.0 1
39.81071705534978 251.18864315095823 920.4 14.0 14.0 1
39.81071705534978 316.22776601683796 1887.0 14.0 14.0 1
39.81071705534978 398.1071705534973 2310.0 14.0 14.0 1
39.81071705534978 501.18723362727246 2554.0 14.0 14.0 1
39.81071705534978 630.9573444801937 2088.0 14.0 14.0 1
39.81071705534978 794.3282347242822 2277.0 14.0 14.0 1
39.81071705534978 1000.0 3293.0 14.0 14.0 1
39.81071705534978 1258.9254117941675 3588.0 14.0 14.0 1
39.81071705534978 1584.893192461114 4563.0 14.0 14.0 1
39.81071705534978 1995.262314968881 5716.0 14.0 14.0 1
39.81071705534978 2511.886431509582 7018.0 14.0 14.0 1
39.81071705534978 3162.2776601683795 8504.0 14.0 14.0 1
39.81071705534978 3981.0717055349733 9972.0 14.0 14.0 1
39.81071705534978 5011.872336272725 11530.0 14.0 14.0 1
39.81071705534978 6309.573444801937 13700.0 14.0 14.0 1
39.81071705534978 7943.282347242822 16230.0 14.0 14.0 1
39.81071705534978 10000.0 19160.0 14.0 14.0 1
