    0.0000  1  1    1.0000    0.8000    0.0000    0.0000   -0.0476   -0.1409    0.0455    0.0407   -0.1449   -0.6032  0.1044E+04  0.6410E+03  0.0000E+00  0.0000E+00  0.2790E-01  0.5649E-01  0.2459E+00  0.2270E+00  0.4941E+02  0.0000E+00
    9.5157  1  1    1.0000    0.8000    0.0000    0.0000   -0.0474   -0.1409    0.0455    0.0407   -0.1446   -0.6031  0.1041E+04  0.6400E+03 -0.2565E-13 -0.8958E-14  0.2788E-01  0.5650E-01  0.2461E+00  0.2270E+00  0.4941E+02  0.0000E+00
   19.0315  1  1    1.0000    0.8000    0.0000    0.0000   -0.0473   -0.1408    0.0456    0.0407   -0.1443   -0.6029  0.1039E+04  0.6389E+03 -0.2568E-13 -0.8980E-14  0.2787E-01  0.5650E-01  0.2462E+00  0.2271E+00  0.4941E+02  0.0000E+00
   28.5472  1  1    1.0000    0.8000    0.0000    0.0000   -0.0472   -0.1408    0.0456    0.0407   -0.1439   -0.6028  0.1037E+04  0.6378E+03 -0.2565E-13 -0.8993E-14  0.2785E-01  0.5651E-01  0.2463E+00  0.2271E+00  0.4941E+02  0.0000E+00
   38.0629  1  1    1.0000    0.8000    0.0000    0.0000   -0.0471   -0.1407    0.0456    0.0407   -0.1436   -0.6026  0.1035E+04  0.6368E+03 -0.2565E-13 -0.8958E-14  0.2784E-01  0.5652E-01  0.2464E+00  0.2271E+00  0.4941E+02  0.0000E+00
   47.5786  1  1    1.0000    0.8000    0.0000    0.0000   -0.0470   -0.1407    0.0456    0.0407   -0.1433   -0.6024  0.1033E+04  0.6357E+03 -0.2569E-13 -0.8958E-14  0.2783E-01  0.5653E-01  0.2463E+00  0.2272E+00  0.4941E+02  0.0000E+00
   57.0944  1  1    1.0000    0.8000    0.0000    0.0000   -0.0469   -0.1406    0.0456    0.0407   -0.1430   -0.6023  0.1031E+04  0.6347E+03 -0.2575E-13 -0.8958E-14  0.2782E-01  0.5653E-01  0.2462E+00  0.2272E+00  0.4941E+02  0.0000E+00
   66.6101  1  1    1.0000    0.8000    0.0000    0.0000   -0.0468   -0.1406    0.0456    0.0407   -0.1426   -0.6021  0.1029E+04  0.6336E+03 -0.2576E-13 -0.8958E-14  0.2780E-01  0.5654E-01  0.2460E+00  0.2272E+00  0.4941E+02  0.0000E+00
   76.1258  1  1    1.0000    0.8000    0.0000    0.0000   -0.0467   -0.1405    0.0456    0.0407   -0.1423   -0.6020  0.1027E+04  0.6326E+03 -0.2576E-13 -0.8962E-14  0.2779E-01  0.5655E-01  0.2458E+00  0.2273E+00  0.4941E+02  0.0000E+00
   85.6415  1  1    1.0000    0.8000    0.0000    0.0000   -0.0466   -0.1405    0.0456    0.0407   -0.1420   -0.6018  0.1025E+04  0.6316E+03 -0.2576E-13 -0.8970E-14  0.2778E-01  0.5656E-01  0.2456E+00  0.2273E+00  0.4941E+02  0.0000E+00
   95.1573  1  1    1.0000    0.8000    0.0000    0.0000   -0.0464   -0.1404    0.0457    0.0407   -0.1417   -0.6017  0.1023E+04  0.6305E+03 -0.2580E-13 -0.8977E-14  0.2777E-01  0.5656E-01  0.2456E+00  0.2273E+00  0.4941E+02  0.0000E+00
  104.6730  1  1    1.0000    0.8000    0.0000    0.0000   -0.0463   -0.1404    0.0457    0.0407   -0.1414   -0.6015  0.1021E+04  0.6295E+03 -0.2586E-13 -0.8985E-14  0.2776E-01  0.5657E-01  0.2457E+00  0.2274E+00  0.4941E+02  0.0000E+00
  114.1887  1  1    1.0000    0.8000    0.0000    0.0000   -0.0462   -0.1404    0.0457    0.0407   -0.1411   -0.6014  0.1019E+04  0.6285E+03 -0.2589E-13 -0.8992E-14  0.2775E-01  0.5657E-01  0.2458E+00  0.2274E+00  0.4941E+02  0.0000E+00
  123.7044  1  1    1.0000    0.8000    0.0000    0.0000   -0.0461   -0.1403    0.0457    0.0407   -0.1408   -0.6012  0.1017E+04  0.6275E+03 -0.2589E-13 -0.8996E-14  0.2774E-01  0.5658E-01  0.2459E+00  0.2274E+00  0.4941E+02  0.0000E+00
  133.2202  1  1    1.0000    0.8000    0.0000    0.0000   -0.0460   -0.1403    0.0457    0.0407   -0.1405   -0.6011  0.1015E+04  0.6265E+03 -0.2589E-13 -0.8996E-14  0.2773E-01  0.5658E-01  0.2460E+00  0.2275E+00  0.4941E+02  0.0000E+00
  142.7359  1  1    1.0000    0.8000    0.0000    0.0000   -0.0459   -0.1402    0.0457    0.0407   -0.1402   -0.6009  0.1013E+04  0.6255E+03 -0.2589E-13 -0.8996E-14  0.2772E-01  0.5659E-01  0.2462E+00  0.2275E+00  0.4941E+02  0.0000E+00
  152.2516  1  1    1.0000    0.8000    0.0000    0.0000   -0.0458   -0.1402    0.0457    0.0407   -0.1399   -0.6008  0.1011E+04  0.6245E+03 -0.2592E-13 -0.8996E-14  0.2771E-01  0.5659E-01  0.2463E+00  0.2275E+00  0.4941E+02  0.0000E+00
  161.7673  1  1    1.0000    0.8000    0.0000    0.0000   -0.0457   -0.1401    0.0457    0.0407   -0.1396   -0.6006  0.1009E+04  0.6236E+03 -0.2599E-13 -0.8995E-14  0.2770E-01  0.5660E-01  0.2464E+00  0.2276E+00  0.4941E+02  0.0000E+00
  171.2831  1  1    1.0000    0.8000    0.0000    0.0000   -0.0456   -0.1401    0.0457    0.0407   -0.1393   -0.6005  0.1008E+04  0.6226E+03 -0.2604E-13 -0.8996E-14  0.2769E-01  0.5660E-01  0.2465E+00  0.2276E+00  0.4941E+02  0.0000E+00
  180.7988  1  1    1.0000    0.8000    0.0000    0.0000   -0.0456   -0.1401    0.0457    0.0407   -0.1390   -0.6003  0.1006E+04  0.6216E+03 -0.2604E-13 -0.9002E-14  0.2768E-01  0.5661E-01  0.2466E+00  0.2276E+00  0.4941E+02  0.0000E+00
  190.3145  1  1    1.0000    0.8000    0.0000    0.0000   -0.0455   -0.1400    0.0458    0.0408   -0.1387   -0.6002  0.1004E+04  0.6206E+03 -0.2604E-13 -0.9011E-14  0.2767E-01  0.5661E-01  0.2467E+00  0.2277E+00  0.4941E+02  0.0000E+00
  199.8302  1  1    1.0000    0.8000    0.0000    0.0000   -0.0454   -0.1400    0.0458    0.0408   -0.1385   -0.6000  0.1002E+04  0.6197E+03 -0.2604E-13 -0.9019E-14  0.2765E-01  0.5661E-01  0.2468E+00  0.2277E+00  0.4941E+02  0.0000E+00
  209.3460  1  1    1.0000    0.8000    0.0000    0.0000   -0.0453   -0.1399    0.0458    0.0408   -0.1382   -0.5999  0.1000E+04  0.6187E+03 -0.2604E-13 -0.9028E-14  0.2764E-01  0.5662E-01  0.2469E+00  0.2277E+00  0.4941E+02  0.0000E+00
  218.8617  1  1    1.0000    0.8000    0.0000    0.0000   -0.0452   -0.1399    0.0458    0.0408   -0.1379   -0.5997  0.9983E+03  0.6178E+03 -0.2604E-13 -0.9035E-14  0.2763E-01  0.5662E-01  0.2470E+00  0.2277E+00  0.4941E+02  0.0000E+00
  228.3774  1  1    1.0000    0.8000    0.0000    0.0000   -0.0451   -0.1399    0.0458    0.0408   -0.1376   -0.5996  0.9965E+03  0.6168E+03 -0.2612E-13 -0.9038E-14  0.2762E-01  0.5662E-01  0.2472E+00  0.2278E+00  0.4941E+02  0.0000E+00
  237.8931  1  1    1.0000    0.8000    0.0000    0.0000   -0.0450   -0.1398    0.0458    0.0408   -0.1373   -0.5994  0.9947E+03  0.6159E+03 -0.2620E-13 -0.9038E-14  0.2761E-01  0.5663E-01  0.2473E+00  0.2278E+00  0.4941E+02  0.0000E+00
  247.4089  1  1    1.0000    0.8000    0.0000    0.0000   -0.0449   -0.1398    0.0458    0.0408   -0.1370   -0.5993  0.9929E+03  0.6149E+03 -0.2622E-13 -0.9038E-14  0.2760E-01  0.5663E-01  0.2474E+00  0.2278E+00  0.4941E+02  0.0000E+00
  256.9246  1  1    1.0000    0.8000    0.0000    0.0000   -0.0448   -0.1398    0.0458    0.0408   -0.1367   -0.5992  0.9912E+03  0.6140E+03 -0.2622E-13 -0.9038E-14  0.2759E-01  0.5663E-01  0.2475E+00  0.2279E+00  0.4941E+02  0.0000E+00
  266.4403  1  1    1.0000    0.8000    0.0000    0.0000   -0.0447   -0.1397    0.0458    0.0408   -0.1365   -0.5990  0.9894E+03  0.6131E+03 -0.2622E-13 -0.9038E-14  0.2758E-01  0.5663E-01  0.2476E+00  0.2279E+00  0.4941E+02  0.0000E+00
  275.9561  1  1    1.0000    0.8000    0.0000    0.0000   -0.0446   -0.1397    0.0458    0.0408   -0.1362   -0.5989  0.9876E+03  0.6121E+03 -0.2622E-13 -0.9038E-14  0.2757E-01  0.5664E-01  0.2477E+00  0.2279E+00  0.4941E+02  0.0000E+00
  285.4718  1  1    1.0000    0.8000    0.0000    0.0000   -0.0445   -0.1396    0.0459    0.0408   -0.1359   -0.5987  0.9859E+03  0.6112E+03 -0.2622E-13 -0.9038E-14  0.2756E-01  0.5664E-01  0.2478E+00  0.2280E+00  0.4941E+02  0.0000E+00
  294.9875  1  1    1.0000    0.8000    0.0000    0.0000   -0.0444   -0.1396    0.0459    0.0408   -0.1356   -0.5986  0.9841E+03  0.6103E+03 -0.2622E-13 -0.9040E-14  0.2755E-01  0.5664E-01  0.2479E+00  0.2280E+00  0.4941E+02  0.0000E+00
  304.5032  1  1    1.0000    0.8000    0.0000    0.0000   -0.0443   -0.1396    0.0459    0.0408   -0.1353   -0.5984  0.9824E+03  0.6094E+03 -0.2624E-13 -0.9047E-14  0.2753E-01  0.5665E-01  0.2480E+00  0.2280E+00  0.4941E+02  0.0000E+00
  314.0190  1  1    1.0000    0.8000    0.0000    0.0000   -0.0442   -0.1395    0.0459    0.0408   -0.1351   -0.5983  0.9806E+03  0.6085E+03 -0.2631E-13 -0.9056E-14  0.2752E-01  0.5665E-01  0.2481E+00  0.2281E+00  0.4941E+02  0.0000E+00
  323.5347  1  1    1.0000    0.8000    0.0000    0.0000   -0.0441   -0.1395    0.0459    0.0408   -0.1348   -0.5982  0.9789E+03  0.6076E+03 -0.2639E-13 -0.9066E-14  0.2751E-01  0.5665E-01  0.2482E+00  0.2281E+00  0.4941E+02  0.0000E+00
  333.0504  1  1    1.0000    0.8000    0.0000    0.0000   -0.0440   -0.1395    0.0459    0.0408   -0.1345   -0.5980  0.9772E+03  0.6067E+03 -0.2642E-13 -0.9076E-14  0.2750E-01  0.5665E-01  0.2483E+00  0.2281E+00  0.4941E+02  0.0000E+00
  342.5661  1  1    1.0000    0.8000    0.0000    0.0000   -0.0440   -0.1394    0.0459    0.0408   -0.1342   -0.5979  0.9755E+03  0.6058E+03 -0.2642E-13 -0.9083E-14  0.2749E-01  0.5665E-01  0.2485E+00  0.2281E+00  0.4941E+02  0.0000E+00
  352.0818  1  1    1.0000    0.8000    0.0000    0.0000   -0.0439   -0.1394    0.0459    0.0408   -0.1340   -0.5978  0.9738E+03  0.6049E+03 -0.2642E-13 -0.9086E-14  0.2748E-01  0.5665E-01  0.2486E+00  0.2282E+00  0.4941E+02  0.0000E+00
  361.5976  1  1    1.0000    0.8000    0.0000    0.0000   -0.0438   -0.1394    0.0459    0.0408   -0.1337   -0.5976  0.9721E+03  0.6040E+03 -0.2642E-13 -0.9086E-14  0.2747E-01  0.5666E-01  0.2487E+00  0.2282E+00  0.4941E+02  0.0000E+00
  371.1133  1  1    1.0000    0.8000    0.0000    0.0000   -0.0437   -0.1393    0.0459    0.0408   -0.1334   -0.5975  0.9705E+03  0.6031E+03 -0.2642E-13 -0.9086E-14  0.2745E-01  0.5666E-01  0.2488E+00  0.2282E+00  0.4941E+02  0.0000E+00
  380.6290  1  1    1.0000    0.8000    0.0000    0.0000   -0.0436   -0.1393    0.0460    0.0408   -0.1331   -0.5973  0.9688E+03  0.6023E+03 -0.2642E-13 -0.9086E-14  0.2744E-01  0.5666E-01  0.2489E+00  0.2283E+00  0.4941E+02  0.0000E+00
  390.1447  1  1    1.0000    0.8000    0.0000    0.0000   -0.0435   -0.1393    0.0460    0.0408   -0.1328   -0.5972  0.9671E+03  0.6014E+03 -0.2642E-13 -0.9086E-14  0.2743E-01  0.5666E-01  0.2490E+00  0.2283E+00  0.4941E+02  0.0000E+00
  399.6605  1  1    1.0000    0.8000    0.0000    0.0000   -0.0434   -0.1392    0.0460    0.0408   -0.1326   -0.5971  0.9655E+03  0.6005E+03 -0.2642E-13 -0.9086E-14  0.2742E-01  0.5666E-01  0.2491E+00  0.2283E+00  0.4941E+02  0.0000E+00
  409.1762  1  1    1.0000    0.8000    0.0000    0.0000   -0.0433   -0.1392    0.0460    0.0408   -0.1323   -0.5969  0.9638E+03  0.5996E+03 -0.2645E-13 -0.9086E-14  0.2741E-01  0.5666E-01  0.2492E+00  0.2283E+00  0.4941E+02  0.0000E+00
  418.6919  1  1    1.0000    0.8000    0.0000    0.0000   -0.0432   -0.1392    0.0460    0.0408   -0.1320   -0.5968  0.9622E+03  0.5988E+03 -0.2657E-13 -0.9085E-14  0.2739E-01  0.5666E-01  0.2491E+00  0.2284E+00  0.4941E+02  0.0000E+00
  428.2076  1  1    1.0000    0.8000    0.0000    0.0000   -0.0431   -0.1391    0.0460    0.0408   -0.1317   -0.5967  0.9606E+03  0.5979E+03 -0.2665E-13 -0.9085E-14  0.2738E-01  0.5667E-01  0.2490E+00  0.2284E+00  0.4941E+02  0.0000E+00
  437.7234  1  1    1.0000    0.8000    0.0000    0.0000   -0.0430   -0.1391    0.0460    0.0408   -0.1315   -0.5965  0.9589E+03  0.5971E+03 -0.2666E-13 -0.9087E-14  0.2736E-01  0.5667E-01  0.2490E+00  0.2284E+00  0.4941E+02  0.0000E+00
  447.2391  1  1    1.0000    0.8000    0.0000    0.0000   -0.0429   -0.1391    0.0460    0.0408   -0.1312   -0.5964  0.9573E+03  0.5962E+03 -0.2666E-13 -0.9093E-14  0.2735E-01  0.5667E-01  0.2489E+00  0.2285E+00  0.4941E+02  0.0000E+00
  456.7548  1  1    1.0000    0.8000    0.0000    0.0000   -0.0429   -0.1390    0.0460    0.0408   -0.1309   -0.5962  0.9557E+03  0.5954E+03 -0.2666E-13 -0.9102E-14  0.2733E-01  0.5667E-01  0.2488E+00  0.2285E+00  0.4941E+02  0.0000E+00
  466.2706  1  1    1.0000    0.8000    0.0000    0.0000   -0.0428   -0.1390    0.0460    0.0408   -0.1306   -0.5961  0.9541E+03  0.5945E+03 -0.2666E-13 -0.9113E-14  0.2731E-01  0.5667E-01  0.2488E+00  0.2285E+00  0.4941E+02  0.0000E+00
  475.7863  1  1    1.0000    0.8000    0.0000    0.0000   -0.0427   -0.1390    0.0460    0.0409   -0.1304   -0.5960  0.9525E+03  0.5937E+03 -0.2666E-13 -0.9124E-14  0.2730E-01  0.5667E-01  0.2487E+00  0.2286E+00  0.4941E+02  0.0000E+00
  485.3020  1  1    1.0000    0.8000    0.0000    0.0000   -0.0426   -0.1389    0.0461    0.0409   -0.1301   -0.5958  0.9509E+03  0.5928E+03 -0.2667E-13 -0.9133E-14  0.2728E-01  0.5667E-01  0.2486E+00  0.2286E+00  0.4941E+02  0.0000E+00
  494.8177  1  1    1.0000    0.8000    0.0000    0.0000   -0.0425   -0.1389    0.0461    0.0409   -0.1298   -0.5957  0.9494E+03  0.5920E+03 -0.2670E-13 -0.9139E-14  0.2727E-01  0.5667E-01  0.2486E+00  0.2286E+00  0.4941E+02  0.0000E+00
  504.3335  1  1    1.0000    0.8000    0.0000    0.0000   -0.0424   -0.1389    0.0461    0.0409   -0.1296   -0.5956  0.9478E+03  0.5912E+03 -0.2679E-13 -0.9141E-14  0.2725E-01  0.5667E-01  0.2487E+00  0.2286E+00  0.4941E+02  0.0000E+00
  513.8492  1  1    1.0000    0.8000    0.0000    0.0000   -0.0423   -0.1388    0.0461    0.0409   -0.1293   -0.5954  0.9462E+03  0.5904E+03 -0.2686E-13 -0.9141E-14  0.2724E-01  0.5667E-01  0.2488E+00  0.2287E+00  0.4941E+02  0.0000E+00
  523.3649  1  1    1.0000    0.8000    0.0000    0.0000   -0.0422   -0.1388    0.0461    0.0409   -0.1290   -0.5953  0.9447E+03  0.5895E+03 -0.2686E-13 -0.9141E-14  0.2722E-01  0.5667E-01  0.2489E+00  0.2287E+00  0.4941E+02  0.0000E+00
  532.8806  1  1    1.0000    0.8000    0.0000    0.0000   -0.0421   -0.1388    0.0461    0.0409   -0.1287   -0.5952  0.9431E+03  0.5887E+03 -0.2686E-13 -0.9141E-14  0.2721E-01  0.5667E-01  0.2490E+00  0.2287E+00  0.4941E+02  0.0000E+00
  542.3964  1  1    1.0000    0.8000    0.0000    0.0000   -0.0420   -0.1387    0.0461    0.0409   -0.1285   -0.5950  0.9416E+03  0.5879E+03 -0.2686E-13 -0.9140E-14  0.2719E-01  0.5667E-01  0.2491E+00  0.2288E+00  0.4941E+02  0.0000E+00
  551.9121  1  1    1.0000    0.8000    0.0000    0.0000   -0.0420   -0.1387    0.0461    0.0409   -0.1282   -0.5949  0.9400E+03  0.5871E+03 -0.2686E-13 -0.9140E-14  0.2718E-01  0.5668E-01  0.2492E+00  0.2288E+00  0.4941E+02  0.0000E+00
  561.4278  1  1    1.0000    0.8000    0.0000    0.0000   -0.0419   -0.1387    0.0461    0.0409   -0.1279   -0.5948  0.9385E+03  0.5863E+03 -0.2687E-13 -0.9140E-14  0.2716E-01  0.5668E-01  0.2494E+00  0.2288E+00  0.4941E+02  0.0000E+00
  570.9435  1  1    1.0000    0.8000    0.0000    0.0000   -0.0418   -0.1386    0.0461    0.0409   -0.1276   -0.5946  0.9370E+03  0.5855E+03 -0.2692E-13 -0.9140E-14  0.2715E-01  0.5668E-01  0.2495E+00  0.2288E+00  0.4941E+02  0.0000E+00
  580.4593  1  1    1.0000    0.8000    0.0000    0.0000   -0.0417   -0.1386    0.0462    0.0409   -0.1274   -0.5945  0.9355E+03  0.5847E+03 -0.2698E-13 -0.9140E-14  0.2713E-01  0.5668E-01  0.2496E+00  0.2289E+00  0.4941E+02  0.0000E+00
  589.9750  1  1    1.0000    0.8000    0.0000    0.0000   -0.0416   -0.1386    0.0462    0.0409   -0.1271   -0.5944  0.9340E+03  0.5839E+03 -0.2701E-13 -0.9140E-14  0.2712E-01  0.5668E-01  0.2497E+00  0.2289E+00  0.4941E+02  0.0000E+00
  599.4907  1  1    1.0000    0.8000    0.0000    0.0000   -0.0415   -0.1385    0.0462    0.0409   -0.1268   -0.5942  0.9325E+03  0.5831E+03 -0.2704E-13 -0.9140E-14  0.2710E-01  0.5668E-01  0.2498E+00  0.2289E+00  0.4941E+02  0.0000E+00
  609.0064  1  1    1.0000    0.8000    0.0000    0.0000   -0.0414   -0.1385    0.0462    0.0409   -0.1266   -0.5941  0.9310E+03  0.5823E+03 -0.2704E-13 -0.9141E-14  0.2709E-01  0.5668E-01  0.2499E+00  0.2290E+00  0.4941E+02  0.0000E+00
  618.5222  1  1    1.0000    0.8000    0.0000    0.0000   -0.0413   -0.1385    0.0462    0.0409   -0.1263   -0.5940  0.9295E+03  0.5815E+03 -0.2704E-13 -0.9147E-14  0.2708E-01  0.5668E-01  0.2500E+00  0.2290E+00  0.4941E+02  0.0000E+00
  628.0379  1  1    1.0000    0.8000    0.0000    0.0000   -0.0412   -0.1384    0.0462    0.0409   -0.1260   -0.5938  0.9280E+03  0.5807E+03 -0.2704E-13 -0.9153E-14  0.2706E-01  0.5668E-01  0.2501E+00  0.2290E+00  0.4941E+02  0.0000E+00
  637.5536  1  1    1.0000    0.8000    0.0000    0.0000   -0.0411   -0.1384    0.0462    0.0409   -0.1257   -0.5937  0.9265E+03  0.5799E+03 -0.2706E-13 -0.9166E-14  0.2705E-01  0.5668E-01  0.2502E+00  0.2290E+00  0.4941E+02  0.0000E+00
  647.0693  1  1    1.0000    0.8000    0.0000    0.0000   -0.0411   -0.1384    0.0462    0.0409   -0.1255   -0.5936  0.9250E+03  0.5791E+03 -0.2713E-13 -0.9179E-14  0.2703E-01  0.5668E-01  0.2501E+00  0.2291E+00  0.4941E+02  0.0000E+00
  656.5851  1  1    1.0000    0.8000    0.0000    0.0000   -0.0410   -0.1384    0.0462    0.0409   -0.1252   -0.5934  0.9236E+03  0.5784E+03 -0.2718E-13 -0.9190E-14  0.2702E-01  0.5668E-01  0.2500E+00  0.2291E+00  0.4941E+02  0.0000E+00
  666.1008  1  1    1.0000    0.8000    0.0000    0.0000   -0.0409   -0.1383    0.0462    0.0409   -0.1249   -0.5933  0.9221E+03  0.5776E+03 -0.2720E-13 -0.9197E-14  0.2700E-01  0.5668E-01  0.2499E+00  0.2291E+00  0.4941E+02  0.0000E+00
  675.6165  1  1    1.0000    0.8000    0.0000    0.0000   -0.0408   -0.1383    0.0463    0.0409   -0.1247   -0.5932  0.9207E+03  0.5768E+03 -0.2721E-13 -0.9204E-14  0.2699E-01  0.5668E-01  0.2498E+00  0.2292E+00  0.4941E+02  0.0000E+00
  685.1323  1  1    1.0000    0.8000    0.0000    0.0000   -0.0407   -0.1383    0.0463    0.0409   -0.1244   -0.5931  0.9192E+03  0.5761E+03 -0.2721E-13 -0.9205E-14  0.2698E-01  0.5668E-01  0.2497E+00  0.2292E+00  0.4941E+02  0.0000E+00
  694.6479  1  1    1.0000    0.8000    0.0000    0.0000   -0.0406   -0.1382    0.0463    0.0409   -0.1241   -0.5929  0.9178E+03  0.5753E+03 -0.2721E-13 -0.9205E-14  0.2696E-01  0.5668E-01  0.2496E+00  0.2292E+00  0.4941E+02  0.0000E+00
  704.1637  1  1    1.0000    0.8000    0.0000    0.0000   -0.0405   -0.1382    0.0463    0.0409   -0.1238   -0.5928  0.9164E+03  0.5745E+03 -0.2724E-13 -0.9204E-14  0.2695E-01  0.5668E-01  0.2496E+00  0.2292E+00  0.4941E+02  0.0000E+00
  713.6794  1  1    1.0000    0.8000    0.0000    0.0000   -0.0404   -0.1382    0.0463    0.0409   -0.1236   -0.5927  0.9149E+03  0.5738E+03 -0.2728E-13 -0.9204E-14  0.2693E-01  0.5668E-01  0.2496E+00  0.2293E+00  0.4941E+02  0.0000E+00
  723.1951  1  1    1.0000    0.8000    0.0000    0.0000   -0.0403   -0.1381    0.0463    0.0409   -0.1233   -0.5925  0.9135E+03  0.5730E+03 -0.2731E-13 -0.9204E-14  0.2692E-01  0.5667E-01  0.2496E+00  0.2293E+00  0.4941E+02  0.0000E+00
  732.7109  1  1    1.0000    0.8000    0.0000    0.0000   -0.0402   -0.1381    0.0463    0.0409   -0.1230   -0.5924  0.9121E+03  0.5723E+03 -0.2735E-13 -0.9204E-14  0.2691E-01  0.5667E-01  0.2497E+00  0.2293E+00  0.4941E+02  0.0000E+00
  742.2266  1  1    1.0000    0.8000    0.0000    0.0000   -0.0402   -0.1381    0.0463    0.0409   -0.1228   -0.5923  0.9107E+03  0.5715E+03 -0.2738E-13 -0.9204E-14  0.2689E-01  0.5667E-01  0.2498E+00  0.2294E+00  0.4941E+02  0.0000E+00
  751.7423  1  1    1.0000    0.8000    0.0000    0.0000   -0.0401   -0.1381    0.0463    0.0409   -0.1225   -0.5921  0.9092E+03  0.5708E+03 -0.2738E-13 -0.9204E-14  0.2688E-01  0.5667E-01  0.2499E+00  0.2294E+00  0.4941E+02  0.0000E+00
  761.2581  1  1    1.0000    0.8000    0.0000    0.0000   -0.0400   -0.1380    0.0463    0.0409   -0.1222   -0.5920  0.9078E+03  0.5700E+03 -0.2738E-13 -0.9204E-14  0.2687E-01  0.5667E-01  0.2500E+00  0.2294E+00  0.4941E+02  0.0000E+00
  770.7737  1  1    1.0000    0.8000    0.0000    0.0000   -0.0399   -0.1380    0.0463    0.0409   -0.1220   -0.5919  0.9064E+03  0.5693E+03 -0.2740E-13 -0.9204E-14  0.2685E-01  0.5667E-01  0.2501E+00  0.2294E+00  0.4941E+02  0.0000E+00
  780.2895  1  1    1.0000    0.8000    0.0000    0.0000   -0.0398   -0.1380    0.0464    0.0409   -0.1217   -0.5917  0.9051E+03  0.5685E+03 -0.2744E-13 -0.9204E-14  0.2684E-01  0.5667E-01  0.2503E+00  0.2295E+00  0.4941E+02  0.0000E+00
  789.8052  1  1    1.0000    0.8000    0.0000    0.0000   -0.0397   -0.1379    0.0464    0.0409   -0.1214   -0.5916  0.9037E+03  0.5678E+03 -0.2746E-13 -0.9204E-14  0.2682E-01  0.5667E-01  0.2504E+00  0.2295E+00  0.4941E+02  0.0000E+00
  799.3209  1  1    1.0000    0.8000    0.0000    0.0000   -0.0396   -0.1379    0.0464    0.0410   -0.1211   -0.5915  0.9023E+03  0.5671E+03 -0.2750E-13 -0.9204E-14  0.2681E-01  0.5667E-01  0.2505E+00  0.2295E+00  0.4941E+02  0.0000E+00
  808.8367  1  1    1.0000    0.8000    0.0000    0.0000   -0.0395   -0.1379    0.0464    0.0410   -0.1209   -0.5914  0.9009E+03  0.5663E+03 -0.2754E-13 -0.9204E-14  0.2680E-01  0.5667E-01  0.2506E+00  0.2296E+00  0.4941E+02  0.0000E+00
  818.3524  1  1    1.0000    0.8000    0.0000    0.0000   -0.0394   -0.1378    0.0464    0.0410   -0.1206   -0.5912  0.8995E+03  0.5656E+03 -0.2754E-13 -0.9204E-14  0.2678E-01  0.5667E-01  0.2507E+00  0.2296E+00  0.4941E+02  0.0000E+00
  827.8681  1  1    1.0000    0.8000    0.0000    0.0000   -0.0393   -0.1378    0.0464    0.0410   -0.1203   -0.5911  0.8982E+03  0.5649E+03 -0.2754E-13 -0.9204E-14  0.2677E-01  0.5667E-01  0.2508E+00  0.2296E+00  0.4941E+02  0.0000E+00
  837.3839  1  1    1.0000    0.8000    0.0000    0.0000   -0.0393   -0.1378    0.0464    0.0410   -0.1201   -0.5910  0.8968E+03  0.5642E+03 -0.2754E-13 -0.9215E-14  0.2675E-01  0.5667E-01  0.2509E+00  0.2296E+00  0.4941E+02  0.0000E+00
  846.8996  1  1    1.0000    0.8000    0.0000    0.0000   -0.0392   -0.1378    0.0464    0.0410   -0.1198   -0.5908  0.8955E+03  0.5634E+03 -0.2760E-13 -0.9230E-14  0.2674E-01  0.5667E-01  0.2510E+00  0.2297E+00  0.4941E+02  0.0000E+00
  856.4153  1  1    1.0000    0.8000    0.0000    0.0000   -0.0391   -0.1377    0.0464    0.0410   -0.1195   -0.5907  0.8941E+03  0.5627E+03 -0.2765E-13 -0.9245E-14  0.2673E-01  0.5667E-01  0.2511E+00  0.2297E+00  0.4941E+02  0.0000E+00
  865.9310  1  1    1.0000    0.8000    0.0000    0.0000   -0.0390   -0.1377    0.0464    0.0410   -0.1192   -0.5906  0.8928E+03  0.5620E+03 -0.2766E-13 -0.9260E-14  0.2671E-01  0.5667E-01  0.2512E+00  0.2297E+00  0.4941E+02  0.0000E+00
  875.4468  1  1    1.0000    0.8000    0.0000    0.0000   -0.0389   -0.1377    0.0465    0.0410   -0.1190   -0.5904  0.8914E+03  0.5613E+03 -0.2769E-13 -0.9276E-14  0.2670E-01  0.5666E-01  0.2513E+00  0.2298E+00  0.4941E+02  0.0000E+00
  884.9625  1  1    1.0000    0.8000    0.0000    0.0000   -0.0388   -0.1376    0.0465    0.0410   -0.1187   -0.5903  0.8901E+03  0.5606E+03 -0.2771E-13 -0.9279E-14  0.2668E-01  0.5666E-01  0.2514E+00  0.2298E+00  0.4941E+02  0.0000E+00
  894.4782  1  1    1.0000    0.8000    0.0000    0.0000   -0.0387   -0.1376    0.0465    0.0410   -0.1184   -0.5902  0.8888E+03  0.5599E+03 -0.2771E-13 -0.9279E-14  0.2667E-01  0.5666E-01  0.2515E+00  0.2298E+00  0.4941E+02  0.0000E+00
  903.9940  1  1    1.0000    0.8000    0.0000    0.0000   -0.0386   -0.1376    0.0465    0.0410   -0.1182   -0.5901  0.8875E+03  0.5592E+03 -0.2772E-13 -0.9279E-14  0.2666E-01  0.5666E-01  0.2516E+00  0.2298E+00  0.4941E+02  0.0000E+00
  913.5096  1  1    1.0000    0.8000    0.0000    0.0000   -0.0385   -0.1376    0.0465    0.0410   -0.1179   -0.5899  0.8861E+03  0.5585E+03 -0.2773E-13 -0.9279E-14  0.2664E-01  0.5666E-01  0.2517E+00  0.2299E+00  0.4941E+02  0.0000E+00
  923.0254  1  1    1.0000    0.8000    0.0000    0.0000   -0.0384   -0.1375    0.0465    0.0410   -0.1176   -0.5898  0.8848E+03  0.5578E+03 -0.2777E-13 -0.9279E-14  0.2663E-01  0.5666E-01  0.2517E+00  0.2299E+00  0.4941E+02  0.0000E+00
  932.5411  1  1    1.0000    0.8000    0.0000    0.0000   -0.0383   -0.1375    0.0465    0.0410   -0.1173   -0.5897  0.8835E+03  0.5571E+03 -0.2784E-13 -0.9279E-14  0.2661E-01  0.5666E-01  0.2515E+00  0.2299E+00  0.4941E+02  0.0000E+00
  942.0568  1  1    1.0000    0.8000    0.0000    0.0000   -0.0383   -0.1375    0.0465    0.0410   -0.1171   -0.5895  0.8822E+03  0.5564E+03 -0.2787E-13 -0.9279E-14  0.2660E-01  0.5665E-01  0.2514E+00  0.2300E+00  0.4941E+02  0.0000E+00
  951.5726  1  1    1.0000    0.8000    0.0000    0.0000   -0.0382   -0.1374    0.0465    0.0410   -0.1168   -0.5894  0.8809E+03  0.5557E+03 -0.2787E-13 -0.9279E-14  0.2659E-01  0.5665E-01  0.2513E+00  0.2300E+00  0.4941E+02  0.0000E+00
  961.0883  1  1    1.0000    0.8000    0.0000    0.0000   -0.0381   -0.1374    0.0465    0.0410   -0.1165   -0.5893  0.8796E+03  0.5550E+03 -0.2787E-13 -0.9279E-14  0.2657E-01  0.5665E-01  0.2512E+00  0.2300E+00  0.4941E+02  0.0000E+00
  970.6040  1  1    1.0000    0.8000    0.0000    0.0000   -0.0380   -0.1374    0.0465    0.0410   -0.1163   -0.5892  0.8783E+03  0.5543E+03 -0.2787E-13 -0.9279E-14  0.2656E-01  0.5665E-01  0.2511E+00  0.2300E+00  0.4941E+02  0.0000E+00
  980.1198  1  1    1.0000    0.8000    0.0000    0.0000   -0.0379   -0.1374    0.0466    0.0410   -0.1160   -0.5890  0.8771E+03  0.5536E+03 -0.2791E-13 -0.9279E-14  0.2654E-01  0.5665E-01  0.2511E+00  0.2301E+00  0.4941E+02  0.0000E+00
  989.6354  1  1    1.0000    0.8000    0.0000    0.0000   -0.0378   -0.1373    0.0466    0.0410   -0.1157   -0.5889  0.8758E+03  0.5530E+03 -0.2797E-13 -0.9280E-14  0.2653E-01  0.5665E-01  0.2511E+00  0.2301E+00  0.4941E+02  0.0000E+00
  999.1512  1  1    1.0000    0.8000    0.0000    0.0000   -0.0377   -0.1373    0.0466    0.0410   -0.1154   -0.5888  0.8745E+03  0.5523E+03 -0.2800E-13 -0.9283E-14  0.2652E-01  0.5665E-01  0.2512E+00  0.2301E+00  0.4941E+02  0.0000E+00
 1008.6669  1  1    1.0000    0.8000    0.0000    0.0000   -0.0376   -0.1373    0.0466    0.0410   -0.1152   -0.5886  0.8732E+03  0.5516E+03 -0.2801E-13 -0.9286E-14  0.2650E-01  0.5664E-01  0.2513E+00  0.2301E+00  0.4941E+02  0.0000E+00
 1018.1826  1  1    1.0000    0.8000    0.0000    0.0000   -0.0375   -0.1372    0.0466    0.0410   -0.1149   -0.5885  0.8720E+03  0.5509E+03 -0.2803E-13 -0.9290E-14  0.2649E-01  0.5664E-01  0.2514E+00  0.2302E+00  0.4941E+02  0.0000E+00
 1027.6984  1  1    1.0000    0.8000    0.0000    0.0000   -0.0374   -0.1372    0.0466    0.0410   -0.1146   -0.5884  0.8707E+03  0.5502E+03 -0.2804E-13 -0.9303E-14  0.2648E-01  0.5664E-01  0.2515E+00  0.2302E+00  0.4941E+02  0.0000E+00
 1037.2141  1  1    1.0000    0.8000    0.0000    0.0000   -0.0374   -0.1372    0.0466    0.0410   -0.1144   -0.5883  0.8695E+03  0.5496E+03 -0.2805E-13 -0.9314E-14  0.2646E-01  0.5664E-01  0.2516E+00  0.2302E+00  0.4941E+02  0.0000E+00
 1046.7299  1  1    1.0000    0.8000    0.0000    0.0000   -0.0373   -0.1371    0.0466    0.0410   -0.1141   -0.5881  0.8682E+03  0.5489E+03 -0.2809E-13 -0.9324E-14  0.2645E-01  0.5664E-01  0.2517E+00  0.2303E+00  0.4941E+02  0.0000E+00
 1056.2455  1  1    1.0000    0.8000    0.0000    0.0000   -0.0372   -0.1371    0.0466    0.0410   -0.1138   -0.5880  0.8670E+03  0.5482E+03 -0.2813E-13 -0.9334E-14  0.2644E-01  0.5664E-01  0.2518E+00  0.2303E+00  0.4941E+02  0.0000E+00
 1065.7612  1  1    1.0000    0.8000    0.0000    0.0000   -0.0371   -0.1371    0.0466    0.0410   -0.1135   -0.5879  0.8657E+03  0.5476E+03 -0.2813E-13 -0.9342E-14  0.2642E-01  0.5663E-01  0.2519E+00  0.2303E+00  0.4941E+02  0.0000E+00
 1075.2770  1  1    1.0000    0.8000    0.0000    0.0000   -0.0370   -0.1371    0.0467    0.0410   -0.1133   -0.5877  0.8645E+03  0.5469E+03 -0.2816E-13 -0.9342E-14  0.2641E-01  0.5663E-01  0.2520E+00  0.2303E+00  0.4941E+02  0.0000E+00
 1084.7927  1  1    1.0000    0.8000    0.0000    0.0000   -0.0369   -0.1370    0.0467    0.0410   -0.1130   -0.5876  0.8632E+03  0.5463E+03 -0.2820E-13 -0.9342E-14  0.2640E-01  0.5663E-01  0.2522E+00  0.2304E+00  0.4941E+02  0.0000E+00
 1094.3085  1  1    1.0000    0.8000    0.0000    0.0000   -0.0368   -0.1370    0.0467    0.0410   -0.1127   -0.5875  0.8620E+03  0.5456E+03 -0.2820E-13 -0.9342E-14  0.2638E-01  0.5663E-01  0.2523E+00  0.2304E+00  0.4941E+02  0.0000E+00
 1103.8242  1  1    1.0000    0.8000    0.0000    0.0000   -0.0367   -0.1370    0.0467    0.0410   -0.1125   -0.5874  0.8608E+03  0.5450E+03 -0.2822E-13 -0.9342E-14  0.2637E-01  0.5663E-01  0.2524E+00  0.2304E+00  0.4941E+02  0.0000E+00
 1113.3398  1  1    1.0000    0.8000    0.0000    0.0000   -0.0366   -0.1370    0.0467    0.0410   -0.1122   -0.5872  0.8596E+03  0.5443E+03 -0.2827E-13 -0.9342E-14  0.2635E-01  0.5662E-01  0.2525E+00  0.2305E+00  0.4941E+02  0.0000E+00
 1122.8556  1  1    1.0000    0.8000    0.0000    0.0000   -0.0365   -0.1369    0.0467    0.0410   -0.1119   -0.5871  0.8583E+03  0.5437E+03 -0.2829E-13 -0.9342E-14  0.2634E-01  0.5662E-01  0.2526E+00  0.2305E+00  0.4941E+02  0.0000E+00
 1132.3713  1  1    1.0000    0.8000    0.0000    0.0000   -0.0364   -0.1369    0.0467    0.0410   -0.1116   -0.5870  0.8571E+03  0.5430E+03 -0.2829E-13 -0.9342E-14  0.2633E-01  0.5662E-01  0.2527E+00  0.2305E+00  0.4941E+02  0.0000E+00
 1141.8871  1  1    1.0000    0.8000    0.0000    0.0000   -0.0363   -0.1369    0.0467    0.0410   -0.1114   -0.5869  0.8559E+03  0.5424E+03 -0.2833E-13 -0.9342E-14  0.2631E-01  0.5662E-01  0.2528E+00  0.2305E+00  0.4941E+02  0.0000E+00
 1151.4028  1  1    1.0000    0.8000    0.0000    0.0000   -0.0363   -0.1368    0.0467    0.0411   -0.1111   -0.5867  0.8547E+03  0.5417E+03 -0.2837E-13 -0.9342E-14  0.2630E-01  0.5662E-01  0.2529E+00  0.2306E+00  0.4941E+02  0.0000E+00
 1160.9186  1  1    1.0000    0.8000    0.0000    0.0000   -0.0362   -0.1368    0.0467    0.0411   -0.1108   -0.5866  0.8535E+03  0.5411E+03 -0.2837E-13 -0.9342E-14  0.2629E-01  0.5662E-01  0.2530E+00  0.2306E+00  0.4941E+02  0.0000E+00
 1170.4342  1  1    1.0000    0.8000    0.0000    0.0000   -0.0361   -0.1368    0.0468    0.0411   -0.1105   -0.5865  0.8523E+03  0.5404E+03 -0.2839E-13 -0.9349E-14  0.2627E-01  0.5661E-01  0.2532E+00  0.2306E+00  0.4941E+02  0.0000E+00
 1179.9500  1  1    1.0000    0.8000    0.0000    0.0000   -0.0360   -0.1368    0.0468    0.0411   -0.1103   -0.5863  0.8511E+03  0.5398E+03 -0.2843E-13 -0.9356E-14  0.2626E-01  0.5661E-01  0.2533E+00  0.2307E+00  0.4941E+02  0.0000E+00
 1189.4657  1  1    1.0000    0.8000    0.0000    0.0000   -0.0359   -0.1367    0.0468    0.0411   -0.1100   -0.5862  0.8499E+03  0.5392E+03 -0.2846E-13 -0.9364E-14  0.2624E-01  0.5661E-01  0.2534E+00  0.2307E+00  0.4941E+02  0.0000E+00
 1198.9814  1  1    1.0000    0.8000    0.0000    0.0000   -0.0358   -0.1367    0.0468    0.0411   -0.1097   -0.5861  0.8487E+03  0.5385E+03 -0.2846E-13 -0.9371E-14  0.2623E-01  0.5661E-01  0.2535E+00  0.2307E+00  0.4941E+02  0.0000E+00
 1208.4972  1  1    1.0000    0.8000    0.0000    0.0000   -0.0357   -0.1367    0.0468    0.0411   -0.1095   -0.5860  0.8476E+03  0.5379E+03 -0.2849E-13 -0.9382E-14  0.2621E-01  0.5661E-01  0.2536E+00  0.2307E+00  0.4941E+02  0.0000E+00
 1218.0128  1  1    1.0000    0.8000    0.0000    0.0000   -0.0356   -0.1366    0.0468    0.0411   -0.1092   -0.5858  0.8464E+03  0.5373E+03 -0.2853E-13 -0.9387E-14  0.2620E-01  0.5660E-01  0.2537E+00  0.2308E+00  0.4941E+02  0.0000E+00
 1227.5286  1  1    1.0000    0.8000    0.0000    0.0000   -0.0355   -0.1366    0.0468    0.0411   -0.1089   -0.5857  0.8452E+03  0.5367E+03 -0.2854E-13 -0.9391E-14  0.2619E-01  0.5660E-01  0.2538E+00  0.2308E+00  0.4941E+02  0.0000E+00
 1237.0443  1  1    1.0000    0.8000    0.0000    0.0000   -0.0354   -0.1366    0.0468    0.0411   -0.1086   -0.5856  0.8440E+03  0.5360E+03 -0.2854E-13 -0.9395E-14  0.2617E-01  0.5660E-01  0.2539E+00  0.2308E+00  0.4941E+02  0.0000E+00
 1246.5601  1  1    1.0000    0.8000    0.0000    0.0000   -0.0353   -0.1366    0.0468    0.0411   -0.1084   -0.5855  0.8429E+03  0.5354E+03 -0.2859E-13 -0.9399E-14  0.2616E-01  0.5660E-01  0.2539E+00  0.2309E+00  0.4941E+02  0.0000E+00
 1256.0758  1  1    1.0000    0.8000    0.0000    0.0000   -0.0352   -0.1365    0.0468    0.0411   -0.1081   -0.5853  0.8417E+03  0.5348E+03 -0.2865E-13 -0.9400E-14  0.2614E-01  0.5660E-01  0.2539E+00  0.2309E+00  0.4941E+02  0.0000E+00
 1265.5916  1  1    1.0000    0.8000    0.0000    0.0000   -0.0351   -0.1365    0.0469    0.0411   -0.1078   -0.5852  0.8406E+03  0.5342E+03 -0.2866E-13 -0.9400E-14  0.2613E-01  0.5659E-01  0.2538E+00  0.2309E+00  0.4941E+02  0.0000E+00
 1275.1072  1  1    1.0000    0.8000    0.0000    0.0000   -0.0351   -0.1365    0.0469    0.0411   -0.1075   -0.5851  0.8394E+03  0.5336E+03 -0.2866E-13 -0.9400E-14  0.2612E-01  0.5659E-01  0.2538E+00  0.2309E+00  0.4941E+02  0.0000E+00
 1284.6229  1  1    1.0000    0.8000    0.0000    0.0000   -0.0350   -0.1364    0.0469    0.0411   -0.1073   -0.5849  0.8382E+03  0.5329E+03 -0.2868E-13 -0.9400E-14  0.2610E-01  0.5659E-01  0.2537E+00  0.2310E+00  0.4941E+02  0.0000E+00
 1294.1387  1  1    1.0000    0.8000    0.0000    0.0000   -0.0349   -0.1364    0.0469    0.0411   -0.1070   -0.5848  0.8371E+03  0.5323E+03 -0.2871E-13 -0.9400E-14  0.2609E-01  0.5659E-01  0.2536E+00  0.2310E+00  0.4941E+02  0.0000E+00
 1303.6544  1  1    1.0000    0.8000    0.0000    0.0000   -0.0348   -0.1364    0.0469    0.0411   -0.1067   -0.5847  0.8360E+03  0.5317E+03 -0.2871E-13 -0.9400E-14  0.2608E-01  0.5658E-01  0.2534E+00  0.2310E+00  0.4941E+02  0.0000E+00
 1313.1702  1  1    1.0000    0.8000    0.0000    0.0000   -0.0347   -0.1364    0.0469    0.0411   -0.1064   -0.5846  0.8348E+03  0.5311E+03 -0.2871E-13 -0.9400E-14  0.2606E-01  0.5658E-01  0.2533E+00  0.2310E+00  0.4941E+02  0.0000E+00
 1322.6859  1  1    1.0000    0.8000    0.0000    0.0000   -0.0346   -0.1363    0.0469    0.0411   -0.1062   -0.5844  0.8337E+03  0.5305E+03 -0.2878E-13 -0.9399E-14  0.2605E-01  0.5658E-01  0.2534E+00  0.2311E+00  0.4941E+02  0.0000E+00
 1332.2015  1  1    1.0000    0.8000    0.0000    0.0000   -0.0345   -0.1363    0.0469    0.0411   -0.1059   -0.5843  0.8325E+03  0.5299E+03 -0.2886E-13 -0.9407E-14  0.2604E-01  0.5658E-01  0.2535E+00  0.2311E+00  0.4941E+02  0.0000E+00
 1341.7173  1  1    1.0000    0.8000    0.0000    0.0000   -0.0344   -0.1363    0.0469    0.0411   -0.1056   -0.5842  0.8314E+03  0.5293E+03 -0.2887E-13 -0.9416E-14  0.2602E-01  0.5658E-01  0.2536E+00  0.2311E+00  0.4941E+02  0.0000E+00
 1351.2330  1  1    1.0000    0.8000    0.0000    0.0000   -0.0343   -0.1363    0.0469    0.0411   -0.1053   -0.5841  0.8303E+03  0.5287E+03 -0.2887E-13 -0.9424E-14  0.2601E-01  0.5657E-01  0.2537E+00  0.2312E+00  0.4941E+02  0.0000E+00
 1360.7488  1  1    1.0000    0.8000    0.0000    0.0000   -0.0342   -0.1362    0.0470    0.0411   -0.1051   -0.5839  0.8292E+03  0.5281E+03 -0.2889E-13 -0.9432E-14  0.2600E-01  0.5657E-01  0.2538E+00  0.2312E+00  0.4941E+02  0.0000E+00
 1370.2645  1  1    1.0000    0.8000    0.0000    0.0000   -0.0341   -0.1362    0.0470    0.0411   -0.1048   -0.5838  0.8280E+03  0.5275E+03 -0.2892E-13 -0.9441E-14  0.2598E-01  0.5657E-01  0.2539E+00  0.2312E+00  0.4941E+02  0.0000E+00
 1379.7802  1  1    1.0000    0.8000    0.0000    0.0000   -0.0340   -0.1362    0.0470    0.0411   -0.1045   -0.5837  0.8269E+03  0.5269E+03 -0.2893E-13 -0.9445E-14  0.2597E-01  0.5657E-01  0.2540E+00  0.2312E+00  0.4941E+02  0.0000E+00
 1389.2959  1  1    1.0000    0.8000    0.0000    0.0000   -0.0339   -0.1361    0.0470    0.0411   -0.1042   -0.5835  0.8258E+03  0.5263E+03 -0.2893E-13 -0.9448E-14  0.2595E-01  0.5656E-01  0.2541E+00  0.2313E+00  0.4941E+02  0.0000E+00
 1398.8116  1  1    1.0000    0.8000    0.0000    0.0000   -0.0338   -0.1361    0.0470    0.0411   -0.1040   -0.5834  0.8247E+03  0.5257E+03 -0.2895E-13 -0.9450E-14  0.2594E-01  0.5656E-01  0.2542E+00  0.2313E+00  0.4941E+02  0.0000E+00
 1408.3274  1  1    1.0000    0.8000    0.0000    0.0000   -0.0337   -0.1361    0.0470    0.0411   -0.1037   -0.5833  0.8236E+03  0.5251E+03 -0.2902E-13 -0.9453E-14  0.2593E-01  0.5656E-01  0.2544E+00  0.2313E+00  0.4941E+02  0.0000E+00
 1417.8431  1  1    1.0000    0.8000    0.0000    0.0000   -0.0337   -0.1361    0.0470    0.0411   -0.1034   -0.5832  0.8225E+03  0.5246E+03 -0.2906E-13 -0.9455E-14  0.2591E-01  0.5656E-01  0.2545E+00  0.2314E+00  0.4941E+02  0.0000E+00
 1427.3589  1  1    1.0000    0.8000    0.0000    0.0000   -0.0336   -0.1360    0.0470    0.0411   -0.1031   -0.5830  0.8214E+03  0.5240E+03 -0.2906E-13 -0.9455E-14  0.2590E-01  0.5656E-01  0.2546E+00  0.2314E+00  0.4941E+02  0.0000E+00
 1436.8745  1  1    1.0000    0.8000    0.0000    0.0000   -0.0335   -0.1360    0.0470    0.0411   -0.1029   -0.5829  0.8203E+03  0.5234E+03 -0.2906E-13 -0.9455E-14  0.2588E-01  0.5655E-01  0.2547E+00  0.2314E+00  0.4941E+02  0.0000E+00
 1446.3903  1  1    1.0000    0.8000    0.0000    0.0000   -0.0334   -0.1360    0.0470    0.0411   -0.1026   -0.5828  0.8192E+03  0.5228E+03 -0.2912E-13 -0.9455E-14  0.2587E-01  0.5655E-01  0.2548E+00  0.2314E+00  0.4941E+02  0.0000E+00
 1455.9060  1  1    1.0000    0.8000    0.0000    0.0000   -0.0333   -0.1359    0.0471    0.0411   -0.1023   -0.5827  0.8181E+03  0.5222E+03 -0.2917E-13 -0.9455E-14  0.2586E-01  0.5655E-01  0.2549E+00  0.2315E+00  0.4941E+02  0.0000E+00
 1465.4218  1  1    1.0000    0.8000    0.0000    0.0000   -0.0332   -0.1359    0.0471    0.0411   -0.1020   -0.5825  0.8170E+03  0.5216E+03 -0.2917E-13 -0.9457E-14  0.2584E-01  0.5655E-01  0.2550E+00  0.2315E+00  0.4941E+02  0.0000E+00
 1474.9375  1  1    1.0000    0.8000    0.0000    0.0000   -0.0331   -0.1359    0.0471    0.0411   -0.1017   -0.5824  0.8160E+03  0.5211E+03 -0.2917E-13 -0.9461E-14  0.2583E-01  0.5654E-01  0.2552E+00  0.2315E+00  0.4941E+02  0.0000E+00
 1484.4532  1  1    1.0000    0.8000    0.0000    0.0000   -0.0330   -0.1359    0.0471    0.0411   -0.1015   -0.5823  0.8149E+03  0.5205E+03 -0.2919E-13 -0.9464E-14  0.2581E-01  0.5654E-01  0.2552E+00  0.2316E+00  0.4941E+02  0.0000E+00
 1493.9689  1  1    1.0000    0.8000    0.0000    0.0000   -0.0329   -0.1358    0.0471    0.0411   -0.1012   -0.5822  0.8138E+03  0.5199E+03 -0.2923E-13 -0.9467E-14  0.2580E-01  0.5654E-01  0.2553E+00  0.2316E+00  0.4941E+02  0.0000E+00
 1503.4846  1  1    1.0000    0.8000    0.0000    0.0000   -0.0328   -0.1358    0.0471    0.0411   -0.1009   -0.5820  0.8127E+03  0.5194E+03 -0.2925E-13 -0.9470E-14  0.2579E-01  0.5654E-01  0.2553E+00  0.2316E+00  0.4941E+02  0.0000E+00
 1513.0004  1  1    1.0000    0.8000    0.0000    0.0000   -0.0327   -0.1358    0.0471    0.0412   -0.1006   -0.5819  0.8117E+03  0.5188E+03 -0.2925E-13 -0.9478E-14  0.2577E-01  0.5653E-01  0.2554E+00  0.2316E+00  0.4941E+02  0.0000E+00
 1522.5161  1  1    1.0000    0.8000    0.0000    0.0000   -0.0326   -0.1358    0.0471    0.0412   -0.1004   -0.5818  0.8106E+03  0.5182E+03 -0.2925E-13 -0.9486E-14  0.2576E-01  0.5653E-01  0.2555E+00  0.2317E+00  0.4941E+02  0.0000E+00
 1532.0319  1  1    1.0000    0.8000    0.0000    0.0000   -0.0325   -0.1357    0.0471    0.0412   -0.1001   -0.5817  0.8095E+03  0.5177E+03 -0.2932E-13 -0.9493E-14  0.2574E-01  0.5653E-01  0.2552E+00  0.2317E+00  0.4941E+02  0.0000E+00
 1541.5475  1  1    1.0000    0.8000    0.0000    0.0000   -0.0324   -0.1357    0.0471    0.0412   -0.0998   -0.5815  0.8085E+03  0.5171E+03 -0.2940E-13 -0.9501E-14  0.2573E-01  0.5653E-01  0.2548E+00  0.2317E+00  0.4941E+02  0.0000E+00
 1551.0632  1  1    1.0000    0.8000    0.0000    0.0000   -0.0323   -0.1357    0.0472    0.0412   -0.0995   -0.5814  0.8074E+03  0.5165E+03 -0.2941E-13 -0.9509E-14  0.2572E-01  0.5652E-01  0.2545E+00  0.2317E+00  0.4941E+02  0.0000E+00
 1560.5790  1  1    1.0000    0.8000    0.0000    0.0000   -0.0322   -0.1356    0.0472    0.0412   -0.0992   -0.5813  0.8064E+03  0.5160E+03 -0.2941E-13 -0.9509E-14  0.2571E-01  0.5652E-01  0.2541E+00  0.2318E+00  0.4941E+02  0.0000E+00
 1570.0947  1  1    1.0000    0.8000    0.0000    0.0000   -0.0321   -0.1356    0.0472    0.0412   -0.0990   -0.5811  0.8053E+03  0.5154E+03 -0.2941E-13 -0.9509E-14  0.2569E-01  0.5652E-01  0.2538E+00  0.2318E+00  0.4941E+02  0.0000E+00
 1579.6105  1  1    1.0000    0.8000    0.0000    0.0000   -0.0320   -0.1356    0.0472    0.0412   -0.0987   -0.5810  0.8043E+03  0.5149E+03 -0.2947E-13 -0.9509E-14  0.2568E-01  0.5652E-01  0.2538E+00  0.2318E+00  0.4941E+02  0.0000E+00
 1589.1262  1  1    1.0000    0.8000    0.0000    0.0000   -0.0320   -0.1356    0.0472    0.0412   -0.0984   -0.5809  0.8032E+03  0.5143E+03 -0.2953E-13 -0.9509E-14  0.2567E-01  0.5651E-01  0.2537E+00  0.2319E+00  0.4941E+02  0.0000E+00
 1598.6418  1  1    1.0000    0.8000    0.0000    0.0000   -0.0319   -0.1355    0.0472    0.0412   -0.0981   -0.5808  0.8022E+03  0.5137E+03 -0.2953E-13 -0.9509E-14  0.2565E-01  0.5651E-01  0.2537E+00  0.2319E+00  0.4941E+02  0.0000E+00
 1608.1576  1  1    1.0000    0.8000    0.0000    0.0000   -0.0318   -0.1355    0.0472    0.0412   -0.0979   -0.5806  0.8012E+03  0.5132E+03 -0.2953E-13 -0.9510E-14  0.2564E-01  0.5651E-01  0.2537E+00  0.2319E+00  0.4941E+02  0.0000E+00
 1617.6733  1  1    1.0000    0.8000    0.0000    0.0000   -0.0317   -0.1355    0.0472    0.0412   -0.0976   -0.5805  0.8001E+03  0.5126E+03 -0.2953E-13 -0.9512E-14  0.2563E-01  0.5651E-01  0.2536E+00  0.2319E+00  0.4941E+02  0.0000E+00
 1627.1891  1  1    1.0000    0.8000    0.0000    0.0000   -0.0316   -0.1355    0.0472    0.0412   -0.0973   -0.5804  0.7991E+03  0.5121E+03 -0.2959E-13 -0.9514E-14  0.2561E-01  0.5650E-01  0.2538E+00  0.2320E+00  0.4941E+02  0.0000E+00
 1636.7048  1  1    0.9999    0.8000    0.0000    0.0000   -0.0315   -0.1354    0.0473    0.0412   -0.0970   -0.5803  0.7981E+03  0.5115E+03 -0.2963E-13 -0.9516E-14  0.2560E-01  0.5650E-01  0.2539E+00  0.2320E+00  0.4941E+02  0.0000E+00
 1646.2206  1  1    0.9999    0.8000    0.0000    0.0000   -0.0314   -0.1354    0.0473    0.0412   -0.0967   -0.5801  0.7970E+03  0.5110E+03 -0.2963E-13 -0.9518E-14  0.2559E-01  0.5650E-01  0.2540E+00  0.2320E+00  0.4941E+02  0.0000E+00
 1655.7362  1  1    0.9999    0.8000    0.0000    0.0000   -0.0313   -0.1354    0.0473    0.0412   -0.0965   -0.5800  0.7960E+03  0.5105E+03 -0.2963E-13 -0.9520E-14  0.2557E-01  0.5650E-01  0.2541E+00  0.2321E+00  0.4941E+02  0.0000E+00
 1665.2520  1  1    0.9999    0.8000    0.0000    0.0000   -0.0312   -0.1353    0.0473    0.0412   -0.0962   -0.5799  0.7950E+03  0.5099E+03 -0.2964E-13 -0.9529E-14  0.2556E-01  0.5649E-01  0.2542E+00  0.2321E+00  0.4941E+02  0.0000E+00
 1674.7677  1  1    0.9999    0.8000    0.0000    0.0000   -0.0311   -0.1353    0.0473    0.0412   -0.0959   -0.5798  0.7940E+03  0.5094E+03 -0.2970E-13 -0.9538E-14  0.2555E-01  0.5649E-01  0.2543E+00  0.2321E+00  0.4941E+02  0.0000E+00
 1684.2834  1  1    0.9999    0.8000    0.0000    0.0000   -0.0310   -0.1353    0.0473    0.0412   -0.0956   -0.5796  0.7930E+03  0.5088E+03 -0.2976E-13 -0.9546E-14  0.2554E-01  0.5649E-01  0.2544E+00  0.2321E+00  0.4941E+02  0.0000E+00
 1693.7992  1  1    0.9999    0.8000    0.0000    0.0000   -0.0309   -0.1353    0.0473    0.0412   -0.0953   -0.5795  0.7920E+03  0.5083E+03 -0.2976E-13 -0.9555E-14  0.2552E-01  0.5649E-01  0.2546E+00  0.2322E+00  0.4941E+02  0.0000E+00
 1703.3148  1  1    0.9999    0.8000    0.0000    0.0000   -0.0308   -0.1352    0.0473    0.0412   -0.0951   -0.5794  0.7909E+03  0.5078E+03 -0.2976E-13 -0.9563E-14  0.2551E-01  0.5648E-01  0.2547E+00  0.2322E+00  0.4941E+02  0.0000E+00
 1712.8306  1  1    0.9999    0.8000    0.0000    0.0000   -0.0307   -0.1352    0.0473    0.0412   -0.0948   -0.5793  0.7899E+03  0.5072E+03 -0.2976E-13 -0.9563E-14  0.2550E-01  0.5648E-01  0.2548E+00  0.2322E+00  0.4941E+02  0.0000E+00
 1722.3463  1  1    0.9999    0.8000    0.0000    0.0000   -0.0306   -0.1352    0.0473    0.0412   -0.0945   -0.5791  0.7889E+03  0.5067E+03 -0.2984E-13 -0.9563E-14  0.2548E-01  0.5648E-01  0.2549E+00  0.2323E+00  0.4941E+02  0.0000E+00
 1731.8621  1  1    0.9999    0.8000    0.0000    0.0000   -0.0305   -0.1352    0.0474    0.0412   -0.0942   -0.5790  0.7879E+03  0.5062E+03 -0.2992E-13 -0.9563E-14  0.2547E-01  0.5648E-01  0.2550E+00  0.2323E+00  0.4941E+02  0.0000E+00
 1741.3778  1  1    0.9999    0.8000    0.0000    0.0000   -0.0304   -0.1351    0.0474    0.0412   -0.0939   -0.5789  0.7869E+03  0.5056E+03 -0.2993E-13 -0.9563E-14  0.2546E-01  0.5647E-01  0.2551E+00  0.2323E+00  0.4941E+02  0.0000E+00
 1750.8936  1  1    0.9999    0.8000    0.0000    0.0000   -0.0303   -0.1351    0.0474    0.0412   -0.0937   -0.5788  0.7859E+03  0.5051E+03 -0.2993E-13 -0.9563E-14  0.2544E-01  0.5647E-01  0.2553E+00  0.2323E+00  0.4941E+02  0.0000E+00
 1760.4092  1  1    0.9999    0.8000    0.0000    0.0000   -0.0302   -0.1351    0.0474    0.0412   -0.0934   -0.5786  0.7850E+03  0.5046E+03 -0.2993E-13 -0.9563E-14  0.2543E-01  0.5647E-01  0.2554E+00  0.2324E+00  0.4941E+02  0.0000E+00
 1769.9249  1  1    0.9999    0.8000    0.0000    0.0000   -0.0301   -0.1351    0.0474    0.0412   -0.0931   -0.5785  0.7840E+03  0.5041E+03 -0.2996E-13 -0.9565E-14  0.2541E-01  0.5646E-01  0.2555E+00  0.2324E+00  0.4941E+02  0.0000E+00
 1779.4407  1  1    0.9999    0.8000    0.0000    0.0000   -0.0300   -0.1350    0.0474    0.0412   -0.0928   -0.5784  0.7830E+03  0.5035E+03 -0.3003E-13 -0.9569E-14  0.2540E-01  0.5646E-01  0.2556E+00  0.2324E+00  0.4941E+02  0.0000E+00
 1788.9564  1  1    0.9999    0.8000    0.0000    0.0000   -0.0299   -0.1350    0.0474    0.0412   -0.0925   -0.5783  0.7820E+03  0.5030E+03 -0.3006E-13 -0.9573E-14  0.2539E-01  0.5646E-01  0.2557E+00  0.2325E+00  0.4941E+02  0.0000E+00
 1798.4722  1  1    0.9999    0.8000    0.0000    0.0000   -0.0298   -0.1350    0.0474    0.0412   -0.0922   -0.5781  0.7810E+03  0.5025E+03 -0.3006E-13 -0.9578E-14  0.2537E-01  0.5646E-01  0.2559E+00  0.2325E+00  0.4941E+02  0.0000E+00
 1807.9879  1  1    0.9999    0.8000    0.0000    0.0000   -0.0297   -0.1349    0.0474    0.0412   -0.0920   -0.5780  0.7800E+03  0.5020E+03 -0.3006E-13 -0.9582E-14  0.2536E-01  0.5645E-01  0.2560E+00  0.2325E+00  0.4941E+02  0.0000E+00
 1817.5035  1  1    0.9999    0.8000    0.0000    0.0000   -0.0296   -0.1349    0.0475    0.0412   -0.0917   -0.5779  0.7791E+03  0.5015E+03 -0.3006E-13 -0.9583E-14  0.2535E-01  0.5645E-01  0.2561E+00  0.2325E+00  0.4941E+02  0.0000E+00
 1827.0193  1  1    0.9999    0.8000    0.0000    0.0000   -0.0295   -0.1349    0.0475    0.0412   -0.0914   -0.5777  0.7781E+03  0.5009E+03 -0.3013E-13 -0.9588E-14  0.2533E-01  0.5645E-01  0.2562E+00  0.2326E+00  0.4941E+02  0.0000E+00
 1836.5350  1  1    0.9999    0.8000    0.0000    0.0000   -0.0294   -0.1349    0.0475    0.0412   -0.0911   -0.5776  0.7771E+03  0.5004E+03 -0.3020E-13 -0.9595E-14  0.2532E-01  0.5645E-01  0.2563E+00  0.2326E+00  0.4941E+02  0.0000E+00
 1846.0508  1  1    0.9999    0.8000    0.0000    0.0000   -0.0293   -0.1348    0.0475    0.0412   -0.0908   -0.5775  0.7761E+03  0.4999E+03 -0.3020E-13 -0.9601E-14  0.2530E-01  0.5644E-01  0.2564E+00  0.2326E+00  0.4941E+02  0.0000E+00
 1855.5665  1  1    0.9999    0.8000    0.0000    0.0000   -0.0293   -0.1348    0.0475    0.0412   -0.0906   -0.5774  0.7752E+03  0.4994E+03 -0.3020E-13 -0.9608E-14  0.2529E-01  0.5644E-01  0.2566E+00  0.2326E+00  0.4941E+02  0.0000E+00
 1865.0823  1  1    0.9999    0.8000    0.0000    0.0000   -0.0292   -0.1348    0.0475    0.0412   -0.0903   -0.5772  0.7742E+03  0.4989E+03 -0.3020E-13 -0.9615E-14  0.2528E-01  0.5644E-01  0.2567E+00  0.2327E+00  0.4941E+02  0.0000E+00
 1874.5979  1  1    0.9999    0.8000    0.0000    0.0000   -0.0291   -0.1348    0.0475    0.0412   -0.0900   -0.5771  0.7733E+03  0.4984E+03 -0.3022E-13 -0.9617E-14  0.2526E-01  0.5643E-01  0.2568E+00  0.2327E+00  0.4941E+02  0.0000E+00
 1884.1136  1  1    0.9999    0.8000    0.0000    0.0000   -0.0290   -0.1347    0.0475    0.0413   -0.0897   -0.5770  0.7723E+03  0.4979E+03 -0.3030E-13 -0.9617E-14  0.2525E-01  0.5643E-01  0.2569E+00  0.2327E+00  0.4941E+02  0.0000E+00
 1893.6294  1  1    0.9999    0.8000    0.0000    0.0000   -0.0289   -0.1347    0.0475    0.0413   -0.0894   -0.5769  0.7713E+03  0.4974E+03 -0.3035E-13 -0.9616E-14  0.2523E-01  0.5643E-01  0.2570E+00  0.2328E+00  0.4941E+02  0.0000E+00
 1903.1451  1  1    0.9999    0.8000    0.0000    0.0000   -0.0288   -0.1347    0.0475    0.0413   -0.0891   -0.5767  0.7704E+03  0.4969E+03 -0.3035E-13 -0.9616E-14  0.2522E-01  0.5643E-01  0.2572E+00  0.2328E+00  0.4941E+02  0.0000E+00
 1912.6609  1  1    0.9999    0.8000    0.0000    0.0000   -0.0287   -0.1346    0.0476    0.0413   -0.0889   -0.5766  0.7694E+03  0.4964E+03 -0.3035E-13 -0.9616E-14  0.2520E-01  0.5642E-01  0.2573E+00  0.2328E+00  0.4941E+02  0.0000E+00
 1922.1765  1  1    0.9999    0.8000    0.0000    0.0000   -0.0286   -0.1346    0.0476    0.0413   -0.0886   -0.5765  0.7685E+03  0.4959E+03 -0.3035E-13 -0.9616E-14  0.2519E-01  0.5642E-01  0.2574E+00  0.2328E+00  0.4941E+02  0.0000E+00
 1931.6923  1  1    0.9999    0.8000    0.0000    0.0000   -0.0285   -0.1346    0.0476    0.0413   -0.0883   -0.5764  0.7675E+03  0.4954E+03 -0.3038E-13 -0.9616E-14  0.2518E-01  0.5642E-01  0.2575E+00  0.2329E+00  0.4941E+02  0.0000E+00
 1941.2080  1  1    0.9999    0.8000    0.0000    0.0000   -0.0284   -0.1346    0.0476    0.0413   -0.0880   -0.5762  0.7666E+03  0.4949E+03 -0.3046E-13 -0.9619E-14  0.2516E-01  0.5641E-01  0.2576E+00  0.2329E+00  0.4941E+02  0.0000E+00
 1950.7238  1  1    0.9999    0.8000    0.0000    0.0000   -0.0283   -0.1345    0.0476    0.0413   -0.0877   -0.5761  0.7657E+03  0.4944E+03 -0.3050E-13 -0.9627E-14  0.2515E-01  0.5641E-01  0.2578E+00  0.2329E+00  0.4941E+02  0.0000E+00
 1960.2395  1  1    0.9999    0.8000    0.0000    0.0000   -0.0282   -0.1345    0.0476    0.0413   -0.0874   -0.5760  0.7647E+03  0.4939E+03 -0.3050E-13 -0.9636E-14  0.2513E-01  0.5641E-01  0.2579E+00  0.2330E+00  0.4941E+02  0.0000E+00
 1969.7552  1  1    0.9999    0.8000    0.0000    0.0000   -0.0281   -0.1345    0.0476    0.0413   -0.0872   -0.5759  0.7638E+03  0.4934E+03 -0.3050E-13 -0.9644E-14  0.2512E-01  0.5641E-01  0.2580E+00  0.2330E+00  0.4941E+02  0.0000E+00
 1979.2709  1  1    0.9999    0.8000    0.0000    0.0000   -0.0280   -0.1345    0.0476    0.0413   -0.0869   -0.5757  0.7629E+03  0.4929E+03 -0.3050E-13 -0.9653E-14  0.2510E-01  0.5640E-01  0.2581E+00  0.2330E+00  0.4941E+02  0.0000E+00
 1988.7866  1  1    0.9999    0.8000    0.0000    0.0000   -0.0279   -0.1344    0.0476    0.0413   -0.0866   -0.5756  0.7619E+03  0.4924E+03 -0.3054E-13 -0.9658E-14  0.2509E-01  0.5640E-01  0.2582E+00  0.2330E+00  0.4941E+02  0.0000E+00
 1998.3024  1  1    0.9999    0.8000    0.0000    0.0000   -0.0278   -0.1344    0.0477    0.0413   -0.0863   -0.5755  0.7610E+03  0.4919E+03 -0.3063E-13 -0.9658E-14  0.2507E-01  0.5640E-01  0.2584E+00  0.2331E+00  0.4941E+02  0.0000E+00
 2007.8181  1  1    0.9999    0.8000    0.0000    0.0000   -0.0277   -0.1344    0.0477    0.0413   -0.0860   -0.5754  0.7601E+03  0.4914E+03 -0.3068E-13 -0.9660E-14  0.2506E-01  0.5639E-01  0.2585E+00  0.2331E+00  0.4941E+02  0.0000E+00
 2017.3339  1  1    0.9999    0.8000    0.0000    0.0000   -0.0276   -0.1343    0.0477    0.0413   -0.0857   -0.5752  0.7591E+03  0.4909E+03 -0.3068E-13 -0.9662E-14  0.2504E-01  0.5639E-01  0.2586E+00  0.2331E+00  0.4941E+02  0.0000E+00
 2026.8496  1  1    0.9999    0.8000    0.0000    0.0000   -0.0275   -0.1343    0.0477    0.0413   -0.0854   -0.5751  0.7582E+03  0.4904E+03 -0.3068E-13 -0.9665E-14  0.2503E-01  0.5639E-01  0.2587E+00  0.2332E+00  0.4941E+02  0.0000E+00
 2036.3652  1  1    0.9999    0.8000    0.0000    0.0000   -0.0274   -0.1343    0.0477    0.0413   -0.0852   -0.5750  0.7573E+03  0.4900E+03 -0.3068E-13 -0.9667E-14  0.2501E-01  0.5638E-01  0.2588E+00  0.2332E+00  0.4941E+02  0.0000E+00
 2045.8810  1  1    0.9999    0.8000    0.0000    0.0000   -0.0273   -0.1343    0.0477    0.0413   -0.0849   -0.5749  0.7564E+03  0.4895E+03 -0.3071E-13 -0.9670E-14  0.2500E-01  0.5638E-01  0.2588E+00  0.2332E+00  0.4941E+02  0.0000E+00
 2055.3967  1  1    0.9999    0.8000    0.0000    0.0000   -0.0272   -0.1342    0.0477    0.0413   -0.0846   -0.5747  0.7555E+03  0.4890E+03 -0.3079E-13 -0.9670E-14  0.2499E-01  0.5638E-01  0.2585E+00  0.2332E+00  0.4941E+02  0.0000E+00
 2064.9124  1  1    0.9999    0.8000    0.0000    0.0000   -0.0271   -0.1342    0.0477    0.0413   -0.0843   -0.5746  0.7546E+03  0.4885E+03 -0.3086E-13 -0.9670E-14  0.2497E-01  0.5638E-01  0.2582E+00  0.2333E+00  0.4941E+02  0.0000E+00
 2074.4282  1  1    0.9999    0.8000    0.0000    0.0000   -0.0270   -0.1342    0.0477    0.0413   -0.0840   -0.5745  0.7536E+03  0.4880E+03 -0.3086E-13 -0.9674E-14  0.2496E-01  0.5637E-01  0.2579E+00  0.2333E+00  0.4941E+02  0.0000E+00
 2083.9438  1  1    0.9999    0.8000    0.0000    0.0000   -0.0269   -0.1342    0.0478    0.0413   -0.0837   -0.5743  0.7527E+03  0.4875E+03 -0.3086E-13 -0.9678E-14  0.2494E-01  0.5637E-01  0.2575E+00  0.2333E+00  0.4941E+02  0.0000E+00
 2093.4597  1  1    0.9999    0.8000    0.0000    0.0000   -0.0268   -0.1341    0.0478    0.0413   -0.0834   -0.5742  0.7518E+03  0.4871E+03 -0.3086E-13 -0.9682E-14  0.2493E-01  0.5637E-01  0.2572E+00  0.2333E+00  0.4941E+02  0.0000E+00
 2102.9753  1  1    0.9999    0.8000    0.0000    0.0000   -0.0267   -0.1341    0.0478    0.0413   -0.0832   -0.5741  0.7509E+03  0.4866E+03 -0.3086E-13 -0.9686E-14  0.2492E-01  0.5636E-01  0.2569E+00  0.2333E+00  0.4941E+02  0.0000E+00
 2112.4910  1  1    0.9999    0.8000    0.0000    0.0000   -0.0266   -0.1341    0.0478    0.0413   -0.0829   -0.5740  0.7500E+03  0.4861E+03 -0.3094E-13 -0.9689E-14  0.2490E-01  0.5636E-01  0.2569E+00  0.2333E+00  0.4941E+02  0.0000E+00
 2122.0068  1  1    0.9999    0.8000    0.0000    0.0000   -0.0265   -0.1341    0.0478    0.0413   -0.0826   -0.5738  0.7491E+03  0.4856E+03 -0.3103E-13 -0.9689E-14  0.2489E-01  0.5636E-01  0.2570E+00  0.2333E+00  0.4941E+02  0.0000E+00
 2131.5225  1  1    0.9999    0.8000    0.0000    0.0000   -0.0264   -0.1340    0.0478    0.0413   -0.0823   -0.5737  0.7482E+03  0.4852E+03 -0.3103E-13 -0.9691E-14  0.2488E-01  0.5636E-01  0.2570E+00  0.2333E+00  0.4941E+02  0.0000E+00
 2141.0383  1  1    0.9999    0.8000    0.0000    0.0000   -0.0263   -0.1340    0.0478    0.0413   -0.0820   -0.5736  0.7473E+03  0.4847E+03 -0.3103E-13 -0.9698E-14  0.2486E-01  0.5635E-01  0.2571E+00  0.2333E+00  0.4941E+02  0.0000E+00
 2150.5540  1  1    0.9999    0.8000    0.0000    0.0000   -0.0262   -0.1340    0.0478    0.0413   -0.0817   -0.5735  0.7465E+03  0.4842E+03 -0.3103E-13 -0.9705E-14  0.2485E-01  0.5635E-01  0.2571E+00  0.2332E+00  0.4941E+02  0.0000E+00
 2160.0698  1  1    0.9999    0.8000    0.0000    0.0000   -0.0261   -0.1339    0.0478    0.0413   -0.0814   -0.5733  0.7456E+03  0.4838E+03 -0.3103E-13 -0.9712E-14  0.2484E-01  0.5635E-01  0.2572E+00  0.2332E+00  0.4941E+02  0.0000E+00
 2169.5854  1  1    0.9999    0.8000    0.0000    0.0000   -0.0260   -0.1339    0.0479    0.0413   -0.0811   -0.5732  0.7447E+03  0.4833E+03 -0.3107E-13 -0.9719E-14  0.2482E-01  0.5634E-01  0.2572E+00  0.2331E+00  0.4941E+02  0.0000E+00
 2179.1011  1  1    0.9999    0.8000    0.0000    0.0000   -0.0259   -0.1339    0.0479    0.0413   -0.0809   -0.5731  0.7438E+03  0.4828E+03 -0.3116E-13 -0.9724E-14  0.2481E-01  0.5634E-01  0.2574E+00  0.2331E+00  0.4941E+02  0.0000E+00
 2188.6169  1  1    0.9999    0.8000    0.0000    0.0000   -0.0258   -0.1339    0.0479    0.0413   -0.0806   -0.5730  0.7429E+03  0.4824E+03 -0.3121E-13 -0.9724E-14  0.2480E-01  0.5634E-01  0.2575E+00  0.2330E+00  0.4941E+02  0.0000E+00
 2198.1326  1  1    0.9999    0.8000    0.0000    0.0000   -0.0257   -0.1338    0.0479    0.0413   -0.0803   -0.5728  0.7420E+03  0.4819E+03 -0.3121E-13 -0.9724E-14  0.2478E-01  0.5633E-01  0.2576E+00  0.2329E+00  0.4941E+02  0.0000E+00
 2207.6484  1  1    0.9999    0.8000    0.0000    0.0000   -0.0256   -0.1338    0.0479    0.0413   -0.0800   -0.5727  0.7411E+03  0.4814E+03 -0.3121E-13 -0.9725E-14  0.2477E-01  0.5633E-01  0.2577E+00  0.2329E+00  0.4941E+02  0.0000E+00
 2217.1641  1  1    0.9999    0.8000    0.0000    0.0000   -0.0255   -0.1338    0.0479    0.0413   -0.0797   -0.5726  0.7403E+03  0.4810E+03 -0.3121E-13 -0.9726E-14  0.2476E-01  0.5633E-01  0.2579E+00  0.2328E+00  0.4941E+02  0.0000E+00
 2226.6797  1  1    0.9999    0.8000    0.0000    0.0000   -0.0254   -0.1338    0.0479    0.0413   -0.0794   -0.5725  0.7394E+03  0.4805E+03 -0.3121E-13 -0.9727E-14  0.2475E-01  0.5633E-01  0.2580E+00  0.2328E+00  0.4941E+02  0.0000E+00
 2236.1956  1  1    0.9999    0.8000    0.0000    0.0000   -0.0253   -0.1337    0.0479    0.0413   -0.0791   -0.5723  0.7385E+03  0.4801E+03 -0.3128E-13 -0.9728E-14  0.2473E-01  0.5632E-01  0.2581E+00  0.2327E+00  0.4941E+02  0.0000E+00
 2245.7112  1  1    0.9999    0.8000    0.0000    0.0000   -0.0252   -0.1337    0.0479    0.0413   -0.0788   -0.5722  0.7377E+03  0.4796E+03 -0.3137E-13 -0.9729E-14  0.2472E-01  0.5632E-01  0.2582E+00  0.2327E+00  0.4941E+02  0.0000E+00
 2255.2271  1  1    0.9999    0.8000    0.0000    0.0000   -0.0251   -0.1337    0.0480    0.0413   -0.0785   -0.5721  0.7368E+03  0.4791E+03 -0.3140E-13 -0.9728E-14  0.2471E-01  0.5632E-01  0.2584E+00  0.2326E+00  0.4941E+02  0.0000E+00
 2264.7427  1  1    0.9999    0.8000    0.0000    0.0000   -0.0250   -0.1337    0.0480    0.0414   -0.0782   -0.5720  0.7359E+03  0.4787E+03 -0.3140E-13 -0.9729E-14  0.2469E-01  0.5631E-01  0.2585E+00  0.2326E+00  0.4941E+02  0.0000E+00
 2274.2583  1  1    0.9999    0.8000    0.0000    0.0000   -0.0248   -0.1336    0.0480    0.0414   -0.0780   -0.5718  0.7350E+03  0.4782E+03 -0.3140E-13 -0.9739E-14  0.2468E-01  0.5631E-01  0.2586E+00  0.2325E+00  0.4941E+02  0.0000E+00
 2283.7742  1  1    0.9999    0.8000    0.0000    0.0000   -0.0247   -0.1336    0.0480    0.0414   -0.0777   -0.5717  0.7342E+03  0.4778E+03 -0.3140E-13 -0.9749E-14  0.2466E-01  0.5631E-01  0.2587E+00  0.2325E+00  0.4941E+02  0.0000E+00
 2293.2898  1  1    0.9999    0.8000    0.0000    0.0000   -0.0246   -0.1336    0.0480    0.0414   -0.0774   -0.5716  0.7333E+03  0.4773E+03 -0.3140E-13 -0.9759E-14  0.2465E-01  0.5631E-01  0.2588E+00  0.2325E+00  0.4941E+02  0.0000E+00
 2302.8057  1  1    0.9999    0.8000    0.0000    0.0000   -0.0245   -0.1335    0.0480    0.0414   -0.0771   -0.5715  0.7325E+03  0.4769E+03 -0.3148E-13 -0.9769E-14  0.2464E-01  0.5630E-01  0.2590E+00  0.2326E+00  0.4941E+02  0.0000E+00
 2312.3213  1  1    0.9999    0.8000    0.0000    0.0000   -0.0244   -0.1335    0.0480    0.0414   -0.0768   -0.5713  0.7316E+03  0.4764E+03 -0.3158E-13 -0.9778E-14  0.2462E-01  0.5630E-01  0.2591E+00  0.2326E+00  0.4941E+02  0.0000E+00
 2321.8372  1  1    0.9999    0.8000    0.0000    0.0000   -0.0243   -0.1335    0.0480    0.0414   -0.0765   -0.5712  0.7308E+03  0.4760E+03 -0.3160E-13 -0.9778E-14  0.2461E-01  0.5630E-01  0.2592E+00  0.2326E+00  0.4941E+02  0.0000E+00
 2331.3528  1  1    0.9999    0.8000    0.0000    0.0000   -0.0242   -0.1335    0.0480    0.0414   -0.0762   -0.5711  0.7299E+03  0.4755E+03 -0.3160E-13 -0.9778E-14  0.2460E-01  0.5629E-01  0.2593E+00  0.2327E+00  0.4941E+02  0.0000E+00
 2340.8684  1  1    0.9999    0.8000    0.0000    0.0000   -0.0241   -0.1334    0.0481    0.0414   -0.0759   -0.5709  0.7291E+03  0.4751E+03 -0.3160E-13 -0.9778E-14  0.2458E-01  0.5629E-01  0.2595E+00  0.2327E+00  0.4941E+02  0.0000E+00
 2350.3843  1  1    0.9999    0.8000    0.0000    0.0000   -0.0240   -0.1334    0.0481    0.0414   -0.0756   -0.5708  0.7282E+03  0.4746E+03 -0.3160E-13 -0.9778E-14  0.2457E-01  0.5629E-01  0.2596E+00  0.2327E+00  0.4941E+02  0.0000E+00
 2359.8999  1  1    0.9999    0.8000    0.0000    0.0000   -0.0239   -0.1334    0.0481    0.0414   -0.0753   -0.5707  0.7274E+03  0.4742E+03 -0.3160E-13 -0.9778E-14  0.2455E-01  0.5629E-01  0.2597E+00  0.2327E+00  0.4941E+02  0.0000E+00
 2369.4158  1  1    0.9999    0.8000    0.0000    0.0000   -0.0238   -0.1334    0.0481    0.0414   -0.0751   -0.5706  0.7265E+03  0.4738E+03 -0.3167E-13 -0.9778E-14  0.2454E-01  0.5628E-01  0.2598E+00  0.2328E+00  0.4941E+02  0.0000E+00
 2378.9314  1  1    0.9999    0.8000    0.0000    0.0000   -0.0237   -0.1333    0.0481    0.0414   -0.0748   -0.5704  0.7257E+03  0.4733E+03 -0.3177E-13 -0.9778E-14  0.2453E-01  0.5628E-01  0.2600E+00  0.2328E+00  0.4941E+02  0.0000E+00
 2388.4470  1  1    0.9999    0.8000    0.0000    0.0000   -0.0236   -0.1333    0.0481    0.0414   -0.0745   -0.5703  0.7248E+03  0.4729E+03 -0.3181E-13 -0.9778E-14  0.2451E-01  0.5628E-01  0.2601E+00  0.2328E+00  0.4941E+02  0.0000E+00
 2397.9629  1  1    0.9999    0.8000    0.0000    0.0000   -0.0235   -0.1333    0.0481    0.0414   -0.0742   -0.5702  0.7240E+03  0.4724E+03 -0.3181E-13 -0.9777E-14  0.2450E-01  0.5627E-01  0.2602E+00  0.2328E+00  0.4941E+02  0.0000E+00
 2407.4785  1  1    0.9999    0.8000    0.0000    0.0000   -0.0234   -0.1332    0.0481    0.0414   -0.0739   -0.5701  0.7231E+03  0.4720E+03 -0.3181E-13 -0.9777E-14  0.2448E-01  0.5627E-01  0.2603E+00  0.2329E+00  0.4941E+02  0.0000E+00
 2416.9944  1  1    0.9999    0.8000    0.0000    0.0000   -0.0233   -0.1332    0.0481    0.0414   -0.0736   -0.5699  0.7223E+03  0.4716E+03 -0.3181E-13 -0.9786E-14  0.2447E-01  0.5627E-01  0.2605E+00  0.2329E+00  0.4941E+02  0.0000E+00
 2426.5100  1  1    0.9999    0.8000    0.0000    0.0000   -0.0232   -0.1332    0.0482    0.0414   -0.0733   -0.5698  0.7215E+03  0.4711E+03 -0.3181E-13 -0.9797E-14  0.2446E-01  0.5626E-01  0.2606E+00  0.2329E+00  0.4941E+02  0.0000E+00
 2436.0256  1  1    0.9999    0.8000    0.0000    0.0000   -0.0231   -0.1332    0.0482    0.0414   -0.0730   -0.5697  0.7206E+03  0.4707E+03 -0.3184E-13 -0.9808E-14  0.2444E-01  0.5626E-01  0.2607E+00  0.2330E+00  0.4941E+02  0.0000E+00
 2445.5415  1  1    0.9999    0.8000    0.0000    0.0000   -0.0230   -0.1331    0.0482    0.0414   -0.0727   -0.5696  0.7198E+03  0.4703E+03 -0.3195E-13 -0.9819E-14  0.2443E-01  0.5626E-01  0.2608E+00  0.2330E+00  0.4941E+02  0.0000E+00
 2455.0571  1  1    0.9999    0.8000    0.0000    0.0000   -0.0229   -0.1331    0.0482    0.0414   -0.0724   -0.5694  0.7190E+03  0.4698E+03 -0.3202E-13 -0.9829E-14  0.2441E-01  0.5626E-01  0.2610E+00  0.2330E+00  0.4941E+02  0.0000E+00
 2464.5730  1  1    0.9999    0.8000    0.0000    0.0000   -0.0228   -0.1331    0.0482    0.0414   -0.0721   -0.5693  0.7182E+03  0.4694E+03 -0.3202E-13 -0.9831E-14  0.2440E-01  0.5625E-01  0.2611E+00  0.2330E+00  0.4941E+02  0.0000E+00
 2474.0886  1  1    0.9999    0.8000    0.0000    0.0000   -0.0227   -0.1331    0.0482    0.0414   -0.0718   -0.5692  0.7173E+03  0.4690E+03 -0.3202E-13 -0.9831E-14  0.2438E-01  0.5625E-01  0.2612E+00  0.2331E+00  0.4941E+02  0.0000E+00
 2483.6045  1  1    0.9999    0.8000    0.0000    0.0000   -0.0226   -0.1330    0.0482    0.0414   -0.0715   -0.5691  0.7165E+03  0.4685E+03 -0.3202E-13 -0.9831E-14  0.2437E-01  0.5625E-01  0.2613E+00  0.2331E+00  0.4941E+02  0.0000E+00
 2493.1201  1  1    0.9999    0.8000    0.0000    0.0000   -0.0225   -0.1330    0.0482    0.0414   -0.0712   -0.5689  0.7157E+03  0.4681E+03 -0.3202E-13 -0.9831E-14  0.2436E-01  0.5624E-01  0.2615E+00  0.2331E+00  0.4941E+02  0.0000E+00
 2502.6357  1  1    0.9999    0.8000    0.0000    0.0000   -0.0224   -0.1330    0.0483    0.0414   -0.0710   -0.5688  0.7149E+03  0.4677E+03 -0.3202E-13 -0.9832E-14  0.2434E-01  0.5624E-01  0.2616E+00  0.2332E+00  0.4941E+02  0.0000E+00
 2512.1516  1  1    0.9999    0.8000    0.0000    0.0000   -0.0223   -0.1330    0.0483    0.0414   -0.0707   -0.5687  0.7141E+03  0.4673E+03 -0.3212E-13 -0.9832E-14  0.2433E-01  0.5624E-01  0.2617E+00  0.2332E+00  0.4941E+02  0.0000E+00
 2521.6672  1  1    0.9999    0.8000    0.0000    0.0000   -0.0221   -0.1329    0.0483    0.0414   -0.0704   -0.5685  0.7132E+03  0.4668E+03 -0.3224E-13 -0.9832E-14  0.2431E-01  0.5623E-01  0.2618E+00  0.2332E+00  0.4941E+02  0.0000E+00
 2531.1831  1  1    0.9999    0.8000    0.0000    0.0000   -0.0220   -0.1329    0.0483    0.0414   -0.0701   -0.5684  0.7124E+03  0.4664E+03 -0.3226E-13 -0.9832E-14  0.2430E-01  0.5623E-01  0.2618E+00  0.2333E+00  0.4941E+02  0.0000E+00
 2540.6987  1  1    0.9999    0.8000    0.0000    0.0000   -0.0219   -0.1329    0.0483    0.0414   -0.0698   -0.5683  0.7116E+03  0.4660E+03 -0.3226E-13 -0.9832E-14  0.2428E-01  0.5623E-01  0.2619E+00  0.2333E+00  0.4941E+02  0.0000E+00
 2550.2144  1  1    0.9999    0.8000    0.0000    0.0000   -0.0218   -0.1328    0.0483    0.0414   -0.0695   -0.5682  0.7108E+03  0.4656E+03 -0.3226E-13 -0.9832E-14  0.2427E-01  0.5622E-01  0.2620E+00  0.2333E+00  0.4941E+02  0.0000E+00
 2559.7302  1  1    0.9999    0.8000    0.0000    0.0000   -0.0217   -0.1328    0.0483    0.0414   -0.0692   -0.5680  0.7100E+03  0.4651E+03 -0.3226E-13 -0.9832E-14  0.2425E-01  0.5622E-01  0.2620E+00  0.2333E+00  0.4941E+02  0.0000E+00
 2569.2458  1  1    0.9999    0.8000    0.0000    0.0000   -0.0216   -0.1328    0.0483    0.0414   -0.0689   -0.5679  0.7092E+03  0.4647E+03 -0.3226E-13 -0.9839E-14  0.2424E-01  0.5622E-01  0.2621E+00  0.2334E+00  0.4941E+02  0.0000E+00
 2578.7617  1  1    0.9999    0.8000    0.0000    0.0000   -0.0215   -0.1328    0.0483    0.0414   -0.0686   -0.5678  0.7084E+03  0.4643E+03 -0.3227E-13 -0.9850E-14  0.2422E-01  0.5622E-01  0.2621E+00  0.2334E+00  0.4941E+02  0.0000E+00
 2588.2773  1  1    0.9999    0.8000    0.0000    0.0000   -0.0214   -0.1327    0.0484    0.0414   -0.0683   -0.5677  0.7076E+03  0.4639E+03 -0.3239E-13 -0.9861E-14  0.2421E-01  0.5621E-01  0.2619E+00  0.2334E+00  0.4941E+02  0.0000E+00
 2597.7930  1  1    0.9999    0.8000    0.0000    0.0000   -0.0213   -0.1327    0.0484    0.0414   -0.0680   -0.5675  0.7068E+03  0.4635E+03 -0.3250E-13 -0.9872E-14  0.2420E-01  0.5621E-01  0.2617E+00  0.2335E+00  0.4941E+02  0.0000E+00
 2607.3088  1  1    0.9999    0.8000    0.0000    0.0000   -0.0212   -0.1327    0.0484    0.0414   -0.0677   -0.5674  0.7060E+03  0.4630E+03 -0.3250E-13 -0.9883E-14  0.2418E-01  0.5621E-01  0.2614E+00  0.2335E+00  0.4941E+02  0.0000E+00
 2616.8245  1  1    0.9999    0.8000    0.0000    0.0000   -0.0211   -0.1327    0.0484    0.0414   -0.0674   -0.5673  0.7052E+03  0.4626E+03 -0.3250E-13 -0.9886E-14  0.2417E-01  0.5620E-01  0.2612E+00  0.2335E+00  0.4941E+02  0.0000E+00
 2626.3403  1  1    0.9999    0.8000    0.0000    0.0000   -0.0210   -0.1326    0.0484    0.0414   -0.0671   -0.5672  0.7044E+03  0.4622E+03 -0.3250E-13 -0.9886E-14  0.2415E-01  0.5620E-01  0.2610E+00  0.2335E+00  0.4941E+02  0.0000E+00
 2635.8560  1  1    0.9999    0.8000    0.0000    0.0000   -0.0209   -0.1326    0.0484    0.0415   -0.0668   -0.5670  0.7036E+03  0.4618E+03 -0.3250E-13 -0.9886E-14  0.2414E-01  0.5620E-01  0.2607E+00  0.2336E+00  0.4941E+02  0.0000E+00
 2645.3718  1  1    0.9999    0.8000    0.0000    0.0000   -0.0208   -0.1326    0.0484    0.0415   -0.0665   -0.5669  0.7028E+03  0.4614E+03 -0.3250E-13 -0.9887E-14  0.2413E-01  0.5619E-01  0.2605E+00  0.2336E+00  0.4941E+02  0.0000E+00
 2654.8875  1  1    0.9999    0.8000    0.0000    0.0000   -0.0207   -0.1325    0.0484    0.0415   -0.0662   -0.5668  0.7020E+03  0.4610E+03 -0.3251E-13 -0.9888E-14  0.2411E-01  0.5619E-01  0.2603E+00  0.2336E+00  0.4941E+02  0.0000E+00
 2664.4031  1  1    0.9999    0.8000    0.0000    0.0000   -0.0206   -0.1325    0.0485    0.0415   -0.0659   -0.5666  0.7012E+03  0.4606E+03 -0.3263E-13 -0.9889E-14  0.2410E-01  0.5619E-01  0.2604E+00  0.2337E+00  0.4941E+02  0.0000E+00
 2673.9189  1  1    0.9999    0.8000    0.0000    0.0000   -0.0204   -0.1325    0.0485    0.0415   -0.0656   -0.5665  0.7004E+03  0.4602E+03 -0.3274E-13 -0.9890E-14  0.2409E-01  0.5618E-01  0.2606E+00  0.2337E+00  0.4941E+02  0.0000E+00
 2683.4346  1  1    0.9999    0.8000    0.0000    0.0000   -0.0203   -0.1325    0.0485    0.0415   -0.0653   -0.5664  0.6996E+03  0.4598E+03 -0.3274E-13 -0.9891E-14  0.2407E-01  0.5618E-01  0.2607E+00  0.2337E+00  0.4941E+02  0.0000E+00
 2692.9504  1  1    0.9999    0.8000    0.0000    0.0000   -0.0202   -0.1324    0.0485    0.0415   -0.0650   -0.5663  0.6988E+03  0.4593E+03 -0.3274E-13 -0.9893E-14  0.2406E-01  0.5618E-01  0.2608E+00  0.2337E+00  0.4941E+02  0.0000E+00
 2702.4661  1  1    0.9999    0.8000    0.0000    0.0000   -0.0201   -0.1324    0.0485    0.0415   -0.0647   -0.5661  0.6981E+03  0.4589E+03 -0.3274E-13 -0.9893E-14  0.2405E-01  0.5617E-01  0.2610E+00  0.2338E+00  0.4941E+02  0.0000E+00
 2711.9817  1  1    0.9999    0.8000    0.0000    0.0000   -0.0200   -0.1324    0.0485    0.0415   -0.0644   -0.5660  0.6973E+03  0.4585E+03 -0.3274E-13 -0.9892E-14  0.2404E-01  0.5617E-01  0.2611E+00  0.2338E+00  0.4941E+02  0.0000E+00
 2721.4976  1  1    0.9999    0.8000    0.0000    0.0000   -0.0199   -0.1324    0.0485    0.0415   -0.0641   -0.5659  0.6965E+03  0.4581E+03 -0.3274E-13 -0.9892E-14  0.2402E-01  0.5617E-01  0.2612E+00  0.2338E+00  0.4941E+02  0.0000E+00
 2731.0132  1  1    0.9999    0.8000    0.0000    0.0000   -0.0198   -0.1323    0.0485    0.0415   -0.0638   -0.5658  0.6957E+03  0.4577E+03 -0.3274E-13 -0.9898E-14  0.2401E-01  0.5617E-01  0.2613E+00  0.2339E+00  0.4941E+02  0.0000E+00
 2740.5291  1  1    0.9999    0.8000    0.0000    0.0000   -0.0197   -0.1323    0.0485    0.0415   -0.0635   -0.5656  0.6949E+03  0.4573E+03 -0.3285E-13 -0.9908E-14  0.2400E-01  0.5616E-01  0.2615E+00  0.2339E+00  0.4941E+02  0.0000E+00
 2750.0447  1  1    0.9999    0.8000    0.0000    0.0000   -0.0196   -0.1323    0.0486    0.0415   -0.0632   -0.5655  0.6942E+03  0.4569E+03 -0.3298E-13 -0.9918E-14  0.2398E-01  0.5616E-01  0.2616E+00  0.2339E+00  0.4941E+02  0.0000E+00
 2759.5603  1  1    0.9999    0.8000    0.0000    0.0000   -0.0195   -0.1323    0.0486    0.0415   -0.0629   -0.5654  0.6934E+03  0.4565E+03 -0.3298E-13 -0.9928E-14  0.2397E-01  0.5616E-01  0.2617E+00  0.2339E+00  0.4941E+02  0.0000E+00
 2769.0762  1  1    0.9999    0.8000    0.0000    0.0000   -0.0194   -0.1322    0.0486    0.0415   -0.0626   -0.5653  0.6926E+03  0.4561E+03 -0.3298E-13 -0.9938E-14  0.2396E-01  0.5615E-01  0.2619E+00  0.2340E+00  0.4941E+02  0.0000E+00
 2778.5918  1  1    0.9999    0.8000    0.0000    0.0000   -0.0193   -0.1322    0.0486    0.0415   -0.0623   -0.5651  0.6918E+03  0.4557E+03 -0.3298E-13 -0.9943E-14  0.2394E-01  0.5615E-01  0.2620E+00  0.2340E+00  0.4941E+02  0.0000E+00
 2788.1077  1  1    0.9999    0.8000    0.0000    0.0000   -0.0192   -0.1322    0.0486    0.0415   -0.0621   -0.5650  0.6911E+03  0.4553E+03 -0.3298E-13 -0.9943E-14  0.2393E-01  0.5615E-01  0.2621E+00  0.2340E+00  0.4941E+02  0.0000E+00
 2797.6233  1  1    0.9999    0.8000    0.0000    0.0000   -0.0190   -0.1321    0.0486    0.0415   -0.0618   -0.5649  0.6903E+03  0.4549E+03 -0.3298E-13 -0.9943E-14  0.2392E-01  0.5614E-01  0.2623E+00  0.2341E+00  0.4941E+02  0.0000E+00
 2807.1392  1  1    0.9999    0.8000    0.0000    0.0000   -0.0189   -0.1321    0.0486    0.0415   -0.0615   -0.5647  0.6895E+03  0.4545E+03 -0.3298E-13 -0.9942E-14  0.2390E-01  0.5614E-01  0.2624E+00  0.2341E+00  0.4941E+02  0.0000E+00
 2816.6548  1  1    0.9999    0.8000    0.0000    0.0000   -0.0188   -0.1321    0.0486    0.0415   -0.0612   -0.5646  0.6888E+03  0.4541E+03 -0.3305E-13 -0.9944E-14  0.2389E-01  0.5614E-01  0.2625E+00  0.2341E+00  0.4941E+02  0.0000E+00
 2826.1704  1  1    0.9999    0.8000    0.0000    0.0000   -0.0187   -0.1321    0.0487    0.0415   -0.0609   -0.5645  0.6880E+03  0.4537E+03 -0.3318E-13 -0.9948E-14  0.2388E-01  0.5613E-01  0.2627E+00  0.2341E+00  0.4941E+02  0.0000E+00
 2835.6863  1  1    0.9999    0.8000    0.0000    0.0000   -0.0186   -0.1320    0.0487    0.0415   -0.0606   -0.5644  0.6873E+03  0.4533E+03 -0.3324E-13 -0.9951E-14  0.2386E-01  0.5613E-01  0.2628E+00  0.2342E+00  0.4941E+02  0.0000E+00
 2845.2019  1  1    0.9999    0.8000    0.0000    0.0000   -0.0185   -0.1320    0.0487    0.0415   -0.0603   -0.5642  0.6865E+03  0.4530E+03 -0.3324E-13 -0.9955E-14  0.2385E-01  0.5613E-01  0.2629E+00  0.2342E+00  0.4941E+02  0.0000E+00
 2854.7178  1  1    0.9999    0.8000    0.0000    0.0000   -0.0184   -0.1320    0.0487    0.0415   -0.0599   -0.5641  0.6857E+03  0.4526E+03 -0.3324E-13 -0.9959E-14  0.2384E-01  0.5612E-01  0.2630E+00  0.2342E+00  0.4941E+02  0.0000E+00
 2864.2334  1  1    0.9999    0.8000    0.0000    0.0000   -0.0183   -0.1320    0.0487    0.0415   -0.0596   -0.5640  0.6850E+03  0.4522E+03 -0.3324E-13 -0.9960E-14  0.2382E-01  0.5612E-01  0.2632E+00  0.2343E+00  0.4941E+02  0.0000E+00
 2873.7490  1  1    0.9999    0.8000    0.0000    0.0000   -0.0182   -0.1319    0.0487    0.0415   -0.0593   -0.5639  0.6842E+03  0.4518E+03 -0.3324E-13 -0.9960E-14  0.2381E-01  0.5612E-01  0.2633E+00  0.2343E+00  0.4941E+02  0.0000E+00
 2883.2649  1  1    0.9999    0.8000    0.0000    0.0000   -0.0181   -0.1319    0.0487    0.0415   -0.0590   -0.5637  0.6835E+03  0.4514E+03 -0.3324E-13 -0.9960E-14  0.2379E-01  0.5611E-01  0.2634E+00  0.2343E+00  0.4941E+02  0.0000E+00
 2892.7805  1  1    0.9999    0.8000    0.0000    0.0000   -0.0180   -0.1319    0.0487    0.0415   -0.0587   -0.5636  0.6827E+03  0.4510E+03 -0.3324E-13 -0.9960E-14  0.2378E-01  0.5611E-01  0.2636E+00  0.2343E+00  0.4941E+02  0.0000E+00
 2902.2964  1  1    0.9999    0.8000    0.0000    0.0000   -0.0178   -0.1318    0.0488    0.0415   -0.0584   -0.5635  0.6820E+03  0.4506E+03 -0.3338E-13 -0.9963E-14  0.2377E-01  0.5611E-01  0.2637E+00  0.2344E+00  0.4941E+02  0.0000E+00
 2911.8120  1  1    0.9999    0.8000    0.0000    0.0000   -0.0177   -0.1318    0.0488    0.0415   -0.0581   -0.5633  0.6812E+03  0.4502E+03 -0.3353E-13 -0.9970E-14  0.2375E-01  0.5610E-01  0.2638E+00  0.2344E+00  0.4941E+02  0.0000E+00
 2921.3276  1  1    0.9999    0.8000    0.0000    0.0000   -0.0176   -0.1318    0.0488    0.0415   -0.0578   -0.5632  0.6805E+03  0.4499E+03 -0.3355E-13 -0.9978E-14  0.2374E-01  0.5610E-01  0.2640E+00  0.2344E+00  0.4941E+02  0.0000E+00
 2930.8435  1  1    0.9999    0.8000    0.0000    0.0000   -0.0175   -0.1318    0.0488    0.0415   -0.0575   -0.5631  0.6797E+03  0.4495E+03 -0.3355E-13 -0.9986E-14  0.2372E-01  0.5610E-01  0.2641E+00  0.2345E+00  0.4941E+02  0.0000E+00
 2940.3591  1  1    0.9999    0.8000    0.0000    0.0000   -0.0174   -0.1317    0.0488    0.0415   -0.0572   -0.5630  0.6790E+03  0.4491E+03 -0.3355E-13 -0.9993E-14  0.2371E-01  0.5609E-01  0.2642E+00  0.2345E+00  0.4941E+02  0.0000E+00
 2949.8750  1  1    0.9999    0.8000    0.0000    0.0000   -0.0173   -0.1317    0.0488    0.0415   -0.0569   -0.5628  0.6782E+03  0.4487E+03 -0.3355E-13 -0.9998E-14  0.2370E-01  0.5609E-01  0.2644E+00  0.2345E+00  0.4941E+02  0.0000E+00
 2959.3906  1  1    0.9999    0.8000    0.0000    0.0000   -0.0172   -0.1317    0.0488    0.0415   -0.0566   -0.5627  0.6775E+03  0.4483E+03 -0.3355E-13 -0.9998E-14  0.2368E-01  0.5609E-01  0.2645E+00  0.2346E+00  0.4941E+02  0.0000E+00
 2968.9065  1  1    0.9999    0.8000    0.0000    0.0000   -0.0171   -0.1317    0.0488    0.0415   -0.0563   -0.5626  0.6767E+03  0.4479E+03 -0.3355E-13 -0.9998E-14  0.2367E-01  0.5608E-01  0.2646E+00  0.2346E+00  0.4941E+02  0.0000E+00
 2978.4221  1  1    0.9999    0.8000    0.0000    0.0000   -0.0170   -0.1316    0.0489    0.0415   -0.0560   -0.5625  0.6760E+03  0.4476E+03 -0.3355E-13 -0.9998E-14  0.2365E-01  0.5608E-01  0.2648E+00  0.2346E+00  0.4941E+02  0.0000E+00
 2987.9377  1  1    0.9999    0.8000    0.0000    0.0000   -0.0169   -0.1316    0.0489    0.0415   -0.0557   -0.5623  0.6753E+03  0.4472E+03 -0.3368E-13 -0.9997E-14  0.2364E-01  0.5608E-01  0.2649E+00  0.2346E+00  0.4941E+02  0.0000E+00
 2997.4536  1  1    0.9999    0.8000    0.0000    0.0000   -0.0167   -0.1316    0.0489    0.0415   -0.0554   -0.5622  0.6745E+03  0.4468E+03 -0.3382E-13 -0.1000E-13  0.2363E-01  0.5607E-01  0.2650E+00  0.2347E+00  0.4941E+02  0.0000E+00
 3006.9692  1  1    0.9999    0.8000    0.0000    0.0000   -0.0166   -0.1315    0.0489    0.0416   -0.0551   -0.5621  0.6738E+03  0.4464E+03 -0.3382E-13 -0.1001E-13  0.2361E-01  0.5607E-01  0.2652E+00  0.2347E+00  0.4941E+02  0.0000E+00
 3016.4851  1  1    0.9999    0.8000    0.0000    0.0000   -0.0165   -0.1315    0.0489    0.0416   -0.0548   -0.5619  0.6730E+03  0.4460E+03 -0.3382E-13 -0.1002E-13  0.2360E-01  0.5607E-01  0.2653E+00  0.2347E+00  0.4941E+02  0.0000E+00
 3026.0007  1  1    0.9999    0.8000    0.0000    0.0000   -0.0164   -0.1315    0.0489    0.0416   -0.0545   -0.5618  0.6723E+03  0.4457E+03 -0.3382E-13 -0.1003E-13  0.2358E-01  0.5606E-01  0.2654E+00  0.2348E+00  0.4941E+02  0.0000E+00
 3035.5164  1  1    0.9999    0.8000    0.0000    0.0000   -0.0163   -0.1315    0.0489    0.0416   -0.0542   -0.5617  0.6716E+03  0.4453E+03 -0.3382E-13 -0.1003E-13  0.2357E-01  0.5606E-01  0.2656E+00  0.2348E+00  0.4941E+02  0.0000E+00
 3045.0322  1  1    0.9999    0.8000    0.0000    0.0000   -0.0162   -0.1314    0.0489    0.0416   -0.0539   -0.5616  0.6709E+03  0.4449E+03 -0.3382E-13 -0.1003E-13  0.2355E-01  0.5606E-01  0.2657E+00  0.2348E+00  0.4941E+02  0.0000E+00
 3054.5479  1  1    0.9999    0.8000    0.0000    0.0000   -0.0161   -0.1314    0.0490    0.0416   -0.0536   -0.5614  0.6701E+03  0.4445E+03 -0.3382E-13 -0.1003E-13  0.2354E-01  0.5605E-01  0.2658E+00  0.2348E+00  0.4941E+02  0.0000E+00
 3064.0637  1  1    0.9999    0.8000    0.0000    0.0000   -0.0160   -0.1314    0.0490    0.0416   -0.0533   -0.5613  0.6694E+03  0.4442E+03 -0.3382E-13 -0.1003E-13  0.2352E-01  0.5605E-01  0.2660E+00  0.2349E+00  0.4941E+02  0.0000E+00
 3073.5793  1  1    0.9999    0.8000    0.0000    0.0000   -0.0158   -0.1314    0.0490    0.0416   -0.0530   -0.5612  0.6687E+03  0.4438E+03 -0.3394E-13 -0.1003E-13  0.2351E-01  0.5605E-01  0.2658E+00  0.2349E+00  0.4941E+02  0.0000E+00
 3083.0950  1  1    0.9999    0.8000    0.0000    0.0000   -0.0157   -0.1313    0.0490    0.0416   -0.0527   -0.5611  0.6679E+03  0.4434E+03 -0.3409E-13 -0.1003E-13  0.2350E-01  0.5604E-01  0.2656E+00  0.2349E+00  0.4941E+02  0.0000E+00
 3092.6108  1  1    0.9999    0.8000    0.0000    0.0000   -0.0156   -0.1313    0.0490    0.0416   -0.0524   -0.5609  0.6672E+03  0.4431E+03 -0.3412E-13 -0.1004E-13  0.2348E-01  0.5604E-01  0.2653E+00  0.2350E+00  0.4941E+02  0.0000E+00
 3102.1265  1  1    0.9999    0.8000    0.0000    0.0000   -0.0155   -0.1313    0.0490    0.0416   -0.0521   -0.5608  0.6665E+03  0.4427E+03 -0.3412E-13 -0.1004E-13  0.2347E-01  0.5604E-01  0.2651E+00  0.2350E+00  0.4941E+02  0.0000E+00
 3111.6423  1  1    0.9999    0.8000    0.0000    0.0000   -0.0154   -0.1312    0.0490    0.0416   -0.0518   -0.5607  0.6658E+03  0.4423E+03 -0.3412E-13 -0.1005E-13  0.2345E-01  0.5603E-01  0.2649E+00  0.2350E+00  0.4941E+02  0.0000E+00
 3121.1580  1  1    0.9999    0.8000    0.0000    0.0000   -0.0153   -0.1312    0.0490    0.0416   -0.0515   -0.5605  0.6651E+03  0.4420E+03 -0.3412E-13 -0.1005E-13  0.2344E-01  0.5603E-01  0.2647E+00  0.2350E+00  0.4941E+02  0.0000E+00
 3130.6738  1  1    0.9999    0.8000    0.0000    0.0000   -0.0152   -0.1312    0.0491    0.0416   -0.0511   -0.5604  0.6643E+03  0.4416E+03 -0.3412E-13 -0.1005E-13  0.2343E-01  0.5603E-01  0.2644E+00  0.2351E+00  0.4941E+02  0.0000E+00
 3140.1895  1  1    0.9999    0.8000    0.0000    0.0000   -0.0151   -0.1312    0.0491    0.0416   -0.0508   -0.5603  0.6636E+03  0.4412E+03 -0.3412E-13 -0.1005E-13  0.2341E-01  0.5602E-01  0.2642E+00  0.2351E+00  0.4941E+02  0.0000E+00
 3149.7051  1  1    0.9999    0.8000    0.0000    0.0000   -0.0149   -0.1311    0.0491    0.0416   -0.0505   -0.5602  0.6629E+03  0.4409E+03 -0.3412E-13 -0.1005E-13  0.2340E-01  0.5602E-01  0.2640E+00  0.2351E+00  0.4941E+02  0.0000E+00
 3159.2209  1  1    0.9999    0.8000    0.0000    0.0000   -0.0148   -0.1311    0.0491    0.0416   -0.0502   -0.5600  0.6622E+03  0.4405E+03 -0.3419E-13 -0.1005E-13  0.2339E-01  0.5602E-01  0.2639E+00  0.2352E+00  0.4941E+02  0.0000E+00
 3168.7366  1  1    0.9999    0.8000    0.0000    0.0000   -0.0147   -0.1311    0.0491    0.0416   -0.0499   -0.5599  0.6615E+03  0.4401E+03 -0.3436E-13 -0.1005E-13  0.2337E-01  0.5601E-01  0.2641E+00  0.2352E+00  0.4941E+02  0.0000E+00
 3178.2524  1  1    0.9999    0.8000    0.0000    0.0000   -0.0146   -0.1311    0.0491    0.0416   -0.0496   -0.5598  0.6608E+03  0.4398E+03 -0.3445E-13 -0.1006E-13  0.2336E-01  0.5601E-01  0.2642E+00  0.2352E+00  0.4941E+02  0.0000E+00
 3187.7681  1  1    0.9999    0.8000    0.0000    0.0000   -0.0145   -0.1310    0.0491    0.0416   -0.0493   -0.5596  0.6601E+03  0.4394E+03 -0.3445E-13 -0.1007E-13  0.2335E-01  0.5601E-01  0.2643E+00  0.2353E+00  0.4941E+02  0.0000E+00
 3197.2837  1  1    0.9999    0.8000    0.0000    0.0000   -0.0144   -0.1310    0.0491    0.0416   -0.0490   -0.5595  0.6593E+03  0.4390E+03 -0.3445E-13 -0.1008E-13  0.2333E-01  0.5600E-01  0.2645E+00  0.2353E+00  0.4941E+02  0.0000E+00
 3206.7996  1  1    0.9999    0.8000    0.0000    0.0000   -0.0143   -0.1310    0.0492    0.0416   -0.0487   -0.5594  0.6586E+03  0.4387E+03 -0.3445E-13 -0.1009E-13  0.2332E-01  0.5600E-01  0.2646E+00  0.2353E+00  0.4941E+02  0.0000E+00
 3216.3152  1  1    0.9999    0.8000    0.0000    0.0000   -0.0141   -0.1309    0.0492    0.0416   -0.0484   -0.5593  0.6579E+03  0.4383E+03 -0.3445E-13 -0.1010E-13  0.2331E-01  0.5600E-01  0.2647E+00  0.2353E+00  0.4941E+02  0.0000E+00
 3225.8311  1  1    0.9999    0.8000    0.0000    0.0000   -0.0140   -0.1309    0.0492    0.0416   -0.0481   -0.5591  0.6572E+03  0.4380E+03 -0.3445E-13 -0.1011E-13  0.2330E-01  0.5599E-01  0.2649E+00  0.2354E+00  0.4941E+02  0.0000E+00
 3235.3467  1  1    0.9999    0.8000    0.0000    0.0000   -0.0139   -0.1309    0.0492    0.0416   -0.0478   -0.5590  0.6565E+03  0.4376E+03 -0.3445E-13 -0.1011E-13  0.2328E-01  0.5599E-01  0.2650E+00  0.2354E+00  0.4941E+02  0.0000E+00
 3244.8623  1  1    0.9999    0.8000    0.0000    0.0000   -0.0138   -0.1309    0.0492    0.0416   -0.0475   -0.5589  0.6558E+03  0.4373E+03 -0.3445E-13 -0.1011E-13  0.2327E-01  0.5599E-01  0.2652E+00  0.2354E+00  0.4941E+02  0.0000E+00
 3254.3782  1  1    0.9999    0.8000    0.0000    0.0000   -0.0137   -0.1308    0.0492    0.0416   -0.0471   -0.5587  0.6551E+03  0.4369E+03 -0.3457E-13 -0.1011E-13  0.2326E-01  0.5598E-01  0.2653E+00  0.2355E+00  0.4941E+02  0.0000E+00
 3263.8938  1  1    0.9999    0.8000    0.0000    0.0000   -0.0136   -0.1308    0.0492    0.0416   -0.0468   -0.5586  0.6544E+03  0.4365E+03 -0.3472E-13 -0.1011E-13  0.2325E-01  0.5598E-01  0.2654E+00  0.2355E+00  0.4941E+02  0.0000E+00
 3273.4097  1  1    0.9999    0.8000    0.0000    0.0000   -0.0135   -0.1308    0.0493    0.0416   -0.0465   -0.5585  0.6537E+03  0.4362E+03 -0.3476E-13 -0.1011E-13  0.2323E-01  0.5598E-01  0.2656E+00  0.2355E+00  0.4941E+02  0.0000E+00
 3282.9253  1  1    0.9999    0.8000    0.0000    0.0000   -0.0133   -0.1308    0.0493    0.0416   -0.0462   -0.5584  0.6530E+03  0.4358E+03 -0.3476E-13 -0.1011E-13  0.2322E-01  0.5597E-01  0.2657E+00  0.2356E+00  0.4941E+02  0.0000E+00
 3292.4412  1  1    0.9999    0.8000    0.0000    0.0000   -0.0132   -0.1307    0.0493    0.0416   -0.0459   -0.5582  0.6523E+03  0.4355E+03 -0.3476E-13 -0.1012E-13  0.2321E-01  0.5597E-01  0.2658E+00  0.2356E+00  0.4941E+02  0.0000E+00
 3301.9568  1  1    0.9999    0.8000    0.0000    0.0000   -0.0131   -0.1307    0.0493    0.0416   -0.0456   -0.5581  0.6516E+03  0.4351E+03 -0.3476E-13 -0.1013E-13  0.2319E-01  0.5597E-01  0.2660E+00  0.2356E+00  0.4941E+02  0.0000E+00
 3311.4724  1  1    0.9999    0.8000    0.0000    0.0000   -0.0130   -0.1307    0.0493    0.0416   -0.0453   -0.5580  0.6509E+03  0.4348E+03 -0.3476E-13 -0.1013E-13  0.2318E-01  0.5596E-01  0.2661E+00  0.2356E+00  0.4941E+02  0.0000E+00
 3320.9883  1  1    0.9999    0.8000    0.0000    0.0000   -0.0129   -0.1306    0.0493    0.0416   -0.0450   -0.5579  0.6502E+03  0.4344E+03 -0.3476E-13 -0.1014E-13  0.2317E-01  0.5596E-01  0.2663E+00  0.2357E+00  0.4941E+02  0.0000E+00
 3330.5039  1  1    0.9999    0.8000    0.0000    0.0000   -0.0128   -0.1306    0.0493    0.0416   -0.0447   -0.5577  0.6495E+03  0.4341E+03 -0.3476E-13 -0.1014E-13  0.2315E-01  0.5596E-01  0.2664E+00  0.2357E+00  0.4941E+02  0.0000E+00
 3340.0198  1  1    0.9999    0.8000    0.0000    0.0000   -0.0127   -0.1306    0.0493    0.0416   -0.0444   -0.5576  0.6488E+03  0.4337E+03 -0.3476E-13 -0.1014E-13  0.2314E-01  0.5595E-01  0.2665E+00  0.2357E+00  0.4941E+02  0.0000E+00
 3349.5354  1  1    0.9999    0.8000    0.0000    0.0000   -0.0125   -0.1306    0.0494    0.0416   -0.0441   -0.5575  0.6482E+03  0.4334E+03 -0.3491E-13 -0.1014E-13  0.2313E-01  0.5595E-01  0.2667E+00  0.2358E+00  0.4941E+02  0.0000E+00
 3359.0510  1  1    0.9999    0.8000    0.0000    0.0000   -0.0124   -0.1305    0.0494    0.0416   -0.0437   -0.5573  0.6475E+03  0.4330E+03 -0.3510E-13 -0.1014E-13  0.2311E-01  0.5595E-01  0.2668E+00  0.2358E+00  0.4941E+02  0.0000E+00
 3368.5669  1  1    0.9999    0.8000    0.0000    0.0000   -0.0123   -0.1305    0.0494    0.0417   -0.0434   -0.5572  0.6468E+03  0.4327E+03 -0.3513E-13 -0.1014E-13  0.2310E-01  0.5594E-01  0.2669E+00  0.2358E+00  0.4941E+02  0.0000E+00
 3378.0825  1  1    0.9999    0.8000    0.0000    0.0000   -0.0122   -0.1305    0.0494    0.0417   -0.0431   -0.5571  0.6461E+03  0.4323E+03 -0.3513E-13 -0.1014E-13  0.2309E-01  0.5594E-01  0.2671E+00  0.2358E+00  0.4941E+02  0.0000E+00
 3387.5984  1  1    0.9999    0.8000    0.0000    0.0000   -0.0121   -0.1305    0.0494    0.0417   -0.0428   -0.5570  0.6454E+03  0.4320E+03 -0.3513E-13 -0.1014E-13  0.2307E-01  0.5594E-01  0.2672E+00  0.2359E+00  0.4941E+02  0.0000E+00
 3397.1140  1  1    0.9999    0.8000    0.0000    0.0000   -0.0120   -0.1304    0.0494    0.0417   -0.0425   -0.5568  0.6447E+03  0.4316E+03 -0.3513E-13 -0.1015E-13  0.2306E-01  0.5593E-01  0.2674E+00  0.2359E+00  0.4941E+02  0.0000E+00
 3406.6296  1  1    0.9999    0.8000    0.0000    0.0000   -0.0118   -0.1304    0.0494    0.0417   -0.0422   -0.5567  0.6440E+03  0.4313E+03 -0.3513E-13 -0.1016E-13  0.2305E-01  0.5593E-01  0.2675E+00  0.2359E+00  0.4941E+02  0.0000E+00
 3416.1455  1  1    0.9999    0.8000    0.0000    0.0000   -0.0117   -0.1304    0.0494    0.0417   -0.0419   -0.5566  0.6434E+03  0.4309E+03 -0.3513E-13 -0.1016E-13  0.2303E-01  0.5593E-01  0.2676E+00  0.2360E+00  0.4941E+02  0.0000E+00
 3425.6611  1  1    0.9999    0.8000    0.0000    0.0000   -0.0116   -0.1303    0.0495    0.0417   -0.0416   -0.5564  0.6427E+03  0.4306E+03 -0.3513E-13 -0.1017E-13  0.2302E-01  0.5592E-01  0.2678E+00  0.2360E+00  0.4941E+02  0.0000E+00
 3435.1770  1  1    0.9999    0.8000    0.0000    0.0000   -0.0115   -0.1303    0.0495    0.0417   -0.0412   -0.5563  0.6420E+03  0.4303E+03 -0.3513E-13 -0.1017E-13  0.2301E-01  0.5592E-01  0.2679E+00  0.2360E+00  0.4941E+02  0.0000E+00
 3444.6926  1  1    0.9999    0.8000    0.0000    0.0000   -0.0114   -0.1303    0.0495    0.0417   -0.0409   -0.5562  0.6413E+03  0.4299E+03 -0.3523E-13 -0.1017E-13  0.2299E-01  0.5591E-01  0.2681E+00  0.2361E+00  0.4941E+02  0.0000E+00
 3454.2085  1  1    0.9999    0.8000    0.0000    0.0000   -0.0113   -0.1303    0.0495    0.0417   -0.0406   -0.5561  0.6406E+03  0.4296E+03 -0.3540E-13 -0.1017E-13  0.2298E-01  0.5591E-01  0.2682E+00  0.2361E+00  0.4941E+02  0.0000E+00
 3463.7241  1  1    0.9999    0.8000    0.0000    0.0000   -0.0111   -0.1302    0.0495    0.0417   -0.0403   -0.5559  0.6400E+03  0.4292E+03 -0.3547E-13 -0.1017E-13  0.2297E-01  0.5591E-01  0.2683E+00  0.2361E+00  0.4941E+02  0.0000E+00
 3473.2397  1  1    0.9999    0.8000    0.0000    0.0000   -0.0110   -0.1302    0.0495    0.0417   -0.0400   -0.5558  0.6393E+03  0.4289E+03 -0.3547E-13 -0.1017E-13  0.2295E-01  0.5590E-01  0.2685E+00  0.2361E+00  0.4941E+02  0.0000E+00
 3482.7556  1  1    0.9999    0.8000    0.0000    0.0000   -0.0109   -0.1302    0.0495    0.0417   -0.0397   -0.5557  0.6386E+03  0.4286E+03 -0.3547E-13 -0.1017E-13  0.2294E-01  0.5590E-01  0.2686E+00  0.2362E+00  0.4941E+02  0.0000E+00
 3492.2712  1  1    0.9999    0.8000    0.0000    0.0000   -0.0108   -0.1302    0.0496    0.0417   -0.0394   -0.5555  0.6379E+03  0.4282E+03 -0.3547E-13 -0.1018E-13  0.2293E-01  0.5590E-01  0.2688E+00  0.2362E+00  0.4941E+02  0.0000E+00
 3501.7871  1  1    0.9999    0.8000    0.0000    0.0000   -0.0107   -0.1301    0.0496    0.0417   -0.0390   -0.5554  0.6373E+03  0.4279E+03 -0.3547E-13 -0.1019E-13  0.2291E-01  0.5589E-01  0.2689E+00  0.2362E+00  0.4941E+02  0.0000E+00
 3511.3027  1  1    0.9999    0.8000    0.0000    0.0000   -0.0105   -0.1301    0.0496    0.0417   -0.0387   -0.5553  0.6366E+03  0.4275E+03 -0.3547E-13 -0.1020E-13  0.2290E-01  0.5589E-01  0.2690E+00  0.2363E+00  0.4941E+02  0.0000E+00
 3520.8184  1  1    0.9999    0.8000    0.0000    0.0000   -0.0104   -0.1301    0.0496    0.0417   -0.0384   -0.5551  0.6359E+03  0.4272E+03 -0.3547E-13 -0.1022E-13  0.2288E-01  0.5589E-01  0.2692E+00  0.2363E+00  0.4941E+02  0.0000E+00
 3530.3342  1  1    0.9999    0.8000    0.0000    0.0000   -0.0103   -0.1300    0.0496    0.0417   -0.0381   -0.5550  0.6352E+03  0.4269E+03 -0.3547E-13 -0.1022E-13  0.2287E-01  0.5588E-01  0.2693E+00  0.2363E+00  0.4941E+02  0.0000E+00
 3539.8499  1  1    0.9999    0.8000    0.0000    0.0000   -0.0102   -0.1300    0.0496    0.0417   -0.0378   -0.5549  0.6346E+03  0.4265E+03 -0.3549E-13 -0.1022E-13  0.2286E-01  0.5588E-01  0.2694E+00  0.2364E+00  0.4941E+02  0.0000E+00
 3549.3657  1  1    0.9999    0.8000    0.0000    0.0000   -0.0101   -0.1300    0.0496    0.0417   -0.0375   -0.5548  0.6339E+03  0.4262E+03 -0.3568E-13 -0.1022E-13  0.2284E-01  0.5588E-01  0.2693E+00  0.2364E+00  0.4941E+02  0.0000E+00
 3558.8813  1  1    0.9999    0.8000    0.0000    0.0000   -0.0100   -0.1300    0.0497    0.0417   -0.0372   -0.5546  0.6332E+03  0.4259E+03 -0.3585E-13 -0.1022E-13  0.2283E-01  0.5587E-01  0.2692E+00  0.2364E+00  0.4941E+02  0.0000E+00
 3568.3972  1  1    0.9999    0.8000    0.0000    0.0000   -0.0098   -0.1299    0.0497    0.0417   -0.0368   -0.5545  0.6326E+03  0.4255E+03 -0.3585E-13 -0.1022E-13  0.2281E-01  0.5587E-01  0.2690E+00  0.2364E+00  0.4941E+02  0.0000E+00
 3577.9128  1  1    0.9999    0.8000    0.0000    0.0000   -0.0097   -0.1299    0.0497    0.0417   -0.0365   -0.5544  0.6319E+03  0.4252E+03 -0.3585E-13 -0.1022E-13  0.2280E-01  0.5587E-01  0.2689E+00  0.2365E+00  0.4941E+02  0.0000E+00
 3587.4285  1  1    0.9999    0.8000    0.0000    0.0000   -0.0096   -0.1299    0.0497    0.0417   -0.0362   -0.5542  0.6312E+03  0.4249E+03 -0.3585E-13 -0.1022E-13  0.2279E-01  0.5586E-01  0.2688E+00  0.2365E+00  0.4941E+02  0.0000E+00
 3596.9443  1  1    0.9999    0.8000    0.0000    0.0000   -0.0095   -0.1299    0.0497    0.0417   -0.0359   -0.5541  0.6306E+03  0.4245E+03 -0.3585E-13 -0.1023E-13  0.2277E-01  0.5586E-01  0.2686E+00  0.2365E+00  0.4941E+02  0.0000E+00
 3606.4600  1  1    0.9999    0.8000    0.0000    0.0000   -0.0094   -0.1298    0.0497    0.0417   -0.0356   -0.5540  0.6299E+03  0.4242E+03 -0.3585E-13 -0.1024E-13  0.2276E-01  0.5585E-01  0.2685E+00  0.2366E+00  0.4941E+02  0.0000E+00
 3615.9758  1  1    0.9999    0.8000    0.0000    0.0000   -0.0092   -0.1298    0.0497    0.0417   -0.0353   -0.5539  0.6293E+03  0.4239E+03 -0.3585E-13 -0.1024E-13  0.2274E-01  0.5585E-01  0.2683E+00  0.2366E+00  0.4941E+02  0.0000E+00
 3625.4915  1  1    0.9999    0.8000    0.0000    0.0000   -0.0091   -0.1298    0.0497    0.0417   -0.0350   -0.5537  0.6286E+03  0.4236E+03 -0.3585E-13 -0.1025E-13  0.2273E-01  0.5585E-01  0.2682E+00  0.2366E+00  0.4941E+02  0.0000E+00
 3635.0071  1  1    0.9999    0.8000    0.0000    0.0000   -0.0090   -0.1297    0.0498    0.0417   -0.0346   -0.5536  0.6279E+03  0.4232E+03 -0.3585E-13 -0.1026E-13  0.2272E-01  0.5584E-01  0.2681E+00  0.2367E+00  0.4941E+02  0.0000E+00
 3644.5229  1  1    0.9999    0.8000    0.0000    0.0000   -0.0089   -0.1297    0.0498    0.0417   -0.0343   -0.5535  0.6273E+03  0.4229E+03 -0.3591E-13 -0.1026E-13  0.2270E-01  0.5584E-01  0.2680E+00  0.2367E+00  0.4941E+02  0.0000E+00
 3654.0386  1  1    0.9999    0.8000    0.0000    0.0000   -0.0088   -0.1297    0.0498    0.0417   -0.0340   -0.5533  0.6266E+03  0.4226E+03 -0.3611E-13 -0.1026E-13  0.2269E-01  0.5584E-01  0.2681E+00  0.2367E+00  0.4941E+02  0.0000E+00
 3663.5544  1  1    0.9999    0.8000    0.0000    0.0000   -0.0086   -0.1297    0.0498    0.0417   -0.0337   -0.5532  0.6260E+03  0.4222E+03 -0.3626E-13 -0.1026E-13  0.2268E-01  0.5583E-01  0.2682E+00  0.2367E+00  0.4941E+02  0.0000E+00
 3673.0701  1  1    0.9999    0.8000    0.0000    0.0000   -0.0085   -0.1296    0.0498    0.0417   -0.0334   -0.5531  0.6253E+03  0.4219E+03 -0.3626E-13 -0.1026E-13  0.2267E-01  0.5583E-01  0.2683E+00  0.2368E+00  0.4941E+02  0.0000E+00
 3682.5857  1  1    0.9999    0.8000    0.0000    0.0000   -0.0084   -0.1296    0.0498    0.0417   -0.0330   -0.5530  0.6247E+03  0.4216E+03 -0.3626E-13 -0.1026E-13  0.2265E-01  0.5583E-01  0.2684E+00  0.2368E+00  0.4941E+02  0.0000E+00
 3692.1016  1  1    0.9999    0.8000    0.0000    0.0000   -0.0083   -0.1296    0.0498    0.0417   -0.0327   -0.5528  0.6240E+03  0.4213E+03 -0.3626E-13 -0.1026E-13  0.2264E-01  0.5582E-01  0.2685E+00  0.2368E+00  0.4941E+02  0.0000E+00
 3701.6172  1  1    0.9999    0.8000    0.0000    0.0000   -0.0081   -0.1295    0.0499    0.0417   -0.0324   -0.5527  0.6234E+03  0.4209E+03 -0.3626E-13 -0.1026E-13  0.2263E-01  0.5582E-01  0.2686E+00  0.2369E+00  0.4941E+02  0.0000E+00
 3711.1331  1  1    0.9999    0.8000    0.0000    0.0000   -0.0080   -0.1295    0.0499    0.0417   -0.0321   -0.5526  0.6227E+03  0.4206E+03 -0.3626E-13 -0.1027E-13  0.2262E-01  0.5582E-01  0.2687E+00  0.2369E+00  0.4941E+02  0.0000E+00
 3720.6487  1  1    0.9999    0.8000    0.0000    0.0000   -0.0079   -0.1295    0.0499    0.0417   -0.0318   -0.5524  0.6221E+03  0.4203E+03 -0.3626E-13 -0.1028E-13  0.2260E-01  0.5581E-01  0.2688E+00  0.2369E+00  0.4941E+02  0.0000E+00
 3730.1646  1  1    0.9999    0.8000    0.0000    0.0000   -0.0078   -0.1295    0.0499    0.0418   -0.0315   -0.5523  0.6214E+03  0.4200E+03 -0.3626E-13 -0.1028E-13  0.2259E-01  0.5581E-01  0.2689E+00  0.2370E+00  0.4941E+02  0.0000E+00
 3739.6802  1  1    0.9999    0.8000    0.0000    0.0000   -0.0077   -0.1294    0.0499    0.0418   -0.0311   -0.5522  0.6208E+03  0.4197E+03 -0.3626E-13 -0.1029E-13  0.2258E-01  0.5580E-01  0.2690E+00  0.2370E+00  0.4941E+02  0.0000E+00
 3749.1958  1  1    0.9999    0.8000    0.0000    0.0000   -0.0075   -0.1294    0.0499    0.0418   -0.0308   -0.5520  0.6201E+03  0.4193E+03 -0.3630E-13 -0.1030E-13  0.2257E-01  0.5580E-01  0.2692E+00  0.2370E+00  0.4941E+02  0.0000E+00
 3758.7117  1  1    0.9999    0.8000    0.0000    0.0000   -0.0074   -0.1294    0.0499    0.0418   -0.0305   -0.5519  0.6195E+03  0.4190E+03 -0.3650E-13 -0.1029E-13  0.2255E-01  0.5580E-01  0.2693E+00  0.2371E+00  0.4941E+02  0.0000E+00
 3768.2273  1  1    0.9999    0.8000    0.0000    0.0000   -0.0073   -0.1294    0.0500    0.0418   -0.0302   -0.5518  0.6188E+03  0.4187E+03 -0.3667E-13 -0.1029E-13  0.2254E-01  0.5579E-01  0.2694E+00  0.2371E+00  0.4941E+02  0.0000E+00
 3777.7432  1  1    0.9999    0.8000    0.0000    0.0000   -0.0072   -0.1293    0.0500    0.0418   -0.0299   -0.5517  0.6182E+03  0.4184E+03 -0.3667E-13 -0.1029E-13  0.2253E-01  0.5579E-01  0.2696E+00  0.2371E+00  0.4941E+02  0.0000E+00
 3787.2588  1  1    0.9999    0.8000    0.0000    0.0000   -0.0071   -0.1293    0.0500    0.0418   -0.0295   -0.5515  0.6175E+03  0.4181E+03 -0.3667E-13 -0.1029E-13  0.2252E-01  0.5579E-01  0.2697E+00  0.2371E+00  0.4941E+02  0.0000E+00
 3796.7744  1  1    0.9999    0.8000    0.0000    0.0000   -0.0069   -0.1293    0.0500    0.0418   -0.0292   -0.5514  0.6169E+03  0.4177E+03 -0.3667E-13 -0.1029E-13  0.2250E-01  0.5578E-01  0.2699E+00  0.2372E+00  0.4941E+02  0.0000E+00
 3806.2903  1  1    0.9999    0.8000    0.0000    0.0000   -0.0068   -0.1292    0.0500    0.0418   -0.0289   -0.5513  0.6163E+03  0.4174E+03 -0.3667E-13 -0.1029E-13  0.2249E-01  0.5578E-01  0.2700E+00  0.2372E+00  0.4941E+02  0.0000E+00
 3815.8059  1  1    0.9999    0.8000    0.0000    0.0000   -0.0067   -0.1292    0.0500    0.0418   -0.0286   -0.5511  0.6156E+03  0.4171E+03 -0.3667E-13 -0.1030E-13  0.2248E-01  0.5578E-01  0.2702E+00  0.2372E+00  0.4941E+02  0.0000E+00
 3825.3218  1  1    0.9999    0.8000    0.0000    0.0000   -0.0066   -0.1292    0.0500    0.0418   -0.0283   -0.5510  0.6150E+03  0.4168E+03 -0.3667E-13 -0.1031E-13  0.2247E-01  0.5577E-01  0.2703E+00  0.2373E+00  0.4941E+02  0.0000E+00
 3834.8374  1  1    0.9999    0.8000    0.0000    0.0000   -0.0064   -0.1292    0.0501    0.0418   -0.0279   -0.5509  0.6143E+03  0.4165E+03 -0.3667E-13 -0.1032E-13  0.2245E-01  0.5577E-01  0.2705E+00  0.2373E+00  0.4941E+02  0.0000E+00
 3844.3530  1  1    0.9999    0.8000    0.0000    0.0000   -0.0063   -0.1291    0.0501    0.0418   -0.0276   -0.5507  0.6137E+03  0.4162E+03 -0.3667E-13 -0.1033E-13  0.2244E-01  0.5576E-01  0.2706E+00  0.2373E+00  0.4941E+02  0.0000E+00
 3853.8689  1  1    0.9999    0.8000    0.0000    0.0000   -0.0062   -0.1291    0.0501    0.0418   -0.0273   -0.5506  0.6131E+03  0.4158E+03 -0.3667E-13 -0.1034E-13  0.2243E-01  0.5576E-01  0.2707E+00  0.2374E+00  0.4941E+02  0.0000E+00
 3863.3845  1  1    0.9999    0.8000    0.0000    0.0000   -0.0061   -0.1291    0.0501    0.0418   -0.0270   -0.5505  0.6124E+03  0.4155E+03 -0.3683E-13 -0.1034E-13  0.2242E-01  0.5576E-01  0.2709E+00  0.2374E+00  0.4941E+02  0.0000E+00
 3872.9004  1  1    0.9999    0.8000    0.0000    0.0000   -0.0059   -0.1290    0.0501    0.0418   -0.0266   -0.5504  0.6118E+03  0.4152E+03 -0.3705E-13 -0.1034E-13  0.2240E-01  0.5575E-01  0.2710E+00  0.2374E+00  0.4941E+02  0.0000E+00
 3882.4160  1  1    0.9999    0.8000    0.0000    0.0000   -0.0058   -0.1290    0.0501    0.0418   -0.0263   -0.5502  0.6112E+03  0.4149E+03 -0.3710E-13 -0.1034E-13  0.2239E-01  0.5575E-01  0.2712E+00  0.2374E+00  0.4941E+02  0.0000E+00
 3891.9319  1  1    0.9999    0.8000    0.0000    0.0000   -0.0057   -0.1290    0.0501    0.0418   -0.0260   -0.5501  0.6105E+03  0.4146E+03 -0.3710E-13 -0.1034E-13  0.2238E-01  0.5575E-01  0.2713E+00  0.2375E+00  0.4941E+02  0.0000E+00
 3901.4475  1  1    0.9999    0.8000    0.0000    0.0000   -0.0056   -0.1290    0.0502    0.0418   -0.0257   -0.5500  0.6099E+03  0.4143E+03 -0.3710E-13 -0.1034E-13  0.2237E-01  0.5574E-01  0.2715E+00  0.2375E+00  0.4941E+02  0.0000E+00
 3910.9631  1  1    0.9999    0.8000    0.0000    0.0000   -0.0054   -0.1289    0.0502    0.0418   -0.0254   -0.5498  0.6093E+03  0.4140E+03 -0.3710E-13 -0.1034E-13  0.2235E-01  0.5574E-01  0.2716E+00  0.2375E+00  0.4941E+02  0.0000E+00
 3920.4790  1  1    0.9999    0.8000    0.0000    0.0000   -0.0053   -0.1289    0.0502    0.0418   -0.0250   -0.5497  0.6086E+03  0.4137E+03 -0.3710E-13 -0.1034E-13  0.2234E-01  0.5574E-01  0.2718E+00  0.2376E+00  0.4941E+02  0.0000E+00
 3929.9946  1  1    0.9999    0.8000    0.0000    0.0000   -0.0052   -0.1289    0.0502    0.0418   -0.0247   -0.5496  0.6080E+03  0.4134E+03 -0.3710E-13 -0.1034E-13  0.2233E-01  0.5573E-01  0.2719E+00  0.2376E+00  0.4941E+02  0.0000E+00
 3939.5105  1  1    0.9999    0.8000    0.0000    0.0000   -0.0051   -0.1288    0.0502    0.0418   -0.0244   -0.5494  0.6074E+03  0.4131E+03 -0.3710E-13 -0.1035E-13  0.2231E-01  0.5573E-01  0.2721E+00  0.2376E+00  0.4941E+02  0.0000E+00
 3949.0261  1  1    0.9999    0.8000    0.0000    0.0000   -0.0049   -0.1288    0.0502    0.0418   -0.0241   -0.5493  0.6067E+03  0.4127E+03 -0.3710E-13 -0.1036E-13  0.2230E-01  0.5572E-01  0.2722E+00  0.2377E+00  0.4941E+02  0.0000E+00
 3958.5417  1  1    0.9999    0.8000    0.0000    0.0000   -0.0048   -0.1288    0.0502    0.0418   -0.0237   -0.5492  0.6061E+03  0.4124E+03 -0.3710E-13 -0.1037E-13  0.2229E-01  0.5572E-01  0.2724E+00  0.2377E+00  0.4941E+02  0.0000E+00
 3968.0576  1  1    0.9999    0.8000    0.0000    0.0000   -0.0047   -0.1288    0.0503    0.0418   -0.0234   -0.5491  0.6055E+03  0.4121E+03 -0.3710E-13 -0.1039E-13  0.2228E-01  0.5572E-01  0.2725E+00  0.2377E+00  0.4941E+02  0.0000E+00
 3977.5732  1  1    0.9999    0.8000    0.0000    0.0000   -0.0046   -0.1287    0.0503    0.0418   -0.0231   -0.5489  0.6049E+03  0.4118E+03 -0.3733E-13 -0.1039E-13  0.2226E-01  0.5571E-01  0.2726E+00  0.2378E+00  0.4941E+02  0.0000E+00
 3987.0891  1  1    0.9999    0.8000    0.0000    0.0000   -0.0044   -0.1287    0.0503    0.0418   -0.0228   -0.5488  0.6042E+03  0.4115E+03 -0.3756E-13 -0.1039E-13  0.2225E-01  0.5571E-01  0.2728E+00  0.2378E+00  0.4941E+02  0.0000E+00
 3996.6047  1  1    0.9999    0.8000    0.0000    0.0000   -0.0043   -0.1287    0.0503    0.0418   -0.0224   -0.5487  0.6036E+03  0.4112E+03 -0.3756E-13 -0.1039E-13  0.2224E-01  0.5571E-01  0.2729E+00  0.2378E+00  0.4941E+02  0.0000E+00
 4006.1204  1  1    0.9999    0.8000    0.0000    0.0000   -0.0042   -0.1287    0.0503    0.0418   -0.0221   -0.5485  0.6030E+03  0.4109E+03 -0.3756E-13 -0.1039E-13  0.2222E-01  0.5570E-01  0.2731E+00  0.2378E+00  0.4941E+02  0.0000E+00
 4015.6362  1  1    0.9999    0.8000    0.0000    0.0000   -0.0041   -0.1286    0.0503    0.0418   -0.0218   -0.5484  0.6024E+03  0.4106E+03 -0.3756E-13 -0.1039E-13  0.2221E-01  0.5570E-01  0.2732E+00  0.2379E+00  0.4941E+02  0.0000E+00
 4025.1519  1  1    0.9999    0.8000    0.0000    0.0000   -0.0039   -0.1286    0.0503    0.0418   -0.0215   -0.5483  0.6017E+03  0.4103E+03 -0.3756E-13 -0.1039E-13  0.2220E-01  0.5569E-01  0.2734E+00  0.2379E+00  0.4941E+02  0.0000E+00
 4034.6677  1  1    0.9999    0.8000    0.0000    0.0000   -0.0038   -0.1286    0.0504    0.0418   -0.0211   -0.5481  0.6011E+03  0.4100E+03 -0.3756E-13 -0.1039E-13  0.2218E-01  0.5569E-01  0.2735E+00  0.2379E+00  0.4941E+02  0.0000E+00
 4044.1833  1  1    0.9999    0.8000    0.0000    0.0000   -0.0037   -0.1285    0.0504    0.0418   -0.0208   -0.5480  0.6005E+03  0.4097E+03 -0.3756E-13 -0.1039E-13  0.2217E-01  0.5569E-01  0.2737E+00  0.2380E+00  0.4941E+02  0.0000E+00
 4053.6992  1  1    0.9999    0.8000    0.0000    0.0000   -0.0036   -0.1285    0.0504    0.0418   -0.0205   -0.5479  0.5999E+03  0.4094E+03 -0.3756E-13 -0.1040E-13  0.2216E-01  0.5568E-01  0.2738E+00  0.2380E+00  0.4941E+02  0.0000E+00
 4063.2148  1  1    0.9999    0.8000    0.0000    0.0000   -0.0034   -0.1285    0.0504    0.0418   -0.0202   -0.5477  0.5993E+03  0.4091E+03 -0.3756E-13 -0.1041E-13  0.2214E-01  0.5568E-01  0.2740E+00  0.2380E+00  0.4941E+02  0.0000E+00
 4072.7305  1  1    0.9999    0.8000    0.0000    0.0000   -0.0033   -0.1285    0.0504    0.0418   -0.0198   -0.5476  0.5987E+03  0.4088E+03 -0.3756E-13 -0.1042E-13  0.2213E-01  0.5568E-01  0.2741E+00  0.2381E+00  0.4941E+02  0.0000E+00
 4082.2463  1  1    0.9999    0.8000    0.0000    0.0000   -0.0032   -0.1284    0.0504    0.0419   -0.0195   -0.5475  0.5980E+03  0.4085E+03 -0.3756E-13 -0.1042E-13  0.2212E-01  0.5567E-01  0.2743E+00  0.2381E+00  0.4941E+02  0.0000E+00
 4091.7620  1  1    0.9999    0.8000    0.0000    0.0000   -0.0031   -0.1284    0.0504    0.0419   -0.0192   -0.5474  0.5974E+03  0.4082E+03 -0.3779E-13 -0.1043E-13  0.2211E-01  0.5567E-01  0.2742E+00  0.2381E+00  0.4941E+02  0.0000E+00
 4101.2778  1  1    0.9999    0.8000    0.0000    0.0000   -0.0029   -0.1284    0.0505    0.0419   -0.0189   -0.5472  0.5968E+03  0.4079E+03 -0.3804E-13 -0.1044E-13  0.2209E-01  0.5566E-01  0.2741E+00  0.2382E+00  0.4941E+02  0.0000E+00
 4110.7935  1  1    0.9999    0.8000    0.0000    0.0000   -0.0028   -0.1283    0.0505    0.0419   -0.0185   -0.5471  0.5962E+03  0.4076E+03 -0.3806E-13 -0.1044E-13  0.2208E-01  0.5566E-01  0.2739E+00  0.2382E+00  0.4941E+02  0.0000E+00
 4120.3091  1  1    0.9999    0.8000    0.0000    0.0000   -0.0027   -0.1283    0.0505    0.0419   -0.0182   -0.5470  0.5956E+03  0.4073E+03 -0.3806E-13 -0.1044E-13  0.2207E-01  0.5566E-01  0.2738E+00  0.2382E+00  0.4941E+02  0.0000E+00
 4129.8247  1  1    0.9999    0.8000    0.0000    0.0000   -0.0025   -0.1283    0.0505    0.0419   -0.0179   -0.5468  0.5950E+03  0.4070E+03 -0.3806E-13 -0.1044E-13  0.2205E-01  0.5565E-01  0.2737E+00  0.2382E+00  0.4941E+02  0.0000E+00
 4139.3408  1  1    0.9999    0.8000    0.0000    0.0000   -0.0024   -0.1283    0.0505    0.0419   -0.0175   -0.5467  0.5943E+03  0.4067E+03 -0.3806E-13 -0.1044E-13  0.2204E-01  0.5565E-01  0.2736E+00  0.2383E+00  0.4941E+02  0.0000E+00
 4148.8564  1  1    0.9999    0.8000    0.0000    0.0000   -0.0023   -0.1282    0.0505    0.0419   -0.0172   -0.5466  0.5937E+03  0.4064E+03 -0.3806E-13 -0.1044E-13  0.2203E-01  0.5565E-01  0.2735E+00  0.2383E+00  0.4941E+02  0.0000E+00
 4158.3721  1  1    0.9999    0.8000    0.0000    0.0000   -0.0022   -0.1282    0.0505    0.0419   -0.0169   -0.5464  0.5931E+03  0.4061E+03 -0.3806E-13 -0.1044E-13  0.2201E-01  0.5564E-01  0.2734E+00  0.2383E+00  0.4941E+02  0.0000E+00
 4167.8877  1  1    0.9999    0.8000    0.0000    0.0000   -0.0020   -0.1282    0.0506    0.0419   -0.0166   -0.5463  0.5925E+03  0.4058E+03 -0.3806E-13 -0.1044E-13  0.2200E-01  0.5564E-01  0.2732E+00  0.2384E+00  0.4941E+02  0.0000E+00
 4177.4033  1  1    0.9999    0.8000    0.0000    0.0000   -0.0019   -0.1281    0.0506    0.0419   -0.0162   -0.5462  0.5919E+03  0.4055E+03 -0.3806E-13 -0.1044E-13  0.2199E-01  0.5563E-01  0.2731E+00  0.2384E+00  0.4941E+02  0.0000E+00
 4186.9194  1  1    0.9999    0.8000    0.0000    0.0000   -0.0018   -0.1281    0.0506    0.0419   -0.0159   -0.5460  0.5913E+03  0.4052E+03 -0.3806E-13 -0.1045E-13  0.2198E-01  0.5563E-01  0.2730E+00  0.2384E+00  0.4941E+02  0.0000E+00
 4196.4351  1  1    0.9999    0.8000    0.0000    0.0000   -0.0016   -0.1281    0.0506    0.0419   -0.0156   -0.5459  0.5907E+03  0.4049E+03 -0.3806E-13 -0.1046E-13  0.2196E-01  0.5563E-01  0.2729E+00  0.2385E+00  0.4941E+02  0.0000E+00
 4205.9507  1  1    0.9999    0.8000    0.0000    0.0000   -0.0015   -0.1281    0.0506    0.0419   -0.0152   -0.5458  0.5901E+03  0.4046E+03 -0.3819E-13 -0.1047E-13  0.2195E-01  0.5562E-01  0.2729E+00  0.2385E+00  0.4941E+02  0.0000E+00
 4215.4663  1  1    0.9999    0.8000    0.0000    0.0000   -0.0014   -0.1280    0.0506    0.0419   -0.0149   -0.5457  0.5895E+03  0.4044E+03 -0.3844E-13 -0.1048E-13  0.2194E-01  0.5562E-01  0.2730E+00  0.2385E+00  0.4941E+02  0.0000E+00
 4224.9819  1  1    0.9999    0.8000    0.0000    0.0000   -0.0012   -0.1280    0.0507    0.0419   -0.0146   -0.5455  0.5889E+03  0.4041E+03 -0.3856E-13 -0.1048E-13  0.2193E-01  0.5562E-01  0.2732E+00  0.2386E+00  0.4941E+02  0.0000E+00
 4234.4980  1  1    0.9999    0.8000    0.0000    0.0000   -0.0011   -0.1280    0.0507    0.0419   -0.0142   -0.5454  0.5883E+03  0.4038E+03 -0.3856E-13 -0.1048E-13  0.2191E-01  0.5561E-01  0.2733E+00  0.2386E+00  0.4941E+02  0.0000E+00
 4244.0137  1  1    0.9999    0.8000    0.0000    0.0000   -0.0010   -0.1279    0.0507    0.0419   -0.0139   -0.5453  0.5877E+03  0.4035E+03 -0.3856E-13 -0.1048E-13  0.2190E-01  0.5561E-01  0.2735E+00  0.2386E+00  0.4941E+02  0.0000E+00
 4253.5293  1  1    0.9999    0.8000    0.0000    0.0000   -0.0009   -0.1279    0.0507    0.0419   -0.0136   -0.5451  0.5871E+03  0.4032E+03 -0.3856E-13 -0.1048E-13  0.2189E-01  0.5560E-01  0.2736E+00  0.2386E+00  0.4941E+02  0.0000E+00
 4263.0449  1  1    0.9999    0.8000    0.0000    0.0000   -0.0007   -0.1279    0.0507    0.0419   -0.0132   -0.5450  0.5865E+03  0.4029E+03 -0.3856E-13 -0.1048E-13  0.2188E-01  0.5560E-01  0.2737E+00  0.2387E+00  0.4941E+02  0.0000E+00
 4272.5605  1  1    0.9999    0.8000    0.0000    0.0000   -0.0006   -0.1279    0.0507    0.0419   -0.0129   -0.5449  0.5859E+03  0.4026E+03 -0.3856E-13 -0.1048E-13  0.2187E-01  0.5560E-01  0.2739E+00  0.2387E+00  0.4941E+02  0.0000E+00
 4282.0767  1  1    0.9999    0.8000    0.0000    0.0000   -0.0005   -0.1278    0.0507    0.0419   -0.0126   -0.5447  0.5853E+03  0.4023E+03 -0.3856E-13 -0.1048E-13  0.2186E-01  0.5559E-01  0.2740E+00  0.2387E+00  0.4941E+02  0.0000E+00
 4291.5923  1  1    0.9999    0.8000    0.0000    0.0000   -0.0003   -0.1278    0.0508    0.0419   -0.0123   -0.5446  0.5847E+03  0.4020E+03 -0.3856E-13 -0.1048E-13  0.2184E-01  0.5559E-01  0.2741E+00  0.2388E+00  0.4941E+02  0.0000E+00
 4301.1079  1  1    0.9999    0.8000    0.0000    0.0000   -0.0002   -0.1278    0.0508    0.0419   -0.0119   -0.5445  0.5841E+03  0.4017E+03 -0.3856E-13 -0.1048E-13  0.2183E-01  0.5558E-01  0.2743E+00  0.2388E+00  0.4941E+02  0.0000E+00
 4310.6235  1  1    0.9999    0.8000    0.0000    0.0000   -0.0001   -0.1277    0.0508    0.0419   -0.0116   -0.5443  0.5835E+03  0.4015E+03 -0.3856E-13 -0.1049E-13  0.2182E-01  0.5558E-01  0.2744E+00  0.2388E+00  0.4941E+02  0.0000E+00
 4320.1396  1  1    0.9999    0.8000    0.0000    0.0000    0.0001   -0.1277    0.0508    0.0419   -0.0113   -0.5442  0.5829E+03  0.4012E+03 -0.3856E-13 -0.1050E-13  0.2181E-01  0.5558E-01  0.2745E+00  0.2389E+00  0.4941E+02  0.0000E+00
 4329.6553  1  1    0.9999    0.8000    0.0000    0.0000    0.0002   -0.1277    0.0508    0.0419   -0.0109   -0.5441  0.5823E+03  0.4009E+03 -0.3877E-13 -0.1051E-13  0.2180E-01  0.5557E-01  0.2747E+00  0.2389E+00  0.4941E+02  0.0000E+00
 4339.1709  1  1    0.9999    0.8000    0.0000    0.0000    0.0003   -0.1277    0.0508    0.0419   -0.0106   -0.5439  0.5817E+03  0.4006E+03 -0.3903E-13 -0.1052E-13  0.2179E-01  0.5557E-01  0.2749E+00  0.2389E+00  0.4941E+02  0.0000E+00
 4348.6865  1  1    0.9999    0.8000    0.0000    0.0000    0.0005   -0.1276    0.0509    0.0419   -0.0103   -0.5438  0.5811E+03  0.4003E+03 -0.3910E-13 -0.1053E-13  0.2177E-01  0.5557E-01  0.2750E+00  0.2389E+00  0.4941E+02  0.0000E+00
 4358.2021  1  1    0.9999    0.8000    0.0000    0.0000    0.0006   -0.1276    0.0509    0.0419   -0.0099   -0.5437  0.5805E+03  0.4000E+03 -0.3910E-13 -0.1053E-13  0.2176E-01  0.5556E-01  0.2752E+00  0.2389E+00  0.4941E+02  0.0000E+00
 4367.7183  1  1    0.9999    0.8000    0.0000    0.0000    0.0007   -0.1276    0.0509    0.0419   -0.0096   -0.5435  0.5799E+03  0.3997E+03 -0.3910E-13 -0.1053E-13  0.2175E-01  0.5556E-01  0.2753E+00  0.2389E+00  0.4941E+02  0.0000E+00
 4377.2339  1  1    0.9999    0.8000    0.0000    0.0000    0.0009   -0.1275    0.0509    0.0419   -0.0093   -0.5434  0.5793E+03  0.3995E+03 -0.3910E-13 -0.1053E-13  0.2174E-01  0.5555E-01  0.2755E+00  0.2389E+00  0.4941E+02  0.0000E+00
 4386.7495  1  1    0.9999    0.8000    0.0000    0.0000    0.0010   -0.1275    0.0509    0.0419   -0.0089   -0.5433  0.5787E+03  0.3992E+03 -0.3910E-13 -0.1053E-13  0.2173E-01  0.5555E-01  0.2756E+00  0.2389E+00  0.4941E+02  0.0000E+00
 4396.2651  1  1    0.9999    0.8000    0.0000    0.0000    0.0011   -0.1275    0.0509    0.0419   -0.0086   -0.5432  0.5781E+03  0.3989E+03 -0.3910E-13 -0.1053E-13  0.2171E-01  0.5555E-01  0.2758E+00  0.2389E+00  0.4941E+02  0.0000E+00
 4405.7808  1  1    0.9999    0.8000    0.0000    0.0000    0.0012   -0.1275    0.0509    0.0419   -0.0083   -0.5430  0.5775E+03  0.3986E+03 -0.3910E-13 -0.1053E-13  0.2170E-01  0.5554E-01  0.2759E+00  0.2389E+00  0.4941E+02  0.0000E+00
 4415.2969  1  1    0.9999    0.8000    0.0000    0.0000    0.0014   -0.1274    0.0510    0.0419   -0.0079   -0.5429  0.5769E+03  0.3983E+03 -0.3910E-13 -0.1053E-13  0.2169E-01  0.5554E-01  0.2761E+00  0.2389E+00  0.4941E+02  0.0000E+00
 4424.8125  1  1    0.9999    0.8000    0.0000    0.0000    0.0015   -0.1274    0.0510    0.0419   -0.0076   -0.5428  0.5763E+03  0.3981E+03 -0.3910E-13 -0.1053E-13  0.2168E-01  0.5554E-01  0.2762E+00  0.2389E+00  0.4941E+02  0.0000E+00
 4434.3281  1  1    0.9999    0.8000    0.0000    0.0000    0.0016   -0.1274    0.0510    0.0420   -0.0073   -0.5426  0.5757E+03  0.3978E+03 -0.3910E-13 -0.1054E-13  0.2167E-01  0.5553E-01  0.2764E+00  0.2389E+00  0.4941E+02  0.0000E+00
 4443.8438  1  1    0.9999    0.8000    0.0000    0.0000    0.0018   -0.1273    0.0510    0.0420   -0.0069   -0.5425  0.5752E+03  0.3975E+03 -0.3910E-13 -0.1055E-13  0.2166E-01  0.5553E-01  0.2765E+00  0.2390E+00  0.4941E+02  0.0000E+00
 4453.3594  1  1    0.9999    0.8000    0.0000    0.0000    0.0019   -0.1273    0.0510    0.0420   -0.0066   -0.5424  0.5746E+03  0.3972E+03 -0.3923E-13 -0.1056E-13  0.2164E-01  0.5552E-01  0.2767E+00  0.2389E+00  0.4941E+02  0.0000E+00
 4462.8755  1  1    0.9999    0.8000    0.0000    0.0000    0.0020   -0.1273    0.0510    0.0420   -0.0062   -0.5422  0.5740E+03  0.3969E+03 -0.3944E-13 -0.1057E-13  0.2163E-01  0.5552E-01  0.2769E+00  0.2389E+00  0.4941E+02  0.0000E+00
 4472.3911  1  1    0.9999    0.8000    0.0000    0.0000    0.0022   -0.1273    0.0511    0.0420   -0.0059   -0.5421  0.5734E+03  0.3967E+03 -0.3951E-13 -0.1058E-13  0.2162E-01  0.5552E-01  0.2770E+00  0.2388E+00  0.4941E+02  0.0000E+00
 4481.9067  1  1    0.9999    0.8000    0.0000    0.0000    0.0023   -0.1272    0.0511    0.0420   -0.0056   -0.5420  0.5728E+03  0.3964E+03 -0.3951E-13 -0.1059E-13  0.2161E-01  0.5551E-01  0.2772E+00  0.2388E+00  0.4941E+02  0.0000E+00
 4491.4224  1  1    0.9999    0.8000    0.0000    0.0000    0.0025   -0.1272    0.0511    0.0420   -0.0052   -0.5418  0.5722E+03  0.3961E+03 -0.3955E-13 -0.1059E-13  0.2159E-01  0.5551E-01  0.2773E+00  0.2387E+00  0.4941E+02  0.0000E+00
 4500.9380  1  1    0.9999    0.8000    0.0000    0.0000    0.0026   -0.1272    0.0511    0.0420   -0.0049   -0.5417  0.5716E+03  0.3958E+03 -0.3959E-13 -0.1059E-13  0.2158E-01  0.5551E-01  0.2775E+00  0.2387E+00  0.4941E+02  0.0000E+00
 4510.4541  1  1    0.9999    0.8000    0.0000    0.0000    0.0027   -0.1271    0.0511    0.0420   -0.0046   -0.5416  0.5710E+03  0.3955E+03 -0.3959E-13 -0.1059E-13  0.2157E-01  0.5550E-01  0.2776E+00  0.2386E+00  0.4941E+02  0.0000E+00
 4519.9697  1  1    0.9999    0.8000    0.0000    0.0000    0.0029   -0.1271    0.0511    0.0420   -0.0042   -0.5414  0.5705E+03  0.3953E+03 -0.3961E-13 -0.1059E-13  0.2156E-01  0.5550E-01  0.2778E+00  0.2386E+00  0.4941E+02  0.0000E+00
 4529.4854  1  1    0.9999    0.8000    0.0000    0.0000    0.0030   -0.1271    0.0512    0.0420   -0.0039   -0.5413  0.5699E+03  0.3950E+03 -0.3971E-13 -0.1059E-13  0.2155E-01  0.5550E-01  0.2780E+00  0.2385E+00  0.4941E+02  0.0000E+00
 4539.0010  1  1    0.9999    0.8000    0.0000    0.0000    0.0031   -0.1271    0.0512    0.0420   -0.0036   -0.5412  0.5693E+03  0.3947E+03 -0.3978E-13 -0.1059E-13  0.2153E-01  0.5549E-01  0.2781E+00  0.2385E+00  0.4941E+02  0.0000E+00
 4548.5166  1  1    0.9998    0.8000    0.0000    0.0000    0.0033   -0.1270    0.0512    0.0420   -0.0032   -0.5410  0.5687E+03  0.3944E+03 -0.3978E-13 -0.1059E-13  0.2152E-01  0.5549E-01  0.2783E+00  0.2384E+00  0.4941E+02  0.0000E+00
 4558.0327  1  1    0.9998    0.8000    0.0000    0.0000    0.0034   -0.1270    0.0512    0.0420   -0.0029   -0.5409  0.5681E+03  0.3942E+03 -0.3982E-13 -0.1059E-13  0.2151E-01  0.5548E-01  0.2784E+00  0.2384E+00  0.4941E+02  0.0000E+00
 4567.5483  1  1    0.9998    0.8000    0.0000    0.0000    0.0035   -0.1270    0.0512    0.0420   -0.0025   -0.5408  0.5675E+03  0.3939E+03 -0.3991E-13 -0.1059E-13  0.2150E-01  0.5548E-01  0.2786E+00  0.2383E+00  0.4941E+02  0.0000E+00
 4577.0640  1  1    0.9998    0.8000    0.0000    0.0000    0.0037   -0.1269    0.0512    0.0420   -0.0022   -0.5406  0.5669E+03  0.3936E+03 -0.3996E-13 -0.1060E-13  0.2148E-01  0.5548E-01  0.2787E+00  0.2383E+00  0.4941E+02  0.0000E+00
 4586.5796  1  1    0.9998    0.8000    0.0000    0.0000    0.0038   -0.1269    0.0512    0.0420   -0.0019   -0.5405  0.5664E+03  0.3934E+03 -0.3996E-13 -0.1061E-13  0.2147E-01  0.5547E-01  0.2789E+00  0.2383E+00  0.4941E+02  0.0000E+00
 4596.0952  1  1    0.9998    0.8000    0.0000    0.0000    0.0040   -0.1269    0.0513    0.0420   -0.0015   -0.5404  0.5658E+03  0.3931E+03 -0.3999E-13 -0.1062E-13  0.2146E-01  0.5547E-01  0.2791E+00  0.2383E+00  0.4941E+02  0.0000E+00
 4605.6113  1  1    0.9998    0.8000    0.0000    0.0000    0.0041   -0.1269    0.0513    0.0420   -0.0012   -0.5402  0.5652E+03  0.3928E+03 -0.4004E-13 -0.1063E-13  0.2144E-01  0.5547E-01  0.2792E+00  0.2384E+00  0.4941E+02  0.0000E+00
 4615.1270  1  1    0.9998    0.8000    0.0000    0.0000    0.0042   -0.1268    0.0513    0.0420   -0.0008   -0.5401  0.5646E+03  0.3925E+03 -0.4006E-13 -0.1064E-13  0.2143E-01  0.5546E-01  0.2794E+00  0.2384E+00  0.4941E+02  0.0000E+00
 4624.6426  1  1    0.9998    0.8000    0.0000    0.0000    0.0044   -0.1268    0.0513    0.0420   -0.0005   -0.5400  0.5641E+03  0.3923E+03 -0.4006E-13 -0.1064E-13  0.2142E-01  0.5546E-01  0.2795E+00  0.2384E+00  0.4941E+02  0.0000E+00
 4634.1582  1  1    0.9998    0.8000    0.0000    0.0000    0.0045   -0.1268    0.0513    0.0420   -0.0002   -0.5398  0.5635E+03  0.3920E+03 -0.4017E-13 -0.1064E-13  0.2141E-01  0.5546E-01  0.2797E+00  0.2384E+00  0.4941E+02  0.0000E+00
 4643.6743  1  1    0.9998    0.8000    0.0000    0.0000    0.0046   -0.1267    0.0513    0.0420    0.0002   -0.5397  0.5629E+03  0.3917E+03 -0.4030E-13 -0.1064E-13  0.2139E-01  0.5545E-01  0.2799E+00  0.2385E+00  0.4941E+02  0.0000E+00
 4653.1899  1  1    0.9998    0.8000    0.0000    0.0000    0.0048   -0.1267    0.0514    0.0420    0.0005   -0.5396  0.5623E+03  0.3915E+03 -0.4033E-13 -0.1064E-13  0.2138E-01  0.5545E-01  0.2800E+00  0.2385E+00  0.4941E+02  0.0000E+00
 4662.7056  1  1    0.9998    0.8000    0.0000    0.0000    0.0049   -0.1267    0.0514    0.0420    0.0009   -0.5394  0.5618E+03  0.3912E+03 -0.4033E-13 -0.1064E-13  0.2137E-01  0.5544E-01  0.2802E+00  0.2385E+00  0.4941E+02  0.0000E+00
 4672.2212  1  1    0.9998    0.8000    0.0000    0.0000    0.0050   -0.1267    0.0514    0.0420    0.0012   -0.5393  0.5612E+03  0.3909E+03 -0.4038E-13 -0.1064E-13  0.2136E-01  0.5544E-01  0.2801E+00  0.2386E+00  0.4941E+02  0.0000E+00
 4681.7368  1  1    0.9998    0.8000    0.0000    0.0000    0.0052   -0.1266    0.0514    0.0420    0.0015   -0.5392  0.5606E+03  0.3907E+03 -0.4043E-13 -0.1064E-13  0.2134E-01  0.5544E-01  0.2801E+00  0.2386E+00  0.4941E+02  0.0000E+00
 4691.2529  1  1    0.9998    0.8000    0.0000    0.0000    0.0053   -0.1266    0.0514    0.0420    0.0019   -0.5390  0.5600E+03  0.3904E+03 -0.4044E-13 -0.1064E-13  0.2133E-01  0.5543E-01  0.2801E+00  0.2386E+00  0.4941E+02  0.0000E+00
 4700.7686  1  1    0.9998    0.8000    0.0000    0.0000    0.0055   -0.1266    0.0514    0.0420    0.0022   -0.5389  0.5595E+03  0.3901E+03 -0.4044E-13 -0.1064E-13  0.2132E-01  0.5543E-01  0.2800E+00  0.2387E+00  0.4941E+02  0.0000E+00
 4710.2842  1  1    0.9998    0.8000    0.0000    0.0000    0.0056   -0.1265    0.0515    0.0420    0.0026   -0.5388  0.5589E+03  0.3898E+03 -0.4053E-13 -0.1064E-13  0.2131E-01  0.5543E-01  0.2796E+00  0.2387E+00  0.4941E+02  0.0000E+00
 4719.7998  1  1    0.9998    0.8000    0.0000    0.0000    0.0057   -0.1265    0.0515    0.0420    0.0029   -0.5386  0.5583E+03  0.3896E+03 -0.4062E-13 -0.1066E-13  0.2130E-01  0.5542E-01  0.2792E+00  0.2387E+00  0.4941E+02  0.0000E+00
 4729.3154  1  1    0.9998    0.7999    0.0000    0.0000    0.0059   -0.1265    0.0515    0.0420    0.0033   -0.5385  0.5577E+03  0.3893E+03 -0.4062E-13 -0.1067E-13  0.2128E-01  0.5542E-01  0.2788E+00  0.2388E+00  0.4941E+02  0.0000E+00
 4738.8315  1  1    0.9998    0.7999    0.0000    0.0000    0.0060   -0.1265    0.0515    0.0420    0.0036   -0.5384  0.5572E+03  0.3891E+03 -0.4063E-13 -0.1068E-13  0.2127E-01  0.5542E-01  0.2784E+00  0.2388E+00  0.4941E+02  0.0000E+00
 4748.3472  1  1    0.9998    0.7999    0.0000    0.0000    0.0062   -0.1264    0.0515    0.0420    0.0039   -0.5382  0.5566E+03  0.3888E+03 -0.4074E-13 -0.1069E-13  0.2126E-01  0.5541E-01  0.2784E+00  0.2388E+00  0.4941E+02  0.0000E+00
 4757.8628  1  1    0.9998    0.7999    0.0000    0.0000    0.0063   -0.1264    0.0515    0.0420    0.0043   -0.5381  0.5560E+03  0.3885E+03 -0.4083E-13 -0.1070E-13  0.2125E-01  0.5541E-01  0.2784E+00  0.2389E+00  0.4941E+02  0.0000E+00
 4767.3784  1  1    0.9998    0.7999    0.0000    0.0000    0.0064   -0.1264    0.0516    0.0420    0.0046   -0.5380  0.5555E+03  0.3883E+03 -0.4083E-13 -0.1070E-13  0.2124E-01  0.5540E-01  0.2785E+00  0.2389E+00  0.4941E+02  0.0000E+00
 4776.8940  1  1    0.9998    0.7999    0.0000    0.0000    0.0066   -0.1263    0.0516    0.0421    0.0050   -0.5378  0.5549E+03  0.3880E+03 -0.4084E-13 -0.1070E-13  0.2123E-01  0.5540E-01  0.2785E+00  0.2389E+00  0.4941E+02  0.0000E+00
 4786.4102  1  1    0.9998    0.7999    0.0000    0.0000    0.0067   -0.1263    0.0516    0.0421    0.0053   -0.5377  0.5543E+03  0.3877E+03 -0.4090E-13 -0.1070E-13  0.2122E-01  0.5540E-01  0.2787E+00  0.2390E+00  0.4941E+02  0.0000E+00
 4795.9258  1  1    0.9998    0.7999    0.0000    0.0000    0.0069   -0.1263    0.0516    0.0421    0.0057   -0.5376  0.5538E+03  0.3875E+03 -0.4095E-13 -0.1070E-13  0.2121E-01  0.5539E-01  0.2788E+00  0.2390E+00  0.4941E+02  0.0000E+00
 4805.4414  1  1    0.9998    0.7999    0.0000    0.0000    0.0070   -0.1263    0.0516    0.0421    0.0060   -0.5374  0.5532E+03  0.3872E+03 -0.4095E-13 -0.1070E-13  0.2120E-01  0.5539E-01  0.2790E+00  0.2390E+00  0.4941E+02  0.0000E+00
 4814.9570  1  1    0.9998    0.7999    0.0000    0.0000    0.0071   -0.1262    0.0516    0.0421    0.0064   -0.5373  0.5526E+03  0.3869E+03 -0.4097E-13 -0.1070E-13  0.2119E-01  0.5539E-01  0.2791E+00  0.2391E+00  0.4941E+02  0.0000E+00
 4824.4727  1  1    0.9998    0.7999    0.0000    0.0000    0.0073   -0.1262    0.0517    0.0421    0.0067   -0.5372  0.5521E+03  0.3867E+03 -0.4109E-13 -0.1070E-13  0.2118E-01  0.5538E-01  0.2793E+00  0.2391E+00  0.4941E+02  0.0000E+00
 4833.9888  1  1    0.9998    0.7999    0.0000    0.0000    0.0074   -0.1262    0.0517    0.0421    0.0070   -0.5370  0.5515E+03  0.3864E+03 -0.4119E-13 -0.1070E-13  0.2116E-01  0.5538E-01  0.2795E+00  0.2391E+00  0.4941E+02  0.0000E+00
 4843.5044  1  1    0.9998    0.7999    0.0000    0.0000    0.0076   -0.1261    0.0517    0.0421    0.0074   -0.5369  0.5509E+03  0.3862E+03 -0.4119E-13 -0.1070E-13  0.2115E-01  0.5538E-01  0.2796E+00  0.2391E+00  0.4941E+02  0.0000E+00
 4853.0200  1  1    0.9998    0.7999    0.0000    0.0000    0.0077   -0.1261    0.0517    0.0421    0.0077   -0.5368  0.5504E+03  0.3859E+03 -0.4121E-13 -0.1070E-13  0.2114E-01  0.5537E-01  0.2798E+00  0.2392E+00  0.4941E+02  0.0000E+00
 4862.5356  1  1    0.9998    0.7999    0.0000    0.0000    0.0078   -0.1261    0.0517    0.0421    0.0081   -0.5366  0.5498E+03  0.3856E+03 -0.4130E-13 -0.1072E-13  0.2113E-01  0.5537E-01  0.2799E+00  0.2392E+00  0.4941E+02  0.0000E+00
 4872.0513  1  1    0.9998    0.7999    0.0000    0.0000    0.0080   -0.1261    0.0517    0.0421    0.0084   -0.5365  0.5493E+03  0.3854E+03 -0.4137E-13 -0.1073E-13  0.2112E-01  0.5536E-01  0.2801E+00  0.2392E+00  0.4941E+02  0.0000E+00
 4881.5674  1  1    0.9998    0.7999    0.0000    0.0000    0.0081   -0.1260    0.0518    0.0421    0.0088   -0.5364  0.5487E+03  0.3851E+03 -0.4137E-13 -0.1074E-13  0.2111E-01  0.5536E-01  0.2803E+00  0.2393E+00  0.4941E+02  0.0000E+00
 4891.0830  1  1    0.9998    0.7999    0.0000    0.0000    0.0083   -0.1260    0.0518    0.0421    0.0091   -0.5362  0.5481E+03  0.3849E+03 -0.4138E-13 -0.1075E-13  0.2110E-01  0.5536E-01  0.2804E+00  0.2393E+00  0.4941E+02  0.0000E+00
 4900.5986  1  1    0.9998    0.7999    0.0000    0.0000    0.0084   -0.1260    0.0518    0.0421    0.0095   -0.5361  0.5476E+03  0.3846E+03 -0.4144E-13 -0.1076E-13  0.2109E-01  0.5535E-01  0.2806E+00  0.2393E+00  0.4941E+02  0.0000E+00
 4910.1143  1  1    0.9998    0.7999    0.0000    0.0000    0.0086   -0.1259    0.0518    0.0421    0.0098   -0.5360  0.5470E+03  0.3843E+03 -0.4150E-13 -0.1076E-13  0.2108E-01  0.5535E-01  0.2808E+00  0.2394E+00  0.4941E+02  0.0000E+00
 4919.6304  1  1    0.9998    0.7999    0.0000    0.0000    0.0087   -0.1259    0.0518    0.0421    0.0102   -0.5358  0.5465E+03  0.3841E+03 -0.4150E-13 -0.1076E-13  0.2107E-01  0.5535E-01  0.2809E+00  0.2394E+00  0.4941E+02  0.0000E+00
 4929.1460  1  1    0.9998    0.7999    0.0000    0.0000    0.0088   -0.1259    0.0518    0.0421    0.0105   -0.5357  0.5459E+03  0.3838E+03 -0.4151E-13 -0.1076E-13  0.2106E-01  0.5534E-01  0.2811E+00  0.2394E+00  0.4941E+02  0.0000E+00
 4938.6616  1  1    0.9998    0.7999    0.0000    0.0000    0.0090   -0.1258    0.0519    0.0421    0.0109   -0.5356  0.5453E+03  0.3836E+03 -0.4165E-13 -0.1076E-13  0.2105E-01  0.5534E-01  0.2812E+00  0.2395E+00  0.4941E+02  0.0000E+00
 4948.1772  1  1    0.9998    0.7999    0.0000    0.0000    0.0091   -0.1258    0.0519    0.0421    0.0112   -0.5354  0.5448E+03  0.3833E+03 -0.4177E-13 -0.1076E-13  0.2103E-01  0.5533E-01  0.2814E+00  0.2395E+00  0.4941E+02  0.0000E+00
 4957.6929  1  1    0.9998    0.7999    0.0000    0.0000    0.0093   -0.1258    0.0519    0.0421    0.0116   -0.5353  0.5442E+03  0.3831E+03 -0.4177E-13 -0.1076E-13  0.2102E-01  0.5533E-01  0.2816E+00  0.2395E+00  0.4941E+02  0.0000E+00
 4967.2090  1  1    0.9998    0.7999    0.0000    0.0000    0.0094   -0.1258    0.0519    0.0421    0.0119   -0.5352  0.5437E+03  0.3828E+03 -0.4177E-13 -0.1076E-13  0.2101E-01  0.5533E-01  0.2817E+00  0.2396E+00  0.4941E+02  0.0000E+00
 4976.7246  1  1    0.9998    0.7999    0.0000    0.0000    0.0096   -0.1257    0.0519    0.0421    0.0123   -0.5350  0.5431E+03  0.3826E+03 -0.4185E-13 -0.1076E-13  0.2100E-01  0.5532E-01  0.2819E+00  0.2396E+00  0.4941E+02  0.0000E+00
 4986.2402  1  1    0.9998    0.7999    0.0000    0.0000    0.0097   -0.1257    0.0519    0.0421    0.0126   -0.5349  0.5425E+03  0.3823E+03 -0.4194E-13 -0.1076E-13  0.2099E-01  0.5532E-01  0.2821E+00  0.2396E+00  0.4941E+02  0.0000E+00
 4995.7559  1  1    0.9998    0.7999    0.0000    0.0000    0.0098   -0.1257    0.0520    0.0421    0.0130   -0.5348  0.5420E+03  0.3820E+03 -0.4194E-13 -0.1076E-13  0.2098E-01  0.5532E-01  0.2822E+00  0.2397E+00  0.4941E+02  0.0000E+00
 5005.2715  1  1    0.9998    0.7999    0.0000    0.0000    0.0100   -0.1256    0.0520    0.0421    0.0133   -0.5346  0.5414E+03  0.3818E+03 -0.4194E-13 -0.1077E-13  0.2097E-01  0.5531E-01  0.2824E+00  0.2397E+00  0.4941E+02  0.0000E+00
 5014.7876  1  1    0.9998    0.7999    0.0000    0.0000    0.0101   -0.1256    0.0520    0.0421    0.0137   -0.5345  0.5409E+03  0.3815E+03 -0.4200E-13 -0.1078E-13  0.2096E-01  0.5531E-01  0.2826E+00  0.2397E+00  0.4941E+02  0.0000E+00
 5024.3032  1  1    0.9998    0.7999    0.0000    0.0000    0.0103   -0.1256    0.0520    0.0421    0.0140   -0.5344  0.5403E+03  0.3813E+03 -0.4208E-13 -0.1079E-13  0.2095E-01  0.5530E-01  0.2827E+00  0.2398E+00  0.4941E+02  0.0000E+00
 5033.8188  1  1    0.9998    0.7999    0.0000    0.0000    0.0104   -0.1256    0.0520    0.0421    0.0144   -0.5342  0.5398E+03  0.3810E+03 -0.4209E-13 -0.1081E-13  0.2093E-01  0.5530E-01  0.2829E+00  0.2398E+00  0.4941E+02  0.0000E+00
 5043.3345  1  1    0.9998    0.7999    0.0000    0.0000    0.0106   -0.1255    0.0521    0.0421    0.0147   -0.5341  0.5392E+03  0.3808E+03 -0.4209E-13 -0.1082E-13  0.2092E-01  0.5530E-01  0.2830E+00  0.2398E+00  0.4941E+02  0.0000E+00
 5052.8501  1  1    0.9998    0.7999    0.0000    0.0000    0.0107   -0.1255    0.0521    0.0421    0.0151   -0.5340  0.5387E+03  0.3805E+03 -0.4218E-13 -0.1082E-13  0.2091E-01  0.5529E-01  0.2832E+00  0.2399E+00  0.4941E+02  0.0000E+00
 5062.3662  1  1    0.9998    0.7999    0.0000    0.0000    0.0109   -0.1255    0.0521    0.0421    0.0154   -0.5338  0.5381E+03  0.3803E+03 -0.4233E-13 -0.1082E-13  0.2090E-01  0.5529E-01  0.2834E+00  0.2399E+00  0.4941E+02  0.0000E+00
 5071.8818  1  1    0.9998    0.7999    0.0000    0.0000    0.0110   -0.1254    0.0521    0.0421    0.0158   -0.5337  0.5376E+03  0.3800E+03 -0.4237E-13 -0.1082E-13  0.2089E-01  0.5529E-01  0.2835E+00  0.2399E+00  0.4941E+02  0.0000E+00
 5081.3975  1  1    0.9998    0.7999    0.0000    0.0000    0.0111   -0.1254    0.0521    0.0421    0.0161   -0.5335  0.5370E+03  0.3798E+03 -0.4237E-13 -0.1082E-13  0.2088E-01  0.5528E-01  0.2837E+00  0.2400E+00  0.4941E+02  0.0000E+00
 5090.9131  1  1    0.9998    0.7999    0.0000    0.0000    0.0113   -0.1254    0.0521    0.0421    0.0165   -0.5334  0.5365E+03  0.3795E+03 -0.4241E-13 -0.1082E-13  0.2087E-01  0.5528E-01  0.2839E+00  0.2400E+00  0.4941E+02  0.0000E+00
 5100.4287  1  1    0.9998    0.7999    0.0000    0.0000    0.0114   -0.1253    0.0522    0.0421    0.0168   -0.5333  0.5359E+03  0.3793E+03 -0.4250E-13 -0.1082E-13  0.2086E-01  0.5527E-01  0.2840E+00  0.2400E+00  0.4941E+02  0.0000E+00
 5109.9448  1  1    0.9998    0.7999    0.0000    0.0000    0.0116   -0.1253    0.0522    0.0421    0.0172   -0.5331  0.5354E+03  0.3790E+03 -0.4254E-13 -0.1082E-13  0.2085E-01  0.5527E-01  0.2842E+00  0.2401E+00  0.4941E+02  0.0000E+00
 5119.4604  1  1    0.9998    0.7999    0.0000    0.0000    0.0117   -0.1253    0.0522    0.0422    0.0175   -0.5330  0.5348E+03  0.3788E+03 -0.4254E-13 -0.1082E-13  0.2083E-01  0.5527E-01  0.2844E+00  0.2401E+00  0.4941E+02  0.0000E+00
 5128.9761  1  1    0.9998    0.7999    0.0000    0.0000    0.0119   -0.1253    0.0522    0.0422    0.0179   -0.5329  0.5343E+03  0.3785E+03 -0.4257E-13 -0.1082E-13  0.2082E-01  0.5526E-01  0.2845E+00  0.2401E+00  0.4941E+02  0.0000E+00
 5138.4917  1  1    0.9998    0.7999    0.0000    0.0000    0.0120   -0.1252    0.0522    0.0422    0.0182   -0.5327  0.5337E+03  0.3783E+03 -0.4265E-13 -0.1082E-13  0.2081E-01  0.5526E-01  0.2847E+00  0.2401E+00  0.4941E+02  0.0000E+00
 5148.0073  1  1    0.9998    0.7999    0.0000    0.0000    0.0122   -0.1252    0.0522    0.0422    0.0186   -0.5326  0.5332E+03  0.3780E+03 -0.4271E-13 -0.1082E-13  0.2080E-01  0.5526E-01  0.2849E+00  0.2402E+00  0.4941E+02  0.0000E+00
 5157.5234  1  1    0.9998    0.7999    0.0000    0.0000    0.0123   -0.1252    0.0523    0.0422    0.0190   -0.5325  0.5326E+03  0.3778E+03 -0.4271E-13 -0.1083E-13  0.2079E-01  0.5525E-01  0.2850E+00  0.2402E+00  0.4941E+02  0.0000E+00
 5167.0391  1  1    0.9998    0.7999    0.0000    0.0000    0.0125   -0.1251    0.0523    0.0422    0.0193   -0.5323  0.5321E+03  0.3775E+03 -0.4271E-13 -0.1084E-13  0.2078E-01  0.5525E-01  0.2852E+00  0.2402E+00  0.4941E+02  0.0000E+00
 5176.5547  1  1    0.9998    0.7999    0.0000    0.0000    0.0126   -0.1251    0.0523    0.0422    0.0197   -0.5322  0.5315E+03  0.3773E+03 -0.4285E-13 -0.1086E-13  0.2077E-01  0.5524E-01  0.2854E+00  0.2403E+00  0.4941E+02  0.0000E+00
 5186.0703  1  1    0.9998    0.7999    0.0000    0.0000    0.0128   -0.1251    0.0523    0.0422    0.0200   -0.5321  0.5310E+03  0.3770E+03 -0.4298E-13 -0.1087E-13  0.2076E-01  0.5524E-01  0.2856E+00  0.2403E+00  0.4941E+02  0.0000E+00
 5195.5859  1  1    0.9998    0.7999    0.0000    0.0000    0.0129   -0.1251    0.0523    0.0422    0.0204   -0.5319  0.5304E+03  0.3768E+03 -0.4298E-13 -0.1088E-13  0.2074E-01  0.5524E-01  0.2857E+00  0.2403E+00  0.4941E+02  0.0000E+00
 5205.1021  1  1    0.9998    0.7999    0.0000    0.0000    0.0131   -0.1250    0.0524    0.0422    0.0207   -0.5318  0.5299E+03  0.3766E+03 -0.4298E-13 -0.1089E-13  0.2073E-01  0.5523E-01  0.2859E+00  0.2404E+00  0.4941E+02  0.0000E+00
 5214.6177  1  1    0.9998    0.7999    0.0000    0.0000    0.0132   -0.1250    0.0524    0.0422    0.0211   -0.5317  0.5293E+03  0.3763E+03 -0.4306E-13 -0.1089E-13  0.2072E-01  0.5523E-01  0.2861E+00  0.2404E+00  0.4941E+02  0.0000E+00
 5224.1333  1  1    0.9998    0.7999    0.0000    0.0000    0.0134   -0.1250    0.0524    0.0422    0.0214   -0.5315  0.5288E+03  0.3761E+03 -0.4316E-13 -0.1089E-13  0.2071E-01  0.5523E-01  0.2862E+00  0.2404E+00  0.4941E+02  0.0000E+00
 5233.6489  1  1    0.9998    0.7999    0.0000    0.0000    0.0135   -0.1249    0.0524    0.0422    0.0218   -0.5314  0.5283E+03  0.3758E+03 -0.4319E-13 -0.1088E-13  0.2070E-01  0.5522E-01  0.2864E+00  0.2405E+00  0.4941E+02  0.0000E+00
 5243.1650  1  1    0.9998    0.7999    0.0000    0.0000    0.0137   -0.1249    0.0524    0.0422    0.0222   -0.5313  0.5277E+03  0.3756E+03 -0.4319E-13 -0.1088E-13  0.2069E-01  0.5522E-01  0.2866E+00  0.2405E+00  0.4941E+02  0.0000E+00
 5252.6807  1  1    0.9998    0.7999    0.0000    0.0000    0.0138   -0.1249    0.0524    0.0422    0.0225   -0.5311  0.5272E+03  0.3753E+03 -0.4323E-13 -0.1088E-13  0.2068E-01  0.5521E-01  0.2867E+00  0.2405E+00  0.4941E+02  0.0000E+00
 5262.1963  1  1    0.9998    0.7999    0.0000    0.0000    0.0140   -0.1248    0.0525    0.0422    0.0229   -0.5310  0.5266E+03  0.3751E+03 -0.4332E-13 -0.1088E-13  0.2066E-01  0.5521E-01  0.2867E+00  0.2406E+00  0.4941E+02  0.0000E+00
 5271.7119  1  1    0.9998    0.7999    0.0000    0.0000    0.0141   -0.1248    0.0525    0.0422    0.0232   -0.5308  0.5261E+03  0.3749E+03 -0.4337E-13 -0.1088E-13  0.2065E-01  0.5521E-01  0.2867E+00  0.2406E+00  0.4941E+02  0.0000E+00
 5281.2275  1  1    0.9998    0.7999    0.0000    0.0000    0.0143   -0.1248    0.0525    0.0422    0.0236   -0.5307  0.5255E+03  0.3746E+03 -0.4337E-13 -0.1088E-13  0.2064E-01  0.5520E-01  0.2867E+00  0.2406E+00  0.4941E+02  0.0000E+00
 5290.7437  1  1    0.9998    0.7999    0.0000    0.0000    0.0144   -0.1248    0.0525    0.0422    0.0239   -0.5306  0.5250E+03  0.3744E+03 -0.4338E-13 -0.1088E-13  0.2063E-01  0.5520E-01  0.2867E+00  0.2407E+00  0.4941E+02  0.0000E+00
 5300.2593  1  1    0.9998    0.7999    0.0000    0.0000    0.0146   -0.1247    0.0525    0.0422    0.0243   -0.5304  0.5245E+03  0.3741E+03 -0.4349E-13 -0.1088E-13  0.2062E-01  0.5519E-01  0.2863E+00  0.2407E+00  0.4941E+02  0.0000E+00
 5309.7749  1  1    0.9998    0.7999    0.0000    0.0000    0.0147   -0.1247    0.0525    0.0422    0.0247   -0.5303  0.5239E+03  0.3739E+03 -0.4360E-13 -0.1089E-13  0.2061E-01  0.5519E-01  0.2859E+00  0.2407E+00  0.4941E+02  0.0000E+00
 5319.2905  1  1    0.9998    0.7999    0.0000    0.0000    0.0149   -0.1247    0.0526    0.0422    0.0250   -0.5302  0.5234E+03  0.3736E+03 -0.4360E-13 -0.1090E-13  0.2060E-01  0.5519E-01  0.2854E+00  0.2408E+00  0.4941E+02  0.0000E+00
 5328.8062  1  1    0.9998    0.7999    0.0000    0.0000    0.0150   -0.1246    0.0526    0.0422    0.0254   -0.5300  0.5228E+03  0.3734E+03 -0.4360E-13 -0.1092E-13  0.2059E-01  0.5518E-01  0.2850E+00  0.2408E+00  0.4941E+02  0.0000E+00
 5338.3223  1  1    0.9998    0.7999    0.0000    0.0000    0.0152   -0.1246    0.0526    0.0422    0.0257   -0.5299  0.5223E+03  0.3732E+03 -0.4370E-13 -0.1093E-13  0.2058E-01  0.5518E-01  0.2849E+00  0.2408E+00  0.4941E+02  0.0000E+00
 5347.8379  1  1    0.9998    0.7999    0.0000    0.0000    0.0153   -0.1246    0.0526    0.0422    0.0261   -0.5298  0.5218E+03  0.3729E+03 -0.4383E-13 -0.1094E-13  0.2057E-01  0.5518E-01  0.2850E+00  0.2409E+00  0.4941E+02  0.0000E+00
 5357.3535  1  1    0.9998    0.7999    0.0000    0.0000    0.0155   -0.1245    0.0526    0.0422    0.0265   -0.5296  0.5212E+03  0.3727E+03 -0.4387E-13 -0.1095E-13  0.2056E-01  0.5517E-01  0.2851E+00  0.2409E+00  0.4941E+02  0.0000E+00
 5366.8691  1  1    0.9998    0.7999    0.0000    0.0000    0.0156   -0.1245    0.0527    0.0422    0.0268   -0.5295  0.5207E+03  0.3724E+03 -0.4387E-13 -0.1095E-13  0.2055E-01  0.5517E-01  0.2851E+00  0.2409E+00  0.4941E+02  0.0000E+00
 5376.3848  1  1    0.9998    0.7999    0.0000    0.0000    0.0158   -0.1245    0.0527    0.0422    0.0272   -0.5294  0.5201E+03  0.3722E+03 -0.4390E-13 -0.1095E-13  0.2054E-01  0.5516E-01  0.2853E+00  0.2410E+00  0.4941E+02  0.0000E+00
 5385.9009  1  1    0.9998    0.7999    0.0000    0.0000    0.0159   -0.1245    0.0527    0.0422    0.0276   -0.5292  0.5196E+03  0.3720E+03 -0.4399E-13 -0.1095E-13  0.2053E-01  0.5516E-01  0.2854E+00  0.2410E+00  0.4941E+02  0.0000E+00
 5395.4165  1  1    0.9998    0.7999    0.0000    0.0000    0.0161   -0.1244    0.0527    0.0422    0.0279   -0.5291  0.5191E+03  0.3717E+03 -0.4406E-13 -0.1095E-13  0.2052E-01  0.5516E-01  0.2856E+00  0.2410E+00  0.4941E+02  0.0000E+00
 5404.9321  1  1    0.9998    0.7999    0.0000    0.0000    0.0162   -0.1244    0.0527    0.0422    0.0283   -0.5289  0.5185E+03  0.3715E+03 -0.4406E-13 -0.1095E-13  0.2051E-01  0.5515E-01  0.2858E+00  0.2411E+00  0.4941E+02  0.0000E+00
 5414.4478  1  1    0.9998    0.7999    0.0000    0.0000    0.0164   -0.1244    0.0528    0.0422    0.0286   -0.5288  0.5180E+03  0.3713E+03 -0.4406E-13 -0.1095E-13  0.2050E-01  0.5515E-01  0.2859E+00  0.2411E+00  0.4941E+02  0.0000E+00
 5423.9634  1  1    0.9998    0.7999    0.0000    0.0000    0.0165   -0.1243    0.0528    0.0422    0.0290   -0.5287  0.5175E+03  0.3710E+03 -0.4415E-13 -0.1095E-13  0.2049E-01  0.5514E-01  0.2861E+00  0.2411E+00  0.4941E+02  0.0000E+00
 5433.4795  1  1    0.9998    0.7999    0.0000    0.0000    0.0167   -0.1243    0.0528    0.0422    0.0294   -0.5285  0.5169E+03  0.3708E+03 -0.4425E-13 -0.1095E-13  0.2048E-01  0.5514E-01  0.2863E+00  0.2412E+00  0.4941E+02  0.0000E+00
 5442.9951  1  1    0.9998    0.7999    0.0000    0.0000    0.0168   -0.1243    0.0528    0.0423    0.0297   -0.5284  0.5164E+03  0.3705E+03 -0.4426E-13 -0.1095E-13  0.2047E-01  0.5514E-01  0.2865E+00  0.2412E+00  0.4941E+02  0.0000E+00
 5452.5107  1  1    0.9998    0.7999    0.0000    0.0000    0.0170   -0.1242    0.0528    0.0423    0.0301   -0.5283  0.5159E+03  0.3703E+03 -0.4426E-13 -0.1095E-13  0.2046E-01  0.5513E-01  0.2866E+00  0.2412E+00  0.4941E+02  0.0000E+00
 5462.0264  1  1    0.9998    0.7999    0.0000    0.0000    0.0171   -0.1242    0.0528    0.0423    0.0305   -0.5281  0.5153E+03  0.3701E+03 -0.4432E-13 -0.1095E-13  0.2045E-01  0.5513E-01  0.2868E+00  0.2413E+00  0.4941E+02  0.0000E+00
 5471.5420  1  1    0.9998    0.7999    0.0000    0.0000    0.0173   -0.1242    0.0529    0.0423    0.0308   -0.5280  0.5148E+03  0.3698E+03 -0.4447E-13 -0.1096E-13  0.2044E-01  0.5513E-01  0.2870E+00  0.2413E+00  0.4941E+02  0.0000E+00
 5481.0581  1  1    0.9998    0.7999    0.0000    0.0000    0.0175   -0.1242    0.0529    0.0423    0.0312   -0.5279  0.5143E+03  0.3696E+03 -0.4456E-13 -0.1097E-13  0.2044E-01  0.5512E-01  0.2871E+00  0.2413E+00  0.4941E+02  0.0000E+00
 5490.5737  1  1    0.9998    0.7999    0.0000    0.0000    0.0176   -0.1241    0.0529    0.0423    0.0315   -0.5277  0.5137E+03  0.3694E+03 -0.4456E-13 -0.1099E-13  0.2043E-01  0.5512E-01  0.2873E+00  0.2414E+00  0.4941E+02  0.0000E+00
 5500.0894  1  1    0.9998    0.7999    0.0000    0.0000    0.0178   -0.1241    0.0529    0.0423    0.0319   -0.5276  0.5132E+03  0.3691E+03 -0.4456E-13 -0.1100E-13  0.2042E-01  0.5511E-01  0.2875E+00  0.2414E+00  0.4941E+02  0.0000E+00
 5509.6050  1  1    0.9998    0.7999    0.0000    0.0000    0.0179   -0.1241    0.0529    0.0423    0.0323   -0.5274  0.5127E+03  0.3689E+03 -0.4467E-13 -0.1102E-13  0.2041E-01  0.5511E-01  0.2877E+00  0.2414E+00  0.4941E+02  0.0000E+00
 5519.1206  1  1    0.9998    0.7999    0.0000    0.0000    0.0181   -0.1240    0.0530    0.0423    0.0326   -0.5273  0.5121E+03  0.3687E+03 -0.4478E-13 -0.1102E-13  0.2040E-01  0.5511E-01  0.2878E+00  0.2415E+00  0.4941E+02  0.0000E+00
 5528.6367  1  1    0.9998    0.7999    0.0000    0.0000    0.0182   -0.1240    0.0530    0.0423    0.0330   -0.5272  0.5116E+03  0.3684E+03 -0.4480E-13 -0.1102E-13  0.2039E-01  0.5510E-01  0.2880E+00  0.2415E+00  0.4941E+02  0.0000E+00
 5538.1523  1  1    0.9998    0.7999    0.0000    0.0000    0.0184   -0.1240    0.0530    0.0423    0.0334   -0.5270  0.5111E+03  0.3682E+03 -0.4480E-13 -0.1102E-13  0.2038E-01  0.5510E-01  0.2882E+00  0.2415E+00  0.4941E+02  0.0000E+00
 5547.6680  1  1    0.9998    0.7999    0.0000    0.0000    0.0185   -0.1239    0.0530    0.0423    0.0337   -0.5269  0.5105E+03  0.3680E+03 -0.4483E-13 -0.1102E-13  0.2037E-01  0.5509E-01  0.2884E+00  0.2416E+00  0.4941E+02  0.0000E+00
 5557.1836  1  1    0.9998    0.7999    0.0000    0.0000    0.0187   -0.1239    0.0530    0.0423    0.0341   -0.5268  0.5100E+03  0.3677E+03 -0.4494E-13 -0.1102E-13  0.2036E-01  0.5509E-01  0.2885E+00  0.2416E+00  0.4941E+02  0.0000E+00
 5566.6997  1  1    0.9998    0.7999    0.0000    0.0000    0.0189   -0.1239    0.0531    0.0423    0.0345   -0.5266  0.5095E+03  0.3675E+03 -0.4501E-13 -0.1102E-13  0.2035E-01  0.5509E-01  0.2887E+00  0.2416E+00  0.4941E+02  0.0000E+00
 5576.2153  1  1    0.9998    0.7999    0.0000    0.0000    0.0190   -0.1239    0.0531    0.0423    0.0348   -0.5265  0.5089E+03  0.3673E+03 -0.4501E-13 -0.1102E-13  0.2034E-01  0.5508E-01  0.2889E+00  0.2417E+00  0.4941E+02  0.0000E+00
 5585.7310  1  1    0.9998    0.7999    0.0000    0.0000    0.0192   -0.1238    0.0531    0.0423    0.0352   -0.5263  0.5084E+03  0.3670E+03 -0.4501E-13 -0.1102E-13  0.2033E-01  0.5508E-01  0.2891E+00  0.2417E+00  0.4941E+02  0.0000E+00
 5595.2466  1  1    0.9998    0.7999    0.0000    0.0000    0.0193   -0.1238    0.0531    0.0423    0.0356   -0.5262  0.5079E+03  0.3668E+03 -0.4510E-13 -0.1102E-13  0.2032E-01  0.5507E-01  0.2892E+00  0.2417E+00  0.4941E+02  0.0000E+00
 5604.7622  1  1    0.9998    0.7999    0.0000    0.0000    0.0195   -0.1238    0.0531    0.0423    0.0359   -0.5261  0.5073E+03  0.3666E+03 -0.4521E-13 -0.1102E-13  0.2031E-01  0.5507E-01  0.2894E+00  0.2418E+00  0.4941E+02  0.0000E+00
 5614.2783  1  1    0.9998    0.7999    0.0000    0.0000    0.0196   -0.1237    0.0531    0.0423    0.0363   -0.5259  0.5068E+03  0.3664E+03 -0.4524E-13 -0.1102E-13  0.2030E-01  0.5507E-01  0.2896E+00  0.2418E+00  0.4941E+02  0.0000E+00
 5623.7939  1  1    0.9998    0.7999    0.0000    0.0000    0.0198   -0.1237    0.0532    0.0423    0.0367   -0.5258  0.5063E+03  0.3661E+03 -0.4524E-13 -0.1102E-13  0.2029E-01  0.5506E-01  0.2898E+00  0.2418E+00  0.4941E+02  0.0000E+00
 5633.3096  1  1    0.9998    0.7999    0.0000    0.0000    0.0200   -0.1237    0.0532    0.0423    0.0371   -0.5257  0.5058E+03  0.3659E+03 -0.4526E-13 -0.1102E-13  0.2028E-01  0.5506E-01  0.2899E+00  0.2419E+00  0.4941E+02  0.0000E+00
 5642.8252  1  1    0.9998    0.7999    0.0000    0.0000    0.0201   -0.1236    0.0532    0.0423    0.0374   -0.5255  0.5052E+03  0.3657E+03 -0.4543E-13 -0.1104E-13  0.2027E-01  0.5505E-01  0.2901E+00  0.2419E+00  0.4941E+02  0.0000E+00
 5652.3408  1  1    0.9998    0.7999    0.0000    0.0000    0.0203   -0.1236    0.0532    0.0423    0.0378   -0.5254  0.5047E+03  0.3654E+03 -0.4556E-13 -0.1105E-13  0.2026E-01  0.5505E-01  0.2903E+00  0.2419E+00  0.4941E+02  0.0000E+00
 5661.8569  1  1    0.9998    0.7999    0.0000    0.0000    0.0204   -0.1236    0.0532    0.0423    0.0382   -0.5253  0.5042E+03  0.3652E+03 -0.4556E-13 -0.1107E-13  0.2025E-01  0.5505E-01  0.2905E+00  0.2420E+00  0.4941E+02  0.0000E+00
 5671.3726  1  1    0.9998    0.7999    0.0000    0.0000    0.0206   -0.1236    0.0533    0.0423    0.0385   -0.5251  0.5037E+03  0.3650E+03 -0.4556E-13 -0.1108E-13  0.2024E-01  0.5504E-01  0.2906E+00  0.2420E+00  0.4941E+02  0.0000E+00
 5680.8882  1  1    0.9998    0.7999    0.0000    0.0000    0.0208   -0.1235    0.0533    0.0423    0.0389   -0.5250  0.5031E+03  0.3648E+03 -0.4563E-13 -0.1110E-13  0.2023E-01  0.5504E-01  0.2908E+00  0.2420E+00  0.4941E+02  0.0000E+00
 5690.4038  1  1    0.9998    0.7999    0.0000    0.0000    0.0209   -0.1235    0.0533    0.0423    0.0393   -0.5248  0.5026E+03  0.3645E+03 -0.4575E-13 -0.1110E-13  0.2022E-01  0.5503E-01  0.2910E+00  0.2421E+00  0.4941E+02  0.0000E+00
 5699.9194  1  1    0.9998    0.7999    0.0000    0.0000    0.0211   -0.1235    0.0533    0.0423    0.0396   -0.5247  0.5021E+03  0.3643E+03 -0.4581E-13 -0.1110E-13  0.2021E-01  0.5503E-01  0.2912E+00  0.2421E+00  0.4941E+02  0.0000E+00
 5709.4355  1  1    0.9998    0.7999    0.0000    0.0000    0.0212   -0.1234    0.0533    0.0423    0.0400   -0.5246  0.5015E+03  0.3641E+03 -0.4581E-13 -0.1110E-13  0.2020E-01  0.5503E-01  0.2914E+00  0.2421E+00  0.4941E+02  0.0000E+00
 5718.9512  1  1    0.9998    0.7999    0.0000    0.0000    0.0214   -0.1234    0.0534    0.0423    0.0404   -0.5244  0.5010E+03  0.3638E+03 -0.4581E-13 -0.1110E-13  0.2019E-01  0.5502E-01  0.2915E+00  0.2422E+00  0.4941E+02  0.0000E+00
 5728.4668  1  1    0.9998    0.7999    0.0000    0.0000    0.0216   -0.1234    0.0534    0.0423    0.0408   -0.5243  0.5005E+03  0.3636E+03 -0.4591E-13 -0.1110E-13  0.2018E-01  0.5502E-01  0.2917E+00  0.2422E+00  0.4941E+02  0.0000E+00
 5737.9824  1  1    0.9998    0.7999    0.0000    0.0000    0.0217   -0.1233    0.0534    0.0423    0.0411   -0.5242  0.5000E+03  0.3634E+03 -0.4603E-13 -0.1110E-13  0.2017E-01  0.5502E-01  0.2919E+00  0.2422E+00  0.4942E+02  0.0000E+00
 5747.4980  1  1    0.9998    0.7999    0.0000    0.0000    0.0219   -0.1233    0.0534    0.0423    0.0415   -0.5240  0.4995E+03  0.3632E+03 -0.4605E-13 -0.1110E-13  0.2016E-01  0.5501E-01  0.2921E+00  0.2423E+00  0.4942E+02  0.0000E+00
 5757.0142  1  1    0.9998    0.7999    0.0000    0.0000    0.0220   -0.1233    0.0534    0.0423    0.0419   -0.5239  0.4989E+03  0.3629E+03 -0.4605E-13 -0.1110E-13  0.2015E-01  0.5501E-01  0.2923E+00  0.2423E+00  0.4942E+02  0.0000E+00
 5766.5298  1  1    0.9998    0.7999    0.0000    0.0000    0.0222   -0.1232    0.0535    0.0424    0.0423   -0.5237  0.4984E+03  0.3627E+03 -0.4606E-13 -0.1109E-13  0.2014E-01  0.5500E-01  0.2924E+00  0.2423E+00  0.4942E+02  0.0000E+00
 5776.0454  1  1    0.9998    0.7999    0.0000    0.0000    0.0224   -0.1232    0.0535    0.0424    0.0426   -0.5236  0.4979E+03  0.3625E+03 -0.4618E-13 -0.1109E-13  0.2013E-01  0.5500E-01  0.2926E+00  0.2424E+00  0.4942E+02  0.0000E+00
 5785.5610  1  1    0.9998    0.7999    0.0000    0.0000    0.0225   -0.1232    0.0535    0.0424    0.0430   -0.5235  0.4974E+03  0.3623E+03 -0.4629E-13 -0.1109E-13  0.2012E-01  0.5500E-01  0.2928E+00  0.2424E+00  0.4942E+02  0.0000E+00
 5795.0767  1  1    0.9998    0.7999    0.0000    0.0000    0.0227   -0.1232    0.0535    0.0424    0.0434   -0.5233  0.4968E+03  0.3621E+03 -0.4629E-13 -0.1109E-13  0.2011E-01  0.5499E-01  0.2930E+00  0.2424E+00  0.4942E+02  0.0000E+00
 5804.5928  1  1    0.9998    0.7999    0.0000    0.0000    0.0228   -0.1231    0.0535    0.0424    0.0438   -0.5232  0.4963E+03  0.3618E+03 -0.4629E-13 -0.1110E-13  0.2010E-01  0.5499E-01  0.2931E+00  0.2425E+00  0.4942E+02  0.0000E+00
 5814.1084  1  1    0.9998    0.7999    0.0000    0.0000    0.0230   -0.1231    0.0536    0.0424    0.0441   -0.5230  0.4958E+03  0.3616E+03 -0.4635E-13 -0.1111E-13  0.2009E-01  0.5498E-01  0.2933E+00  0.2425E+00  0.4942E+02  0.0000E+00
 5823.6240  1  1    0.9998    0.7999    0.0000    0.0000    0.0232   -0.1231    0.0536    0.0424    0.0445   -0.5229  0.4953E+03  0.3614E+03 -0.4651E-13 -0.1113E-13  0.2008E-01  0.5498E-01  0.2935E+00  0.2425E+00  0.4942E+02  0.0000E+00
 5833.1396  1  1    0.9998    0.7999    0.0000    0.0000    0.0233   -0.1230    0.0536    0.0424    0.0449   -0.5228  0.4947E+03  0.3612E+03 -0.4660E-13 -0.1114E-13  0.2007E-01  0.5498E-01  0.2937E+00  0.2426E+00  0.4942E+02  0.0000E+00
 5842.6553  1  1    0.9998    0.7999    0.0000    0.0000    0.0235   -0.1230    0.0536    0.0424    0.0453   -0.5226  0.4942E+03  0.3609E+03 -0.4660E-13 -0.1116E-13  0.2006E-01  0.5497E-01  0.2939E+00  0.2426E+00  0.4942E+02  0.0000E+00
 5852.1714  1  1    0.9998    0.7999    0.0000    0.0000    0.0237   -0.1230    0.0536    0.0424    0.0456   -0.5225  0.4937E+03  0.3607E+03 -0.4660E-13 -0.1117E-13  0.2005E-01  0.5497E-01  0.2941E+00  0.2426E+00  0.4942E+02  0.0000E+00
 5861.6870  1  1    0.9998    0.7999    0.0000    0.0000    0.0238   -0.1229    0.0537    0.0424    0.0460   -0.5224  0.4932E+03  0.3605E+03 -0.4669E-13 -0.1117E-13  0.2005E-01  0.5496E-01  0.2942E+00  0.2427E+00  0.4942E+02  0.0000E+00
 5871.2026  1  1    0.9998    0.7999    0.0000    0.0000    0.0240   -0.1229    0.0537    0.0424    0.0464   -0.5222  0.4927E+03  0.3603E+03 -0.4684E-13 -0.1117E-13  0.2004E-01  0.5496E-01  0.2944E+00  0.2427E+00  0.4942E+02  0.0000E+00
 5880.7183  1  1    0.9998    0.7999    0.0000    0.0000    0.0241   -0.1229    0.0537    0.0424    0.0468   -0.5221  0.4921E+03  0.3601E+03 -0.4690E-13 -0.1117E-13  0.2003E-01  0.5495E-01  0.2946E+00  0.2427E+00  0.4942E+02  0.0000E+00
 5890.2344  1  1    0.9998    0.7999    0.0000    0.0000    0.0243   -0.1228    0.0537    0.0424    0.0471   -0.5219  0.4916E+03  0.3598E+03 -0.4690E-13 -0.1117E-13  0.2002E-01  0.5495E-01  0.2948E+00  0.2428E+00  0.4942E+02  0.0000E+00
 5899.7500  1  1    0.9998    0.7999    0.0000    0.0000    0.0245   -0.1228    0.0537    0.0424    0.0475   -0.5218  0.4911E+03  0.3596E+03 -0.4690E-13 -0.1117E-13  0.2001E-01  0.5495E-01  0.2950E+00  0.2428E+00  0.4942E+02  0.0000E+00
 5909.2656  1  1    0.9998    0.7999    0.0000    0.0000    0.0246   -0.1228    0.0538    0.0424    0.0479   -0.5217  0.4906E+03  0.3594E+03 -0.4700E-13 -0.1117E-13  0.2000E-01  0.5494E-01  0.2949E+00  0.2428E+00  0.4942E+02  0.0000E+00
 5918.7812  1  1    0.9998    0.7999    0.0000    0.0000    0.0248   -0.1228    0.0538    0.0424    0.0483   -0.5215  0.4901E+03  0.3592E+03 -0.4714E-13 -0.1117E-13  0.1999E-01  0.5494E-01  0.2947E+00  0.2429E+00  0.4942E+02  0.0000E+00
 5928.2969  1  1    0.9998    0.7999    0.0000    0.0000    0.0250   -0.1227    0.0538    0.0424    0.0487   -0.5214  0.4895E+03  0.3590E+03 -0.4716E-13 -0.1117E-13  0.1998E-01  0.5493E-01  0.2945E+00  0.2429E+00  0.4942E+02  0.0000E+00
 5937.8130  1  1    0.9998    0.7999    0.0000    0.0000    0.0251   -0.1227    0.0538    0.0424    0.0490   -0.5213  0.4890E+03  0.3587E+03 -0.4716E-13 -0.1117E-13  0.1997E-01  0.5493E-01  0.2944E+00  0.2429E+00  0.4942E+02  0.0000E+00
 5947.3286  1  1    0.9998    0.7999    0.0000    0.0000    0.0253   -0.1227    0.0538    0.0424    0.0494   -0.5211  0.4885E+03  0.3585E+03 -0.4716E-13 -0.1117E-13  0.1996E-01  0.5493E-01  0.2942E+00  0.2430E+00  0.4942E+02  0.0000E+00
 5956.8442  1  1    0.9998    0.7999    0.0000    0.0000    0.0255   -0.1226    0.0539    0.0424    0.0498   -0.5210  0.4880E+03  0.3583E+03 -0.4729E-13 -0.1117E-13  0.1995E-01  0.5492E-01  0.2939E+00  0.2430E+00  0.4942E+02  0.0000E+00
 5966.3599  1  1    0.9998    0.7999    0.0000    0.0000    0.0256   -0.1226    0.0539    0.0424    0.0502   -0.5208  0.4875E+03  0.3581E+03 -0.4743E-13 -0.1117E-13  0.1994E-01  0.5492E-01  0.2937E+00  0.2430E+00  0.4942E+02  0.0000E+00
 5975.8755  1  1    0.9998    0.7999    0.0000    0.0000    0.0258   -0.1226    0.0539    0.0424    0.0506   -0.5207  0.4869E+03  0.3579E+03 -0.4743E-13 -0.1117E-13  0.1993E-01  0.5491E-01  0.2934E+00  0.2431E+00  0.4942E+02  0.0000E+00
 5985.3916  1  1    0.9998    0.7999    0.0000    0.0000    0.0260   -0.1225    0.0539    0.0424    0.0509   -0.5206  0.4864E+03  0.3576E+03 -0.4743E-13 -0.1118E-13  0.1992E-01  0.5491E-01  0.2932E+00  0.2431E+00  0.4942E+02  0.0000E+00
 5994.9072  1  1    0.9998    0.7999    0.0000    0.0000    0.0261   -0.1225    0.0540    0.0424    0.0513   -0.5204  0.4859E+03  0.3574E+03 -0.4744E-13 -0.1119E-13  0.1992E-01  0.5491E-01  0.2930E+00  0.2432E+00  0.4942E+02  0.0000E+00
 6004.4229  1  1    0.9998    0.7999    0.0000    0.0000    0.0263   -0.1225    0.0540    0.0424    0.0517   -0.5203  0.4854E+03  0.3572E+03 -0.4758E-13 -0.1121E-13  0.1991E-01  0.5490E-01  0.2932E+00  0.2432E+00  0.4942E+02  0.0000E+00
 6013.9385  1  1    0.9998    0.7999    0.0000    0.0000    0.0265   -0.1224    0.0540    0.0424    0.0521   -0.5201  0.4849E+03  0.3570E+03 -0.4771E-13 -0.1123E-13  0.1990E-01  0.5490E-01  0.2934E+00  0.2432E+00  0.4942E+02  0.0000E+00
 6023.4541  1  1    0.9998    0.7999    0.0000    0.0000    0.0266   -0.1224    0.0540    0.0424    0.0525   -0.5200  0.4844E+03  0.3568E+03 -0.4771E-13 -0.1124E-13  0.1989E-01  0.5489E-01  0.2935E+00  0.2433E+00  0.4942E+02  0.0000E+00
 6032.9702  1  1    0.9998    0.7999    0.0000    0.0000    0.0268   -0.1224    0.0540    0.0424    0.0529   -0.5199  0.4838E+03  0.3566E+03 -0.4771E-13 -0.1125E-13  0.1988E-01  0.5489E-01  0.2937E+00  0.2433E+00  0.4942E+02  0.0000E+00
 6042.4858  1  1    0.9998    0.7999    0.0000    0.0000    0.0270   -0.1224    0.0541    0.0424    0.0532   -0.5197  0.4833E+03  0.3563E+03 -0.4774E-13 -0.1125E-13  0.1987E-01  0.5489E-01  0.2939E+00  0.2433E+00  0.4942E+02  0.0000E+00
 6052.0015  1  1    0.9998    0.7999    0.0000    0.0000    0.0272   -0.1223    0.0541    0.0424    0.0536   -0.5196  0.4828E+03  0.3561E+03 -0.4791E-13 -0.1125E-13  0.1987E-01  0.5488E-01  0.2941E+00  0.2434E+00  0.4942E+02  0.0000E+00
 6061.5171  1  1    0.9998    0.7999    0.0000    0.0000    0.0273   -0.1223    0.0541    0.0424    0.0540   -0.5194  0.4823E+03  0.3559E+03 -0.4805E-13 -0.1125E-13  0.1986E-01  0.5488E-01  0.2943E+00  0.2434E+00  0.4942E+02  0.0000E+00
 6071.0327  1  1    0.9998    0.7999    0.0000    0.0000    0.0275   -0.1223    0.0541    0.0424    0.0544   -0.5193  0.4818E+03  0.3557E+03 -0.4805E-13 -0.1125E-13  0.1985E-01  0.5487E-01  0.2945E+00  0.2434E+00  0.4942E+02  0.0000E+00
 6080.5488  1  1    0.9998    0.7999    0.0000    0.0000    0.0277   -0.1222    0.0541    0.0424    0.0548   -0.5192  0.4813E+03  0.3555E+03 -0.4805E-13 -0.1125E-13  0.1984E-01  0.5487E-01  0.2947E+00  0.2435E+00  0.4942E+02  0.0000E+00
 6090.0645  1  1    0.9998    0.7999    0.0000    0.0000    0.0278   -0.1222    0.0542    0.0425    0.0552   -0.5190  0.4808E+03  0.3553E+03 -0.4809E-13 -0.1125E-13  0.1983E-01  0.5487E-01  0.2948E+00  0.2435E+00  0.4942E+02  0.0000E+00
 6099.5801  1  1    0.9998    0.7999    0.0000    0.0000    0.0280   -0.1222    0.0542    0.0425    0.0555   -0.5189  0.4802E+03  0.3551E+03 -0.4825E-13 -0.1125E-13  0.1983E-01  0.5486E-01  0.2950E+00  0.2435E+00  0.4942E+02  0.0000E+00
 6109.0957  1  1    0.9998    0.7999    0.0000    0.0000    0.0282   -0.1221    0.0542    0.0425    0.0559   -0.5187  0.4797E+03  0.3548E+03 -0.4836E-13 -0.1125E-13  0.1982E-01  0.5486E-01  0.2952E+00  0.2436E+00  0.4942E+02  0.0000E+00
 6118.6113  1  1    0.9998    0.7999    0.0000    0.0000    0.0283   -0.1221    0.0542    0.0425    0.0563   -0.5186  0.4792E+03  0.3546E+03 -0.4836E-13 -0.1125E-13  0.1981E-01  0.5485E-01  0.2954E+00  0.2436E+00  0.4942E+02  0.0000E+00
 6128.1274  1  1    0.9998    0.7999    0.0000    0.0000    0.0285   -0.1221    0.0542    0.0425    0.0567   -0.5185  0.4787E+03  0.3544E+03 -0.4836E-13 -0.1125E-13  0.1980E-01  0.5485E-01  0.2956E+00  0.2436E+00  0.4942E+02  0.0000E+00
 6137.6431  1  1    0.9998    0.7999    0.0000    0.0000    0.0287   -0.1220    0.0543    0.0425    0.0571   -0.5183  0.4782E+03  0.3542E+03 -0.4840E-13 -0.1124E-13  0.1979E-01  0.5485E-01  0.2958E+00  0.2437E+00  0.4942E+02  0.0000E+00
 6147.1587  1  1    0.9998    0.7999    0.0000    0.0000    0.0289   -0.1220    0.0543    0.0425    0.0575   -0.5182  0.4777E+03  0.3540E+03 -0.4855E-13 -0.1124E-13  0.1979E-01  0.5484E-01  0.2960E+00  0.2437E+00  0.4942E+02  0.0000E+00
 6156.6743  1  1    0.9998    0.7999    0.0000    0.0000    0.0290   -0.1220    0.0543    0.0425    0.0579   -0.5181  0.4772E+03  0.3538E+03 -0.4866E-13 -0.1124E-13  0.1978E-01  0.5484E-01  0.2961E+00  0.2437E+00  0.4942E+02  0.0000E+00
 6166.1899  1  1    0.9998    0.7999    0.0000    0.0000    0.0292   -0.1219    0.0543    0.0425    0.0582   -0.5179  0.4766E+03  0.3536E+03 -0.4866E-13 -0.1125E-13  0.1977E-01  0.5483E-01  0.2963E+00  0.2438E+00  0.4942E+02  0.0000E+00
 6175.7061  1  1    0.9998    0.7999    0.0000    0.0000    0.0294   -0.1219    0.0544    0.0425    0.0586   -0.5178  0.4761E+03  0.3534E+03 -0.4866E-13 -0.1127E-13  0.1976E-01  0.5483E-01  0.2965E+00  0.2438E+00  0.4942E+02  0.0000E+00
 6185.2217  1  1    0.9998    0.7999    0.0000    0.0000    0.0295   -0.1219    0.0544    0.0425    0.0590   -0.5176  0.4756E+03  0.3531E+03 -0.4870E-13 -0.1129E-13  0.1975E-01  0.5482E-01  0.2967E+00  0.2438E+00  0.4942E+02  0.0000E+00
 6194.7373  1  1    0.9998    0.7999    0.0000    0.0000    0.0297   -0.1219    0.0544    0.0425    0.0594   -0.5175  0.4751E+03  0.3529E+03 -0.4885E-13 -0.1130E-13  0.1975E-01  0.5482E-01  0.2969E+00  0.2439E+00  0.4942E+02  0.0000E+00
 6204.2529  1  1    0.9998    0.7999    0.0000    0.0000    0.0299   -0.1218    0.0544    0.0425    0.0598   -0.5174  0.4746E+03  0.3527E+03 -0.4896E-13 -0.1132E-13  0.1974E-01  0.5482E-01  0.2971E+00  0.2439E+00  0.4942E+02  0.0000E+00
 6213.7690  1  1    0.9998    0.7999    0.0000    0.0000    0.0301   -0.1218    0.0544    0.0425    0.0602   -0.5172  0.4741E+03  0.3525E+03 -0.4896E-13 -0.1133E-13  0.1973E-01  0.5481E-01  0.2973E+00  0.2439E+00  0.4942E+02  0.0000E+00
 6223.2847  1  1    0.9998    0.7999    0.0000    0.0000    0.0302   -0.1218    0.0545    0.0425    0.0606   -0.5171  0.4736E+03  0.3523E+03 -0.4896E-13 -0.1133E-13  0.1972E-01  0.5481E-01  0.2974E+00  0.2440E+00  0.4942E+02  0.0000E+00
 6232.8003  1  1    0.9998    0.7999    0.0000    0.0000    0.0304   -0.1217    0.0545    0.0425    0.0610   -0.5169  0.4731E+03  0.3521E+03 -0.4899E-13 -0.1133E-13  0.1971E-01  0.5480E-01  0.2976E+00  0.2440E+00  0.4942E+02  0.0000E+00
 6242.3159  1  1    0.9998    0.7999    0.0000    0.0000    0.0306   -0.1217    0.0545    0.0425    0.0614   -0.5168  0.4726E+03  0.3519E+03 -0.4915E-13 -0.1133E-13  0.1971E-01  0.5480E-01  0.2978E+00  0.2441E+00  0.4942E+02  0.0000E+00
 6251.8315  1  1    0.9998    0.7999    0.0000    0.0000    0.0308   -0.1217    0.0545    0.0425    0.0617   -0.5167  0.4720E+03  0.3517E+03 -0.4927E-13 -0.1133E-13  0.1970E-01  0.5480E-01  0.2980E+00  0.2441E+00  0.4942E+02  0.0000E+00
 6261.3477  1  1    0.9998    0.7999    0.0000    0.0000    0.0309   -0.1216    0.0545    0.0425    0.0621   -0.5165  0.4715E+03  0.3515E+03 -0.4927E-13 -0.1132E-13  0.1969E-01  0.5479E-01  0.2982E+00  0.2441E+00  0.4942E+02  0.0000E+00
 6270.8633  1  1    0.9998    0.7999    0.0000    0.0000    0.0311   -0.1216    0.0546    0.0425    0.0625   -0.5164  0.4710E+03  0.3513E+03 -0.4927E-13 -0.1132E-13  0.1968E-01  0.5479E-01  0.2984E+00  0.2442E+00  0.4942E+02  0.0000E+00
 6280.3789  1  1    0.9998    0.7999    0.0000    0.0000    0.0313   -0.1216    0.0546    0.0425    0.0629   -0.5162  0.4705E+03  0.3510E+03 -0.4929E-13 -0.1132E-13  0.1968E-01  0.5478E-01  0.2986E+00  0.2442E+00  0.4942E+02  0.0000E+00
 6289.8945  1  1    0.9998    0.7999    0.0000    0.0000    0.0314   -0.1215    0.0546    0.0425    0.0633   -0.5161  0.4700E+03  0.3508E+03 -0.4945E-13 -0.1132E-13  0.1967E-01  0.5478E-01  0.2988E+00  0.2442E+00  0.4942E+02  0.0000E+00
 6299.4102  1  1    0.9998    0.7999    0.0000    0.0000    0.0316   -0.1215    0.0546    0.0425    0.0637   -0.5160  0.4695E+03  0.3506E+03 -0.4959E-13 -0.1132E-13  0.1966E-01  0.5477E-01  0.2990E+00  0.2443E+00  0.4942E+02  0.0000E+00
 6308.9263  1  1    0.9998    0.7999    0.0000    0.0000    0.0318   -0.1215    0.0547    0.0425    0.0641   -0.5158  0.4690E+03  0.3504E+03 -0.4959E-13 -0.1132E-13  0.1965E-01  0.5477E-01  0.2991E+00  0.2443E+00  0.4942E+02  0.0000E+00
 6318.4419  1  1    0.9998    0.7999    0.0000    0.0000    0.0320   -0.1214    0.0547    0.0425    0.0645   -0.5157  0.4685E+03  0.3502E+03 -0.4959E-13 -0.1132E-13  0.1964E-01  0.5477E-01  0.2993E+00  0.2443E+00  0.4942E+02  0.0000E+00
 6327.9575  1  1    0.9998    0.7999    0.0000    0.0000    0.0321   -0.1214    0.0547    0.0425    0.0649   -0.5155  0.4680E+03  0.3500E+03 -0.4959E-13 -0.1132E-13  0.1964E-01  0.5476E-01  0.2995E+00  0.2444E+00  0.4942E+02  0.0000E+00
 6337.4731  1  1    0.9998    0.7999    0.0000    0.0000    0.0323   -0.1214    0.0547    0.0425    0.0653   -0.5154  0.4675E+03  0.3498E+03 -0.4979E-13 -0.1132E-13  0.1963E-01  0.5476E-01  0.2997E+00  0.2444E+00  0.4942E+02  0.0000E+00
 6346.9888  1  1    0.9998    0.7999    0.0000    0.0000    0.0325   -0.1214    0.0547    0.0425    0.0657   -0.5153  0.4670E+03  0.3496E+03 -0.4998E-13 -0.1132E-13  0.1962E-01  0.5475E-01  0.2999E+00  0.2444E+00  0.4942E+02  0.0000E+00
 6356.5049  1  1    0.9998    0.7999    0.0000    0.0000    0.0327   -0.1213    0.0548    0.0425    0.0661   -0.5151  0.4664E+03  0.3494E+03 -0.4998E-13 -0.1134E-13  0.1961E-01  0.5475E-01  0.3001E+00  0.2445E+00  0.4942E+02  0.0000E+00
 6366.0205  1  1    0.9998    0.7999    0.0000    0.0000    0.0329   -0.1213    0.0548    0.0425    0.0664   -0.5150  0.4659E+03  0.3492E+03 -0.4998E-13 -0.1136E-13  0.1961E-01  0.5475E-01  0.3003E+00  0.2445E+00  0.4942E+02  0.0000E+00
 6375.5361  1  1    0.9998    0.7999    0.0000    0.0000    0.0330   -0.1213    0.0548    0.0425    0.0668   -0.5148  0.4654E+03  0.3490E+03 -0.4998E-13 -0.1138E-13  0.1960E-01  0.5474E-01  0.3005E+00  0.2444E+00  0.4942E+02  0.0000E+00
 6385.0518  1  1    0.9998    0.7999    0.0000    0.0000    0.0332   -0.1212    0.0548    0.0425    0.0672   -0.5147  0.4649E+03  0.3488E+03 -0.5012E-13 -0.1139E-13  0.1959E-01  0.5474E-01  0.3007E+00  0.2444E+00  0.4942E+02  0.0000E+00
 6394.5674  1  1    0.9998    0.7999    0.0000    0.0000    0.0334   -0.1212    0.0549    0.0425    0.0676   -0.5145  0.4644E+03  0.3486E+03 -0.5029E-13 -0.1141E-13  0.1958E-01  0.5473E-01  0.3009E+00  0.2443E+00  0.4942E+02  0.0000E+00
 6404.0835  1  1    0.9998    0.7999    0.0000    0.0000    0.0336   -0.1212    0.0549    0.0426    0.0680   -0.5144  0.4639E+03  0.3484E+03 -0.5031E-13 -0.1141E-13  0.1958E-01  0.5473E-01  0.3011E+00  0.2443E+00  0.4942E+02  0.0000E+00
 6413.5991  1  1    0.9998    0.7999    0.0000    0.0000    0.0337   -0.1211    0.0549    0.0426    0.0684   -0.5143  0.4634E+03  0.3482E+03 -0.5031E-13 -0.1141E-13  0.1957E-01  0.5473E-01  0.3013E+00  0.2443E+00  0.4942E+02  0.0000E+00
 6423.1147  1  1    0.9998    0.7999    0.0000    0.0000    0.0339   -0.1211    0.0549    0.0426    0.0688   -0.5141  0.4629E+03  0.3480E+03 -0.5031E-13 -0.1141E-13  0.1956E-01  0.5472E-01  0.3014E+00  0.2442E+00  0.4942E+02  0.0000E+00
 6432.6304  1  1    0.9998    0.7999    0.0000    0.0000    0.0341   -0.1211    0.0549    0.0426    0.0692   -0.5140  0.4624E+03  0.3478E+03 -0.5043E-13 -0.1141E-13  0.1955E-01  0.5472E-01  0.3016E+00  0.2442E+00  0.4942E+02  0.0000E+00
 6442.1460  1  1    0.9998    0.7999    0.0000    0.0000    0.0343   -0.1210    0.0550    0.0426    0.0696   -0.5138  0.4619E+03  0.3475E+03 -0.5060E-13 -0.1141E-13  0.1955E-01  0.5471E-01  0.3018E+00  0.2441E+00  0.4942E+02  0.0000E+00
 6451.6621  1  1    0.9998    0.7999    0.0000    0.0000    0.0345   -0.1210    0.0550    0.0426    0.0700   -0.5137  0.4614E+03  0.3473E+03 -0.5065E-13 -0.1141E-13  0.1954E-01  0.5471E-01  0.3020E+00  0.2441E+00  0.4942E+02  0.0000E+00
 6461.1777  1  1    0.9998    0.7999    0.0000    0.0000    0.0346   -0.1210    0.0550    0.0426    0.0704   -0.5136  0.4609E+03  0.3471E+03 -0.5065E-13 -0.1141E-13  0.1953E-01  0.5471E-01  0.3022E+00  0.2441E+00  0.4942E+02  0.0000E+00
 6470.6934  1  1    0.9998    0.7999    0.0000    0.0000    0.0348   -0.1209    0.0550    0.0426    0.0708   -0.5134  0.4604E+03  0.3469E+03 -0.5065E-13 -0.1141E-13  0.1952E-01  0.5470E-01  0.3024E+00  0.2440E+00  0.4942E+02  0.0000E+00
 6480.2090  1  1    0.9998    0.7999    0.0000    0.0000    0.0350   -0.1209    0.0551    0.0426    0.0712   -0.5133  0.4599E+03  0.3467E+03 -0.5073E-13 -0.1141E-13  0.1952E-01  0.5470E-01  0.3026E+00  0.2440E+00  0.4942E+02  0.0000E+00
 6489.7246  1  1    0.9998    0.7999    0.0000    0.0000    0.0352   -0.1209    0.0551    0.0426    0.0716   -0.5131  0.4594E+03  0.3465E+03 -0.5090E-13 -0.1141E-13  0.1951E-01  0.5469E-01  0.3028E+00  0.2439E+00  0.4942E+02  0.0000E+00
 6499.2407  1  1    0.9998    0.7999    0.0000    0.0000    0.0354   -0.1208    0.0551    0.0426    0.0720   -0.5130  0.4588E+03  0.3463E+03 -0.5099E-13 -0.1140E-13  0.1950E-01  0.5469E-01  0.3030E+00  0.2439E+00  0.4942E+02  0.0000E+00
 6508.7563  1  1    0.9998    0.7999    0.0000    0.0000    0.0355   -0.1208    0.0551    0.0426    0.0724   -0.5129  0.4583E+03  0.3461E+03 -0.5099E-13 -0.1140E-13  0.1950E-01  0.5469E-01  0.3032E+00  0.2439E+00  0.4942E+02  0.0000E+00
 6518.2720  1  1    0.9998    0.7999    0.0000    0.0000    0.0357   -0.1208    0.0552    0.0426    0.0728   -0.5127  0.4578E+03  0.3459E+03 -0.5099E-13 -0.1140E-13  0.1949E-01  0.5468E-01  0.3034E+00  0.2438E+00  0.4942E+02  0.0000E+00
 6527.7876  1  1    0.9998    0.7999    0.0000    0.0000    0.0359   -0.1208    0.0552    0.0426    0.0732   -0.5126  0.4573E+03  0.3457E+03 -0.5103E-13 -0.1140E-13  0.1948E-01  0.5468E-01  0.3036E+00  0.2438E+00  0.4942E+02  0.0000E+00
 6537.3037  1  1    0.9998    0.7999    0.0000    0.0000    0.0361   -0.1207    0.0552    0.0426    0.0736   -0.5124  0.4568E+03  0.3455E+03 -0.5121E-13 -0.1140E-13  0.1948E-01  0.5468E-01  0.3038E+00  0.2438E+00  0.4942E+02  0.0000E+00
 6546.8193  1  1    0.9998    0.7999    0.0000    0.0000    0.0363   -0.1207    0.0552    0.0426    0.0740   -0.5123  0.4563E+03  0.3453E+03 -0.5135E-13 -0.1142E-13  0.1947E-01  0.5467E-01  0.3040E+00  0.2437E+00  0.4942E+02  0.0000E+00
 6556.3350  1  1    0.9998    0.7999    0.0000    0.0000    0.0365   -0.1207    0.0552    0.0426    0.0744   -0.5121  0.4558E+03  0.3451E+03 -0.5135E-13 -0.1145E-13  0.1946E-01  0.5467E-01  0.3042E+00  0.2437E+00  0.4942E+02  0.0000E+00
 6565.8506  1  1    0.9998    0.7999    0.0000    0.0000    0.0366   -0.1206    0.0553    0.0426    0.0748   -0.5120  0.4553E+03  0.3449E+03 -0.5135E-13 -0.1147E-13  0.1945E-01  0.5466E-01  0.3043E+00  0.2437E+00  0.4942E+02  0.0000E+00
 6575.3662  1  1    0.9998    0.7999    0.0000    0.0000    0.0368   -0.1206    0.0553    0.0426    0.0752   -0.5119  0.4548E+03  0.3447E+03 -0.5135E-13 -0.1149E-13  0.1945E-01  0.5466E-01  0.3045E+00  0.2438E+00  0.4942E+02  0.0000E+00
 6584.8823  1  1    0.9998    0.7999    0.0000    0.0000    0.0370   -0.1206    0.0553    0.0426    0.0756   -0.5117  0.4543E+03  0.3445E+03 -0.5151E-13 -0.1151E-13  0.1944E-01  0.5466E-01  0.3047E+00  0.2438E+00  0.4942E+02  0.0000E+00
 6594.3979  1  1    0.9998    0.7999    0.0000    0.0000    0.0372   -0.1205    0.0553    0.0426    0.0760   -0.5116  0.4538E+03  0.3443E+03 -0.5169E-13 -0.1151E-13  0.1943E-01  0.5465E-01  0.3049E+00  0.2439E+00  0.4942E+02  0.0000E+00
 6603.9136  1  1    0.9998    0.7999    0.0000    0.0000    0.0374   -0.1205    0.0554    0.0426    0.0764   -0.5114  0.4533E+03  0.3441E+03 -0.5171E-13 -0.1151E-13  0.1943E-01  0.5465E-01  0.3051E+00  0.2439E+00  0.4942E+02  0.0000E+00
 6613.4292  1  1    0.9998    0.7999    0.0000    0.0000    0.0376   -0.1205    0.0554    0.0426    0.0768   -0.5113  0.4528E+03  0.3439E+03 -0.5171E-13 -0.1151E-13  0.1942E-01  0.5464E-01  0.3053E+00  0.2439E+00  0.4942E+02  0.0000E+00
 6622.9448  1  1    0.9998    0.7999    0.0000    0.0000    0.0377   -0.1204    0.0554    0.0426    0.0772   -0.5112  0.4523E+03  0.3437E+03 -0.5171E-13 -0.1151E-13  0.1941E-01  0.5464E-01  0.3055E+00  0.2440E+00  0.4942E+02  0.0000E+00
 6632.4609  1  1    0.9998    0.7999    0.0000    0.0000    0.0379   -0.1204    0.0554    0.0426    0.0776   -0.5110  0.4518E+03  0.3435E+03 -0.5182E-13 -0.1151E-13  0.1941E-01  0.5464E-01  0.3057E+00  0.2440E+00  0.4942E+02  0.0000E+00
 6641.9766  1  1    0.9998    0.7999    0.0000    0.0000    0.0381   -0.1204    0.0555    0.0426    0.0780   -0.5109  0.4513E+03  0.3433E+03 -0.5200E-13 -0.1150E-13  0.1940E-01  0.5463E-01  0.3059E+00  0.2440E+00  0.4942E+02  0.0000E+00
 6651.4922  1  1    0.9998    0.7999    0.0000    0.0000    0.0383   -0.1203    0.0555    0.0426    0.0784   -0.5107  0.4508E+03  0.3431E+03 -0.5208E-13 -0.1150E-13  0.1939E-01  0.5463E-01  0.3061E+00  0.2441E+00  0.4942E+02  0.0000E+00
 6661.0078  1  1    0.9998    0.7999    0.0000    0.0000    0.0385   -0.1203    0.0555    0.0426    0.0788   -0.5106  0.4503E+03  0.3429E+03 -0.5208E-13 -0.1150E-13  0.1939E-01  0.5462E-01  0.3063E+00  0.2441E+00  0.4942E+02  0.0000E+00
 6670.5234  1  1    0.9998    0.7999    0.0000    0.0000    0.0387   -0.1203    0.0555    0.0426    0.0792   -0.5104  0.4498E+03  0.3427E+03 -0.5208E-13 -0.1150E-13  0.1938E-01  0.5462E-01  0.3065E+00  0.2441E+00  0.4942E+02  0.0000E+00
 6680.0396  1  1    0.9998    0.7999    0.0000    0.0000    0.0389   -0.1202    0.0556    0.0426    0.0796   -0.5103  0.4493E+03  0.3425E+03 -0.5212E-13 -0.1150E-13  0.1937E-01  0.5462E-01  0.3067E+00  0.2442E+00  0.4942E+02  0.0000E+00
 6689.5552  1  1    0.9998    0.7999    0.0000    0.0000    0.0390   -0.1202    0.0556    0.0426    0.0800   -0.5102  0.4488E+03  0.3423E+03 -0.5231E-13 -0.1150E-13  0.1937E-01  0.5461E-01  0.3069E+00  0.2442E+00  0.4942E+02  0.0000E+00
 6699.0708  1  1    0.9998    0.7999    0.0000    0.0000    0.0392   -0.1202    0.0556    0.0426    0.0804   -0.5100  0.4483E+03  0.3421E+03 -0.5246E-13 -0.1150E-13  0.1936E-01  0.5461E-01  0.3071E+00  0.2442E+00  0.4942E+02  0.0000E+00
 6708.5864  1  1    0.9998    0.7999    0.0000    0.0000    0.0394   -0.1201    0.0556    0.0427    0.0808   -0.5099  0.4478E+03  0.3419E+03 -0.5246E-13 -0.1150E-13  0.1935E-01  0.5461E-01  0.3073E+00  0.2443E+00  0.4942E+02  0.0000E+00
 6718.1021  1  1    0.9998    0.7999    0.0000    0.0000    0.0396   -0.1201    0.0556    0.0427    0.0812   -0.5097  0.4473E+03  0.3418E+03 -0.5246E-13 -0.1150E-13  0.1935E-01  0.5460E-01  0.3075E+00  0.2443E+00  0.4942E+02  0.0000E+00
 6727.6182  1  1    0.9998    0.7999    0.0000    0.0000    0.0398   -0.1201    0.0557    0.0427    0.0816   -0.5096  0.4468E+03  0.3416E+03 -0.5246E-13 -0.1150E-13  0.1934E-01  0.5460E-01  0.3077E+00  0.2444E+00  0.4942E+02  0.0000E+00
 6737.1338  1  1    0.9997    0.7999    0.0000    0.0000    0.0400   -0.1200    0.0557    0.0427    0.0820   -0.5094  0.4463E+03  0.3414E+03 -0.5264E-13 -0.1151E-13  0.1934E-01  0.5459E-01  0.3079E+00  0.2444E+00  0.4942E+02  0.0000E+00
 6746.6494  1  1    0.9997    0.7999    0.0000    0.0000    0.0402   -0.1200    0.0557    0.0427    0.0824   -0.5093  0.4458E+03  0.3412E+03 -0.5285E-13 -0.1152E-13  0.1933E-01  0.5459E-01  0.3081E+00  0.2444E+00  0.4942E+02  0.0000E+00
 6756.1650  1  1    0.9997    0.7999    0.0000    0.0000    0.0404   -0.1200    0.0557    0.0427    0.0828   -0.5092  0.4453E+03  0.3410E+03 -0.5288E-13 -0.1154E-13  0.1932E-01  0.5459E-01  0.3083E+00  0.2445E+00  0.4942E+02  0.0000E+00
 6765.6807  1  1    0.9997    0.7999    0.0000    0.0000    0.0405   -0.1199    0.0558    0.0427    0.0832   -0.5090  0.4448E+03  0.3408E+03 -0.5288E-13 -0.1156E-13  0.1932E-01  0.5458E-01  0.3085E+00  0.2445E+00  0.4942E+02  0.0000E+00
 6775.1968  1  1    0.9997    0.7999    0.0000    0.0000    0.0407   -0.1199    0.0558    0.0427    0.0837   -0.5089  0.4443E+03  0.3406E+03 -0.5288E-13 -0.1158E-13  0.1931E-01  0.5458E-01  0.3087E+00  0.2445E+00  0.4942E+02  0.0000E+00
 6784.7124  1  1    0.9997    0.7999    0.0000    0.0000    0.0409   -0.1199    0.0558    0.0427    0.0841   -0.5087  0.4438E+03  0.3404E+03 -0.5296E-13 -0.1159E-13  0.1931E-01  0.5457E-01  0.3086E+00  0.2446E+00  0.4942E+02  0.0000E+00
 6794.2280  1  1    0.9997    0.7999    0.0000    0.0000    0.0411   -0.1199    0.0558    0.0427    0.0845   -0.5086  0.4433E+03  0.3402E+03 -0.5316E-13 -0.1159E-13  0.1930E-01  0.5457E-01  0.3082E+00  0.2446E+00  0.4942E+02  0.0000E+00
 6803.7437  1  1    0.9997    0.7999    0.0000    0.0000    0.0413   -0.1198    0.0559    0.0427    0.0849   -0.5084  0.4428E+03  0.3400E+03 -0.5327E-13 -0.1159E-13  0.1930E-01  0.5457E-01  0.3078E+00  0.2446E+00  0.4942E+02  0.0000E+00
 6813.2593  1  1    0.9997    0.7999    0.0000    0.0000    0.0415   -0.1198    0.0559    0.0427    0.0853   -0.5083  0.4423E+03  0.3398E+03 -0.5327E-13 -0.1159E-13  0.1929E-01  0.5456E-01  0.3074E+00  0.2447E+00  0.4942E+02  0.0000E+00
 6822.7754  1  1    0.9997    0.7999    0.0000    0.0000    0.0417   -0.1198    0.0559    0.0427    0.0857   -0.5082  0.4418E+03  0.3396E+03 -0.5327E-13 -0.1159E-13  0.1929E-01  0.5456E-01  0.3070E+00  0.2447E+00  0.4942E+02  0.0000E+00
 6832.2910  1  1    0.9997    0.7999    0.0000    0.0000    0.0419   -0.1197    0.0559    0.0427    0.0861   -0.5080  0.4413E+03  0.3394E+03 -0.5327E-13 -0.1159E-13  0.1928E-01  0.5455E-01  0.3066E+00  0.2447E+00  0.4942E+02  0.0000E+00
 6841.8066  1  1    0.9997    0.7999    0.0000    0.0000    0.0421   -0.1197    0.0560    0.0427    0.0865   -0.5079  0.4408E+03  0.3392E+03 -0.5346E-13 -0.1159E-13  0.1928E-01  0.5455E-01  0.3067E+00  0.2448E+00  0.4942E+02  0.0000E+00
 6851.3223  1  1    0.9997    0.7999    0.0000    0.0000    0.0422   -0.1197    0.0560    0.0427    0.0869   -0.5077  0.4403E+03  0.3390E+03 -0.5366E-13 -0.1159E-13  0.1927E-01  0.5455E-01  0.3067E+00  0.2448E+00  0.4942E+02  0.0000E+00
 6860.8384  1  1    0.9997    0.7999    0.0000    0.0000    0.0424   -0.1196    0.0560    0.0427    0.0873   -0.5076  0.4398E+03  0.3388E+03 -0.5367E-13 -0.1159E-13  0.1927E-01  0.5454E-01  0.3068E+00  0.2449E+00  0.4942E+02  0.0000E+00
 6870.3540  1  1    0.9997    0.7999    0.0000    0.0000    0.0426   -0.1196    0.0560    0.0427    0.0877   -0.5074  0.4393E+03  0.3386E+03 -0.5367E-13 -0.1159E-13  0.1927E-01  0.5454E-01  0.3068E+00  0.2449E+00  0.4942E+02  0.0000E+00
 6879.8696  1  1    0.9997    0.7999    0.0000    0.0000    0.0428   -0.1196    0.0561    0.0427    0.0881   -0.5073  0.4388E+03  0.3384E+03 -0.5367E-13 -0.1159E-13  0.1926E-01  0.5453E-01  0.3069E+00  0.2449E+00  0.4942E+02  0.0000E+00
 6889.3853  1  1    0.9997    0.7999    0.0000    0.0000    0.0430   -0.1195    0.0561    0.0427    0.0885   -0.5072  0.4383E+03  0.3383E+03 -0.5376E-13 -0.1159E-13  0.1926E-01  0.5453E-01  0.3070E+00  0.2450E+00  0.4942E+02  0.0000E+00
 6898.9009  1  1    0.9997    0.7999    0.0000    0.0000    0.0432   -0.1195    0.0561    0.0427    0.0889   -0.5070  0.4378E+03  0.3381E+03 -0.5397E-13 -0.1159E-13  0.1925E-01  0.5453E-01  0.3072E+00  0.2450E+00  0.4942E+02  0.0000E+00
 6908.4170  1  1    0.9997    0.7999    0.0000    0.0000    0.0434   -0.1195    0.0561    0.0427    0.0893   -0.5069  0.4373E+03  0.3379E+03 -0.5408E-13 -0.1159E-13  0.1925E-01  0.5452E-01  0.3074E+00  0.2450E+00  0.4942E+02  0.0000E+00
 6917.9326  1  1    0.9997    0.7999    0.0000    0.0000    0.0436   -0.1194    0.0562    0.0427    0.0898   -0.5067  0.4368E+03  0.3377E+03 -0.5408E-13 -0.1159E-13  0.1924E-01  0.5452E-01  0.3076E+00  0.2451E+00  0.4942E+02  0.0000E+00
 6927.4482  1  1    0.9997    0.7999    0.0000    0.0000    0.0438   -0.1194    0.0562    0.0427    0.0902   -0.5066  0.4363E+03  0.3375E+03 -0.5408E-13 -0.1159E-13  0.1924E-01  0.5451E-01  0.3078E+00  0.2451E+00  0.4942E+02  0.0000E+00
 6936.9639  1  1    0.9997    0.7999    0.0000    0.0000    0.0440   -0.1194    0.0562    0.0427    0.0906   -0.5064  0.4358E+03  0.3373E+03 -0.5408E-13 -0.1159E-13  0.1924E-01  0.5451E-01  0.3080E+00  0.2451E+00  0.4942E+02  0.0000E+00
 6946.4795  1  1    0.9997    0.7999    0.0000    0.0000    0.0442   -0.1193    0.0562    0.0427    0.0910   -0.5063  0.4353E+03  0.3371E+03 -0.5427E-13 -0.1161E-13  0.1923E-01  0.5451E-01  0.3082E+00  0.2452E+00  0.4942E+02  0.0000E+00
 6955.9956  1  1    0.9997    0.7999    0.0000    0.0000    0.0444   -0.1193    0.0563    0.0427    0.0914   -0.5062  0.4348E+03  0.3369E+03 -0.5448E-13 -0.1162E-13  0.1923E-01  0.5450E-01  0.3084E+00  0.2452E+00  0.4942E+02  0.0000E+00
 6965.5112  1  1    0.9997    0.7999    0.0000    0.0000    0.0446   -0.1193    0.0563    0.0427    0.0918   -0.5060  0.4343E+03  0.3367E+03 -0.5450E-13 -0.1164E-13  0.1923E-01  0.5450E-01  0.3086E+00  0.2452E+00  0.4942E+02  0.0000E+00
 6975.0269  1  1    0.9997    0.7999    0.0000    0.0000    0.0447   -0.1192    0.0563    0.0427    0.0922   -0.5059  0.4338E+03  0.3365E+03 -0.5450E-13 -0.1166E-13  0.1922E-01  0.5449E-01  0.3088E+00  0.2453E+00  0.4942E+02  0.0000E+00
 6984.5425  1  1    0.9997    0.7999    0.0000    0.0000    0.0449   -0.1192    0.0563    0.0427    0.0926   -0.5057  0.4333E+03  0.3363E+03 -0.5450E-13 -0.1168E-13  0.1922E-01  0.5449E-01  0.3090E+00  0.2453E+00  0.4942E+02  0.0000E+00
 6994.0581  1  1    0.9997    0.7999    0.0000    0.0000    0.0451   -0.1192    0.0564    0.0427    0.0930   -0.5056  0.4328E+03  0.3362E+03 -0.5456E-13 -0.1168E-13  0.1921E-01  0.5449E-01  0.3092E+00  0.2454E+00  0.4942E+02  0.0000E+00
 7003.5742  1  1    0.9997    0.7999    0.0000    0.0000    0.0453   -0.1191    0.0564    0.0428    0.0934   -0.5054  0.4323E+03  0.3360E+03 -0.5478E-13 -0.1168E-13  0.1921E-01  0.5448E-01  0.3094E+00  0.2454E+00  0.4942E+02  0.0000E+00
 7013.0898  1  1    0.9997    0.7999    0.0000    0.0000    0.0455   -0.1191    0.0564    0.0428    0.0938   -0.5053  0.4319E+03  0.3358E+03 -0.5492E-13 -0.1168E-13  0.1921E-01  0.5448E-01  0.3096E+00  0.2454E+00  0.4942E+02  0.0000E+00
 7022.6055  1  1    0.9997    0.7999    0.0000    0.0000    0.0457   -0.1191    0.0564    0.0428    0.0942   -0.5051  0.4314E+03  0.3356E+03 -0.5492E-13 -0.1168E-13  0.1921E-01  0.5447E-01  0.3098E+00  0.2455E+00  0.4942E+02  0.0000E+00
 7032.1211  1  1    0.9997    0.7999    0.0000    0.0000    0.0459   -0.1190    0.0565    0.0428    0.0947   -0.5050  0.4309E+03  0.3354E+03 -0.5492E-13 -0.1168E-13  0.1920E-01  0.5447E-01  0.3099E+00  0.2455E+00  0.4942E+02  0.0000E+00
 7041.6367  1  1    0.9997    0.7999    0.0000    0.0000    0.0461   -0.1190    0.0565    0.0428    0.0951   -0.5049  0.4304E+03  0.3352E+03 -0.5492E-13 -0.1168E-13  0.1920E-01  0.5447E-01  0.3101E+00  0.2455E+00  0.4942E+02  0.0000E+00
 7051.1528  1  1    0.9997    0.7999    0.0000    0.0000    0.0463   -0.1190    0.0565    0.0428    0.0955   -0.5047  0.4299E+03  0.3350E+03 -0.5507E-13 -0.1168E-13  0.1920E-01  0.5446E-01  0.3103E+00  0.2456E+00  0.4942E+02  0.0000E+00
 7060.6685  1  1    0.9997    0.7999    0.0000    0.0000    0.0465   -0.1189    0.0565    0.0428    0.0959   -0.5046  0.4294E+03  0.3348E+03 -0.5529E-13 -0.1168E-13  0.1919E-01  0.5446E-01  0.3105E+00  0.2456E+00  0.4942E+02  0.0000E+00
 7070.1841  1  1    0.9997    0.7999    0.0000    0.0000    0.0467   -0.1189    0.0566    0.0428    0.0963   -0.5044  0.4289E+03  0.3347E+03 -0.5535E-13 -0.1168E-13  0.1919E-01  0.5445E-01  0.3107E+00  0.2456E+00  0.4942E+02  0.0000E+00
 7079.6997  1  1    0.9997    0.7999    0.0000    0.0000    0.0469   -0.1189    0.0566    0.0428    0.0967   -0.5043  0.4284E+03  0.3345E+03 -0.5535E-13 -0.1168E-13  0.1919E-01  0.5445E-01  0.3109E+00  0.2457E+00  0.4942E+02  0.0000E+00
 7089.2153  1  1    0.9997    0.7999    0.0000    0.0000    0.0471   -0.1188    0.0566    0.0428    0.0971   -0.5041  0.4279E+03  0.3343E+03 -0.5535E-13 -0.1168E-13  0.1919E-01  0.5445E-01  0.3111E+00  0.2457E+00  0.4942E+02  0.0000E+00
 7098.7314  1  1    0.9997    0.7999    0.0000    0.0000    0.0473   -0.1188    0.0566    0.0428    0.0975   -0.5040  0.4274E+03  0.3341E+03 -0.5537E-13 -0.1168E-13  0.1918E-01  0.5444E-01  0.3113E+00  0.2458E+00  0.4942E+02  0.0000E+00
 7108.2471  1  1    0.9997    0.7999    0.0000    0.0000    0.0475   -0.1188    0.0567    0.0428    0.0979   -0.5039  0.4269E+03  0.3339E+03 -0.5559E-13 -0.1168E-13  0.1918E-01  0.5444E-01  0.3115E+00  0.2458E+00  0.4942E+02  0.0000E+00
 7117.7627  1  1    0.9997    0.7999    0.0000    0.0000    0.0477   -0.1187    0.0567    0.0428    0.0983   -0.5037  0.4264E+03  0.3337E+03 -0.5580E-13 -0.1168E-13  0.1918E-01  0.5443E-01  0.3117E+00  0.2458E+00  0.4942E+02  0.0000E+00
 7127.2783  1  1    0.9997    0.7999    0.0000    0.0000    0.0479   -0.1187    0.0567    0.0428    0.0987   -0.5036  0.4259E+03  0.3335E+03 -0.5580E-13 -0.1168E-13  0.1918E-01  0.5443E-01  0.3119E+00  0.2459E+00  0.4942E+02  0.0000E+00
 7136.7944  1  1    0.9997    0.7999    0.0000    0.0000    0.0481   -0.1187    0.0567    0.0428    0.0992   -0.5034  0.4254E+03  0.3333E+03 -0.5580E-13 -0.1168E-13  0.1917E-01  0.5443E-01  0.3121E+00  0.2459E+00  0.4942E+02  0.0000E+00
 7146.3101  1  1    0.9997    0.7999    0.0000    0.0000    0.0483   -0.1186    0.0568    0.0428    0.0996   -0.5033  0.4250E+03  0.3332E+03 -0.5580E-13 -0.1168E-13  0.1917E-01  0.5442E-01  0.3123E+00  0.2459E+00  0.4942E+02  0.0000E+00
 7155.8257  1  1    0.9997    0.7999    0.0000    0.0000    0.0485   -0.1186    0.0568    0.0428    0.1000   -0.5031  0.4245E+03  0.3330E+03 -0.5588E-13 -0.1170E-13  0.1917E-01  0.5442E-01  0.3125E+00  0.2460E+00  0.4942E+02  0.0000E+00
 7165.3413  1  1    0.9997    0.7999    0.0000    0.0000    0.0487   -0.1186    0.0568    0.0428    0.1004   -0.5030  0.4240E+03  0.3328E+03 -0.5610E-13 -0.1173E-13  0.1917E-01  0.5441E-01  0.3127E+00  0.2460E+00  0.4942E+02  0.0000E+00
 7174.8569  1  1    0.9997    0.7999    0.0000    0.0000    0.0489   -0.1185    0.0568    0.0428    0.1008   -0.5028  0.4235E+03  0.3326E+03 -0.5624E-13 -0.1175E-13  0.1917E-01  0.5441E-01  0.3129E+00  0.2460E+00  0.4942E+02  0.0000E+00
 7184.3730  1  1    0.9997    0.7999    0.0000    0.0000    0.0491   -0.1185    0.0569    0.0428    0.1012   -0.5027  0.4230E+03  0.3324E+03 -0.5624E-13 -0.1177E-13  0.1917E-01  0.5441E-01  0.3131E+00  0.2461E+00  0.4942E+02  0.0000E+00
 7193.8887  1  1    0.9997    0.7999    0.0000    0.0000    0.0493   -0.1185    0.0569    0.0428    0.1016   -0.5026  0.4225E+03  0.3322E+03 -0.5624E-13 -0.1180E-13  0.1916E-01  0.5440E-01  0.3133E+00  0.2461E+00  0.4942E+02  0.0000E+00
 7203.4043  1  1    0.9997    0.7999    0.0000    0.0000    0.0495   -0.1184    0.0569    0.0428    0.1020   -0.5024  0.4220E+03  0.3320E+03 -0.5624E-13 -0.1179E-13  0.1916E-01  0.5440E-01  0.3135E+00  0.2462E+00  0.4942E+02  0.0000E+00
 7212.9199  1  1    0.9997    0.7999    0.0000    0.0000    0.0497   -0.1184    0.0570    0.0428    0.1024   -0.5023  0.4215E+03  0.3319E+03 -0.5639E-13 -0.1179E-13  0.1916E-01  0.5439E-01  0.3136E+00  0.2462E+00  0.4942E+02  0.0000E+00
 7222.4355  1  1    0.9997    0.7999    0.0000    0.0000    0.0499   -0.1184    0.0570    0.0428    0.1028   -0.5021  0.4210E+03  0.3317E+03 -0.5662E-13 -0.1179E-13  0.1916E-01  0.5439E-01  0.3138E+00  0.2462E+00  0.4942E+02  0.0000E+00
 7231.9517  1  1    0.9997    0.7999    0.0000    0.0000    0.0501   -0.1183    0.0570    0.0428    0.1033   -0.5020  0.4205E+03  0.3315E+03 -0.5670E-13 -0.1179E-13  0.1916E-01  0.5439E-01  0.3140E+00  0.2463E+00  0.4942E+02  0.0000E+00
 7241.4673  1  1    0.9997    0.7999    0.0000    0.0000    0.0503   -0.1183    0.0570    0.0428    0.1037   -0.5018  0.4201E+03  0.3313E+03 -0.5670E-13 -0.1179E-13  0.1916E-01  0.5438E-01  0.3142E+00  0.2463E+00  0.4942E+02  0.0000E+00
 7250.9829  1  1    0.9997    0.7999    0.0000    0.0000    0.0505   -0.1183    0.0571    0.0428    0.1041   -0.5017  0.4196E+03  0.3311E+03 -0.5670E-13 -0.1179E-13  0.1916E-01  0.5438E-01  0.3144E+00  0.2463E+00  0.4942E+02  0.0000E+00
 7260.4985  1  1    0.9997    0.7999    0.0000    0.0000    0.0507   -0.1182    0.0571    0.0428    0.1045   -0.5015  0.4191E+03  0.3309E+03 -0.5670E-13 -0.1179E-13  0.1916E-01  0.5437E-01  0.3146E+00  0.2464E+00  0.4942E+02  0.0000E+00
 7270.0142  1  1    0.9997    0.7999    0.0000    0.0000    0.0509   -0.1182    0.0571    0.0428    0.1049   -0.5014  0.4186E+03  0.3308E+03 -0.5691E-13 -0.1179E-13  0.1916E-01  0.5437E-01  0.3148E+00  0.2464E+00  0.4942E+02  0.0000E+00
 7279.5303  1  1    0.9997    0.7999    0.0000    0.0000    0.0511   -0.1182    0.0571    0.0428    0.1053   -0.5012  0.4181E+03  0.3306E+03 -0.5714E-13 -0.1179E-13  0.1916E-01  0.5437E-01  0.3150E+00  0.2465E+00  0.4942E+02  0.0000E+00
 7289.0459  1  1    0.9997    0.7999    0.0000    0.0000    0.0513   -0.1181    0.0572    0.0428    0.1057   -0.5011  0.4176E+03  0.3304E+03 -0.5716E-13 -0.1179E-13  0.1916E-01  0.5436E-01  0.3152E+00  0.2465E+00  0.4942E+02  0.0000E+00
 7298.5615  1  1    0.9997    0.7999    0.0000    0.0000    0.0515   -0.1181    0.0572    0.0429    0.1061   -0.5010  0.4171E+03  0.3302E+03 -0.5716E-13 -0.1179E-13  0.1916E-01  0.5436E-01  0.3154E+00  0.2465E+00  0.4942E+02  0.0000E+00
 7308.0771  1  1    0.9997    0.7999    0.0000    0.0000    0.0517   -0.1181    0.0572    0.0429    0.1065   -0.5008  0.4166E+03  0.3300E+03 -0.5716E-13 -0.1179E-13  0.1916E-01  0.5435E-01  0.3156E+00  0.2466E+00  0.4942E+02  0.0000E+00
 7317.5928  1  1    0.9997    0.7999    0.0000    0.0000    0.0519   -0.1180    0.0572    0.0429    0.1069   -0.5007  0.4162E+03  0.3298E+03 -0.5719E-13 -0.1179E-13  0.1916E-01  0.5435E-01  0.3158E+00  0.2466E+00  0.4942E+02  0.0000E+00
 7327.1089  1  1    0.9997    0.7999    0.0000    0.0000    0.0521   -0.1180    0.0573    0.0429    0.1073   -0.5005  0.4157E+03  0.3297E+03 -0.5742E-13 -0.1179E-13  0.1916E-01  0.5435E-01  0.3160E+00  0.2466E+00  0.4942E+02  0.0000E+00
 7336.6245  1  1    0.9997    0.7999    0.0000    0.0000    0.0523   -0.1180    0.0573    0.0429    0.1077   -0.5004  0.4152E+03  0.3295E+03 -0.5763E-13 -0.1179E-13  0.1916E-01  0.5434E-01  0.3161E+00  0.2467E+00  0.4942E+02  0.0000E+00
 7346.1401  1  1    0.9997    0.7999    0.0000    0.0000    0.0525   -0.1179    0.0573    0.0429    0.1082   -0.5002  0.4147E+03  0.3293E+03 -0.5763E-13 -0.1179E-13  0.1916E-01  0.5434E-01  0.3163E+00  0.2467E+00  0.4942E+02  0.0000E+00
 7355.6558  1  1    0.9997    0.7999    0.0000    0.0000    0.0527   -0.1179    0.0574    0.0429    0.1086   -0.5001  0.4142E+03  0.3291E+03 -0.5763E-13 -0.1179E-13  0.1916E-01  0.5433E-01  0.3165E+00  0.2467E+00  0.4942E+02  0.0000E+00
 7365.1714  1  1    0.9997    0.7999    0.0000    0.0000    0.0529   -0.1179    0.0574    0.0429    0.1090   -0.4999  0.4137E+03  0.3289E+03 -0.5763E-13 -0.1180E-13  0.1916E-01  0.5433E-01  0.3167E+00  0.2468E+00  0.4942E+02  0.0000E+00
 7374.6875  1  1    0.9997    0.7999    0.0000    0.0000    0.0531   -0.1178    0.0574    0.0429    0.1094   -0.4998  0.4132E+03  0.3288E+03 -0.5770E-13 -0.1182E-13  0.1916E-01  0.5433E-01  0.3169E+00  0.2468E+00  0.4942E+02  0.0000E+00
 7384.2031  1  1    0.9997    0.7999    0.0000    0.0000    0.0533   -0.1178    0.0574    0.0429    0.1098   -0.4996  0.4127E+03  0.3286E+03 -0.5794E-13 -0.1184E-13  0.1916E-01  0.5432E-01  0.3171E+00  0.2469E+00  0.4942E+02  0.0000E+00
 7393.7188  1  1    0.9997    0.7999    0.0000    0.0000    0.0535   -0.1178    0.0575    0.0429    0.1102   -0.4995  0.4123E+03  0.3284E+03 -0.5811E-13 -0.1186E-13  0.1916E-01  0.5432E-01  0.3173E+00  0.2469E+00  0.4942E+02  0.0000E+00
 7403.2344  1  1    0.9997    0.7999    0.0000    0.0000    0.0537   -0.1177    0.0575    0.0429    0.1106   -0.4993  0.4118E+03  0.3282E+03 -0.5811E-13 -0.1188E-13  0.1916E-01  0.5431E-01  0.3175E+00  0.2469E+00  0.4942E+02  0.0000E+00
 7412.7500  1  1    0.9997    0.7999    0.0000    0.0000    0.0539   -0.1177    0.0575    0.0429    0.1110   -0.4992  0.4113E+03  0.3280E+03 -0.5811E-13 -0.1189E-13  0.1916E-01  0.5431E-01  0.3177E+00  0.2470E+00  0.4942E+02  0.0000E+00
 7422.2661  1  1    0.9997    0.7999    0.0000    0.0000    0.0541   -0.1177    0.0575    0.0429    0.1114   -0.4991  0.4108E+03  0.3279E+03 -0.5811E-13 -0.1189E-13  0.1917E-01  0.5430E-01  0.3179E+00  0.2470E+00  0.4942E+02  0.0000E+00
 7431.7817  1  1    0.9997    0.7999    0.0000    0.0000    0.0543   -0.1176    0.0576    0.0429    0.1118   -0.4989  0.4103E+03  0.3277E+03 -0.5821E-13 -0.1189E-13  0.1917E-01  0.5430E-01  0.3180E+00  0.2470E+00  0.4942E+02  0.0000E+00
 7441.2974  1  1    0.9997    0.7999    0.0000    0.0000    0.0545   -0.1176    0.0576    0.0429    0.1122   -0.4988  0.4098E+03  0.3275E+03 -0.5845E-13 -0.1189E-13  0.1917E-01  0.5430E-01  0.3182E+00  0.2471E+00  0.4942E+02  0.0000E+00
 7450.8130  1  1    0.9997    0.7999    0.0000    0.0000    0.0547   -0.1176    0.0576    0.0429    0.1126   -0.4986  0.4094E+03  0.3273E+03 -0.5859E-13 -0.1189E-13  0.1917E-01  0.5429E-01  0.3184E+00  0.2471E+00  0.4942E+02  0.0000E+00
 7460.3291  1  1    0.9997    0.7999    0.0000    0.0000    0.0550   -0.1175    0.0576    0.0429    0.1131   -0.4985  0.4089E+03  0.3271E+03 -0.5859E-13 -0.1189E-13  0.1917E-01  0.5429E-01  0.3186E+00  0.2472E+00  0.4942E+02  0.0000E+00
 7469.8447  1  1    0.9997    0.7999    0.0000    0.0000    0.0552   -0.1175    0.0577    0.0429    0.1135   -0.4983  0.4084E+03  0.3270E+03 -0.5859E-13 -0.1189E-13  0.1918E-01  0.5428E-01  0.3188E+00  0.2472E+00  0.4942E+02  0.0000E+00
 7479.3604  1  1    0.9997    0.7999    0.0000    0.0000    0.0554   -0.1175    0.0577    0.0429    0.1139   -0.4982  0.4079E+03  0.3268E+03 -0.5859E-13 -0.1189E-13  0.1918E-01  0.5428E-01  0.3190E+00  0.2472E+00  0.4942E+02  0.0000E+00
 7488.8760  1  1    0.9997    0.7999    0.0000    0.0000    0.0556   -0.1174    0.0577    0.0429    0.1143   -0.4980  0.4074E+03  0.3266E+03 -0.5871E-13 -0.1189E-13  0.1918E-01  0.5428E-01  0.3192E+00  0.2473E+00  0.4942E+02  0.0000E+00
 7498.3916  1  1    0.9997    0.7999    0.0000    0.0000    0.0558   -0.1174    0.0578    0.0429    0.1147   -0.4979  0.4069E+03  0.3264E+03 -0.5896E-13 -0.1188E-13  0.1918E-01  0.5427E-01  0.3194E+00  0.2473E+00  0.4942E+02  0.0000E+00
 7507.9077  1  1    0.9997    0.7999    0.0000    0.0000    0.0560   -0.1174    0.0578    0.0429    0.1151   -0.4977  0.4064E+03  0.3262E+03 -0.5908E-13 -0.1188E-13  0.1919E-01  0.5427E-01  0.3195E+00  0.2473E+00  0.4942E+02  0.0000E+00
 7517.4233  1  1    0.9997    0.7999    0.0000    0.0000    0.0562   -0.1173    0.0578    0.0429    0.1155   -0.4976  0.4060E+03  0.3261E+03 -0.5908E-13 -0.1188E-13  0.1919E-01  0.5426E-01  0.3197E+00  0.2474E+00  0.4942E+02  0.0000E+00
 7526.9390  1  1    0.9997    0.7999    0.0000    0.0000    0.0564   -0.1173    0.0578    0.0429    0.1159   -0.4974  0.4055E+03  0.3259E+03 -0.5908E-13 -0.1188E-13  0.1919E-01  0.5426E-01  0.3199E+00  0.2474E+00  0.4942E+02  0.0000E+00
 7536.4546  1  1    0.9997    0.7999    0.0000    0.0000    0.0566   -0.1173    0.0579    0.0429    0.1163   -0.4973  0.4050E+03  0.3257E+03 -0.5908E-13 -0.1188E-13  0.1919E-01  0.5426E-01  0.3201E+00  0.2475E+00  0.4942E+02  0.0000E+00
 7545.9702  1  1    0.9997    0.7999    0.0000    0.0000    0.0568   -0.1172    0.0579    0.0429    0.1167   -0.4972  0.4045E+03  0.3255E+03 -0.5923E-13 -0.1188E-13  0.1920E-01  0.5425E-01  0.3203E+00  0.2475E+00  0.4942E+02  0.0000E+00
 7555.4863  1  1    0.9997    0.7999    0.0000    0.0000    0.0570   -0.1172    0.0579    0.0429    0.1171   -0.4970  0.4040E+03  0.3254E+03 -0.5950E-13 -0.1188E-13  0.1920E-01  0.5425E-01  0.3205E+00  0.2475E+00  0.4942E+02  0.0000E+00
 7565.0020  1  1    0.9997    0.7999    0.0000    0.0000    0.0572   -0.1172    0.0580    0.0429    0.1175   -0.4969  0.4036E+03  0.3252E+03 -0.5962E-13 -0.1188E-13  0.1920E-01  0.5424E-01  0.3207E+00  0.2476E+00  0.4942E+02  0.0000E+00
 7574.5176  1  1    0.9997    0.7999    0.0000    0.0000    0.0574   -0.1171    0.0580    0.0429    0.1179   -0.4967  0.4031E+03  0.3250E+03 -0.5962E-13 -0.1188E-13  0.1921E-01  0.5424E-01  0.3208E+00  0.2476E+00  0.4942E+02  0.0000E+00
 7584.0332  1  1    0.9997    0.7999    0.0000    0.0000    0.0577   -0.1171    0.0580    0.0429    0.1183   -0.4966  0.4026E+03  0.3248E+03 -0.5962E-13 -0.1189E-13  0.1921E-01  0.5423E-01  0.3210E+00  0.2476E+00  0.4942E+02  0.0000E+00
 7593.5488  1  1    0.9997    0.7999    0.0000    0.0000    0.0579   -0.1171    0.0580    0.0430    0.1187   -0.4964  0.4021E+03  0.3247E+03 -0.5962E-13 -0.1191E-13  0.1922E-01  0.5423E-01  0.3212E+00  0.2477E+00  0.4942E+02  0.0000E+00
 7603.0649  1  1    0.9997    0.7999    0.0000    0.0000    0.0581   -0.1170    0.0581    0.0430    0.1192   -0.4963  0.4016E+03  0.3245E+03 -0.5977E-13 -0.1194E-13  0.1922E-01  0.5423E-01  0.3215E+00  0.2477E+00  0.4942E+02  0.0000E+00
 7612.5806  1  1    0.9997    0.7999    0.0000    0.0000    0.0583   -0.1170    0.0581    0.0430    0.1196   -0.4961  0.4011E+03  0.3243E+03 -0.6002E-13 -0.1196E-13  0.1922E-01  0.5422E-01  0.3219E+00  0.2478E+00  0.4942E+02  0.0000E+00
 7622.0962  1  1    0.9997    0.7999    0.0000    0.0000    0.0585   -0.1170    0.0581    0.0430    0.1200   -0.4960  0.4007E+03  0.3241E+03 -0.6013E-13 -0.1199E-13  0.1923E-01  0.5422E-01  0.3222E+00  0.2478E+00  0.4942E+02  0.0000E+00
 7631.6118  1  1    0.9997    0.7999    0.0000    0.0000    0.0587   -0.1169    0.0581    0.0430    0.1204   -0.4958  0.4002E+03  0.3239E+03 -0.6013E-13 -0.1200E-13  0.1923E-01  0.5421E-01  0.3226E+00  0.2478E+00  0.4942E+02  0.0000E+00
 7641.1274  1  1    0.9997    0.7999    0.0000    0.0000    0.0589   -0.1169    0.0582    0.0430    0.1208   -0.4957  0.3997E+03  0.3238E+03 -0.6013E-13 -0.1200E-13  0.1924E-01  0.5421E-01  0.3229E+00  0.2479E+00  0.4942E+02  0.0000E+00
 7650.6436  1  1    0.9997    0.7999    0.0000    0.0000    0.0591   -0.1169    0.0582    0.0430    0.1212   -0.4955  0.3992E+03  0.3236E+03 -0.6013E-13 -0.1200E-13  0.1924E-01  0.5421E-01  0.3233E+00  0.2479E+00  0.4942E+02  0.0000E+00
 7660.1592  1  1    0.9997    0.7999    0.0000    0.0000    0.0593   -0.1168    0.0582    0.0430    0.1216   -0.4954  0.3987E+03  0.3234E+03 -0.6027E-13 -0.1200E-13  0.1925E-01  0.5420E-01  0.3239E+00  0.2479E+00  0.4942E+02  0.0000E+00
 7669.6748  1  1    0.9997    0.7999    0.0000    0.0000    0.0596   -0.1168    0.0583    0.0430    0.1220   -0.4952  0.3982E+03  0.3232E+03 -0.6053E-13 -0.1200E-13  0.1925E-01  0.5420E-01  0.3246E+00  0.2480E+00  0.4942E+02  0.0000E+00
 7679.1904  1  1    0.9997    0.7999    0.0000    0.0000    0.0598   -0.1168    0.0583    0.0430    0.1224   -0.4951  0.3978E+03  0.3231E+03 -0.6064E-13 -0.1200E-13  0.1926E-01  0.5419E-01  0.3253E+00  0.2480E+00  0.4942E+02  0.0000E+00
 7688.7061  1  1    0.9997    0.7999    0.0000    0.0000    0.0600   -0.1167    0.0583    0.0430    0.1228   -0.4949  0.3973E+03  0.3229E+03 -0.6064E-13 -0.1200E-13  0.1926E-01  0.5419E-01  0.3260E+00  0.2481E+00  0.4942E+02  0.0000E+00
 7698.2222  1  1    0.9997    0.7999    0.0000    0.0000    0.0602   -0.1167    0.0583    0.0430    0.1232   -0.4948  0.3968E+03  0.3227E+03 -0.6064E-13 -0.1200E-13  0.1927E-01  0.5418E-01  0.3267E+00  0.2481E+00  0.4942E+02  0.0000E+00
 7707.7378  1  1    0.9997    0.7999    0.0000    0.0000    0.0604   -0.1167    0.0584    0.0430    0.1236   -0.4946  0.3963E+03  0.3226E+03 -0.6064E-13 -0.1200E-13  0.1927E-01  0.5418E-01  0.3274E+00  0.2481E+00  0.4942E+02  0.0000E+00
 7717.2534  1  1    0.9997    0.7999    0.0000    0.0000    0.0606   -0.1166    0.0584    0.0430    0.1241   -0.4945  0.3958E+03  0.3224E+03 -0.6076E-13 -0.1200E-13  0.1928E-01  0.5418E-01  0.3279E+00  0.2482E+00  0.4942E+02  0.0000E+00
 7726.7690  1  1    0.9997    0.7999    0.0000    0.0000    0.0608   -0.1166    0.0584    0.0430    0.1245   -0.4944  0.3953E+03  0.3222E+03 -0.6100E-13 -0.1200E-13  0.1929E-01  0.5417E-01  0.3281E+00  0.2482E+00  0.4942E+02  0.0000E+00
 7736.2847  1  1    0.9997    0.7999    0.0000    0.0000    0.0611   -0.1166    0.0585    0.0430    0.1249   -0.4942  0.3949E+03  0.3220E+03 -0.6111E-13 -0.1200E-13  0.1929E-01  0.5417E-01  0.3282E+00  0.2483E+00  0.4942E+02  0.0000E+00
 7745.8008  1  1    0.9997    0.7999    0.0000    0.0000    0.0613   -0.1165    0.0585    0.0430    0.1253   -0.4941  0.3944E+03  0.3219E+03 -0.6111E-13 -0.1200E-13  0.1930E-01  0.5416E-01  0.3284E+00  0.2483E+00  0.4942E+02  0.0000E+00
 7755.3164  1  1    0.9997    0.7999    0.0000    0.0000    0.0615   -0.1165    0.0585    0.0430    0.1257   -0.4939  0.3939E+03  0.3217E+03 -0.6111E-13 -0.1200E-13  0.1930E-01  0.5416E-01  0.3286E+00  0.2483E+00  0.4942E+02  0.0000E+00
 7764.8320  1  1    0.9997    0.7999    0.0000    0.0000    0.0617   -0.1165    0.0586    0.0430    0.1261   -0.4938  0.3934E+03  0.3215E+03 -0.6111E-13 -0.1200E-13  0.1931E-01  0.5416E-01  0.3288E+00  0.2484E+00  0.4942E+02  0.0000E+00
 7774.3477  1  1    0.9997    0.7999    0.0000    0.0000    0.0619   -0.1164    0.0586    0.0430    0.1265   -0.4936  0.3929E+03  0.3213E+03 -0.6120E-13 -0.1200E-13  0.1931E-01  0.5415E-01  0.3290E+00  0.2484E+00  0.4942E+02  0.0000E+00
 7783.8638  1  1    0.9997    0.7999    0.0000    0.0000    0.0621   -0.1164    0.0586    0.0430    0.1269   -0.4935  0.3925E+03  0.3212E+03 -0.6142E-13 -0.1200E-13  0.1932E-01  0.5415E-01  0.3292E+00  0.2484E+00  0.4942E+02  0.0000E+00
 7793.3794  1  1    0.9997    0.7999    0.0000    0.0000    0.0624   -0.1163    0.0586    0.0430    0.1274   -0.4933  0.3920E+03  0.3210E+03 -0.6154E-13 -0.1200E-13  0.1933E-01  0.5414E-01  0.3294E+00  0.2485E+00  0.4942E+02  0.0000E+00
 7802.8950  1  1    0.9997    0.7999    0.0000    0.0000    0.0626   -0.1163    0.0587    0.0430    0.1278   -0.4932  0.3915E+03  0.3208E+03 -0.6154E-13 -0.1200E-13  0.1933E-01  0.5414E-01  0.3296E+00  0.2485E+00  0.4942E+02  0.0000E+00
 7812.4106  1  1    0.9997    0.7999    0.0000    0.0000    0.0628   -0.1163    0.0587    0.0430    0.1282   -0.4930  0.3910E+03  0.3207E+03 -0.6154E-13 -0.1200E-13  0.1934E-01  0.5413E-01  0.3297E+00  0.2486E+00  0.4942E+02  0.0000E+00
 7821.9263  1  1    0.9997    0.7999    0.0000    0.0000    0.0630   -0.1162    0.0587    0.0430    0.1286   -0.4929  0.3905E+03  0.3205E+03 -0.6154E-13 -0.1203E-13  0.1934E-01  0.5413E-01  0.3299E+00  0.2486E+00  0.4942E+02  0.0000E+00
 7831.4424  1  1    0.9997    0.7999    0.0000    0.0000    0.0632   -0.1162    0.0588    0.0430    0.1290   -0.4927  0.3900E+03  0.3203E+03 -0.6164E-13 -0.1205E-13  0.1935E-01  0.5413E-01  0.3301E+00  0.2486E+00  0.4942E+02  0.0000E+00
 7840.9580  1  1    0.9997    0.7999    0.0000    0.0000    0.0635   -0.1162    0.0588    0.0430    0.1294   -0.4926  0.3895E+03  0.3201E+03 -0.6197E-13 -0.1207E-13  0.1936E-01  0.5412E-01  0.3303E+00  0.2487E+00  0.4942E+02  0.0000E+00
 7850.4736  1  1    0.9997    0.7999    0.0000    0.0000    0.0637   -0.1161    0.0588    0.0430    0.1299   -0.4924  0.3891E+03  0.3200E+03 -0.6219E-13 -0.1210E-13  0.1937E-01  0.5412E-01  0.3305E+00  0.2487E+00  0.4942E+02  0.0000E+00
 7859.9893  1  1    0.9997    0.7999    0.0000    0.0000    0.0639   -0.1161    0.0588    0.0430    0.1303   -0.4923  0.3886E+03  0.3198E+03 -0.6219E-13 -0.1211E-13  0.1938E-01  0.5411E-01  0.3307E+00  0.2487E+00  0.4942E+02  0.0000E+00
 7869.5049  1  1    0.9997    0.7999    0.0000    0.0000    0.0641   -0.1161    0.0589    0.0431    0.1307   -0.4921  0.3881E+03  0.3196E+03 -0.6219E-13 -0.1211E-13  0.1939E-01  0.5411E-01  0.3309E+00  0.2488E+00  0.4942E+02  0.0000E+00
 7879.0210  1  1    0.9997    0.7999    0.0000    0.0000    0.0643   -0.1160    0.0589    0.0431    0.1311   -0.4920  0.3876E+03  0.3195E+03 -0.6219E-13 -0.1211E-13  0.1940E-01  0.5411E-01  0.3311E+00  0.2488E+00  0.4942E+02  0.0000E+00
 7888.5366  1  1    0.9997    0.7999    0.0000    0.0000    0.0646   -0.1160    0.0589    0.0431    0.1315   -0.4918  0.3871E+03  0.3193E+03 -0.6224E-13 -0.1211E-13  0.1941E-01  0.5410E-01  0.3313E+00  0.2489E+00  0.4942E+02  0.0000E+00
 7898.0522  1  1    0.9997    0.7999    0.0000    0.0000    0.0648   -0.1160    0.0590    0.0431    0.1320   -0.4917  0.3866E+03  0.3191E+03 -0.6255E-13 -0.1211E-13  0.1942E-01  0.5410E-01  0.3315E+00  0.2489E+00  0.4942E+02  0.0000E+00
 7907.5679  1  1    0.9997    0.7999    0.0000    0.0000    0.0650   -0.1159    0.0590    0.0431    0.1324   -0.4915  0.3861E+03  0.3189E+03 -0.6280E-13 -0.1211E-13  0.1943E-01  0.5409E-01  0.3317E+00  0.2489E+00  0.4942E+02  0.0000E+00
 7917.0835  1  1    0.9997    0.7999    0.0000    0.0000    0.0652   -0.1159    0.0590    0.0431    0.1328   -0.4914  0.3857E+03  0.3188E+03 -0.6280E-13 -0.1211E-13  0.1944E-01  0.5409E-01  0.3319E+00  0.2490E+00  0.4942E+02  0.0000E+00
 7926.5996  1  1    0.9997    0.7999    0.0000    0.0000    0.0655   -0.1159    0.0591    0.0431    0.1332   -0.4912  0.3852E+03  0.3186E+03 -0.6280E-13 -0.1211E-13  0.1944E-01  0.5408E-01  0.3320E+00  0.2490E+00  0.4942E+02  0.0000E+00
 7936.1152  1  1    0.9997    0.7999    0.0000    0.0000    0.0657   -0.1158    0.0591    0.0431    0.1337   -0.4911  0.3847E+03  0.3184E+03 -0.6280E-13 -0.1211E-13  0.1945E-01  0.5408E-01  0.3322E+00  0.2491E+00  0.4942E+02  0.0000E+00
 7945.6309  1  1    0.9997    0.7999    0.0000    0.0000    0.0659   -0.1158    0.0591    0.0431    0.1341   -0.4909  0.3842E+03  0.3183E+03 -0.6280E-13 -0.1211E-13  0.1946E-01  0.5408E-01  0.3324E+00  0.2491E+00  0.4942E+02  0.0000E+00
 7955.1465  1  1    0.9997    0.7999    0.0000    0.0000    0.0662   -0.1158    0.0592    0.0431    0.1345   -0.4908  0.3837E+03  0.3181E+03 -0.6308E-13 -0.1211E-13  0.1947E-01  0.5407E-01  0.3326E+00  0.2491E+00  0.4942E+02  0.0000E+00
 7964.6621  1  1    0.9997    0.7999    0.0000    0.0000    0.0664   -0.1157    0.0592    0.0431    0.1350   -0.4906  0.3832E+03  0.3179E+03 -0.6336E-13 -0.1210E-13  0.1948E-01  0.5407E-01  0.3328E+00  0.2492E+00  0.4942E+02  0.0000E+00
 7974.1782  1  1    0.9997    0.7999    0.0000    0.0000    0.0666   -0.1157    0.0592    0.0431    0.1354   -0.4905  0.3827E+03  0.3178E+03 -0.6336E-13 -0.1210E-13  0.1948E-01  0.5406E-01  0.3330E+00  0.2492E+00  0.4942E+02  0.0000E+00
 7983.6938  1  1    0.9997    0.7999    0.0000    0.0000    0.0668   -0.1157    0.0592    0.0431    0.1358   -0.4903  0.3822E+03  0.3176E+03 -0.6336E-13 -0.1210E-13  0.1949E-01  0.5406E-01  0.3332E+00  0.2492E+00  0.4942E+02  0.0000E+00
 7993.2095  1  1    0.9997    0.7999    0.0000    0.0000    0.0671   -0.1156    0.0593    0.0431    0.1363   -0.4902  0.3817E+03  0.3174E+03 -0.6336E-13 -0.1210E-13  0.1950E-01  0.5405E-01  0.3334E+00  0.2493E+00  0.4942E+02  0.0000E+00
 8002.7251  1  1    0.9997    0.7999    0.0000    0.0000    0.0673   -0.1156    0.0593    0.0431    0.1367   -0.4900  0.3812E+03  0.3172E+03 -0.6336E-13 -0.1210E-13  0.1950E-01  0.5405E-01  0.3336E+00  0.2493E+00  0.4942E+02  0.0000E+00
 8012.2407  1  1    0.9997    0.7999    0.0000    0.0000    0.0675   -0.1156    0.0593    0.0431    0.1371   -0.4899  0.3807E+03  0.3171E+03 -0.6361E-13 -0.1210E-13  0.1951E-01  0.5405E-01  0.3338E+00  0.2494E+00  0.4942E+02  0.0000E+00
 8021.7568  1  1    0.9997    0.7999    0.0000    0.0000    0.0678   -0.1155    0.0594    0.0431    0.1376   -0.4897  0.3802E+03  0.3169E+03 -0.6391E-13 -0.1210E-13  0.1952E-01  0.5404E-01  0.3340E+00  0.2494E+00  0.4942E+02  0.0000E+00
 8031.2725  1  1    0.9997    0.7999    0.0000    0.0000    0.0680   -0.1155    0.0594    0.0431    0.1380   -0.4896  0.3797E+03  0.3167E+03 -0.6396E-13 -0.1210E-13  0.1953E-01  0.5404E-01  0.3342E+00  0.2494E+00  0.4942E+02  0.0000E+00
 8040.7881  1  1    0.9997    0.7999    0.0000    0.0000    0.0682   -0.1154    0.0594    0.0431    0.1385   -0.4895  0.3792E+03  0.3166E+03 -0.6396E-13 -0.1210E-13  0.1953E-01  0.5403E-01  0.3344E+00  0.2495E+00  0.4942E+02  0.0000E+00
 8050.3037  1  1    0.9997    0.7999    0.0000    0.0000    0.0685   -0.1154    0.0595    0.0431    0.1389   -0.4893  0.3787E+03  0.3164E+03 -0.6396E-13 -0.1212E-13  0.1954E-01  0.5403E-01  0.3346E+00  0.2495E+00  0.4942E+02  0.0000E+00
 8059.8193  1  1    0.9997    0.7999    0.0000    0.0000    0.0687   -0.1154    0.0595    0.0431    0.1394   -0.4892  0.3782E+03  0.3162E+03 -0.6396E-13 -0.1215E-13  0.1955E-01  0.5402E-01  0.3348E+00  0.2495E+00  0.4942E+02  0.0000E+00
 8069.3354  1  1    0.9997    0.7999    0.0000    0.0000    0.0690   -0.1153    0.0595    0.0431    0.1398   -0.4890  0.3777E+03  0.3161E+03 -0.6411E-13 -0.1218E-13  0.1955E-01  0.5402E-01  0.3351E+00  0.2496E+00  0.4942E+02  0.0000E+00
 8078.8511  1  1    0.9997    0.7999    0.0000    0.0000    0.0692   -0.1153    0.0596    0.0431    0.1403   -0.4889  0.3772E+03  0.3159E+03 -0.6436E-13 -0.1220E-13  0.1956E-01  0.5402E-01  0.3353E+00  0.2496E+00  0.4942E+02  0.0000E+00
 8088.3667  1  1    0.9997    0.7999    0.0000    0.0000    0.0694   -0.1153    0.0596    0.0431    0.1407   -0.4887  0.3767E+03  0.3157E+03 -0.6446E-13 -0.1223E-13  0.1957E-01  0.5401E-01  0.3355E+00  0.2496E+00  0.4942E+02  0.0000E+00
 8097.8823  1  1    0.9997    0.7999    0.0000    0.0000    0.0697   -0.1152    0.0596    0.0431    0.1412   -0.4886  0.3762E+03  0.3156E+03 -0.6446E-13 -0.1224E-13  0.1958E-01  0.5401E-01  0.3357E+00  0.2496E+00  0.4942E+02  0.0000E+00
 8107.3984  1  1    0.9997    0.7999    0.0000    0.0000    0.0699   -0.1152    0.0597    0.0431    0.1416   -0.4884  0.3757E+03  0.3154E+03 -0.6446E-13 -0.1224E-13  0.1959E-01  0.5400E-01  0.3359E+00  0.2496E+00  0.4942E+02  0.0000E+00
 8116.9141  1  1    0.9997    0.7999    0.0000    0.0000    0.0702   -0.1152    0.0597    0.0431    0.1421   -0.4883  0.3752E+03  0.3152E+03 -0.6446E-13 -0.1224E-13  0.1959E-01  0.5400E-01  0.3361E+00  0.2496E+00  0.4942E+02  0.0000E+00
 8126.4297  1  1    0.9997    0.7999    0.0000    0.0000    0.0704   -0.1151    0.0597    0.0431    0.1425   -0.4881  0.3747E+03  0.3151E+03 -0.6458E-13 -0.1224E-13  0.1960E-01  0.5400E-01  0.3363E+00  0.2496E+00  0.4942E+02  0.0000E+00
 8135.9453  1  1    0.9997    0.7999    0.0000    0.0000    0.0706   -0.1151    0.0598    0.0431    0.1430   -0.4879  0.3742E+03  0.3149E+03 -0.6491E-13 -0.1224E-13  0.1961E-01  0.5399E-01  0.3365E+00  0.2496E+00  0.4942E+02  0.0000E+00
 8145.4609  1  1    0.9997    0.7999    0.0000    0.0000    0.0709   -0.1151    0.0598    0.0432    0.1435   -0.4878  0.3737E+03  0.3147E+03 -0.6511E-13 -0.1223E-13  0.1962E-01  0.5399E-01  0.3367E+00  0.2496E+00  0.4942E+02  0.0000E+00
 8154.9771  1  1    0.9997    0.7999    0.0000    0.0000    0.0711   -0.1150    0.0598    0.0432    0.1439   -0.4876  0.3732E+03  0.3146E+03 -0.6511E-13 -0.1223E-13  0.1963E-01  0.5398E-01  0.3370E+00  0.2497E+00  0.4942E+02  0.0000E+00
 8164.4927  1  1    0.9997    0.7999    0.0000    0.0000    0.0714   -0.1150    0.0599    0.0432    0.1444   -0.4875  0.3727E+03  0.3144E+03 -0.6511E-13 -0.1223E-13  0.1964E-01  0.5398E-01  0.3372E+00  0.2497E+00  0.4942E+02  0.0000E+00
 8174.0083  1  1    0.9997    0.7999    0.0000    0.0000    0.0716   -0.1150    0.0599    0.0432    0.1449   -0.4873  0.3722E+03  0.3142E+03 -0.6511E-13 -0.1223E-13  0.1965E-01  0.5397E-01  0.3374E+00  0.2497E+00  0.4942E+02  0.0000E+00
 8183.5239  1  1    0.9997    0.7999    0.0000    0.0000    0.0719   -0.1149    0.0599    0.0432    0.1453   -0.4872  0.3717E+03  0.3141E+03 -0.6515E-13 -0.1223E-13  0.1966E-01  0.5397E-01  0.3376E+00  0.2497E+00  0.4942E+02  0.0000E+00
 8193.0400  1  1    0.9997    0.7999    0.0000    0.0000    0.0721   -0.1149    0.0600    0.0432    0.1458   -0.4870  0.3712E+03  0.3139E+03 -0.6550E-13 -0.1223E-13  0.1966E-01  0.5397E-01  0.3378E+00  0.2497E+00  0.4942E+02  0.0000E+00
 8202.5557  1  1    0.9997    0.7999    0.0000    0.0000    0.0724   -0.1148    0.0600    0.0432    0.1463   -0.4869  0.3707E+03  0.3138E+03 -0.6580E-13 -0.1223E-13  0.1967E-01  0.5396E-01  0.3380E+00  0.2497E+00  0.4942E+02  0.0000E+00
 8212.0713  1  1    0.9997    0.7999    0.0000    0.0000    0.0726   -0.1148    0.0600    0.0432    0.1467   -0.4867  0.3702E+03  0.3136E+03 -0.6580E-13 -0.1223E-13  0.1968E-01  0.5396E-01  0.3383E+00  0.2497E+00  0.4942E+02  0.0000E+00
 8221.5869  1  1    0.9997    0.7999    0.0000    0.0000    0.0729   -0.1148    0.0601    0.0432    0.1472   -0.4866  0.3697E+03  0.3134E+03 -0.6580E-13 -0.1223E-13  0.1968E-01  0.5395E-01  0.3385E+00  0.2497E+00  0.4942E+02  0.0000E+00
 8231.1025  1  1    0.9997    0.7999    0.0000    0.0000    0.0731   -0.1147    0.0601    0.0432    0.1477   -0.4864  0.3691E+03  0.3133E+03 -0.6580E-13 -0.1223E-13  0.1969E-01  0.5395E-01  0.3387E+00  0.2497E+00  0.4942E+02  0.0000E+00
 8240.6182  1  1    0.9997    0.7999    0.0000    0.0000    0.0734   -0.1147    0.0601    0.0432    0.1482   -0.4863  0.3686E+03  0.3131E+03 -0.6580E-13 -0.1223E-13  0.1970E-01  0.5394E-01  0.3389E+00  0.2497E+00  0.4942E+02  0.0000E+00
 8250.1338  1  1    0.9997    0.7999    0.0000    0.0000    0.0736   -0.1147    0.0602    0.0432    0.1486   -0.4861  0.3681E+03  0.3129E+03 -0.6610E-13 -0.1223E-13  0.1970E-01  0.5394E-01  0.3392E+00  0.2498E+00  0.4942E+02  0.0000E+00
 8259.6494  1  1    0.9997    0.7999    0.0000    0.0000    0.0739   -0.1146    0.0602    0.0432    0.1491   -0.4860  0.3676E+03  0.3128E+03 -0.6645E-13 -0.1223E-13  0.1971E-01  0.5394E-01  0.3394E+00  0.2498E+00  0.4942E+02  0.0000E+00
 8269.1660  1  1    0.9997    0.7999    0.0000    0.0000    0.0741   -0.1146    0.0603    0.0432    0.1496   -0.4858  0.3671E+03  0.3126E+03 -0.6650E-13 -0.1223E-13  0.1972E-01  0.5393E-01  0.3396E+00  0.2498E+00  0.4942E+02  0.0000E+00
 8278.6816  1  1    0.9997    0.7999    0.0000    0.0000    0.0744   -0.1146    0.0603    0.0432    0.1501   -0.4857  0.3666E+03  0.3124E+03 -0.6650E-13 -0.1223E-13  0.1972E-01  0.5393E-01  0.3398E+00  0.2498E+00  0.4942E+02  0.0000E+00
 8288.1973  1  1    0.9997    0.7999    0.0000    0.0000    0.0747   -0.1145    0.0603    0.0432    0.1506   -0.4855  0.3661E+03  0.3123E+03 -0.6650E-13 -0.1224E-13  0.1973E-01  0.5392E-01  0.3401E+00  0.2498E+00  0.4942E+02  0.0000E+00
 8297.7129  1  1    0.9997    0.7999    0.0000    0.0000    0.0749   -0.1145    0.0604    0.0432    0.1511   -0.4854  0.3655E+03  0.3121E+03 -0.6650E-13 -0.1226E-13  0.1974E-01  0.5392E-01  0.3403E+00  0.2498E+00  0.4942E+02  0.0000E+00
 8307.2285  1  1    0.9997    0.7999    0.0000    0.0000    0.0752   -0.1145    0.0604    0.0432    0.1516   -0.4852  0.3650E+03  0.3120E+03 -0.6660E-13 -0.1229E-13  0.1974E-01  0.5392E-01  0.3405E+00  0.2498E+00  0.4942E+02  0.0000E+00
 8316.7441  1  1    0.9997    0.7999    0.0000    0.0000    0.0754   -0.1144    0.0604    0.0432    0.1520   -0.4851  0.3645E+03  0.3118E+03 -0.6677E-13 -0.1231E-13  0.1975E-01  0.5391E-01  0.3408E+00  0.2498E+00  0.4942E+02  0.0000E+00
 8326.2598  1  1    0.9997    0.7999    0.0000    0.0000    0.0757   -0.1144    0.0605    0.0432    0.1525   -0.4849  0.3640E+03  0.3116E+03 -0.6684E-13 -0.1234E-13  0.1976E-01  0.5391E-01  0.3410E+00  0.2498E+00  0.4942E+02  0.0000E+00
 8335.7754  1  1    0.9997    0.7999    0.0000    0.0000    0.0760   -0.1144    0.0605    0.0432    0.1530   -0.4848  0.3635E+03  0.3115E+03 -0.6684E-13 -0.1235E-13  0.1976E-01  0.5390E-01  0.3412E+00  0.2498E+00  0.4942E+02  0.0000E+00
 8345.2910  1  1    0.9997    0.7999    0.0000    0.0000    0.0762   -0.1143    0.0605    0.0432    0.1535   -0.4846  0.3629E+03  0.3113E+03 -0.6684E-13 -0.1235E-13  0.1977E-01  0.5390E-01  0.3415E+00  0.2499E+00  0.4942E+02  0.0000E+00
 8354.8066  1  1    0.9997    0.7999    0.0000    0.0000    0.0765   -0.1143    0.0606    0.0432    0.1540   -0.4845  0.3624E+03  0.3111E+03 -0.6684E-13 -0.1235E-13  0.1978E-01  0.5390E-01  0.3417E+00  0.2499E+00  0.4942E+02  0.0000E+00
 8364.3232  1  1    0.9997    0.7999    0.0000    0.0000    0.0767   -0.1142    0.0606    0.0432    0.1545   -0.4843  0.3619E+03  0.3110E+03 -0.6700E-13 -0.1235E-13  0.1978E-01  0.5389E-01  0.3420E+00  0.2499E+00  0.4942E+02  0.0000E+00
 8373.8389  1  1    0.9997    0.7999    0.0000    0.0000    0.0770   -0.1142    0.0606    0.0432    0.1550   -0.4842  0.3614E+03  0.3108E+03 -0.6758E-13 -0.1235E-13  0.1979E-01  0.5389E-01  0.3425E+00  0.2499E+00  0.4942E+02  0.0000E+00
 8383.3545  1  1    0.9997    0.7999    0.0000    0.0000    0.0773   -0.1142    0.0607    0.0432    0.1555   -0.4840  0.3609E+03  0.3107E+03 -0.6800E-13 -0.1235E-13  0.1980E-01  0.5388E-01  0.3431E+00  0.2499E+00  0.4942E+02  0.0000E+00
 8392.8701  1  1    0.9997    0.7999    0.0001    0.0000    0.0775   -0.1141    0.0607    0.0432    0.1560   -0.4839  0.3603E+03  0.3105E+03 -0.6800E-13 -0.1235E-13  0.1981E-01  0.5388E-01  0.3436E+00  0.2499E+00  0.4942E+02  0.0000E+00
 8402.3857  1  1    0.9997    0.7999    0.0001    0.0000    0.0778   -0.1141    0.0608    0.0432    0.1565   -0.4837  0.3598E+03  0.3103E+03 -0.6800E-13 -0.1235E-13  0.1981E-01  0.5388E-01  0.3441E+00  0.2499E+00  0.4942E+02  0.0000E+00
 8411.9014  1  1    0.9996    0.7999    0.0001    0.0000    0.0781   -0.1141    0.0608    0.0432    0.1570   -0.4836  0.3593E+03  0.3102E+03 -0.6800E-13 -0.1235E-13  0.1982E-01  0.5387E-01  0.3447E+00  0.2499E+00  0.4942E+02  0.0000E+00
 8421.4170  1  1    0.9996    0.7999    0.0001    0.0000    0.0783   -0.1140    0.0608    0.0433    0.1575   -0.4834  0.3588E+03  0.3100E+03 -0.6800E-13 -0.1235E-13  0.1983E-01  0.5387E-01  0.3452E+00  0.2499E+00  0.4942E+02  0.0000E+00
 8430.9326  1  1    0.9996    0.7999    0.0001    0.0000    0.0786   -0.1140    0.0609    0.0433    0.1581   -0.4833  0.3583E+03  0.3098E+03 -0.6807E-13 -0.1235E-13  0.1984E-01  0.5386E-01  0.3458E+00  0.2499E+00  0.4942E+02  0.0000E+00
 8440.4482  1  1    0.9996    0.7999    0.0001    0.0000    0.0789   -0.1140    0.0609    0.0433    0.1586   -0.4831  0.3577E+03  0.3097E+03 -0.6815E-13 -0.1235E-13  0.1984E-01  0.5386E-01  0.3464E+00  0.2499E+00  0.4942E+02  0.0000E+00
 8449.9639  1  1    0.9996    0.7999    0.0002    0.0000    0.0792   -0.1139    0.0610    0.0433    0.1591   -0.4830  0.3572E+03  0.3095E+03 -0.6816E-13 -0.1234E-13  0.1985E-01  0.5386E-01  0.3469E+00  0.2499E+00  0.4942E+02  0.0000E+00
 8459.4805  1  1    0.9996    0.7999    0.0002    0.0000    0.0794   -0.1139    0.0610    0.0433    0.1596   -0.4828  0.3567E+03  0.3094E+03 -0.6816E-13 -0.1234E-13  0.1986E-01  0.5385E-01  0.3475E+00  0.2500E+00  0.4942E+02  0.0000E+00
 8468.9961  1  1    0.9996    0.7999    0.0002    0.0000    0.0797   -0.1138    0.0610    0.0433    0.1601   -0.4827  0.3562E+03  0.3092E+03 -0.6816E-13 -0.1234E-13  0.1987E-01  0.5385E-01  0.3481E+00  0.2500E+00  0.4942E+02  0.0000E+00
 8478.5117  1  1    0.9996    0.7999    0.0002    0.0000    0.0800   -0.1138    0.0611    0.0433    0.1606   -0.4825  0.3557E+03  0.3090E+03 -0.6816E-13 -0.1234E-13  0.1987E-01  0.5384E-01  0.3487E+00  0.2500E+00  0.4942E+02  0.0000E+00
 8488.0273  1  1    0.9996    0.7999    0.0003    0.0000    0.0802   -0.1138    0.0611    0.0433    0.1611   -0.4824  0.3552E+03  0.3089E+03 -0.6853E-13 -0.1234E-13  0.1988E-01  0.5384E-01  0.3491E+00  0.2500E+00  0.4942E+02  0.0000E+00
 8497.5430  1  1    0.9996    0.7999    0.0003    0.0000    0.0805   -0.1137    0.0611    0.0433    0.1616   -0.4822  0.3546E+03  0.3087E+03 -0.6915E-13 -0.1234E-13  0.1989E-01  0.5384E-01  0.3494E+00  0.2500E+00  0.4942E+02  0.0000E+00
 8507.0586  1  1    0.9996    0.7999    0.0004    0.0000    0.0808   -0.1137    0.0612    0.0433    0.1622   -0.4821  0.3541E+03  0.3086E+03 -0.6940E-13 -0.1234E-13  0.1990E-01  0.5383E-01  0.3498E+00  0.2500E+00  0.4942E+02  0.0000E+00
 8516.5742  1  1    0.9996    0.7999    0.0004    0.0000    0.0811   -0.1137    0.0612    0.0433    0.1627   -0.4819  0.3536E+03  0.3084E+03 -0.6940E-13 -0.1234E-13  0.1991E-01  0.5383E-01  0.3501E+00  0.2500E+00  0.4942E+02  0.0000E+00
 8526.0898  1  1    0.9996    0.7999    0.0005    0.0000    0.0814   -0.1136    0.0613    0.0433    0.1632   -0.4817  0.3531E+03  0.3082E+03 -0.6940E-13 -0.1234E-13  0.1991E-01  0.5382E-01  0.3504E+00  0.2500E+00  0.4942E+02  0.0000E+00
 8535.6055  1  1    0.9996    0.7999    0.0005    0.0000    0.0816   -0.1136    0.0613    0.0433    0.1637   -0.4816  0.3526E+03  0.3081E+03 -0.6940E-13 -0.1235E-13  0.1992E-01  0.5382E-01  0.3508E+00  0.2500E+00  0.4942E+02  0.0000E+00
 8545.1211  1  1    0.9996    0.7999    0.0006    0.0000    0.0819   -0.1136    0.0613    0.0433    0.1642   -0.4814  0.3520E+03  0.3079E+03 -0.6945E-13 -0.1238E-13  0.1993E-01  0.5382E-01  0.3511E+00  0.2500E+00  0.4942E+02  0.0000E+00
 8554.6377  1  1    0.9996    0.7999    0.0006    0.0000    0.0822   -0.1135    0.0614    0.0433    0.1648   -0.4813  0.3515E+03  0.3078E+03 -0.6967E-13 -0.1241E-13  0.1994E-01  0.5381E-01  0.3514E+00  0.2501E+00  0.4942E+02  0.0000E+00
 8564.1533  1  1    0.9996    0.7999    0.0007    0.0000    0.0825   -0.1135    0.0614    0.0433    0.1653   -0.4811  0.3510E+03  0.3076E+03 -0.6984E-13 -0.1244E-13  0.1995E-01  0.5381E-01  0.3516E+00  0.2501E+00  0.4942E+02  0.0000E+00
 8573.6689  1  1    0.9996    0.7999    0.0007    0.0000    0.0828   -0.1135    0.0615    0.0433    0.1658   -0.4810  0.3505E+03  0.3075E+03 -0.6984E-13 -0.1247E-13  0.1996E-01  0.5380E-01  0.3519E+00  0.2502E+00  0.4942E+02  0.0000E+00
 8583.1846  1  1    0.9996    0.7999    0.0008    0.0000    0.0831   -0.1134    0.0615    0.0433    0.1664   -0.4808  0.3500E+03  0.3073E+03 -0.6984E-13 -0.1249E-13  0.1997E-01  0.5380E-01  0.3521E+00  0.2502E+00  0.4942E+02  0.0000E+00
 8592.7002  1  1    0.9996    0.7999    0.0009    0.0000    0.0833   -0.1134    0.0615    0.0433    0.1669   -0.4807  0.3495E+03  0.3071E+03 -0.6984E-13 -0.1249E-13  0.1997E-01  0.5380E-01  0.3524E+00  0.2502E+00  0.4942E+02  0.0000E+00
 8602.2158  1  1    0.9996    0.7999    0.0009    0.0000    0.0836   -0.1133    0.0616    0.0433    0.1674   -0.4805  0.3490E+03  0.3070E+03 -0.6984E-13 -0.1249E-13  0.1998E-01  0.5379E-01  0.3526E+00  0.2503E+00  0.4942E+02  0.0000E+00
 8611.7314  1  1    0.9996    0.7999    0.0010    0.0000    0.0839   -0.1133    0.0616    0.0433    0.1679   -0.4804  0.3484E+03  0.3068E+03 -0.7001E-13 -0.1248E-13  0.1999E-01  0.5379E-01  0.3529E+00  0.2503E+00  0.4942E+02  0.0000E+00
 8621.2471  1  1    0.9996    0.7999    0.0010    0.0000    0.0842   -0.1133    0.0617    0.0433    0.1685   -0.4802  0.3479E+03  0.3067E+03 -0.7021E-13 -0.1248E-13  0.2000E-01  0.5378E-01  0.3531E+00  0.2504E+00  0.4942E+02  0.0000E+00
 8630.7627  1  1    0.9996    0.7999    0.0011    0.0000    0.0845   -0.1132    0.0617    0.0433    0.1690   -0.4801  0.3474E+03  0.3065E+03 -0.7025E-13 -0.1248E-13  0.2001E-01  0.5378E-01  0.3534E+00  0.2504E+00  0.4942E+02  0.0000E+00
 8640.2793  1  1    0.9996    0.7999    0.0012    0.0000    0.0848   -0.1132    0.0617    0.0433    0.1695   -0.4799  0.3469E+03  0.3063E+03 -0.7025E-13 -0.1248E-13  0.2002E-01  0.5378E-01  0.3536E+00  0.2504E+00  0.4942E+02  0.0000E+00
 8649.7949  1  1    0.9996    0.7999    0.0012    0.0000    0.0851   -0.1132    0.0618    0.0433    0.1701   -0.4798  0.3464E+03  0.3062E+03 -0.7025E-13 -0.1248E-13  0.2003E-01  0.5377E-01  0.3539E+00  0.2505E+00  0.4942E+02  0.0000E+00
 8659.3105  1  1    0.9996    0.7999    0.0013    0.0000    0.0853   -0.1131    0.0618    0.0433    0.1706   -0.4796  0.3459E+03  0.3060E+03 -0.7025E-13 -0.1248E-13  0.2004E-01  0.5377E-01  0.3542E+00  0.2505E+00  0.4942E+02  0.0000E+00
 8668.8262  1  1    0.9996    0.7999    0.0014    0.0000    0.0856   -0.1131    0.0619    0.0433    0.1711   -0.4795  0.3453E+03  0.3059E+03 -0.7063E-13 -0.1248E-13  0.2004E-01  0.5376E-01  0.3544E+00  0.2506E+00  0.4942E+02  0.0000E+00
 8678.3418  1  1    0.9996    0.7999    0.0015    0.0000    0.0859   -0.1130    0.0619    0.0433    0.1717   -0.4793  0.3448E+03  0.3057E+03 -0.7151E-13 -0.1248E-13  0.2005E-01  0.5376E-01  0.3547E+00  0.2506E+00  0.4942E+02  0.0000E+00
 8687.8574  1  1    0.9996    0.7999    0.0016    0.0000    0.0862   -0.1130    0.0620    0.0434    0.1722   -0.4791  0.3443E+03  0.3056E+03 -0.7200E-13 -0.1247E-13  0.2006E-01  0.5376E-01  0.3549E+00  0.2506E+00  0.4942E+02  0.0000E+00
 8697.3730  1  1    0.9996    0.7999    0.0017    0.0000    0.0865   -0.1130    0.0620    0.0434    0.1728   -0.4790  0.3438E+03  0.3054E+03 -0.7200E-13 -0.1247E-13  0.2007E-01  0.5375E-01  0.3552E+00  0.2507E+00  0.4942E+02  0.0000E+00
 8706.8887  1  1    0.9996    0.7999    0.0018    0.0000    0.0868   -0.1129    0.0620    0.0434    0.1733   -0.4788  0.3433E+03  0.3052E+03 -0.7200E-13 -0.1247E-13  0.2008E-01  0.5375E-01  0.3555E+00  0.2507E+00  0.4942E+02  0.0000E+00
 8716.4043  1  1    0.9996    0.7999    0.0018    0.0000    0.0871   -0.1129    0.0621    0.0434    0.1739   -0.4787  0.3427E+03  0.3051E+03 -0.7200E-13 -0.1247E-13  0.2009E-01  0.5374E-01  0.3557E+00  0.2508E+00  0.4942E+02  0.0000E+00
 8725.9199  1  1    0.9996    0.7999    0.0019    0.0000    0.0874   -0.1129    0.0621    0.0434    0.1744   -0.4785  0.3422E+03  0.3049E+03 -0.7200E-13 -0.1247E-13  0.2010E-01  0.5374E-01  0.3560E+00  0.2508E+00  0.4942E+02  0.0000E+00
 8735.4365  1  1    0.9996    0.7999    0.0020    0.0000    0.0877   -0.1128    0.0622    0.0434    0.1750   -0.4784  0.3417E+03  0.3048E+03 -0.7200E-13 -0.1247E-13  0.2011E-01  0.5374E-01  0.3563E+00  0.2508E+00  0.4942E+02  0.0000E+00
 8744.9521  1  1    0.9996    0.7999    0.0021    0.0000    0.0880   -0.1128    0.0622    0.0434    0.1755   -0.4782  0.3412E+03  0.3046E+03 -0.7200E-13 -0.1247E-13  0.2012E-01  0.5373E-01  0.3565E+00  0.2509E+00  0.4942E+02  0.0000E+00
 8754.4678  1  1    0.9996    0.7999    0.0022    0.0000    0.0883   -0.1128    0.0623    0.0434    0.1761   -0.4781  0.3407E+03  0.3045E+03 -0.7200E-13 -0.1247E-13  0.2013E-01  0.5373E-01  0.3568E+00  0.2509E+00  0.4942E+02  0.0000E+00
 8763.9834  1  1    0.9996    0.7999    0.0023    0.0000    0.0886   -0.1127    0.0623    0.0434    0.1766   -0.4779  0.3402E+03  0.3043E+03 -0.7200E-13 -0.1247E-13  0.2014E-01  0.5372E-01  0.3570E+00  0.2510E+00  0.4942E+02  0.0000E+00
 8773.4990  1  1    0.9996    0.7999    0.0024    0.0000    0.0889   -0.1127    0.0623    0.0434    0.1772   -0.4778  0.3396E+03  0.3042E+03 -0.7200E-13 -0.1247E-13  0.2015E-01  0.5372E-01  0.3573E+00  0.2510E+00  0.4942E+02  0.0000E+00
 8783.0146  1  1    0.9996    0.7999    0.0025    0.0000    0.0892   -0.1126    0.0624    0.0434    0.1777   -0.4776  0.3391E+03  0.3040E+03 -0.7200E-13 -0.1247E-13  0.2016E-01  0.5372E-01  0.3576E+00  0.2510E+00  0.4942E+02  0.0000E+00
 8792.5303  1  1    0.9996    0.7999    0.0026    0.0000    0.0895   -0.1126    0.0624    0.0434    0.1783   -0.4775  0.3386E+03  0.3038E+03 -0.7212E-13 -0.1249E-13  0.2017E-01  0.5371E-01  0.3579E+00  0.2511E+00  0.4942E+02  0.0000E+00
 8802.0459  1  1    0.9996    0.7999    0.0027    0.0000    0.0898   -0.1126    0.0625    0.0434    0.1789   -0.4773  0.3381E+03  0.3037E+03 -0.7233E-13 -0.1252E-13  0.2018E-01  0.5371E-01  0.3582E+00  0.2511E+00  0.4942E+02  0.0000E+00
 8811.5615  1  1    0.9996    0.7999    0.0028    0.0000    0.0901   -0.1125    0.0625    0.0434    0.1794   -0.4771  0.3376E+03  0.3035E+03 -0.7242E-13 -0.1255E-13  0.2019E-01  0.5370E-01  0.3585E+00  0.2512E+00  0.4942E+02  0.0000E+00
 8821.0771  1  1    0.9996    0.7999    0.0029    0.0000    0.0904   -0.1125    0.0626    0.0434    0.1800   -0.4770  0.3371E+03  0.3034E+03 -0.7242E-13 -0.1258E-13  0.2020E-01  0.5370E-01  0.3588E+00  0.2512E+00  0.4942E+02  0.0000E+00
 8830.5938  1  1    0.9996    0.7999    0.0030    0.0000    0.0907   -0.1125    0.0626    0.0434    0.1805   -0.4768  0.3366E+03  0.3032E+03 -0.7242E-13 -0.1261E-13  0.2021E-01  0.5369E-01  0.3591E+00  0.2513E+00  0.4942E+02  0.0000E+00
 8840.1094  1  1    0.9996    0.7999    0.0031    0.0000    0.0910   -0.1124    0.0626    0.0434    0.1811   -0.4767  0.3360E+03  0.3031E+03 -0.7242E-13 -0.1262E-13  0.2022E-01  0.5369E-01  0.3594E+00  0.2513E+00  0.4942E+02  0.0000E+00
 8849.6250  1  1    0.9996    0.7999    0.0032    0.0000    0.0913   -0.1124    0.0627    0.0434    0.1816   -0.4765  0.3355E+03  0.3029E+03 -0.7259E-13 -0.1262E-13  0.2023E-01  0.5369E-01  0.3597E+00  0.2513E+00  0.4942E+02  0.0000E+00
 8859.1406  1  1    0.9996    0.7999    0.0033    0.0000    0.0917   -0.1124    0.0627    0.0434    0.1822   -0.4764  0.3350E+03  0.3028E+03 -0.7378E-13 -0.1261E-13  0.2025E-01  0.5368E-01  0.3603E+00  0.2514E+00  0.4942E+02  0.0000E+00
 8868.6562  1  1    0.9996    0.7999    0.0035    0.0000    0.0920   -0.1123    0.0628    0.0434    0.1828   -0.4762  0.3345E+03  0.3026E+03 -0.7480E-13 -0.1261E-13  0.2026E-01  0.5368E-01  0.3608E+00  0.2514E+00  0.4942E+02  0.0000E+00
 8878.1719  1  1    0.9996    0.7999    0.0036    0.0000    0.0923   -0.1123    0.0628    0.0434    0.1834   -0.4761  0.3340E+03  0.3025E+03 -0.7480E-13 -0.1261E-13  0.2028E-01  0.5367E-01  0.3614E+00  0.2515E+00  0.4942E+02  0.0000E+00
 8887.6875  1  1    0.9996    0.7999    0.0038    0.0000    0.0926   -0.1122    0.0629    0.0434    0.1839   -0.4759  0.3334E+03  0.3023E+03 -0.7480E-13 -0.1261E-13  0.2030E-01  0.5367E-01  0.3619E+00  0.2515E+00  0.4942E+02  0.0000E+00
 8897.2031  1  1    0.9996    0.7999    0.0039    0.0000    0.0929   -0.1122    0.0629    0.0434    0.1845   -0.4758  0.3329E+03  0.3021E+03 -0.7480E-13 -0.1261E-13  0.2031E-01  0.5367E-01  0.3625E+00  0.2515E+00  0.4942E+02  0.0000E+00
 8906.7188  1  1    0.9996    0.7999    0.0041    0.0000    0.0933   -0.1122    0.0630    0.0434    0.1851   -0.4756  0.3324E+03  0.3020E+03 -0.7480E-13 -0.1261E-13  0.2033E-01  0.5366E-01  0.3630E+00  0.2516E+00  0.4942E+02  0.0000E+00
 8916.2354  1  1    0.9996    0.7999    0.0042    0.0000    0.0936   -0.1121    0.0630    0.0434    0.1857   -0.4754  0.3319E+03  0.3018E+03 -0.7480E-13 -0.1261E-13  0.2034E-01  0.5366E-01  0.3636E+00  0.2516E+00  0.4942E+02  0.0000E+00
 8925.7510  1  1    0.9996    0.7999    0.0044    0.0000    0.0939   -0.1121    0.0631    0.0434    0.1863   -0.4753  0.3314E+03  0.3017E+03 -0.7480E-13 -0.1261E-13  0.2036E-01  0.5365E-01  0.3642E+00  0.2517E+00  0.4942E+02  0.0000E+00
 8935.2666  1  1    0.9996    0.7999    0.0045    0.0000    0.0942   -0.1121    0.0631    0.0434    0.1868   -0.4751  0.3308E+03  0.3015E+03 -0.7480E-13 -0.1261E-13  0.2038E-01  0.5365E-01  0.3647E+00  0.2517E+00  0.4942E+02  0.0000E+00
 8944.7822  1  1    0.9996    0.7999    0.0046    0.0000    0.0945   -0.1120    0.0631    0.0435    0.1874   -0.4750  0.3303E+03  0.3014E+03 -0.7480E-13 -0.1261E-13  0.2039E-01  0.5365E-01  0.3653E+00  0.2517E+00  0.4942E+02  0.0000E+00
 8954.2979  1  1    0.9996    0.7999    0.0048    0.0000    0.0949   -0.1120    0.0632    0.0435    0.1880   -0.4748  0.3298E+03  0.3012E+03 -0.7480E-13 -0.1261E-13  0.2041E-01  0.5364E-01  0.3658E+00  0.2518E+00  0.4942E+02  0.0000E+00
 8963.8135  1  1    0.9996    0.7999    0.0049    0.0000    0.0952   -0.1119    0.0632    0.0435    0.1886   -0.4747  0.3293E+03  0.3011E+03 -0.7480E-13 -0.1261E-13  0.2042E-01  0.5364E-01  0.3664E+00  0.2518E+00  0.4942E+02  0.0000E+00
 8973.3291  1  1    0.9996    0.7999    0.0051    0.0000    0.0955   -0.1119    0.0633    0.0435    0.1891   -0.4745  0.3288E+03  0.3009E+03 -0.7497E-13 -0.1261E-13  0.2044E-01  0.5363E-01  0.3669E+00  0.2519E+00  0.4942E+02  0.0000E+00
 8982.8447  1  1    0.9996    0.7999    0.0052    0.0000    0.0958   -0.1119    0.0633    0.0435    0.1897   -0.4744  0.3282E+03  0.3008E+03 -0.7558E-13 -0.1260E-13  0.2046E-01  0.5363E-01  0.3673E+00  0.2519E+00  0.4942E+02  0.0000E+00
 8992.3604  1  1    0.9996    0.7999    0.0054    0.0000    0.0962   -0.1118    0.0634    0.0435    0.1903   -0.4742  0.3277E+03  0.3006E+03 -0.7602E-13 -0.1260E-13  0.2047E-01  0.5363E-01  0.3677E+00  0.2519E+00  0.4942E+02  0.0000E+00
 9001.8760  1  1    0.9996    0.7999    0.0055    0.0000    0.0965   -0.1118    0.0634    0.0435    0.1909   -0.4741  0.3272E+03  0.3005E+03 -0.7602E-13 -0.1260E-13  0.2049E-01  0.5362E-01  0.3682E+00  0.2520E+00  0.4942E+02  0.0000E+00
 9011.3926  1  1    0.9996    0.7999    0.0057    0.0000    0.0968   -0.1118    0.0635    0.0435    0.1915   -0.4739  0.3267E+03  0.3003E+03 -0.7602E-13 -0.1260E-13  0.2051E-01  0.5362E-01  0.3686E+00  0.2520E+00  0.4942E+02  0.0000E+00
 9020.9082  1  1    0.9996    0.7999    0.0058    0.0000    0.0971   -0.1117    0.0635    0.0435    0.1921   -0.4737  0.3262E+03  0.3002E+03 -0.7602E-13 -0.1260E-13  0.2053E-01  0.5361E-01  0.3690E+00  0.2521E+00  0.4942E+02  0.0000E+00
 9030.4238  1  1    0.9996    0.7999    0.0060    0.0000    0.0975   -0.1117    0.0636    0.0435    0.1927   -0.4736  0.3256E+03  0.3000E+03 -0.7602E-13 -0.1260E-13  0.2054E-01  0.5361E-01  0.3695E+00  0.2521E+00  0.4942E+02  0.0000E+00
 9039.9395  1  1    0.9996    0.7999    0.0061    0.0000    0.0978   -0.1116    0.0636    0.0435    0.1933   -0.4734  0.3251E+03  0.2999E+03 -0.7667E-13 -0.1260E-13  0.2056E-01  0.5361E-01  0.3698E+00  0.2522E+00  0.4942E+02  0.0000E+00
 9049.4551  1  1    0.9996    0.7999    0.0062    0.0000    0.0981   -0.1116    0.0637    0.0435    0.1939   -0.4733  0.3246E+03  0.2997E+03 -0.7743E-13 -0.1260E-13  0.2058E-01  0.5360E-01  0.3701E+00  0.2522E+00  0.4942E+02  0.0000E+00
 9054.2129  1  1    0.9996    0.7999    0.0063    0.0000    0.0983   -0.1116    0.0637    0.0435    0.1942   -0.4732  0.3243E+03  0.2996E+03 -0.7755E-13 -0.1263E-13  0.2059E-01  0.5360E-01  0.3702E+00  0.2522E+00  0.4942E+02  0.0000E+00
 9058.9707  1  1    0.9996    0.7999    0.0064    0.0000    0.0985   -0.1116    0.0637    0.0435    0.1945   -0.4731  0.3240E+03  0.2996E+03 -0.7755E-13 -0.1264E-13  0.2060E-01  0.5360E-01  0.3704E+00  0.2522E+00  0.4942E+02  0.0000E+00
 9063.7285  1  1    0.9996    0.7999    0.0065    0.0000    0.0987   -0.1116    0.0637    0.0435    0.1948   -0.4730  0.3238E+03  0.2995E+03 -0.7755E-13 -0.1266E-13  0.2061E-01  0.5360E-01  0.3705E+00  0.2523E+00  0.4942E+02  0.0000E+00
 9068.4863  1  1    0.9996    0.7999    0.0065    0.0000    0.0988   -0.1115    0.0638    0.0435    0.1951   -0.4730  0.3235E+03  0.2994E+03 -0.7755E-13 -0.1268E-13  0.2062E-01  0.5359E-01  0.3706E+00  0.2523E+00  0.4942E+02  0.0000E+00
 9073.2441  1  1    0.9996    0.7999    0.0066    0.0000    0.0990   -0.1115    0.0638    0.0435    0.1954   -0.4729  0.3232E+03  0.2993E+03 -0.7755E-13 -0.1269E-13  0.2063E-01  0.5359E-01  0.3708E+00  0.2523E+00  0.4942E+02  0.0000E+00
 9078.0020  1  1    0.9996    0.7999    0.0067    0.0000    0.0992   -0.1115    0.0638    0.0435    0.1957   -0.4728  0.3230E+03  0.2993E+03 -0.7755E-13 -0.1271E-13  0.2064E-01  0.5359E-01  0.3709E+00  0.2523E+00  0.4942E+02  0.0000E+00
 9082.7598  1  1    0.9996    0.7999    0.0068    0.0000    0.0993   -0.1115    0.0638    0.0435    0.1960   -0.4727  0.3227E+03  0.2992E+03 -0.7754E-13 -0.1272E-13  0.2065E-01  0.5359E-01  0.3711E+00  0.2523E+00  0.4942E+02  0.0000E+00
 9087.5176  1  1    0.9996    0.7999    0.0068    0.0000    0.0995   -0.1115    0.0639    0.0435    0.1963   -0.4727  0.3224E+03  0.2991E+03 -0.7754E-13 -0.1274E-13  0.2066E-01  0.5359E-01  0.3712E+00  0.2524E+00  0.4942E+02  0.0000E+00
 9092.2754  1  1    0.9996    0.7999    0.0069    0.0000    0.0997   -0.1114    0.0639    0.0435    0.1966   -0.4726  0.3222E+03  0.2990E+03 -0.7754E-13 -0.1275E-13  0.2067E-01  0.5358E-01  0.3714E+00  0.2524E+00  0.4942E+02  0.0000E+00
 9097.0332  1  1    0.9996    0.7999    0.0070    0.0000    0.0998   -0.1114    0.0639    0.0435    0.1969   -0.4725  0.3219E+03  0.2989E+03 -0.7754E-13 -0.1275E-13  0.2068E-01  0.5358E-01  0.3715E+00  0.2524E+00  0.4942E+02  0.0000E+00
 9101.7920  1  1    0.9996    0.7999    0.0071    0.0000    0.1000   -0.1114    0.0639    0.0435    0.1972   -0.4724  0.3216E+03  0.2989E+03 -0.7754E-13 -0.1275E-13  0.2069E-01  0.5358E-01  0.3716E+00  0.2524E+00  0.4942E+02  0.0000E+00
 9106.5498  1  1    0.9996    0.7999    0.0071    0.0000    0.1002   -0.1114    0.0640    0.0435    0.1975   -0.4723  0.3214E+03  0.2988E+03 -0.7754E-13 -0.1275E-13  0.2070E-01  0.5358E-01  0.3718E+00  0.2524E+00  0.4942E+02  0.0000E+00
 9111.3076  1  1    0.9996    0.7999    0.0072    0.0000    0.1003   -0.1114    0.0640    0.0435    0.1978   -0.4723  0.3211E+03  0.2987E+03 -0.7754E-13 -0.1275E-13  0.2071E-01  0.5357E-01  0.3719E+00  0.2525E+00  0.4942E+02  0.0000E+00
 9116.0654  1  1    0.9996    0.7999    0.0073    0.0000    0.1005   -0.1113    0.0640    0.0435    0.1981   -0.4722  0.3208E+03  0.2986E+03 -0.7754E-13 -0.1275E-13  0.2072E-01  0.5357E-01  0.3721E+00  0.2525E+00  0.4942E+02  0.0000E+00
 9120.8232  1  1    0.9996    0.7999    0.0074    0.0000    0.1007   -0.1113    0.0640    0.0435    0.1984   -0.4721  0.3206E+03  0.2986E+03 -0.7754E-13 -0.1275E-13  0.2073E-01  0.5357E-01  0.3722E+00  0.2525E+00  0.4942E+02  0.0000E+00
 9125.5811  1  1    0.9996    0.7999    0.0074    0.0000    0.1008   -0.1113    0.0641    0.0435    0.1987   -0.4720  0.3203E+03  0.2985E+03 -0.7754E-13 -0.1275E-13  0.2074E-01  0.5357E-01  0.3724E+00  0.2525E+00  0.4942E+02  0.0000E+00
 9130.3389  1  1    0.9996    0.7999    0.0075    0.0000    0.1010   -0.1113    0.0641    0.0435    0.1990   -0.4719  0.3201E+03  0.2984E+03 -0.7754E-13 -0.1275E-13  0.2075E-01  0.5357E-01  0.3725E+00  0.2526E+00  0.4942E+02  0.0000E+00
 9135.0967  1  1    0.9996    0.7999    0.0076    0.0000    0.1012   -0.1113    0.0641    0.0435    0.1993   -0.4719  0.3198E+03  0.2983E+03 -0.7754E-13 -0.1275E-13  0.2076E-01  0.5356E-01  0.3726E+00  0.2526E+00  0.4942E+02  0.0000E+00
 9139.8545  1  1    0.9996    0.7999    0.0077    0.0000    0.1013   -0.1112    0.0641    0.0435    0.1996   -0.4718  0.3195E+03  0.2983E+03 -0.7754E-13 -0.1275E-13  0.2077E-01  0.5356E-01  0.3728E+00  0.2526E+00  0.4942E+02  0.0000E+00
 9144.6123  1  1    0.9996    0.7999    0.0077    0.0000    0.1015   -0.1112    0.0642    0.0435    0.1999   -0.4717  0.3193E+03  0.2982E+03 -0.7754E-13 -0.1275E-13  0.2078E-01  0.5356E-01  0.3729E+00  0.2526E+00  0.4942E+02  0.0000E+00
 9149.3701  1  1    0.9996    0.7999    0.0078    0.0000    0.1017   -0.1112    0.0642    0.0435    0.2002   -0.4716  0.3190E+03  0.2981E+03 -0.7754E-13 -0.1275E-13  0.2079E-01  0.5356E-01  0.3731E+00  0.2526E+00  0.4942E+02  0.0000E+00
 9154.1279  1  1    0.9996    0.7999    0.0079    0.0000    0.1019   -0.1112    0.0642    0.0435    0.2005   -0.4716  0.3187E+03  0.2980E+03 -0.7757E-13 -0.1275E-13  0.2080E-01  0.5356E-01  0.3732E+00  0.2527E+00  0.4942E+02  0.0000E+00
 9158.8857  1  1    0.9996    0.7999    0.0080    0.0000    0.1020   -0.1112    0.0642    0.0435    0.2008   -0.4715  0.3185E+03  0.2980E+03 -0.7887E-13 -0.1274E-13  0.2081E-01  0.5355E-01  0.3736E+00  0.2527E+00  0.4942E+02  0.0000E+00
 9163.6436  1  1    0.9996    0.7999    0.0081    0.0000    0.1022   -0.1112    0.0643    0.0435    0.2011   -0.4714  0.3182E+03  0.2979E+03 -0.8015E-13 -0.1273E-13  0.2082E-01  0.5355E-01  0.3739E+00  0.2527E+00  0.4942E+02  0.0000E+00
 9168.4014  1  1    0.9996    0.7999    0.0081    0.0000    0.1024   -0.1111    0.0643    0.0435    0.2014   -0.4713  0.3179E+03  0.2978E+03 -0.8015E-13 -0.1273E-13  0.2084E-01  0.5355E-01  0.3742E+00  0.2527E+00  0.4942E+02  0.0000E+00
 9173.1592  1  1    0.9996    0.7999    0.0082    0.0000    0.1026   -0.1111    0.0643    0.0435    0.2017   -0.4712  0.3177E+03  0.2977E+03 -0.8015E-13 -0.1273E-13  0.2085E-01  0.5355E-01  0.3745E+00  0.2527E+00  0.4942E+02  0.0000E+00
 9177.9170  1  1    0.9996    0.7999    0.0083    0.0000    0.1027   -0.1111    0.0643    0.0435    0.2020   -0.4712  0.3174E+03  0.2977E+03 -0.8015E-13 -0.1273E-13  0.2086E-01  0.5355E-01  0.3749E+00  0.2528E+00  0.4942E+02  0.0000E+00
 9182.6748  1  1    0.9996    0.7999    0.0084    0.0000    0.1029   -0.1111    0.0644    0.0435    0.2024   -0.4711  0.3171E+03  0.2976E+03 -0.8015E-13 -0.1273E-13  0.2088E-01  0.5354E-01  0.3752E+00  0.2528E+00  0.4942E+02  0.0000E+00
 9187.4326  1  1    0.9996    0.7999    0.0085    0.0000    0.1031   -0.1111    0.0644    0.0435    0.2027   -0.4710  0.3168E+03  0.2975E+03 -0.8015E-13 -0.1273E-13  0.2089E-01  0.5354E-01  0.3755E+00  0.2528E+00  0.4942E+02  0.0000E+00
 9192.1904  1  1    0.9996    0.7999    0.0085    0.0000    0.1033   -0.1110    0.0644    0.0435    0.2030   -0.4709  0.3166E+03  0.2974E+03 -0.8015E-13 -0.1273E-13  0.2090E-01  0.5354E-01  0.3759E+00  0.2528E+00  0.4942E+02  0.0000E+00
 9196.9492  1  1    0.9996    0.7999    0.0086    0.0000    0.1034   -0.1110    0.0645    0.0436    0.2033   -0.4709  0.3163E+03  0.2974E+03 -0.8015E-13 -0.1273E-13  0.2092E-01  0.5354E-01  0.3762E+00  0.2528E+00  0.4942E+02  0.0000E+00
 9201.7070  1  1    0.9996    0.7999    0.0087    0.0000    0.1036   -0.1110    0.0645    0.0436    0.2036   -0.4708  0.3160E+03  0.2973E+03 -0.8015E-13 -0.1273E-13  0.2093E-01  0.5354E-01  0.3765E+00  0.2529E+00  0.4942E+02  0.0000E+00
 9206.4648  1  1    0.9996    0.7999    0.0088    0.0000    0.1038   -0.1110    0.0645    0.0436    0.2039   -0.4707  0.3157E+03  0.2972E+03 -0.8015E-13 -0.1273E-13  0.2094E-01  0.5353E-01  0.3769E+00  0.2529E+00  0.4942E+02  0.0000E+00
 9211.2227  1  1    0.9996    0.7999    0.0089    0.0000    0.1040   -0.1110    0.0645    0.0436    0.2042   -0.4706  0.3155E+03  0.2971E+03 -0.8015E-13 -0.1273E-13  0.2096E-01  0.5353E-01  0.3772E+00  0.2529E+00  0.4942E+02  0.0000E+00
 9215.9805  1  1    0.9996    0.7999    0.0090    0.0000    0.1042   -0.1109    0.0646    0.0436    0.2045   -0.4705  0.3152E+03  0.2971E+03 -0.8017E-13 -0.1273E-13  0.2097E-01  0.5353E-01  0.3775E+00  0.2529E+00  0.4942E+02  0.0000E+00
 9220.7383  1  1    0.9996    0.7999    0.0090    0.0000    0.1043   -0.1109    0.0646    0.0436    0.2049   -0.4705  0.3149E+03  0.2970E+03 -0.8023E-13 -0.1273E-13  0.2098E-01  0.5353E-01  0.3779E+00  0.2529E+00  0.4942E+02  0.0000E+00
 9225.4961  1  1    0.9996    0.7999    0.0091    0.0000    0.1045   -0.1109    0.0646    0.0436    0.2052   -0.4704  0.3147E+03  0.2969E+03 -0.8027E-13 -0.1273E-13  0.2100E-01  0.5353E-01  0.3782E+00  0.2530E+00  0.4942E+02  0.0000E+00
 9230.2539  1  1    0.9996    0.7999    0.0092    0.0000    0.1047   -0.1109    0.0646    0.0436    0.2055   -0.4703  0.3144E+03  0.2968E+03 -0.8027E-13 -0.1273E-13  0.2101E-01  0.5352E-01  0.3786E+00  0.2530E+00  0.4942E+02  0.0000E+00
 9235.0117  1  1    0.9996    0.7999    0.0093    0.0000    0.1049   -0.1109    0.0647    0.0436    0.2058   -0.4702  0.3141E+03  0.2968E+03 -0.8027E-13 -0.1273E-13  0.2103E-01  0.5352E-01  0.3789E+00  0.2530E+00  0.4942E+02  0.0000E+00
 9239.7695  1  1    0.9996    0.7999    0.0094    0.0000    0.1050   -0.1109    0.0647    0.0436    0.2061   -0.4701  0.3139E+03  0.2967E+03 -0.8027E-13 -0.1273E-13  0.2104E-01  0.5352E-01  0.3792E+00  0.2530E+00  0.4942E+02  0.0000E+00
 9244.5273  1  1    0.9996    0.7999    0.0095    0.0000    0.1052   -0.1108    0.0647    0.0436    0.2064   -0.4701  0.3136E+03  0.2966E+03 -0.8027E-13 -0.1273E-13  0.2105E-01  0.5352E-01  0.3796E+00  0.2531E+00  0.4942E+02  0.0000E+00
 9249.2852  1  1    0.9996    0.7999    0.0095    0.0000    0.1054   -0.1108    0.0647    0.0436    0.2067   -0.4700  0.3133E+03  0.2966E+03 -0.8027E-13 -0.1273E-13  0.2107E-01  0.5352E-01  0.3799E+00  0.2531E+00  0.4942E+02  0.0000E+00
 9254.0430  1  1    0.9996    0.7999    0.0096    0.0000    0.1056   -0.1108    0.0648    0.0436    0.2070   -0.4699  0.3130E+03  0.2965E+03 -0.8027E-13 -0.1273E-13  0.2108E-01  0.5351E-01  0.3803E+00  0.2531E+00  0.4942E+02  0.0000E+00
 9258.8008  1  1    0.9996    0.7999    0.0097    0.0000    0.1058   -0.1108    0.0648    0.0436    0.2073   -0.4698  0.3128E+03  0.2964E+03 -0.8027E-13 -0.1273E-13  0.2109E-01  0.5351E-01  0.3806E+00  0.2531E+00  0.4942E+02  0.0000E+00
 9263.5586  1  1    0.9996    0.7999    0.0098    0.0000    0.1059   -0.1108    0.0648    0.0436    0.2077   -0.4698  0.3125E+03  0.2963E+03 -0.8027E-13 -0.1273E-13  0.2111E-01  0.5351E-01  0.3809E+00  0.2531E+00  0.4942E+02  0.0000E+00
 9268.3164  1  1    0.9996    0.7999    0.0099    0.0000    0.1061   -0.1107    0.0649    0.0436    0.2080   -0.4697  0.3122E+03  0.2963E+03 -0.8027E-13 -0.1273E-13  0.2112E-01  0.5351E-01  0.3813E+00  0.2532E+00  0.4942E+02  0.0000E+00
 9273.0742  1  1    0.9996    0.7999    0.0100    0.0000    0.1063   -0.1107    0.0649    0.0436    0.2083   -0.4696  0.3120E+03  0.2962E+03 -0.8027E-13 -0.1273E-13  0.2113E-01  0.5351E-01  0.3816E+00  0.2532E+00  0.4942E+02  0.0000E+00
 9277.8320  1  1    0.9996    0.7999    0.0100    0.0000    0.1065   -0.1107    0.0649    0.0436    0.2086   -0.4695  0.3117E+03  0.2961E+03 -0.8081E-13 -0.1273E-13  0.2115E-01  0.5350E-01  0.3819E+00  0.2532E+00  0.4942E+02  0.0000E+00
 9282.5898  1  1    0.9996    0.7999    0.0102    0.0000    0.1067   -0.1107    0.0649    0.0436    0.2089   -0.4694  0.3114E+03  0.2960E+03 -0.8193E-13 -0.1272E-13  0.2117E-01  0.5350E-01  0.3820E+00  0.2532E+00  0.4942E+02  0.0000E+00
 9287.3486  1  1    0.9996    0.7999    0.0103    0.0000    0.1068   -0.1107    0.0650    0.0436    0.2092   -0.4694  0.3111E+03  0.2960E+03 -0.8252E-13 -0.1272E-13  0.2118E-01  0.5350E-01  0.3822E+00  0.2532E+00  0.4942E+02  0.0000E+00
 9292.1064  1  1    0.9996    0.7999    0.0104    0.0000    0.1070   -0.1106    0.0650    0.0436    0.2096   -0.4693  0.3109E+03  0.2959E+03 -0.8252E-13 -0.1272E-13  0.2120E-01  0.5350E-01  0.3823E+00  0.2533E+00  0.4942E+02  0.0000E+00
 9296.8643  1  1    0.9996    0.7999    0.0105    0.0000    0.1072   -0.1106    0.0650    0.0436    0.2099   -0.4692  0.3106E+03  0.2958E+03 -0.8252E-13 -0.1272E-13  0.2122E-01  0.5349E-01  0.3825E+00  0.2533E+00  0.4942E+02  0.0000E+00
 9301.6221  1  1    0.9996    0.7999    0.0106    0.0000    0.1074   -0.1106    0.0650    0.0436    0.2102   -0.4691  0.3103E+03  0.2957E+03 -0.8252E-13 -0.1272E-13  0.2123E-01  0.5349E-01  0.3827E+00  0.2533E+00  0.4942E+02  0.0000E+00
 9306.3799  1  1    0.9996    0.7999    0.0107    0.0000    0.1076   -0.1106    0.0651    0.0436    0.2105   -0.4691  0.3101E+03  0.2957E+03 -0.8252E-13 -0.1272E-13  0.2125E-01  0.5349E-01  0.3828E+00  0.2533E+00  0.4942E+02  0.0000E+00
 9311.1377  1  1    0.9996    0.7999    0.0108    0.0000    0.1078   -0.1106    0.0651    0.0436    0.2108   -0.4690  0.3098E+03  0.2956E+03 -0.8252E-13 -0.1272E-13  0.2127E-01  0.5349E-01  0.3830E+00  0.2533E+00  0.4942E+02  0.0000E+00
 9315.8955  1  1    0.9996    0.7999    0.0109    0.0000    0.1080   -0.1105    0.0651    0.0436    0.2112   -0.4689  0.3095E+03  0.2955E+03 -0.8252E-13 -0.1273E-13  0.2128E-01  0.5349E-01  0.3831E+00  0.2534E+00  0.4942E+02  0.0000E+00
 9320.6533  1  1    0.9996    0.7999    0.0110    0.0000    0.1081   -0.1105    0.0652    0.0436    0.2115   -0.4688  0.3093E+03  0.2954E+03 -0.8252E-13 -0.1275E-13  0.2130E-01  0.5348E-01  0.3833E+00  0.2534E+00  0.4942E+02  0.0000E+00
 9325.4111  1  1    0.9996    0.7999    0.0111    0.0000    0.1083   -0.1105    0.0652    0.0436    0.2118   -0.4687  0.3090E+03  0.2954E+03 -0.8251E-13 -0.1276E-13  0.2132E-01  0.5348E-01  0.3835E+00  0.2534E+00  0.4942E+02  0.0000E+00
 9330.1689  1  1    0.9996    0.7999    0.0112    0.0000    0.1085   -0.1105    0.0652    0.0436    0.2121   -0.4687  0.3087E+03  0.2953E+03 -0.8251E-13 -0.1278E-13  0.2133E-01  0.5348E-01  0.3836E+00  0.2534E+00  0.4942E+02  0.0000E+00
 9334.9268  1  1    0.9996    0.7999    0.0113    0.0000    0.1087   -0.1105    0.0652    0.0436    0.2124   -0.4686  0.3084E+03  0.2952E+03 -0.8251E-13 -0.1280E-13  0.2135E-01  0.5348E-01  0.3838E+00  0.2534E+00  0.4942E+02  0.0000E+00
 9339.6846  1  1    0.9996    0.7999    0.0114    0.0000    0.1089   -0.1105    0.0653    0.0436    0.2128   -0.4685  0.3082E+03  0.2951E+03 -0.8283E-13 -0.1281E-13  0.2137E-01  0.5348E-01  0.3840E+00  0.2535E+00  0.4942E+02  0.0000E+00
 9344.4424  1  1    0.9996    0.7999    0.0115    0.0000    0.1091   -0.1104    0.0653    0.0436    0.2131   -0.4684  0.3079E+03  0.2951E+03 -0.8322E-13 -0.1283E-13  0.2139E-01  0.5347E-01  0.3843E+00  0.2535E+00  0.4942E+02  0.0000E+00
 9349.2002  1  1    0.9996    0.7999    0.0116    0.0000    0.1093   -0.1104    0.0653    0.0436    0.2134   -0.4683  0.3076E+03  0.2950E+03 -0.8330E-13 -0.1284E-13  0.2140E-01  0.5347E-01  0.3845E+00  0.2535E+00  0.4942E+02  0.0000E+00
 9353.9580  1  1    0.9996    0.7999    0.0117    0.0000    0.1094   -0.1104    0.0654    0.0436    0.2137   -0.4683  0.3073E+03  0.2949E+03 -0.8330E-13 -0.1286E-13  0.2142E-01  0.5347E-01  0.3848E+00  0.2535E+00  0.4942E+02  0.0000E+00
 9358.7158  1  1    0.9996    0.7999    0.0118    0.0000    0.1096   -0.1104    0.0654    0.0436    0.2141   -0.4682  0.3071E+03  0.2949E+03 -0.8330E-13 -0.1288E-13  0.2144E-01  0.5347E-01  0.3850E+00  0.2536E+00  0.4942E+02  0.0000E+00
 9363.4736  1  1    0.9996    0.7999    0.0119    0.0000    0.1098   -0.1104    0.0654    0.0436    0.2144   -0.4681  0.3068E+03  0.2948E+03 -0.8330E-13 -0.1288E-13  0.2146E-01  0.5347E-01  0.3853E+00  0.2536E+00  0.4942E+02  0.0000E+00
 9368.2314  1  1    0.9996    0.7999    0.0120    0.0000    0.1100   -0.1103    0.0654    0.0436    0.2147   -0.4680  0.3065E+03  0.2947E+03 -0.8330E-13 -0.1288E-13  0.2147E-01  0.5346E-01  0.3855E+00  0.2536E+00  0.4942E+02  0.0000E+00
 9372.9893  1  1    0.9996    0.7999    0.0121    0.0000    0.1102   -0.1103    0.0655    0.0436    0.2150   -0.4679  0.3062E+03  0.2946E+03 -0.8330E-13 -0.1288E-13  0.2149E-01  0.5346E-01  0.3858E+00  0.2536E+00  0.4942E+02  0.0000E+00
 9377.7480  1  1    0.9996    0.7999    0.0122    0.0000    0.1104   -0.1103    0.0655    0.0436    0.2154   -0.4679  0.3060E+03  0.2946E+03 -0.8330E-13 -0.1288E-13  0.2151E-01  0.5346E-01  0.3861E+00  0.2536E+00  0.4942E+02  0.0000E+00
 9382.5059  1  1    0.9996    0.7999    0.0124    0.0000    0.1106   -0.1103    0.0655    0.0436    0.2157   -0.4678  0.3057E+03  0.2945E+03 -0.8330E-13 -0.1288E-13  0.2153E-01  0.5346E-01  0.3863E+00  0.2537E+00  0.4942E+02  0.0000E+00
 9387.2637  1  1    0.9996    0.7999    0.0125    0.0000    0.1108   -0.1103    0.0655    0.0436    0.2160   -0.4677  0.3054E+03  0.2944E+03 -0.8330E-13 -0.1288E-13  0.2154E-01  0.5346E-01  0.3866E+00  0.2537E+00  0.4942E+02  0.0000E+00
 9392.0215  1  1    0.9996    0.7999    0.0126    0.0000    0.1109   -0.1102    0.0656    0.0436    0.2163   -0.4676  0.3052E+03  0.2943E+03 -0.8330E-13 -0.1288E-13  0.2156E-01  0.5345E-01  0.3868E+00  0.2537E+00  0.4942E+02  0.0000E+00
 9396.7793  1  1    0.9996    0.7999    0.0127    0.0000    0.1111   -0.1102    0.0656    0.0436    0.2167   -0.4676  0.3049E+03  0.2943E+03 -0.8339E-13 -0.1288E-13  0.2158E-01  0.5345E-01  0.3871E+00  0.2537E+00  0.4942E+02  0.0000E+00
 9401.5371  1  1    0.9996    0.7999    0.0128    0.0000    0.1113   -0.1102    0.0656    0.0436    0.2170   -0.4675  0.3046E+03  0.2942E+03 -0.8409E-13 -0.1287E-13  0.2160E-01  0.5345E-01  0.3875E+00  0.2537E+00  0.4942E+02  0.0000E+00
 9406.2949  1  1    0.9996    0.7999    0.0129    0.0000    0.1115   -0.1102    0.0657    0.0436    0.2173   -0.4674  0.3043E+03  0.2941E+03 -0.8469E-13 -0.1287E-13  0.2162E-01  0.5345E-01  0.3880E+00  0.2538E+00  0.4942E+02  0.0000E+00
 9411.0527  1  1    0.9996    0.7999    0.0130    0.0000    0.1117   -0.1102    0.0657    0.0436    0.2176   -0.4673  0.3040E+03  0.2940E+03 -0.8469E-13 -0.1287E-13  0.2164E-01  0.5345E-01  0.3884E+00  0.2538E+00  0.4942E+02  0.0000E+00
 9415.8105  1  1    0.9996    0.7999    0.0131    0.0000    0.1119   -0.1101    0.0657    0.0436    0.2180   -0.4672  0.3038E+03  0.2940E+03 -0.8469E-13 -0.1287E-13  0.2166E-01  0.5344E-01  0.3889E+00  0.2538E+00  0.4942E+02  0.0000E+00
 9420.5684  1  1    0.9996    0.7999    0.0132    0.0000    0.1121   -0.1101    0.0658    0.0436    0.2183   -0.4672  0.3035E+03  0.2939E+03 -0.8469E-13 -0.1287E-13  0.2168E-01  0.5344E-01  0.3893E+00  0.2538E+00  0.4942E+02  0.0000E+00
 9425.3262  1  1    0.9996    0.7999    0.0133    0.0000    0.1123   -0.1101    0.0658    0.0436    0.2186   -0.4671  0.3032E+03  0.2938E+03 -0.8469E-13 -0.1287E-13  0.2170E-01  0.5344E-01  0.3898E+00  0.2539E+00  0.4942E+02  0.0000E+00
 9430.0840  1  1    0.9996    0.7999    0.0134    0.0000    0.1125   -0.1101    0.0658    0.0436    0.2190   -0.4670  0.3029E+03  0.2937E+03 -0.8469E-13 -0.1287E-13  0.2172E-01  0.5344E-01  0.3902E+00  0.2539E+00  0.4942E+02  0.0000E+00
 9434.8418  1  1    0.9996    0.7999    0.0134    0.0000    0.1127   -0.1101    0.0658    0.0436    0.2193   -0.4669  0.3026E+03  0.2937E+03 -0.8469E-13 -0.1287E-13  0.2173E-01  0.5343E-01  0.3907E+00  0.2539E+00  0.4942E+02  0.0000E+00
 9439.5996  1  1    0.9996    0.7999    0.0135    0.0000    0.1129   -0.1100    0.0659    0.0436    0.2196   -0.4668  0.3024E+03  0.2936E+03 -0.8469E-13 -0.1287E-13  0.2175E-01  0.5343E-01  0.3911E+00  0.2539E+00  0.4942E+02  0.0000E+00
 9444.3574  1  1    0.9996    0.7999    0.0136    0.0000    0.1131   -0.1100    0.0659    0.0436    0.2199   -0.4668  0.3021E+03  0.2935E+03 -0.8469E-13 -0.1287E-13  0.2177E-01  0.5343E-01  0.3916E+00  0.2539E+00  0.4942E+02  0.0000E+00
 9449.1152  1  1    0.9996    0.7999    0.0137    0.0000    0.1133   -0.1100    0.0659    0.0437    0.2203   -0.4667  0.3018E+03  0.2935E+03 -0.8469E-13 -0.1287E-13  0.2179E-01  0.5343E-01  0.3920E+00  0.2540E+00  0.4942E+02  0.0000E+00
 9453.8730  1  1    0.9996    0.7999    0.0138    0.0000    0.1134   -0.1100    0.0660    0.0437    0.2206   -0.4666  0.3015E+03  0.2934E+03 -0.8469E-13 -0.1287E-13  0.2181E-01  0.5343E-01  0.3925E+00  0.2540E+00  0.4942E+02  0.0000E+00
 9458.6309  1  1    0.9996    0.7999    0.0140    0.0000    0.1136   -0.1100    0.0660    0.0437    0.2209   -0.4665  0.3013E+03  0.2933E+03 -0.8512E-13 -0.1287E-13  0.2183E-01  0.5342E-01  0.3928E+00  0.2540E+00  0.4942E+02  0.0000E+00
 9463.3887  1  1    0.9996    0.7999    0.0141    0.0000    0.1138   -0.1100    0.0660    0.0437    0.2213   -0.4664  0.3010E+03  0.2932E+03 -0.8592E-13 -0.1286E-13  0.2186E-01  0.5342E-01  0.3929E+00  0.2540E+00  0.4942E+02  0.0000E+00
 9468.1465  1  1    0.9996    0.7999    0.0142    0.0000    0.1140   -0.1099    0.0660    0.0437    0.2216   -0.4664  0.3007E+03  0.2932E+03 -0.8629E-13 -0.1286E-13  0.2188E-01  0.5342E-01  0.3931E+00  0.2540E+00  0.4942E+02  0.0000E+00
 9472.9053  1  1    0.9996    0.7999    0.0144    0.0000    0.1142   -0.1099    0.0661    0.0437    0.2219   -0.4663  0.3004E+03  0.2931E+03 -0.8629E-13 -0.1286E-13  0.2190E-01  0.5342E-01  0.3932E+00  0.2541E+00  0.4942E+02  0.0000E+00
 9477.6631  1  1    0.9996    0.7999    0.0145    0.0000    0.1144   -0.1099    0.0661    0.0437    0.2223   -0.4662  0.3002E+03  0.2930E+03 -0.8629E-13 -0.1286E-13  0.2192E-01  0.5342E-01  0.3934E+00  0.2541E+00  0.4942E+02  0.0000E+00
 9482.4209  1  1    0.9996    0.7999    0.0147    0.0000    0.1146   -0.1099    0.0661    0.0437    0.2226   -0.4661  0.2999E+03  0.2929E+03 -0.8629E-13 -0.1286E-13  0.2195E-01  0.5341E-01  0.3935E+00  0.2541E+00  0.4942E+02  0.0000E+00
 9487.1787  1  1    0.9996    0.7999    0.0148    0.0000    0.1148   -0.1099    0.0662    0.0437    0.2229   -0.4660  0.2996E+03  0.2929E+03 -0.8629E-13 -0.1286E-13  0.2197E-01  0.5341E-01  0.3937E+00  0.2541E+00  0.4942E+02  0.0000E+00
 9491.9365  1  1    0.9996    0.7999    0.0149    0.0000    0.1150   -0.1098    0.0662    0.0437    0.2233   -0.4660  0.2993E+03  0.2928E+03 -0.8629E-13 -0.1286E-13  0.2199E-01  0.5341E-01  0.3938E+00  0.2542E+00  0.4942E+02  0.0000E+00
 9496.6943  1  1    0.9996    0.7999    0.0151    0.0000    0.1152   -0.1098    0.0662    0.0437    0.2236   -0.4659  0.2991E+03  0.2927E+03 -0.8629E-13 -0.1286E-13  0.2202E-01  0.5341E-01  0.3940E+00  0.2542E+00  0.4942E+02  0.0000E+00
 9501.4521  1  1    0.9996    0.7999    0.0152    0.0000    0.1154   -0.1098    0.0663    0.0437    0.2239   -0.4658  0.2988E+03  0.2927E+03 -0.8629E-13 -0.1286E-13  0.2204E-01  0.5341E-01  0.3941E+00  0.2542E+00  0.4942E+02  0.0000E+00
 9506.2100  1  1    0.9996    0.7999    0.0153    0.0000    0.1156   -0.1098    0.0663    0.0437    0.2243   -0.4657  0.2985E+03  0.2926E+03 -0.8629E-13 -0.1286E-13  0.2206E-01  0.5340E-01  0.3943E+00  0.2542E+00  0.4942E+02  0.0000E+00
 9510.9678  1  1    0.9996    0.7999    0.0155    0.0000    0.1158   -0.1098    0.0663    0.0437    0.2246   -0.4657  0.2983E+03  0.2925E+03 -0.8629E-13 -0.1286E-13  0.2208E-01  0.5340E-01  0.3944E+00  0.2542E+00  0.4942E+02  0.0000E+00
 9515.7256  1  1    0.9996    0.7999    0.0156    0.0000    0.1160   -0.1097    0.0663    0.0437    0.2249   -0.4656  0.2980E+03  0.2924E+03 -0.8629E-13 -0.1286E-13  0.2211E-01  0.5340E-01  0.3946E+00  0.2543E+00  0.4942E+02  0.0000E+00
 9515.7266  2  1    0.9996    0.7999    0.0156    0.0000    0.1160   -0.1097    0.0663    0.0437    0.2249   -0.4656  0.2980E+03  0.2924E+03  0.5015E-16 -0.1322E-13  0.2211E-01  0.5340E-01  0.3946E+00  0.2543E+00  0.4942E+02  0.0000E+00
 9533.0791  2  1    0.9996    0.7999    0.0161    0.0000    0.1168   -0.1097    0.0665    0.0437    0.2262   -0.4653  0.2969E+03  0.2922E+03 -0.8768E-13 -0.1285E-13  0.2221E-01  0.5339E-01  0.3959E+00  0.2543E+00  0.4942E+02  0.0000E+00
 9550.4316  2  1    0.9996    0.7999    0.0166    0.0000    0.1175   -0.1096    0.0666    0.0437    0.2274   -0.4650  0.2959E+03  0.2919E+03 -0.8906E-13 -0.1285E-13  0.2231E-01  0.5338E-01  0.3973E+00  0.2544E+00  0.4942E+02  0.0000E+00
 9567.7852  2  1    0.9996    0.7999    0.0170    0.0000    0.1183   -0.1095    0.0667    0.0437    0.2287   -0.4647  0.2949E+03  0.2916E+03 -0.8906E-13 -0.1284E-13  0.2241E-01  0.5338E-01  0.3986E+00  0.2545E+00  0.4942E+02  0.0000E+00
 9585.1377  2  1    0.9996    0.7999    0.0175    0.0000    0.1190   -0.1095    0.0668    0.0437    0.2299   -0.4644  0.2938E+03  0.2914E+03 -0.8906E-13 -0.1284E-13  0.2251E-01  0.5337E-01  0.4000E+00  0.2546E+00  0.4942E+02  0.0000E+00
 9602.4902  2  1    0.9996    0.7999    0.0180    0.0000    0.1198   -0.1094    0.0669    0.0437    0.2312   -0.4641  0.2928E+03  0.2911E+03 -0.8906E-13 -0.1284E-13  0.2261E-01  0.5336E-01  0.4013E+00  0.2546E+00  0.4942E+02  0.0000E+00
 9619.8428  2  1    0.9996    0.7999    0.0184    0.0000    0.1206   -0.1093    0.0670    0.0437    0.2324   -0.4638  0.2918E+03  0.2909E+03 -0.8906E-13 -0.1291E-13  0.2271E-01  0.5335E-01  0.4027E+00  0.2547E+00  0.4942E+02  0.0000E+00
 9637.1953  2  1    0.9996    0.7999    0.0189    0.0000    0.1213   -0.1092    0.0672    0.0437    0.2337   -0.4635  0.2907E+03  0.2906E+03 -0.8906E-13 -0.1298E-13  0.2281E-01  0.5335E-01  0.4040E+00  0.2548E+00  0.4942E+02  0.0000E+00
 9654.5488  2  1    0.9996    0.7999    0.0194    0.0000    0.1221   -0.1092    0.0673    0.0437    0.2349   -0.4633  0.2897E+03  0.2903E+03 -0.8906E-13 -0.1302E-13  0.2291E-01  0.5334E-01  0.4054E+00  0.2549E+00  0.4942E+02  0.0000E+00
 9671.9014  2  1    0.9996    0.7999    0.0199    0.0000    0.1228   -0.1091    0.0674    0.0437    0.2362   -0.4630  0.2887E+03  0.2901E+03 -0.8975E-13 -0.1302E-13  0.2302E-01  0.5333E-01  0.4068E+00  0.2550E+00  0.4942E+02  0.0000E+00
 9689.2539  2  1    0.9996    0.7999    0.0204    0.0000    0.1236   -0.1090    0.0675    0.0437    0.2375   -0.4627  0.2876E+03  0.2898E+03 -0.9129E-13 -0.1301E-13  0.2313E-01  0.5332E-01  0.4083E+00  0.2550E+00  0.4942E+02  0.0000E+00
 9706.6064  2  1    0.9995    0.7999    0.0209    0.0000    0.1244   -0.1090    0.0676    0.0438    0.2387   -0.4624  0.2865E+03  0.2895E+03 -0.9263E-13 -0.1300E-13  0.2325E-01  0.5332E-01  0.4098E+00  0.2551E+00  0.4942E+02  0.0000E+00
 9723.9590  2  1    0.9995    0.7999    0.0214    0.0000    0.1252   -0.1089    0.0678    0.0438    0.2400   -0.4621  0.2855E+03  0.2893E+03 -0.9312E-13 -0.1300E-13  0.2337E-01  0.5331E-01  0.4114E+00  0.2552E+00  0.4942E+02  0.0000E+00
 9741.3125  2  1    0.9995    0.7999    0.0220    0.0000    0.1261   -0.1088    0.0679    0.0438    0.2413   -0.4618  0.2844E+03  0.2890E+03 -0.9312E-13 -0.1300E-13  0.2349E-01  0.5330E-01  0.4129E+00  0.2553E+00  0.4942E+02  0.0000E+00
 9758.6650  2  1    0.9995    0.7999    0.0225    0.0000    0.1269   -0.1087    0.0680    0.0438    0.2426   -0.4615  0.2833E+03  0.2888E+03 -0.9312E-13 -0.1300E-13  0.2361E-01  0.5329E-01  0.4145E+00  0.2554E+00  0.4942E+02  0.0000E+00
 9776.0176  2  1    0.9995    0.7999    0.0230    0.0000    0.1277   -0.1087    0.0681    0.0438    0.2439   -0.4612  0.2823E+03  0.2885E+03 -0.9312E-13 -0.1299E-13  0.2373E-01  0.5329E-01  0.4160E+00  0.2554E+00  0.4942E+02  0.0000E+00
 9793.3701  2  1    0.9995    0.7999    0.0236    0.0000    0.1285   -0.1086    0.0683    0.0438    0.2452   -0.4609  0.2812E+03  0.2882E+03 -0.9312E-13 -0.1299E-13  0.2384E-01  0.5328E-01  0.4176E+00  0.2555E+00  0.4942E+02  0.0000E+00
 9810.7227  2  1    0.9995    0.7999    0.0241    0.0000    0.1293   -0.1085    0.0684    0.0438    0.2465   -0.4606  0.2802E+03  0.2880E+03 -0.9316E-13 -0.1299E-13  0.2396E-01  0.5327E-01  0.4191E+00  0.2556E+00  0.4942E+02  0.0000E+00
 9828.0762  2  1    0.9995    0.7999    0.0247    0.0000    0.1301   -0.1085    0.0685    0.0438    0.2478   -0.4603  0.2791E+03  0.2877E+03 -0.9418E-13 -0.1299E-13  0.2409E-01  0.5326E-01  0.4205E+00  0.2557E+00  0.4942E+02  0.0000E+00
 9845.4287  2  1    0.9995    0.7999    0.0252    0.0000    0.1310   -0.1084    0.0687    0.0438    0.2491   -0.4600  0.2780E+03  0.2875E+03 -0.9583E-13 -0.1298E-13  0.2423E-01  0.5325E-01  0.4219E+00  0.2558E+00  0.4942E+02  0.0000E+00
 9862.7812  2  1    0.9995    0.7999    0.0258    0.0000    0.1318   -0.1083    0.0688    0.0438    0.2504   -0.4597  0.2769E+03  0.2872E+03 -0.9686E-13 -0.1297E-13  0.2438E-01  0.5325E-01  0.4232E+00  0.2558E+00  0.4942E+02  0.0000E+00
 9880.1338  2  1    0.9995    0.7999    0.0264    0.0000    0.1327   -0.1082    0.0689    0.0438    0.2517   -0.4595  0.2758E+03  0.2870E+03 -0.9723E-13 -0.1297E-13  0.2452E-01  0.5324E-01  0.4245E+00  0.2559E+00  0.4943E+02  0.0000E+00
 9897.4863  2  1    0.9995    0.7999    0.0270    0.0000    0.1335   -0.1082    0.0691    0.0438    0.2530   -0.4592  0.2747E+03  0.2867E+03 -0.9723E-13 -0.1301E-13  0.2467E-01  0.5323E-01  0.4257E+00  0.2560E+00  0.4943E+02  0.0000E+00
 9914.8389  2  1    0.9995    0.7999    0.0276    0.0000    0.1344   -0.1081    0.0692    0.0438    0.2543   -0.4589  0.2736E+03  0.2864E+03 -0.9723E-13 -0.1308E-13  0.2481E-01  0.5323E-01  0.4270E+00  0.2560E+00  0.4943E+02  0.0000E+00
 9932.1924  2  1    0.9995    0.7999    0.0282    0.0000    0.1353   -0.1080    0.0693    0.0439    0.2556   -0.4586  0.2725E+03  0.2862E+03 -0.9723E-13 -0.1314E-13  0.2495E-01  0.5322E-01  0.4283E+00  0.2561E+00  0.4943E+02  0.0000E+00
 9949.5449  2  1    0.9995    0.7999    0.0288    0.0000    0.1361   -0.1079    0.0695    0.0439    0.2570   -0.4583  0.2715E+03  0.2859E+03 -0.9723E-13 -0.1315E-13  0.2510E-01  0.5321E-01  0.4296E+00  0.2561E+00  0.4943E+02  0.0000E+00
 9966.8975  2  1    0.9995    0.7999    0.0294    0.0000    0.1370   -0.1079    0.0696    0.0439    0.2583   -0.4580  0.2704E+03  0.2857E+03 -0.9762E-13 -0.1315E-13  0.2524E-01  0.5321E-01  0.4310E+00  0.2561E+00  0.4943E+02  0.0000E+00
 9984.2500  2  1    0.9995    0.7999    0.0300    0.0000    0.1379   -0.1078    0.0698    0.0439    0.2596   -0.4577  0.2693E+03  0.2854E+03 -0.9874E-13 -0.1314E-13  0.2540E-01  0.5320E-01  0.4326E+00  0.2562E+00  0.4943E+02  0.0000E+00
10001.6025  2  1    0.9995    0.7999    0.0306    0.0000    0.1388   -0.1077    0.0699    0.0439    0.2609   -0.4574  0.2681E+03  0.2852E+03 -0.1005E-12 -0.1313E-13  0.2556E-01  0.5319E-01  0.4345E+00  0.2562E+00  0.4943E+02  0.0000E+00
10018.9561  2  1    0.9995    0.7999    0.0313    0.0000    0.1397   -0.1076    0.0701    0.0439    0.2623   -0.4571  0.2670E+03  0.2849E+03 -0.1015E-12 -0.1312E-13  0.2572E-01  0.5319E-01  0.4363E+00  0.2563E+00  0.4943E+02  0.0000E+00
10036.3086  2  1    0.9995    0.7999    0.0319    0.0000    0.1406   -0.1076    0.0702    0.0439    0.2636   -0.4568  0.2658E+03  0.2847E+03 -0.1015E-12 -0.1312E-13  0.2588E-01  0.5318E-01  0.4382E+00  0.2563E+00  0.4943E+02  0.0000E+00
10053.6611  2  1    0.9995    0.7999    0.0325    0.0000    0.1415   -0.1075    0.0704    0.0439    0.2650   -0.4565  0.2647E+03  0.2844E+03 -0.1015E-12 -0.1312E-13  0.2604E-01  0.5317E-01  0.4401E+00  0.2563E+00  0.4943E+02  0.0000E+00
10071.0137  2  1    0.9995    0.7999    0.0331    0.0000    0.1425   -0.1074    0.0705    0.0439    0.2663   -0.4562  0.2636E+03  0.2841E+03 -0.1015E-12 -0.1312E-13  0.2620E-01  0.5317E-01  0.4419E+00  0.2564E+00  0.4943E+02  0.0000E+00
10088.3662  2  1    0.9995    0.7999    0.0338    0.0000    0.1434   -0.1074    0.0707    0.0439    0.2677   -0.4559  0.2624E+03  0.2839E+03 -0.1015E-12 -0.1312E-13  0.2636E-01  0.5316E-01  0.4438E+00  0.2564E+00  0.4943E+02  0.0000E+00
10105.7197  2  1    0.9995    0.7999    0.0344    0.0000    0.1443   -0.1073    0.0708    0.0439    0.2690   -0.4556  0.2613E+03  0.2836E+03 -0.1015E-12 -0.1312E-13  0.2652E-01  0.5316E-01  0.4456E+00  0.2564E+00  0.4943E+02  0.0000E+00
10123.0723  2  1    0.9995    0.7999    0.0350    0.0000    0.1452   -0.1072    0.0710    0.0439    0.2704   -0.4553  0.2602E+03  0.2834E+03 -0.1020E-12 -0.1311E-13  0.2669E-01  0.5315E-01  0.4475E+00  0.2565E+00  0.4943E+02  0.0000E+00
10140.4248  2  1    0.9995    0.7999    0.0358    0.0000    0.1462   -0.1071    0.0711    0.0439    0.2717   -0.4550  0.2590E+03  0.2831E+03 -0.1041E-12 -0.1310E-13  0.2688E-01  0.5314E-01  0.4495E+00  0.2565E+00  0.4943E+02  0.0000E+00
10157.7773  2  1    0.9995    0.7999    0.0365    0.0000    0.1472   -0.1071    0.0713    0.0439    0.2731   -0.4547  0.2579E+03  0.2829E+03 -0.1056E-12 -0.1309E-13  0.2707E-01  0.5314E-01  0.4514E+00  0.2566E+00  0.4943E+02  0.0000E+00
10175.1299  2  1    0.9995    0.7999    0.0372    0.0000    0.1482   -0.1070    0.0714    0.0440    0.2744   -0.4544  0.2567E+03  0.2826E+03 -0.1056E-12 -0.1309E-13  0.2726E-01  0.5313E-01  0.4534E+00  0.2566E+00  0.4943E+02  0.0000E+00
10192.4834  2  1    0.9995    0.7999    0.0379    0.0000    0.1491   -0.1069    0.0716    0.0440    0.2758   -0.4541  0.2555E+03  0.2824E+03 -0.1056E-12 -0.1313E-13  0.2744E-01  0.5312E-01  0.4553E+00  0.2566E+00  0.4943E+02  0.0000E+00
10209.8359  2  1    0.9995    0.7999    0.0386    0.0000    0.1501   -0.1068    0.0718    0.0440    0.2772   -0.4538  0.2544E+03  0.2821E+03 -0.1056E-12 -0.1319E-13  0.2763E-01  0.5312E-01  0.4573E+00  0.2567E+00  0.4943E+02  0.0000E+00
10227.1885  2  1    0.9995    0.7999    0.0393    0.0000    0.1511   -0.1068    0.0719    0.0440    0.2785   -0.4535  0.2532E+03  0.2819E+03 -0.1056E-12 -0.1325E-13  0.2782E-01  0.5311E-01  0.4593E+00  0.2567E+00  0.4943E+02  0.0000E+00
10244.5410  2  1    0.9995    0.7999    0.0400    0.0000    0.1521   -0.1067    0.0721    0.0440    0.2799   -0.4532  0.2520E+03  0.2816E+03 -0.1056E-12 -0.1325E-13  0.2801E-01  0.5310E-01  0.4612E+00  0.2567E+00  0.4943E+02  0.0000E+00
10261.8936  2  1    0.9995    0.7999    0.0407    0.0000    0.1531   -0.1066    0.0723    0.0440    0.2813   -0.4529  0.2509E+03  0.2814E+03 -0.1061E-12 -0.1325E-13  0.2821E-01  0.5309E-01  0.4632E+00  0.2568E+00  0.4943E+02  0.0000E+00
10279.2471  2  1    0.9995    0.7999    0.0414    0.0000    0.1541   -0.1065    0.0724    0.0440    0.2826   -0.4526  0.2497E+03  0.2811E+03 -0.1078E-12 -0.1324E-13  0.2843E-01  0.5309E-01  0.4650E+00  0.2568E+00  0.4943E+02  0.0000E+00
10296.5996  2  1    0.9995    0.7999    0.0421    0.0000    0.1552   -0.1065    0.0726    0.0440    0.2840   -0.4523  0.2484E+03  0.2809E+03 -0.1094E-12 -0.1323E-13  0.2867E-01  0.5308E-01  0.4669E+00  0.2568E+00  0.4943E+02  0.0000E+00
10313.9521  2  1    0.9995    0.7999    0.0428    0.0000    0.1562   -0.1064    0.0728    0.0440    0.2854   -0.4520  0.2472E+03  0.2806E+03 -0.1100E-12 -0.1323E-13  0.2890E-01  0.5307E-01  0.4687E+00  0.2569E+00  0.4943E+02  0.0000E+00
10331.3047  2  1    0.9995    0.7999    0.0435    0.0000    0.1573   -0.1063    0.0730    0.0440    0.2868   -0.4517  0.2460E+03  0.2804E+03 -0.1100E-12 -0.1322E-13  0.2914E-01  0.5306E-01  0.4706E+00  0.2569E+00  0.4943E+02  0.0000E+00
10348.6572  2  1    0.9995    0.7999    0.0442    0.0000    0.1583   -0.1062    0.0731    0.0440    0.2882   -0.4514  0.2447E+03  0.2801E+03 -0.1100E-12 -0.1322E-13  0.2938E-01  0.5306E-01  0.4724E+00  0.2569E+00  0.4943E+02  0.0000E+00
10366.0107  2  1    0.9995    0.7999    0.0449    0.0000    0.1594   -0.1062    0.0733    0.0440    0.2896   -0.4511  0.2435E+03  0.2799E+03 -0.1100E-12 -0.1322E-13  0.2961E-01  0.5305E-01  0.4743E+00  0.2570E+00  0.4943E+02  0.0000E+00
10383.3633  2  1    0.9995    0.7999    0.0456    0.0000    0.1604   -0.1061    0.0735    0.0440    0.2909   -0.4508  0.2423E+03  0.2796E+03 -0.1100E-12 -0.1322E-13  0.2985E-01  0.5304E-01  0.4762E+00  0.2570E+00  0.4943E+02  0.0000E+00
10400.7158  2  1    0.9995    0.7999    0.0464    0.0000    0.1615   -0.1060    0.0737    0.0441    0.2923   -0.4505  0.2410E+03  0.2794E+03 -0.1107E-12 -0.1321E-13  0.3012E-01  0.5303E-01  0.4782E+00  0.2570E+00  0.4943E+02  0.0000E+00
10418.0684  2  1    0.9995    0.7999    0.0471    0.0000    0.1626   -0.1059    0.0739    0.0441    0.2937   -0.4502  0.2398E+03  0.2792E+03 -0.1124E-12 -0.1320E-13  0.3044E-01  0.5303E-01  0.4804E+00  0.2571E+00  0.4943E+02  0.0000E+00
10435.4209  2  1    0.9995    0.7999    0.0480    0.0000    0.1638   -0.1059    0.0741    0.0441    0.2951   -0.4499  0.2385E+03  0.2789E+03 -0.1140E-12 -0.1319E-13  0.3079E-01  0.5302E-01  0.4828E+00  0.2571E+00  0.4943E+02  0.0000E+00
10452.7744  2  1    0.9995    0.7999    0.0488    0.0000    0.1649   -0.1058    0.0743    0.0441    0.2965   -0.4496  0.2372E+03  0.2787E+03 -0.1148E-12 -0.1318E-13  0.3114E-01  0.5301E-01  0.4852E+00  0.2571E+00  0.4943E+02  0.0000E+00
10470.1270  2  1    0.9995    0.7999    0.0496    0.0000    0.1661   -0.1057    0.0744    0.0441    0.2980   -0.4493  0.2359E+03  0.2784E+03 -0.1148E-12 -0.1318E-13  0.3150E-01  0.5300E-01  0.4876E+00  0.2572E+00  0.4943E+02  0.0000E+00
10487.4795  2  1    0.9995    0.7999    0.0504    0.0000    0.1672   -0.1056    0.0746    0.0441    0.2994   -0.4490  0.2346E+03  0.2782E+03 -0.1148E-12 -0.1320E-13  0.3185E-01  0.5299E-01  0.4900E+00  0.2572E+00  0.4943E+02  0.0000E+00
10504.8320  2  1    0.9995    0.7999    0.0512    0.0000    0.1684   -0.1056    0.0748    0.0441    0.3008   -0.4487  0.2333E+03  0.2779E+03 -0.1148E-12 -0.1327E-13  0.3220E-01  0.5299E-01  0.4924E+00  0.2573E+00  0.4943E+02  0.0000E+00
10522.1846  2  1    0.9995    0.7999    0.0521    0.0000    0.1695   -0.1055    0.0750    0.0441    0.3022   -0.4484  0.2320E+03  0.2777E+03 -0.1150E-12 -0.1333E-13  0.3257E-01  0.5298E-01  0.4949E+00  0.2574E+00  0.4943E+02  0.0000E+00
10539.5381  2  1    0.9995    0.7999    0.0530    0.0000    0.1707   -0.1054    0.0752    0.0441    0.3036   -0.4481  0.2307E+03  0.2774E+03 -0.1160E-12 -0.1335E-13  0.3301E-01  0.5297E-01  0.4977E+00  0.2575E+00  0.4943E+02  0.0000E+00
10556.8906  2  1    0.9995    0.7999    0.0539    0.0000    0.1720   -0.1053    0.0755    0.0441    0.3050   -0.4478  0.2293E+03  0.2772E+03 -0.1184E-12 -0.1333E-13  0.3359E-01  0.5296E-01  0.5013E+00  0.2575E+00  0.4943E+02  0.0000E+00
10574.2432  2  1    0.9995    0.7999    0.0548    0.0000    0.1733   -0.1053    0.0757    0.0441    0.3064   -0.4475  0.2280E+03  0.2769E+03 -0.1200E-12 -0.1332E-13  0.3416E-01  0.5296E-01  0.5049E+00  0.2576E+00  0.4943E+02  0.0000E+00
10591.5957  2  1    0.9995    0.7999    0.0558    0.0000    0.1746   -0.1052    0.0759    0.0441    0.3078   -0.4472  0.2266E+03  0.2767E+03 -0.1200E-12 -0.1333E-13  0.3474E-01  0.5295E-01  0.5085E+00  0.2577E+00  0.4943E+02  0.0000E+00
10608.9482  2  1    0.9995    0.7999    0.0567    0.0000    0.1758   -0.1051    0.0761    0.0441    0.3092   -0.4469  0.2252E+03  0.2765E+03 -0.1200E-12 -0.1333E-13  0.3532E-01  0.5294E-01  0.5121E+00  0.2578E+00  0.4943E+02  0.0000E+00
10626.3018  2  1    0.9995    0.7999    0.0577    0.0000    0.1771   -0.1050    0.0764    0.0441    0.3107   -0.4466  0.2238E+03  0.2762E+03 -0.1200E-12 -0.1334E-13  0.3589E-01  0.5293E-01  0.5157E+00  0.2579E+00  0.4943E+02  0.0000E+00
10643.6543  2  1    0.9994    0.7999    0.0586    0.0000    0.1784   -0.1049    0.0766    0.0442    0.3121   -0.4463  0.2225E+03  0.2760E+03 -0.1200E-12 -0.1334E-13  0.3647E-01  0.5292E-01  0.5193E+00  0.2580E+00  0.4943E+02  0.0000E+00
10661.0068  2  1    0.9994    0.7999    0.0597    0.0000    0.1797   -0.1049    0.0768    0.0442    0.3135   -0.4460  0.2211E+03  0.2757E+03 -0.1216E-12 -0.1332E-13  0.3717E-01  0.5292E-01  0.5231E+00  0.2581E+00  0.4943E+02  0.0000E+00
10678.3594  2  1    0.9994    0.7999    0.0608    0.0000    0.1812   -0.1048    0.0771    0.0442    0.3149   -0.4457  0.2196E+03  0.2755E+03 -0.1242E-12 -0.1332E-13  0.3796E-01  0.5291E-01  0.5271E+00  0.2581E+00  0.4943E+02  0.0000E+00
10695.7119  2  1    0.9994    0.7999    0.0618    0.0000    0.1826   -0.1047    0.0773    0.0442    0.3162   -0.4454  0.2181E+03  0.2752E+03 -0.1254E-12 -0.1335E-13  0.3875E-01  0.5290E-01  0.5311E+00  0.2582E+00  0.4943E+02  0.0000E+00
10713.0654  2  1    0.9994    0.7999    0.0629    0.0000    0.1840   -0.1046    0.0776    0.0442    0.3176   -0.4451  0.2167E+03  0.2750E+03 -0.1254E-12 -0.1337E-13  0.3954E-01  0.5289E-01  0.5351E+00  0.2583E+00  0.4943E+02  0.0000E+00
10730.4180  2  1    0.9994    0.7999    0.0640    0.0000    0.1854   -0.1046    0.0778    0.0442    0.3190   -0.4448  0.2152E+03  0.2748E+03 -0.1254E-12 -0.1338E-13  0.4033E-01  0.5289E-01  0.5391E+00  0.2584E+00  0.4943E+02  0.0000E+00
10747.7705  2  1    0.9994    0.7999    0.0651    0.0000    0.1868   -0.1045    0.0781    0.0442    0.3204   -0.4445  0.2137E+03  0.2745E+03 -0.1254E-12 -0.1338E-13  0.4111E-01  0.5288E-01  0.5431E+00  0.2585E+00  0.4943E+02  0.0000E+00
10765.1230  2  1    0.9994    0.7999    0.0662    0.0000    0.1883   -0.1044    0.0783    0.0442    0.3217   -0.4442  0.2122E+03  0.2743E+03 -0.1265E-12 -0.1337E-13  0.4203E-01  0.5287E-01  0.5474E+00  0.2586E+00  0.4943E+02  0.0000E+00
10782.4756  2  1    0.9994    0.7999    0.0673    0.0000    0.1898   -0.1043    0.0786    0.0442    0.3231   -0.4439  0.2106E+03  0.2740E+03 -0.1289E-12 -0.1337E-13  0.4310E-01  0.5286E-01  0.5522E+00  0.2587E+00  0.4943E+02  0.0000E+00
10799.8291  2  1    0.9994    0.7999    0.0684    0.0000    0.1914   -0.1042    0.0789    0.0442    0.3244   -0.4436  0.2090E+03  0.2738E+03 -0.1304E-12 -0.1338E-13  0.4419E-01  0.5286E-01  0.5570E+00  0.2587E+00  0.4943E+02  0.0000E+00
10817.1816  2  1    0.9994    0.7999    0.0695    0.0000    0.1929   -0.1042    0.0792    0.0442    0.3256   -0.4433  0.2074E+03  0.2736E+03 -0.1306E-12 -0.1340E-13  0.4529E-01  0.5285E-01  0.5619E+00  0.2588E+00  0.4943E+02  0.0000E+00
10834.5342  2  1    0.9994    0.7999    0.0706    0.0000    0.1945   -0.1041    0.0795    0.0442    0.3269   -0.4430  0.2059E+03  0.2733E+03 -0.1306E-12 -0.1339E-13  0.4638E-01  0.5284E-01  0.5668E+00  0.2589E+00  0.4943E+02  0.0000E+00
10851.8867  2  1    0.9994    0.7999    0.0717    0.0000    0.1961   -0.1040    0.0798    0.0443    0.3282   -0.4427  0.2043E+03  0.2731E+03 -0.1308E-12 -0.1339E-13  0.4751E-01  0.5283E-01  0.5718E+00  0.2590E+00  0.4943E+02  0.0000E+00
10869.2393  2  1    0.9994    0.7999    0.0729    0.0000    0.1977   -0.1039    0.0801    0.0443    0.3294   -0.4423  0.2026E+03  0.2728E+03 -0.1323E-12 -0.1338E-13  0.4887E-01  0.5283E-01  0.5777E+00  0.2591E+00  0.4943E+02  0.0000E+00
10886.5928  2  1    0.9994    0.7999    0.0742    0.0000    0.1995   -0.1039    0.0804    0.0443    0.3306   -0.4420  0.2009E+03  0.2726E+03 -0.1345E-12 -0.1338E-13  0.5039E-01  0.5282E-01  0.5842E+00  0.2592E+00  0.4943E+02  0.0000E+00
10903.9453  2  1    0.9994    0.7999    0.0754    0.0000    0.2012   -0.1038    0.0807    0.0443    0.3317   -0.4417  0.1992E+03  0.2724E+03 -0.1354E-12 -0.1339E-13  0.5191E-01  0.5281E-01  0.5906E+00  0.2593E+00  0.4943E+02  0.0000E+00
10921.2979  2  1    0.9994    0.7999    0.0767    0.0000    0.2029   -0.1037    0.0810    0.0443    0.3329   -0.4414  0.1975E+03  0.2721E+03 -0.1354E-12 -0.1339E-13  0.5343E-01  0.5280E-01  0.5971E+00  0.2593E+00  0.4943E+02  0.0000E+00
10938.6504  2  1    0.9994    0.7999    0.0780    0.0000    0.2046   -0.1036    0.0814    0.0443    0.3340   -0.4411  0.1958E+03  0.2719E+03 -0.1356E-12 -0.1338E-13  0.5499E-01  0.5279E-01  0.6037E+00  0.2594E+00  0.4943E+02  0.0000E+00
10956.0029  2  1    0.9994    0.7999    0.0793    0.0000    0.2065   -0.1035    0.0817    0.0443    0.3350   -0.4408  0.1940E+03  0.2717E+03 -0.1370E-12 -0.1337E-13  0.5690E-01  0.5279E-01  0.6103E+00  0.2595E+00  0.4943E+02  0.0000E+00
10973.3555  2  1    0.9994    0.7999    0.0805    0.0000    0.2084   -0.1035    0.0821    0.0443    0.3360   -0.4405  0.1922E+03  0.2714E+03 -0.1391E-12 -0.1338E-13  0.5902E-01  0.5278E-01  0.6171E+00  0.2596E+00  0.4943E+02  0.0000E+00
10990.7090  2  1    0.9994    0.7999    0.0818    0.0000    0.2103   -0.1034    0.0824    0.0443    0.3369   -0.4402  0.1903E+03  0.2712E+03 -0.1399E-12 -0.1341E-13  0.6115E-01  0.5277E-01  0.6239E+00  0.2597E+00  0.4943E+02  0.0000E+00
11008.0615  2  1    0.9994    0.7999    0.0831    0.0000    0.2122   -0.1033    0.0828    0.0443    0.3379   -0.4399  0.1885E+03  0.2709E+03 -0.1399E-12 -0.1344E-13  0.6328E-01  0.5276E-01  0.6307E+00  0.2598E+00  0.4943E+02  0.0000E+00
11025.4141  2  1    0.9994    0.7999    0.0844    0.0000    0.2141   -0.1032    0.0832    0.0443    0.3388   -0.4396  0.1866E+03  0.2707E+03 -0.1402E-12 -0.1343E-13  0.6553E-01  0.5276E-01  0.6379E+00  0.2599E+00  0.4943E+02  0.0000E+00
11042.7666  2  1    0.9994    0.7999    0.0858    0.0000    0.2163   -0.1031    0.0836    0.0443    0.3395   -0.4393  0.1846E+03  0.2705E+03 -0.1422E-12 -0.1341E-13  0.6849E-01  0.5275E-01  0.6473E+00  0.2599E+00  0.4943E+02  0.0000E+00
11060.1191  2  1    0.9994    0.7999    0.0872    0.0000    0.2184   -0.1031    0.0840    0.0443    0.3401   -0.4390  0.1826E+03  0.2702E+03 -0.1440E-12 -0.1340E-13  0.7146E-01  0.5274E-01  0.6567E+00  0.2600E+00  0.4943E+02  0.0000E+00
11077.4727  2  1    0.9994    0.7999    0.0886    0.0000    0.2205   -0.1030    0.0844    0.0444    0.3408   -0.4387  0.1806E+03  0.2700E+03 -0.1440E-12 -0.1341E-13  0.7443E-01  0.5274E-01  0.6661E+00  0.2601E+00  0.4943E+02  0.0000E+00
11094.8252  2  1    0.9994    0.7999    0.0900    0.0000    0.2227   -0.1029    0.0848    0.0444    0.3414   -0.4383  0.1785E+03  0.2698E+03 -0.1444E-12 -0.1342E-13  0.7771E-01  0.5273E-01  0.6759E+00  0.2602E+00  0.4943E+02  0.0000E+00
11112.1777  2  1    0.9994    0.7999    0.0915    0.0000    0.2250   -0.1028    0.0853    0.0444    0.3418   -0.4380  0.1764E+03  0.2695E+03 -0.1461E-12 -0.1341E-13  0.8176E-01  0.5272E-01  0.6868E+00  0.2603E+00  0.4943E+02  0.0000E+00
11129.5303  2  1    0.9994    0.7999    0.0931    0.0000    0.2274   -0.1027    0.0857    0.0444    0.3422   -0.4377  0.1742E+03  0.2693E+03 -0.1474E-12 -0.1339E-13  0.8587E-01  0.5271E-01  0.6978E+00  0.2604E+00  0.4943E+02  0.0000E+00
11146.8828  2  1    0.9994    0.7999    0.0946    0.0000    0.2298   -0.1027    0.0862    0.0444    0.3425   -0.4374  0.1720E+03  0.2691E+03 -0.1475E-12 -0.1338E-13  0.9001E-01  0.5271E-01  0.7088E+00  0.2605E+00  0.4943E+02  0.0000E+00
11164.2363  2  1    0.9994    0.7999    0.0962    0.0000    0.2323   -0.1026    0.0867    0.0444    0.3426   -0.4371  0.1697E+03  0.2688E+03 -0.1487E-12 -0.1338E-13  0.9525E-01  0.5270E-01  0.7210E+00  0.2606E+00  0.4943E+02  0.0000E+00
11181.5889  2  1    0.9994    0.7999    0.0979    0.0000    0.2350   -0.1025    0.0872    0.0444    0.3426   -0.4368  0.1673E+03  0.2686E+03 -0.1502E-12 -0.1338E-13  0.1009E+00  0.5269E-01  0.7337E+00  0.2606E+00  0.4943E+02  0.0000E+00
11198.9414  2  1    0.9994    0.7999    0.0995    0.0000    0.2377   -0.1024    0.0878    0.0444    0.3427   -0.4365  0.1649E+03  0.2684E+03 -0.1506E-12 -0.1339E-13  0.1065E+00  0.5268E-01  0.7465E+00  0.2607E+00  0.4943E+02  0.0000E+00
11216.2939  2  1    0.9994    0.7999    0.1012    0.0000    0.2406   -0.1023    0.0884    0.0444    0.3425   -0.4362  0.1624E+03  0.2681E+03 -0.1516E-12 -0.1339E-13  0.1134E+00  0.5268E-01  0.7610E+00  0.2608E+00  0.4943E+02  0.0000E+00
11233.6465  2  1    0.9994    0.7999    0.1028    0.0000    0.2436   -0.1023    0.0890    0.0444    0.3423   -0.4359  0.1597E+03  0.2679E+03 -0.1529E-12 -0.1336E-13  0.1209E+00  0.5267E-01  0.7762E+00  0.2609E+00  0.4943E+02  0.0000E+00
11250.9990  3  1    0.9994    0.7999    0.1045    0.0000    0.2466   -0.1022    0.0896    0.0444    0.3420   -0.4356  0.1571E+03  0.2677E+03 -0.1534E-12 -0.1335E-13  0.1284E+00  0.5266E-01  0.7914E+00  0.2610E+00  0.4944E+02  0.0000E+00
11260.2754  3  1    0.9994    0.7999    0.1055    0.0000    0.2487   -0.1021    0.0900    0.0444    0.3421   -0.4354  0.1553E+03  0.2675E+03 -0.1561E-12 -0.1334E-13  0.1348E+00  0.5266E-01  0.8029E+00  0.2610E+00  0.4944E+02  0.0000E+00
11269.5518  3  1    0.9994    0.7999    0.1064    0.0000    0.2508   -0.1021    0.0905    0.0444    0.3422   -0.4352  0.1535E+03  0.2674E+03 -0.1589E-12 -0.1333E-13  0.1412E+00  0.5265E-01  0.8144E+00  0.2611E+00  0.4944E+02  0.0000E+00
11278.8281  3  1    0.9994    0.7999    0.1074    0.0000    0.2529   -0.1021    0.0909    0.0444    0.3423   -0.4351  0.1518E+03  0.2673E+03 -0.1589E-12 -0.1334E-13  0.1477E+00  0.5265E-01  0.8259E+00  0.2611E+00  0.4944E+02  0.0000E+00
11288.1045  3  1    0.9994    0.7999    0.1084    0.0000    0.2551   -0.1020    0.0914    0.0444    0.3423   -0.4349  0.1500E+03  0.2672E+03 -0.1589E-12 -0.1335E-13  0.1541E+00  0.5265E-01  0.8374E+00  0.2612E+00  0.4944E+02  0.0000E+00
11297.3818  3  1    0.9994    0.7999    0.1094    0.0000    0.2572   -0.1020    0.0918    0.0445    0.3424   -0.4347  0.1482E+03  0.2670E+03 -0.1589E-12 -0.1336E-13  0.1605E+00  0.5264E-01  0.8488E+00  0.2612E+00  0.4944E+02  0.0000E+00
11306.6582  3  1    0.9994    0.7999    0.1103    0.0000    0.2593   -0.1019    0.0923    0.0445    0.3425   -0.4345  0.1465E+03  0.2669E+03 -0.1589E-12 -0.1335E-13  0.1669E+00  0.5264E-01  0.8603E+00  0.2613E+00  0.4944E+02  0.0000E+00
11315.9346  3  1    0.9994    0.7999    0.1113    0.0000    0.2614   -0.1019    0.0927    0.0445    0.3426   -0.4344  0.1447E+03  0.2668E+03 -0.1589E-12 -0.1334E-13  0.1733E+00  0.5264E-01  0.8718E+00  0.2613E+00  0.4944E+02  0.0000E+00
11325.2109  3  1    0.9994    0.7999    0.1123    0.0000    0.2635   -0.1018    0.0932    0.0445    0.3426   -0.4342  0.1429E+03  0.2667E+03 -0.1589E-12 -0.1333E-13  0.1797E+00  0.5263E-01  0.8833E+00  0.2614E+00  0.4944E+02  0.0000E+00
11334.4873  3  1    0.9994    0.7999    0.1133    0.0000    0.2656   -0.1018    0.0936    0.0445    0.3427   -0.4340  0.1411E+03  0.2665E+03 -0.1589E-12 -0.1332E-13  0.1861E+00  0.5263E-01  0.8948E+00  0.2614E+00  0.4944E+02  0.0000E+00
11343.7637  3  1    0.9994    0.7999    0.1143    0.0000    0.2677   -0.1017    0.0941    0.0445    0.3428   -0.4339  0.1394E+03  0.2664E+03 -0.1589E-12 -0.1331E-13  0.1926E+00  0.5262E-01  0.9063E+00  0.2615E+00  0.4944E+02  0.0000E+00
11353.0410  3  1    0.9994    0.7999    0.1152    0.0000    0.2698   -0.1017    0.0945    0.0445    0.3429   -0.4337  0.1376E+03  0.2663E+03 -0.1589E-12 -0.1331E-13  0.1990E+00  0.5262E-01  0.9178E+00  0.2615E+00  0.4944E+02  0.0000E+00
11362.3174  3  1    0.9993    0.7999    0.1162    0.0000    0.2720   -0.1017    0.0950    0.0445    0.3431   -0.4335  0.1357E+03  0.2662E+03 -0.1595E-12 -0.1330E-13  0.2057E+00  0.5262E-01  0.9298E+00  0.2616E+00  0.4944E+02  0.0000E+00
11371.5938  3  1    0.9993    0.7999    0.1172    0.0000    0.2751   -0.1016    0.0957    0.0445    0.3450   -0.4334  0.1333E+03  0.2660E+03 -0.1663E-12 -0.1325E-13  0.2155E+00  0.5261E-01  0.9471E+00  0.2616E+00  0.4944E+02  0.0000E+00
11380.8701  3  1    0.9993    0.7999    0.1182    0.0000    0.2782   -0.1016    0.0964    0.0445    0.3469   -0.4332  0.1309E+03  0.2659E+03 -0.1727E-12 -0.1320E-13  0.2254E+00  0.5261E-01  0.9645E+00  0.2617E+00  0.4944E+02  0.0000E+00
11390.1465  3  1    0.9993    0.7999    0.1192    0.0000    0.2813   -0.1015    0.0970    0.0445    0.3488   -0.4330  0.1285E+03  0.2658E+03 -0.1727E-12 -0.1319E-13  0.2352E+00  0.5260E-01  0.9819E+00  0.2617E+00  0.4944E+02  0.0000E+00
11399.4238  3  1    0.9993    0.7999    0.1203    0.0000    0.2843   -0.1015    0.0977    0.0445    0.3507   -0.4329  0.1260E+03  0.2657E+03 -0.1727E-12 -0.1319E-13  0.2451E+00  0.5260E-01  0.9992E+00  0.2618E+00  0.4944E+02  0.0000E+00
11408.7002  3  1    0.9993    0.7999    0.1213    0.0000    0.2874   -0.1014    0.0984    0.0445    0.3526   -0.4327  0.1236E+03  0.2655E+03 -0.1727E-12 -0.1317E-13  0.2550E+00  0.5260E-01  0.1017E+01  0.2618E+00  0.4944E+02  0.0000E+00
11417.9766  3  1    0.9993    0.7999    0.1223    0.0000    0.2905   -0.1014    0.0991    0.0445    0.3545   -0.4325  0.1211E+03  0.2654E+03 -0.1727E-12 -0.1315E-13  0.2648E+00  0.5259E-01  0.1034E+01  0.2619E+00  0.4944E+02  0.0000E+00
11427.2529  3  1    0.9993    0.7999    0.1233    0.0000    0.2935   -0.1014    0.0998    0.0445    0.3564   -0.4324  0.1186E+03  0.2653E+03 -0.1727E-12 -0.1314E-13  0.2747E+00  0.5259E-01  0.1051E+01  0.2619E+00  0.4944E+02  0.0000E+00
11436.5293  3  1    0.9993    0.7999    0.1243    0.0000    0.2966   -0.1013    0.1005    0.0445    0.3583   -0.4322  0.1160E+03  0.2652E+03 -0.1727E-12 -0.1312E-13  0.2845E+00  0.5258E-01  0.1069E+01  0.2620E+00  0.4944E+02  0.0000E+00
11445.8057  3  1    0.9993    0.7999    0.1253    0.0000    0.2997   -0.1013    0.1012    0.0445    0.3602   -0.4320  0.1133E+03  0.2651E+03 -0.1727E-12 -0.1310E-13  0.2944E+00  0.5258E-01  0.1086E+01  0.2620E+00  0.4944E+02  0.0000E+00
11455.0830  3  1    0.9993    0.7999    0.1263    0.0000    0.3027   -0.1012    0.1020    0.0445    0.3621   -0.4319  0.1106E+03  0.2649E+03 -0.1727E-12 -0.1309E-13  0.3042E+00  0.5258E-01  0.1103E+01  0.2620E+00  0.4944E+02  0.0000E+00
11464.3594  3  1    0.9993    0.7999    0.1273    0.0000    0.3059   -0.1012    0.1027    0.0445    0.3642   -0.4317  0.1078E+03  0.2648E+03 -0.1736E-12 -0.1308E-13  0.3143E+00  0.5257E-01  0.1121E+01  0.2621E+00  0.4944E+02  0.0000E+00
11473.6357  3  1    0.9993    0.7999    0.1284    0.0000    0.3100   -0.1011    0.1037    0.0445    0.3693   -0.4315  0.1043E+03  0.2647E+03 -0.1884E-12 -0.1295E-13  0.3271E+00  0.5257E-01  0.1148E+01  0.2621E+00  0.4944E+02  0.0000E+00
11482.9121  3  1    0.9993    0.7999    0.1294    0.0000    0.3142   -0.1011    0.1047    0.0445    0.3744   -0.4314  0.1007E+03  0.2646E+03 -0.2022E-12 -0.1281E-13  0.3399E+00  0.5256E-01  0.1175E+01  0.2622E+00  0.4944E+02  0.0000E+00
11492.1885  3  1    0.9993    0.7999    0.1304    0.0000    0.3183   -0.1011    0.1057    0.0445    0.3795   -0.4312  0.9677E+02  0.2644E+03 -0.2022E-12 -0.1280E-13  0.3527E+00  0.5256E-01  0.1202E+01  0.2622E+00  0.4944E+02  0.0000E+00
11501.4648  3  1    0.9993    0.7999    0.1314    0.0000    0.3224   -0.1010    0.1067    0.0445    0.3845   -0.4310  0.9241E+02  0.2643E+03 -0.2022E-12 -0.1278E-13  0.3656E+00  0.5256E-01  0.1229E+01  0.2623E+00  0.4945E+02  0.0000E+00
11510.7422  3  1    0.9993    0.7999    0.1325    0.0000    0.3266   -0.1010    0.1077    0.0445    0.3896   -0.4309  0.8733E+02  0.2642E+03 -0.2022E-12 -0.1275E-13  0.3784E+00  0.5255E-01  0.1256E+01  0.2623E+00  0.4945E+02  0.0000E+00
11520.0186  3  1    0.9993    0.7999    0.1335    0.0000    0.3307   -0.1009    0.1087    0.0445    0.3947   -0.4307  0.8324E+02  0.2641E+03 -0.2022E-12 -0.1272E-13  0.3912E+00  0.5255E-01  0.1283E+01  0.2624E+00  0.4945E+02  0.0000E+00
11529.2949  3  1    0.9993    0.7999    0.1345    0.0000    0.3348   -0.1009    0.1098    0.0446    0.3998   -0.4305  0.8004E+02  0.2640E+03 -0.2022E-12 -0.1269E-13  0.4040E+00  0.5255E-01  0.1309E+01  0.2624E+00  0.4945E+02  0.0000E+00
11538.5713  3  1    0.9993    0.7999    0.1356    0.0000    0.3390   -0.1008    0.1108    0.0446    0.4049   -0.4304  0.7762E+02  0.2638E+03 -0.2022E-12 -0.1266E-13  0.4168E+00  0.5254E-01  0.1336E+01  0.2625E+00  0.4945E+02  0.0000E+00
11547.8477  3  1    0.9993    0.7999    0.1366    0.0000    0.3431   -0.1008    0.1119    0.0446    0.4099   -0.4302  0.7586E+02  0.2637E+03 -0.2022E-12 -0.1263E-13  0.4297E+00  0.5254E-01  0.1363E+01  0.2625E+00  0.4945E+02  0.0000E+00
11557.1250  3  1    0.9993    0.7999    0.1376    0.0000    0.3478   -0.1007    0.1131    0.0446    0.4171   -0.4300  0.7445E+02  0.2636E+03 -0.2215E-12 -0.1241E-13  0.4420E+00  0.5253E-01  0.1395E+01  0.2626E+00  0.4945E+02  0.0000E+00
11566.4014  3  1    0.9993    0.7999    0.1387    0.0000    0.3528   -0.1007    0.1144    0.0446    0.4249   -0.4298  0.7349E+02  0.2635E+03 -0.2462E-12 -0.1214E-13  0.4542E+00  0.5253E-01  0.1429E+01  0.2626E+00  0.4945E+02  0.0000E+00
11575.6777  3  1    0.9993    0.7999    0.1397    0.0000    0.3577   -0.1007    0.1157    0.0446    0.4327   -0.4297  0.7296E+02  0.2633E+03 -0.2516E-12 -0.1206E-13  0.4663E+00  0.5253E-01  0.1462E+01  0.2627E+00  0.4945E+02  0.0000E+00
11584.9541  3  1    0.9993    0.7999    0.1408    0.0000    0.3626   -0.1006    0.1170    0.0446    0.4405   -0.4295  0.7274E+02  0.2632E+03 -0.2516E-12 -0.1203E-13  0.4785E+00  0.5252E-01  0.1496E+01  0.2627E+00  0.4945E+02  0.0000E+00
11594.2305  3  1    0.9993    0.7999    0.1418    0.0000    0.3675   -0.1006    0.1183    0.0446    0.4483   -0.4293  0.7274E+02  0.2631E+03 -0.2516E-12 -0.1200E-13  0.4907E+00  0.5252E-01  0.1529E+01  0.2628E+00  0.4945E+02  0.0000E+00
11603.5068  3  1    0.9993    0.7999    0.1429    0.0000    0.3724   -0.1005    0.1197    0.0446    0.4560   -0.4292  0.7287E+02  0.2630E+03 -0.2516E-12 -0.1196E-13  0.5028E+00  0.5251E-01  0.1563E+01  0.2628E+00  0.4945E+02  0.0000E+00
11612.7842  3  1    0.9993    0.7999    0.1439    0.0000    0.3773   -0.1005    0.1210    0.0446    0.4638   -0.4290  0.7308E+02  0.2629E+03 -0.2516E-12 -0.1191E-13  0.5150E+00  0.5251E-01  0.1596E+01  0.2629E+00  0.4945E+02  0.0000E+00
11622.0605  3  1    0.9993    0.7999    0.1449    0.0000    0.3824   -0.1004    0.1225    0.0446    0.4720   -0.4288  0.7327E+02  0.2627E+03 -0.2591E-12 -0.1177E-13  0.5268E+00  0.5251E-01  0.1632E+01  0.2629E+00  0.4945E+02  0.0000E+00
11631.3369  3  1    0.9993    0.7999    0.1460    0.0000    0.3878   -0.1004    0.1240    0.0446    0.4816   -0.4287  0.7336E+02  0.2626E+03 -0.2903E-12 -0.1135E-13  0.5376E+00  0.5250E-01  0.1671E+01  0.2630E+00  0.4944E+02  0.0000E+00
11640.6133  3  1    0.9993    0.7999    0.1470    0.0000    0.3933   -0.1003    0.1256    0.0446    0.4912   -0.4285  0.7356E+02  0.2625E+03 -0.3140E-12 -0.1100E-13  0.5483E+00  0.5250E-01  0.1711E+01  0.2630E+00  0.4944E+02  0.0000E+00
11649.8896  3  1    0.9993    0.7999    0.1481    0.0000    0.3988   -0.1003    0.1272    0.0446    0.5007   -0.4283  0.7379E+02  0.2624E+03 -0.3140E-12 -0.1093E-13  0.5590E+00  0.5249E-01  0.1751E+01  0.2631E+00  0.4944E+02  0.0000E+00
11659.1670  3  1    0.9993    0.7999    0.1491    0.0000    0.4043   -0.1003    0.1288    0.0446    0.5103   -0.4282  0.7402E+02  0.2623E+03 -0.3140E-12 -0.1085E-13  0.5697E+00  0.5249E-01  0.1791E+01  0.2631E+00  0.4944E+02  0.0000E+00
11668.4434  3  1    0.9993    0.7999    0.1501    0.0000    0.4098   -0.1002    0.1305    0.0446    0.5199   -0.4280  0.7424E+02  0.2621E+03 -0.3140E-12 -0.1078E-13  0.5804E+00  0.5249E-01  0.1831E+01  0.2632E+00  0.4944E+02  0.0000E+00
11677.7197  3  1    0.9993    0.7999    0.1512    0.0000    0.4152   -0.1002    0.1321    0.0446    0.5295   -0.4278  0.7443E+02  0.2620E+03 -0.3140E-12 -0.1072E-13  0.5912E+00  0.5248E-01  0.1871E+01  0.2632E+00  0.4944E+02  0.0000E+00
11686.9961  3  1    0.9993    0.7999    0.1522    0.0000    0.4212   -0.1001    0.1339    0.0446    0.5401   -0.4276  0.7441E+02  0.2619E+03 -0.3431E-12 -0.1026E-13  0.6006E+00  0.5248E-01  0.1916E+01  0.2633E+00  0.4944E+02  0.0000E+00
11696.2725  3  1    0.9993    0.7999    0.1533    0.0000    0.4273   -0.1001    0.1358    0.0446    0.5512   -0.4275  0.7435E+02  0.2618E+03 -0.3835E-12 -0.9635E-14  0.6096E+00  0.5248E-01  0.1963E+01  0.2633E+00  0.4944E+02  0.0000E+00
11705.5488  3  1    0.9993    0.7999    0.1544    0.0000    0.4333   -0.1000    0.1377    0.0447    0.5622   -0.4273  0.7435E+02  0.2616E+03 -0.3947E-12 -0.9376E-14  0.6186E+00  0.5247E-01  0.2009E+01  0.2634E+00  0.4943E+02  0.0000E+00
11714.8262  3  1    0.9993    0.7999    0.1555    0.0000    0.4394   -0.1000    0.1397    0.0447    0.5733   -0.4271  0.7435E+02  0.2615E+03 -0.3947E-12 -0.9254E-14  0.6276E+00  0.5247E-01  0.2056E+01  0.2634E+00  0.4943E+02  0.0000E+00
11724.1025  3  1    0.9993    0.7999    0.1566    0.0000    0.4455   -0.0999    0.1417    0.0447    0.5844   -0.4270  0.7436E+02  0.2614E+03 -0.3947E-12 -0.9130E-14  0.6366E+00  0.5246E-01  0.2103E+01  0.2635E+00  0.4943E+02  0.0000E+00
11733.3789  3  1    0.9993    0.7999    0.1577    0.0000    0.4516   -0.0999    0.1437    0.0447    0.5954   -0.4268  0.7436E+02  0.2613E+03 -0.3947E-12 -0.9004E-14  0.6456E+00  0.5246E-01  0.2149E+01  0.2635E+00  0.4943E+02  0.0000E+00
11742.6553  3  1    0.9993    0.7999    0.1589    0.0000    0.4584   -0.0999    0.1459    0.0447    0.6079   -0.4266  0.7413E+02  0.2612E+03 -0.4434E-12 -0.8145E-14  0.6530E+00  0.5246E-01  0.2204E+01  0.2636E+00  0.4943E+02  0.0000E+00
11751.9316  3  1    0.9992    0.7999    0.1600    0.0000    0.4652   -0.0998    0.1482    0.0447    0.6204   -0.4264  0.7412E+02  0.2610E+03 -0.4955E-12 -0.7180E-14  0.6603E+00  0.5245E-01  0.2259E+01  0.2636E+00  0.4943E+02  0.0000E+00
11761.2090  3  1    0.9992    0.7999    0.1612    0.0000    0.4720   -0.0998    0.1506    0.0447    0.6330   -0.4263  0.7412E+02  0.2609E+03 -0.4990E-12 -0.6936E-14  0.6675E+00  0.5245E-01  0.2314E+01  0.2637E+00  0.4942E+02  0.0000E+00
11770.4854  3  1    0.9992    0.7999    0.1624    0.0000    0.4788   -0.0997    0.1530    0.0447    0.6455   -0.4261  0.7413E+02  0.2608E+03 -0.4990E-12 -0.6757E-14  0.6748E+00  0.5244E-01  0.2369E+01  0.2637E+00  0.4942E+02  0.0000E+00
11779.7617  3  1    0.9992    0.7999    0.1636    0.0000    0.4856   -0.0997    0.1554    0.0447    0.6581   -0.4259  0.7413E+02  0.2607E+03 -0.4990E-12 -0.6573E-14  0.6820E+00  0.5244E-01  0.2424E+01  0.2638E+00  0.4942E+02  0.0000E+00
11789.0381  3  1    0.9992    0.7999    0.1648    0.0000    0.4931   -0.0996    0.1581    0.0447    0.6719   -0.4258  0.7391E+02  0.2606E+03 -0.5477E-12 -0.5559E-14  0.6881E+00  0.5244E-01  0.2487E+01  0.2638E+00  0.4942E+02  0.0000E+00
11798.3145  3  1    0.9992    0.7999    0.1661    0.0000    0.5008   -0.0996    0.1609    0.0447    0.6860   -0.4256  0.7385E+02  0.2604E+03 -0.6117E-12 -0.4210E-14  0.6938E+00  0.5243E-01  0.2551E+01  0.2639E+00  0.4942E+02  0.0000E+00
11807.5908  3  1    0.9992    0.7999    0.1673    0.0000    0.5085   -0.0995    0.1638    0.0447    0.7001   -0.4254  0.7385E+02  0.2603E+03 -0.6271E-12 -0.3657E-14  0.6995E+00  0.5243E-01  0.2616E+01  0.2639E+00  0.4941E+02  0.0000E+00
11816.8682  3  1    0.9992    0.7999    0.1686    0.0000    0.5162   -0.0995    0.1668    0.0447    0.7143   -0.4253  0.7385E+02  0.2602E+03 -0.6271E-12 -0.3351E-14  0.7052E+00  0.5242E-01  0.2681E+01  0.2640E+00  0.4941E+02  0.0000E+00
11826.1445  3  1    0.9992    0.7999    0.1698    0.0000    0.5240   -0.0994    0.1698    0.0447    0.7287   -0.4251  0.7381E+02  0.2601E+03 -0.6381E-12 -0.2828E-14  0.7108E+00  0.5242E-01  0.2747E+01  0.2640E+00  0.4941E+02  0.0000E+00
11835.4209  3  1    0.9992    0.7999    0.1712    0.0000    0.5328   -0.0994    0.1733    0.0447    0.7447   -0.4249  0.7350E+02  0.2600E+03 -0.7215E-12 -0.8762E-15  0.7151E+00  0.5242E-01  0.2824E+01  0.2641E+00  0.4941E+02  0.0000E+00
11844.6973  3  1    0.9992    0.7999    0.1726    0.0000    0.5416   -0.0994    0.1768    0.0448    0.7608   -0.4247  0.7351E+02  0.2598E+03 -0.7939E-12  0.1006E-14  0.7195E+00  0.5241E-01  0.2902E+01  0.2641E+00  0.4940E+02  0.0000E+00
11853.9736  3  1    0.9992    0.7999    0.1740    0.0000    0.5503   -0.0993    0.1805    0.0448    0.7768   -0.4246  0.7351E+02  0.2597E+03 -0.7939E-12  0.1496E-14  0.7238E+00  0.5241E-01  0.2979E+01  0.2641E+00  0.4940E+02  0.0000E+00
11863.2500  3  1    0.9992    0.7999    0.1754    0.0000    0.5592   -0.0993    0.1842    0.0448    0.7929   -0.4244  0.7351E+02  0.2596E+03 -0.7970E-12  0.2064E-14  0.7282E+00  0.5240E-01  0.3057E+01  0.2642E+00  0.4940E+02  0.0000E+00
11872.5273  3  1    0.9992    0.7999    0.1769    0.0000    0.5692   -0.0992    0.1885    0.0448    0.8111   -0.4242  0.7310E+02  0.2595E+03 -0.9035E-12  0.4902E-14  0.7314E+00  0.5240E-01  0.3151E+01  0.2642E+00  0.4939E+02  0.0000E+00
11881.8037  3  1    0.9992    0.7999    0.1784    0.0000    0.5793   -0.0992    0.1930    0.0448    0.8294   -0.4241  0.7310E+02  0.2594E+03 -0.1007E-11  0.7918E-14  0.7347E+00  0.5240E-01  0.3245E+01  0.2643E+00  0.4939E+02  0.0000E+00
11891.0801  3  1    0.9992    0.7999    0.1800    0.0000    0.5894   -0.0991    0.1975    0.0448    0.8476   -0.4239  0.7311E+02  0.2593E+03 -0.1007E-11  0.8691E-14  0.7379E+00  0.5239E-01  0.3340E+01  0.2643E+00  0.4938E+02  0.0000E+00
11900.3564  3  1    0.9991    0.7999    0.1816    0.0000    0.6001   -0.0991    0.2025    0.0448    0.8668   -0.4237  0.7292E+02  0.2591E+03 -0.1060E-11  0.1079E-13  0.7408E+00  0.5239E-01  0.3443E+01  0.2642E+00  0.4938E+02  0.0000E+00
11909.6328  3  1    0.9991    0.7999    0.1833    0.0000    0.6117   -0.0990    0.2080    0.0448    0.8875   -0.4235  0.7264E+02  0.2590E+03 -0.1193E-11  0.1504E-13  0.7432E+00  0.5239E-01  0.3557E+01  0.2642E+00  0.4937E+02  0.0000E+00
11918.9102  3  1    0.9991    0.7999    0.1850    0.0000    0.6233   -0.0990    0.2136    0.0448    0.9082   -0.4234  0.7265E+02  0.2589E+03 -0.1272E-11  0.1828E-13  0.7455E+00  0.5238E-01  0.3672E+01  0.2642E+00  0.4937E+02  0.0000E+00
11928.1865  3  1    0.9991    0.7999    0.1868    0.0000    0.6352   -0.0989    0.2196    0.0448    0.9296   -0.4232  0.7254E+02  0.2588E+03 -0.1308E-11  0.2057E-13  0.7477E+00  0.5238E-01  0.3793E+01  0.2642E+00  0.4936E+02  0.0000E+00
11937.4629  3  1    0.9991    0.7999    0.1887    0.0000    0.6486   -0.0989    0.2265    0.0448    0.9532   -0.4230  0.7209E+02  0.2587E+03 -0.1483E-11  0.2694E-13  0.7493E+00  0.5238E-01  0.3935E+01  0.2641E+00  0.4935E+02  0.0000E+00
11946.7393  3  1    0.9991    0.7999    0.1906    0.0000    0.6620   -0.0989    0.2337    0.0449    0.9768   -0.4229  0.7210E+02  0.2586E+03 -0.1621E-11  0.3291E-13  0.7509E+00  0.5237E-01  0.4078E+01  0.2641E+00  0.4935E+02  0.0000E+00
11956.0156  3  1    0.9991    0.7999    0.1927    0.0000    0.6763   -0.0988    0.2415    0.0449    1.0018   -0.4227  0.7185E+02  0.2585E+03 -0.1709E-11  0.3777E-13  0.7523E+00  0.5237E-01  0.4234E+01  0.2641E+00  0.4934E+02  0.0000E+00
11965.2920  3  1    0.9990    0.7999    0.1948    0.0000    0.6917   -0.0988    0.2503    0.0449    1.0287   -0.4225  0.7148E+02  0.2584E+03 -0.1929E-11  0.4736E-13  0.7532E+00  0.5237E-01  0.4410E+01  0.2641E+00  0.4933E+02  0.0000E+00
11974.5693  3  1    0.9990    0.7999    0.1970    0.0000    0.7072   -0.0987    0.2594    0.0449    1.0557   -0.4223  0.7150E+02  0.2583E+03 -0.2061E-11  0.5498E-13  0.7542E+00  0.5236E-01  0.4586E+01  0.2640E+00  0.4931E+02  0.0000E+00
11983.8457  3  1    0.9990    0.7999    0.1995    0.0000    0.7247   -0.0987    0.2702    0.0449    1.0860   -0.4222  0.7084E+02  0.2582E+03 -0.2320E-11  0.6771E-13  0.7546E+00  0.5236E-01  0.4803E+01  0.2640E+00  0.4930E+02  0.0000E+00
11993.1221  3  1    0.9990    0.7999    0.2019    0.0000    0.7425   -0.0986    0.2815    0.0449    1.1166   -0.4220  0.7082E+02  0.2581E+03 -0.2596E-11  0.8279E-13  0.7550E+00  0.5236E-01  0.5023E+01  0.2640E+00  0.4929E+02  0.0000E+00
12002.3984  3  1    0.9990    0.7999    0.2046    0.0000    0.7621   -0.0986    0.2947    0.0449    1.1503   -0.4218  0.7023E+02  0.2580E+03 -0.2895E-11  0.1002E-12  0.7550E+00  0.5236E-01  0.5285E+01  0.2640E+00  0.4927E+02  0.0000E+00
12008.3955  3  1    0.9989    0.7999    0.2065    0.0000    0.7753   -0.0986    0.3038    0.0450    1.1727   -0.4217  0.7238E+02  0.2579E+03 -0.3264E-11  0.1230E-12  0.7549E+00  0.5235E-01  0.5463E+01  0.2640E+00  0.4925E+02  0.0000E+00
12015.3242  3  1    0.9989    0.7999    0.2086    0.0000    0.7911   -0.0985    0.3152    0.0450    1.1995   -0.4216  0.7155E+02  0.2579E+03 -0.3576E-11  0.1423E-12  0.7547E+00  0.5235E-01  0.5682E+01  0.2639E+00  0.4924E+02  0.0000E+00
12019.6768  3  1    0.9989    0.7999    0.2101    0.0000    0.8018   -0.0985    0.3232    0.0450    1.2177   -0.4215  0.7323E+02  0.2578E+03 -0.3918E-11  0.1658E-12  0.7544E+00  0.5235E-01  0.5838E+01  0.2639E+00  0.4922E+02  0.0000E+00
12024.8379  3  1    0.9989    0.7999    0.2119    0.0000    0.8146   -0.0985    0.3329    0.0450    1.2393   -0.4214  0.7261E+02  0.2578E+03 -0.4133E-11  0.1819E-12  0.7541E+00  0.5235E-01  0.6024E+01  0.2639E+00  0.4920E+02  0.0000E+00
12028.3105  3  1    0.9989    0.7999    0.2131    0.0000    0.8231   -0.0985    0.3397    0.0450    1.2538   -0.4213  0.7402E+02  0.2578E+03 -0.4586E-11  0.2119E-12  0.7539E+00  0.5235E-01  0.6149E+01  0.2639E+00  0.4919E+02  0.0000E+00
12032.6455  3  1    0.9988    0.7999    0.2148    0.0000    0.8348   -0.0984    0.3491    0.0450    1.2734   -0.4213  0.7302E+02  0.2578E+03 -0.4803E-11  0.2288E-12  0.7534E+00  0.5234E-01  0.6333E+01  0.2639E+00  0.4918E+02  0.0000E+00
12035.2451  3  1    0.9988    0.7999    0.2158    0.0000    0.8420   -0.0984    0.3550    0.0451    1.2854   -0.4212  0.7457E+02  0.2578E+03 -0.5074E-11  0.2515E-12  0.7531E+00  0.5234E-01  0.6447E+01  0.2639E+00  0.4916E+02  0.0000E+00
12038.9102  3  1    0.9988    0.7999    0.2172    0.0000    0.8521   -0.0984    0.3634    0.0451    1.3023   -0.4211  0.7363E+02  0.2578E+03 -0.5328E-11  0.2708E-12  0.7527E+00  0.5234E-01  0.6608E+01  0.2639E+00  0.4915E+02  0.0000E+00
12041.1035  3  1    0.9988    0.7999    0.2181    0.0000    0.8581   -0.0984    0.3686    0.0451    1.3124   -0.4211  0.7501E+02  0.2578E+03 -0.5833E-11  0.3071E-12  0.7524E+00  0.5234E-01  0.6704E+01  0.2639E+00  0.4913E+02  0.0000E+00
12044.3174  3  1    0.9988    0.7999    0.2194    0.0000    0.8670   -0.0984    0.3763    0.0451    1.3273   -0.4210  0.7407E+02  0.2578E+03 -0.6021E-11  0.3233E-12  0.7520E+00  0.5234E-01  0.6850E+01  0.2639E+00  0.4912E+02  0.0000E+00
12046.1943  3  1    0.9988    0.7999    0.2202    0.0000    0.8723   -0.0984    0.3811    0.0451    1.3361   -0.4210  0.7531E+02  0.2578E+03 -0.6296E-11  0.3479E-12  0.7516E+00  0.5234E-01  0.6944E+01  0.2639E+00  0.4911E+02  0.0000E+00
12048.9873  3  1    0.9987    0.7999    0.2215    0.0000    0.8803   -0.0984    0.3882    0.0451    1.3494   -0.4210  0.7446E+02  0.2578E+03 -0.6457E-11  0.3629E-12  0.7511E+00  0.5234E-01  0.7084E+01  0.2639E+00  0.4910E+02  0.0000E+00
12050.6357  3  1    0.9987    0.7999    0.2222    0.0000    0.8850   -0.0983    0.3925    0.0451    1.3572   -0.4209  0.7558E+02  0.2579E+03 -0.6767E-11  0.3901E-12  0.7508E+00  0.5234E-01  0.7166E+01  0.2639E+00  0.4908E+02  0.0000E+00
12053.1455  3  1    0.9987    0.7999    0.2233    0.0000    0.8921   -0.0983    0.3991    0.0452    1.3690   -0.4209  0.7478E+02  0.2579E+03 -0.7056E-11  0.4131E-12  0.7503E+00  0.5234E-01  0.7291E+01  0.2639E+00  0.4907E+02  0.0000E+00
12054.6172  3  1    0.9987    0.7999    0.2240    0.0000    0.8963   -0.0983    0.4031    0.0452    1.3760   -0.4208  0.7580E+02  0.2579E+03 -0.7460E-11  0.4468E-12  0.7501E+00  0.5234E-01  0.7365E+01  0.2639E+00  0.4906E+02  0.0000E+00
12056.8916  3  1    0.9987    0.7999    0.2250    0.0000    0.9028   -0.0983    0.4092    0.0452    1.3868   -0.4208  0.7506E+02  0.2579E+03 -0.7592E-11  0.4606E-12  0.7496E+00  0.5234E-01  0.7478E+01  0.2639E+00  0.4905E+02  0.0000E+00
12058.2217  3  1    0.9987    0.7999    0.2257    0.0000    0.9047   -0.0983    0.4111    0.0452    1.3900   -0.4208  0.7664E+02  0.2580E+03 -0.7795E-11  0.4822E-12  0.7492E+00  0.5234E-01  0.7512E+01  0.2639E+00  0.4904E+02  0.0000E+00
12062.4268  3  1    0.9986    0.7999    0.2278    0.0000    0.9064   -0.0983    0.4127    0.0452    1.3932   -0.4207  0.7683E+02  0.2580E+03 -0.7915E-11  0.4926E-12  0.7473E+00  0.5233E-01  0.7539E+01  0.2639E+00  0.4904E+02  0.0000E+00
12067.9756  3  1    0.9986    0.7999    0.2305    0.0000    0.9086   -0.0983    0.4149    0.0452    1.3974   -0.4206  0.7668E+02  0.2582E+03 -0.8291E-11  0.5193E-12  0.7448E+00  0.5233E-01  0.7575E+01  0.2639E+00  0.4903E+02  0.0000E+00
12072.0479  3  1    0.9986    0.7999    0.2325    0.0000    0.9102   -0.0982    0.4165    0.0452    1.4005   -0.4205  0.7686E+02  0.2583E+03 -0.8677E-11  0.5477E-12  0.7429E+00  0.5233E-01  0.7602E+01  0.2638E+00  0.4903E+02  0.0000E+00
12077.3848  3  1    0.9985    0.7999    0.2352    0.0000    0.9124   -0.0982    0.4186    0.0452    1.4046   -0.4204  0.7672E+02  0.2584E+03 -0.8592E-11  0.5447E-12  0.7405E+00  0.5233E-01  0.7637E+01  0.2638E+00  0.4903E+02  0.0000E+00
12081.3428  3  1    0.9985    0.7999    0.2370    0.0000    0.9145   -0.0982    0.4207    0.0452    1.4085   -0.4203  0.7667E+02  0.2585E+03 -0.8412E-11  0.5363E-12  0.7387E+00  0.5233E-01  0.7671E+01  0.2638E+00  0.4903E+02  0.0000E+00
12084.8652  3  1    0.9984    0.7999    0.2385    0.0000    0.9167   -0.0982    0.4228    0.0452    1.4125   -0.4203  0.7665E+02  0.2586E+03 -0.8353E-11  0.5357E-12  0.7370E+00  0.5233E-01  0.7706E+01  0.2638E+00  0.4902E+02  0.0000E+00
12088.1143  3  1    0.9984    0.7999    0.2399    0.0000    0.9187   -0.0982    0.4248    0.0452    1.4161   -0.4202  0.7671E+02  0.2587E+03 -0.8584E-11  0.5543E-12  0.7354E+00  0.5233E-01  0.7738E+01  0.2638E+00  0.4902E+02  0.0000E+00
12091.5029  3  1    0.9984    0.7999    0.2413    0.0000    0.9264   -0.0981    0.4324    0.0452    1.4288   -0.4202  0.7474E+02  0.2588E+03 -0.8798E-11  0.5717E-12  0.7342E+00  0.5232E-01  0.7887E+01  0.2638E+00  0.4901E+02  0.0000E+00
12092.2441  3  1    0.9984    0.7999    0.2416    0.0000    0.9293   -0.0981    0.4355    0.0452    1.4337   -0.4201  0.7634E+02  0.2588E+03 -0.9251E-11  0.6149E-12  0.7340E+00  0.5232E-01  0.7947E+01  0.2638E+00  0.4900E+02  0.0000E+00
12093.9492  3  1    0.9984    0.7999    0.2423    0.0000    0.9362   -0.0981    0.4425    0.0452    1.4450   -0.4201  0.7504E+02  0.2588E+03 -0.9432E-11  0.6327E-12  0.7337E+00  0.5232E-01  0.8084E+01  0.2638E+00  0.4899E+02  0.0000E+00
12094.6279  3  1    0.9984    0.7999    0.2426    0.0000    0.9389   -0.0981    0.4455    0.0453    1.4494   -0.4201  0.7648E+02  0.2589E+03 -0.9851E-11  0.6742E-12  0.7335E+00  0.5232E-01  0.8138E+01  0.2638E+00  0.4897E+02  0.0000E+00
12096.1826  3  1    0.9983    0.7999    0.2433    0.0000    0.9452   -0.0981    0.4520    0.0453    1.4597   -0.4201  0.7530E+02  0.2589E+03 -0.1002E-10  0.6912E-12  0.7332E+00  0.5232E-01  0.8264E+01  0.2638E+00  0.4897E+02  0.0000E+00
12096.8115  3  1    0.9983    0.7999    0.2436    0.0000    0.9477   -0.0981    0.4548    0.0453    1.4638   -0.4201  0.7660E+02  0.2589E+03 -0.1040E-10  0.7306E-12  0.7331E+00  0.5232E-01  0.8314E+01  0.2638E+00  0.4895E+02  0.0000E+00
12098.2334  3  1    0.9983    0.7999    0.2442    0.0000    0.9535   -0.0981    0.4609    0.0453    1.4732   -0.4200  0.7553E+02  0.2590E+03 -0.1055E-10  0.7470E-12  0.7328E+00  0.5232E-01  0.8429E+01  0.2638E+00  0.4895E+02  0.0000E+00
12098.8223  3  1    0.9983    0.7999    0.2444    0.0000    0.9558   -0.0981    0.4636    0.0453    1.4770   -0.4200  0.7671E+02  0.2590E+03 -0.1090E-10  0.7844E-12  0.7326E+00  0.5232E-01  0.8476E+01  0.2638E+00  0.4893E+02  0.0000E+00
12100.1279  3  1    0.9983    0.7999    0.2450    0.0000    0.9612   -0.0981    0.4693    0.0453    1.4857   -0.4200  0.7572E+02  0.2591E+03 -0.1105E-10  0.8003E-12  0.7324E+00  0.5232E-01  0.8583E+01  0.2639E+00  0.4893E+02  0.0000E+00
12100.6768  3  1    0.9983    0.7999    0.2452    0.0000    0.9636   -0.0981    0.4721    0.0453    1.4897   -0.4200  0.7673E+02  0.2591E+03 -0.1131E-10  0.8316E-12  0.7322E+00  0.5232E-01  0.8637E+01  0.2639E+00  0.4891E+02  0.0000E+00
12101.7822  3  1    0.9983    0.7999    0.2458    0.0000    0.9685   -0.0981    0.4776    0.0453    1.4977   -0.4200  0.7591E+02  0.2592E+03 -0.1149E-10  0.8513E-12  0.7319E+00  0.5232E-01  0.8744E+01  0.2639E+00  0.4891E+02  0.0000E+00
12102.3008  3  1    0.9983    0.7999    0.2460    0.0000    0.9708   -0.0981    0.4802    0.0453    1.5014   -0.4200  0.7683E+02  0.2592E+03 -0.1187E-10  0.8911E-12  0.7317E+00  0.5232E-01  0.8794E+01  0.2639E+00  0.4889E+02  0.0000E+00
12103.3232  3  1    0.9983    0.7999    0.2466    0.0000    0.9754   -0.0981    0.4853    0.0453    1.5088   -0.4199  0.7608E+02  0.2593E+03 -0.1204E-10  0.9104E-12  0.7314E+00  0.5232E-01  0.8893E+01  0.2639E+00  0.4889E+02  0.0000E+00
12103.8164  3  1    0.9983    0.7999    0.2468    0.0000    0.9776   -0.0981    0.4879    0.0454    1.5124   -0.4199  0.7691E+02  0.2593E+03 -0.1239E-10  0.9483E-12  0.7313E+00  0.5232E-01  0.8941E+01  0.2639E+00  0.4887E+02  0.0000E+00
12104.7637  3  1    0.9982    0.7999    0.2473    0.0000    0.9818   -0.0981    0.4927    0.0454    1.5192   -0.4199  0.7624E+02  0.2594E+03 -0.1255E-10  0.9672E-12  0.7310E+00  0.5232E-01  0.9032E+01  0.2639E+00  0.4887E+02  0.0000E+00
12105.2354  3  1    0.9982    0.7999    0.2475    0.0000    0.9839   -0.0981    0.4953    0.0454    1.5226   -0.4199  0.7699E+02  0.2595E+03 -0.1287E-10  0.1003E-11  0.7308E+00  0.5232E-01  0.9078E+01  0.2639E+00  0.4885E+02  0.0000E+00
12106.1162  3  1    0.9982    0.7999    0.2479    0.0000    0.9878   -0.0981    0.4998    0.0454    1.5290   -0.4199  0.7638E+02  0.2595E+03 -0.1303E-10  0.1022E-11  0.7306E+00  0.5232E-01  0.9163E+01  0.2639E+00  0.4885E+02  0.0000E+00
12106.5693  3  1    0.9982    0.7999    0.2482    0.0000    0.9898   -0.0981    0.5023    0.0454    1.5323   -0.4199  0.7706E+02  0.2596E+03 -0.1333E-10  0.1057E-11  0.7304E+00  0.5232E-01  0.9207E+01  0.2639E+00  0.4884E+02  0.0000E+00
12107.3906  3  1    0.9982    0.7999    0.2486    0.0000    0.9935   -0.0981    0.5066    0.0454    1.5382   -0.4199  0.7652E+02  0.2596E+03 -0.1348E-10  0.1075E-11  0.7302E+00  0.5232E-01  0.9287E+01  0.2639E+00  0.4883E+02  0.0000E+00
12107.8271  3  1    0.9982    0.7999    0.2488    0.0000    0.9954   -0.0981    0.5089    0.0454    1.5414   -0.4199  0.7713E+02  0.2597E+03 -0.1376E-10  0.1108E-11  0.7301E+00  0.5232E-01  0.9329E+01  0.2639E+00  0.4882E+02  0.0000E+00
12108.5957  3  1    0.9982    0.7999    0.2492    0.0000    0.9988   -0.0981    0.5130    0.0454    1.5469   -0.4198  0.7664E+02  0.2598E+03 -0.1391E-10  0.1126E-11  0.7298E+00  0.5232E-01  0.9403E+01  0.2639E+00  0.4881E+02  0.0000E+00
12109.0176  3  1    0.9982    0.7999    0.2494    0.0000    1.0007   -0.0981    0.5154    0.0454    1.5500   -0.4198  0.7719E+02  0.2598E+03 -0.1428E-10  0.1167E-11  0.7297E+00  0.5232E-01  0.9444E+01  0.2639E+00  0.4880E+02  0.0000E+00
12109.7373  3  1    0.9982    0.7999    0.2498    0.0000    1.0042   -0.0980    0.5196    0.0454    1.5556   -0.4198  0.7665E+02  0.2599E+03 -0.1453E-10  0.1193E-11  0.7294E+00  0.5232E-01  0.9526E+01  0.2639E+00  0.4880E+02  0.0000E+00
12110.1104  3  1    0.9982    0.7999    0.2500    0.0000    1.0061   -0.0980    0.5220    0.0454    1.5586   -0.4198  0.7723E+02  0.2599E+03 -0.1488E-10  0.1234E-11  0.7293E+00  0.5232E-01  0.9571E+01  0.2639E+00  0.4879E+02  0.0000E+00
12110.7646  3  1    0.9982    0.7999    0.2504    0.0000    1.0093   -0.0980    0.5260    0.0454    1.5639   -0.4198  0.7677E+02  0.2600E+03 -0.1504E-10  0.1254E-11  0.7290E+00  0.5232E-01  0.9650E+01  0.2639E+00  0.4878E+02  0.0000E+00
12111.1270  3  1    0.9982    0.7999    0.2506    0.0000    1.0112   -0.0980    0.5283    0.0455    1.5669   -0.4198  0.7729E+02  0.2601E+03 -0.1533E-10  0.1289E-11  0.7289E+00  0.5232E-01  0.9694E+01  0.2639E+00  0.4877E+02  0.0000E+00
12111.7402  3  1    0.9981    0.7999    0.2509    0.0000    1.0142   -0.0980    0.5321    0.0455    1.5718   -0.4198  0.7688E+02  0.2601E+03 -0.1549E-10  0.1309E-11  0.7286E+00  0.5232E-01  0.9768E+01  0.2639E+00  0.4876E+02  0.0000E+00
12112.0928  3  1    0.9981    0.7999    0.2511    0.0000    1.0160   -0.0980    0.5344    0.0455    1.5747   -0.4198  0.7735E+02  0.2602E+03 -0.1576E-10  0.1343E-11  0.7285E+00  0.5232E-01  0.9810E+01  0.2639E+00  0.4875E+02  0.0000E+00
12112.6699  3  1    0.9981    0.7999    0.2514    0.0000    1.0189   -0.0980    0.5380    0.0455    1.5793   -0.4198  0.7698E+02  0.2603E+03 -0.1592E-10  0.1363E-11  0.7283E+00  0.5232E-01  0.9880E+01  0.2639E+00  0.4875E+02  0.0000E+00
12113.0127  3  1    0.9981    0.7999    0.2516    0.0000    1.0206   -0.0980    0.5403    0.0455    1.5821   -0.4198  0.7741E+02  0.2603E+03 -0.1617E-10  0.1395E-11  0.7281E+00  0.5232E-01  0.9921E+01  0.2639E+00  0.4874E+02  0.0000E+00
12113.5566  3  1    0.9981    0.7999    0.2520    0.0000    1.0233   -0.0980    0.5437    0.0455    1.5865   -0.4197  0.7708E+02  0.2604E+03 -0.1633E-10  0.1415E-11  0.7279E+00  0.5232E-01  0.9986E+01  0.2639E+00  0.4873E+02  0.0000E+00
12113.8906  3  1    0.9981    0.7999    0.2522    0.0000    1.0250   -0.0980    0.5459    0.0455    1.5892   -0.4197  0.7746E+02  0.2604E+03 -0.1656E-10  0.1446E-11  0.7278E+00  0.5232E-01  0.1003E+02  0.2639E+00  0.4872E+02  0.0000E+00
12114.4043  3  1    0.9981    0.7999    0.2524    0.0000    1.0276   -0.0980    0.5493    0.0455    1.5934   -0.4197  0.7717E+02  0.2605E+03 -0.1671E-10  0.1466E-11  0.7276E+00  0.5232E-01  0.1009E+02  0.2639E+00  0.4872E+02  0.0000E+00
12114.7314  3  1    0.9981    0.7999    0.2526    0.0000    1.0292   -0.0980    0.5514    0.0455    1.5960   -0.4197  0.7751E+02  0.2606E+03 -0.1694E-10  0.1496E-11  0.7275E+00  0.5232E-01  0.1013E+02  0.2639E+00  0.4871E+02  0.0000E+00
12115.2168  3  1    0.9981    0.7999    0.2529    0.0000    1.0316   -0.0980    0.5546    0.0455    1.5999   -0.4197  0.7725E+02  0.2606E+03 -0.1708E-10  0.1515E-11  0.7273E+00  0.5232E-01  0.1019E+02  0.2639E+00  0.4870E+02  0.0000E+00
12115.5361  3  1    0.9981    0.7999    0.2531    0.0000    1.0332   -0.0980    0.5567    0.0455    1.6025   -0.4197  0.7756E+02  0.2607E+03 -0.1730E-10  0.1544E-11  0.7272E+00  0.5232E-01  0.1022E+02  0.2639E+00  0.4869E+02  0.0000E+00
12115.9980  3  1    0.9981    0.7999    0.2534    0.0000    1.0355   -0.0980    0.5598    0.0455    1.6063   -0.4197  0.7733E+02  0.2608E+03 -0.1748E-10  0.1567E-11  0.7270E+00  0.5232E-01  0.1028E+02  0.2639E+00  0.4869E+02  0.0000E+00
12116.3105  3  1    0.9981    0.7999    0.2535    0.0000    1.0371   -0.0980    0.5619    0.0455    1.6088   -0.4197  0.7760E+02  0.2608E+03 -0.1783E-10  0.1608E-11  0.7269E+00  0.5232E-01  0.1032E+02  0.2639E+00  0.4868E+02  0.0000E+00
12116.7490  3  1    0.9981    0.7999    0.2538    0.0000    1.0393   -0.0980    0.5648    0.0456    1.6123   -0.4197  0.7740E+02  0.2609E+03 -0.1807E-10  0.1636E-11  0.7267E+00  0.5232E-01  0.1037E+02  0.2639E+00  0.4867E+02  0.0000E+00
12117.0547  3  1    0.9981    0.7999    0.2540    0.0000    1.0408   -0.0980    0.5669    0.0456    1.6148   -0.4197  0.7765E+02  0.2610E+03 -0.1840E-10  0.1676E-11  0.7266E+00  0.5232E-01  0.1041E+02  0.2639E+00  0.4866E+02  0.0000E+00
12117.4727  3  1    0.9981    0.7999    0.2542    0.0000    1.0430   -0.0980    0.5698    0.0456    1.6182   -0.4197  0.7746E+02  0.2611E+03 -0.1863E-10  0.1704E-11  0.7264E+00  0.5232E-01  0.1046E+02  0.2639E+00  0.4866E+02  0.0000E+00
12117.7676  3  1    0.9980    0.7999    0.2544    0.0000    1.0447   -0.0980    0.5721    0.0456    1.6210   -0.4197  0.7763E+02  0.2611E+03 -0.1894E-10  0.1742E-11  0.7262E+00  0.5232E-01  0.1050E+02  0.2640E+00  0.4865E+02  0.0000E+00
12118.1221  3  1    0.9980    0.7999    0.2547    0.0000    1.0467   -0.0980    0.5749    0.0456    1.6242   -0.4197  0.7753E+02  0.2612E+03 -0.1916E-10  0.1771E-11  0.7261E+00  0.5232E-01  0.1056E+02  0.2640E+00  0.4864E+02  0.0000E+00
12118.4102  3  1    0.9980    0.7999    0.2548    0.0000    1.0483   -0.0980    0.5771    0.0456    1.6269   -0.4197  0.7768E+02  0.2613E+03 -0.1943E-10  0.1805E-11  0.7259E+00  0.5232E-01  0.1060E+02  0.2640E+00  0.4863E+02  0.0000E+00
12118.7500  3  1    0.9980    0.7999    0.2551    0.0000    1.0503   -0.0980    0.5798    0.0456    1.6300   -0.4196  0.7759E+02  0.2613E+03 -0.1965E-10  0.1833E-11  0.7258E+00  0.5232E-01  0.1065E+02  0.2640E+00  0.4863E+02  0.0000E+00
12119.0293  3  1    0.9980    0.7999    0.2553    0.0000    1.0519   -0.0980    0.5821    0.0456    1.6326   -0.4196  0.7773E+02  0.2614E+03 -0.1985E-10  0.1861E-11  0.7256E+00  0.5232E-01  0.1069E+02  0.2640E+00  0.4862E+02  0.0000E+00
12119.3555  3  1    0.9980    0.7999    0.2555    0.0000    1.0538   -0.0980    0.5846    0.0456    1.6356   -0.4196  0.7765E+02  0.2615E+03 -0.2001E-10  0.1884E-11  0.7255E+00  0.5232E-01  0.1074E+02  0.2640E+00  0.4861E+02  0.0000E+00
12119.6289  3  1    0.9980    0.7999    0.2557    0.0000    1.0553   -0.0980    0.5868    0.0456    1.6381   -0.4196  0.7778E+02  0.2615E+03 -0.2019E-10  0.1910E-11  0.7253E+00  0.5232E-01  0.1078E+02  0.2640E+00  0.4861E+02  0.0000E+00
12119.9424  3  1    0.9980    0.7999    0.2559    0.0000    1.0571   -0.0980    0.5894    0.0456    1.6409   -0.4196  0.7771E+02  0.2616E+03 -0.2034E-10  0.1933E-11  0.7252E+00  0.5232E-01  0.1083E+02  0.2640E+00  0.4860E+02  0.0000E+00
12120.2090  3  1    0.9980    0.7999    0.2561    0.0000    1.0587   -0.0980    0.5915    0.0456    1.6434   -0.4196  0.7782E+02  0.2617E+03 -0.2052E-10  0.1958E-11  0.7250E+00  0.5232E-01  0.1087E+02  0.2640E+00  0.4859E+02  0.0000E+00
12120.5107  3  1    0.9980    0.7999    0.2563    0.0000    1.0604   -0.0980    0.5940    0.0456    1.6462   -0.4196  0.7777E+02  0.2617E+03 -0.2067E-10  0.1980E-11  0.7249E+00  0.5232E-01  0.1092E+02  0.2640E+00  0.4859E+02  0.0000E+00
12120.7705  3  1    0.9980    0.7999    0.2564    0.0000    1.0619   -0.0980    0.5961    0.0456    1.6486   -0.4196  0.7787E+02  0.2618E+03 -0.2084E-10  0.2006E-11  0.7248E+00  0.5232E-01  0.1096E+02  0.2640E+00  0.4858E+02  0.0000E+00
12121.0625  3  1    0.9980    0.7999    0.2566    0.0000    1.0636   -0.0980    0.5985    0.0456    1.6512   -0.4196  0.7782E+02  0.2619E+03 -0.2098E-10  0.2027E-11  0.7246E+00  0.5232E-01  0.1100E+02  0.2640E+00  0.4857E+02  0.0000E+00
12121.3154  3  1    0.9980    0.7999    0.2568    0.0000    1.0650   -0.0980    0.6006    0.0457    1.6536   -0.4196  0.7791E+02  0.2620E+03 -0.2115E-10  0.2052E-11  0.7245E+00  0.5232E-01  0.1104E+02  0.2640E+00  0.4857E+02  0.0000E+00
12121.5967  3  1    0.9980    0.7999    0.2570    0.0000    1.0666   -0.0980    0.6029    0.0457    1.6562   -0.4196  0.7787E+02  0.2620E+03 -0.2129E-10  0.2074E-11  0.7243E+00  0.5232E-01  0.1108E+02  0.2640E+00  0.4856E+02  0.0000E+00
12121.8447  3  1    0.9980    0.7999    0.2571    0.0000    1.0680   -0.0980    0.6050    0.0457    1.6584   -0.4196  0.7796E+02  0.2621E+03 -0.2145E-10  0.2098E-11  0.7242E+00  0.5232E-01  0.1112E+02  0.2640E+00  0.4855E+02  0.0000E+00
12122.1172  3  1    0.9980    0.7999    0.2573    0.0000    1.0696   -0.0980    0.6072    0.0457    1.6609   -0.4196  0.7793E+02  0.2622E+03 -0.2159E-10  0.2120E-11  0.7241E+00  0.5232E-01  0.1116E+02  0.2640E+00  0.4855E+02  0.0000E+00
12122.3594  3  1    0.9980    0.7999    0.2575    0.0000    1.0710   -0.0980    0.6092    0.0457    1.6632   -0.4196  0.7800E+02  0.2623E+03 -0.2186E-10  0.2154E-11  0.7240E+00  0.5232E-01  0.1119E+02  0.2640E+00  0.4854E+02  0.0000E+00
12122.6221  3  1    0.9979    0.7999    0.2577    0.0000    1.0725   -0.0980    0.6114    0.0457    1.6656   -0.4196  0.7797E+02  0.2623E+03 -0.2209E-10  0.2185E-11  0.7238E+00  0.5231E-01  0.1123E+02  0.2640E+00  0.4853E+02  0.0000E+00
12122.8594  3  1    0.9979    0.7999    0.2578    0.0000    1.0739   -0.0980    0.6134    0.0457    1.6678   -0.4196  0.7804E+02  0.2624E+03 -0.2235E-10  0.2219E-11  0.7237E+00  0.5231E-01  0.1127E+02  0.2640E+00  0.4853E+02  0.0000E+00
12123.1133  3  1    0.9979    0.7999    0.2580    0.0000    1.0753   -0.0980    0.6156    0.0457    1.6701   -0.4196  0.7802E+02  0.2625E+03 -0.2258E-10  0.2250E-11  0.7236E+00  0.5231E-01  0.1131E+02  0.2640E+00  0.4852E+02  0.0000E+00
12123.3457  3  1    0.9979    0.7999    0.2582    0.0000    1.0766   -0.0980    0.6176    0.0457    1.6722   -0.4196  0.7808E+02  0.2626E+03 -0.2282E-10  0.2283E-11  0.7235E+00  0.5231E-01  0.1134E+02  0.2640E+00  0.4851E+02  0.0000E+00
12123.5928  3  1    0.9979    0.7999    0.2583    0.0000    1.0781   -0.0980    0.6197    0.0457    1.6745   -0.4196  0.7807E+02  0.2626E+03 -0.2305E-10  0.2313E-11  0.7234E+00  0.5231E-01  0.1138E+02  0.2640E+00  0.4851E+02  0.0000E+00
12123.8193  3  1    0.9979    0.7999    0.2585    0.0000    1.0794   -0.0980    0.6216    0.0457    1.6766   -0.4196  0.7812E+02  0.2627E+03 -0.2329E-10  0.2346E-11  0.7232E+00  0.5231E-01  0.1141E+02  0.2640E+00  0.4850E+02  0.0000E+00
12124.0596  3  1    0.9979    0.7999    0.2586    0.0000    1.0807   -0.0980    0.6236    0.0457    1.6788   -0.4195  0.7811E+02  0.2628E+03 -0.2351E-10  0.2376E-11  0.7231E+00  0.5231E-01  0.1145E+02  0.2640E+00  0.4850E+02  0.0000E+00
12124.2812  3  1    0.9979    0.7999    0.2588    0.0000    1.0820   -0.0980    0.6256    0.0457    1.6808   -0.4195  0.7816E+02  0.2629E+03 -0.2374E-10  0.2408E-11  0.7230E+00  0.5231E-01  0.1148E+02  0.2640E+00  0.4849E+02  0.0000E+00
12124.5137  3  1    0.9979    0.7999    0.2589    0.0000    1.0834   -0.0980    0.6276    0.0457    1.6830   -0.4195  0.7815E+02  0.2630E+03 -0.2396E-10  0.2438E-11  0.7229E+00  0.5231E-01  0.1152E+02  0.2640E+00  0.4848E+02  0.0000E+00
12124.7314  3  1    0.9979    0.7999    0.2591    0.0000    1.0846   -0.0980    0.6295    0.0457    1.6851   -0.4195  0.7818E+02  0.2630E+03 -0.2418E-10  0.2469E-11  0.7228E+00  0.5231E-01  0.1155E+02  0.2640E+00  0.4848E+02  0.0000E+00
12124.9492  3  1    0.9979    0.7999    0.2593    0.0000    1.0861   -0.0980    0.6317    0.0457    1.6873   -0.4195  0.7816E+02  0.2631E+03 -0.2439E-10  0.2499E-11  0.7227E+00  0.5231E-01  0.1160E+02  0.2640E+00  0.4847E+02  0.0000E+00
12125.1455  3  1    0.9979    0.7999    0.2594    0.0000    1.0873   -0.0980    0.6336    0.0457    1.6893   -0.4195  0.7822E+02  0.2632E+03 -0.2461E-10  0.2530E-11  0.7225E+00  0.5231E-01  0.1163E+02  0.2640E+00  0.4846E+02  0.0000E+00
12125.3574  3  1    0.9979    0.7999    0.2596    0.0000    1.0887   -0.0980    0.6357    0.0458    1.6915   -0.4195  0.7820E+02  0.2633E+03 -0.2480E-10  0.2558E-11  0.7224E+00  0.5231E-01  0.1167E+02  0.2640E+00  0.4846E+02  0.0000E+00
12125.5488  3  1    0.9979    0.7999    0.2597    0.0000    1.0899   -0.0980    0.6376    0.0458    1.6935   -0.4195  0.7826E+02  0.2633E+03 -0.2500E-10  0.2588E-11  0.7223E+00  0.5231E-01  0.1171E+02  0.2640E+00  0.4845E+02  0.0000E+00
12125.7539  3  1    0.9979    0.7999    0.2599    0.0000    1.0913   -0.0980    0.6396    0.0458    1.6956   -0.4195  0.7825E+02  0.2634E+03 -0.2519E-10  0.2615E-11  0.7222E+00  0.5231E-01  0.1175E+02  0.2640E+00  0.4845E+02  0.0000E+00
12125.9424  3  1    0.9979    0.7999    0.2600    0.0000    1.0925   -0.0980    0.6415    0.0458    1.6976   -0.4195  0.7830E+02  0.2635E+03 -0.2539E-10  0.2645E-11  0.7220E+00  0.5231E-01  0.1178E+02  0.2640E+00  0.4844E+02  0.0000E+00
12126.1426  3  1    0.9979    0.7999    0.2602    0.0000    1.0938   -0.0980    0.6435    0.0458    1.6996   -0.4195  0.7829E+02  0.2636E+03 -0.2557E-10  0.2672E-11  0.7219E+00  0.5231E-01  0.1182E+02  0.2640E+00  0.4843E+02  0.0000E+00
12126.3262  3  1    0.9979    0.7999    0.2603    0.0000    1.0950   -0.0980    0.6454    0.0458    1.7015   -0.4195  0.7834E+02  0.2637E+03 -0.2577E-10  0.2701E-11  0.7218E+00  0.5231E-01  0.1185E+02  0.2640E+00  0.4843E+02  0.0000E+00
12126.5205  3  1    0.9979    0.7999    0.2605    0.0000    1.0963   -0.0980    0.6473    0.0458    1.7035   -0.4195  0.7833E+02  0.2637E+03 -0.2594E-10  0.2728E-11  0.7217E+00  0.5231E-01  0.1189E+02  0.2640E+00  0.4842E+02  0.0000E+00
12126.7012  3  1    0.9978    0.7999    0.2606    0.0000    1.0974   -0.0980    0.6492    0.0458    1.7054   -0.4195  0.7838E+02  0.2638E+03 -0.2613E-10  0.2757E-11  0.7216E+00  0.5231E-01  0.1193E+02  0.2640E+00  0.4841E+02  0.0000E+00
12126.8906  3  1    0.9978    0.7999    0.2608    0.0000    1.0987   -0.0980    0.6511    0.0458    1.7074   -0.4195  0.7837E+02  0.2639E+03 -0.2631E-10  0.2784E-11  0.7215E+00  0.5231E-01  0.1196E+02  0.2640E+00  0.4841E+02  0.0000E+00
12127.0684  3  1    0.9978    0.7999    0.2609    0.0000    1.0998   -0.0980    0.6529    0.0458    1.7092   -0.4195  0.7842E+02  0.2640E+03 -0.2645E-10  0.2807E-11  0.7214E+00  0.5231E-01  0.1199E+02  0.2640E+00  0.4840E+02  0.0000E+00
12127.2529  3  1    0.9978    0.8000    0.2611    0.0000    1.1010   -0.0980    0.6548    0.0458    1.7111   -0.4195  0.7841E+02  0.2641E+03 -0.2657E-10  0.2829E-11  0.7212E+00  0.5231E-01  0.1203E+02  0.2640E+00  0.4840E+02  0.0000E+00
12127.4268  3  1    0.9978    0.8000    0.2612    0.0000    1.1021   -0.0980    0.6565    0.0458    1.7129   -0.4195  0.7845E+02  0.2641E+03 -0.2671E-10  0.2851E-11  0.7211E+00  0.5231E-01  0.1206E+02  0.2640E+00  0.4839E+02  0.0000E+00
12127.6064  3  1    0.9978    0.8000    0.2613    0.0000    1.1033   -0.0980    0.6584    0.0458    1.7148   -0.4195  0.7845E+02  0.2642E+03 -0.2683E-10  0.2873E-11  0.7210E+00  0.5231E-01  0.1210E+02  0.2640E+00  0.4839E+02  0.0000E+00
12127.7773  3  1    0.9978    0.8000    0.2615    0.0000    1.1044   -0.0980    0.6602    0.0458    1.7165   -0.4195  0.7849E+02  0.2643E+03 -0.2702E-10  0.2901E-11  0.7209E+00  0.5231E-01  0.1213E+02  0.2640E+00  0.4838E+02  0.0000E+00
12127.9521  3  1    0.9978    0.8000    0.2616    0.0000    1.1055   -0.0980    0.6620    0.0458    1.7183   -0.4195  0.7849E+02  0.2644E+03 -0.2723E-10  0.2932E-11  0.7208E+00  0.5231E-01  0.1216E+02  0.2640E+00  0.4837E+02  0.0000E+00
12128.1201  3  1    0.9978    0.8000    0.2617    0.0000    1.1066   -0.0980    0.6637    0.0458    1.7201   -0.4195  0.7852E+02  0.2645E+03 -0.2745E-10  0.2964E-11  0.7207E+00  0.5231E-01  0.1219E+02  0.2640E+00  0.4837E+02  0.0000E+00
12128.2920  3  1    0.9978    0.8000    0.2619    0.0000    1.1077   -0.0980    0.6655    0.0458    1.7218   -0.4195  0.7853E+02  0.2645E+03 -0.2766E-10  0.2995E-11  0.7206E+00  0.5231E-01  0.1222E+02  0.2640E+00  0.4836E+02  0.0000E+00
12128.4561  3  1    0.9978    0.8000    0.2620    0.0000    1.1088   -0.0980    0.6672    0.0459    1.7235   -0.4195  0.7856E+02  0.2646E+03 -0.2788E-10  0.3027E-11  0.7205E+00  0.5231E-01  0.1226E+02  0.2640E+00  0.4836E+02  0.0000E+00
12128.6230  3  1    0.9978    0.8000    0.2621    0.0000    1.1099   -0.0980    0.6690    0.0459    1.7253   -0.4195  0.7856E+02  0.2647E+03 -0.2808E-10  0.3057E-11  0.7204E+00  0.5231E-01  0.1229E+02  0.2640E+00  0.4835E+02  0.0000E+00
12128.7852  3  1    0.9978    0.8000    0.2623    0.0000    1.1109   -0.0980    0.6706    0.0459    1.7269   -0.4195  0.7859E+02  0.2648E+03 -0.2829E-10  0.3088E-11  0.7203E+00  0.5231E-01  0.1232E+02  0.2640E+00  0.4834E+02  0.0000E+00
12128.9482  3  1    0.9978    0.8000    0.2624    0.0000    1.1120   -0.0980    0.6724    0.0459    1.7286   -0.4195  0.7860E+02  0.2649E+03 -0.2849E-10  0.3119E-11  0.7202E+00  0.5231E-01  0.1235E+02  0.2640E+00  0.4834E+02  0.0000E+00
12129.1074  3  1    0.9978    0.8000    0.2625    0.0000    1.1130   -0.0980    0.6740    0.0459    1.7303   -0.4195  0.7863E+02  0.2650E+03 -0.2870E-10  0.3149E-11  0.7201E+00  0.5231E-01  0.1238E+02  0.2640E+00  0.4833E+02  0.0000E+00
12129.2676  3  1    0.9978    0.8000    0.2626    0.0000    1.1141   -0.0980    0.6757    0.0459    1.7319   -0.4195  0.7864E+02  0.2650E+03 -0.2890E-10  0.3179E-11  0.7200E+00  0.5231E-01  0.1241E+02  0.2640E+00  0.4833E+02  0.0000E+00
12129.4229  3  1    0.9978    0.8000    0.2628    0.0000    1.1151   -0.0979    0.6774    0.0459    1.7335   -0.4194  0.7866E+02  0.2651E+03 -0.2910E-10  0.3210E-11  0.7199E+00  0.5231E-01  0.1244E+02  0.2640E+00  0.4832E+02  0.0000E+00
12129.5801  3  1    0.9978    0.8000    0.2629    0.0000    1.1161   -0.0979    0.6791    0.0459    1.7351   -0.4194  0.7867E+02  0.2652E+03 -0.2929E-10  0.3239E-11  0.7198E+00  0.5231E-01  0.1247E+02  0.2640E+00  0.4832E+02  0.0000E+00
12129.7324  3  1    0.9978    0.8000    0.2630    0.0000    1.1171   -0.0979    0.6807    0.0459    1.7367   -0.4194  0.7869E+02  0.2653E+03 -0.2949E-10  0.3269E-11  0.7197E+00  0.5231E-01  0.1250E+02  0.2640E+00  0.4831E+02  0.0000E+00
12129.8867  3  1    0.9978    0.8000    0.2631    0.0000    1.1181   -0.0979    0.6823    0.0459    1.7383   -0.4194  0.7870E+02  0.2654E+03 -0.2968E-10  0.3298E-11  0.7196E+00  0.5231E-01  0.1253E+02  0.2640E+00  0.4831E+02  0.0000E+00
12130.0361  3  1    0.9978    0.8000    0.2632    0.0000    1.1191   -0.0979    0.6839    0.0459    1.7399   -0.4194  0.7873E+02  0.2655E+03 -0.2987E-10  0.3328E-11  0.7195E+00  0.5231E-01  0.1255E+02  0.2640E+00  0.4830E+02  0.0000E+00
12130.1875  3  1    0.9977    0.8000    0.2633    0.0000    1.1200   -0.0979    0.6856    0.0459    1.7414   -0.4194  0.7874E+02  0.2656E+03 -0.3006E-10  0.3357E-11  0.7194E+00  0.5231E-01  0.1258E+02  0.2640E+00  0.4830E+02  0.0000E+00
12130.3350  3  1    0.9977    0.8000    0.2635    0.0000    1.1210   -0.0979    0.6871    0.0459    1.7429   -0.4194  0.7876E+02  0.2657E+03 -0.3025E-10  0.3386E-11  0.7193E+00  0.5231E-01  0.1261E+02  0.2640E+00  0.4829E+02  0.0000E+00
12130.4824  3  1    0.9977    0.8000    0.2636    0.0000    1.1219   -0.0979    0.6887    0.0459    1.7445   -0.4194  0.7877E+02  0.2657E+03 -0.3043E-10  0.3415E-11  0.7193E+00  0.5231E-01  0.1264E+02  0.2640E+00  0.4828E+02  0.0000E+00
12130.6279  3  1    0.9977    0.8000    0.2637    0.0000    1.1229   -0.0979    0.6903    0.0459    1.7460   -0.4194  0.7879E+02  0.2658E+03 -0.3062E-10  0.3444E-11  0.7192E+00  0.5231E-01  0.1266E+02  0.2640E+00  0.4828E+02  0.0000E+00
12130.7725  3  1    0.9977    0.8000    0.2638    0.0000    1.1238   -0.0979    0.6919    0.0459    1.7475   -0.4194  0.7880E+02  0.2659E+03 -0.3080E-10  0.3472E-11  0.7191E+00  0.5231E-01  0.1269E+02  0.2640E+00  0.4827E+02  0.0000E+00
12130.9150  3  1    0.9977    0.8000    0.2639    0.0000    1.1248   -0.0979    0.6934    0.0459    1.7489   -0.4194  0.7882E+02  0.2660E+03 -0.3098E-10  0.3501E-11  0.7190E+00  0.5231E-01  0.1272E+02  0.2640E+00  0.4827E+02  0.0000E+00
12131.0576  3  1    0.9977    0.8000    0.2640    0.0000    1.1257   -0.0979    0.6950    0.0459    1.7504   -0.4194  0.7884E+02  0.2661E+03 -0.3116E-10  0.3529E-11  0.7189E+00  0.5231E-01  0.1275E+02  0.2640E+00  0.4826E+02  0.0000E+00
12131.1973  3  1    0.9977    0.8000    0.2641    0.0000    1.1267   -0.0979    0.6967    0.0459    1.7520   -0.4194  0.7883E+02  0.2662E+03 -0.3134E-10  0.3558E-11  0.7188E+00  0.5231E-01  0.1278E+02  0.2640E+00  0.4826E+02  0.0000E+00
12131.3262  3  1    0.9977    0.8000    0.2643    0.0000    1.1276   -0.0979    0.6983    0.0460    1.7535   -0.4194  0.7885E+02  0.2663E+03 -0.3151E-10  0.3586E-11  0.7187E+00  0.5231E-01  0.1281E+02  0.2640E+00  0.4825E+02  0.0000E+00
12131.4570  3  1    0.9977    0.8000    0.2644    0.0000    1.1286   -0.0979    0.6999    0.0460    1.7550   -0.4194  0.7886E+02  0.2664E+03 -0.3167E-10  0.3613E-11  0.7186E+00  0.5231E-01  0.1284E+02  0.2640E+00  0.4825E+02  0.0000E+00
12131.5840  3  1    0.9977    0.8000    0.2645    0.0000    1.1295   -0.0979    0.7015    0.0460    1.7565   -0.4194  0.7889E+02  0.2664E+03 -0.3184E-10  0.3640E-11  0.7185E+00  0.5231E-01  0.1287E+02  0.2640E+00  0.4824E+02  0.0000E+00
12131.7129  3  1    0.9977    0.8000    0.2646    0.0000    1.1305   -0.0979    0.7031    0.0460    1.7580   -0.4194  0.7889E+02  0.2665E+03 -0.3199E-10  0.3667E-11  0.7184E+00  0.5231E-01  0.1290E+02  0.2640E+00  0.4824E+02  0.0000E+00
12131.8369  3  1    0.9977    0.8000    0.2647    0.0000    1.1314   -0.0979    0.7047    0.0460    1.7595   -0.4194  0.7892E+02  0.2666E+03 -0.3216E-10  0.3694E-11  0.7183E+00  0.5231E-01  0.1293E+02  0.2640E+00  0.4823E+02  0.0000E+00
12131.9629  3  1    0.9977    0.8000    0.2648    0.0000    1.1323   -0.0979    0.7063    0.0460    1.7609   -0.4194  0.7893E+02  0.2667E+03 -0.3231E-10  0.3720E-11  0.7182E+00  0.5231E-01  0.1296E+02  0.2640E+00  0.4822E+02  0.0000E+00
12132.0859  3  1    0.9977    0.8000    0.2650    0.0000    1.1332   -0.0979    0.7078    0.0460    1.7624   -0.4194  0.7895E+02  0.2668E+03 -0.3247E-10  0.3747E-11  0.7181E+00  0.5231E-01  0.1299E+02  0.2640E+00  0.4822E+02  0.0000E+00
12132.2090  3  1    0.9977    0.8000    0.2651    0.0000    1.1342   -0.0979    0.7094    0.0460    1.7638   -0.4194  0.7896E+02  0.2669E+03 -0.3262E-10  0.3773E-11  0.7180E+00  0.5231E-01  0.1301E+02  0.2640E+00  0.4821E+02  0.0000E+00
12132.3301  3  1    0.9977    0.8000    0.2652    0.0000    1.1350   -0.0979    0.7110    0.0460    1.7652   -0.4194  0.7898E+02  0.2670E+03 -0.3278E-10  0.3799E-11  0.7180E+00  0.5231E-01  0.1304E+02  0.2640E+00  0.4821E+02  0.0000E+00
12132.4512  3  1    0.9977    0.8000    0.2653    0.0000    1.1359   -0.0979    0.7125    0.0460    1.7667   -0.4194  0.7899E+02  0.2671E+03 -0.3293E-10  0.3825E-11  0.7179E+00  0.5231E-01  0.1307E+02  0.2640E+00  0.4820E+02  0.0000E+00
12132.5703  3  1    0.9977    0.8000    0.2654    0.0000    1.1368   -0.0979    0.7140    0.0460    1.7681   -0.4194  0.7901E+02  0.2671E+03 -0.3308E-10  0.3851E-11  0.7178E+00  0.5231E-01  0.1310E+02  0.2640E+00  0.4820E+02  0.0000E+00
12132.6895  3  1    0.9977    0.8000    0.2655    0.0000    1.1377   -0.0979    0.7156    0.0460    1.7695   -0.4194  0.7902E+02  0.2672E+03 -0.3329E-10  0.3884E-11  0.7177E+00  0.5231E-01  0.1313E+02  0.2640E+00  0.4819E+02  0.0000E+00
12132.8057  3  1    0.9977    0.8000    0.2656    0.0000    1.1386   -0.0979    0.7171    0.0460    1.7708   -0.4194  0.7904E+02  0.2673E+03 -0.3352E-10  0.3919E-11  0.7176E+00  0.5231E-01  0.1316E+02  0.2640E+00  0.4819E+02  0.0000E+00
12132.9229  3  1    0.9977    0.8000    0.2657    0.0000    1.1394   -0.0979    0.7186    0.0460    1.7722   -0.4194  0.7906E+02  0.2674E+03 -0.3374E-10  0.3953E-11  0.7175E+00  0.5231E-01  0.1318E+02  0.2640E+00  0.4818E+02  0.0000E+00
12133.0381  3  1    0.9977    0.8000    0.2658    0.0000    1.1403   -0.0979    0.7201    0.0460    1.7735   -0.4194  0.7907E+02  0.2675E+03 -0.3396E-10  0.3988E-11  0.7174E+00  0.5231E-01  0.1321E+02  0.2640E+00  0.4818E+02  0.0000E+00
12133.1533  3  1    0.9977    0.8000    0.2659    0.0000    1.1411   -0.0979    0.7216    0.0460    1.7749   -0.4194  0.7909E+02  0.2676E+03 -0.3418E-10  0.4022E-11  0.7173E+00  0.5231E-01  0.1324E+02  0.2640E+00  0.4817E+02  0.0000E+00
12133.2666  3  1    0.9976    0.8000    0.2660    0.0000    1.1420   -0.0979    0.7230    0.0460    1.7762   -0.4194  0.7910E+02  0.2677E+03 -0.3440E-10  0.4057E-11  0.7173E+00  0.5231E-01  0.1326E+02  0.2640E+00  0.4817E+02  0.0000E+00
12133.3799  3  1    0.9976    0.8000    0.2661    0.0000    1.1428   -0.0979    0.7245    0.0460    1.7775   -0.4194  0.7912E+02  0.2678E+03 -0.3462E-10  0.4090E-11  0.7172E+00  0.5231E-01  0.1329E+02  0.2640E+00  0.4816E+02  0.0000E+00
12133.4912  3  1    0.9976    0.8000    0.2662    0.0000    1.1436   -0.0979    0.7260    0.0460    1.7789   -0.4194  0.7913E+02  0.2679E+03 -0.3483E-10  0.4124E-11  0.7171E+00  0.5231E-01  0.1332E+02  0.2640E+00  0.4816E+02  0.0000E+00
12133.6025  3  1    0.9976    0.8000    0.2663    0.0000    1.1445   -0.0979    0.7274    0.0460    1.7802   -0.4194  0.7915E+02  0.2679E+03 -0.3505E-10  0.4158E-11  0.7170E+00  0.5231E-01  0.1334E+02  0.2640E+00  0.4815E+02  0.0000E+00
12133.7119  3  1    0.9976    0.8000    0.2664    0.0000    1.1453   -0.0979    0.7288    0.0461    1.7814   -0.4194  0.7916E+02  0.2680E+03 -0.3526E-10  0.4192E-11  0.7169E+00  0.5231E-01  0.1337E+02  0.2640E+00  0.4815E+02  0.0000E+00
12133.8213  3  1    0.9976    0.8000    0.2665    0.0000    1.1461   -0.0979    0.7303    0.0461    1.7827   -0.4194  0.7918E+02  0.2681E+03 -0.3547E-10  0.4225E-11  0.7168E+00  0.5231E-01  0.1339E+02  0.2640E+00  0.4814E+02  0.0000E+00
12133.9297  3  1    0.9976    0.8000    0.2666    0.0000    1.1469   -0.0979    0.7317    0.0461    1.7840   -0.4194  0.7919E+02  0.2682E+03 -0.3568E-10  0.4258E-11  0.7168E+00  0.5231E-01  0.1342E+02  0.2640E+00  0.4814E+02  0.0000E+00
12134.0371  3  1    0.9976    0.8000    0.2667    0.0000    1.1477   -0.0979    0.7331    0.0461    1.7853   -0.4194  0.7921E+02  0.2683E+03 -0.3589E-10  0.4291E-11  0.7167E+00  0.5231E-01  0.1345E+02  0.2640E+00  0.4813E+02  0.0000E+00
12134.1436  3  1    0.9976    0.8000    0.2668    0.0000    1.1485   -0.0979    0.7345    0.0461    1.7865   -0.4194  0.7922E+02  0.2684E+03 -0.3606E-10  0.4321E-11  0.7166E+00  0.5231E-01  0.1347E+02  0.2640E+00  0.4813E+02  0.0000E+00
12134.2500  3  1    0.9976    0.8000    0.2669    0.0000    1.1492   -0.0979    0.7359    0.0461    1.7877   -0.4194  0.7924E+02  0.2685E+03 -0.3623E-10  0.4350E-11  0.7165E+00  0.5231E-01  0.1350E+02  0.2640E+00  0.4812E+02  0.0000E+00
12134.3545  3  1    0.9976    0.8000    0.2670    0.0000    1.1500   -0.0979    0.7373    0.0461    1.7890   -0.4194  0.7925E+02  0.2686E+03 -0.3640E-10  0.4378E-11  0.7164E+00  0.5231E-01  0.1352E+02  0.2640E+00  0.4812E+02  0.0000E+00
12134.4590  3  1    0.9976    0.8000    0.2671    0.0000    1.1508   -0.0979    0.7387    0.0461    1.7902   -0.4194  0.7927E+02  0.2687E+03 -0.3657E-10  0.4407E-11  0.7164E+00  0.5231E-01  0.1355E+02  0.2640E+00  0.4811E+02  0.0000E+00
12134.5625  3  1    0.9976    0.8000    0.2672    0.0000    1.1516   -0.0979    0.7401    0.0461    1.7914   -0.4194  0.7928E+02  0.2688E+03 -0.3674E-10  0.4435E-11  0.7163E+00  0.5231E-01  0.1357E+02  0.2640E+00  0.4811E+02  0.0000E+00
12134.6650  3  1    0.9976    0.8000    0.2673    0.0000    1.1523   -0.0979    0.7415    0.0461    1.7926   -0.4193  0.7929E+02  0.2689E+03 -0.3690E-10  0.4464E-11  0.7162E+00  0.5231E-01  0.1359E+02  0.2640E+00  0.4810E+02  0.0000E+00
12134.7676  3  1    0.9976    0.8000    0.2674    0.0000    1.1531   -0.0979    0.7428    0.0461    1.7938   -0.4193  0.7931E+02  0.2690E+03 -0.3707E-10  0.4492E-11  0.7161E+00  0.5231E-01  0.1362E+02  0.2640E+00  0.4810E+02  0.0000E+00
12134.8682  3  1    0.9976    0.8000    0.2675    0.0000    1.1538   -0.0979    0.7442    0.0461    1.7950   -0.4193  0.7932E+02  0.2691E+03 -0.3723E-10  0.4520E-11  0.7160E+00  0.5231E-01  0.1364E+02  0.2640E+00  0.4809E+02  0.0000E+00
12134.9688  3  1    0.9976    0.8000    0.2676    0.0000    1.1546   -0.0979    0.7456    0.0461    1.7962   -0.4193  0.7934E+02  0.2692E+03 -0.3739E-10  0.4548E-11  0.7160E+00  0.5231E-01  0.1367E+02  0.2640E+00  0.4809E+02  0.0000E+00
12135.0693  3  1    0.9976    0.8000    0.2677    0.0000    1.1553   -0.0979    0.7469    0.0461    1.7974   -0.4193  0.7935E+02  0.2693E+03 -0.3755E-10  0.4575E-11  0.7159E+00  0.5231E-01  0.1369E+02  0.2640E+00  0.4808E+02  0.0000E+00
12135.1680  3  1    0.9976    0.8000    0.2678    0.0000    1.1560   -0.0979    0.7482    0.0461    1.7985   -0.4193  0.7936E+02  0.2694E+03 -0.3771E-10  0.4603E-11  0.7158E+00  0.5231E-01  0.1371E+02  0.2640E+00  0.4808E+02  0.0000E+00
12135.2666  3  1    0.9976    0.8000    0.2678    0.0000    1.1568   -0.0979    0.7496    0.0461    1.7997   -0.4193  0.7938E+02  0.2694E+03 -0.3787E-10  0.4631E-11  0.7157E+00  0.5231E-01  0.1374E+02  0.2640E+00  0.4807E+02  0.0000E+00
12135.3643  3  1    0.9976    0.8000    0.2679    0.0000    1.1575   -0.0979    0.7509    0.0461    1.8008   -0.4193  0.7939E+02  0.2695E+03 -0.3803E-10  0.4658E-11  0.7157E+00  0.5231E-01  0.1376E+02  0.2640E+00  0.4807E+02  0.0000E+00
12135.4609  3  1    0.9976    0.8000    0.2680    0.0000    1.1582   -0.0979    0.7522    0.0461    1.8020   -0.4193  0.7941E+02  0.2696E+03 -0.3819E-10  0.4686E-11  0.7156E+00  0.5231E-01  0.1378E+02  0.2640E+00  0.4806E+02  0.0000E+00
12135.5576  3  1    0.9976    0.8000    0.2681    0.0000    1.1589   -0.0979    0.7535    0.0461    1.8031   -0.4193  0.7942E+02  0.2697E+03 -0.3834E-10  0.4713E-11  0.7155E+00  0.5231E-01  0.1380E+02  0.2640E+00  0.4806E+02  0.0000E+00
12135.6533  3  1    0.9976    0.8000    0.2682    0.0000    1.1596   -0.0979    0.7548    0.0461    1.8042   -0.4193  0.7943E+02  0.2698E+03 -0.3850E-10  0.4740E-11  0.7155E+00  0.5231E-01  0.1383E+02  0.2640E+00  0.4805E+02  0.0000E+00
12135.7480  3  1    0.9976    0.8000    0.2683    0.0000    1.1603   -0.0979    0.7561    0.0461    1.8053   -0.4193  0.7945E+02  0.2699E+03 -0.3865E-10  0.4767E-11  0.7154E+00  0.5231E-01  0.1385E+02  0.2640E+00  0.4805E+02  0.0000E+00
12135.8428  3  1    0.9976    0.8000    0.2684    0.0000    1.1610   -0.0979    0.7574    0.0462    1.8064   -0.4193  0.7946E+02  0.2700E+03 -0.3880E-10  0.4794E-11  0.7153E+00  0.5231E-01  0.1387E+02  0.2640E+00  0.4804E+02  0.0000E+00
12135.9365  3  1    0.9976    0.8000    0.2684    0.0000    1.1617   -0.0979    0.7587    0.0462    1.8075   -0.4193  0.7947E+02  0.2701E+03 -0.3895E-10  0.4821E-11  0.7152E+00  0.5231E-01  0.1389E+02  0.2640E+00  0.4804E+02  0.0000E+00
12136.0293  3  1    0.9975    0.8000    0.2685    0.0000    1.1624   -0.0979    0.7600    0.0462    1.8086   -0.4193  0.7949E+02  0.2702E+03 -0.3910E-10  0.4847E-11  0.7152E+00  0.5231E-01  0.1392E+02  0.2641E+00  0.4803E+02  0.0000E+00
12136.1221  3  1    0.9975    0.8000    0.2686    0.0000    1.1631   -0.0979    0.7613    0.0462    1.8097   -0.4193  0.7950E+02  0.2703E+03 -0.3925E-10  0.4874E-11  0.7151E+00  0.5231E-01  0.1394E+02  0.2641E+00  0.4803E+02  0.0000E+00
12136.2139  3  1    0.9975    0.8000    0.2687    0.0000    1.1638   -0.0979    0.7625    0.0462    1.8108   -0.4193  0.7951E+02  0.2704E+03 -0.3940E-10  0.4900E-11  0.7150E+00  0.5231E-01  0.1396E+02  0.2641E+00  0.4802E+02  0.0000E+00
12136.3047  3  1    0.9975    0.8000    0.2688    0.0000    1.1644   -0.0979    0.7638    0.0462    1.8118   -0.4193  0.7953E+02  0.2705E+03 -0.3955E-10  0.4927E-11  0.7150E+00  0.5231E-01  0.1398E+02  0.2641E+00  0.4802E+02  0.0000E+00
12136.3955  3  1    0.9975    0.8000    0.2689    0.0000    1.1651   -0.0979    0.7650    0.0462    1.8129   -0.4193  0.7954E+02  0.2706E+03 -0.3969E-10  0.4953E-11  0.7149E+00  0.5231E-01  0.1400E+02  0.2641E+00  0.4801E+02  0.0000E+00
12136.4854  3  1    0.9975    0.8000    0.2689    0.0000    1.1658   -0.0979    0.7663    0.0462    1.8140   -0.4193  0.7955E+02  0.2707E+03 -0.3984E-10  0.4979E-11  0.7148E+00  0.5231E-01  0.1402E+02  0.2641E+00  0.4801E+02  0.0000E+00
12136.5752  3  1    0.9975    0.8000    0.2690    0.0000    1.1664   -0.0979    0.7675    0.0462    1.8150   -0.4193  0.7957E+02  0.2708E+03 -0.3998E-10  0.5005E-11  0.7148E+00  0.5231E-01  0.1404E+02  0.2641E+00  0.4800E+02  0.0000E+00
12136.6641  3  1    0.9975    0.8000    0.2691    0.0000    1.1671   -0.0979    0.7688    0.0462    1.8161   -0.4193  0.7958E+02  0.2709E+03 -0.4013E-10  0.5031E-11  0.7147E+00  0.5231E-01  0.1407E+02  0.2641E+00  0.4800E+02  0.0000E+00
12136.7529  3  1    0.9975    0.8000    0.2692    0.0000    1.1678   -0.0979    0.7700    0.0462    1.8171   -0.4193  0.7959E+02  0.2710E+03 -0.4027E-10  0.5057E-11  0.7146E+00  0.5231E-01  0.1409E+02  0.2641E+00  0.4800E+02  0.0000E+00
12136.8408  3  1    0.9975    0.8000    0.2693    0.0000    1.1685   -0.0979    0.7714    0.0462    1.8182   -0.4193  0.7958E+02  0.2711E+03 -0.4041E-10  0.5083E-11  0.7146E+00  0.5231E-01  0.1411E+02  0.2641E+00  0.4799E+02  0.0000E+00
12136.9199  3  1    0.9975    0.8000    0.2694    0.0000    1.1691   -0.0979    0.7726    0.0462    1.8193   -0.4193  0.7961E+02  0.2712E+03 -0.4055E-10  0.5109E-11  0.7145E+00  0.5231E-01  0.1413E+02  0.2641E+00  0.4799E+02  0.0000E+00
12137.0029  3  1    0.9975    0.8000    0.2695    0.0000    1.1699   -0.0979    0.7740    0.0462    1.8204   -0.4193  0.7961E+02  0.2713E+03 -0.4072E-10  0.5139E-11  0.7144E+00  0.5231E-01  0.1416E+02  0.2641E+00  0.4798E+02  0.0000E+00
12137.0811  3  1    0.9975    0.8000    0.2695    0.0000    1.1705   -0.0979    0.7752    0.0462    1.8214   -0.4193  0.7963E+02  0.2714E+03 -0.4092E-10  0.5173E-11  0.7143E+00  0.5231E-01  0.1418E+02  0.2641E+00  0.4798E+02  0.0000E+00
12137.1631  3  1    0.9975    0.8000    0.2696    0.0000    1.1712   -0.0979    0.7766    0.0462    1.8225   -0.4193  0.7964E+02  0.2715E+03 -0.4112E-10  0.5206E-11  0.7143E+00  0.5231E-01  0.1421E+02  0.2641E+00  0.4797E+02  0.0000E+00
12137.2412  3  1    0.9975    0.8000    0.2697    0.0000    1.1719   -0.0979    0.7778    0.0462    1.8236   -0.4193  0.7966E+02  0.2716E+03 -0.4132E-10  0.5241E-11  0.7142E+00  0.5231E-01  0.1423E+02  0.2641E+00  0.4797E+02  0.0000E+00
12137.3213  3  1    0.9975    0.8000    0.2698    0.0000    1.1726   -0.0979    0.7791    0.0462    1.8246   -0.4193  0.7967E+02  0.2717E+03 -0.4152E-10  0.5274E-11  0.7141E+00  0.5231E-01  0.1425E+02  0.2641E+00  0.4796E+02  0.0000E+00
12137.3984  3  1    0.9975    0.8000    0.2699    0.0000    1.1732   -0.0979    0.7804    0.0462    1.8257   -0.4193  0.7969E+02  0.2718E+03 -0.4172E-10  0.5308E-11  0.7140E+00  0.5231E-01  0.1428E+02  0.2641E+00  0.4796E+02  0.0000E+00
12137.4775  3  1    0.9975    0.8000    0.2700    0.0000    1.1739   -0.0979    0.7817    0.0462    1.8267   -0.4193  0.7969E+02  0.2719E+03 -0.4191E-10  0.5340E-11  0.7140E+00  0.5231E-01  0.1430E+02  0.2641E+00  0.4795E+02  0.0000E+00
12137.5537  3  1    0.9975    0.8000    0.2700    0.0000    1.1745   -0.0979    0.7829    0.0462    1.8277   -0.4193  0.7971E+02  0.2720E+03 -0.4210E-10  0.5374E-11  0.7139E+00  0.5231E-01  0.1432E+02  0.2641E+00  0.4795E+02  0.0000E+00
12137.6318  3  1    0.9975    0.8000    0.2701    0.0000    1.1752   -0.0979    0.7842    0.0462    1.8288   -0.4193  0.7972E+02  0.2721E+03 -0.4229E-10  0.5407E-11  0.7138E+00  0.5231E-01  0.1435E+02  0.2641E+00  0.4794E+02  0.0000E+00
12137.7070  3  1    0.9975    0.8000    0.2702    0.0000    1.1758   -0.0979    0.7854    0.0463    1.8298   -0.4193  0.7974E+02  0.2722E+03 -0.4249E-10  0.5440E-11  0.7138E+00  0.5231E-01  0.1437E+02  0.2641E+00  0.4794E+02  0.0000E+00
12137.7832  3  1    0.9975    0.8000    0.2703    0.0000    1.1765   -0.0979    0.7867    0.0463    1.8308   -0.4193  0.7975E+02  0.2722E+03 -0.4267E-10  0.5472E-11  0.7137E+00  0.5231E-01  0.1439E+02  0.2641E+00  0.4793E+02  0.0000E+00
12137.8584  3  1    0.9975    0.8000    0.2704    0.0000    1.1771   -0.0979    0.7879    0.0463    1.8318   -0.4193  0.7976E+02  0.2723E+03 -0.4286E-10  0.5505E-11  0.7136E+00  0.5231E-01  0.1441E+02  0.2641E+00  0.4793E+02  0.0000E+00
12137.9336  3  1    0.9975    0.8000    0.2704    0.0000    1.1778   -0.0979    0.7891    0.0463    1.8328   -0.4193  0.7977E+02  0.2724E+03 -0.4305E-10  0.5537E-11  0.7136E+00  0.5231E-01  0.1444E+02  0.2641E+00  0.4792E+02  0.0000E+00
12138.0078  3  1    0.9975    0.8000    0.2705    0.0000    1.1784   -0.0979    0.7904    0.0463    1.8338   -0.4193  0.7979E+02  0.2725E+03 -0.4324E-10  0.5570E-11  0.7135E+00  0.5231E-01  0.1446E+02  0.2641E+00  0.4792E+02  0.0000E+00
12138.0820  3  1    0.9975    0.8000    0.2706    0.0000    1.1790   -0.0979    0.7916    0.0463    1.8348   -0.4193  0.7980E+02  0.2726E+03 -0.4342E-10  0.5602E-11  0.7134E+00  0.5231E-01  0.1448E+02  0.2641E+00  0.4791E+02  0.0000E+00
12138.1553  3  1    0.9975    0.8000    0.2707    0.0000    1.1796   -0.0979    0.7928    0.0463    1.8358   -0.4193  0.7982E+02  0.2727E+03 -0.4361E-10  0.5635E-11  0.7134E+00  0.5231E-01  0.1450E+02  0.2641E+00  0.4791E+02  0.0000E+00
12138.2295  3  1    0.9975    0.8000    0.2708    0.0000    1.1803   -0.0979    0.7940    0.0463    1.8367   -0.4193  0.7983E+02  0.2728E+03 -0.4379E-10  0.5666E-11  0.7133E+00  0.5231E-01  0.1452E+02  0.2641E+00  0.4791E+02  0.0000E+00
12138.3018  3  1    0.9975    0.8000    0.2708    0.0000    1.1809   -0.0979    0.7952    0.0463    1.8377   -0.4193  0.7984E+02  0.2729E+03 -0.4397E-10  0.5699E-11  0.7132E+00  0.5231E-01  0.1455E+02  0.2641E+00  0.4790E+02  0.0000E+00
12138.3740  3  1    0.9974    0.8000    0.2709    0.0000    1.1815   -0.0979    0.7964    0.0463    1.8387   -0.4193  0.7985E+02  0.2730E+03 -0.4415E-10  0.5730E-11  0.7132E+00  0.5231E-01  0.1457E+02  0.2641E+00  0.4790E+02  0.0000E+00
12138.4453  3  1    0.9974    0.8000    0.2710    0.0000    1.1821   -0.0979    0.7976    0.0463    1.8396   -0.4193  0.7987E+02  0.2731E+03 -0.4433E-10  0.5762E-11  0.7131E+00  0.5231E-01  0.1459E+02  0.2641E+00  0.4789E+02  0.0000E+00
12138.5166  3  1    0.9974    0.8000    0.2711    0.0000    1.1827   -0.0979    0.7988    0.0463    1.8406   -0.4193  0.7988E+02  0.2732E+03 -0.4451E-10  0.5794E-11  0.7130E+00  0.5231E-01  0.1461E+02  0.2641E+00  0.4789E+02  0.0000E+00
12138.5879  3  1    0.9974    0.8000    0.2711    0.0000    1.1833   -0.0979    0.8000    0.0463    1.8415   -0.4193  0.7989E+02  0.2733E+03 -0.4469E-10  0.5825E-11  0.7130E+00  0.5231E-01  0.1463E+02  0.2641E+00  0.4788E+02  0.0000E+00
12138.6582  3  1    0.9974    0.8000    0.2712    0.0000    1.1839   -0.0979    0.8012    0.0463    1.8425   -0.4193  0.7990E+02  0.2734E+03 -0.4486E-10  0.5856E-11  0.7129E+00  0.5231E-01  0.1465E+02  0.2641E+00  0.4788E+02  0.0000E+00
12138.7285  3  1    0.9974    0.8000    0.2713    0.0000    1.1845   -0.0979    0.8023    0.0463    1.8434   -0.4193  0.7992E+02  0.2735E+03 -0.4504E-10  0.5888E-11  0.7128E+00  0.5231E-01  0.1467E+02  0.2641E+00  0.4787E+02  0.0000E+00
12138.7988  3  1    0.9974    0.8000    0.2714    0.0000    1.1851   -0.0979    0.8035    0.0463    1.8443   -0.4193  0.7993E+02  0.2736E+03 -0.4521E-10  0.5919E-11  0.7128E+00  0.5231E-01  0.1469E+02  0.2641E+00  0.4787E+02  0.0000E+00
12138.8672  3  1    0.9974    0.8000    0.2714    0.0000    1.1857   -0.0979    0.8047    0.0463    1.8453   -0.4193  0.7994E+02  0.2737E+03 -0.4538E-10  0.5950E-11  0.7127E+00  0.5231E-01  0.1471E+02  0.2641E+00  0.4786E+02  0.0000E+00
12138.9365  3  1    0.9974    0.8000    0.2715    0.0000    1.1863   -0.0979    0.8058    0.0463    1.8462   -0.4193  0.7995E+02  0.2738E+03 -0.4556E-10  0.5981E-11  0.7127E+00  0.5231E-01  0.1473E+02  0.2641E+00  0.4786E+02  0.0000E+00
12139.0049  3  1    0.9974    0.8000    0.2716    0.0000    1.1869   -0.0979    0.8070    0.0463    1.8471   -0.4193  0.7997E+02  0.2739E+03 -0.4573E-10  0.6012E-11  0.7126E+00  0.5231E-01  0.1475E+02  0.2641E+00  0.4786E+02  0.0000E+00
12139.0732  3  1    0.9974    0.8000    0.2716    0.0000    1.1874   -0.0979    0.8082    0.0463    1.8480   -0.4193  0.7998E+02  0.2740E+03 -0.4590E-10  0.6042E-11  0.7125E+00  0.5231E-01  0.1478E+02  0.2641E+00  0.4785E+02  0.0000E+00
12139.1406  3  1    0.9974    0.8000    0.2717    0.0000    1.1880   -0.0979    0.8093    0.0463    1.8489   -0.4193  0.7999E+02  0.2741E+03 -0.4607E-10  0.6073E-11  0.7125E+00  0.5231E-01  0.1480E+02  0.2641E+00  0.4785E+02  0.0000E+00
12139.2080  3  1    0.9974    0.8000    0.2718    0.0000    1.1886   -0.0979    0.8104    0.0463    1.8498   -0.4193  0.8000E+02  0.2742E+03 -0.4623E-10  0.6104E-11  0.7124E+00  0.5231E-01  0.1482E+02  0.2641E+00  0.4784E+02  0.0000E+00
12139.2754  3  1    0.9974    0.8000    0.2719    0.0000    1.1892   -0.0979    0.8116    0.0463    1.8507   -0.4193  0.8002E+02  0.2743E+03 -0.4640E-10  0.6134E-11  0.7123E+00  0.5231E-01  0.1484E+02  0.2641E+00  0.4784E+02  0.0000E+00
12139.3418  3  1    0.9974    0.8000    0.2719    0.0000    1.1897   -0.0979    0.8127    0.0464    1.8516   -0.4193  0.8003E+02  0.2744E+03 -0.4657E-10  0.6164E-11  0.7123E+00  0.5231E-01  0.1486E+02  0.2641E+00  0.4783E+02  0.0000E+00
12139.4082  3  1    0.9974    0.8000    0.2720    0.0000    1.1903   -0.0979    0.8138    0.0464    1.8525   -0.4193  0.8004E+02  0.2745E+03 -0.4673E-10  0.6195E-11  0.7122E+00  0.5231E-01  0.1488E+02  0.2641E+00  0.4783E+02  0.0000E+00
12139.4746  3  1    0.9974    0.8000    0.2721    0.0000    1.1908   -0.0979    0.8150    0.0464    1.8533   -0.4193  0.8005E+02  0.2746E+03 -0.4690E-10  0.6225E-11  0.7122E+00  0.5231E-01  0.1489E+02  0.2641E+00  0.4782E+02  0.0000E+00
12139.5400  3  1    0.9974    0.8000    0.2721    0.0000    1.1914   -0.0979    0.8161    0.0464    1.8542   -0.4193  0.8006E+02  0.2747E+03 -0.4706E-10  0.6255E-11  0.7121E+00  0.5231E-01  0.1491E+02  0.2641E+00  0.4782E+02  0.0000E+00
12139.6045  3  1    0.9974    0.8000    0.2722    0.0000    1.1919   -0.0979    0.8172    0.0464    1.8551   -0.4193  0.8008E+02  0.2748E+03 -0.4722E-10  0.6285E-11  0.7120E+00  0.5231E-01  0.1493E+02  0.2641E+00  0.4782E+02  0.0000E+00
12139.6699  3  1    0.9974    0.8000    0.2723    0.0000    1.1925   -0.0979    0.8183    0.0464    1.8560   -0.4193  0.8009E+02  0.2749E+03 -0.4739E-10  0.6314E-11  0.7120E+00  0.5231E-01  0.1495E+02  0.2641E+00  0.4781E+02  0.0000E+00
12139.7344  3  1    0.9974    0.8000    0.2723    0.0000    1.1930   -0.0979    0.8194    0.0464    1.8568   -0.4193  0.8010E+02  0.2750E+03 -0.4755E-10  0.6344E-11  0.7119E+00  0.5231E-01  0.1497E+02  0.2641E+00  0.4781E+02  0.0000E+00
12139.7979  3  1    0.9974    0.8000    0.2724    0.0000    1.1936   -0.0979    0.8205    0.0464    1.8577   -0.4193  0.8011E+02  0.2752E+03 -0.4771E-10  0.6374E-11  0.7119E+00  0.5231E-01  0.1499E+02  0.2641E+00  0.4780E+02  0.0000E+00
12139.8623  3  1    0.9974    0.8000    0.2725    0.0000    1.1941   -0.0979    0.8216    0.0464    1.8585   -0.4193  0.8012E+02  0.2753E+03 -0.4787E-10  0.6403E-11  0.7118E+00  0.5231E-01  0.1501E+02  0.2641E+00  0.4780E+02  0.0000E+00
12139.9258  3  1    0.9974    0.8000    0.2725    0.0000    1.1947   -0.0979    0.8227    0.0464    1.8594   -0.4193  0.8014E+02  0.2754E+03 -0.4803E-10  0.6433E-11  0.7118E+00  0.5231E-01  0.1503E+02  0.2641E+00  0.4779E+02  0.0000E+00
12139.9883  3  1    0.9974    0.8000    0.2726    0.0000    1.1952   -0.0979    0.8238    0.0464    1.8602   -0.4192  0.8015E+02  0.2755E+03 -0.4818E-10  0.6462E-11  0.7117E+00  0.5231E-01  0.1505E+02  0.2641E+00  0.4779E+02  0.0000E+00
12140.0518  3  1    0.9974    0.8000    0.2727    0.0000    1.1957   -0.0979    0.8249    0.0464    1.8610   -0.4192  0.8016E+02  0.2756E+03 -0.4834E-10  0.6491E-11  0.7116E+00  0.5231E-01  0.1507E+02  0.2641E+00  0.4779E+02  0.0000E+00
12140.1143  3  1    0.9974    0.8000    0.2727    0.0000    1.1963   -0.0979    0.8260    0.0464    1.8619   -0.4192  0.8017E+02  0.2757E+03 -0.4850E-10  0.6520E-11  0.7116E+00  0.5231E-01  0.1509E+02  0.2641E+00  0.4778E+02  0.0000E+00
12140.1758  3  1    0.9974    0.8000    0.2728    0.0000    1.1968   -0.0979    0.8271    0.0464    1.8627   -0.4192  0.8018E+02  0.2758E+03 -0.4865E-10  0.6549E-11  0.7115E+00  0.5231E-01  0.1510E+02  0.2641E+00  0.4778E+02  0.0000E+00
12140.2373  3  1    0.9974    0.8000    0.2729    0.0000    1.1973   -0.0979    0.8281    0.0464    1.8635   -0.4192  0.8019E+02  0.2759E+03 -0.4880E-10  0.6578E-11  0.7115E+00  0.5231E-01  0.1512E+02  0.2641E+00  0.4777E+02  0.0000E+00
12140.2988  3  1    0.9974    0.8000    0.2729    0.0000    1.1978   -0.0979    0.8292    0.0464    1.8643   -0.4192  0.8021E+02  0.2760E+03 -0.4896E-10  0.6607E-11  0.7114E+00  0.5231E-01  0.1514E+02  0.2641E+00  0.4777E+02  0.0000E+00
12140.3604  3  1    0.9974    0.8000    0.2730    0.0000    1.1984   -0.0979    0.8303    0.0464    1.8652   -0.4192  0.8022E+02  0.2761E+03 -0.4911E-10  0.6636E-11  0.7114E+00  0.5231E-01  0.1516E+02  0.2641E+00  0.4776E+02  0.0000E+00
12140.4209  3  1    0.9974    0.8000    0.2731    0.0000    1.1989   -0.0979    0.8313    0.0464    1.8660   -0.4192  0.8023E+02  0.2762E+03 -0.4926E-10  0.6665E-11  0.7113E+00  0.5231E-01  0.1518E+02  0.2641E+00  0.4776E+02  0.0000E+00
12140.4814  3  1    0.9974    0.8000    0.2731    0.0000    1.1994   -0.0979    0.8324    0.0464    1.8668   -0.4192  0.8024E+02  0.2763E+03 -0.4940E-10  0.6691E-11  0.7112E+00  0.5231E-01  0.1519E+02  0.2641E+00  0.4776E+02  0.0000E+00
12140.5420  3  1    0.9973    0.8000    0.2732    0.0000    1.1999   -0.0979    0.8334    0.0464    1.8676   -0.4192  0.8025E+02  0.2764E+03 -0.4952E-10  0.6716E-11  0.7112E+00  0.5231E-01  0.1521E+02  0.2641E+00  0.4775E+02  0.0000E+00
12140.6016  3  1    0.9973    0.8000    0.2733    0.0000    1.2004   -0.0979    0.8345    0.0464    1.8684   -0.4192  0.8026E+02  0.2765E+03 -0.4965E-10  0.6741E-11  0.7111E+00  0.5231E-01  0.1523E+02  0.2641E+00  0.4775E+02  0.0000E+00
12140.6621  3  1    0.9973    0.8000    0.2733    0.0000    1.2009   -0.0979    0.8355    0.0464    1.8692   -0.4192  0.8027E+02  0.2766E+03 -0.4977E-10  0.6766E-11  0.7111E+00  0.5231E-01  0.1525E+02  0.2641E+00  0.4774E+02  0.0000E+00
12140.7207  3  1    0.9973    0.8000    0.2734    0.0000    1.2014   -0.0979    0.8366    0.0464    1.8700   -0.4192  0.8029E+02  0.2767E+03 -0.4990E-10  0.6791E-11  0.7110E+00  0.5231E-01  0.1527E+02  0.2641E+00  0.4774E+02  0.0000E+00
12140.7803  3  1    0.9973    0.8000    0.2735    0.0000    1.2019   -0.0979    0.8376    0.0464    1.8708   -0.4192  0.8030E+02  0.2768E+03 -0.5002E-10  0.6816E-11  0.7110E+00  0.5231E-01  0.1528E+02  0.2641E+00  0.4773E+02  0.0000E+00
12140.8389  3  1    0.9973    0.8000    0.2735    0.0000    1.2024   -0.0979    0.8387    0.0465    1.8715   -0.4192  0.8031E+02  0.2769E+03 -0.5016E-10  0.6844E-11  0.7109E+00  0.5231E-01  0.1530E+02  0.2641E+00  0.4773E+02  0.0000E+00
12140.8975  3  1    0.9973    0.8000    0.2736    0.0000    1.2029   -0.0979    0.8397    0.0465    1.8723   -0.4192  0.8032E+02  0.2770E+03 -0.5035E-10  0.6877E-11  0.7109E+00  0.5231E-01  0.1532E+02  0.2641E+00  0.4773E+02  0.0000E+00
12140.9551  3  1    0.9973    0.8000    0.2736    0.0000    1.2034   -0.0979    0.8407    0.0465    1.8731   -0.4192  0.8033E+02  0.2772E+03 -0.5053E-10  0.6911E-11  0.7108E+00  0.5231E-01  0.1534E+02  0.2641E+00  0.4772E+02  0.0000E+00
12141.0137  3  1    0.9973    0.8000    0.2737    0.0000    1.2039   -0.0979    0.8417    0.0465    1.8739   -0.4192  0.8034E+02  0.2773E+03 -0.5072E-10  0.6944E-11  0.7108E+00  0.5231E-01  0.1535E+02  0.2641E+00  0.4772E+02  0.0000E+00
12141.0713  3  1    0.9973    0.8000    0.2738    0.0000    1.2044   -0.0979    0.8428    0.0465    1.8746   -0.4192  0.8035E+02  0.2774E+03 -0.5091E-10  0.6978E-11  0.7107E+00  0.5231E-01  0.1537E+02  0.2641E+00  0.4771E+02  0.0000E+00
12141.1279  3  1    0.9973    0.8000    0.2738    0.0000    1.2049   -0.0979    0.8438    0.0465    1.8754   -0.4192  0.8037E+02  0.2775E+03 -0.5109E-10  0.7011E-11  0.7107E+00  0.5231E-01  0.1539E+02  0.2641E+00  0.4771E+02  0.0000E+00
12141.1855  3  1    0.9973    0.8000    0.2739    0.0000    1.2054   -0.0979    0.8448    0.0465    1.8762   -0.4192  0.8038E+02  0.2776E+03 -0.5127E-10  0.7044E-11  0.7106E+00  0.5231E-01  0.1540E+02  0.2641E+00  0.4771E+02  0.0000E+00
12141.2422  3  1    0.9973    0.8000    0.2739    0.0000    1.2058   -0.0979    0.8458    0.0465    1.8769   -0.4192  0.8039E+02  0.2777E+03 -0.5145E-10  0.7077E-11  0.7106E+00  0.5231E-01  0.1542E+02  0.2641E+00  0.4770E+02  0.0000E+00
12141.2988  3  1    0.9973    0.8000    0.2740    0.0000    1.2063   -0.0979    0.8468    0.0465    1.8777   -0.4192  0.8040E+02  0.2778E+03 -0.5164E-10  0.7110E-11  0.7105E+00  0.5231E-01  0.1544E+02  0.2641E+00  0.4770E+02  0.0000E+00
12141.3545  3  1    0.9973    0.8000    0.2741    0.0000    1.2068   -0.0979    0.8478    0.0465    1.8784   -0.4192  0.8041E+02  0.2779E+03 -0.5182E-10  0.7143E-11  0.7105E+00  0.5231E-01  0.1545E+02  0.2641E+00  0.4769E+02  0.0000E+00
12141.4111  3  1    0.9973    0.8000    0.2741    0.0000    1.2073   -0.0979    0.8488    0.0465    1.8792   -0.4192  0.8042E+02  0.2780E+03 -0.5200E-10  0.7176E-11  0.7104E+00  0.5231E-01  0.1547E+02  0.2641E+00  0.4769E+02  0.0000E+00
12141.4668  3  1    0.9973    0.8000    0.2742    0.0000    1.2078   -0.0979    0.8498    0.0465    1.8799   -0.4192  0.8043E+02  0.2781E+03 -0.5217E-10  0.7209E-11  0.7104E+00  0.5231E-01  0.1549E+02  0.2641E+00  0.4769E+02  0.0000E+00
12141.5225  3  1    0.9973    0.8000    0.2742    0.0000    1.2082   -0.0979    0.8508    0.0465    1.8807   -0.4192  0.8044E+02  0.2782E+03 -0.5235E-10  0.7242E-11  0.7103E+00  0.5231E-01  0.1550E+02  0.2641E+00  0.4768E+02  0.0000E+00
12141.5771  3  1    0.9973    0.8000    0.2743    0.0000    1.2087   -0.0977    0.8518    0.0465    1.8814   -0.4185  0.8045E+02  0.2781E+03 -0.5253E-10  0.7274E-11  0.7103E+00  0.5226E-01  0.1552E+02  0.2641E+00  0.4768E+02  0.0000E+00
12141.6318  3  1    0.9973    0.8000    0.2744    0.0000    1.2092   -0.0977    0.8528    0.0465    1.8821   -0.4185  0.8046E+02  0.2782E+03 -0.5271E-10  0.7307E-11  0.7102E+00  0.5226E-01  0.1554E+02  0.2641E+00  0.4767E+02  0.0000E+00
12141.6865  3  1    0.9973    0.8000    0.2744    0.0000    1.2096   -0.0977    0.8538    0.0465    1.8829   -0.4185  0.8048E+02  0.2784E+03 -0.5288E-10  0.7339E-11  0.7102E+00  0.5226E-01  0.1555E+02  0.2641E+00  0.4767E+02  0.0000E+00
12141.7412  3  1    0.9973    0.8000    0.2745    0.0000    1.2101   -0.0977    0.8548    0.0465    1.8836   -0.4185  0.8049E+02  0.2785E+03 -0.5306E-10  0.7371E-11  0.7101E+00  0.5226E-01  0.1557E+02  0.2641E+00  0.4767E+02  0.0000E+00
12141.7959  3  1    0.9973    0.8000    0.2745    0.0000    1.2106   -0.0977    0.8558    0.0465    1.8844   -0.4185  0.8048E+02  0.2786E+03 -0.5323E-10  0.7403E-11  0.7100E+00  0.5226E-01  0.1559E+02  0.2641E+00  0.4766E+02  0.0000E+00
12141.8447  3  1    0.9973    0.8000    0.2746    0.0000    1.2111   -0.0977    0.8569    0.0465    1.8851   -0.4185  0.8050E+02  0.2787E+03 -0.5340E-10  0.7436E-11  0.7100E+00  0.5226E-01  0.1561E+02  0.2641E+00  0.4766E+02  0.0000E+00
12141.8965  3  1    0.9973    0.8000    0.2747    0.0000    1.2116   -0.0977    0.8579    0.0465    1.8859   -0.4185  0.8050E+02  0.2788E+03 -0.5356E-10  0.7467E-11  0.7099E+00  0.5226E-01  0.1563E+02  0.2641E+00  0.4765E+02  0.0000E+00
12141.9453  3  1    0.9973    0.8000    0.2747    0.0000    1.2120   -0.0977    0.8589    0.0465    1.8866   -0.4185  0.8052E+02  0.2789E+03 -0.5372E-10  0.7498E-11  0.7099E+00  0.5226E-01  0.1564E+02  0.2641E+00  0.4765E+02  0.0000E+00
12141.9961  3  1    0.9973    0.8000    0.2748    0.0000    1.2125   -0.0977    0.8600    0.0466    1.8874   -0.4185  0.8053E+02  0.2790E+03 -0.5388E-10  0.7529E-11  0.7098E+00  0.5226E-01  0.1566E+02  0.2641E+00  0.4764E+02  0.0000E+00
12142.0449  3  1    0.9973    0.8000    0.2748    0.0000    1.2130   -0.0977    0.8610    0.0466    1.8881   -0.4185  0.8055E+02  0.2791E+03 -0.5404E-10  0.7560E-11  0.7098E+00  0.5226E-01  0.1568E+02  0.2641E+00  0.4764E+02  0.0000E+00
12142.0947  3  1    0.9973    0.8000    0.2749    0.0000    1.2135   -0.0977    0.8620    0.0466    1.8889   -0.4185  0.8055E+02  0.2792E+03 -0.5420E-10  0.7590E-11  0.7097E+00  0.5226E-01  0.1570E+02  0.2641E+00  0.4764E+02  0.0000E+00
12142.1436  3  1    0.9973    0.8000    0.2750    0.0000    1.2140   -0.0977    0.8630    0.0466    1.8896   -0.4185  0.8057E+02  0.2793E+03 -0.5436E-10  0.7621E-11  0.7097E+00  0.5226E-01  0.1572E+02  0.2641E+00  0.4763E+02  0.0000E+00
12142.1934  3  1    0.9973    0.8000    0.2750    0.0000    1.2144   -0.0977    0.8641    0.0466    1.8904   -0.4185  0.8058E+02  0.2794E+03 -0.5451E-10  0.7651E-11  0.7096E+00  0.5226E-01  0.1574E+02  0.2641E+00  0.4763E+02  0.0000E+00
12142.2412  3  1    0.9973    0.8000    0.2751    0.0000    1.2149   -0.0977    0.8651    0.0466    1.8911   -0.4185  0.8059E+02  0.2795E+03 -0.5467E-10  0.7682E-11  0.7096E+00  0.5226E-01  0.1576E+02  0.2641E+00  0.4762E+02  0.0000E+00
12142.2900  3  1    0.9973    0.8000    0.2751    0.0000    1.2154   -0.0977    0.8661    0.0466    1.8918   -0.4185  0.8060E+02  0.2796E+03 -0.5483E-10  0.7712E-11  0.7095E+00  0.5226E-01  0.1577E+02  0.2641E+00  0.4762E+02  0.0000E+00
12142.3379  3  1    0.9973    0.8000    0.2752    0.0000    1.2159   -0.0977    0.8671    0.0466    1.8926   -0.4185  0.8061E+02  0.2797E+03 -0.5498E-10  0.7743E-11  0.7095E+00  0.5226E-01  0.1579E+02  0.2641E+00  0.4762E+02  0.0000E+00
12142.3867  3  1    0.9973    0.8000    0.2753    0.0000    1.2163   -0.0977    0.8681    0.0466    1.8933   -0.4185  0.8062E+02  0.2798E+03 -0.5514E-10  0.7773E-11  0.7094E+00  0.5226E-01  0.1581E+02  0.2641E+00  0.4761E+02  0.0000E+00
12142.4336  3  1    0.9972    0.8000    0.2753    0.0000    1.2168   -0.0977    0.8691    0.0466    1.8940   -0.4185  0.8063E+02  0.2799E+03 -0.5529E-10  0.7803E-11  0.7094E+00  0.5226E-01  0.1583E+02  0.2641E+00  0.4761E+02  0.0000E+00
12142.4814  3  1    0.9972    0.8000    0.2754    0.0000    1.2172   -0.0977    0.8701    0.0466    1.8947   -0.4185  0.8064E+02  0.2800E+03 -0.5544E-10  0.7833E-11  0.7093E+00  0.5226E-01  0.1585E+02  0.2641E+00  0.4760E+02  0.0000E+00
12142.5293  3  1    0.9972    0.8000    0.2754    0.0000    1.2177   -0.0977    0.8711    0.0466    1.8955   -0.4185  0.8066E+02  0.2801E+03 -0.5559E-10  0.7863E-11  0.7092E+00  0.5226E-01  0.1586E+02  0.2641E+00  0.4760E+02  0.0000E+00
12142.5762  3  1    0.9972    0.8000    0.2755    0.0000    1.2182   -0.0977    0.8721    0.0466    1.8962   -0.4185  0.8067E+02  0.2802E+03 -0.5574E-10  0.7893E-11  0.7092E+00  0.5226E-01  0.1588E+02  0.2641E+00  0.4759E+02  0.0000E+00
12142.6230  3  1    0.9972    0.8000    0.2756    0.0000    1.2186   -0.0977    0.8731    0.0466    1.8969   -0.4185  0.8068E+02  0.2804E+03 -0.5590E-10  0.7922E-11  0.7091E+00  0.5226E-01  0.1590E+02  0.2641E+00  0.4759E+02  0.0000E+00
12142.6699  3  1    0.9972    0.8000    0.2756    0.0000    1.2191   -0.0977    0.8741    0.0466    1.8976   -0.4185  0.8069E+02  0.2805E+03 -0.5604E-10  0.7952E-11  0.7091E+00  0.5226E-01  0.1592E+02  0.2641E+00  0.4759E+02  0.0000E+00
12142.7158  3  1    0.9972    0.8000    0.2757    0.0000    1.2195   -0.0977    0.8751    0.0466    1.8983   -0.4185  0.8070E+02  0.2806E+03 -0.5619E-10  0.7982E-11  0.7090E+00  0.5226E-01  0.1593E+02  0.2641E+00  0.4758E+02  0.0000E+00
12142.7627  3  1    0.9972    0.8000    0.2757    0.0000    1.2200   -0.0977    0.8760    0.0466    1.8990   -0.4185  0.8071E+02  0.2807E+03 -0.5634E-10  0.8011E-11  0.7090E+00  0.5226E-01  0.1595E+02  0.2641E+00  0.4758E+02  0.0000E+00
12142.8086  3  1    0.9972    0.8000    0.2758    0.0000    1.2204   -0.0977    0.8770    0.0466    1.8997   -0.4185  0.8072E+02  0.2808E+03 -0.5649E-10  0.8041E-11  0.7089E+00  0.5226E-01  0.1597E+02  0.2641E+00  0.4757E+02  0.0000E+00
12142.8545  3  1    0.9972    0.8000    0.2758    0.0000    1.2209   -0.0977    0.8780    0.0466    1.9004   -0.4185  0.8073E+02  0.2809E+03 -0.5664E-10  0.8070E-11  0.7089E+00  0.5226E-01  0.1598E+02  0.2641E+00  0.4757E+02  0.0000E+00
12142.9004  3  1    0.9972    0.8000    0.2759    0.0000    1.2213   -0.0977    0.8790    0.0466    1.9011   -0.4185  0.8074E+02  0.2810E+03 -0.5678E-10  0.8099E-11  0.7088E+00  0.5226E-01  0.1600E+02  0.2641E+00  0.4757E+02  0.0000E+00
12142.9453  3  1    0.9972    0.8000    0.2760    0.0000    1.2217   -0.0977    0.8799    0.0466    1.9018   -0.4185  0.8075E+02  0.2811E+03 -0.5693E-10  0.8128E-11  0.7088E+00  0.5226E-01  0.1602E+02  0.2641E+00  0.4756E+02  0.0000E+00
12142.9912  3  1    0.9972    0.8000    0.2760    0.0000    1.2222   -0.0977    0.8809    0.0466    1.9024   -0.4185  0.8077E+02  0.2812E+03 -0.5708E-10  0.8158E-11  0.7087E+00  0.5226E-01  0.1604E+02  0.2641E+00  0.4756E+02  0.0000E+00
12143.0361  3  1    0.9972    0.8000    0.2761    0.0000    1.2226   -0.0977    0.8819    0.0466    1.9031   -0.4185  0.8078E+02  0.2813E+03 -0.5722E-10  0.8187E-11  0.7087E+00  0.5226E-01  0.1605E+02  0.2641E+00  0.4755E+02  0.0000E+00
12143.0811  3  1    0.9972    0.8000    0.2761    0.0000    1.2230   -0.0977    0.8828    0.0466    1.9038   -0.4185  0.8079E+02  0.2814E+03 -0.5736E-10  0.8216E-11  0.7086E+00  0.5226E-01  0.1607E+02  0.2641E+00  0.4755E+02  0.0000E+00
12143.1260  3  1    0.9972    0.8000    0.2762    0.0000    1.2235   -0.0977    0.8838    0.0466    1.9045   -0.4185  0.8080E+02  0.2815E+03 -0.5751E-10  0.8244E-11  0.7086E+00  0.5226E-01  0.1609E+02  0.2641E+00  0.4755E+02  0.0000E+00
12143.1699  3  1    0.9972    0.8000    0.2762    0.0000    1.2239   -0.0977    0.8847    0.0467    1.9051   -0.4185  0.8081E+02  0.2816E+03 -0.5765E-10  0.8273E-11  0.7086E+00  0.5226E-01  0.1610E+02  0.2641E+00  0.4754E+02  0.0000E+00
12143.2148  3  1    0.9972    0.8000    0.2763    0.0000    1.2243   -0.0977    0.8857    0.0467    1.9058   -0.4185  0.8082E+02  0.2818E+03 -0.5779E-10  0.8302E-11  0.7085E+00  0.5226E-01  0.1612E+02  0.2641E+00  0.4754E+02  0.0000E+00
12143.2588  3  1    0.9972    0.8000    0.2763    0.0000    1.2248   -0.0977    0.8866    0.0467    1.9065   -0.4185  0.8083E+02  0.2819E+03 -0.5793E-10  0.8331E-11  0.7085E+00  0.5226E-01  0.1614E+02  0.2641E+00  0.4753E+02  0.0000E+00
12143.3027  3  1    0.9972    0.8000    0.2764    0.0000    1.2252   -0.0977    0.8876    0.0467    1.9071   -0.4185  0.8084E+02  0.2820E+03 -0.5807E-10  0.8359E-11  0.7084E+00  0.5226E-01  0.1615E+02  0.2641E+00  0.4753E+02  0.0000E+00
12143.3467  3  1    0.9972    0.8000    0.2764    0.0000    1.2256   -0.0977    0.8885    0.0467    1.9078   -0.4185  0.8085E+02  0.2821E+03 -0.5821E-10  0.8388E-11  0.7084E+00  0.5226E-01  0.1617E+02  0.2641E+00  0.4753E+02  0.0000E+00
12143.3896  3  1    0.9972    0.8000    0.2765    0.0000    1.2260   -0.0977    0.8894    0.0467    1.9085   -0.4185  0.8086E+02  0.2822E+03 -0.5835E-10  0.8416E-11  0.7083E+00  0.5226E-01  0.1619E+02  0.2641E+00  0.4752E+02  0.0000E+00
12143.4336  3  1    0.9972    0.8000    0.2765    0.0000    1.2265   -0.0977    0.8904    0.0467    1.9091   -0.4185  0.8087E+02  0.2823E+03 -0.5849E-10  0.8445E-11  0.7083E+00  0.5226E-01  0.1620E+02  0.2641E+00  0.4752E+02  0.0000E+00
12143.4766  3  1    0.9972    0.8000    0.2766    0.0000    1.2269   -0.0977    0.8913    0.0467    1.9098   -0.4185  0.8088E+02  0.2824E+03 -0.5863E-10  0.8473E-11  0.7082E+00  0.5226E-01  0.1622E+02  0.2641E+00  0.4751E+02  0.0000E+00
12143.5195  3  1    0.9972    0.8000    0.2767    0.0000    1.2273   -0.0977    0.8922    0.0467    1.9104   -0.4185  0.8089E+02  0.2825E+03 -0.5877E-10  0.8501E-11  0.7082E+00  0.5226E-01  0.1623E+02  0.2641E+00  0.4751E+02  0.0000E+00
12143.5625  3  1    0.9972    0.8000    0.2767    0.0000    1.2277   -0.0977    0.8932    0.0467    1.9111   -0.4185  0.8091E+02  0.2826E+03 -0.5891E-10  0.8529E-11  0.7081E+00  0.5226E-01  0.1625E+02  0.2641E+00  0.4751E+02  0.0000E+00
12143.6045  3  1    0.9972    0.8000    0.2768    0.0000    1.2281   -0.0977    0.8941    0.0467    1.9117   -0.4185  0.8092E+02  0.2827E+03 -0.5904E-10  0.8557E-11  0.7081E+00  0.5226E-01  0.1627E+02  0.2641E+00  0.4750E+02  0.0000E+00
12143.6475  3  1    0.9972    0.8000    0.2768    0.0000    1.2285   -0.0977    0.8950    0.0467    1.9124   -0.4185  0.8093E+02  0.2828E+03 -0.5918E-10  0.8585E-11  0.7080E+00  0.5226E-01  0.1628E+02  0.2641E+00  0.4750E+02  0.0000E+00
12143.6895  3  1    0.9972    0.8000    0.2769    0.0000    1.2289   -0.0977    0.8959    0.0467    1.9130   -0.4185  0.8094E+02  0.2830E+03 -0.5932E-10  0.8613E-11  0.7080E+00  0.5226E-01  0.1630E+02  0.2641E+00  0.4750E+02  0.0000E+00
12143.7314  3  1    0.9972    0.8000    0.2769    0.0000    1.2294   -0.0977    0.8968    0.0467    1.9136   -0.4185  0.8095E+02  0.2831E+03 -0.5945E-10  0.8641E-11  0.7079E+00  0.5226E-01  0.1631E+02  0.2641E+00  0.4749E+02  0.0000E+00
12143.7734  3  1    0.9972    0.8000    0.2770    0.0000    1.2298   -0.0977    0.8978    0.0467    1.9143   -0.4185  0.8096E+02  0.2832E+03 -0.5959E-10  0.8669E-11  0.7079E+00  0.5226E-01  0.1633E+02  0.2641E+00  0.4749E+02  0.0000E+00
12143.8154  3  1    0.9972    0.8000    0.2770    0.0000    1.2302   -0.0977    0.8987    0.0467    1.9149   -0.4185  0.8097E+02  0.2833E+03 -0.5972E-10  0.8697E-11  0.7078E+00  0.5226E-01  0.1634E+02  0.2641E+00  0.4748E+02  0.0000E+00
12143.8574  3  1    0.9972    0.8000    0.2771    0.0000    1.2306   -0.0977    0.8996    0.0467    1.9155   -0.4185  0.8098E+02  0.2834E+03 -0.5985E-10  0.8724E-11  0.7078E+00  0.5226E-01  0.1636E+02  0.2641E+00  0.4748E+02  0.0000E+00
12143.8984  3  1    0.9972    0.8000    0.2771    0.0000    1.2310   -0.0977    0.9005    0.0467    1.9162   -0.4184  0.8099E+02  0.2835E+03 -0.5999E-10  0.8752E-11  0.7078E+00  0.5226E-01  0.1638E+02  0.2641E+00  0.4748E+02  0.0000E+00
12143.9404  3  1    0.9972    0.8000    0.2772    0.0000    1.2314   -0.0977    0.9014    0.0467    1.9168   -0.4184  0.8100E+02  0.2836E+03 -0.6012E-10  0.8779E-11  0.7077E+00  0.5226E-01  0.1639E+02  0.2641E+00  0.4747E+02  0.0000E+00
12143.9814  3  1    0.9972    0.8000    0.2772    0.0000    1.2318   -0.0977    0.9023    0.0467    1.9174   -0.4184  0.8101E+02  0.2837E+03 -0.6025E-10  0.8807E-11  0.7077E+00  0.5226E-01  0.1641E+02  0.2641E+00  0.4747E+02  0.0000E+00
12144.0225  3  1    0.9972    0.8000    0.2773    0.0000    1.2322   -0.0977    0.9032    0.0467    1.9180   -0.4184  0.8102E+02  0.2838E+03 -0.6038E-10  0.8834E-11  0.7076E+00  0.5226E-01  0.1642E+02  0.2641E+00  0.4746E+02  0.0000E+00
12144.0635  3  1    0.9972    0.8000    0.2773    0.0000    1.2326   -0.0977    0.9041    0.0467    1.9186   -0.4184  0.8103E+02  0.2839E+03 -0.6051E-10  0.8861E-11  0.7076E+00  0.5226E-01  0.1644E+02  0.2641E+00  0.4746E+02  0.0000E+00
12144.1035  3  1    0.9972    0.8000    0.2774    0.0000    1.2330   -0.0977    0.9050    0.0467    1.9193   -0.4184  0.8104E+02  0.2841E+03 -0.6064E-10  0.8889E-11  0.7075E+00  0.5226E-01  0.1645E+02  0.2641E+00  0.4746E+02  0.0000E+00
12144.1445  3  1    0.9971    0.8000    0.2774    0.0000    1.2333   -0.0977    0.9059    0.0467    1.9199   -0.4184  0.8105E+02  0.2842E+03 -0.6077E-10  0.8916E-11  0.7075E+00  0.5226E-01  0.1647E+02  0.2641E+00  0.4745E+02  0.0000E+00
12144.1846  3  1    0.9971    0.8000    0.2775    0.0000    1.2337   -0.0977    0.9068    0.0467    1.9205   -0.4184  0.8106E+02  0.2843E+03 -0.6090E-10  0.8943E-11  0.7074E+00  0.5226E-01  0.1648E+02  0.2641E+00  0.4745E+02  0.0000E+00
12144.2246  3  1    0.9971    0.8000    0.2775    0.0000    1.2341   -0.0977    0.9076    0.0467    1.9211   -0.4184  0.8107E+02  0.2844E+03 -0.6104E-10  0.8972E-11  0.7074E+00  0.5226E-01  0.1650E+02  0.2641E+00  0.4745E+02  0.0000E+00
12144.2646  3  1    0.9971    0.8000    0.2776    0.0000    1.2345   -0.0977    0.9085    0.0468    1.9217   -0.4184  0.8108E+02  0.2845E+03 -0.6123E-10  0.9007E-11  0.7074E+00  0.5226E-01  0.1651E+02  0.2641E+00  0.4744E+02  0.0000E+00
12144.3047  3  1    0.9971    0.8000    0.2776    0.0000    1.2349   -0.0977    0.9094    0.0468    1.9223   -0.4184  0.8109E+02  0.2846E+03 -0.6141E-10  0.9042E-11  0.7073E+00  0.5226E-01  0.1653E+02  0.2641E+00  0.4744E+02  0.0000E+00
12144.3438  3  1    0.9971    0.8000    0.2777    0.0000    1.2353   -0.0977    0.9103    0.0468    1.9229   -0.4184  0.8110E+02  0.2847E+03 -0.6159E-10  0.9078E-11  0.7073E+00  0.5226E-01  0.1654E+02  0.2641E+00  0.4743E+02  0.0000E+00
12144.3838  3  1    0.9971    0.8000    0.2777    0.0000    1.2357   -0.0977    0.9112    0.0468    1.9235   -0.4184  0.8111E+02  0.2848E+03 -0.6178E-10  0.9113E-11  0.7072E+00  0.5226E-01  0.1656E+02  0.2641E+00  0.4743E+02  0.0000E+00
12144.4229  3  1    0.9971    0.8000    0.2778    0.0000    1.2361   -0.0977    0.9120    0.0468    1.9241   -0.4184  0.8112E+02  0.2850E+03 -0.6196E-10  0.9148E-11  0.7072E+00  0.5226E-01  0.1657E+02  0.2641E+00  0.4743E+02  0.0000E+00
12144.4629  3  1    0.9971    0.8000    0.2778    0.0000    1.2364   -0.0977    0.9129    0.0468    1.9247   -0.4184  0.8113E+02  0.2851E+03 -0.6214E-10  0.9183E-11  0.7071E+00  0.5226E-01  0.1659E+02  0.2641E+00  0.4742E+02  0.0000E+00
12144.5020  3  1    0.9971    0.8000    0.2779    0.0000    1.2368   -0.0977    0.9138    0.0468    1.9253   -0.4184  0.8114E+02  0.2852E+03 -0.6232E-10  0.9217E-11  0.7071E+00  0.5226E-01  0.1660E+02  0.2641E+00  0.4742E+02  0.0000E+00
12144.5400  3  1    0.9971    0.8000    0.2779    0.0000    1.2372   -0.0977    0.9146    0.0468    1.9259   -0.4184  0.8115E+02  0.2853E+03 -0.6250E-10  0.9252E-11  0.7071E+00  0.5226E-01  0.1662E+02  0.2641E+00  0.4742E+02  0.0000E+00
12144.5791  3  1    0.9971    0.8000    0.2780    0.0000    1.2376   -0.0977    0.9155    0.0468    1.9264   -0.4184  0.8116E+02  0.2854E+03 -0.6268E-10  0.9287E-11  0.7070E+00  0.5226E-01  0.1663E+02  0.2641E+00  0.4741E+02  0.0000E+00
12144.6182  3  1    0.9971    0.8000    0.2780    0.0000    1.2379   -0.0977    0.9164    0.0468    1.9270   -0.4184  0.8117E+02  0.2855E+03 -0.6286E-10  0.9321E-11  0.7070E+00  0.5226E-01  0.1665E+02  0.2641E+00  0.4741E+02  0.0000E+00
12144.6562  3  1    0.9971    0.8000    0.2781    0.0000    1.2383   -0.0977    0.9172    0.0468    1.9276   -0.4184  0.8118E+02  0.2856E+03 -0.6304E-10  0.9356E-11  0.7069E+00  0.5226E-01  0.1666E+02  0.2641E+00  0.4740E+02  0.0000E+00
12144.6943  3  1    0.9971    0.8000    0.2781    0.0000    1.2387   -0.0977    0.9181    0.0468    1.9282   -0.4184  0.8119E+02  0.2857E+03 -0.6322E-10  0.9390E-11  0.7069E+00  0.5226E-01  0.1667E+02  0.2641E+00  0.4740E+02  0.0000E+00
12144.7334  3  1    0.9971    0.8000    0.2781    0.0000    1.2391   -0.0977    0.9189    0.0468    1.9288   -0.4184  0.8120E+02  0.2859E+03 -0.6339E-10  0.9425E-11  0.7069E+00  0.5226E-01  0.1669E+02  0.2641E+00  0.4740E+02  0.0000E+00
12144.7715  3  1    0.9971    0.8000    0.2782    0.0000    1.2394   -0.0977    0.9198    0.0468    1.9293   -0.4184  0.8121E+02  0.2860E+03 -0.6357E-10  0.9459E-11  0.7068E+00  0.5226E-01  0.1670E+02  0.2641E+00  0.4739E+02  0.0000E+00
12144.8086  3  1    0.9971    0.8000    0.2782    0.0000    1.2398   -0.0977    0.9206    0.0468    1.9299   -0.4184  0.8122E+02  0.2861E+03 -0.6374E-10  0.9493E-11  0.7068E+00  0.5226E-01  0.1672E+02  0.2641E+00  0.4739E+02  0.0000E+00
12144.8467  3  1    0.9971    0.8000    0.2783    0.0000    1.2402   -0.0977    0.9215    0.0468    1.9305   -0.4184  0.8123E+02  0.2862E+03 -0.6392E-10  0.9527E-11  0.7067E+00  0.5226E-01  0.1673E+02  0.2641E+00  0.4739E+02  0.0000E+00
12144.8848  3  1    0.9971    0.8000    0.2783    0.0000    1.2405   -0.0977    0.9223    0.0468    1.9311   -0.4184  0.8124E+02  0.2863E+03 -0.6409E-10  0.9562E-11  0.7067E+00  0.5226E-01  0.1674E+02  0.2641E+00  0.4738E+02  0.0000E+00
12144.9219  3  1    0.9971    0.8000    0.2784    0.0000    1.2409   -0.0977    0.9232    0.0468    1.9316   -0.4184  0.8125E+02  0.2864E+03 -0.6427E-10  0.9595E-11  0.7066E+00  0.5226E-01  0.1676E+02  0.2641E+00  0.4738E+02  0.0000E+00
12144.9590  3  1    0.9971    0.8000    0.2784    0.0000    1.2412   -0.0977    0.9240    0.0468    1.9322   -0.4184  0.8126E+02  0.2866E+03 -0.6444E-10  0.9629E-11  0.7066E+00  0.5226E-01  0.1677E+02  0.2641E+00  0.4737E+02  0.0000E+00
12144.9971  3  1    0.9971    0.8000    0.2785    0.0000    1.2416   -0.0977    0.9249    0.0468    1.9328   -0.4184  0.8127E+02  0.2867E+03 -0.6461E-10  0.9663E-11  0.7066E+00  0.5226E-01  0.1679E+02  0.2641E+00  0.4737E+02  0.0000E+00
12145.0342  3  1    0.9971    0.8000    0.2785    0.0000    1.2420   -0.0977    0.9257    0.0468    1.9333   -0.4184  0.8128E+02  0.2868E+03 -0.6478E-10  0.9697E-11  0.7065E+00  0.5226E-01  0.1680E+02  0.2641E+00  0.4737E+02  0.0000E+00
12145.0703  3  1    0.9971    0.8000    0.2786    0.0000    1.2423   -0.0977    0.9265    0.0468    1.9339   -0.4184  0.8129E+02  0.2869E+03 -0.6495E-10  0.9731E-11  0.7065E+00  0.5226E-01  0.1681E+02  0.2641E+00  0.4736E+02  0.0000E+00
12145.1074  3  1    0.9971    0.8000    0.2786    0.0000    1.2427   -0.0977    0.9274    0.0468    1.9344   -0.4184  0.8130E+02  0.2870E+03 -0.6512E-10  0.9764E-11  0.7064E+00  0.5226E-01  0.1683E+02  0.2641E+00  0.4736E+02  0.0000E+00
12145.1445  3  1    0.9971    0.8000    0.2787    0.0000    1.2430   -0.0977    0.9282    0.0468    1.9350   -0.4184  0.8131E+02  0.2871E+03 -0.6529E-10  0.9798E-11  0.7064E+00  0.5226E-01  0.1684E+02  0.2641E+00  0.4736E+02  0.0000E+00
12145.1807  3  1    0.9971    0.8000    0.2787    0.0000    1.2434   -0.0977    0.9290    0.0468    1.9355   -0.4184  0.8132E+02  0.2872E+03 -0.6546E-10  0.9831E-11  0.7064E+00  0.5226E-01  0.1686E+02  0.2641E+00  0.4735E+02  0.0000E+00
12145.2178  3  1    0.9971    0.8000    0.2787    0.0000    1.2437   -0.0977    0.9299    0.0468    1.9361   -0.4184  0.8133E+02  0.2874E+03 -0.6563E-10  0.9865E-11  0.7063E+00  0.5226E-01  0.1687E+02  0.2641E+00  0.4735E+02  0.0000E+00
12145.2539  3  1    0.9971    0.8000    0.2788    0.0000    1.2441   -0.0977    0.9307    0.0468    1.9366   -0.4184  0.8134E+02  0.2875E+03 -0.6580E-10  0.9898E-11  0.7063E+00  0.5226E-01  0.1688E+02  0.2641E+00  0.4735E+02  0.0000E+00
12145.2900  3  1    0.9971    0.8000    0.2788    0.0000    1.2444   -0.0977    0.9315    0.0468    1.9372   -0.4184  0.8135E+02  0.2876E+03 -0.6597E-10  0.9931E-11  0.7062E+00  0.5226E-01  0.1690E+02  0.2641E+00  0.4734E+02  0.0000E+00
12145.3262  3  1    0.9971    0.8000    0.2789    0.0000    1.2448   -0.0977    0.9323    0.0469    1.9377   -0.4184  0.8136E+02  0.2877E+03 -0.6613E-10  0.9964E-11  0.7062E+00  0.5226E-01  0.1691E+02  0.2641E+00  0.4734E+02  0.0000E+00
12145.3623  3  1    0.9971    0.8000    0.2789    0.0000    1.2451   -0.0977    0.9331    0.0469    1.9383   -0.4184  0.8137E+02  0.2878E+03 -0.6630E-10  0.9998E-11  0.7062E+00  0.5226E-01  0.1692E+02  0.2641E+00  0.4734E+02  0.0000E+00
12145.3975  3  1    0.9971    0.8000    0.2790    0.0000    1.2455   -0.0977    0.9340    0.0469    1.9388   -0.4184  0.8138E+02  0.2879E+03 -0.6646E-10  0.1003E-10  0.7061E+00  0.5226E-01  0.1694E+02  0.2641E+00  0.4733E+02  0.0000E+00
12145.4336  3  1    0.9971    0.8000    0.2790    0.0000    1.2458   -0.0977    0.9348    0.0469    1.9394   -0.4184  0.8139E+02  0.2881E+03 -0.6663E-10  0.1006E-10  0.7061E+00  0.5226E-01  0.1695E+02  0.2641E+00  0.4733E+02  0.0000E+00
12145.4688  3  1    0.9971    0.8000    0.2791    0.0000    1.2462   -0.0977    0.9356    0.0469    1.9399   -0.4184  0.8140E+02  0.2882E+03 -0.6679E-10  0.1010E-10  0.7061E+00  0.5226E-01  0.1696E+02  0.2641E+00  0.4732E+02  0.0000E+00
12145.5049  3  1    0.9971    0.8000    0.2791    0.0000    1.2465   -0.0977    0.9364    0.0469    1.9404   -0.4184  0.8141E+02  0.2883E+03 -0.6696E-10  0.1013E-10  0.7060E+00  0.5226E-01  0.1698E+02  0.2641E+00  0.4732E+02  0.0000E+00
12145.5400  3  1    0.9971    0.8001    0.2791    0.0000    1.2469   -0.0977    0.9372    0.0469    1.9410   -0.4184  0.8142E+02  0.2884E+03 -0.6712E-10  0.1016E-10  0.7060E+00  0.5226E-01  0.1699E+02  0.2641E+00  0.4732E+02  0.0000E+00
12145.5752  3  1    0.9971    0.8001    0.2792    0.0000    1.2472   -0.0977    0.9380    0.0469    1.9415   -0.4184  0.8143E+02  0.2885E+03 -0.6728E-10  0.1019E-10  0.7059E+00  0.5226E-01  0.1700E+02  0.2641E+00  0.4731E+02  0.0000E+00
12145.6104  3  1    0.9971    0.8001    0.2792    0.0000    1.2475   -0.0977    0.9388    0.0469    1.9420   -0.4184  0.8144E+02  0.2887E+03 -0.6744E-10  0.1023E-10  0.7059E+00  0.5226E-01  0.1702E+02  0.2641E+00  0.4731E+02  0.0000E+00
12145.6445  3  1    0.9971    0.8001    0.2793    0.0000    1.2479   -0.0977    0.9396    0.0469    1.9426   -0.4184  0.8145E+02  0.2888E+03 -0.6761E-10  0.1026E-10  0.7059E+00  0.5226E-01  0.1703E+02  0.2641E+00  0.4731E+02  0.0000E+00
12145.6797  3  1    0.9971    0.8001    0.2793    0.0000    1.2482   -0.0977    0.9404    0.0469    1.9431   -0.4184  0.8146E+02  0.2889E+03 -0.6777E-10  0.1029E-10  0.7058E+00  0.5226E-01  0.1704E+02  0.2641E+00  0.4730E+02  0.0000E+00
12145.7148  3  1    0.9970    0.8001    0.2794    0.0000    1.2486   -0.0977    0.9412    0.0469    1.9436   -0.4184  0.8146E+02  0.2890E+03 -0.6793E-10  0.1032E-10  0.7058E+00  0.5226E-01  0.1706E+02  0.2641E+00  0.4730E+02  0.0000E+00
12145.7490  3  1    0.9970    0.8001    0.2794    0.0000    1.2489   -0.0977    0.9420    0.0469    1.9441   -0.4184  0.8147E+02  0.2891E+03 -0.6809E-10  0.1036E-10  0.7057E+00  0.5226E-01  0.1707E+02  0.2641E+00  0.4730E+02  0.0000E+00
12145.7832  3  1    0.9970    0.8001    0.2794    0.0000    1.2492   -0.0977    0.9428    0.0469    1.9447   -0.4184  0.8148E+02  0.2893E+03 -0.6825E-10  0.1039E-10  0.7057E+00  0.5226E-01  0.1708E+02  0.2641E+00  0.4729E+02  0.0000E+00
12145.8184  3  1    0.9970    0.8001    0.2795    0.0000    1.2496   -0.0977    0.9436    0.0469    1.9452   -0.4184  0.8149E+02  0.2894E+03 -0.6841E-10  0.1042E-10  0.7057E+00  0.5226E-01  0.1709E+02  0.2641E+00  0.4729E+02  0.0000E+00
12145.8525  3  1    0.9970    0.8001    0.2795    0.0000    1.2499   -0.0977    0.9444    0.0469    1.9457   -0.4184  0.8150E+02  0.2895E+03 -0.6856E-10  0.1045E-10  0.7056E+00  0.5226E-01  0.1711E+02  0.2641E+00  0.4729E+02  0.0000E+00
12145.8867  3  1    0.9970    0.8001    0.2796    0.0000    1.2502   -0.0977    0.9452    0.0469    1.9462   -0.4184  0.8151E+02  0.2896E+03 -0.6872E-10  0.1049E-10  0.7056E+00  0.5226E-01  0.1712E+02  0.2641E+00  0.4728E+02  0.0000E+00
12145.9199  3  1    0.9970    0.8001    0.2796    0.0000    1.2506   -0.0977    0.9460    0.0469    1.9467   -0.4184  0.8152E+02  0.2897E+03 -0.6888E-10  0.1052E-10  0.7056E+00  0.5226E-01  0.1713E+02  0.2641E+00  0.4728E+02  0.0000E+00
12145.9541  3  1    0.9970    0.8001    0.2796    0.0000    1.2509   -0.0977    0.9468    0.0469    1.9472   -0.4184  0.8153E+02  0.2899E+03 -0.6904E-10  0.1055E-10  0.7055E+00  0.5226E-01  0.1715E+02  0.2641E+00  0.4728E+02  0.0000E+00
12145.9883  3  1    0.9970    0.8001    0.2797    0.0000    1.2512   -0.0977    0.9476    0.0469    1.9477   -0.4184  0.8154E+02  0.2900E+03 -0.6919E-10  0.1058E-10  0.7055E+00  0.5226E-01  0.1716E+02  0.2641E+00  0.4727E+02  0.0000E+00
12146.0215  3  1    0.9970    0.8001    0.2797    0.0000    1.2515   -0.0977    0.9483    0.0469    1.9483   -0.4184  0.8155E+02  0.2901E+03 -0.6935E-10  0.1061E-10  0.7055E+00  0.5226E-01  0.1717E+02  0.2641E+00  0.4727E+02  0.0000E+00
12146.0557  3  1    0.9970    0.8001    0.2798    0.0000    1.2519   -0.0977    0.9491    0.0469    1.9488   -0.4184  0.8156E+02  0.2902E+03 -0.6950E-10  0.1065E-10  0.7054E+00  0.5226E-01  0.1718E+02  0.2641E+00  0.4726E+02  0.0000E+00
12146.0889  3  1    0.9970    0.8001    0.2798    0.0000    1.2522   -0.0977    0.9499    0.0469    1.9493   -0.4184  0.8157E+02  0.2903E+03 -0.6966E-10  0.1068E-10  0.7054E+00  0.5226E-01  0.1720E+02  0.2641E+00  0.4726E+02  0.0000E+00
12146.1221  3  1    0.9970    0.8001    0.2799    0.0000    1.2525   -0.0977    0.9507    0.0469    1.9498   -0.4184  0.8158E+02  0.2905E+03 -0.6979E-10  0.1071E-10  0.7053E+00  0.5226E-01  0.1721E+02  0.2641E+00  0.4726E+02  0.0000E+00
12146.1553  3  1    0.9970    0.8001    0.2799    0.0000    1.2528   -0.0977    0.9515    0.0469    1.9503   -0.4184  0.8158E+02  0.2906E+03 -0.6993E-10  0.1073E-10  0.7053E+00  0.5226E-01  0.1722E+02  0.2641E+00  0.4725E+02  0.0000E+00
12146.1875  3  1    0.9970    0.8001    0.2799    0.0000    1.2532   -0.0977    0.9523    0.0469    1.9508   -0.4184  0.8158E+02  0.2907E+03 -0.7006E-10  0.1076E-10  0.7053E+00  0.5226E-01  0.1724E+02  0.2641E+00  0.4725E+02  0.0000E+00
12146.2178  3  1    0.9970    0.8001    0.2800    0.0000    1.2535   -0.0977    0.9531    0.0469    1.9513   -0.4184  0.8160E+02  0.2908E+03 -0.7019E-10  0.1079E-10  0.7052E+00  0.5226E-01  0.1725E+02  0.2641E+00  0.4725E+02  0.0000E+00
12146.2500  3  1    0.9970    0.8001    0.2800    0.0000    1.2539   -0.0977    0.9540    0.0469    1.9519   -0.4184  0.8160E+02  0.2909E+03 -0.7032E-10  0.1082E-10  0.7052E+00  0.5226E-01  0.1727E+02  0.2641E+00  0.4724E+02  0.0000E+00
12146.2803  3  1    0.9970    0.8001    0.2801    0.0000    1.2542   -0.0977    0.9548    0.0470    1.9524   -0.4184  0.8162E+02  0.2910E+03 -0.7045E-10  0.1085E-10  0.7051E+00  0.5226E-01  0.1728E+02  0.2642E+00  0.4724E+02  0.0000E+00
12146.3115  3  1    0.9970    0.8001    0.2801    0.0000    1.2546   -0.0977    0.9556    0.0470    1.9529   -0.4184  0.8163E+02  0.2912E+03 -0.7057E-10  0.1088E-10  0.7051E+00  0.5226E-01  0.1729E+02  0.2642E+00  0.4724E+02  0.0000E+00
12146.3418  3  1    0.9970    0.8001    0.2802    0.0000    1.2549   -0.0977    0.9564    0.0470    1.9535   -0.4184  0.8164E+02  0.2913E+03 -0.7070E-10  0.1090E-10  0.7051E+00  0.5226E-01  0.1731E+02  0.2642E+00  0.4723E+02  0.0000E+00
12146.3721  3  1    0.9970    0.8001    0.2802    0.0000    1.2552   -0.0977    0.9572    0.0470    1.9540   -0.4184  0.8165E+02  0.2914E+03 -0.7082E-10  0.1093E-10  0.7050E+00  0.5226E-01  0.1732E+02  0.2642E+00  0.4723E+02  0.0000E+00
12146.4023  3  1    0.9970    0.8001    0.2803    0.0000    1.2556   -0.0977    0.9580    0.0470    1.9545   -0.4184  0.8166E+02  0.2915E+03 -0.7095E-10  0.1096E-10  0.7050E+00  0.5226E-01  0.1734E+02  0.2642E+00  0.4723E+02  0.0000E+00
12146.4326  3  1    0.9970    0.8001    0.2803    0.0000    1.2559   -0.0977    0.9588    0.0470    1.9550   -0.4184  0.8167E+02  0.2916E+03 -0.7107E-10  0.1099E-10  0.7049E+00  0.5226E-01  0.1735E+02  0.2642E+00  0.4722E+02  0.0000E+00
12146.4629  3  1    0.9970    0.8001    0.2803    0.0000    1.2562   -0.0977    0.9596    0.0470    1.9555   -0.4184  0.8168E+02  0.2917E+03 -0.7119E-10  0.1101E-10  0.7049E+00  0.5226E-01  0.1737E+02  0.2642E+00  0.4722E+02  0.0000E+00
12146.4932  3  1    0.9970    0.8001    0.2804    0.0000    1.2566   -0.0977    0.9605    0.0470    1.9560   -0.4184  0.8169E+02  0.2918E+03 -0.7132E-10  0.1104E-10  0.7049E+00  0.5226E-01  0.1738E+02  0.2642E+00  0.4721E+02  0.0000E+00
12146.5234  3  1    0.9970    0.8001    0.2804    0.0000    1.2569   -0.0977    0.9613    0.0470    1.9566   -0.4184  0.8170E+02  0.2920E+03 -0.7144E-10  0.1107E-10  0.7048E+00  0.5226E-01  0.1739E+02  0.2642E+00  0.4721E+02  0.0000E+00
12146.5537  3  1    0.9970    0.8001    0.2805    0.0000    1.2572   -0.0977    0.9621    0.0470    1.9571   -0.4184  0.8170E+02  0.2921E+03 -0.7156E-10  0.1110E-10  0.7048E+00  0.5226E-01  0.1741E+02  0.2642E+00  0.4721E+02  0.0000E+00
12146.5830  3  1    0.9970    0.8001    0.2805    0.0000    1.2575   -0.0977    0.9629    0.0470    1.9576   -0.4184  0.8172E+02  0.2922E+03 -0.7168E-10  0.1112E-10  0.7047E+00  0.5226E-01  0.1742E+02  0.2642E+00  0.4720E+02  0.0000E+00
12146.6133  3  1    0.9970    0.8001    0.2806    0.0000    1.2579   -0.0977    0.9637    0.0470    1.9581   -0.4184  0.8172E+02  0.2923E+03 -0.7181E-10  0.1115E-10  0.7047E+00  0.5226E-01  0.1744E+02  0.2642E+00  0.4720E+02  0.0000E+00
12146.6426  3  1    0.9970    0.8001    0.2806    0.0000    1.2582   -0.0977    0.9645    0.0470    1.9586   -0.4184  0.8174E+02  0.2924E+03 -0.7193E-10  0.1118E-10  0.7047E+00  0.5226E-01  0.1745E+02  0.2642E+00  0.4720E+02  0.0000E+00
12146.6719  3  1    0.9970    0.8001    0.2806    0.0000    1.2585   -0.0977    0.9652    0.0470    1.9591   -0.4184  0.8174E+02  0.2925E+03 -0.7205E-10  0.1121E-10  0.7046E+00  0.5226E-01  0.1746E+02  0.2642E+00  0.4719E+02  0.0000E+00
12146.7012  3  1    0.9970    0.8001    0.2807    0.0000    1.2588   -0.0977    0.9660    0.0470    1.9596   -0.4184  0.8175E+02  0.2927E+03 -0.7217E-10  0.1123E-10  0.7046E+00  0.5226E-01  0.1748E+02  0.2642E+00  0.4719E+02  0.0000E+00
12146.7305  3  1    0.9970    0.8001    0.2807    0.0000    1.2592   -0.0977    0.9668    0.0470    1.9601   -0.4184  0.8176E+02  0.2928E+03 -0.7229E-10  0.1126E-10  0.7046E+00  0.5226E-01  0.1749E+02  0.2642E+00  0.4719E+02  0.0000E+00
12146.7598  3  1    0.9970    0.8001    0.2808    0.0000    1.2595   -0.0977    0.9676    0.0470    1.9606   -0.4184  0.8177E+02  0.2929E+03 -0.7241E-10  0.1129E-10  0.7045E+00  0.5226E-01  0.1750E+02  0.2642E+00  0.4718E+02  0.0000E+00
12146.7891  3  1    0.9970    0.8001    0.2808    0.0000    1.2598   -0.0977    0.9684    0.0470    1.9611   -0.4184  0.8178E+02  0.2930E+03 -0.7253E-10  0.1131E-10  0.7045E+00  0.5226E-01  0.1752E+02  0.2642E+00  0.4718E+02  0.0000E+00
12146.8184  3  1    0.9970    0.8001    0.2808    0.0000    1.2601   -0.0977    0.9692    0.0470    1.9616   -0.4184  0.8179E+02  0.2931E+03 -0.7265E-10  0.1134E-10  0.7044E+00  0.5226E-01  0.1753E+02  0.2642E+00  0.4718E+02  0.0000E+00
12146.8467  3  1    0.9970    0.8001    0.2809    0.0000    1.2604   -0.0977    0.9700    0.0470    1.9621   -0.4184  0.8180E+02  0.2932E+03 -0.7276E-10  0.1137E-10  0.7044E+00  0.5226E-01  0.1755E+02  0.2642E+00  0.4717E+02  0.0000E+00
12146.8760  3  1    0.9970    0.8001    0.2809    0.0000    1.2608   -0.0977    0.9708    0.0470    1.9626   -0.4184  0.8181E+02  0.2933E+03 -0.7288E-10  0.1139E-10  0.7044E+00  0.5226E-01  0.1756E+02  0.2642E+00  0.4717E+02  0.0000E+00
12146.9053  3  1    0.9970    0.8001    0.2810    0.0000    1.2611   -0.0977    0.9715    0.0470    1.9631   -0.4184  0.8182E+02  0.2935E+03 -0.7300E-10  0.1142E-10  0.7043E+00  0.5226E-01  0.1757E+02  0.2642E+00  0.4716E+02  0.0000E+00
12146.9336  3  1    0.9970    0.8001    0.2810    0.0000    1.2614   -0.0977    0.9723    0.0470    1.9636   -0.4184  0.8183E+02  0.2936E+03 -0.7312E-10  0.1145E-10  0.7043E+00  0.5226E-01  0.1759E+02  0.2642E+00  0.4716E+02  0.0000E+00
12146.9619  3  1    0.9970    0.8001    0.2811    0.0000    1.2617   -0.0977    0.9731    0.0470    1.9640   -0.4184  0.8184E+02  0.2937E+03 -0.7323E-10  0.1147E-10  0.7042E+00  0.5226E-01  0.1760E+02  0.2642E+00  0.4716E+02  0.0000E+00
12146.9902  3  1    0.9970    0.8001    0.2811    0.0000    1.2620   -0.0977    0.9739    0.0470    1.9645   -0.4184  0.8185E+02  0.2938E+03 -0.7335E-10  0.1150E-10  0.7042E+00  0.5226E-01  0.1761E+02  0.2642E+00  0.4715E+02  0.0000E+00
12147.0186  3  1    0.9970    0.8001    0.2811    0.0000    1.2623   -0.0977    0.9746    0.0470    1.9650   -0.4184  0.8186E+02  0.2939E+03 -0.7347E-10  0.1153E-10  0.7042E+00  0.5226E-01  0.1763E+02  0.2642E+00  0.4715E+02  0.0000E+00
12147.0469  3  1    0.9970    0.8001    0.2812    0.0000    1.2626   -0.0977    0.9754    0.0470    1.9655   -0.4184  0.8187E+02  0.2940E+03 -0.7358E-10  0.1155E-10  0.7041E+00  0.5226E-01  0.1764E+02  0.2642E+00  0.4715E+02  0.0000E+00
12147.0752  3  1    0.9970    0.8001    0.2812    0.0000    1.2630   -0.0977    0.9762    0.0470    1.9660   -0.4184  0.8188E+02  0.2942E+03 -0.7370E-10  0.1158E-10  0.7041E+00  0.5226E-01  0.1765E+02  0.2642E+00  0.4714E+02  0.0000E+00
12147.1035  3  1    0.9969    0.8001    0.2813    0.0000    1.2633   -0.0977    0.9769    0.0470    1.9665   -0.4184  0.8189E+02  0.2943E+03 -0.7381E-10  0.1161E-10  0.7041E+00  0.5226E-01  0.1767E+02  0.2642E+00  0.4714E+02  0.0000E+00
12147.1318  3  1    0.9969    0.8001    0.2813    0.0000    1.2636   -0.0977    0.9777    0.0471    1.9669   -0.4184  0.8190E+02  0.2944E+03 -0.7393E-10  0.1163E-10  0.7040E+00  0.5226E-01  0.1768E+02  0.2642E+00  0.4714E+02  0.0000E+00
12147.1592  3  1    0.9969    0.8001    0.2813    0.0000    1.2639   -0.0977    0.9785    0.0471    1.9674   -0.4184  0.8191E+02  0.2945E+03 -0.7404E-10  0.1166E-10  0.7040E+00  0.5226E-01  0.1769E+02  0.2642E+00  0.4713E+02  0.0000E+00
12147.1875  3  1    0.9969    0.8001    0.2814    0.0000    1.2642   -0.0977    0.9792    0.0471    1.9679   -0.4184  0.8191E+02  0.2946E+03 -0.7416E-10  0.1168E-10  0.7040E+00  0.5226E-01  0.1771E+02  0.2642E+00  0.4713E+02  0.0000E+00
12147.2148  3  1    0.9969    0.8001    0.2814    0.0000    1.2645   -0.0977    0.9800    0.0471    1.9684   -0.4184  0.8192E+02  0.2947E+03 -0.7427E-10  0.1171E-10  0.7039E+00  0.5226E-01  0.1772E+02  0.2642E+00  0.4713E+02  0.0000E+00
12147.2432  3  1    0.9969    0.8001    0.2815    0.0000    1.2648   -0.0977    0.9808    0.0471    1.9688   -0.4184  0.8193E+02  0.2949E+03 -0.7442E-10  0.1174E-10  0.7039E+00  0.5226E-01  0.1773E+02  0.2642E+00  0.4712E+02  0.0000E+00
12147.2705  3  1    0.9969    0.8001    0.2815    0.0000    1.2651   -0.0977    0.9815    0.0471    1.9693   -0.4184  0.8194E+02  0.2950E+03 -0.7458E-10  0.1178E-10  0.7038E+00  0.5226E-01  0.1774E+02  0.2642E+00  0.4712E+02  0.0000E+00
12147.2979  3  1    0.9969    0.8001    0.2815    0.0000    1.2654   -0.0977    0.9823    0.0471    1.9698   -0.4184  0.8195E+02  0.2951E+03 -0.7475E-10  0.1181E-10  0.7038E+00  0.5226E-01  0.1776E+02  0.2642E+00  0.4712E+02  0.0000E+00
12147.3252  3  1    0.9969    0.8001    0.2816    0.0000    1.2657   -0.0977    0.9830    0.0471    1.9702   -0.4184  0.8196E+02  0.2952E+03 -0.7491E-10  0.1185E-10  0.7038E+00  0.5226E-01  0.1777E+02  0.2642E+00  0.4711E+02  0.0000E+00
12147.3525  3  1    0.9969    0.8001    0.2816    0.0000    1.2660   -0.0977    0.9838    0.0471    1.9707   -0.4184  0.8197E+02  0.2953E+03 -0.7507E-10  0.1188E-10  0.7037E+00  0.5226E-01  0.1778E+02  0.2642E+00  0.4711E+02  0.0000E+00
12147.3799  3  1    0.9969    0.8001    0.2817    0.0000    1.2663   -0.0977    0.9845    0.0471    1.9712   -0.4184  0.8198E+02  0.2955E+03 -0.7524E-10  0.1191E-10  0.7037E+00  0.5226E-01  0.1780E+02  0.2642E+00  0.4711E+02  0.0000E+00
12147.4072  3  1    0.9969    0.8001    0.2817    0.0000    1.2666   -0.0977    0.9853    0.0471    1.9716   -0.4184  0.8199E+02  0.2956E+03 -0.7540E-10  0.1195E-10  0.7037E+00  0.5226E-01  0.1781E+02  0.2642E+00  0.4710E+02  0.0000E+00
12147.4346  3  1    0.9969    0.8001    0.2817    0.0000    1.2669   -0.0977    0.9860    0.0471    1.9721   -0.4184  0.8200E+02  0.2957E+03 -0.7556E-10  0.1198E-10  0.7036E+00  0.5226E-01  0.1782E+02  0.2642E+00  0.4710E+02  0.0000E+00
12147.4619  3  1    0.9969    0.8001    0.2818    0.0000    1.2672   -0.0977    0.9868    0.0471    1.9726   -0.4184  0.8201E+02  0.2958E+03 -0.7573E-10  0.1202E-10  0.7036E+00  0.5226E-01  0.1783E+02  0.2642E+00  0.4710E+02  0.0000E+00
12147.4883  3  1    0.9969    0.8001    0.2818    0.0000    1.2675   -0.0977    0.9875    0.0471    1.9730   -0.4184  0.8202E+02  0.2959E+03 -0.7589E-10  0.1205E-10  0.7036E+00  0.5226E-01  0.1785E+02  0.2642E+00  0.4709E+02  0.0000E+00
12147.5156  3  1    0.9969    0.8001    0.2819    0.0000    1.2678   -0.0977    0.9883    0.0471    1.9735   -0.4184  0.8203E+02  0.2960E+03 -0.7605E-10  0.1208E-10  0.7035E+00  0.5226E-01  0.1786E+02  0.2642E+00  0.4709E+02  0.0000E+00
12147.5420  3  1    0.9969    0.8001    0.2819    0.0000    1.2681   -0.0977    0.9890    0.0471    1.9739   -0.4184  0.8204E+02  0.2962E+03 -0.7621E-10  0.1212E-10  0.7035E+00  0.5226E-01  0.1787E+02  0.2642E+00  0.4709E+02  0.0000E+00
12147.5693  3  1    0.9969    0.8001    0.2819    0.0000    1.2684   -0.0977    0.9897    0.0471    1.9744   -0.4184  0.8204E+02  0.2963E+03 -0.7637E-10  0.1215E-10  0.7035E+00  0.5226E-01  0.1788E+02  0.2642E+00  0.4708E+02  0.0000E+00
12147.5957  3  1    0.9969    0.8001    0.2820    0.0000    1.2687   -0.0977    0.9905    0.0471    1.9748   -0.4184  0.8205E+02  0.2964E+03 -0.7653E-10  0.1218E-10  0.7034E+00  0.5226E-01  0.1790E+02  0.2642E+00  0.4708E+02  0.0000E+00
12147.6221  3  1    0.9969    0.8001    0.2820    0.0000    1.2690   -0.0977    0.9912    0.0471    1.9753   -0.4184  0.8206E+02  0.2965E+03 -0.7669E-10  0.1222E-10  0.7034E+00  0.5226E-01  0.1791E+02  0.2642E+00  0.4708E+02  0.0000E+00
12147.6484  3  1    0.9969    0.8001    0.2820    0.0000    1.2692   -0.0977    0.9920    0.0471    1.9757   -0.4184  0.8207E+02  0.2966E+03 -0.7685E-10  0.1225E-10  0.7034E+00  0.5226E-01  0.1792E+02  0.2642E+00  0.4707E+02  0.0000E+00
12147.6748  3  1    0.9969    0.8001    0.2821    0.0000    1.2695   -0.0977    0.9927    0.0471    1.9762   -0.4184  0.8208E+02  0.2968E+03 -0.7700E-10  0.1228E-10  0.7033E+00  0.5226E-01  0.1793E+02  0.2642E+00  0.4707E+02  0.0000E+00
12147.7012  3  1    0.9969    0.8001    0.2821    0.0000    1.2698   -0.0977    0.9934    0.0471    1.9766   -0.4184  0.8209E+02  0.2969E+03 -0.7716E-10  0.1232E-10  0.7033E+00  0.5226E-01  0.1795E+02  0.2642E+00  0.4707E+02  0.0000E+00
12147.7275  3  1    0.9969    0.8001    0.2822    0.0000    1.2701   -0.0977    0.9942    0.0471    1.9771   -0.4184  0.8210E+02  0.2970E+03 -0.7732E-10  0.1235E-10  0.7032E+00  0.5226E-01  0.1796E+02  0.2642E+00  0.4706E+02  0.0000E+00
12147.7539  3  1    0.9969    0.8001    0.2822    0.0000    1.2704   -0.0977    0.9949    0.0471    1.9775   -0.4184  0.8211E+02  0.2971E+03 -0.7748E-10  0.1238E-10  0.7032E+00  0.5226E-01  0.1797E+02  0.2642E+00  0.4706E+02  0.0000E+00
12147.7793  3  1    0.9969    0.8001    0.2822    0.0000    1.2707   -0.0977    0.9956    0.0471    1.9780   -0.4184  0.8212E+02  0.2972E+03 -0.7763E-10  0.1242E-10  0.7032E+00  0.5226E-01  0.1798E+02  0.2642E+00  0.4706E+02  0.0000E+00
12147.8057  3  1    0.9969    0.8001    0.2823    0.0000    1.2710   -0.0977    0.9963    0.0471    1.9784   -0.4184  0.8213E+02  0.2974E+03 -0.7779E-10  0.1245E-10  0.7031E+00  0.5226E-01  0.1800E+02  0.2642E+00  0.4705E+02  0.0000E+00
12147.8320  3  1    0.9969    0.8001    0.2823    0.0000    1.2713   -0.0977    0.9971    0.0471    1.9789   -0.4184  0.8214E+02  0.2975E+03 -0.7794E-10  0.1248E-10  0.7031E+00  0.5226E-01  0.1801E+02  0.2642E+00  0.4705E+02  0.0000E+00
12147.8574  3  1    0.9969    0.8001    0.2823    0.0000    1.2715   -0.0977    0.9978    0.0471    1.9793   -0.4184  0.8214E+02  0.2976E+03 -0.7810E-10  0.1252E-10  0.7031E+00  0.5226E-01  0.1802E+02  0.2642E+00  0.4705E+02  0.0000E+00
12147.8828  3  1    0.9969    0.8001    0.2824    0.0000    1.2718   -0.0977    0.9985    0.0471    1.9797   -0.4184  0.8215E+02  0.2977E+03 -0.7825E-10  0.1255E-10  0.7030E+00  0.5226E-01  0.1803E+02  0.2642E+00  0.4704E+02  0.0000E+00
12147.9092  3  1    0.9969    0.8001    0.2824    0.0000    1.2721   -0.0977    0.9992    0.0472    1.9802   -0.4184  0.8216E+02  0.2978E+03 -0.7841E-10  0.1258E-10  0.7030E+00  0.5226E-01  0.1804E+02  0.2642E+00  0.4704E+02  0.0000E+00
12147.9346  3  1    0.9969    0.8001    0.2825    0.0000    1.2724   -0.0977    1.0000    0.0472    1.9806   -0.4184  0.8217E+02  0.2980E+03 -0.7856E-10  0.1262E-10  0.7030E+00  0.5226E-01  0.1806E+02  0.2642E+00  0.4704E+02  0.0000E+00
12147.9600  3  1    0.9969    0.8001    0.2825    0.0000    1.2727   -0.0977    1.0007    0.0472    1.9811   -0.4184  0.8218E+02  0.2981E+03  0.0000E+00  0.0000E+00  0.7029E+00  0.5226E-01  0.1807E+02  0.2642E+00  0.4703E+02  0.0000E+00
12147.9600 10  1    0.2825    0.8001    0.2825    0.0000   -1.7298   -0.0977    0.0071    0.1891   -4.9720   -0.4184  0.8218E+02  0.2981E+03 -0.7144E+06  0.3232E+00  0.1000E-09  0.5226E-01  0.1000E-09  0.2642E+00  0.8966E+01  0.0000E+00
12147.9600 10  1    0.2825    0.8001    0.2825    0.0000   -1.7298   -0.0977    0.0071    0.1891   -4.9720   -0.4184  0.8218E+02  0.2981E+03 -0.7871E-10  0.1265E-10  0.1000E-09  0.5226E-01  0.1000E-09  0.2642E+00  0.8966E+01  0.0000E+00
12148.9600 10  1    0.2825    0.8001    0.2825    0.0000   -1.7298   -0.0977    0.0071    0.1891   -4.9722   -0.4184  0.8218E+02  0.2985E+03  0.9974E-16 -0.1517E-13  0.1000E-09  0.5226E-01  0.1000E-09  0.2642E+00  0.8966E+01  0.0000E+00
12149.9600 10  1    0.2825    0.8001    0.2825    0.0000   -1.7298   -0.0977    0.0071    0.1891   -4.9725   -0.4183  0.8218E+02  0.2988E+03  0.9974E-16 -0.1517E-13  0.1000E-09  0.5226E-01  0.1000E-09  0.2642E+00  0.8966E+01  0.0000E+00
12150.9600 10  1    0.2825    0.8001    0.2825    0.0000   -1.7298   -0.0977    0.0071    0.1891   -4.9727   -0.4183  0.8218E+02  0.2992E+03  0.9974E-16 -0.1517E-13  0.1000E-09  0.5226E-01  0.1000E-09  0.2642E+00  0.8966E+01  0.0000E+00
12151.9600 10  1    0.2825    0.8001    0.2825    0.0000   -1.7298   -0.0977    0.0071    0.1891   -4.9729   -0.4183  0.8218E+02  0.2995E+03  0.9975E-16 -0.1517E-13  0.1000E-09  0.5226E-01  0.1000E-09  0.2642E+00  0.8966E+01  0.0000E+00
12152.9600 10  1    0.2825    0.8001    0.2825    0.0000   -1.7298   -0.0977    0.0071    0.1891   -4.9731   -0.4183  0.8218E+02  0.2999E+03  0.9975E-16 -0.1517E-13  0.1000E-09  0.5226E-01  0.1000E-09  0.2642E+00  0.8966E+01  0.0000E+00
12153.9600 10  1    0.2825    0.8001    0.2825    0.0000   -1.7298   -0.0977    0.0071    0.1891   -4.9734   -0.4183  0.8218E+02  0.3003E+03  0.9975E-16 -0.1517E-13  0.1000E-09  0.5226E-01  0.1000E-09  0.2642E+00  0.8966E+01  0.0000E+00
12154.9600 10  1    0.2825    0.8001    0.2825    0.0000   -1.7298   -0.0977    0.0071    0.1891   -4.9736   -0.4182  0.8218E+02  0.3006E+03  0.9975E-16 -0.1517E-13  0.1000E-09  0.5226E-01  0.1000E-09  0.2642E+00  0.8966E+01  0.0000E+00
12155.9600 10  1    0.2825    0.8001    0.2825    0.0000   -1.7298   -0.0977    0.0071    0.1891   -4.9738   -0.4182  0.8218E+02  0.3010E+03  0.9975E-16 -0.1517E-13  0.1000E-09  0.5226E-01  0.1000E-09  0.2642E+00  0.8966E+01  0.0000E+00
12156.9600 10  1    0.2825    0.8001    0.2825    0.0000   -1.7298   -0.0976    0.0071    0.1891   -4.9741   -0.4182  0.8219E+02  0.3014E+03  0.9976E-16 -0.1517E-13  0.1000E-09  0.5226E-01  0.1000E-09  0.2642E+00  0.8966E+01  0.0000E+00
12157.9600 10  1    0.2825    0.8001    0.2825    0.0000   -1.7298   -0.0976    0.0071    0.1891   -4.9743   -0.4182  0.8219E+02  0.3017E+03  0.9976E-16 -0.1517E-13  0.1000E-09  0.5226E-01  0.1000E-09  0.2642E+00  0.8966E+01  0.0000E+00
12158.9600 10  1    0.2825    0.8001    0.2825    0.0000   -1.7298   -0.0976    0.0071    0.1891   -4.9745   -0.4182  0.8219E+02  0.3021E+03  0.9976E-16 -0.1517E-13  0.1000E-09  0.5226E-01  0.1000E-09  0.2642E+00  0.8966E+01  0.0000E+00
12159.9600 10  1    0.2825    0.8001    0.2825    0.0000   -1.7298   -0.0976    0.0071    0.1891   -4.9748   -0.4181  0.8219E+02  0.3025E+03  0.9976E-16 -0.1517E-13  0.1000E-09  0.5226E-01  0.1000E-09  0.2642E+00  0.8966E+01  0.0000E+00
12160.9600 10  1    0.2825    0.8001    0.2825    0.0000   -1.7298   -0.0976    0.0071    0.1891   -4.9750   -0.4181  0.8219E+02  0.3028E+03  0.9977E-16 -0.1517E-13  0.1000E-09  0.5225E-01  0.1000E-09  0.2642E+00  0.8966E+01  0.0000E+00
12161.9600 10  1    0.2825    0.8001    0.2825    0.0000   -1.7298   -0.0976    0.0071    0.1891   -4.9752   -0.4181  0.8219E+02  0.3032E+03  0.9977E-16 -0.1517E-13  0.1000E-09  0.5225E-01  0.1000E-09  0.2642E+00  0.8966E+01  0.0000E+00
12162.9600 10  1    0.2825    0.8001    0.2825    0.0000   -1.7298   -0.0976    0.0071    0.1891   -4.9755   -0.4181  0.8219E+02  0.3036E+03  0.9977E-16 -0.1517E-13  0.1000E-09  0.5225E-01  0.1000E-09  0.2642E+00  0.8966E+01  0.0000E+00
12163.9600 10  1    0.2825    0.8001    0.2825    0.0000   -1.7298   -0.0976    0.0071    0.1891   -4.9757   -0.4181  0.8219E+02  0.3039E+03  0.9977E-16 -0.1517E-13  0.1000E-09  0.5225E-01  0.1000E-09  0.2642E+00  0.8966E+01  0.0000E+00
12164.9600 10  1    0.2825    0.8001    0.2825    0.0000   -1.7298   -0.0976    0.0071    0.1892   -4.9759   -0.4181  0.8219E+02  0.3043E+03  0.9977E-16 -0.1517E-13  0.1000E-09  0.5225E-01  0.1000E-09  0.2643E+00  0.8966E+01  0.0000E+00
12165.9600 10  1    0.2825    0.8001    0.2825    0.0000   -1.7298   -0.0976    0.0071    0.1892   -4.9762   -0.4180  0.8219E+02  0.3047E+03  0.9978E-16 -0.1517E-13  0.1000E-09  0.5225E-01  0.1000E-09  0.2643E+00  0.8966E+01  0.0000E+00
12166.9600 10  1    0.2825    0.8001    0.2825    0.0000   -1.7298   -0.0976    0.0071    0.1892   -4.9764   -0.4180  0.8219E+02  0.3050E+03  0.9978E-16 -0.1517E-13  0.1000E-09  0.5225E-01  0.1000E-09  0.2643E+00  0.8966E+01  0.0000E+00
12167.9600 10  1    0.2825    0.8001    0.2825    0.0000   -1.7298   -0.0976    0.0071    0.1892   -4.9766   -0.4180  0.8219E+02  0.3054E+03  0.9978E-16 -0.1517E-13  0.1000E-09  0.5225E-01  0.1000E-09  0.2643E+00  0.8966E+01  0.0000E+00
12168.9600 10  1    0.2825    0.8001    0.2825    0.0000   -1.7298   -0.0976    0.0071    0.1892   -4.9768   -0.4180  0.8219E+02  0.3058E+03  0.9978E-16 -0.1517E-13  0.1000E-09  0.5225E-01  0.1000E-09  0.2643E+00  0.8966E+01  0.0000E+00
12169.9600 10  1    0.2825    0.8001    0.2825    0.0000   -1.7298   -0.0976    0.0071    0.1892   -4.9771   -0.4180  0.8219E+02  0.3061E+03  0.9979E-16 -0.1517E-13  0.1000E-09  0.5225E-01  0.1000E-09  0.2643E+00  0.8966E+01  0.0000E+00
12170.9600 10  1    0.2825    0.8001    0.2825    0.0000   -1.7298   -0.0976    0.0071    0.1892   -4.9773   -0.4179  0.8219E+02  0.3065E+03  0.9979E-16 -0.1517E-13  0.1000E-09  0.5225E-01  0.1000E-09  0.2643E+00  0.8966E+01  0.0000E+00
12171.9600 10  1    0.2825    0.8001    0.2825    0.0000   -1.7298   -0.0976    0.0071    0.1892   -4.9775   -0.4179  0.8219E+02  0.3069E+03  0.9979E-16 -0.1517E-13  0.1000E-09  0.5225E-01  0.1000E-09  0.2643E+00  0.8966E+01  0.0000E+00
12172.9600 10  1    0.2825    0.8001    0.2825    0.0000   -1.7298   -0.0976    0.0071    0.1892   -4.9778   -0.4179  0.8220E+02  0.3072E+03  0.9979E-16 -0.1517E-13  0.1000E-09  0.5225E-01  0.1000E-09  0.2643E+00  0.8966E+01  0.0000E+00
12173.9600 10  1    0.2825    0.8001    0.2825    0.0000   -1.7298   -0.0976    0.0071    0.1892   -4.9780   -0.4179  0.8220E+02  0.3076E+03  0.9979E-16 -0.1517E-13  0.1000E-09  0.5225E-01  0.1000E-09  0.2643E+00  0.8966E+01  0.0000E+00
12174.9600 10  1    0.2825    0.8001    0.2825    0.0000   -1.7298   -0.0976    0.0071    0.1892   -4.9782   -0.4179  0.8220E+02  0.3080E+03  0.9980E-16 -0.1517E-13  0.1000E-09  0.5225E-01  0.1000E-09  0.2643E+00  0.8966E+01  0.0000E+00
12175.9600 10  1    0.2825    0.8001    0.2825    0.0000   -1.7298   -0.0976    0.0071    0.1892   -4.9785   -0.4178  0.8220E+02  0.3083E+03  0.9980E-16 -0.1517E-13  0.1000E-09  0.5225E-01  0.1000E-09  0.2643E+00  0.8966E+01  0.0000E+00
12176.9600 10  1    0.2825    0.8001    0.2825    0.0000   -1.7298   -0.0975    0.0071    0.1892   -4.9787   -0.4178  0.8220E+02  0.3087E+03  0.9980E-16 -0.1517E-13  0.1000E-09  0.5225E-01  0.1000E-09  0.2643E+00  0.8966E+01  0.0000E+00
12177.9600 10  1    0.2825    0.8001    0.2825    0.0000   -1.7298   -0.0975    0.0071    0.1892   -4.9789   -0.4178  0.8220E+02  0.3091E+03  0.9980E-16 -0.1517E-13  0.1000E-09  0.5225E-01  0.1000E-09  0.2643E+00  0.8966E+01  0.0000E+00
12178.9600 10  1    0.2825    0.8001    0.2825    0.0000   -1.7298   -0.0975    0.0071    0.1892   -4.9792   -0.4178  0.8220E+02  0.3095E+03  0.9981E-16 -0.1517E-13  0.1000E-09  0.5225E-01  0.1000E-09  0.2643E+00  0.8966E+01  0.0000E+00
12179.9600 10  1    0.2825    0.8001    0.2825    0.0000   -1.7298   -0.0975    0.0071    0.1892   -4.9794   -0.4178  0.8220E+02  0.3098E+03  0.9981E-16 -0.1517E-13  0.1000E-09  0.5225E-01  0.1000E-09  0.2643E+00  0.8966E+01  0.0000E+00
12180.9600 10  1    0.2825    0.8001    0.2825    0.0000   -1.7298   -0.0975    0.0071    0.1892   -4.9796   -0.4178  0.8220E+02  0.3102E+03  0.9982E-16 -0.1517E-13  0.1000E-09  0.5225E-01  0.1000E-09  0.2643E+00  0.8965E+01  0.0000E+00
12181.9600 10  1    0.2825    0.8001    0.2825    0.0000   -1.7298   -0.0975    0.0071    0.1892   -4.9799   -0.4177  0.8220E+02  0.3106E+03  0.9983E-16 -0.1517E-13  0.1000E-09  0.5225E-01  0.1000E-09  0.2643E+00  0.8965E+01  0.0000E+00
12182.9600 10  1    0.2825    0.8001    0.2825    0.0000   -1.7298   -0.0975    0.0071    0.1892   -4.9801   -0.4177  0.8220E+02  0.3109E+03  0.9983E-16 -0.1517E-13  0.1000E-09  0.5225E-01  0.1000E-09  0.2644E+00  0.8965E+01  0.0000E+00
12183.9600 10  1    0.2825    0.8001    0.2825    0.0000   -1.7298   -0.0975    0.0071    0.1892   -4.9803   -0.4177  0.8220E+02  0.3113E+03  0.9984E-16 -0.1517E-13  0.1000E-09  0.5225E-01  0.1000E-09  0.2644E+00  0.8965E+01  0.0000E+00
12184.9600 10  1    0.2825    0.8001    0.2825    0.0000   -1.7298   -0.0975    0.0071    0.1892   -4.9805   -0.4177  0.8220E+02  0.3117E+03  0.9985E-16 -0.1517E-13  0.1000E-09  0.5225E-01  0.1000E-09  0.2644E+00  0.8965E+01  0.0000E+00
12185.9600 10  1    0.2825    0.8001    0.2825    0.0000   -1.7298   -0.0975    0.0071    0.1892   -4.9808   -0.4177  0.8220E+02  0.3121E+03  0.9985E-16 -0.1517E-13  0.1000E-09  0.5225E-01  0.1000E-09  0.2644E+00  0.8965E+01  0.0000E+00
12186.9600 10  1    0.2825    0.8001    0.2825    0.0000   -1.7298   -0.0975    0.0071    0.1892   -4.9810   -0.4176  0.8220E+02  0.3124E+03  0.9986E-16 -0.1517E-13  0.1000E-09  0.5225E-01  0.1000E-09  0.2644E+00  0.8965E+01  0.0000E+00
12187.9600 10  1    0.2825    0.8001    0.2825    0.0000   -1.7298   -0.0975    0.0071    0.1892   -4.9812   -0.4176  0.8221E+02  0.3128E+03  0.9987E-16 -0.1517E-13  0.1000E-09  0.5225E-01  0.1000E-09  0.2644E+00  0.8965E+01  0.0000E+00
12188.9600 10  1    0.2825    0.8001    0.2825    0.0000   -1.7298   -0.0975    0.0071    0.1892   -4.9815   -0.4176  0.8221E+02  0.3132E+03  0.9987E-16 -0.1517E-13  0.1000E-09  0.5225E-01  0.1000E-09  0.2644E+00  0.8965E+01  0.0000E+00
12189.9600 10  1    0.2825    0.8001    0.2825    0.0000   -1.7298   -0.0975    0.0071    0.1892   -4.9817   -0.4176  0.8221E+02  0.3136E+03  0.9988E-16 -0.1517E-13  0.1000E-09  0.5225E-01  0.1000E-09  0.2644E+00  0.8965E+01  0.0000E+00
12190.9600 10  1    0.2825    0.8001    0.2825    0.0000   -1.7298   -0.0975    0.0071    0.1892   -4.9819   -0.4176  0.8221E+02  0.3139E+03  0.9988E-16 -0.1517E-13  0.1000E-09  0.5224E-01  0.1000E-09  0.2644E+00  0.8965E+01  0.0000E+00
12191.9600 10  1    0.2825    0.8001    0.2825    0.0000   -1.7298   -0.0975    0.0071    0.1892   -4.9822   -0.4175  0.8221E+02  0.3143E+03  0.9989E-16 -0.1517E-13  0.1000E-09  0.5224E-01  0.1000E-09  0.2644E+00  0.8965E+01  0.0000E+00
12192.9600 10  1    0.2825    0.8001    0.2825    0.0000   -1.7298   -0.0975    0.0071    0.1892   -4.9824   -0.4175  0.8221E+02  0.3147E+03  0.9990E-16 -0.1517E-13  0.1000E-09  0.5224E-01  0.1000E-09  0.2644E+00  0.8965E+01  0.0000E+00
12193.9600 10  1    0.2825    0.8001    0.2825    0.0000   -1.7298   -0.0975    0.0071    0.1892   -4.9826   -0.4175  0.8221E+02  0.3151E+03  0.9990E-16 -0.1518E-13  0.1000E-09  0.5224E-01  0.1000E-09  0.2644E+00  0.8965E+01  0.0000E+00
12194.9600 10  1    0.2825    0.8001    0.2825    0.0000   -1.7298   -0.0975    0.0071    0.1892   -4.9829   -0.4175  0.8221E+02  0.3154E+03  0.9991E-16 -0.1518E-13  0.1000E-09  0.5224E-01  0.1000E-09  0.2644E+00  0.8965E+01  0.0000E+00
12195.9600 10  1    0.2825    0.8001    0.2825    0.0000   -1.7298   -0.0975    0.0071    0.1892   -4.9831   -0.4175  0.8221E+02  0.3158E+03  0.9992E-16 -0.1518E-13  0.1000E-09  0.5224E-01  0.1000E-09  0.2644E+00  0.8965E+01  0.0000E+00
12196.9600 10  1    0.2825    0.8001    0.2825    0.0000   -1.7298   -0.0974    0.0071    0.1892   -4.9833   -0.4175  0.8221E+02  0.3162E+03  0.9992E-16 -0.1518E-13  0.1000E-09  0.5224E-01  0.1000E-09  0.2644E+00  0.8965E+01  0.0000E+00
12197.9600 10  1    0.2825    0.8001    0.2825    0.0000   -1.7298   -0.0974    0.0071    0.1892   -4.9835   -0.4174  0.8221E+02  0.3166E+03  0.9993E-16 -0.1518E-13  0.1000E-09  0.5224E-01  0.1000E-09  0.2644E+00  0.8965E+01  0.0000E+00
12198.9600 10  1    0.2825    0.8001    0.2825    0.0000   -1.7298   -0.0974    0.0071    0.1892   -4.9838   -0.4174  0.8221E+02  0.3169E+03  0.9994E-16 -0.1518E-13  0.1000E-09  0.5224E-01  0.1000E-09  0.2644E+00  0.8965E+01  0.0000E+00
12199.9600 10  1    0.2825    0.8001    0.2825    0.0000   -1.7298   -0.0974    0.0071    0.1892   -4.9840   -0.4174  0.8221E+02  0.3173E+03  0.9994E-16 -0.1518E-13  0.1000E-09  0.5224E-01  0.1000E-09  0.2644E+00  0.8965E+01  0.0000E+00
12200.9600 10  1    0.2825    0.8001    0.2825    0.0000   -1.7298   -0.0974    0.0071    0.1893   -4.9842   -0.4174  0.8221E+02  0.3177E+03  0.9995E-16 -0.1518E-13  0.1000E-09  0.5224E-01  0.1000E-09  0.2644E+00  0.8965E+01  0.0000E+00
12201.9600 10  1    0.2825    0.8001    0.2825    0.0000   -1.7298   -0.0974    0.0071    0.1893   -4.9845   -0.4174  0.8221E+02  0.3181E+03  0.9996E-16 -0.1518E-13  0.1000E-09  0.5224E-01  0.1000E-09  0.2645E+00  0.8965E+01  0.0000E+00
12202.9600 10  1    0.2825    0.8001    0.2825    0.0000   -1.7298   -0.0974    0.0071    0.1893   -4.9847   -0.4173  0.8221E+02  0.3184E+03  0.9996E-16 -0.1518E-13  0.1000E-09  0.5224E-01  0.1000E-09  0.2645E+00  0.8965E+01  0.0000E+00
12203.9600 10  1    0.2825    0.8001    0.2825    0.0000   -1.7298   -0.0974    0.0071    0.1893   -4.9849   -0.4173  0.8222E+02  0.3188E+03  0.9997E-16 -0.1518E-13  0.1000E-09  0.5224E-01  0.1000E-09  0.2645E+00  0.8965E+01  0.0000E+00
12204.9600 10  1    0.2825    0.8001    0.2825    0.0000   -1.7298   -0.0974    0.0071    0.1893   -4.9852   -0.4173  0.8222E+02  0.3192E+03  0.9997E-16 -0.1518E-13  0.1000E-09  0.5224E-01  0.1000E-09  0.2645E+00  0.8965E+01  0.0000E+00
12205.9600 10  1    0.2825    0.8001    0.2825    0.0000   -1.7298   -0.0974    0.0071    0.1893   -4.9854   -0.4173  0.8222E+02  0.3196E+03  0.9998E-16 -0.1518E-13  0.1000E-09  0.5224E-01  0.1000E-09  0.2645E+00  0.8965E+01  0.0000E+00
12206.9600 10  1    0.2825    0.8001    0.2825    0.0000   -1.7298   -0.0974    0.0071    0.1893   -4.9856   -0.4173  0.8222E+02  0.3200E+03  0.9999E-16 -0.1518E-13  0.1000E-09  0.5224E-01  0.1000E-09  0.2645E+00  0.8965E+01  0.0000E+00
12207.9600 10  1    0.2825    0.8001    0.2825    0.0000   -1.7298   -0.0974    0.0071    0.1893   -4.9859   -0.4172  0.8222E+02  0.3203E+03  0.9999E-16 -0.1518E-13  0.1000E-09  0.5224E-01  0.1000E-09  0.2645E+00  0.8965E+01  0.0000E+00
12208.9600 10  1    0.2825    0.8001    0.2825    0.0000   -1.7298   -0.0974    0.0071    0.1893   -4.9861   -0.4172  0.8222E+02  0.3207E+03  0.1000E-15 -0.1518E-13  0.1000E-09  0.5224E-01  0.1000E-09  0.2645E+00  0.8965E+01  0.0000E+00
12209.9600 10  1    0.2825    0.8001    0.2825    0.0000   -1.7298   -0.0974    0.0071    0.1893   -4.9863   -0.4172  0.8222E+02  0.3211E+03  0.1000E-15 -0.1519E-13  0.1000E-09  0.5224E-01  0.1000E-09  0.2645E+00  0.8965E+01  0.0000E+00
12210.9600 10  1    0.2825    0.8001    0.2825    0.0000   -1.7298   -0.0974    0.0071    0.1893   -4.9865   -0.4172  0.8222E+02  0.3215E+03  0.1000E-15 -0.1519E-13  0.1000E-09  0.5224E-01  0.1000E-09  0.2645E+00  0.8965E+01  0.0000E+00
12211.9600 10  1    0.2825    0.8001    0.2825    0.0000   -1.7298   -0.0974    0.0071    0.1893   -4.9868   -0.4172  0.8222E+02  0.3219E+03  0.1000E-15 -0.1519E-13  0.1000E-09  0.5224E-01  0.1000E-09  0.2645E+00  0.8965E+01  0.0000E+00
12212.9600 10  1    0.2825    0.8001    0.2825    0.0000   -1.7298   -0.0974    0.0071    0.1893   -4.9870   -0.4172  0.8222E+02  0.3223E+03  0.1000E-15 -0.1519E-13  0.1000E-09  0.5224E-01  0.1000E-09  0.2645E+00  0.8965E+01  0.0000E+00
12213.9600 10  1    0.2825    0.8001    0.2825    0.0000   -1.7298   -0.0974    0.0071    0.1893   -4.9872   -0.4171  0.8222E+02  0.3226E+03  0.1000E-15 -0.1519E-13  0.1000E-09  0.5224E-01  0.1000E-09  0.2645E+00  0.8965E+01  0.0000E+00
12214.9600 10  1    0.2825    0.8001    0.2825    0.0000   -1.7298   -0.0974    0.0071    0.1893   -4.9875   -0.4171  0.8222E+02  0.3230E+03  0.1000E-15 -0.1519E-13  0.1000E-09  0.5224E-01  0.1000E-09  0.2645E+00  0.8965E+01  0.0000E+00
12215.9600 10  1    0.2825    0.8001    0.2825    0.0000   -1.7298   -0.0974    0.0071    0.1893   -4.9877   -0.4171  0.8222E+02  0.3234E+03  0.1000E-15 -0.1519E-13  0.1000E-09  0.5224E-01  0.1000E-09  0.2645E+00  0.8964E+01  0.0000E+00
12216.9600 10  1    0.2825    0.8001    0.2825    0.0000   -1.7298   -0.0973    0.0071    0.1893   -4.9879   -0.4171  0.8222E+02  0.3238E+03  0.1001E-15 -0.1519E-13  0.1000E-09  0.5224E-01  0.1000E-09  0.2645E+00  0.8964E+01  0.0000E+00
12217.9600 10  1    0.2825    0.8001    0.2825    0.0000   -1.7298   -0.0973    0.0071    0.1893   -4.9882   -0.4171  0.8222E+02  0.3242E+03  0.1001E-15 -0.1519E-13  0.1000E-09  0.5224E-01  0.1000E-09  0.2645E+00  0.8964E+01  0.0000E+00
12218.9600 10  1    0.2825    0.8001    0.2825    0.0000   -1.7298   -0.0973    0.0071    0.1893   -4.9884   -0.4170  0.8223E+02  0.3245E+03  0.1001E-15 -0.1519E-13  0.1000E-09  0.5224E-01  0.1000E-09  0.2645E+00  0.8964E+01  0.0000E+00
12219.9600 10  1    0.2825    0.8001    0.2825    0.0000   -1.7298   -0.0973    0.0071    0.1893   -4.9886   -0.4170  0.8223E+02  0.3249E+03  0.1001E-15 -0.1519E-13  0.1000E-09  0.5224E-01  0.1000E-09  0.2646E+00  0.8964E+01  0.0000E+00
12220.9600 10  1    0.2825    0.8001    0.2825    0.0000   -1.7298   -0.0973    0.0071    0.1893   -4.9888   -0.4170  0.8223E+02  0.3253E+03  0.1001E-15 -0.1519E-13  0.1000E-09  0.5223E-01  0.1000E-09  0.2646E+00  0.8964E+01  0.0000E+00
12221.9600 10  1    0.2825    0.8001    0.2825    0.0000   -1.7298   -0.0973    0.0071    0.1893   -4.9891   -0.4170  0.8223E+02  0.3257E+03  0.1001E-15 -0.1519E-13  0.1000E-09  0.5223E-01  0.1000E-09  0.2646E+00  0.8964E+01  0.0000E+00
12222.9600 10  1    0.2825    0.8001    0.2825    0.0000   -1.7298   -0.0973    0.0071    0.1893   -4.9893   -0.4170  0.8223E+02  0.3261E+03  0.1001E-15 -0.1519E-13  0.1000E-09  0.5223E-01  0.1000E-09  0.2646E+00  0.8964E+01  0.0000E+00
12223.9600 10  1    0.2825    0.8001    0.2825    0.0000   -1.7298   -0.0973    0.0071    0.1893   -4.9895   -0.4169  0.8223E+02  0.3265E+03  0.1001E-15 -0.1519E-13  0.1000E-09  0.5223E-01  0.1000E-09  0.2646E+00  0.8964E+01  0.0000E+00
12224.9600 10  1    0.2825    0.8001    0.2825    0.0000   -1.7298   -0.0973    0.0071    0.1893   -4.9898   -0.4169  0.8223E+02  0.3269E+03  0.1001E-15 -0.1519E-13  0.1000E-09  0.5223E-01  0.1000E-09  0.2646E+00  0.8964E+01  0.0000E+00
12225.9600 10  1    0.2825    0.8001    0.2825    0.0000   -1.7298   -0.0973    0.0071    0.1893   -4.9900   -0.4169  0.8223E+02  0.3272E+03  0.1001E-15 -0.1520E-13  0.1000E-09  0.5223E-01  0.1000E-09  0.2646E+00  0.8964E+01  0.0000E+00
12226.9600 10  1    0.2825    0.8001    0.2825    0.0000   -1.7298   -0.0973    0.0071    0.1893   -4.9902   -0.4169  0.8223E+02  0.3276E+03  0.1001E-15 -0.1520E-13  0.1000E-09  0.5223E-01  0.1000E-09  0.2646E+00  0.8964E+01  0.0000E+00
12227.9600 10  1    0.2825    0.8001    0.2825    0.0000   -1.7298   -0.0973    0.0071    0.1893   -4.9905   -0.4169  0.8223E+02  0.3280E+03  0.1001E-15 -0.1520E-13  0.1000E-09  0.5223E-01  0.1000E-09  0.2646E+00  0.8964E+01  0.0000E+00
12228.9600 10  1    0.2825    0.8001    0.2825    0.0000   -1.7298   -0.0973    0.0071    0.1893   -4.9907   -0.4169  0.8223E+02  0.3284E+03  0.1001E-15 -0.1520E-13  0.1000E-09  0.5223E-01  0.1000E-09  0.2646E+00  0.8964E+01  0.0000E+00
12229.9600 10  1    0.2825    0.8001    0.2825    0.0000   -1.7298   -0.0973    0.0071    0.1893   -4.9909   -0.4168  0.8223E+02  0.3288E+03  0.1001E-15 -0.1520E-13  0.1000E-09  0.5223E-01  0.1000E-09  0.2646E+00  0.8964E+01  0.0000E+00
12230.9600 10  1    0.2825    0.8001    0.2825    0.0000   -1.7298   -0.0973    0.0071    0.1893   -4.9912   -0.4168  0.8223E+02  0.3292E+03  0.1001E-15 -0.1520E-13  0.1000E-09  0.5223E-01  0.1000E-09  0.2646E+00  0.8964E+01  0.0000E+00
12231.9600 10  1    0.2825    0.8001    0.2825    0.0000   -1.7298   -0.0973    0.0071    0.1893   -4.9914   -0.4168  0.8223E+02  0.3296E+03  0.1001E-15 -0.1520E-13  0.1000E-09  0.5223E-01  0.1000E-09  0.2646E+00  0.8964E+01  0.0000E+00
12232.9600 10  1    0.2825    0.8001    0.2825    0.0000   -1.7298   -0.0973    0.0071    0.1893   -4.9916   -0.4168  0.8224E+02  0.3300E+03  0.1001E-15 -0.1520E-13  0.1000E-09  0.5223E-01  0.1000E-09  0.2646E+00  0.8964E+01  0.0000E+00
12233.9600 10  1    0.2825    0.8001    0.2825    0.0000   -1.7298   -0.0973    0.0071    0.1893   -4.9918   -0.4168  0.8224E+02  0.3303E+03  0.1001E-15 -0.1520E-13  0.1000E-09  0.5223E-01  0.1000E-09  0.2646E+00  0.8964E+01  0.0000E+00
12234.9600 10  1    0.2825    0.8001    0.2825    0.0000   -1.7298   -0.0973    0.0071    0.1893   -4.9921   -0.4167  0.8224E+02  0.3307E+03  0.1001E-15 -0.1520E-13  0.1000E-09  0.5223E-01  0.1000E-09  0.2646E+00  0.8964E+01  0.0000E+00
12235.9600 10  1    0.2825    0.8001    0.2825    0.0000   -1.7298   -0.0973    0.0071    0.1894   -4.9923   -0.4167  0.8224E+02  0.3311E+03  0.1001E-15 -0.1520E-13  0.1000E-09  0.5223E-01  0.1000E-09  0.2646E+00  0.8964E+01  0.0000E+00
12236.9600 10  1    0.2825    0.8001    0.2825    0.0000   -1.7298   -0.0972    0.0071    0.1894   -4.9925   -0.4167  0.8224E+02  0.3315E+03  0.1001E-15 -0.1520E-13  0.1000E-09  0.5223E-01  0.1000E-09  0.2646E+00  0.8964E+01  0.0000E+00
12237.9600 10  1    0.2825    0.8001    0.2825    0.0000   -1.7298   -0.0972    0.0071    0.1894   -4.9928   -0.4167  0.8224E+02  0.3319E+03  0.1001E-15 -0.1520E-13  0.1000E-09  0.5223E-01  0.1000E-09  0.2647E+00  0.8964E+01  0.0000E+00
12238.9600 10  1    0.2825    0.8001    0.2825    0.0000   -1.7298   -0.0972    0.0071    0.1894   -4.9930   -0.4167  0.8224E+02  0.3323E+03  0.1001E-15 -0.1520E-13  0.1000E-09  0.5223E-01  0.1000E-09  0.2647E+00  0.8964E+01  0.0000E+00
12239.9600 10  1    0.2825    0.8001    0.2825    0.0000   -1.7298   -0.0972    0.0071    0.1894   -4.9932   -0.4166  0.8224E+02  0.3327E+03  0.1001E-15 -0.1520E-13  0.1000E-09  0.5223E-01  0.1000E-09  0.2647E+00  0.8964E+01  0.0000E+00
12240.9600 10  1    0.2825    0.8001    0.2825    0.0000   -1.7298   -0.0972    0.0071    0.1894   -4.9935   -0.4166  0.8224E+02  0.3331E+03  0.1001E-15 -0.1520E-13  0.1000E-09  0.5223E-01  0.1000E-09  0.2647E+00  0.8964E+01  0.0000E+00
12241.9600 10  1    0.2825    0.8001    0.2825    0.0000   -1.7298   -0.0972    0.0071    0.1894   -4.9937   -0.4166  0.8224E+02  0.3335E+03  0.1001E-15 -0.1520E-13  0.1000E-09  0.5223E-01  0.1000E-09  0.2647E+00  0.8964E+01  0.0000E+00
12242.9600 10  1    0.2825    0.8001    0.2825    0.0000   -1.7298   -0.0972    0.0071    0.1894   -4.9939   -0.4166  0.8224E+02  0.3339E+03  0.1001E-15 -0.1520E-13  0.1000E-09  0.5223E-01  0.1000E-09  0.2647E+00  0.8964E+01  0.0000E+00
12243.9600 10  1    0.2825    0.8001    0.2825    0.0000   -1.7298   -0.0972    0.0071    0.1894   -4.9941   -0.4166  0.8224E+02  0.3343E+03  0.1001E-15 -0.1520E-13  0.1000E-09  0.5223E-01  0.1000E-09  0.2647E+00  0.8964E+01  0.0000E+00
12244.9600 10  1    0.2825    0.8001    0.2825    0.0000   -1.7298   -0.0972    0.0071    0.1894   -4.9944   -0.4165  0.8224E+02  0.3346E+03  0.1002E-15 -0.1520E-13  0.1000E-09  0.5223E-01  0.1000E-09  0.2647E+00  0.8964E+01  0.0000E+00
12245.9600 10  1    0.2825    0.8001    0.2825    0.0000   -1.7298   -0.0972    0.0071    0.1894   -4.9946   -0.4165  0.8224E+02  0.3350E+03  0.1002E-15 -0.1520E-13  0.1000E-09  0.5223E-01  0.1000E-09  0.2647E+00  0.8964E+01  0.0000E+00
12246.9600 10  1    0.2825    0.8001    0.2825    0.0000   -1.7298   -0.0972    0.0071    0.1894   -4.9948   -0.4165  0.8224E+02  0.3354E+03  0.1002E-15 -0.1520E-13  0.1000E-09  0.5223E-01  0.1000E-09  0.2647E+00  0.8964E+01  0.0000E+00
12247.9600 10  1    0.2825    0.8001    0.2825    0.0000   -1.7298   -0.0972    0.0071    0.1894   -4.9951   -0.4165  0.8225E+02  0.3358E+03  0.1002E-15 -0.1520E-13  0.1000E-09  0.5223E-01  0.1000E-09  0.2647E+00  0.8964E+01  0.0000E+00
12248.9600 10  1    0.2825    0.8001    0.2825    0.0000   -1.7298   -0.0972    0.0071    0.1894   -4.9953   -0.4165  0.8225E+02  0.3362E+03  0.1002E-15 -0.1520E-13  0.1000E-09  0.5223E-01  0.1000E-09  0.2647E+00  0.8964E+01  0.0000E+00
12249.9600 10  1    0.2825    0.8001    0.2825    0.0000   -1.7298   -0.0972    0.0071    0.1894   -4.9955   -0.4165  0.8225E+02  0.3366E+03  0.1002E-15 -0.1520E-13  0.1000E-09  0.5222E-01  0.1000E-09  0.2647E+00  0.8963E+01  0.0000E+00
12250.9600 10  1    0.2825    0.8001    0.2825    0.0000   -1.7298   -0.0972    0.0071    0.1894   -4.9957   -0.4164  0.8225E+02  0.3370E+03  0.1002E-15 -0.1520E-13  0.1000E-09  0.5222E-01  0.1000E-09  0.2647E+00  0.8963E+01  0.0000E+00
12251.9600 10  1    0.2825    0.8001    0.2825    0.0000   -1.7298   -0.0972    0.0071    0.1894   -4.9960   -0.4164  0.8225E+02  0.3374E+03  0.1002E-15 -0.1520E-13  0.1000E-09  0.5222E-01  0.1000E-09  0.2647E+00  0.8963E+01  0.0000E+00
12252.9600 10  1    0.2825    0.8001    0.2825    0.0000   -1.7298   -0.0972    0.0071    0.1894   -4.9962   -0.4164  0.8225E+02  0.3378E+03  0.1002E-15 -0.1520E-13  0.1000E-09  0.5222E-01  0.1000E-09  0.2647E+00  0.8963E+01  0.0000E+00
12253.9600 10  1    0.2825    0.8001    0.2825    0.0000   -1.7298   -0.0972    0.0071    0.1894   -4.9964   -0.4164  0.8225E+02  0.3382E+03  0.1002E-15 -0.1520E-13  0.1000E-09  0.5222E-01  0.1000E-09  0.2647E+00  0.8963E+01  0.0000E+00
12254.9600 10  1    0.2825    0.8001    0.2825    0.0000   -1.7298   -0.0972    0.0071    0.1894   -4.9967   -0.4164  0.8225E+02  0.3386E+03  0.1002E-15 -0.1520E-13  0.1000E-09  0.5222E-01  0.1000E-09  0.2647E+00  0.8963E+01  0.0000E+00
12255.9600 10  1    0.2825    0.8001    0.2825    0.0000   -1.7298   -0.0971    0.0071    0.1894   -4.9969   -0.4163  0.8225E+02  0.3390E+03  0.1002E-15 -0.1520E-13  0.1000E-09  0.5222E-01  0.1000E-09  0.2648E+00  0.8963E+01  0.0000E+00
12256.9600 10  1    0.2825    0.8001    0.2825    0.0000   -1.7298   -0.0971    0.0071    0.1894   -4.9971   -0.4163  0.8225E+02  0.3394E+03  0.1002E-15 -0.1520E-13  0.1000E-09  0.5222E-01  0.1000E-09  0.2648E+00  0.8963E+01  0.0000E+00
12257.9600 10  1    0.2825    0.8001    0.2825    0.0000   -1.7298   -0.0971    0.0071    0.1894   -4.9974   -0.4163  0.8225E+02  0.3398E+03  0.1002E-15 -0.1520E-13  0.1000E-09  0.5222E-01  0.1000E-09  0.2648E+00  0.8963E+01  0.0000E+00
12258.9600 10  1    0.2825    0.8001    0.2825    0.0000   -1.7298   -0.0971    0.0071    0.1894   -4.9976   -0.4163  0.8225E+02  0.3402E+03  0.1002E-15 -0.1520E-13  0.1000E-09  0.5222E-01  0.1000E-09  0.2648E+00  0.8963E+01  0.0000E+00
12259.9600 10  1    0.2825    0.8001    0.2825    0.0000   -1.7298   -0.0971    0.0071    0.1894   -4.9978   -0.4163  0.8225E+02  0.3406E+03  0.1002E-15 -0.1520E-13  0.1000E-09  0.5222E-01  0.1000E-09  0.2648E+00  0.8963E+01  0.0000E+00
12260.9600 10  1    0.2825    0.8001    0.2825    0.0000   -1.7298   -0.0971    0.0071    0.1894   -4.9980   -0.4162  0.8225E+02  0.3410E+03  0.1002E-15 -0.1520E-13  0.1000E-09  0.5222E-01  0.1000E-09  0.2648E+00  0.8963E+01  0.0000E+00
12261.9600 10  1    0.2825    0.8001    0.2825    0.0000   -1.7298   -0.0971    0.0071    0.1894   -4.9983   -0.4162  0.8226E+02  0.3414E+03  0.1002E-15 -0.1520E-13  0.1000E-09  0.5222E-01  0.1000E-09  0.2648E+00  0.8963E+01  0.0000E+00
12262.9600 10  1    0.2825    0.8001    0.2825    0.0000   -1.7298   -0.0971    0.0071    0.1894   -4.9985   -0.4162  0.8226E+02  0.3418E+03  0.1002E-15 -0.1520E-13  0.1000E-09  0.5222E-01  0.1000E-09  0.2648E+00  0.8963E+01  0.0000E+00
12263.9600 10  1    0.2825    0.8001    0.2825    0.0000   -1.7298   -0.0971    0.0071    0.1894   -4.9987   -0.4162  0.8226E+02  0.3422E+03  0.1002E-15 -0.1520E-13  0.1000E-09  0.5222E-01  0.1000E-09  0.2648E+00  0.8963E+01  0.0000E+00
12264.9600 10  1    0.2825    0.8001    0.2825    0.0000   -1.7298   -0.0971    0.0071    0.1894   -4.9990   -0.4162  0.8226E+02  0.3426E+03  0.1002E-15 -0.1520E-13  0.1000E-09  0.5222E-01  0.1000E-09  0.2648E+00  0.8963E+01  0.0000E+00
12265.9600 10  1    0.2825    0.8001    0.2825    0.0000   -1.7298   -0.0971    0.0071    0.1894   -4.9992   -0.4162  0.8226E+02  0.3430E+03  0.1002E-15 -0.1520E-13  0.1000E-09  0.5222E-01  0.1000E-09  0.2648E+00  0.8963E+01  0.0000E+00
12266.9600 10  1    0.2825    0.8001    0.2825    0.0000   -1.7298   -0.0971    0.0071    0.1894   -4.9994   -0.4161  0.8226E+02  0.3434E+03  0.1002E-15 -0.1520E-13  0.1000E-09  0.5222E-01  0.1000E-09  0.2648E+00  0.8963E+01  0.0000E+00
12267.9600 10  1    0.2825    0.8001    0.2825    0.0000   -1.7298   -0.0971    0.0071    0.1894   -4.9997   -0.4161  0.8226E+02  0.3438E+03  0.1002E-15 -0.1520E-13  0.1000E-09  0.5222E-01  0.1000E-09  0.2648E+00  0.8963E+01  0.0000E+00
12268.9600 10  1    0.2825    0.8001    0.2825    0.0000   -1.7298   -0.0971    0.0071    0.1894   -4.9999   -0.4161  0.8226E+02  0.3442E+03  0.1002E-15 -0.1520E-13  0.1000E-09  0.5222E-01  0.1000E-09  0.2648E+00  0.8963E+01  0.0000E+00
12269.9600 10  1    0.2825    0.8001    0.2825    0.0000   -1.7298   -0.0971    0.0071    0.1894   -5.0001   -0.4161  0.8226E+02  0.3446E+03  0.1002E-15 -0.1520E-13  0.1000E-09  0.5222E-01  0.1000E-09  0.2648E+00  0.8963E+01  0.0000E+00
12270.9600 10  1    0.2825    0.8001    0.2825    0.0000   -1.7298   -0.0971    0.0071    0.1894   -5.0003   -0.4161  0.8226E+02  0.3450E+03  0.1002E-15 -0.1520E-13  0.1000E-09  0.5222E-01  0.1000E-09  0.2648E+00  0.8963E+01  0.0000E+00
12271.9600 10  1    0.2825    0.8001    0.2825    0.0000   -1.7298   -0.0971    0.0071    0.1895   -5.0006   -0.4160  0.8226E+02  0.3454E+03  0.1002E-15 -0.1520E-13  0.1000E-09  0.5222E-01  0.1000E-09  0.2648E+00  0.8963E+01  0.0000E+00
12272.9600 10  1    0.2825    0.8001    0.2825    0.0000   -1.7298   -0.0971    0.0071    0.1895   -5.0008   -0.4160  0.8226E+02  0.3458E+03  0.1002E-15 -0.1520E-13  0.1000E-09  0.5222E-01  0.1000E-09  0.2648E+00  0.8963E+01  0.0000E+00
12273.9600 10  1    0.2825    0.8001    0.2825    0.0000   -1.7298   -0.0971    0.0071    0.1895   -5.0010   -0.4160  0.8226E+02  0.3462E+03  0.1002E-15 -0.1520E-13  0.1000E-09  0.5222E-01  0.1000E-09  0.2649E+00  0.8963E+01  0.0000E+00
12274.9600 10  1    0.2825    0.8001    0.2825    0.0000   -1.7298   -0.0971    0.0071    0.1895   -5.0013   -0.4160  0.8226E+02  0.3466E+03  0.1002E-15 -0.1520E-13  0.1000E-09  0.5222E-01  0.1000E-09  0.2649E+00  0.8963E+01  0.0000E+00
12275.9600 10  1    0.2825    0.8001    0.2825    0.0000   -1.7298   -0.0970    0.0071    0.1895   -5.0015   -0.4160  0.8227E+02  0.3470E+03  0.1002E-15 -0.1520E-13  0.1000E-09  0.5222E-01  0.1000E-09  0.2649E+00  0.8963E+01  0.0000E+00
12276.9600 10  1    0.2825    0.8001    0.2825    0.0000   -1.7298   -0.0970    0.0071    0.1895   -5.0017   -0.4159  0.8227E+02  0.3474E+03  0.1002E-15 -0.1520E-13  0.1000E-09  0.5222E-01  0.1000E-09  0.2649E+00  0.8963E+01  0.0000E+00
12277.9600 10  1    0.2825    0.8001    0.2825    0.0000   -1.7298   -0.0970    0.0071    0.1895   -5.0019   -0.4159  0.8227E+02  0.3478E+03  0.1002E-15 -0.1520E-13  0.1000E-09  0.5222E-01  0.1000E-09  0.2649E+00  0.8963E+01  0.0000E+00
12278.9600 10  1    0.2825    0.8001    0.2825    0.0000   -1.7298   -0.0970    0.0071    0.1895   -5.0022   -0.4159  0.8227E+02  0.3482E+03  0.1002E-15 -0.1520E-13  0.1000E-09  0.5221E-01  0.1000E-09  0.2649E+00  0.8963E+01  0.0000E+00
12279.9600 10  1    0.2825    0.8001    0.2825    0.0000   -1.7298   -0.0970    0.0071    0.1895   -5.0024   -0.4159  0.8227E+02  0.3486E+03  0.1002E-15 -0.1520E-13  0.1000E-09  0.5221E-01  0.1000E-09  0.2649E+00  0.8963E+01  0.0000E+00
12280.9600 10  1    0.2825    0.8001    0.2825    0.0000   -1.7298   -0.0970    0.0071    0.1895   -5.0026   -0.4159  0.8227E+02  0.3490E+03  0.1002E-15 -0.1520E-13  0.1000E-09  0.5221E-01  0.1000E-09  0.2649E+00  0.8963E+01  0.0000E+00
12281.9600 10  1    0.2825    0.8001    0.2825    0.0000   -1.7298   -0.0970    0.0071    0.1895   -5.0029   -0.4159  0.8227E+02  0.3494E+03  0.1002E-15 -0.1520E-13  0.1000E-09  0.5221E-01  0.1000E-09  0.2649E+00  0.8963E+01  0.0000E+00
12282.9600 10  1    0.2825    0.8001    0.2825    0.0000   -1.7298   -0.0970    0.0071    0.1895   -5.0031   -0.4158  0.8227E+02  0.3498E+03  0.1002E-15 -0.1520E-13  0.1000E-09  0.5221E-01  0.1000E-09  0.2649E+00  0.8962E+01  0.0000E+00
12283.9600 10  1    0.2825    0.8001    0.2825    0.0000   -1.7298   -0.0970    0.0071    0.1895   -5.0033   -0.4158  0.8227E+02  0.3502E+03  0.1002E-15 -0.1520E-13  0.1000E-09  0.5221E-01  0.1000E-09  0.2649E+00  0.8962E+01  0.0000E+00
12284.9600 10  1    0.2825    0.8001    0.2825    0.0000   -1.7298   -0.0970    0.0071    0.1895   -5.0035   -0.4158  0.8227E+02  0.3506E+03  0.1002E-15 -0.1520E-13  0.1000E-09  0.5221E-01  0.1000E-09  0.2649E+00  0.8962E+01  0.0000E+00
12285.9600 10  1    0.2825    0.8001    0.2825    0.0000   -1.7298   -0.0970    0.0071    0.1895   -5.0038   -0.4158  0.8227E+02  0.3511E+03  0.1002E-15 -0.1520E-13  0.1000E-09  0.5221E-01  0.1000E-09  0.2649E+00  0.8962E+01  0.0000E+00
12286.9600 10  1    0.2825    0.8001    0.2825    0.0000   -1.7298   -0.0970    0.0071    0.1895   -5.0040   -0.4158  0.8227E+02  0.3515E+03  0.1003E-15 -0.1520E-13  0.1000E-09  0.5221E-01  0.1000E-09  0.2649E+00  0.8962E+01  0.0000E+00
12287.9600 10  1    0.2825    0.8001    0.2825    0.0000   -1.7298   -0.0970    0.0071    0.1895   -5.0042   -0.4157  0.8227E+02  0.3519E+03  0.1003E-15 -0.1520E-13  0.1000E-09  0.5221E-01  0.1000E-09  0.2649E+00  0.8962E+01  0.0000E+00
12288.9600 10  1    0.2825    0.8001    0.2825    0.0000   -1.7298   -0.0970    0.0071    0.1895   -5.0045   -0.4157  0.8227E+02  0.3523E+03  0.1003E-15 -0.1520E-13  0.1000E-09  0.5221E-01  0.1000E-09  0.2649E+00  0.8962E+01  0.0000E+00
12289.9600 10  1    0.2825    0.8001    0.2825    0.0000   -1.7298   -0.0970    0.0071    0.1895   -5.0047   -0.4157  0.8228E+02  0.3527E+03  0.1003E-15 -0.1521E-13  0.1000E-09  0.5221E-01  0.1000E-09  0.2649E+00  0.8962E+01  0.0000E+00
12290.9600 10  1    0.2825    0.8001    0.2825    0.0000   -1.7298   -0.0970    0.0071    0.1895   -5.0049   -0.4157  0.8228E+02  0.3531E+03  0.1004E-15 -0.1521E-13  0.1000E-09  0.5221E-01  0.1000E-09  0.2649E+00  0.8962E+01  0.0000E+00
12291.9600 10  1    0.2825    0.8001    0.2825    0.0000   -1.7298   -0.0970    0.0071    0.1895   -5.0052   -0.4157  0.8228E+02  0.3535E+03  0.1004E-15 -0.1521E-13  0.1000E-09  0.5221E-01  0.1000E-09  0.2649E+00  0.8962E+01  0.0000E+00
12292.9600 10  1    0.2825    0.8001    0.2825    0.0000   -1.7298   -0.0970    0.0071    0.1895   -5.0054   -0.4156  0.8228E+02  0.3539E+03  0.1004E-15 -0.1522E-13  0.1000E-09  0.5221E-01  0.1000E-09  0.2650E+00  0.8962E+01  0.0000E+00
12293.9600 10  1    0.2825    0.8001    0.2825    0.0000   -1.7298   -0.0970    0.0071    0.1895   -5.0056   -0.4156  0.8228E+02  0.3543E+03  0.1004E-15 -0.1522E-13  0.1000E-09  0.5221E-01  0.1000E-09  0.2650E+00  0.8962E+01  0.0000E+00
12294.9600 10  1    0.2825    0.8001    0.2825    0.0000   -1.7298   -0.0970    0.0071    0.1895   -5.0058   -0.4156  0.8228E+02  0.3547E+03  0.1004E-15 -0.1522E-13  0.1000E-09  0.5221E-01  0.1000E-09  0.2650E+00  0.8962E+01  0.0000E+00
12295.9600 10  1    0.2825    0.8001    0.2825    0.0000   -1.7298   -0.0969    0.0071    0.1895   -5.0061   -0.4156  0.8228E+02  0.3552E+03  0.1005E-15 -0.1523E-13  0.1000E-09  0.5221E-01  0.1000E-09  0.2650E+00  0.8962E+01  0.0000E+00
12296.9600 10  1    0.2825    0.8001    0.2825    0.0000   -1.7298   -0.0969    0.0071    0.1895   -5.0063   -0.4156  0.8228E+02  0.3556E+03  0.1005E-15 -0.1523E-13  0.1000E-09  0.5221E-01  0.1000E-09  0.2650E+00  0.8962E+01  0.0000E+00
12297.9600 10  1    0.2825    0.8001    0.2825    0.0000   -1.7298   -0.0969    0.0071    0.1895   -5.0065   -0.4156  0.8228E+02  0.3560E+03  0.1005E-15 -0.1523E-13  0.1000E-09  0.5221E-01  0.1000E-09  0.2650E+00  0.8962E+01  0.0000E+00
12298.9600 10  1    0.2825    0.8001    0.2825    0.0000   -1.7298   -0.0969    0.0071    0.1895   -5.0068   -0.4155  0.8228E+02  0.3564E+03  0.1005E-15 -0.1524E-13  0.1000E-09  0.5221E-01  0.1000E-09  0.2650E+00  0.8962E+01  0.0000E+00
12299.9600 10  1    0.2825    0.8001    0.2825    0.0000   -1.7298   -0.0969    0.0071    0.1895   -5.0070   -0.4155  0.8228E+02  0.3568E+03  0.1006E-15 -0.1524E-13  0.1000E-09  0.5221E-01  0.1000E-09  0.2650E+00  0.8962E+01  0.0000E+00
12300.9600 10  1    0.2825    0.8001    0.2825    0.0000   -1.7298   -0.0969    0.0071    0.1895   -5.0072   -0.4155  0.8228E+02  0.3572E+03  0.1006E-15 -0.1524E-13  0.1000E-09  0.5221E-01  0.1000E-09  0.2650E+00  0.8962E+01  0.0000E+00
12301.9600 10  1    0.2825    0.8001    0.2825    0.0000   -1.7298   -0.0969    0.0071    0.1895   -5.0074   -0.4155  0.8228E+02  0.3576E+03  0.1006E-15 -0.1525E-13  0.1000E-09  0.5221E-01  0.1000E-09  0.2650E+00  0.8962E+01  0.0000E+00
12302.9600 10  1    0.2825    0.8001    0.2825    0.0000   -1.7298   -0.0969    0.0071    0.1895   -5.0077   -0.4155  0.8228E+02  0.3581E+03  0.1006E-15 -0.1525E-13  0.1000E-09  0.5221E-01  0.1000E-09  0.2650E+00  0.8962E+01  0.0000E+00
12303.9600 10  1    0.2825    0.8001    0.2825    0.0000   -1.7298   -0.0969    0.0071    0.1895   -5.0079   -0.4154  0.8229E+02  0.3585E+03  0.1007E-15 -0.1525E-13  0.1000E-09  0.5221E-01  0.1000E-09  0.2650E+00  0.8962E+01  0.0000E+00
12304.9600 10  1    0.2825    0.8001    0.2825    0.0000   -1.7298   -0.0969    0.0071    0.1895   -5.0081   -0.4154  0.8229E+02  0.3589E+03  0.1007E-15 -0.1526E-13  0.1000E-09  0.5221E-01  0.1000E-09  0.2650E+00  0.8962E+01  0.0000E+00
12305.9600 10  1    0.2825    0.8001    0.2825    0.0000   -1.7298   -0.0969    0.0071    0.1895   -5.0084   -0.4154  0.8229E+02  0.3593E+03  0.1007E-15 -0.1526E-13  0.1000E-09  0.5221E-01  0.1000E-09  0.2650E+00  0.8962E+01  0.0000E+00
12306.9600 10  1    0.2825    0.8001    0.2825    0.0000   -1.7298   -0.0969    0.0071    0.1896   -5.0086   -0.4154  0.8229E+02  0.3597E+03  0.1007E-15 -0.1526E-13  0.1000E-09  0.5221E-01  0.1000E-09  0.2650E+00  0.8962E+01  0.0000E+00
12307.9600 10  1    0.2825    0.8001    0.2825    0.0000   -1.7298   -0.0969    0.0071    0.1896   -5.0088   -0.4154  0.8229E+02  0.3601E+03  0.1008E-15 -0.1527E-13  0.1000E-09  0.5220E-01  0.1000E-09  0.2650E+00  0.8962E+01  0.0000E+00
12308.9600 10  1    0.2825    0.8001    0.2825    0.0000   -1.7298   -0.0969    0.0071    0.1896   -5.0090   -0.4153  0.8229E+02  0.3606E+03  0.1008E-15 -0.1527E-13  0.1000E-09  0.5220E-01  0.1000E-09  0.2650E+00  0.8962E+01  0.0000E+00
12309.9600 10  1    0.2825    0.8001    0.2825    0.0000   -1.7298   -0.0969    0.0071    0.1896   -5.0093   -0.4153  0.8229E+02  0.3610E+03  0.1008E-15 -0.1527E-13  0.1000E-09  0.5220E-01  0.1000E-09  0.2650E+00  0.8962E+01  0.0000E+00
12310.9600 10  1    0.2825    0.8001    0.2825    0.0000   -1.7298   -0.0969    0.0071    0.1896   -5.0095   -0.4153  0.8229E+02  0.3614E+03  0.1008E-15 -0.1527E-13  0.1000E-09  0.5220E-01  0.1000E-09  0.2651E+00  0.8962E+01  0.0000E+00
12311.9600 10  1    0.2825    0.8001    0.2825    0.0000   -1.7298   -0.0969    0.0071    0.1896   -5.0097   -0.4153  0.8229E+02  0.3618E+03  0.1009E-15 -0.1528E-13  0.1000E-09  0.5220E-01  0.1000E-09  0.2651E+00  0.8962E+01  0.0000E+00
12312.9600 10  1    0.2825    0.8001    0.2825    0.0000   -1.7298   -0.0969    0.0071    0.1896   -5.0100   -0.4153  0.8229E+02  0.3622E+03  0.1009E-15 -0.1528E-13  0.1000E-09  0.5220E-01  0.1000E-09  0.2651E+00  0.8962E+01  0.0000E+00
12313.9600 10  1    0.2825    0.8001    0.2825    0.0000   -1.7298   -0.0969    0.0071    0.1896   -5.0102   -0.4153  0.8229E+02  0.3626E+03  0.1009E-15 -0.1528E-13  0.1000E-09  0.5220E-01  0.1000E-09  0.2651E+00  0.8961E+01  0.0000E+00
12314.9600 10  1    0.2825    0.8001    0.2825    0.0000   -1.7298   -0.0969    0.0071    0.1896   -5.0104   -0.4152  0.8229E+02  0.3631E+03  0.1009E-15 -0.1529E-13  0.1000E-09  0.5220E-01  0.1000E-09  0.2651E+00  0.8961E+01  0.0000E+00
12315.9600 10  1    0.2825    0.8001    0.2825    0.0000   -1.7298   -0.0968    0.0071    0.1896   -5.0106   -0.4152  0.8229E+02  0.3635E+03  0.1009E-15 -0.1529E-13  0.1000E-09  0.5220E-01  0.1000E-09  0.2651E+00  0.8961E+01  0.0000E+00
12316.9600 10  1    0.2825    0.8001    0.2825    0.0000   -1.7298   -0.0968    0.0071    0.1896   -5.0109   -0.4152  0.8230E+02  0.3639E+03  0.1010E-15 -0.1529E-13  0.1000E-09  0.5220E-01  0.1000E-09  0.2651E+00  0.8961E+01  0.0000E+00
12317.9600 10  1    0.2825    0.8001    0.2825    0.0000   -1.7298   -0.0968    0.0071    0.1896   -5.0111   -0.4152  0.8230E+02  0.3643E+03  0.1010E-15 -0.1530E-13  0.1000E-09  0.5220E-01  0.1000E-09  0.2651E+00  0.8961E+01  0.0000E+00
12318.9600 10  1    0.2825    0.8001    0.2825    0.0000   -1.7298   -0.0968    0.0071    0.1896   -5.0113   -0.4152  0.8230E+02  0.3647E+03  0.1010E-15 -0.1530E-13  0.1000E-09  0.5220E-01  0.1000E-09  0.2651E+00  0.8961E+01  0.0000E+00
12319.9600 10  1    0.2825    0.8001    0.2825    0.0000   -1.7298   -0.0968    0.0071    0.1896   -5.0116   -0.4151  0.8230E+02  0.3652E+03  0.1010E-15 -0.1530E-13  0.1000E-09  0.5220E-01  0.1000E-09  0.2651E+00  0.8961E+01  0.0000E+00
12320.9600 10  1    0.2825    0.8001    0.2825    0.0000   -1.7298   -0.0968    0.0071    0.1896   -5.0118   -0.4151  0.8230E+02  0.3656E+03  0.1011E-15 -0.1531E-13  0.1000E-09  0.5220E-01  0.1000E-09  0.2651E+00  0.8961E+01  0.0000E+00
12321.9600 10  1    0.2825    0.8001    0.2825    0.0000   -1.7298   -0.0968    0.0071    0.1896   -5.0120   -0.4151  0.8230E+02  0.3660E+03  0.1011E-15 -0.1531E-13  0.1000E-09  0.5220E-01  0.1000E-09  0.2651E+00  0.8961E+01  0.0000E+00
12322.9600 10  1    0.2825    0.8001    0.2825    0.0000   -1.7298   -0.0968    0.0071    0.1896   -5.0122   -0.4151  0.8230E+02  0.3664E+03  0.1011E-15 -0.1531E-13  0.1000E-09  0.5220E-01  0.1000E-09  0.2651E+00  0.8961E+01  0.0000E+00
12323.9600 10  1    0.2825    0.8001    0.2825    0.0000   -1.7298   -0.0968    0.0071    0.1896   -5.0125   -0.4151  0.8230E+02  0.3669E+03  0.1011E-15 -0.1532E-13  0.1000E-09  0.5220E-01  0.1000E-09  0.2651E+00  0.8961E+01  0.0000E+00
12324.9600 10  1    0.2825    0.8001    0.2825    0.0000   -1.7298   -0.0968    0.0071    0.1896   -5.0127   -0.4150  0.8230E+02  0.3673E+03  0.1012E-15 -0.1532E-13  0.1000E-09  0.5220E-01  0.1000E-09  0.2651E+00  0.8961E+01  0.0000E+00
12325.9600 10  1    0.2825    0.8001    0.2825    0.0000   -1.7298   -0.0968    0.0071    0.1896   -5.0129   -0.4150  0.8230E+02  0.3677E+03  0.1012E-15 -0.1532E-13  0.1000E-09  0.5220E-01  0.1000E-09  0.2651E+00  0.8961E+01  0.0000E+00
12326.9600 10  1    0.2825    0.8001    0.2825    0.0000   -1.7298   -0.0968    0.0071    0.1896   -5.0132   -0.4150  0.8230E+02  0.3681E+03  0.1012E-15 -0.1533E-13  0.1000E-09  0.5220E-01  0.1000E-09  0.2651E+00  0.8961E+01  0.0000E+00
12327.9600 10  1    0.2825    0.8001    0.2825    0.0000   -1.7298   -0.0968    0.0071    0.1896   -5.0134   -0.4150  0.8230E+02  0.3686E+03  0.1012E-15 -0.1533E-13  0.1000E-09  0.5220E-01  0.1000E-09  0.2651E+00  0.8961E+01  0.0000E+00
12328.9600 10  1    0.2825    0.8001    0.2825    0.0000   -1.7298   -0.0968    0.0071    0.1896   -5.0136   -0.4150  0.8230E+02  0.3690E+03  0.1013E-15 -0.1533E-13  0.1000E-09  0.5220E-01  0.1000E-09  0.2652E+00  0.8961E+01  0.0000E+00
12329.9600 10  1    0.2825    0.8001    0.2825    0.0000   -1.7298   -0.0968    0.0071    0.1896   -5.0138   -0.4149  0.8231E+02  0.3694E+03  0.1013E-15 -0.1534E-13  0.1000E-09  0.5219E-01  0.1000E-09  0.2652E+00  0.8961E+01  0.0000E+00
12330.9600 10  1    0.2825    0.8001    0.2825    0.0000   -1.7298   -0.0968    0.0071    0.1896   -5.0141   -0.4149  0.8231E+02  0.3698E+03  0.1013E-15 -0.1534E-13  0.1000E-09  0.5219E-01  0.1000E-09  0.2652E+00  0.8961E+01  0.0000E+00
12331.9600 10  1    0.2825    0.8001    0.2825    0.0000   -1.7298   -0.0968    0.0071    0.1896   -5.0143   -0.4149  0.8231E+02  0.3703E+03  0.1013E-15 -0.1534E-13  0.1000E-09  0.5219E-01  0.1000E-09  0.2652E+00  0.8961E+01  0.0000E+00
12332.9600 10  1    0.2825    0.8001    0.2825    0.0000   -1.7298   -0.0968    0.0071    0.1896   -5.0145   -0.4149  0.8231E+02  0.3707E+03  0.1013E-15 -0.1535E-13  0.1000E-09  0.5219E-01  0.1000E-09  0.2652E+00  0.8961E+01  0.0000E+00
12333.9600 10  1    0.2825    0.8001    0.2825    0.0000   -1.7298   -0.0968    0.0071    0.1896   -5.0148   -0.4149  0.8231E+02  0.3711E+03  0.1014E-15 -0.1535E-13  0.1000E-09  0.5219E-01  0.1000E-09  0.2652E+00  0.8961E+01  0.0000E+00
12334.9600 10  1    0.2825    0.8001    0.2825    0.0000   -1.7298   -0.0967    0.0071    0.1896   -5.0150   -0.4149  0.8231E+02  0.3716E+03  0.1014E-15 -0.1535E-13  0.1000E-09  0.5219E-01  0.1000E-09  0.2652E+00  0.8961E+01  0.0000E+00
12335.9600 10  1    0.2825    0.8001    0.2825    0.0000   -1.7298   -0.0967    0.0071    0.1896   -5.0152   -0.4148  0.8231E+02  0.3720E+03  0.1014E-15 -0.1535E-13  0.1000E-09  0.5219E-01  0.1000E-09  0.2652E+00  0.8961E+01  0.0000E+00
12336.9600 10  1    0.2825    0.8001    0.2825    0.0000   -1.7298   -0.0967    0.0071    0.1896   -5.0154   -0.4148  0.8231E+02  0.3724E+03  0.1014E-15 -0.1535E-13  0.1000E-09  0.5219E-01  0.1000E-09  0.2652E+00  0.8961E+01  0.0000E+00
12337.9600 10  1    0.2825    0.8001    0.2825    0.0000   -1.7298   -0.0967    0.0071    0.1896   -5.0157   -0.4148  0.8231E+02  0.3728E+03  0.1014E-15 -0.1535E-13  0.1000E-09  0.5219E-01  0.1000E-09  0.2652E+00  0.8961E+01  0.0000E+00
12338.9600 10  1    0.2825    0.8001    0.2825    0.0000   -1.7298   -0.0967    0.0071    0.1896   -5.0159   -0.4148  0.8231E+02  0.3733E+03  0.1014E-15 -0.1535E-13  0.1000E-09  0.5219E-01  0.1000E-09  0.2652E+00  0.8961E+01  0.0000E+00
12339.9600 10  1    0.2825    0.8001    0.2825    0.0000   -1.7298   -0.0967    0.0071    0.1896   -5.0161   -0.4148  0.8231E+02  0.3737E+03  0.1014E-15 -0.1535E-13  0.1000E-09  0.5219E-01  0.1000E-09  0.2652E+00  0.8961E+01  0.0000E+00
12340.9600 10  1    0.2825    0.8001    0.2825    0.0000   -1.7298   -0.0967    0.0071    0.1897   -5.0163   -0.4147  0.8231E+02  0.3741E+03  0.1014E-15 -0.1535E-13  0.1000E-09  0.5219E-01  0.1000E-09  0.2652E+00  0.8961E+01  0.0000E+00
12341.9600 10  1    0.2825    0.8001    0.2825    0.0000   -1.7298   -0.0967    0.0071    0.1897   -5.0166   -0.4147  0.8231E+02  0.3746E+03  0.1014E-15 -0.1535E-13  0.1000E-09  0.5219E-01  0.1000E-09  0.2652E+00  0.8961E+01  0.0000E+00
12342.9600 10  1    0.2825    0.8001    0.2825    0.0000   -1.7298   -0.0967    0.0071    0.1897   -5.0168   -0.4147  0.8232E+02  0.3750E+03  0.1014E-15 -0.1535E-13  0.1000E-09  0.5219E-01  0.1000E-09  0.2652E+00  0.8961E+01  0.0000E+00
12343.9600 10  1    0.2825    0.8001    0.2825    0.0000   -1.7298   -0.0967    0.0071    0.1897   -5.0170   -0.4147  0.8232E+02  0.3754E+03  0.1014E-15 -0.1535E-13  0.1000E-09  0.5219E-01  0.1000E-09  0.2652E+00  0.8961E+01  0.0000E+00
12344.9600 10  1    0.2825    0.8001    0.2825    0.0000   -1.7298   -0.0967    0.0071    0.1897   -5.0173   -0.4147  0.8232E+02  0.3759E+03  0.1014E-15 -0.1535E-13  0.1000E-09  0.5219E-01  0.1000E-09  0.2652E+00  0.8960E+01  0.0000E+00
12345.9600 10  1    0.2825    0.8001    0.2825    0.0000   -1.7298   -0.0967    0.0071    0.1897   -5.0175   -0.4146  0.8232E+02  0.3763E+03  0.1014E-15 -0.1535E-13  0.1000E-09  0.5219E-01  0.1000E-09  0.2652E+00  0.8960E+01  0.0000E+00
12346.9600 10  1    0.2825    0.8001    0.2825    0.0000   -1.7298   -0.0967    0.0071    0.1897   -5.0177   -0.4146  0.8232E+02  0.3767E+03  0.1014E-15 -0.1535E-13  0.1000E-09  0.5219E-01  0.1000E-09  0.2653E+00  0.8960E+01  0.0000E+00
12347.9600 10  1    0.2825    0.8001    0.2825    0.0000   -1.7298   -0.0967    0.0071    0.1897   -5.0179   -0.4146  0.8232E+02  0.3772E+03  0.1014E-15 -0.1535E-13  0.1000E-09  0.5219E-01  0.1000E-09  0.2653E+00  0.8960E+01  0.0000E+00
12348.9600 10  1    0.2825    0.8001    0.2825    0.0000   -1.7298   -0.0967    0.0071    0.1897   -5.0182   -0.4146  0.8232E+02  0.3776E+03  0.1014E-15 -0.1535E-13  0.1000E-09  0.5219E-01  0.1000E-09  0.2653E+00  0.8960E+01  0.0000E+00
12349.9600 10  1    0.2825    0.8001    0.2825    0.0000   -1.7298   -0.0967    0.0071    0.1897   -5.0184   -0.4146  0.8232E+02  0.3780E+03  0.1014E-15 -0.1535E-13  0.1000E-09  0.5219E-01  0.1000E-09  0.2653E+00  0.8960E+01  0.0000E+00
12350.9600 10  1    0.2825    0.8001    0.2825    0.0000   -1.7298   -0.0967    0.0071    0.1897   -5.0186   -0.4145  0.8232E+02  0.3785E+03  0.1014E-15 -0.1535E-13  0.1000E-09  0.5219E-01  0.1000E-09  0.2653E+00  0.8960E+01  0.0000E+00
12351.9600 10  1    0.2825    0.8001    0.2825    0.0000   -1.7298   -0.0967    0.0071    0.1897   -5.0189   -0.4145  0.8232E+02  0.3789E+03  0.1014E-15 -0.1535E-13  0.1000E-09  0.5218E-01  0.1000E-09  0.2653E+00  0.8960E+01  0.0000E+00
12352.9600 10  1    0.2825    0.8001    0.2825    0.0000   -1.7298   -0.0967    0.0071    0.1897   -5.0191   -0.4145  0.8232E+02  0.3794E+03  0.1014E-15 -0.1535E-13  0.1000E-09  0.5218E-01  0.1000E-09  0.2653E+00  0.8960E+01  0.0000E+00
12353.9600 10  1    0.2825    0.8001    0.2825    0.0000   -1.7298   -0.0967    0.0071    0.1897   -5.0193   -0.4145  0.8232E+02  0.3798E+03  0.1014E-15 -0.1535E-13  0.1000E-09  0.5218E-01  0.1000E-09  0.2653E+00  0.8960E+01  0.0000E+00
12354.9600 10  1    0.2825    0.8001    0.2825    0.0000   -1.7298   -0.0966    0.0071    0.1897   -5.0195   -0.4145  0.8233E+02  0.3802E+03  0.1014E-15 -0.1535E-13  0.1000E-09  0.5218E-01  0.1000E-09  0.2653E+00  0.8960E+01  0.0000E+00
12355.9600 10  1    0.2825    0.8001    0.2825    0.0000   -1.7298   -0.0966    0.0071    0.1897   -5.0198   -0.4145  0.8233E+02  0.3807E+03  0.1014E-15 -0.1535E-13  0.1000E-09  0.5218E-01  0.1000E-09  0.2653E+00  0.8960E+01  0.0000E+00
12356.9600 10  1    0.2825    0.8001    0.2825    0.0000   -1.7298   -0.0966    0.0071    0.1897   -5.0200   -0.4144  0.8233E+02  0.3811E+03  0.1014E-15 -0.1535E-13  0.1000E-09  0.5218E-01  0.1000E-09  0.2653E+00  0.8960E+01  0.0000E+00
12357.9600 10  1    0.2825    0.8001    0.2825    0.0000   -1.7298   -0.0966    0.0071    0.1897   -5.0202   -0.4144  0.8233E+02  0.3815E+03  0.1014E-15 -0.1535E-13  0.1000E-09  0.5218E-01  0.1000E-09  0.2653E+00  0.8960E+01  0.0000E+00
12358.9600 10  1    0.2825    0.8001    0.2825    0.0000   -1.7298   -0.0966    0.0071    0.1897   -5.0204   -0.4144  0.8233E+02  0.3820E+03  0.1014E-15 -0.1535E-13  0.1000E-09  0.5218E-01  0.1000E-09  0.2653E+00  0.8960E+01  0.0000E+00
12359.9600 10  1    0.2825    0.8001    0.2825    0.0000   -1.7298   -0.0966    0.0071    0.1897   -5.0207   -0.4144  0.8233E+02  0.3824E+03  0.1014E-15 -0.1535E-13  0.1000E-09  0.5218E-01  0.1000E-09  0.2653E+00  0.8960E+01  0.0000E+00
12360.9600 10  1    0.2825    0.8001    0.2825    0.0000   -1.7298   -0.0966    0.0071    0.1897   -5.0209   -0.4144  0.8233E+02  0.3829E+03  0.1014E-15 -0.1535E-13  0.1000E-09  0.5218E-01  0.1000E-09  0.2653E+00  0.8960E+01  0.0000E+00
12361.9600 10  1    0.2825    0.8001    0.2825    0.0000   -1.7298   -0.0966    0.0071    0.1897   -5.0211   -0.4143  0.8233E+02  0.3833E+03  0.1014E-15 -0.1535E-13  0.1000E-09  0.5218E-01  0.1000E-09  0.2653E+00  0.8960E+01  0.0000E+00
12362.9600 10  1    0.2825    0.8001    0.2825    0.0000   -1.7298   -0.0966    0.0071    0.1897   -5.0214   -0.4143  0.8233E+02  0.3838E+03  0.1014E-15 -0.1535E-13  0.1000E-09  0.5218E-01  0.1000E-09  0.2653E+00  0.8960E+01  0.0000E+00
12363.9600 10  1    0.2825    0.8001    0.2825    0.0000   -1.7298   -0.0966    0.0071    0.1897   -5.0216   -0.4143  0.8233E+02  0.3842E+03  0.1014E-15 -0.1535E-13  0.1000E-09  0.5218E-01  0.1000E-09  0.2653E+00  0.8960E+01  0.0000E+00
12364.9600 10  1    0.2825    0.8001    0.2825    0.0000   -1.7298   -0.0966    0.0071    0.1897   -5.0218   -0.4143  0.8233E+02  0.3846E+03  0.1014E-15 -0.1535E-13  0.1000E-09  0.5218E-01  0.1000E-09  0.2654E+00  0.8960E+01  0.0000E+00
12365.9600 10  1    0.2825    0.8001    0.2825    0.0000   -1.7298   -0.0966    0.0071    0.1897   -5.0220   -0.4143  0.8233E+02  0.3851E+03  0.1014E-15 -0.1535E-13  0.1000E-09  0.5218E-01  0.1000E-09  0.2654E+00  0.8960E+01  0.0000E+00
12366.9600 10  1    0.2825    0.8001    0.2825    0.0000   -1.7298   -0.0966    0.0071    0.1897   -5.0223   -0.4142  0.8233E+02  0.3855E+03  0.1014E-15 -0.1535E-13  0.1000E-09  0.5218E-01  0.1000E-09  0.2654E+00  0.8960E+01  0.0000E+00
12367.9600 10  1    0.2825    0.8001    0.2825    0.0000   -1.7298   -0.0966    0.0071    0.1897   -5.0225   -0.4142  0.8234E+02  0.3860E+03  0.1015E-15 -0.1535E-13  0.1000E-09  0.5218E-01  0.1000E-09  0.2654E+00  0.8960E+01  0.0000E+00
12368.9600 10  1    0.2825    0.8001    0.2825    0.0000   -1.7298   -0.0966    0.0071    0.1897   -5.0227   -0.4142  0.8234E+02  0.3864E+03  0.1015E-15 -0.1535E-13  0.1000E-09  0.5218E-01  0.1000E-09  0.2654E+00  0.8960E+01  0.0000E+00
12369.9600 10  1    0.2825    0.8001    0.2825    0.0000   -1.7298   -0.0966    0.0071    0.1897   -5.0230   -0.4142  0.8234E+02  0.3869E+03  0.1015E-15 -0.1535E-13  0.1000E-09  0.5218E-01  0.1000E-09  0.2654E+00  0.8960E+01  0.0000E+00
12370.9600 10  1    0.2825    0.8001    0.2825    0.0000   -1.7298   -0.0966    0.0071    0.1897   -5.0232   -0.4142  0.8234E+02  0.3873E+03  0.1015E-15 -0.1535E-13  0.1000E-09  0.5218E-01  0.1000E-09  0.2654E+00  0.8960E+01  0.0000E+00
12371.9600 10  1    0.2825    0.8001    0.2825    0.0000   -1.7298   -0.0966    0.0071    0.1897   -5.0234   -0.4142  0.8234E+02  0.3878E+03  0.1015E-15 -0.1535E-13  0.1000E-09  0.5218E-01  0.1000E-09  0.2654E+00  0.8960E+01  0.0000E+00
12372.9600 10  1    0.2825    0.8001    0.2825    0.0000   -1.7298   -0.0966    0.0071    0.1897   -5.0236   -0.4141  0.8234E+02  0.3882E+03  0.1015E-15 -0.1535E-13  0.1000E-09  0.5218E-01  0.1000E-09  0.2654E+00  0.8960E+01  0.0000E+00
12373.9600 10  1    0.2825    0.8001    0.2825    0.0000   -1.7298   -0.0966    0.0071    0.1897   -5.0239   -0.4141  0.8234E+02  0.3887E+03  0.1015E-15 -0.1535E-13  0.1000E-09  0.5217E-01  0.1000E-09  0.2654E+00  0.8959E+01  0.0000E+00
12374.9600 10  1    0.2825    0.8001    0.2825    0.0000   -1.7298   -0.0965    0.0071    0.1898   -5.0241   -0.4141  0.8234E+02  0.3891E+03  0.1015E-15 -0.1535E-13  0.1000E-09  0.5217E-01  0.1000E-09  0.2654E+00  0.8959E+01  0.0000E+00
12375.9600 10  1    0.2825    0.8001    0.2825    0.0000   -1.7298   -0.0965    0.0071    0.1898   -5.0243   -0.4141  0.8234E+02  0.3895E+03  0.1015E-15 -0.1535E-13  0.1000E-09  0.5217E-01  0.1000E-09  0.2654E+00  0.8959E+01  0.0000E+00
12376.9600 10  1    0.2825    0.8001    0.2825    0.0000   -1.7298   -0.0965    0.0071    0.1898   -5.0245   -0.4141  0.8234E+02  0.3900E+03  0.1015E-15 -0.1535E-13  0.1000E-09  0.5217E-01  0.1000E-09  0.2654E+00  0.8959E+01  0.0000E+00
12377.9600 10  1    0.2825    0.8001    0.2825    0.0000   -1.7298   -0.0965    0.0071    0.1898   -5.0248   -0.4140  0.8234E+02  0.3904E+03  0.1015E-15 -0.1535E-13  0.1000E-09  0.5217E-01  0.1000E-09  0.2654E+00  0.8959E+01  0.0000E+00
12378.9600 10  1    0.2825    0.8001    0.2825    0.0000   -1.7298   -0.0965    0.0071    0.1898   -5.0250   -0.4140  0.8234E+02  0.3909E+03  0.1015E-15 -0.1535E-13  0.1000E-09  0.5217E-01  0.1000E-09  0.2654E+00  0.8959E+01  0.0000E+00
12379.9600 10  1    0.2825    0.8001    0.2825    0.0000   -1.7298   -0.0965    0.0071    0.1898   -5.0252   -0.4140  0.8235E+02  0.3913E+03  0.1015E-15 -0.1535E-13  0.1000E-09  0.5217E-01  0.1000E-09  0.2654E+00  0.8959E+01  0.0000E+00
12380.9600 10  1    0.2825    0.8001    0.2825    0.0000   -1.7298   -0.0965    0.0071    0.1898   -5.0255   -0.4140  0.8235E+02  0.3918E+03  0.1015E-15 -0.1535E-13  0.1000E-09  0.5217E-01  0.1000E-09  0.2654E+00  0.8959E+01  0.0000E+00
12381.9600 10  1    0.2825    0.8001    0.2825    0.0000   -1.7298   -0.0965    0.0071    0.1898   -5.0257   -0.4140  0.8235E+02  0.3923E+03  0.1015E-15 -0.1535E-13  0.1000E-09  0.5217E-01  0.1000E-09  0.2654E+00  0.8959E+01  0.0000E+00
12382.9600 10  1    0.2825    0.8001    0.2825    0.0000   -1.7298   -0.0965    0.0071    0.1898   -5.0259   -0.4139  0.8235E+02  0.3927E+03  0.1015E-15 -0.1535E-13  0.1000E-09  0.5217E-01  0.1000E-09  0.2655E+00  0.8959E+01  0.0000E+00
12383.9600 10  1    0.2825    0.8001    0.2825    0.0000   -1.7298   -0.0965    0.0071    0.1898   -5.0261   -0.4139  0.8235E+02  0.3932E+03  0.1015E-15 -0.1535E-13  0.1000E-09  0.5217E-01  0.1000E-09  0.2655E+00  0.8959E+01  0.0000E+00
12384.9600 10  1    0.2825    0.8001    0.2825    0.0000   -1.7298   -0.0965    0.0071    0.1898   -5.0264   -0.4139  0.8235E+02  0.3936E+03  0.1015E-15 -0.1535E-13  0.1000E-09  0.5217E-01  0.1000E-09  0.2655E+00  0.8959E+01  0.0000E+00
12385.9600 10  1    0.2825    0.8001    0.2825    0.0000   -1.7298   -0.0965    0.0071    0.1898   -5.0266   -0.4139  0.8235E+02  0.3941E+03  0.1015E-15 -0.1535E-13  0.1000E-09  0.5217E-01  0.1000E-09  0.2655E+00  0.8959E+01  0.0000E+00
12386.9600 10  1    0.2825    0.8001    0.2825    0.0000   -1.7298   -0.0965    0.0071    0.1898   -5.0268   -0.4139  0.8235E+02  0.3945E+03  0.1015E-15 -0.1535E-13  0.1000E-09  0.5217E-01  0.1000E-09  0.2655E+00  0.8959E+01  0.0000E+00
12387.9600 10  1    0.2825    0.8001    0.2825    0.0000   -1.7298   -0.0965    0.0071    0.1898   -5.0270   -0.4138  0.8235E+02  0.3950E+03  0.1015E-15 -0.1535E-13  0.1000E-09  0.5217E-01  0.1000E-09  0.2655E+00  0.8959E+01  0.0000E+00
12388.9600 10  1    0.2825    0.8001    0.2825    0.0000   -1.7298   -0.0965    0.0071    0.1898   -5.0273   -0.4138  0.8235E+02  0.3954E+03  0.1015E-15 -0.1535E-13  0.1000E-09  0.5217E-01  0.1000E-09  0.2655E+00  0.8959E+01  0.0000E+00
12389.9600 10  1    0.2825    0.8001    0.2825    0.0000   -1.7298   -0.0965    0.0071    0.1898   -5.0275   -0.4138  0.8235E+02  0.3959E+03  0.1015E-15 -0.1535E-13  0.1000E-09  0.5217E-01  0.1000E-09  0.2655E+00  0.8959E+01  0.0000E+00
12390.9600 10  1    0.2825    0.8001    0.2825    0.0000   -1.7298   -0.0965    0.0071    0.1898   -5.0277   -0.4138  0.8235E+02  0.3963E+03  0.1015E-15 -0.1535E-13  0.1000E-09  0.5217E-01  0.1000E-09  0.2655E+00  0.8959E+01  0.0000E+00
12391.9600 10  1    0.2825    0.8001    0.2825    0.0000   -1.7298   -0.0965    0.0071    0.1898   -5.0280   -0.4138  0.8236E+02  0.3968E+03  0.1015E-15 -0.1535E-13  0.1000E-09  0.5217E-01  0.1000E-09  0.2655E+00  0.8959E+01  0.0000E+00
12392.9600 10  1    0.2825    0.8001    0.2825    0.0000   -1.7298   -0.0965    0.0071    0.1898   -5.0282   -0.4138  0.8236E+02  0.3973E+03  0.1015E-15 -0.1535E-13  0.1000E-09  0.5217E-01  0.1000E-09  0.2655E+00  0.8959E+01  0.0000E+00
12393.9600 10  1    0.2825    0.8001    0.2825    0.0000   -1.7298   -0.0964    0.0071    0.1898   -5.0284   -0.4137  0.8236E+02  0.3977E+03  0.1015E-15 -0.1535E-13  0.1000E-09  0.5217E-01  0.1000E-09  0.2655E+00  0.8959E+01  0.0000E+00
12394.9600 10  1    0.2825    0.8001    0.2825    0.0000   -1.7298   -0.0964    0.0071    0.1898   -5.0286   -0.4137  0.8236E+02  0.3982E+03  0.1015E-15 -0.1535E-13  0.1000E-09  0.5217E-01  0.1000E-09  0.2655E+00  0.8959E+01  0.0000E+00
12395.9600 10  1    0.2825    0.8001    0.2825    0.0000   -1.7298   -0.0964    0.0071    0.1898   -5.0289   -0.4137  0.8236E+02  0.3986E+03  0.1015E-15 -0.1535E-13  0.1000E-09  0.5216E-01  0.1000E-09  0.2655E+00  0.8959E+01  0.0000E+00
12396.9600 10  1    0.2825    0.8001    0.2825    0.0000   -1.7298   -0.0964    0.0071    0.1898   -5.0291   -0.4137  0.8236E+02  0.3991E+03  0.1015E-15 -0.1535E-13  0.1000E-09  0.5216E-01  0.1000E-09  0.2655E+00  0.8959E+01  0.0000E+00
12397.9600 10  1    0.2825    0.8001    0.2825    0.0000   -1.7298   -0.0964    0.0071    0.1898   -5.0293   -0.4137  0.8236E+02  0.3996E+03  0.1015E-15 -0.1535E-13  0.1000E-09  0.5216E-01  0.1000E-09  0.2655E+00  0.8959E+01  0.0000E+00
12398.9600 10  1    0.2825    0.8001    0.2825    0.0000   -1.7298   -0.0964    0.0071    0.1898   -5.0295   -0.4136  0.8236E+02  0.4000E+03  0.1016E-15 -0.1535E-13  0.1000E-09  0.5216E-01  0.1000E-09  0.2655E+00  0.8959E+01  0.0000E+00
12399.9600 10  1    0.2825    0.8001    0.2825    0.0000   -1.7298   -0.0964    0.0071    0.1898   -5.0298   -0.4136  0.8236E+02  0.4005E+03  0.1016E-15 -0.1536E-13  0.1000E-09  0.5216E-01  0.1000E-09  0.2655E+00  0.8959E+01  0.0000E+00
12400.9600 10  1    0.2825    0.8001    0.2825    0.0000   -1.7298   -0.0964    0.0071    0.1898   -5.0300   -0.4136  0.8236E+02  0.4009E+03  0.1016E-15 -0.1536E-13  0.1000E-09  0.5216E-01  0.1000E-09  0.2656E+00  0.8959E+01  0.0000E+00
12401.9600 10  1    0.2825    0.8001    0.2825    0.0000   -1.7298   -0.0964    0.0071    0.1898   -5.0302   -0.4136  0.8236E+02  0.4014E+03  0.1016E-15 -0.1536E-13  0.1000E-09  0.5216E-01  0.1000E-09  0.2656E+00  0.8958E+01  0.0000E+00
12402.9600 10  1    0.2825    0.8001    0.2825    0.0000   -1.7298   -0.0964    0.0071    0.1898   -5.0305   -0.4136  0.8236E+02  0.4019E+03  0.1016E-15 -0.1536E-13  0.1000E-09  0.5216E-01  0.1000E-09  0.2656E+00  0.8958E+01  0.0000E+00
12403.9600 10  1    0.2825    0.8001    0.2825    0.0000   -1.7298   -0.0964    0.0071    0.1898   -5.0307   -0.4135  0.8237E+02  0.4023E+03  0.1016E-15 -0.1536E-13  0.1000E-09  0.5216E-01  0.1000E-09  0.2656E+00  0.8958E+01  0.0000E+00
12404.9600 10  1    0.2825    0.8001    0.2825    0.0000   -1.7298   -0.0964    0.0071    0.1898   -5.0309   -0.4135  0.8237E+02  0.4028E+03  0.1016E-15 -0.1536E-13  0.1000E-09  0.5216E-01  0.1000E-09  0.2656E+00  0.8958E+01  0.0000E+00
12405.9600 10  1    0.2825    0.8001    0.2825    0.0000   -1.7298   -0.0964    0.0071    0.1898   -5.0311   -0.4135  0.8237E+02  0.4033E+03  0.1017E-15 -0.1537E-13  0.1000E-09  0.5216E-01  0.1000E-09  0.2656E+00  0.8958E+01  0.0000E+00
12406.9600 10  1    0.2825    0.8001    0.2825    0.0000   -1.7298   -0.0964    0.0071    0.1898   -5.0314   -0.4135  0.8237E+02  0.4037E+03  0.1017E-15 -0.1537E-13  0.1000E-09  0.5216E-01  0.1000E-09  0.2656E+00  0.8958E+01  0.0000E+00
12407.9600 10  1    0.2825    0.8001    0.2825    0.0000   -1.7298   -0.0964    0.0071    0.1899   -5.0316   -0.4135  0.8237E+02  0.4042E+03  0.1017E-15 -0.1537E-13  0.1000E-09  0.5216E-01  0.1000E-09  0.2656E+00  0.8958E+01  0.0000E+00
12408.9600 10  1    0.2825    0.8001    0.2825    0.0000   -1.7298   -0.0964    0.0071    0.1899   -5.0318   -0.4135  0.8237E+02  0.4047E+03  0.1017E-15 -0.1537E-13  0.1000E-09  0.5216E-01  0.1000E-09  0.2656E+00  0.8958E+01  0.0000E+00
12409.9600 10  1    0.2825    0.8001    0.2825    0.0000   -1.7298   -0.0964    0.0071    0.1899   -5.0320   -0.4134  0.8237E+02  0.4051E+03  0.1017E-15 -0.1537E-13  0.1000E-09  0.5216E-01  0.1000E-09  0.2656E+00  0.8958E+01  0.0000E+00
12410.9600 10  1    0.2825    0.8001    0.2825    0.0000   -1.7298   -0.0964    0.0071    0.1899   -5.0323   -0.4134  0.8237E+02  0.4056E+03  0.1017E-15 -0.1537E-13  0.1000E-09  0.5216E-01  0.1000E-09  0.2656E+00  0.8958E+01  0.0000E+00
12411.9600 10  1    0.2825    0.8001    0.2825    0.0000   -1.7298   -0.0964    0.0071    0.1899   -5.0325   -0.4134  0.8237E+02  0.4061E+03  0.1017E-15 -0.1538E-13  0.1000E-09  0.5216E-01  0.1000E-09  0.2656E+00  0.8958E+01  0.0000E+00
12412.9600 10  1    0.2825    0.8001    0.2825    0.0000   -1.7298   -0.0964    0.0071    0.1899   -5.0327   -0.4134  0.8237E+02  0.4065E+03  0.1017E-15 -0.1538E-13  0.1000E-09  0.5216E-01  0.1000E-09  0.2656E+00  0.8958E+01  0.0000E+00
12413.9600 10  1    0.2825    0.8001    0.2825    0.0000   -1.7298   -0.0963    0.0071    0.1899   -5.0329   -0.4134  0.8237E+02  0.4070E+03  0.1018E-15 -0.1538E-13  0.1000E-09  0.5216E-01  0.1000E-09  0.2656E+00  0.8958E+01  0.0000E+00
12414.9600 10  1    0.2825    0.8001    0.2825    0.0000   -1.7298   -0.0963    0.0071    0.1899   -5.0332   -0.4133  0.8237E+02  0.4075E+03  0.1018E-15 -0.1538E-13  0.1000E-09  0.5216E-01  0.1000E-09  0.2656E+00  0.8958E+01  0.0000E+00
12415.9600 10  1    0.2825    0.8001    0.2825    0.0000   -1.7298   -0.0963    0.0071    0.1899   -5.0334   -0.4133  0.8238E+02  0.4080E+03  0.1018E-15 -0.1538E-13  0.1000E-09  0.5216E-01  0.1000E-09  0.2656E+00  0.8958E+01  0.0000E+00
12416.9600 10  1    0.2825    0.8001    0.2825    0.0000   -1.7298   -0.0963    0.0071    0.1899   -5.0336   -0.4133  0.8238E+02  0.4084E+03  0.1018E-15 -0.1538E-13  0.1000E-09  0.5215E-01  0.1000E-09  0.2656E+00  0.8958E+01  0.0000E+00
12417.9600 10  1    0.2825    0.8001    0.2825    0.0000   -1.7298   -0.0963    0.0071    0.1899   -5.0339   -0.4133  0.8238E+02  0.4089E+03  0.1018E-15 -0.1538E-13  0.1000E-09  0.5215E-01  0.1000E-09  0.2656E+00  0.8958E+01  0.0000E+00
12418.9600 10  1    0.2825    0.8001    0.2825    0.0000   -1.7298   -0.0963    0.0071    0.1899   -5.0341   -0.4133  0.8238E+02  0.4094E+03  0.1018E-15 -0.1539E-13  0.1000E-09  0.5215E-01  0.1000E-09  0.2657E+00  0.8958E+01  0.0000E+00
12419.9600 10  1    0.2825    0.8001    0.2825    0.0000   -1.7298   -0.0963    0.0071    0.1899   -5.0343   -0.4132  0.8238E+02  0.4098E+03  0.1018E-15 -0.1539E-13  0.1000E-09  0.5215E-01  0.1000E-09  0.2657E+00  0.8958E+01  0.0000E+00
12420.9600 10  1    0.2825    0.8001    0.2825    0.0000   -1.7298   -0.0963    0.0071    0.1899   -5.0345   -0.4132  0.8238E+02  0.4103E+03  0.1018E-15 -0.1539E-13  0.1000E-09  0.5215E-01  0.1000E-09  0.2657E+00  0.8958E+01  0.0000E+00
12421.9600 10  1    0.2825    0.8001    0.2825    0.0000   -1.7298   -0.0963    0.0071    0.1899   -5.0348   -0.4132  0.8238E+02  0.4108E+03  0.1019E-15 -0.1539E-13  0.1000E-09  0.5215E-01  0.1000E-09  0.2657E+00  0.8958E+01  0.0000E+00
12422.9600 10  1    0.2825    0.8001    0.2825    0.0000   -1.7298   -0.0963    0.0071    0.1899   -5.0350   -0.4132  0.8238E+02  0.4113E+03  0.1019E-15 -0.1539E-13  0.1000E-09  0.5215E-01  0.1000E-09  0.2657E+00  0.8958E+01  0.0000E+00
12423.9600 10  1    0.2825    0.8001    0.2825    0.0000   -1.7298   -0.0963    0.0071    0.1899   -5.0352   -0.4132  0.8238E+02  0.4118E+03  0.1019E-15 -0.1539E-13  0.1000E-09  0.5215E-01  0.1000E-09  0.2657E+00  0.8958E+01  0.0000E+00
12424.9600 10  1    0.2825    0.8001    0.2825    0.0000   -1.7298   -0.0963    0.0071    0.1899   -5.0354   -0.4131  0.8238E+02  0.4122E+03  0.1019E-15 -0.1540E-13  0.1000E-09  0.5215E-01  0.1000E-09  0.2657E+00  0.8958E+01  0.0000E+00
12425.9600 10  1    0.2825    0.8001    0.2825    0.0000   -1.7298   -0.0963    0.0071    0.1899   -5.0357   -0.4131  0.8238E+02  0.4127E+03  0.1019E-15 -0.1540E-13  0.1000E-09  0.5215E-01  0.1000E-09  0.2657E+00  0.8958E+01  0.0000E+00
12426.9600 10  1    0.2825    0.8001    0.2825    0.0000   -1.7298   -0.0963    0.0071    0.1899   -5.0359   -0.4131  0.8239E+02  0.4132E+03  0.1019E-15 -0.1540E-13  0.1000E-09  0.5215E-01  0.1000E-09  0.2657E+00  0.8958E+01  0.0000E+00
12427.9600 10  1    0.2825    0.8001    0.2825    0.0000   -1.7298   -0.0963    0.0071    0.1899   -5.0361   -0.4131  0.8239E+02  0.4137E+03  0.1019E-15 -0.1540E-13  0.1000E-09  0.5215E-01  0.1000E-09  0.2657E+00  0.8958E+01  0.0000E+00
12428.9600 10  1    0.2825    0.8001    0.2825    0.0000   -1.7298   -0.0963    0.0071    0.1899   -5.0363   -0.4131  0.8239E+02  0.4141E+03  0.1020E-15 -0.1540E-13  0.1000E-09  0.5215E-01  0.1000E-09  0.2657E+00  0.8958E+01  0.0000E+00
12429.9600 10  1    0.2825    0.8001    0.2825    0.0000   -1.7298   -0.0963    0.0071    0.1899   -5.0366   -0.4131  0.8239E+02  0.4146E+03  0.1020E-15 -0.1540E-13  0.1000E-09  0.5215E-01  0.1000E-09  0.2657E+00  0.8957E+01  0.0000E+00
12430.9600 10  1    0.2825    0.8001    0.2825    0.0000   -1.7298   -0.0963    0.0071    0.1899   -5.0368   -0.4130  0.8239E+02  0.4151E+03  0.1020E-15 -0.1541E-13  0.1000E-09  0.5215E-01  0.1000E-09  0.2657E+00  0.8957E+01  0.0000E+00
12431.9600 10  1    0.2825    0.8001    0.2825    0.0000   -1.7298   -0.0963    0.0071    0.1899   -5.0370   -0.4130  0.8239E+02  0.4156E+03  0.1020E-15 -0.1541E-13  0.1000E-09  0.5215E-01  0.1000E-09  0.2657E+00  0.8957E+01  0.0000E+00
12432.9600 10  1    0.2825    0.8001    0.2825    0.0000   -1.7298   -0.0962    0.0071    0.1899   -5.0372   -0.4130  0.8239E+02  0.4161E+03  0.1020E-15 -0.1541E-13  0.1000E-09  0.5215E-01  0.1000E-09  0.2657E+00  0.8957E+01  0.0000E+00
12433.9600 10  1    0.2825    0.8001    0.2825    0.0000   -1.7298   -0.0962    0.0071    0.1899   -5.0375   -0.4130  0.8239E+02  0.4166E+03  0.1020E-15 -0.1541E-13  0.1000E-09  0.5215E-01  0.1000E-09  0.2657E+00  0.8957E+01  0.0000E+00
12434.9600 10  1    0.2825    0.8001    0.2825    0.0000   -1.7298   -0.0962    0.0071    0.1899   -5.0377   -0.4130  0.8239E+02  0.4170E+03  0.1020E-15 -0.1541E-13  0.1000E-09  0.5215E-01  0.1000E-09  0.2657E+00  0.8957E+01  0.0000E+00
12435.9600 10  1    0.2825    0.8001    0.2825    0.0000   -1.7298   -0.0962    0.0071    0.1899   -5.0379   -0.4129  0.8239E+02  0.4175E+03  0.1020E-15 -0.1541E-13  0.1000E-09  0.5215E-01  0.1000E-09  0.2658E+00  0.8957E+01  0.0000E+00
12436.9600 10  1    0.2825    0.8001    0.2825    0.0000   -1.7298   -0.0962    0.0071    0.1899   -5.0382   -0.4129  0.8239E+02  0.4180E+03  0.1021E-15 -0.1542E-13  0.1000E-09  0.5215E-01  0.1000E-09  0.2658E+00  0.8957E+01  0.0000E+00
12437.9600 10  1    0.2825    0.8001    0.2825    0.0000   -1.7298   -0.0962    0.0071    0.1899   -5.0384   -0.4129  0.8240E+02  0.4185E+03  0.1021E-15 -0.1542E-13  0.1000E-09  0.5215E-01  0.1000E-09  0.2658E+00  0.8957E+01  0.0000E+00
12438.9600 10  1    0.2825    0.8001    0.2825    0.0000   -1.7298   -0.0962    0.0071    0.1899   -5.0386   -0.4129  0.8240E+02  0.4190E+03  0.1021E-15 -0.1542E-13  0.1000E-09  0.5215E-01  0.1000E-09  0.2658E+00  0.8957E+01  0.0000E+00
12439.9600 10  1    0.2825    0.8001    0.2825    0.0000   -1.7298   -0.0962    0.0071    0.1899   -5.0388   -0.4129  0.8240E+02  0.4195E+03  0.1021E-15 -0.1542E-13  0.1000E-09  0.5214E-01  0.1000E-09  0.2658E+00  0.8957E+01  0.0000E+00
12440.9600 10  1    0.2825    0.8001    0.2825    0.0000   -1.7298   -0.0962    0.0071    0.1900   -5.0391   -0.4128  0.8240E+02  0.4199E+03  0.1021E-15 -0.1542E-13  0.1000E-09  0.5214E-01  0.1000E-09  0.2658E+00  0.8957E+01  0.0000E+00
12441.9600 10  1    0.2825    0.8001    0.2825    0.0000   -1.7298   -0.0962    0.0071    0.1900   -5.0393   -0.4128  0.8240E+02  0.4204E+03  0.1021E-15 -0.1542E-13  0.1000E-09  0.5214E-01  0.1000E-09  0.2658E+00  0.8957E+01  0.0000E+00
12442.9600 10  1    0.2825    0.8001    0.2825    0.0000   -1.7298   -0.0962    0.0071    0.1900   -5.0395   -0.4128  0.8240E+02  0.4209E+03  0.1021E-15 -0.1543E-13  0.1000E-09  0.5214E-01  0.1000E-09  0.2658E+00  0.8957E+01  0.0000E+00
12443.9600 10  1    0.2825    0.8001    0.2825    0.0000   -1.7298   -0.0962    0.0071    0.1900   -5.0397   -0.4128  0.8240E+02  0.4214E+03  0.1021E-15 -0.1543E-13  0.1000E-09  0.5214E-01  0.1000E-09  0.2658E+00  0.8957E+01  0.0000E+00
12444.9600 10  1    0.2825    0.8001    0.2825    0.0000   -1.7298   -0.0962    0.0071    0.1900   -5.0400   -0.4128  0.8240E+02  0.4219E+03  0.1021E-15 -0.1543E-13  0.1000E-09  0.5214E-01  0.1000E-09  0.2658E+00  0.8957E+01  0.0000E+00
12445.9600 10  1    0.2825    0.8001    0.2825    0.0000   -1.7298   -0.0962    0.0071    0.1900   -5.0402   -0.4127  0.8240E+02  0.4224E+03  0.1021E-15 -0.1543E-13  0.1000E-09  0.5214E-01  0.1000E-09  0.2658E+00  0.8957E+01  0.0000E+00
12446.9600 10  1    0.2825    0.8001    0.2825    0.0000   -1.7298   -0.0962    0.0071    0.1900   -5.0404   -0.4127  0.8240E+02  0.4229E+03  0.1022E-15 -0.1543E-13  0.1000E-09  0.5214E-01  0.1000E-09  0.2658E+00  0.8957E+01  0.0000E+00
12447.9600 10  1    0.2825    0.8001    0.2825    0.0000   -1.7298   -0.0962    0.0071    0.1900   -5.0406   -0.4127  0.8240E+02  0.4234E+03  0.1022E-15 -0.1543E-13  0.1000E-09  0.5214E-01  0.1000E-09  0.2658E+00  0.8957E+01  0.0000E+00
12448.9600 10  1    0.2825    0.8001    0.2825    0.0000   -1.7298   -0.0962    0.0071    0.1900   -5.0409   -0.4127  0.8240E+02  0.4239E+03  0.1022E-15 -0.1543E-13  0.1000E-09  0.5214E-01  0.1000E-09  0.2658E+00  0.8957E+01  0.0000E+00
12449.9600 10  1    0.2825    0.8001    0.2825    0.0000   -1.7298   -0.0962    0.0071    0.1900   -5.0411   -0.4127  0.8241E+02  0.4244E+03  0.1022E-15 -0.1543E-13  0.1000E-09  0.5214E-01  0.1000E-09  0.2658E+00  0.8957E+01  0.0000E+00
12450.9600 10  1    0.2825    0.8001    0.2825    0.0000   -1.7298   -0.0962    0.0071    0.1900   -5.0413   -0.4127  0.8241E+02  0.4249E+03  0.1022E-15 -0.1543E-13  0.1000E-09  0.5214E-01  0.1000E-09  0.2658E+00  0.8957E+01  0.0000E+00
12451.9600 10  1    0.2825    0.8001    0.2825    0.0000   -1.7298   -0.0962    0.0071    0.1900   -5.0415   -0.4126  0.8241E+02  0.4254E+03  0.1022E-15 -0.1543E-13  0.1000E-09  0.5214E-01  0.1000E-09  0.2658E+00  0.8957E+01  0.0000E+00
12452.9600 10  1    0.2825    0.8001    0.2825    0.0000   -1.7298   -0.0961    0.0071    0.1900   -5.0418   -0.4126  0.8241E+02  0.4259E+03  0.1022E-15 -0.1543E-13  0.1000E-09  0.5214E-01  0.1000E-09  0.2658E+00  0.8957E+01  0.0000E+00
12453.9600 10  1    0.2825    0.8001    0.2825    0.0000   -1.7298   -0.0961    0.0071    0.1900   -5.0420   -0.4126  0.8241E+02  0.4263E+03  0.1022E-15 -0.1543E-13  0.1000E-09  0.5214E-01  0.1000E-09  0.2659E+00  0.8957E+01  0.0000E+00
12454.9600 10  1    0.2825    0.8001    0.2825    0.0000   -1.7298   -0.0961    0.0071    0.1900   -5.0422   -0.4126  0.8241E+02  0.4268E+03  0.1022E-15 -0.1543E-13  0.1000E-09  0.5214E-01  0.1000E-09  0.2659E+00  0.8957E+01  0.0000E+00
12455.9600 10  1    0.2825    0.8001    0.2825    0.0000   -1.7298   -0.0961    0.0071    0.1900   -5.0425   -0.4126  0.8241E+02  0.4273E+03  0.1022E-15 -0.1543E-13  0.1000E-09  0.5214E-01  0.1000E-09  0.2659E+00  0.8956E+01  0.0000E+00
12456.9600 10  1    0.2825    0.8001    0.2825    0.0000   -1.7298   -0.0961    0.0071    0.1900   -5.0427   -0.4125  0.8241E+02  0.4278E+03  0.1022E-15 -0.1543E-13  0.1000E-09  0.5214E-01  0.1000E-09  0.2659E+00  0.8956E+01  0.0000E+00
12457.9600 10  1    0.2825    0.8001    0.2825    0.0000   -1.7298   -0.0961    0.0071    0.1900   -5.0429   -0.4125  0.8241E+02  0.4283E+03  0.1022E-15 -0.1543E-13  0.1000E-09  0.5214E-01  0.1000E-09  0.2659E+00  0.8956E+01  0.0000E+00
12458.9600 10  1    0.2825    0.8001    0.2825    0.0000   -1.7298   -0.0961    0.0071    0.1900   -5.0431   -0.4125  0.8241E+02  0.4288E+03  0.1022E-15 -0.1543E-13  0.1000E-09  0.5214E-01  0.1000E-09  0.2659E+00  0.8956E+01  0.0000E+00
12459.9600 10  1    0.2825    0.8001    0.2825    0.0000   -1.7298   -0.0961    0.0071    0.1900   -5.0434   -0.4125  0.8241E+02  0.4293E+03  0.1022E-15 -0.1543E-13  0.1000E-09  0.5214E-01  0.1000E-09  0.2659E+00  0.8956E+01  0.0000E+00
12460.9600 10  1    0.2825    0.8001    0.2825    0.0000   -1.7298   -0.0961    0.0071    0.1900   -5.0436   -0.4125  0.8242E+02  0.4298E+03  0.1022E-15 -0.1543E-13  0.1000E-09  0.5214E-01  0.1000E-09  0.2659E+00  0.8956E+01  0.0000E+00
12461.9600 10  1    0.2825    0.8001    0.2825    0.0000   -1.7298   -0.0961    0.0071    0.1900   -5.0438   -0.4124  0.8242E+02  0.4303E+03  0.1022E-15 -0.1543E-13  0.1000E-09  0.5214E-01  0.1000E-09  0.2659E+00  0.8956E+01  0.0000E+00
12462.9600 10  1    0.2825    0.8001    0.2825    0.0000   -1.7298   -0.0961    0.0071    0.1900   -5.0440   -0.4124  0.8242E+02  0.4308E+03  0.1022E-15 -0.1543E-13  0.1000E-09  0.5213E-01  0.1000E-09  0.2659E+00  0.8956E+01  0.0000E+00
12463.9600 10  1    0.2825    0.8001    0.2825    0.0000   -1.7298   -0.0961    0.0071    0.1900   -5.0443   -0.4124  0.8242E+02  0.4314E+03  0.1022E-15 -0.1543E-13  0.1000E-09  0.5213E-01  0.1000E-09  0.2659E+00  0.8956E+01  0.0000E+00
12464.9600 10  1    0.2825    0.8001    0.2825    0.0000   -1.7298   -0.0961    0.0071    0.1900   -5.0445   -0.4124  0.8242E+02  0.4319E+03  0.1022E-15 -0.1543E-13  0.1000E-09  0.5213E-01  0.1000E-09  0.2659E+00  0.8956E+01  0.0000E+00
12465.9600 10  1    0.2825    0.8001    0.2825    0.0000   -1.7298   -0.0961    0.0071    0.1900   -5.0447   -0.4124  0.8242E+02  0.4324E+03  0.1022E-15 -0.1543E-13  0.1000E-09  0.5213E-01  0.1000E-09  0.2659E+00  0.8956E+01  0.0000E+00
12466.9600 10  1    0.2825    0.8001    0.2825    0.0000   -1.7298   -0.0961    0.0071    0.1900   -5.0449   -0.4123  0.8242E+02  0.4329E+03  0.1022E-15 -0.1543E-13  0.1000E-09  0.5213E-01  0.1000E-09  0.2659E+00  0.8956E+01  0.0000E+00
12467.9600 10  1    0.2825    0.8001    0.2825    0.0000   -1.7298   -0.0961    0.0071    0.1900   -5.0452   -0.4123  0.8242E+02  0.4334E+03  0.1022E-15 -0.1543E-13  0.1000E-09  0.5213E-01  0.1000E-09  0.2659E+00  0.8956E+01  0.0000E+00
12468.9600 10  1    0.2825    0.8001    0.2825    0.0000   -1.7298   -0.0961    0.0071    0.1900   -5.0454   -0.4123  0.8242E+02  0.4339E+03  0.1022E-15 -0.1543E-13  0.1000E-09  0.5213E-01  0.1000E-09  0.2659E+00  0.8956E+01  0.0000E+00
12469.9600 10  1    0.2825    0.8001    0.2825    0.0000   -1.7298   -0.0961    0.0071    0.1900   -5.0456   -0.4123  0.8242E+02  0.4344E+03  0.1022E-15 -0.1543E-13  0.1000E-09  0.5213E-01  0.1000E-09  0.2659E+00  0.8956E+01  0.0000E+00
12470.9600 10  1    0.2825    0.8001    0.2825    0.0000   -1.7298   -0.0961    0.0071    0.1900   -5.0458   -0.4123  0.8242E+02  0.4349E+03  0.1022E-15 -0.1543E-13  0.1000E-09  0.5213E-01  0.1000E-09  0.2659E+00  0.8956E+01  0.0000E+00
12471.9600 10  1    0.2825    0.8001    0.2825    0.0000   -1.7298   -0.0960    0.0071    0.1900   -5.0461   -0.4123  0.8243E+02  0.4354E+03  0.1022E-15 -0.1543E-13  0.1000E-09  0.5213E-01  0.1000E-09  0.2660E+00  0.8956E+01  0.0000E+00
12472.9600 10  1    0.2825    0.8001    0.2825    0.0000   -1.7298   -0.0960    0.0071    0.1900   -5.0463   -0.4122  0.8243E+02  0.4359E+03  0.1022E-15 -0.1543E-13  0.1000E-09  0.5213E-01  0.1000E-09  0.2660E+00  0.8956E+01  0.0000E+00
12473.9600 10  1    0.2825    0.8001    0.2825    0.0000   -1.7298   -0.0960    0.0071    0.1901   -5.0465   -0.4122  0.8243E+02  0.4364E+03  0.1022E-15 -0.1543E-13  0.1000E-09  0.5213E-01  0.1000E-09  0.2660E+00  0.8956E+01  0.0000E+00
12474.9600 10  1    0.2825    0.8001    0.2825    0.0000   -1.7298   -0.0960    0.0071    0.1901   -5.0467   -0.4122  0.8243E+02  0.4369E+03  0.1022E-15 -0.1543E-13  0.1000E-09  0.5213E-01  0.1000E-09  0.2660E+00  0.8956E+01  0.0000E+00
12475.9600 10  1    0.2825    0.8001    0.2825    0.0000   -1.7298   -0.0960    0.0071    0.1901   -5.0470   -0.4122  0.8243E+02  0.4375E+03  0.1022E-15 -0.1543E-13  0.1000E-09  0.5213E-01  0.1000E-09  0.2660E+00  0.8956E+01  0.0000E+00
12476.9600 10  1    0.2825    0.8001    0.2825    0.0000   -1.7298   -0.0960    0.0071    0.1901   -5.0472   -0.4122  0.8243E+02  0.4380E+03  0.1022E-15 -0.1543E-13  0.1000E-09  0.5213E-01  0.1000E-09  0.2660E+00  0.8956E+01  0.0000E+00
12477.9600 10  1    0.2825    0.8001    0.2825    0.0000   -1.7298   -0.0960    0.0071    0.1901   -5.0474   -0.4121  0.8243E+02  0.4385E+03  0.1022E-15 -0.1543E-13  0.1000E-09  0.5213E-01  0.1000E-09  0.2660E+00  0.8956E+01  0.0000E+00
12478.9600 10  1    0.2825    0.8001    0.2825    0.0000   -1.7298   -0.0960    0.0071    0.1901   -5.0476   -0.4121  0.8243E+02  0.4390E+03  0.1022E-15 -0.1543E-13  0.1000E-09  0.5213E-01  0.1000E-09  0.2660E+00  0.8956E+01  0.0000E+00
12479.9600 10  1    0.2825    0.8001    0.2825    0.0000   -1.7298   -0.0960    0.0071    0.1901   -5.0479   -0.4121  0.8243E+02  0.4395E+03  0.1022E-15 -0.1543E-13  0.1000E-09  0.5213E-01  0.1000E-09  0.2660E+00  0.8956E+01  0.0000E+00
12480.9600 10  1    0.2825    0.8001    0.2825    0.0000   -1.7298   -0.0960    0.0071    0.1901   -5.0481   -0.4121  0.8243E+02  0.4400E+03  0.1022E-15 -0.1543E-13  0.1000E-09  0.5213E-01  0.1000E-09  0.2660E+00  0.8955E+01  0.0000E+00
12481.9600 10  1    0.2825    0.8001    0.2825    0.0000   -1.7298   -0.0960    0.0071    0.1901   -5.0483   -0.4121  0.8244E+02  0.4406E+03  0.1022E-15 -0.1543E-13  0.1000E-09  0.5213E-01  0.1000E-09  0.2660E+00  0.8955E+01  0.0000E+00
12482.9600 10  1    0.2825    0.8001    0.2825    0.0000   -1.7298   -0.0960    0.0071    0.1901   -5.0485   -0.4120  0.8244E+02  0.4411E+03  0.1022E-15 -0.1543E-13  0.1000E-09  0.5213E-01  0.1000E-09  0.2660E+00  0.8955E+01  0.0000E+00
12483.9600 10  1    0.2825    0.8001    0.2825    0.0000   -1.7298   -0.0960    0.0071    0.1901   -5.0488   -0.4120  0.8244E+02  0.4416E+03  0.1022E-15 -0.1543E-13  0.1000E-09  0.5213E-01  0.1000E-09  0.2660E+00  0.8955E+01  0.0000E+00
12484.9600 10  1    0.2825    0.8001    0.2825    0.0000   -1.7298   -0.0960    0.0071    0.1901   -5.0490   -0.4120  0.8244E+02  0.4421E+03  0.1022E-15 -0.1543E-13  0.1000E-09  0.5213E-01  0.1000E-09  0.2660E+00  0.8955E+01  0.0000E+00
12485.9600 10  1    0.2825    0.8001    0.2825    0.0000   -1.7298   -0.0960    0.0071    0.1901   -5.0492   -0.4120  0.8244E+02  0.4426E+03  0.1022E-15 -0.1543E-13  0.1000E-09  0.5212E-01  0.1000E-09  0.2660E+00  0.8955E+01  0.0000E+00
12486.9600 10  1    0.2825    0.8001    0.2825    0.0000   -1.7298   -0.0960    0.0071    0.1901   -5.0494   -0.4120  0.8244E+02  0.4432E+03  0.1023E-15 -0.1543E-13  0.1000E-09  0.5212E-01  0.1000E-09  0.2660E+00  0.8955E+01  0.0000E+00
12487.9600 10  1    0.2825    0.8001    0.2825    0.0000   -1.7298   -0.0960    0.0071    0.1901   -5.0497   -0.4119  0.8244E+02  0.4437E+03  0.1023E-15 -0.1543E-13  0.1000E-09  0.5212E-01  0.1000E-09  0.2660E+00  0.8955E+01  0.0000E+00
12488.9600 10  1    0.2825    0.8001    0.2825    0.0000   -1.7298   -0.0960    0.0071    0.1901   -5.0499   -0.4119  0.8244E+02  0.4442E+03  0.1023E-15 -0.1543E-13  0.1000E-09  0.5212E-01  0.1000E-09  0.2660E+00  0.8955E+01  0.0000E+00
12489.9600 10  1    0.2825    0.8001    0.2825    0.0000   -1.7298   -0.0960    0.0071    0.1901   -5.0501   -0.4119  0.8244E+02  0.4447E+03  0.1023E-15 -0.1543E-13  0.1000E-09  0.5212E-01  0.1000E-09  0.2661E+00  0.8955E+01  0.0000E+00
12490.9600 10  1    0.2825    0.8001    0.2825    0.0000   -1.7298   -0.0960    0.0071    0.1901   -5.0503   -0.4119  0.8244E+02  0.4452E+03  0.1023E-15 -0.1543E-13  0.1000E-09  0.5212E-01  0.1000E-09  0.2661E+00  0.8955E+01  0.0000E+00
12491.9600 10  1    0.2825    0.8001    0.2825    0.0000   -1.7298   -0.0959    0.0071    0.1901   -5.0506   -0.4119  0.8244E+02  0.4458E+03  0.1023E-15 -0.1543E-13  0.1000E-09  0.5212E-01  0.1000E-09  0.2661E+00  0.8955E+01  0.0000E+00
12492.9600 10  1    0.2825    0.8001    0.2825    0.0000   -1.7298   -0.0959    0.0071    0.1901   -5.0508   -0.4119  0.8245E+02  0.4463E+03  0.1023E-15 -0.1543E-13  0.1000E-09  0.5212E-01  0.1000E-09  0.2661E+00  0.8955E+01  0.0000E+00
12493.9600 10  1    0.2825    0.8001    0.2825    0.0000   -1.7298   -0.0959    0.0071    0.1901   -5.0510   -0.4118  0.8245E+02  0.4468E+03  0.1023E-15 -0.1543E-13  0.1000E-09  0.5212E-01  0.1000E-09  0.2661E+00  0.8955E+01  0.0000E+00
12494.9600 10  1    0.2825    0.8001    0.2825    0.0000   -1.7298   -0.0959    0.0071    0.1901   -5.0512   -0.4118  0.8245E+02  0.4474E+03  0.1023E-15 -0.1543E-13  0.1000E-09  0.5212E-01  0.1000E-09  0.2661E+00  0.8955E+01  0.0000E+00
12495.9600 10  1    0.2825    0.8001    0.2825    0.0000   -1.7298   -0.0959    0.0071    0.1901   -5.0515   -0.4118  0.8245E+02  0.4479E+03  0.1023E-15 -0.1543E-13  0.1000E-09  0.5212E-01  0.1000E-09  0.2661E+00  0.8955E+01  0.0000E+00
12496.9600 10  1    0.2825    0.8001    0.2825    0.0000   -1.7298   -0.0959    0.0071    0.1901   -5.0517   -0.4118  0.8245E+02  0.4484E+03  0.1023E-15 -0.1543E-13  0.1000E-09  0.5212E-01  0.1000E-09  0.2661E+00  0.8955E+01  0.0000E+00
12497.9600 10  1    0.2825    0.8001    0.2825    0.0000   -1.7298   -0.0959    0.0071    0.1901   -5.0519   -0.4118  0.8245E+02  0.4489E+03  0.1023E-15 -0.1543E-13  0.1000E-09  0.5212E-01  0.1000E-09  0.2661E+00  0.8955E+01  0.0000E+00
12498.9600 10  1    0.2825    0.8001    0.2825    0.0000   -1.7298   -0.0959    0.0071    0.1901   -5.0521   -0.4117  0.8245E+02  0.4495E+03  0.1023E-15 -0.1543E-13  0.1000E-09  0.5212E-01  0.1000E-09  0.2661E+00  0.8955E+01  0.0000E+00
12499.9600 10  1    0.2825    0.8001    0.2825    0.0000   -1.7298   -0.0959    0.0071    0.1901   -5.0524   -0.4117  0.8245E+02  0.4500E+03  0.1023E-15 -0.1543E-13  0.1000E-09  0.5212E-01  0.1000E-09  0.2661E+00  0.8955E+01  0.0000E+00
12500.9600 10  1    0.2825    0.8001    0.2825    0.0000   -1.7298   -0.0959    0.0071    0.1901   -5.0526   -0.4117  0.8245E+02  0.4505E+03  0.1023E-15 -0.1543E-13  0.1000E-09  0.5212E-01  0.1000E-09  0.2661E+00  0.8955E+01  0.0000E+00
12501.9600 10  1    0.2825    0.8001    0.2825    0.0000   -1.7298   -0.0959    0.0071    0.1901   -5.0528   -0.4117  0.8245E+02  0.4511E+03  0.1023E-15 -0.1543E-13  0.1000E-09  0.5212E-01  0.1000E-09  0.2661E+00  0.8955E+01  0.0000E+00
12502.9600 10  1    0.2825    0.8001    0.2825    0.0000   -1.7298   -0.0959    0.0071    0.1901   -5.0531   -0.4117  0.8246E+02  0.4516E+03  0.1023E-15 -0.1543E-13  0.1000E-09  0.5212E-01  0.1000E-09  0.2661E+00  0.8955E+01  0.0000E+00
12503.9600 10  1    0.2825    0.8001    0.2825    0.0000   -1.7298   -0.0959    0.0071    0.1901   -5.0533   -0.4116  0.8246E+02  0.4522E+03  0.1023E-15 -0.1543E-13  0.1000E-09  0.5212E-01  0.1000E-09  0.2661E+00  0.8955E+01  0.0000E+00
12504.9600 10  1    0.2825    0.8001    0.2825    0.0000   -1.7298   -0.0959    0.0071    0.1901   -5.0535   -0.4116  0.8246E+02  0.4527E+03  0.1023E-15 -0.1543E-13  0.1000E-09  0.5212E-01  0.1000E-09  0.2661E+00  0.8954E+01  0.0000E+00
12505.9600 10  1    0.2825    0.8001    0.2825    0.0000   -1.7298   -0.0959    0.0071    0.1902   -5.0537   -0.4116  0.8246E+02  0.4532E+03  0.1023E-15 -0.1543E-13  0.1000E-09  0.5212E-01  0.1000E-09  0.2661E+00  0.8954E+01  0.0000E+00
12506.9600 10  1    0.2825    0.8001    0.2825    0.0000   -1.7298   -0.0959    0.0071    0.1902   -5.0539   -0.4116  0.8246E+02  0.4538E+03  0.1023E-15 -0.1543E-13  0.1000E-09  0.5212E-01  0.1000E-09  0.2661E+00  0.8954E+01  0.0000E+00
12507.9600 10  1    0.2825    0.8001    0.2825    0.0000   -1.7298   -0.0959    0.0071    0.1902   -5.0542   -0.4116  0.8246E+02  0.4543E+03  0.1023E-15 -0.1543E-13  0.1000E-09  0.5211E-01  0.1000E-09  0.2662E+00  0.8954E+01  0.0000E+00
12508.9600 10  1    0.2825    0.8001    0.2825    0.0000   -1.7298   -0.0959    0.0071    0.1902   -5.0544   -0.4115  0.8246E+02  0.4549E+03  0.1023E-15 -0.1543E-13  0.1000E-09  0.5211E-01  0.1000E-09  0.2662E+00  0.8954E+01  0.0000E+00
12509.9600 10  1    0.2825    0.8001    0.2825    0.0000   -1.7298   -0.0959    0.0071    0.1902   -5.0546   -0.4115  0.8246E+02  0.4554E+03  0.1024E-15 -0.1543E-13  0.1000E-09  0.5211E-01  0.1000E-09  0.2662E+00  0.8954E+01  0.0000E+00
12510.9600 10  1    0.2825    0.8001    0.2825    0.0000   -1.7298   -0.0958    0.0071    0.1902   -5.0549   -0.4115  0.8246E+02  0.4559E+03  0.1024E-15 -0.1543E-13  0.1000E-09  0.5211E-01  0.1000E-09  0.2662E+00  0.8954E+01  0.0000E+00
12511.9600 10  1    0.2825    0.8001    0.2825    0.0000   -1.7298   -0.0958    0.0071    0.1902   -5.0551   -0.4115  0.8246E+02  0.4565E+03  0.1024E-15 -0.1544E-13  0.1000E-09  0.5211E-01  0.1000E-09  0.2662E+00  0.8954E+01  0.0000E+00
12512.9600 10  1    0.2825    0.8001    0.2825    0.0000   -1.7298   -0.0958    0.0071    0.1902   -5.0553   -0.4115  0.8246E+02  0.4570E+03  0.1024E-15 -0.1544E-13  0.1000E-09  0.5211E-01  0.1000E-09  0.2662E+00  0.8954E+01  0.0000E+00
12513.9600 10  1    0.2825    0.8001    0.2825    0.0000   -1.7298   -0.0958    0.0071    0.1902   -5.0555   -0.4115  0.8247E+02  0.4576E+03  0.1024E-15 -0.1544E-13  0.1000E-09  0.5211E-01  0.1000E-09  0.2662E+00  0.8954E+01  0.0000E+00
12514.9600 10  1    0.2825    0.8001    0.2825    0.0000   -1.7298   -0.0958    0.0071    0.1902   -5.0557   -0.4114  0.8247E+02  0.4581E+03  0.1024E-15 -0.1544E-13  0.1000E-09  0.5211E-01  0.1000E-09  0.2662E+00  0.8954E+01  0.0000E+00
12515.9600 10  1    0.2825    0.8001    0.2825    0.0000   -1.7298   -0.0958    0.0071    0.1902   -5.0560   -0.4114  0.8247E+02  0.4587E+03  0.1024E-15 -0.1544E-13  0.1000E-09  0.5211E-01  0.1000E-09  0.2662E+00  0.8954E+01  0.0000E+00
12516.9600 10  1    0.2825    0.8001    0.2825    0.0000   -1.7298   -0.0958    0.0071    0.1902   -5.0562   -0.4114  0.8247E+02  0.4592E+03  0.1025E-15 -0.1544E-13  0.1000E-09  0.5211E-01  0.1000E-09  0.2662E+00  0.8954E+01  0.0000E+00
12517.9600 10  1    0.2825    0.8001    0.2825    0.0000   -1.7298   -0.0958    0.0071    0.1902   -5.0564   -0.4114  0.8247E+02  0.4598E+03  0.1025E-15 -0.1545E-13  0.1000E-09  0.5211E-01  0.1000E-09  0.2662E+00  0.8954E+01  0.0000E+00
12518.9600 10  1    0.2825    0.8001    0.2825    0.0000   -1.7298   -0.0958    0.0071    0.1902   -5.0566   -0.4114  0.8247E+02  0.4603E+03  0.1025E-15 -0.1545E-13  0.1000E-09  0.5211E-01  0.1000E-09  0.2662E+00  0.8954E+01  0.0000E+00
12519.9600 10  1    0.2825    0.8001    0.2825    0.0000   -1.7298   -0.0958    0.0071    0.1902   -5.0569   -0.4113  0.8247E+02  0.4609E+03  0.1025E-15 -0.1545E-13  0.1000E-09  0.5211E-01  0.1000E-09  0.2662E+00  0.8954E+01  0.0000E+00
12520.9600 10  1    0.2825    0.8001    0.2825    0.0000   -1.7298   -0.0958    0.0071    0.1902   -5.0571   -0.4113  0.8247E+02  0.4614E+03  0.1025E-15 -0.1545E-13  0.1000E-09  0.5211E-01  0.1000E-09  0.2662E+00  0.8954E+01  0.0000E+00
12521.9600 10  1    0.2825    0.8001    0.2825    0.0000   -1.7298   -0.0958    0.0071    0.1902   -5.0573   -0.4113  0.8247E+02  0.4620E+03  0.1025E-15 -0.1545E-13  0.1000E-09  0.5211E-01  0.1000E-09  0.2662E+00  0.8954E+01  0.0000E+00
12522.9600 10  1    0.2825    0.8001    0.2825    0.0000   -1.7298   -0.0958    0.0071    0.1902   -5.0575   -0.4113  0.8247E+02  0.4625E+03  0.1025E-15 -0.1545E-13  0.1000E-09  0.5211E-01  0.1000E-09  0.2662E+00  0.8954E+01  0.0000E+00
12523.9600 10  1    0.2825    0.8001    0.2825    0.0000   -1.7298   -0.0958    0.0071    0.1902   -5.0578   -0.4113  0.8248E+02  0.4631E+03  0.1026E-15 -0.1546E-13  0.1000E-09  0.5211E-01  0.1000E-09  0.2662E+00  0.8954E+01  0.0000E+00
12524.9600 10  1    0.2825    0.8001    0.2825    0.0000   -1.7298   -0.0958    0.0071    0.1902   -5.0580   -0.4112  0.8248E+02  0.4636E+03  0.1026E-15 -0.1546E-13  0.1000E-09  0.5211E-01  0.1000E-09  0.2662E+00  0.8954E+01  0.0000E+00
12525.9600 10  1    0.2825    0.8001    0.2825    0.0000   -1.7298   -0.0958    0.0071    0.1902   -5.0582   -0.4112  0.8248E+02  0.4642E+03  0.1026E-15 -0.1546E-13  0.1000E-09  0.5211E-01  0.1000E-09  0.2663E+00  0.8954E+01  0.0000E+00
12526.9600 10  1    0.2825    0.8001    0.2825    0.0000   -1.7298   -0.0958    0.0071    0.1902   -5.0584   -0.4112  0.8248E+02  0.4648E+03  0.1026E-15 -0.1546E-13  0.1000E-09  0.5211E-01  0.1000E-09  0.2663E+00  0.8954E+01  0.0000E+00
12527.9600 10  1    0.2825    0.8001    0.2825    0.0000   -1.7298   -0.0958    0.0071    0.1902   -5.0587   -0.4112  0.8248E+02  0.4653E+03  0.1026E-15 -0.1546E-13  0.1000E-09  0.5211E-01  0.1000E-09  0.2663E+00  0.8953E+01  0.0000E+00
12528.9600 10  1    0.2825    0.8001    0.2825    0.0000   -1.7298   -0.0958    0.0071    0.1902   -5.0589   -0.4112  0.8248E+02  0.4659E+03  0.1026E-15 -0.1546E-13  0.1000E-09  0.5211E-01  0.1000E-09  0.2663E+00  0.8953E+01  0.0000E+00
12529.9600 10  1    0.2825    0.8001    0.2825    0.0000   -1.7298   -0.0957    0.0071    0.1902   -5.0591   -0.4111  0.8248E+02  0.4664E+03  0.1026E-15 -0.1547E-13  0.1000E-09  0.5211E-01  0.1000E-09  0.2663E+00  0.8953E+01  0.0000E+00
12530.9600 10  1    0.2825    0.8001    0.2825    0.0000   -1.7298   -0.0957    0.0071    0.1902   -5.0593   -0.4111  0.8248E+02  0.4670E+03  0.1026E-15 -0.1547E-13  0.1000E-09  0.5210E-01  0.1000E-09  0.2663E+00  0.8953E+01  0.0000E+00
12531.9600 10  1    0.2825    0.8001    0.2825    0.0000   -1.7298   -0.0957    0.0071    0.1902   -5.0596   -0.4111  0.8248E+02  0.4676E+03  0.1027E-15 -0.1547E-13  0.1000E-09  0.5210E-01  0.1000E-09  0.2663E+00  0.8953E+01  0.0000E+00
12532.9600 10  1    0.2825    0.8001    0.2825    0.0000   -1.7298   -0.0957    0.0071    0.1902   -5.0598   -0.4111  0.8248E+02  0.4681E+03  0.1027E-15 -0.1547E-13  0.1000E-09  0.5210E-01  0.1000E-09  0.2663E+00  0.8953E+01  0.0000E+00
12533.9600 10  1    0.2825    0.8001    0.2825    0.0000   -1.7298   -0.0957    0.0071    0.1902   -5.0600   -0.4111  0.8249E+02  0.4687E+03  0.1027E-15 -0.1547E-13  0.1000E-09  0.5210E-01  0.1000E-09  0.2663E+00  0.8953E+01  0.0000E+00
12534.9600 10  1    0.2825    0.8001    0.2825    0.0000   -1.7298   -0.0957    0.0071    0.1902   -5.0602   -0.4111  0.8249E+02  0.4693E+03  0.1027E-15 -0.1548E-13  0.1000E-09  0.5210E-01  0.1000E-09  0.2663E+00  0.8953E+01  0.0000E+00
12535.9600 10  1    0.2825    0.8001    0.2825    0.0000   -1.7298   -0.0957    0.0071    0.1902   -5.0605   -0.4110  0.8249E+02  0.4698E+03  0.1027E-15 -0.1548E-13  0.1000E-09  0.5210E-01  0.1000E-09  0.2663E+00  0.8953E+01  0.0000E+00
12536.9600 10  1    0.2825    0.8001    0.2825    0.0000   -1.7298   -0.0957    0.0071    0.1903   -5.0607   -0.4110  0.8249E+02  0.4704E+03  0.1027E-15 -0.1548E-13  0.1000E-09  0.5210E-01  0.1000E-09  0.2663E+00  0.8953E+01  0.0000E+00
12537.9600 10  1    0.2825    0.8001    0.2825    0.0000   -1.7298   -0.0957    0.0071    0.1903   -5.0609   -0.4110  0.8249E+02  0.4710E+03  0.1027E-15 -0.1548E-13  0.1000E-09  0.5210E-01  0.1000E-09  0.2663E+00  0.8953E+01  0.0000E+00
12538.9600 10  1    0.2825    0.8001    0.2825    0.0000   -1.7298   -0.0957    0.0071    0.1903   -5.0611   -0.4110  0.8249E+02  0.4715E+03  0.1028E-15 -0.1548E-13  0.1000E-09  0.5210E-01  0.1000E-09  0.2663E+00  0.8953E+01  0.0000E+00
12539.9600 10  1    0.2825    0.8001    0.2825    0.0000   -1.7298   -0.0957    0.0071    0.1903   -5.0614   -0.4110  0.8249E+02  0.4721E+03  0.1028E-15 -0.1548E-13  0.1000E-09  0.5210E-01  0.1000E-09  0.2663E+00  0.8953E+01  0.0000E+00
12540.9600 10  1    0.2825    0.8001    0.2825    0.0000   -1.7298   -0.0957    0.0071    0.1903   -5.0616   -0.4109  0.8249E+02  0.4727E+03  0.1028E-15 -0.1549E-13  0.1000E-09  0.5210E-01  0.1000E-09  0.2663E+00  0.8953E+01  0.0000E+00
12541.9600 10  1    0.2825    0.8001    0.2825    0.0000   -1.7298   -0.0957    0.0071    0.1903   -5.0618   -0.4109  0.8249E+02  0.4733E+03  0.1028E-15 -0.1549E-13  0.1000E-09  0.5210E-01  0.1000E-09  0.2663E+00  0.8953E+01  0.0000E+00
12542.9600 10  1    0.2825    0.8001    0.2825    0.0000   -1.7298   -0.0957    0.0071    0.1903   -5.0620   -0.4109  0.8249E+02  0.4738E+03  0.1028E-15 -0.1549E-13  0.1000E-09  0.5210E-01  0.1000E-09  0.2664E+00  0.8953E+01  0.0000E+00
12543.9600 10  1    0.2825    0.8001    0.2825    0.0000   -1.7298   -0.0957    0.0071    0.1903   -5.0623   -0.4109  0.8250E+02  0.4744E+03  0.1028E-15 -0.1549E-13  0.1000E-09  0.5210E-01  0.1000E-09  0.2664E+00  0.8953E+01  0.0000E+00
12544.9600 10  1    0.2825    0.8001    0.2825    0.0000   -1.7298   -0.0957    0.0071    0.1903   -5.0625   -0.4109  0.8250E+02  0.4750E+03  0.1028E-15 -0.1549E-13  0.1000E-09  0.5210E-01  0.1000E-09  0.2664E+00  0.8953E+01  0.0000E+00
12545.9600 10  1    0.2825    0.8001    0.2825    0.0000   -1.7298   -0.0957    0.0071    0.1903   -5.0627   -0.4108  0.8250E+02  0.4756E+03  0.1029E-15 -0.1549E-13  0.1000E-09  0.5210E-01  0.1000E-09  0.2664E+00  0.8953E+01  0.0000E+00
12546.9600 10  1    0.2825    0.8001    0.2825    0.0000   -1.7298   -0.0957    0.0071    0.1903   -5.0629   -0.4108  0.8250E+02  0.4761E+03  0.1029E-15 -0.1550E-13  0.1000E-09  0.5210E-01  0.1000E-09  0.2664E+00  0.8953E+01  0.0000E+00
12547.9600 10  1    0.2825    0.8001    0.2825    0.0000   -1.7298   -0.0957    0.0071    0.1903   -5.0632   -0.4108  0.8250E+02  0.4767E+03  0.1029E-15 -0.1550E-13  0.1000E-09  0.5210E-01  0.1000E-09  0.2664E+00  0.8953E+01  0.0000E+00
12548.9600 10  1    0.2825    0.8001    0.2825    0.0000   -1.7298   -0.0957    0.0071    0.1903   -5.0634   -0.4108  0.8250E+02  0.4773E+03  0.1029E-15 -0.1550E-13  0.1000E-09  0.5210E-01  0.1000E-09  0.2664E+00  0.8953E+01  0.0000E+00
12549.9600 10  1    0.2825    0.8001    0.2825    0.0000   -1.7298   -0.0956    0.0071    0.1903   -5.0636   -0.4108  0.8250E+02  0.4779E+03  0.1029E-15 -0.1550E-13  0.1000E-09  0.5210E-01  0.1000E-09  0.2664E+00  0.8953E+01  0.0000E+00
12550.9600 10  1    0.2825    0.8001    0.2825    0.0000   -1.7298   -0.0956    0.0071    0.1903   -5.0638   -0.4107  0.8250E+02  0.4785E+03  0.1029E-15 -0.1550E-13  0.1000E-09  0.5210E-01  0.1000E-09  0.2664E+00  0.8952E+01  0.0000E+00
12551.9600 10  1    0.2825    0.8001    0.2825    0.0000   -1.7298   -0.0956    0.0071    0.1903   -5.0641   -0.4107  0.8250E+02  0.4791E+03  0.1029E-15 -0.1550E-13  0.1000E-09  0.5210E-01  0.1000E-09  0.2664E+00  0.8952E+01  0.0000E+00
12552.9600 10  1    0.2825    0.8001    0.2825    0.0000   -1.7298   -0.0956    0.0071    0.1903   -5.0643   -0.4107  0.8250E+02  0.4797E+03  0.1030E-15 -0.1551E-13  0.1000E-09  0.5210E-01  0.1000E-09  0.2664E+00  0.8952E+01  0.0000E+00
12553.9600 10  1    0.2825    0.8001    0.2825    0.0000   -1.7298   -0.0956    0.0071    0.1903   -5.0645   -0.4107  0.8251E+02  0.4802E+03  0.1030E-15 -0.1551E-13  0.1000E-09  0.5210E-01  0.1000E-09  0.2664E+00  0.8952E+01  0.0000E+00
12554.9600 10  1    0.2825    0.8001    0.2825    0.0000   -1.7298   -0.0956    0.0071    0.1903   -5.0647   -0.4107  0.8251E+02  0.4808E+03  0.1030E-15 -0.1551E-13  0.1000E-09  0.5209E-01  0.1000E-09  0.2664E+00  0.8952E+01  0.0000E+00
12555.9600 10  1    0.2825    0.8001    0.2825    0.0000   -1.7298   -0.0956    0.0071    0.1903   -5.0650   -0.4107  0.8251E+02  0.4814E+03  0.1030E-15 -0.1551E-13  0.1000E-09  0.5209E-01  0.1000E-09  0.2664E+00  0.8952E+01  0.0000E+00
12556.9600 10  1    0.2825    0.8001    0.2825    0.0000   -1.7298   -0.0956    0.0071    0.1903   -5.0652   -0.4106  0.8251E+02  0.4820E+03  0.1030E-15 -0.1551E-13  0.1000E-09  0.5209E-01  0.1000E-09  0.2664E+00  0.8952E+01  0.0000E+00
12557.9600 10  1    0.2825    0.8001    0.2825    0.0000   -1.7298   -0.0956    0.0071    0.1903   -5.0654   -0.4106  0.8251E+02  0.4826E+03  0.1030E-15 -0.1551E-13  0.1000E-09  0.5209E-01  0.1000E-09  0.2664E+00  0.8952E+01  0.0000E+00
12558.9600 10  1    0.2825    0.8001    0.2825    0.0000   -1.7298   -0.0956    0.0071    0.1903   -5.0656   -0.4106  0.8251E+02  0.4832E+03  0.1030E-15 -0.1551E-13  0.1000E-09  0.5209E-01  0.1000E-09  0.2664E+00  0.8952E+01  0.0000E+00
12559.9600 10  1    0.2825    0.8001    0.2825    0.0000   -1.7298   -0.0956    0.0071    0.1903   -5.0659   -0.4106  0.8251E+02  0.4838E+03  0.1030E-15 -0.1551E-13  0.1000E-09  0.5209E-01  0.1000E-09  0.2664E+00  0.8952E+01  0.0000E+00
12560.9600 10  1    0.2825    0.8001    0.2825    0.0000   -1.7298   -0.0956    0.0071    0.1903   -5.0661   -0.4106  0.8251E+02  0.4844E+03  0.1030E-15 -0.1551E-13  0.1000E-09  0.5209E-01  0.1000E-09  0.2665E+00  0.8952E+01  0.0000E+00
12561.9600 10  1    0.2825    0.8001    0.2825    0.0000   -1.7298   -0.0956    0.0071    0.1903   -5.0663   -0.4105  0.8251E+02  0.4850E+03  0.1030E-15 -0.1551E-13  0.1000E-09  0.5209E-01  0.1000E-09  0.2665E+00  0.8952E+01  0.0000E+00
12562.9600 10  1    0.2825    0.8001    0.2825    0.0000   -1.7298   -0.0956    0.0071    0.1903   -5.0665   -0.4105  0.8252E+02  0.4856E+03  0.1030E-15 -0.1551E-13  0.1000E-09  0.5209E-01  0.1000E-09  0.2665E+00  0.8952E+01  0.0000E+00
12563.9600 10  1    0.2825    0.8001    0.2825    0.0000   -1.7298   -0.0956    0.0071    0.1903   -5.0667   -0.4105  0.8252E+02  0.4862E+03  0.1030E-15 -0.1551E-13  0.1000E-09  0.5209E-01  0.1000E-09  0.2665E+00  0.8952E+01  0.0000E+00
12564.9600 10  1    0.2825    0.8001    0.2825    0.0000   -1.7298   -0.0956    0.0071    0.1903   -5.0670   -0.4105  0.8252E+02  0.4868E+03  0.1030E-15 -0.1551E-13  0.1000E-09  0.5209E-01  0.1000E-09  0.2665E+00  0.8952E+01  0.0000E+00
12565.9600 10  1    0.2825    0.8001    0.2825    0.0000   -1.7298   -0.0956    0.0071    0.1903   -5.0672   -0.4105  0.8252E+02  0.4874E+03  0.1030E-15 -0.1551E-13  0.1000E-09  0.5209E-01  0.1000E-09  0.2665E+00  0.8952E+01  0.0000E+00
12566.9600 10  1    0.2825    0.8001    0.2825    0.0000   -1.7298   -0.0956    0.0071    0.1903   -5.0674   -0.4104  0.8252E+02  0.4880E+03  0.1030E-15 -0.1551E-13  0.1000E-09  0.5209E-01  0.1000E-09  0.2665E+00  0.8952E+01  0.0000E+00
12567.9600 10  1    0.2825    0.8001    0.2825    0.0000   -1.7298   -0.0956    0.0071    0.1904   -5.0676   -0.4104  0.8252E+02  0.4886E+03  0.1030E-15 -0.1551E-13  0.1000E-09  0.5209E-01  0.1000E-09  0.2665E+00  0.8952E+01  0.0000E+00
12568.9600 10  1    0.2825    0.8001    0.2825    0.0000   -1.7298   -0.0955    0.0071    0.1904   -5.0679   -0.4104  0.8252E+02  0.4892E+03  0.1030E-15 -0.1551E-13  0.1000E-09  0.5209E-01  0.1000E-09  0.2665E+00  0.8952E+01  0.0000E+00
12569.9600 10  1    0.2825    0.8001    0.2825    0.0000   -1.7298   -0.0955    0.0071    0.1904   -5.0681   -0.4104  0.8252E+02  0.4898E+03  0.1030E-15 -0.1551E-13  0.1000E-09  0.5209E-01  0.1000E-09  0.2665E+00  0.8952E+01  0.0000E+00
12570.9600 10  1    0.2825    0.8001    0.2825    0.0000   -1.7298   -0.0955    0.0071    0.1904   -5.0683   -0.4104  0.8252E+02  0.4904E+03  0.1030E-15 -0.1551E-13  0.1000E-09  0.5209E-01  0.1000E-09  0.2665E+00  0.8952E+01  0.0000E+00
12571.9600 10  1    0.2825    0.8001    0.2825    0.0000   -1.7298   -0.0955    0.0071    0.1904   -5.0685   -0.4103  0.8252E+02  0.4910E+03  0.1030E-15 -0.1551E-13  0.1000E-09  0.5209E-01  0.1000E-09  0.2665E+00  0.8951E+01  0.0000E+00
12572.9600 10  1    0.2825    0.8001    0.2825    0.0000   -1.7298   -0.0955    0.0071    0.1904   -5.0688   -0.4103  0.8253E+02  0.4917E+03  0.1030E-15 -0.1551E-13  0.1000E-09  0.5209E-01  0.1000E-09  0.2665E+00  0.8951E+01  0.0000E+00
12573.9600 10  1    0.2825    0.8001    0.2825    0.0000   -1.7298   -0.0955    0.0071    0.1904   -5.0690   -0.4103  0.8253E+02  0.4923E+03  0.1030E-15 -0.1551E-13  0.1000E-09  0.5209E-01  0.1000E-09  0.2665E+00  0.8951E+01  0.0000E+00
12574.9600 10  1    0.2825    0.8001    0.2825    0.0000   -1.7298   -0.0955    0.0071    0.1904   -5.0692   -0.4103  0.8253E+02  0.4929E+03  0.1030E-15 -0.1551E-13  0.1000E-09  0.5209E-01  0.1000E-09  0.2665E+00  0.8951E+01  0.0000E+00
12575.9600 10  1    0.2825    0.8001    0.2825    0.0000   -1.7298   -0.0955    0.0071    0.1904   -5.0694   -0.4103  0.8253E+02  0.4935E+03  0.1030E-15 -0.1551E-13  0.1000E-09  0.5209E-01  0.1000E-09  0.2665E+00  0.8951E+01  0.0000E+00
12576.9600 10  1    0.2825    0.8001    0.2825    0.0000   -1.7298   -0.0955    0.0071    0.1904   -5.0697   -0.4103  0.8253E+02  0.4941E+03  0.1030E-15 -0.1551E-13  0.1000E-09  0.5209E-01  0.1000E-09  0.2665E+00  0.8951E+01  0.0000E+00
12577.9600 10  1    0.2825    0.8001    0.2825    0.0000   -1.7298   -0.0955    0.0071    0.1904   -5.0699   -0.4102  0.8253E+02  0.4947E+03  0.1030E-15 -0.1551E-13  0.1000E-09  0.5209E-01  0.1000E-09  0.2665E+00  0.8951E+01  0.0000E+00
12578.9600 10  1    0.2825    0.8001    0.2825    0.0000   -1.7298   -0.0955    0.0071    0.1904   -5.0701   -0.4102  0.8253E+02  0.4954E+03  0.1030E-15 -0.1551E-13  0.1000E-09  0.5208E-01  0.1000E-09  0.2666E+00  0.8951E+01  0.0000E+00
12579.9600 10  1    0.2825    0.8001    0.2825    0.0000   -1.7298   -0.0955    0.0071    0.1904   -5.0703   -0.4102  0.8253E+02  0.4960E+03  0.1030E-15 -0.1551E-13  0.1000E-09  0.5208E-01  0.1000E-09  0.2666E+00  0.8951E+01  0.0000E+00
12580.9600 10  1    0.2825    0.8001    0.2825    0.0000   -1.7298   -0.0955    0.0071    0.1904   -5.0706   -0.4102  0.8253E+02  0.4966E+03  0.1030E-15 -0.1551E-13  0.1000E-09  0.5208E-01  0.1000E-09  0.2666E+00  0.8951E+01  0.0000E+00
12581.9600 10  1    0.2825    0.8001    0.2825    0.0000   -1.7298   -0.0955    0.0071    0.1904   -5.0708   -0.4102  0.8254E+02  0.4972E+03  0.1030E-15 -0.1551E-13  0.1000E-09  0.5208E-01  0.1000E-09  0.2666E+00  0.8951E+01  0.0000E+00
12582.9600 10  1    0.2825    0.8001    0.2825    0.0000   -1.7298   -0.0955    0.0071    0.1904   -5.0710   -0.4101  0.8254E+02  0.4979E+03  0.1030E-15 -0.1551E-13  0.1000E-09  0.5208E-01  0.1000E-09  0.2666E+00  0.8951E+01  0.0000E+00
12583.9600 10  1    0.2825    0.8001    0.2825    0.0000   -1.7298   -0.0955    0.0071    0.1904   -5.0712   -0.4101  0.8254E+02  0.4985E+03  0.1030E-15 -0.1551E-13  0.1000E-09  0.5208E-01  0.1000E-09  0.2666E+00  0.8951E+01  0.0000E+00
12584.9600 10  1    0.2825    0.8001    0.2825    0.0000   -1.7298   -0.0955    0.0071    0.1904   -5.0714   -0.4101  0.8254E+02  0.4991E+03  0.1030E-15 -0.1551E-13  0.1000E-09  0.5208E-01  0.1000E-09  0.2666E+00  0.8951E+01  0.0000E+00
12585.9600 10  1    0.2825    0.8001    0.2825    0.0000   -1.7298   -0.0955    0.0071    0.1904   -5.0717   -0.4101  0.8254E+02  0.4997E+03  0.1030E-15 -0.1551E-13  0.1000E-09  0.5208E-01  0.1000E-09  0.2666E+00  0.8951E+01  0.0000E+00
12586.9600 10  1    0.2825    0.8001    0.2825    0.0000   -1.7298   -0.0955    0.0071    0.1904   -5.0719   -0.4101  0.8254E+02  0.5004E+03  0.1030E-15 -0.1551E-13  0.1000E-09  0.5208E-01  0.1000E-09  0.2666E+00  0.8951E+01  0.0000E+00
12587.9600 10  1    0.2825    0.8001    0.2825    0.0000   -1.7298   -0.0954    0.0071    0.1904   -5.0721   -0.4100  0.8254E+02  0.5010E+03  0.1031E-15 -0.1551E-13  0.1000E-09  0.5208E-01  0.1000E-09  0.2666E+00  0.8951E+01  0.0000E+00
12588.9600 10  1    0.2825    0.8001    0.2825    0.0000   -1.7298   -0.0954    0.0071    0.1904   -5.0723   -0.4100  0.8254E+02  0.5016E+03  0.1031E-15 -0.1551E-13  0.1000E-09  0.5208E-01  0.1000E-09  0.2666E+00  0.8951E+01  0.0000E+00
12589.9600 10  1    0.2825    0.8001    0.2825    0.0000   -1.7298   -0.0954    0.0071    0.1904   -5.0726   -0.4100  0.8254E+02  0.5023E+03  0.1031E-15 -0.1551E-13  0.1000E-09  0.5208E-01  0.1000E-09  0.2666E+00  0.8951E+01  0.0000E+00
12590.9600 10  1    0.2825    0.8001    0.2825    0.0000   -1.7298   -0.0954    0.0071    0.1904   -5.0728   -0.4100  0.8254E+02  0.5029E+03  0.1031E-15 -0.1551E-13  0.1000E-09  0.5208E-01  0.1000E-09  0.2666E+00  0.8951E+01  0.0000E+00
12591.9600 10  1    0.2825    0.8001    0.2825    0.0000   -1.7298   -0.0954    0.0071    0.1904   -5.0730   -0.4100  0.8255E+02  0.5036E+03  0.1031E-15 -0.1551E-13  0.1000E-09  0.5208E-01  0.1000E-09  0.2666E+00  0.8950E+01  0.0000E+00
12592.9600 10  1    0.2825    0.8001    0.2825    0.0000   -1.7298   -0.0954    0.0071    0.1904   -5.0732   -0.4099  0.8255E+02  0.5042E+03  0.1031E-15 -0.1551E-13  0.1000E-09  0.5208E-01  0.1000E-09  0.2666E+00  0.8950E+01  0.0000E+00
12593.9600 10  1    0.2825    0.8001    0.2825    0.0000   -1.7298   -0.0954    0.0071    0.1904   -5.0735   -0.4099  0.8255E+02  0.5048E+03  0.1031E-15 -0.1551E-13  0.1000E-09  0.5208E-01  0.1000E-09  0.2666E+00  0.8950E+01  0.0000E+00
12594.9600 10  1    0.2825    0.8001    0.2825    0.0000   -1.7298   -0.0954    0.0071    0.1904   -5.0737   -0.4099  0.8255E+02  0.5055E+03  0.1031E-15 -0.1551E-13  0.1000E-09  0.5208E-01  0.1000E-09  0.2666E+00  0.8950E+01  0.0000E+00
12595.9600 10  1    0.2825    0.8001    0.2825    0.0000   -1.7298   -0.0954    0.0071    0.1904   -5.0739   -0.4099  0.8255E+02  0.5061E+03  0.1031E-15 -0.1551E-13  0.1000E-09  0.5208E-01  0.1000E-09  0.2666E+00  0.8950E+01  0.0000E+00
12596.9600 10  1    0.2825    0.8001    0.2825    0.0000   -1.7298   -0.0954    0.0071    0.1904   -5.0741   -0.4099  0.8255E+02  0.5068E+03  0.1031E-15 -0.1551E-13  0.1000E-09  0.5208E-01  0.1000E-09  0.2667E+00  0.8950E+01  0.0000E+00
12597.9600 10  1    0.2825    0.8001    0.2825    0.0000   -1.7298   -0.0954    0.0071    0.1905   -5.0744   -0.4099  0.8255E+02  0.5074E+03  0.1031E-15 -0.1551E-13  0.1000E-09  0.5208E-01  0.1000E-09  0.2667E+00  0.8950E+01  0.0000E+00
12598.9600 10  1    0.2825    0.8001    0.2825    0.0000   -1.7298   -0.0954    0.0071    0.1905   -5.0746   -0.4098  0.8255E+02  0.5081E+03  0.1031E-15 -0.1551E-13  0.1000E-09  0.5208E-01  0.1000E-09  0.2667E+00  0.8950E+01  0.0000E+00
12599.9600 10  1    0.2825    0.8001    0.2825    0.0000   -1.7298   -0.0954    0.0071    0.1905   -5.0748   -0.4098  0.8255E+02  0.5087E+03  0.1031E-15 -0.1551E-13  0.1000E-09  0.5208E-01  0.1000E-09  0.2667E+00  0.8950E+01  0.0000E+00
12600.9600 10  1    0.2825    0.8001    0.2825    0.0000   -1.7298   -0.0954    0.0071    0.1905   -5.0750   -0.4098  0.8256E+02  0.5094E+03  0.1031E-15 -0.1551E-13  0.1000E-09  0.5208E-01  0.1000E-09  0.2667E+00  0.8950E+01  0.0000E+00
12601.9600 10  1    0.2825    0.8001    0.2825    0.0000   -1.7298   -0.0954    0.0071    0.1905   -5.0752   -0.4098  0.8256E+02  0.5100E+03  0.1031E-15 -0.1551E-13  0.1000E-09  0.5208E-01  0.1000E-09  0.2667E+00  0.8950E+01  0.0000E+00
12602.9600 10  1    0.2825    0.8001    0.2825    0.0000   -1.7298   -0.0954    0.0071    0.1905   -5.0755   -0.4098  0.8256E+02  0.5107E+03  0.1031E-15 -0.1551E-13  0.1000E-09  0.5207E-01  0.1000E-09  0.2667E+00  0.8950E+01  0.0000E+00
12603.9600 10  1    0.2825    0.8001    0.2825    0.0000   -1.7298   -0.0954    0.0071    0.1905   -5.0757   -0.4097  0.8256E+02  0.5114E+03  0.1031E-15 -0.1551E-13  0.1000E-09  0.5207E-01  0.1000E-09  0.2667E+00  0.8950E+01  0.0000E+00
12604.9600 10  1    0.2825    0.8001    0.2825    0.0000   -1.7298   -0.0954    0.0071    0.1905   -5.0759   -0.4097  0.8256E+02  0.5120E+03  0.1031E-15 -0.1551E-13  0.1000E-09  0.5207E-01  0.1000E-09  0.2667E+00  0.8950E+01  0.0000E+00
12605.9600 10  1    0.2825    0.8001    0.2825    0.0000   -1.7298   -0.0954    0.0071    0.1905   -5.0761   -0.4097  0.8256E+02  0.5127E+03  0.1031E-15 -0.1551E-13  0.1000E-09  0.5207E-01  0.1000E-09  0.2667E+00  0.8950E+01  0.0000E+00
12606.9600 10  1    0.2825    0.8001    0.2825    0.0000   -1.7298   -0.0954    0.0071    0.1905   -5.0764   -0.4097  0.8256E+02  0.5134E+03  0.1031E-15 -0.1551E-13  0.1000E-09  0.5207E-01  0.1000E-09  0.2667E+00  0.8950E+01  0.0000E+00
12607.9600 10  1    0.2825    0.8001    0.2825    0.0000   -1.7298   -0.0953    0.0071    0.1905   -5.0766   -0.4097  0.8256E+02  0.5140E+03  0.1031E-15 -0.1551E-13  0.1000E-09  0.5207E-01  0.1000E-09  0.2667E+00  0.8950E+01  0.0000E+00
12608.9600 10  1    0.2825    0.8001    0.2825    0.0000   -1.7298   -0.0953    0.0071    0.1905   -5.0768   -0.4096  0.8256E+02  0.5147E+03  0.1031E-15 -0.1551E-13  0.1000E-09  0.5207E-01  0.1000E-09  0.2667E+00  0.8950E+01  0.0000E+00
12609.9600 10  1    0.2825    0.8001    0.2825    0.0000   -1.7298   -0.0953    0.0071    0.1905   -5.0770   -0.4096  0.8257E+02  0.5154E+03  0.1031E-15 -0.1551E-13  0.1000E-09  0.5207E-01  0.1000E-09  0.2667E+00  0.8950E+01  0.0000E+00
12610.9600 10  1    0.2825    0.8001    0.2825    0.0000   -1.7298   -0.0953    0.0071    0.1905   -5.0773   -0.4096  0.8257E+02  0.5160E+03  0.1031E-15 -0.1551E-13  0.1000E-09  0.5207E-01  0.1000E-09  0.2667E+00  0.8949E+01  0.0000E+00
12611.9600 10  1    0.2825    0.8001    0.2825    0.0000   -1.7298   -0.0953    0.0071    0.1905   -5.0775   -0.4096  0.8257E+02  0.5167E+03  0.1031E-15 -0.1551E-13  0.1000E-09  0.5207E-01  0.1000E-09  0.2667E+00  0.8949E+01  0.0000E+00
12612.9600 10  1    0.2825    0.8001    0.2825    0.0000   -1.7298   -0.0953    0.0071    0.1905   -5.0777   -0.4096  0.8257E+02  0.5174E+03  0.1031E-15 -0.1551E-13  0.1000E-09  0.5207E-01  0.1000E-09  0.2667E+00  0.8949E+01  0.0000E+00
12613.9600 10  1    0.2825    0.8001    0.2825    0.0000   -1.7298   -0.0953    0.0071    0.1905   -5.0779   -0.4095  0.8257E+02  0.5181E+03  0.1031E-15 -0.1551E-13  0.1000E-09  0.5207E-01  0.1000E-09  0.2668E+00  0.8949E+01  0.0000E+00
12614.9600 10  1    0.2825    0.8001    0.2825    0.0000   -1.7298   -0.0953    0.0071    0.1905   -5.0781   -0.4095  0.8257E+02  0.5187E+03  0.1031E-15 -0.1551E-13  0.1000E-09  0.5207E-01  0.1000E-09  0.2668E+00  0.8949E+01  0.0000E+00
12615.9600 10  1    0.2825    0.8001    0.2825    0.0000   -1.7298   -0.0953    0.0071    0.1905   -5.0784   -0.4095  0.8257E+02  0.5194E+03  0.1031E-15 -0.1551E-13  0.1000E-09  0.5207E-01  0.1000E-09  0.2668E+00  0.8949E+01  0.0000E+00
12616.9600 10  1    0.2825    0.8001    0.2825    0.0000   -1.7298   -0.0953    0.0071    0.1905   -5.0786   -0.4095  0.8257E+02  0.5201E+03  0.1031E-15 -0.1551E-13  0.1000E-09  0.5207E-01  0.1000E-09  0.2668E+00  0.8949E+01  0.0000E+00
12617.9600 10  1    0.2825    0.8001    0.2825    0.0000   -1.7298   -0.0953    0.0071    0.1905   -5.0788   -0.4095  0.8257E+02  0.5208E+03  0.1032E-15 -0.1551E-13  0.1000E-09  0.5207E-01  0.1000E-09  0.2668E+00  0.8949E+01  0.0000E+00
12618.9600 10  1    0.2825    0.8001    0.2825    0.0000   -1.7298   -0.0953    0.0071    0.1905   -5.0790   -0.4094  0.8258E+02  0.5215E+03  0.1032E-15 -0.1551E-13  0.1000E-09  0.5207E-01  0.1000E-09  0.2668E+00  0.8949E+01  0.0000E+00
12619.9600 10  1    0.2825    0.8001    0.2825    0.0000   -1.7298   -0.0953    0.0071    0.1905   -5.0793   -0.4094  0.8258E+02  0.5222E+03  0.1032E-15 -0.1552E-13  0.1000E-09  0.5207E-01  0.1000E-09  0.2668E+00  0.8949E+01  0.0000E+00
12620.9600 10  1    0.2825    0.8001    0.2825    0.0000   -1.7298   -0.0953    0.0071    0.1905   -5.0795   -0.4094  0.8258E+02  0.5228E+03  0.1032E-15 -0.1552E-13  0.1000E-09  0.5207E-01  0.1000E-09  0.2668E+00  0.8949E+01  0.0000E+00
12621.9600 10  1    0.2825    0.8001    0.2825    0.0000   -1.7298   -0.0953    0.0071    0.1905   -5.0797   -0.4094  0.8258E+02  0.5235E+03  0.1033E-15 -0.1552E-13  0.1000E-09  0.5207E-01  0.1000E-09  0.2668E+00  0.8949E+01  0.0000E+00
12622.9600 10  1    0.2825    0.8001    0.2825    0.0000   -1.7298   -0.0953    0.0071    0.1905   -5.0799   -0.4094  0.8258E+02  0.5242E+03  0.1033E-15 -0.1553E-13  0.1000E-09  0.5207E-01  0.1000E-09  0.2668E+00  0.8949E+01  0.0000E+00
12623.9600 10  1    0.2825    0.8001    0.2825    0.0000   -1.7298   -0.0953    0.0071    0.1905   -5.0802   -0.4094  0.8258E+02  0.5249E+03  0.1033E-15 -0.1553E-13  0.1000E-09  0.5207E-01  0.1000E-09  0.2668E+00  0.8949E+01  0.0000E+00
12624.9600 10  1    0.2825    0.8001    0.2825    0.0000   -1.7298   -0.0953    0.0071    0.1905   -5.0804   -0.4093  0.8258E+02  0.5256E+03  0.1033E-15 -0.1553E-13  0.1000E-09  0.5207E-01  0.1000E-09  0.2668E+00  0.8949E+01  0.0000E+00
12625.9600 10  1    0.2825    0.8001    0.2825    0.0000   -1.7298   -0.0953    0.0071    0.1905   -5.0806   -0.4093  0.8258E+02  0.5263E+03  0.1033E-15 -0.1553E-13  0.1000E-09  0.5207E-01  0.1000E-09  0.2668E+00  0.8949E+01  0.0000E+00
12626.9600 10  1    0.2825    0.8001    0.2825    0.0000   -1.7298   -0.0952    0.0071    0.1906   -5.0808   -0.4093  0.8258E+02  0.5270E+03  0.1034E-15 -0.1554E-13  0.1000E-09  0.5206E-01  0.1000E-09  0.2668E+00  0.8949E+01  0.0000E+00
12627.9600 10  1    0.2825    0.8001    0.2825    0.0000   -1.7298   -0.0952    0.0071    0.1906   -5.0810   -0.4093  0.8259E+02  0.5277E+03  0.1034E-15 -0.1554E-13  0.1000E-09  0.5206E-01  0.1000E-09  0.2668E+00  0.8949E+01  0.0000E+00
12628.9600 10  1    0.2825    0.8001    0.2825    0.0000   -1.7298   -0.0952    0.0071    0.1906   -5.0813   -0.4093  0.8259E+02  0.5284E+03  0.1034E-15 -0.1554E-13  0.1000E-09  0.5206E-01  0.1000E-09  0.2668E+00  0.8949E+01  0.0000E+00
12629.9600 10  1    0.2825    0.8001    0.2825    0.0000   -1.7298   -0.0952    0.0071    0.1906   -5.0815   -0.4092  0.8259E+02  0.5291E+03  0.1034E-15 -0.1555E-13  0.1000E-09  0.5206E-01  0.1000E-09  0.2668E+00  0.8948E+01  0.0000E+00
12630.9600 10  1    0.2825    0.8001    0.2825    0.0000   -1.7298   -0.0952    0.0071    0.1906   -5.0817   -0.4092  0.8259E+02  0.5299E+03  0.1035E-15 -0.1555E-13  0.1000E-09  0.5206E-01  0.1000E-09  0.2668E+00  0.8948E+01  0.0000E+00
12631.9600 10  1    0.2825    0.8001    0.2825    0.0000   -1.7298   -0.0952    0.0071    0.1906   -5.0819   -0.4092  0.8259E+02  0.5306E+03  0.1035E-15 -0.1555E-13  0.1000E-09  0.5206E-01  0.1000E-09  0.2669E+00  0.8948E+01  0.0000E+00
12632.9600 10  1    0.2825    0.8001    0.2825    0.0000   -1.7298   -0.0952    0.0071    0.1906   -5.0822   -0.4092  0.8259E+02  0.5313E+03  0.1035E-15 -0.1556E-13  0.1000E-09  0.5206E-01  0.1000E-09  0.2669E+00  0.8948E+01  0.0000E+00
12633.9600 10  1    0.2825    0.8001    0.2825    0.0000   -1.7298   -0.0952    0.0071    0.1906   -5.0824   -0.4092  0.8259E+02  0.5320E+03  0.1035E-15 -0.1556E-13  0.1000E-09  0.5206E-01  0.1000E-09  0.2669E+00  0.8948E+01  0.0000E+00
12634.9600 10  1    0.2825    0.8001    0.2825    0.0000   -1.7298   -0.0952    0.0071    0.1906   -5.0826   -0.4091  0.8259E+02  0.5327E+03  0.1035E-15 -0.1556E-13  0.1000E-09  0.5206E-01  0.1000E-09  0.2669E+00  0.8948E+01  0.0000E+00
12635.9600 10  1    0.2825    0.8001    0.2825    0.0000   -1.7298   -0.0952    0.0071    0.1906   -5.0828   -0.4091  0.8260E+02  0.5334E+03  0.1036E-15 -0.1556E-13  0.1000E-09  0.5206E-01  0.1000E-09  0.2669E+00  0.8948E+01  0.0000E+00
12636.9600 10  1    0.2825    0.8001    0.2825    0.0000   -1.7298   -0.0952    0.0071    0.1906   -5.0831   -0.4091  0.8260E+02  0.5342E+03  0.1036E-15 -0.1557E-13  0.1000E-09  0.5206E-01  0.1000E-09  0.2669E+00  0.8948E+01  0.0000E+00
12637.9600 10  1    0.2825    0.8001    0.2825    0.0000   -1.7298   -0.0952    0.0071    0.1906   -5.0833   -0.4091  0.8260E+02  0.5349E+03  0.1036E-15 -0.1557E-13  0.1000E-09  0.5206E-01  0.1000E-09  0.2669E+00  0.8948E+01  0.0000E+00
12638.9600 10  1    0.2825    0.8001    0.2825    0.0000   -1.7298   -0.0952    0.0071    0.1906   -5.0835   -0.4091  0.8260E+02  0.5356E+03  0.1036E-15 -0.1557E-13  0.1000E-09  0.5206E-01  0.1000E-09  0.2669E+00  0.8948E+01  0.0000E+00
12639.9600 10  1    0.2825    0.8001    0.2825    0.0000   -1.7298   -0.0952    0.0071    0.1906   -5.0837   -0.4090  0.8260E+02  0.5363E+03  0.1037E-15 -0.1558E-13  0.1000E-09  0.5206E-01  0.1000E-09  0.2669E+00  0.8948E+01  0.0000E+00
12640.9600 10  1    0.2825    0.8001    0.2825    0.0000   -1.7298   -0.0952    0.0071    0.1906   -5.0839   -0.4090  0.8260E+02  0.5371E+03  0.1037E-15 -0.1558E-13  0.1000E-09  0.5206E-01  0.1000E-09  0.2669E+00  0.8948E+01  0.0000E+00
12641.9600 10  1    0.2825    0.8001    0.2825    0.0000   -1.7298   -0.0952    0.0071    0.1906   -5.0842   -0.4090  0.8260E+02  0.5378E+03  0.1037E-15 -0.1558E-13  0.1000E-09  0.5206E-01  0.1000E-09  0.2669E+00  0.8948E+01  0.0000E+00
12642.9600 10  1    0.2825    0.8001    0.2825    0.0000   -1.7298   -0.0952    0.0071    0.1906   -5.0844   -0.4090  0.8260E+02  0.5386E+03  0.1037E-15 -0.1559E-13  0.1000E-09  0.5206E-01  0.1000E-09  0.2669E+00  0.8948E+01  0.0000E+00
12643.9600 10  1    0.2825    0.8001    0.2825    0.0000   -1.7298   -0.0952    0.0071    0.1906   -5.0846   -0.4090  0.8260E+02  0.5393E+03  0.1038E-15 -0.1559E-13  0.1000E-09  0.5206E-01  0.1000E-09  0.2669E+00  0.8948E+01  0.0000E+00
12644.9600 10  1    0.2825    0.8001    0.2825    0.0000   -1.7298   -0.0952    0.0071    0.1906   -5.0848   -0.4090  0.8261E+02  0.5400E+03  0.1038E-15 -0.1559E-13  0.1000E-09  0.5206E-01  0.1000E-09  0.2669E+00  0.8948E+01  0.0000E+00
12645.9600 10  1    0.2825    0.8001    0.2825    0.0000   -1.7298   -0.0951    0.0071    0.1906   -5.0851   -0.4089  0.8261E+02  0.5408E+03  0.1038E-15 -0.1559E-13  0.1000E-09  0.5206E-01  0.1000E-09  0.2669E+00  0.8948E+01  0.0000E+00
12646.9600 10  1    0.2825    0.8001    0.2825    0.0000   -1.7298   -0.0951    0.0071    0.1906   -5.0853   -0.4089  0.8261E+02  0.5415E+03  0.1038E-15 -0.1560E-13  0.1000E-09  0.5206E-01  0.1000E-09  0.2669E+00  0.8947E+01  0.0000E+00
12647.9600 10  1    0.2825    0.8001    0.2825    0.0000   -1.7298   -0.0951    0.0071    0.1906   -5.0855   -0.4089  0.8261E+02  0.5423E+03  0.1038E-15 -0.1560E-13  0.1000E-09  0.5206E-01  0.1000E-09  0.2669E+00  0.8947E+01  0.0000E+00
12648.9600 10  1    0.2825    0.8001    0.2825    0.0000   -1.7298   -0.0951    0.0071    0.1906   -5.0857   -0.4089  0.8261E+02  0.5430E+03  0.1039E-15 -0.1560E-13  0.1000E-09  0.5206E-01  0.1000E-09  0.2669E+00  0.8947E+01  0.0000E+00
12649.9600 10  1    0.2825    0.8001    0.2825    0.0000   -1.7298   -0.0951    0.0071    0.1906   -5.0859   -0.4089  0.8261E+02  0.5438E+03  0.1039E-15 -0.1561E-13  0.1000E-09  0.5206E-01  0.1000E-09  0.2670E+00  0.8947E+01  0.0000E+00
12650.9600 10  1    0.2825    0.8001    0.2825    0.0000   -1.7298   -0.0951    0.0071    0.1906   -5.0862   -0.4088  0.8261E+02  0.5445E+03  0.1039E-15 -0.1561E-13  0.1000E-09  0.5205E-01  0.1000E-09  0.2670E+00  0.8947E+01  0.0000E+00
12651.9600 10  1    0.2825    0.8001    0.2825    0.0000   -1.7298   -0.0951    0.0071    0.1906   -5.0864   -0.4088  0.8261E+02  0.5453E+03  0.1039E-15 -0.1561E-13  0.1000E-09  0.5205E-01  0.1000E-09  0.2670E+00  0.8947E+01  0.0000E+00
12652.9600 10  1    0.2825    0.8001    0.2825    0.0000   -1.7298   -0.0951    0.0071    0.1906   -5.0866   -0.4088  0.8261E+02  0.5461E+03  0.1040E-15 -0.1561E-13  0.1000E-09  0.5205E-01  0.1000E-09  0.2670E+00  0.8947E+01  0.0000E+00
12653.9600 10  1    0.2825    0.8001    0.2825    0.0000   -1.7298   -0.0951    0.0071    0.1906   -5.0868   -0.4088  0.8262E+02  0.5468E+03  0.1040E-15 -0.1562E-13  0.1000E-09  0.5205E-01  0.1000E-09  0.2670E+00  0.8947E+01  0.0000E+00
12654.9600 10  1    0.2825    0.8001    0.2825    0.0000   -1.7298   -0.0951    0.0071    0.1907   -5.0871   -0.4088  0.8262E+02  0.5476E+03  0.1040E-15 -0.1562E-13  0.1000E-09  0.5205E-01  0.1000E-09  0.2670E+00  0.8947E+01  0.0000E+00
12655.9600 10  1    0.2825    0.8001    0.2825    0.0000   -1.7298   -0.0951    0.0071    0.1907   -5.0873   -0.4087  0.8262E+02  0.5484E+03  0.1040E-15 -0.1562E-13  0.1000E-09  0.5205E-01  0.1000E-09  0.2670E+00  0.8947E+01  0.0000E+00
12656.9600 10  1    0.2825    0.8001    0.2825    0.0000   -1.7298   -0.0951    0.0071    0.1907   -5.0875   -0.4087  0.8262E+02  0.5491E+03  0.1041E-15 -0.1563E-13  0.1000E-09  0.5205E-01  0.1000E-09  0.2670E+00  0.8947E+01  0.0000E+00
12657.9600 10  1    0.2825    0.8001    0.2825    0.0000   -1.7298   -0.0951    0.0071    0.1907   -5.0877   -0.4087  0.8262E+02  0.5499E+03  0.1041E-15 -0.1563E-13  0.1000E-09  0.5205E-01  0.1000E-09  0.2670E+00  0.8947E+01  0.0000E+00
12658.9600 10  1    0.2825    0.8001    0.2825    0.0000   -1.7298   -0.0951    0.0071    0.1907   -5.0879   -0.4087  0.8262E+02  0.5507E+03  0.1041E-15 -0.1563E-13  0.1000E-09  0.5205E-01  0.1000E-09  0.2670E+00  0.8947E+01  0.0000E+00
12659.9600 10  1    0.2825    0.8001    0.2825    0.0000   -1.7298   -0.0951    0.0071    0.1907   -5.0882   -0.4087  0.8262E+02  0.5515E+03  0.1041E-15 -0.1564E-13  0.1000E-09  0.5205E-01  0.1000E-09  0.2670E+00  0.8947E+01  0.0000E+00
12660.9600 10  1    0.2825    0.8001    0.2825    0.0000   -1.7298   -0.0951    0.0071    0.1907   -5.0884   -0.4086  0.8262E+02  0.5523E+03  0.1041E-15 -0.1564E-13  0.1000E-09  0.5205E-01  0.1000E-09  0.2670E+00  0.8947E+01  0.0000E+00
12661.9600 10  1    0.2825    0.8001    0.2825    0.0000   -1.7298   -0.0951    0.0071    0.1907   -5.0886   -0.4086  0.8263E+02  0.5530E+03  0.1042E-15 -0.1564E-13  0.1000E-09  0.5205E-01  0.1000E-09  0.2670E+00  0.8947E+01  0.0000E+00
12662.9600 10  1    0.2825    0.8001    0.2825    0.0000   -1.7298   -0.0951    0.0071    0.1907   -5.0888   -0.4086  0.8263E+02  0.5538E+03  0.1042E-15 -0.1564E-13  0.1000E-09  0.5205E-01  0.1000E-09  0.2670E+00  0.8946E+01  0.0000E+00
12663.9600 10  1    0.2825    0.8001    0.2825    0.0000   -1.7298   -0.0951    0.0071    0.1907   -5.0891   -0.4086  0.8263E+02  0.5546E+03  0.1042E-15 -0.1565E-13  0.1000E-09  0.5205E-01  0.1000E-09  0.2670E+00  0.8946E+01  0.0000E+00
12664.9600 10  1    0.2825    0.8001    0.2825    0.0000   -1.7298   -0.0950    0.0071    0.1907   -5.0893   -0.4086  0.8263E+02  0.5554E+03  0.1042E-15 -0.1565E-13  0.1000E-09  0.5205E-01  0.1000E-09  0.2670E+00  0.8946E+01  0.0000E+00
12665.9600 10  1    0.2825    0.8001    0.2825    0.0000   -1.7298   -0.0950    0.0071    0.1907   -5.0895   -0.4085  0.8263E+02  0.5562E+03  0.1042E-15 -0.1565E-13  0.1000E-09  0.5205E-01  0.1000E-09  0.2670E+00  0.8946E+01  0.0000E+00
12666.9600 10  1    0.2825    0.8001    0.2825    0.0000   -1.7298   -0.0950    0.0071    0.1907   -5.0897   -0.4085  0.8263E+02  0.5570E+03  0.1042E-15 -0.1565E-13  0.1000E-09  0.5205E-01  0.1000E-09  0.2671E+00  0.8946E+01  0.0000E+00
12667.9600 10  1    0.2825    0.8001    0.2825    0.0000   -1.7298   -0.0950    0.0071    0.1907   -5.0899   -0.4085  0.8263E+02  0.5578E+03  0.1042E-15 -0.1565E-13  0.1000E-09  0.5205E-01  0.1000E-09  0.2671E+00  0.8946E+01  0.0000E+00
12668.9600 10  1    0.2825    0.8001    0.2825    0.0000   -1.7298   -0.0950    0.0071    0.1907   -5.0902   -0.4085  0.8263E+02  0.5586E+03  0.1042E-15 -0.1565E-13  0.1000E-09  0.5205E-01  0.1000E-09  0.2671E+00  0.8946E+01  0.0000E+00
12669.9600 10  1    0.2825    0.8001    0.2825    0.0000   -1.7298   -0.0950    0.0071    0.1907   -5.0904   -0.4085  0.8264E+02  0.5595E+03  0.1042E-15 -0.1565E-13  0.1000E-09  0.5205E-01  0.1000E-09  0.2671E+00  0.8946E+01  0.0000E+00
12670.9600 10  1    0.2825    0.8001    0.2825    0.0000   -1.7298   -0.0950    0.0071    0.1907   -5.0906   -0.4085  0.8264E+02  0.5603E+03  0.1042E-15 -0.1565E-13  0.1000E-09  0.5205E-01  0.1000E-09  0.2671E+00  0.8946E+01  0.0000E+00
12671.9600 10  1    0.2825    0.8001    0.2825    0.0000   -1.7298   -0.0950    0.0071    0.1907   -5.0908   -0.4084  0.8264E+02  0.5611E+03  0.1042E-15 -0.1565E-13  0.1000E-09  0.5205E-01  0.1000E-09  0.2671E+00  0.8946E+01  0.0000E+00
12672.9600 10  1    0.2825    0.8001    0.2825    0.0000   -1.7298   -0.0950    0.0071    0.1907   -5.0911   -0.4084  0.8264E+02  0.5619E+03  0.1042E-15 -0.1565E-13  0.1000E-09  0.5205E-01  0.1000E-09  0.2671E+00  0.8946E+01  0.0000E+00
12673.9600 10  1    0.2825    0.8001    0.2825    0.0000   -1.7298   -0.0950    0.0071    0.1907   -5.0913   -0.4084  0.8264E+02  0.5627E+03  0.1042E-15 -0.1565E-13  0.1000E-09  0.5205E-01  0.1000E-09  0.2671E+00  0.8946E+01  0.0000E+00
12674.9600 10  1    0.2825    0.8001    0.2825    0.0000   -1.7298   -0.0950    0.0071    0.1907   -5.0915   -0.4084  0.8264E+02  0.5636E+03  0.1042E-15 -0.1565E-13  0.1000E-09  0.5205E-01  0.1000E-09  0.2671E+00  0.8946E+01  0.0000E+00
12675.9600 10  1    0.2825    0.8001    0.2825    0.0000   -1.7298   -0.0950    0.0071    0.1907   -5.0917   -0.4084  0.8264E+02  0.5644E+03  0.1042E-15 -0.1565E-13  0.1000E-09  0.5204E-01  0.1000E-09  0.2671E+00  0.8946E+01  0.0000E+00
12676.9600 10  1    0.2825    0.8001    0.2825    0.0000   -1.7298   -0.0950    0.0071    0.1907   -5.0919   -0.4083  0.8264E+02  0.5652E+03  0.1042E-15 -0.1565E-13  0.1000E-09  0.5204E-01  0.1000E-09  0.2671E+00  0.8946E+01  0.0000E+00
12677.9600 10  1    0.2825    0.8001    0.2825    0.0000   -1.7298   -0.0950    0.0071    0.1907   -5.0922   -0.4083  0.8265E+02  0.5661E+03  0.1043E-15 -0.1565E-13  0.1000E-09  0.5204E-01  0.1000E-09  0.2671E+00  0.8946E+01  0.0000E+00
12678.9600 10  1    0.2825    0.8001    0.2825    0.0000   -1.7298   -0.0950    0.0071    0.1907   -5.0924   -0.4083  0.8265E+02  0.5669E+03  0.1043E-15 -0.1565E-13  0.1000E-09  0.5204E-01  0.1000E-09  0.2671E+00  0.8945E+01  0.0000E+00
12679.9600 10  1    0.2825    0.8001    0.2825    0.0000   -1.7298   -0.0950    0.0071    0.1907   -5.0926   -0.4083  0.8265E+02  0.5678E+03  0.1043E-15 -0.1565E-13  0.1000E-09  0.5204E-01  0.1000E-09  0.2671E+00  0.8945E+01  0.0000E+00
12680.9600 10  1    0.2825    0.8001    0.2825    0.0000   -1.7298   -0.0950    0.0071    0.1907   -5.0928   -0.4083  0.8265E+02  0.5686E+03  0.1043E-15 -0.1565E-13  0.1000E-09  0.5204E-01  0.1000E-09  0.2671E+00  0.8945E+01  0.0000E+00
12681.9600 10  1    0.2825    0.8001    0.2825    0.0000   -1.7298   -0.0950    0.0071    0.1907   -5.0931   -0.4082  0.8265E+02  0.5695E+03  0.1043E-15 -0.1565E-13  0.1000E-09  0.5204E-01  0.1000E-09  0.2671E+00  0.8945E+01  0.0000E+00
12682.9600 10  1    0.2825    0.8001    0.2825    0.0000   -1.7298   -0.0950    0.0071    0.1908   -5.0933   -0.4082  0.8265E+02  0.5703E+03  0.1043E-15 -0.1565E-13  0.1000E-09  0.5204E-01  0.1000E-09  0.2671E+00  0.8945E+01  0.0000E+00
12683.9600 10  1    0.2825    0.8001    0.2825    0.0000   -1.7298   -0.0949    0.0071    0.1908   -5.0935   -0.4082  0.8265E+02  0.5712E+03  0.1043E-15 -0.1565E-13  0.1000E-09  0.5204E-01  0.1000E-09  0.2672E+00  0.8945E+01  0.0000E+00
12684.9600 10  1    0.2825    0.8001    0.2825    0.0000   -1.7298   -0.0949    0.0071    0.1908   -5.0937   -0.4082  0.8265E+02  0.5720E+03  0.1043E-15 -0.1565E-13  0.1000E-09  0.5204E-01  0.1000E-09  0.2672E+00  0.8945E+01  0.0000E+00
12685.9600 10  1    0.2825    0.8001    0.2825    0.0000   -1.7298   -0.0949    0.0071    0.1908   -5.0939   -0.4082  0.8266E+02  0.5729E+03  0.1043E-15 -0.1565E-13  0.1000E-09  0.5204E-01  0.1000E-09  0.2672E+00  0.8945E+01  0.0000E+00
12686.9600 10  1    0.2825    0.8001    0.2825    0.0000   -1.7298   -0.0949    0.0071    0.1908   -5.0942   -0.4081  0.8266E+02  0.5738E+03  0.1043E-15 -0.1565E-13  0.1000E-09  0.5204E-01  0.1000E-09  0.2672E+00  0.8945E+01  0.0000E+00
12687.9600 10  1    0.2825    0.8001    0.2825    0.0000   -1.7298   -0.0949    0.0071    0.1908   -5.0944   -0.4081  0.8266E+02  0.5747E+03  0.1043E-15 -0.1565E-13  0.1000E-09  0.5204E-01  0.1000E-09  0.2672E+00  0.8945E+01  0.0000E+00
12688.9600 10  1    0.2825    0.8001    0.2825    0.0000   -1.7298   -0.0949    0.0071    0.1908   -5.0946   -0.4081  0.8266E+02  0.5755E+03  0.1043E-15 -0.1565E-13  0.1000E-09  0.5204E-01  0.1000E-09  0.2672E+00  0.8945E+01  0.0000E+00
12689.9600 10  1    0.2825    0.8001    0.2825    0.0000   -1.7298   -0.0949    0.0071    0.1908   -5.0948   -0.4081  0.8266E+02  0.5764E+03  0.1043E-15 -0.1565E-13  0.1000E-09  0.5204E-01  0.1000E-09  0.2672E+00  0.8945E+01  0.0000E+00
12690.9600 10  1    0.2825    0.8001    0.2825    0.0000   -1.7298   -0.0949    0.0071    0.1908   -5.0951   -0.4081  0.8266E+02  0.5773E+03  0.1043E-15 -0.1565E-13  0.1000E-09  0.5204E-01  0.1000E-09  0.2672E+00  0.8945E+01  0.0000E+00
12691.9600 10  1    0.2825    0.8001    0.2825    0.0000   -1.7298   -0.0949    0.0071    0.1908   -5.0953   -0.4080  0.8266E+02  0.5782E+03  0.1043E-15 -0.1565E-13  0.1000E-09  0.5204E-01  0.1000E-09  0.2672E+00  0.8945E+01  0.0000E+00
12692.9600 10  1    0.2825    0.8001    0.2825    0.0000   -1.7298   -0.0949    0.0071    0.1908   -5.0955   -0.4080  0.8266E+02  0.5791E+03  0.1043E-15 -0.1565E-13  0.1000E-09  0.5204E-01  0.1000E-09  0.2672E+00  0.8944E+01  0.0000E+00
12693.9600 10  1    0.2825    0.8001    0.2825    0.0000   -1.7298   -0.0949    0.0071    0.1908   -5.0957   -0.4080  0.8267E+02  0.5800E+03  0.1043E-15 -0.1565E-13  0.1000E-09  0.5204E-01  0.1000E-09  0.2672E+00  0.8944E+01  0.0000E+00
12694.9600 10  1    0.2825    0.8001    0.2825    0.0000   -1.7298   -0.0949    0.0071    0.1908   -5.0959   -0.4080  0.8267E+02  0.5809E+03  0.1043E-15 -0.1565E-13  0.1000E-09  0.5204E-01  0.1000E-09  0.2672E+00  0.8944E+01  0.0000E+00
12695.9600 10  1    0.2825    0.8001    0.2825    0.0000   -1.7298   -0.0949    0.0071    0.1908   -5.0962   -0.4080  0.8267E+02  0.5818E+03  0.1043E-15 -0.1565E-13  0.1000E-09  0.5204E-01  0.1000E-09  0.2672E+00  0.8944E+01  0.0000E+00
12696.9600 10  1    0.2825    0.8001    0.2825    0.0000   -1.7298   -0.0949    0.0071    0.1908   -5.0964   -0.4080  0.8267E+02  0.5827E+03  0.1043E-15 -0.1565E-13  0.1000E-09  0.5204E-01  0.1000E-09  0.2672E+00  0.8944E+01  0.0000E+00
12697.9600 10  1    0.2825    0.8001    0.2825    0.0000   -1.7298   -0.0949    0.0071    0.1908   -5.0966   -0.4079  0.8267E+02  0.5836E+03  0.1043E-15 -0.1565E-13  0.1000E-09  0.5204E-01  0.1000E-09  0.2672E+00  0.8944E+01  0.0000E+00
12698.9600 10  1    0.2825    0.8001    0.2825    0.0000   -1.7298   -0.0949    0.0071    0.1908   -5.0968   -0.4079  0.8267E+02  0.5846E+03  0.1043E-15 -0.1565E-13  0.1000E-09  0.5204E-01  0.1000E-09  0.2672E+00  0.8944E+01  0.0000E+00
12699.9600 10  1    0.2825    0.8001    0.2825    0.0000   -1.7298   -0.0949    0.0071    0.1908   -5.0970   -0.4079  0.8267E+02  0.5855E+03  0.1043E-15 -0.1565E-13  0.1000E-09  0.5204E-01  0.1000E-09  0.2672E+00  0.8944E+01  0.0000E+00
12700.9600 10  1    0.2825    0.8001    0.2825    0.0000   -1.7298   -0.0949    0.0071    0.1908   -5.0973   -0.4079  0.8267E+02  0.5864E+03  0.1043E-15 -0.1565E-13  0.1000E-09  0.5203E-01  0.1000E-09  0.2672E+00  0.8944E+01  0.0000E+00
12701.9600 10  1    0.2825    0.8001    0.2825    0.0000   -1.7298   -0.0949    0.0071    0.1908   -5.0975   -0.4079  0.8268E+02  0.5874E+03  0.1043E-15 -0.1565E-13  0.1000E-09  0.5203E-01  0.1000E-09  0.2673E+00  0.8944E+01  0.0000E+00
12702.9600 10  1    0.2825    0.8001    0.2825    0.0000   -1.7298   -0.0948    0.0071    0.1908   -5.0977   -0.4078  0.8268E+02  0.5883E+03  0.1043E-15 -0.1565E-13  0.1000E-09  0.5203E-01  0.1000E-09  0.2673E+00  0.8944E+01  0.0000E+00
12703.9600 10  1    0.2825    0.8001    0.2825    0.0000   -1.7298   -0.0948    0.0071    0.1908   -5.0979   -0.4078  0.8268E+02  0.5893E+03  0.1043E-15 -0.1565E-13  0.1000E-09  0.5203E-01  0.1000E-09  0.2673E+00  0.8944E+01  0.0000E+00
12704.9600 10  1    0.2825    0.8001    0.2825    0.0000   -1.7298   -0.0948    0.0071    0.1908   -5.0982   -0.4078  0.8268E+02  0.5902E+03  0.1043E-15 -0.1565E-13  0.1000E-09  0.5203E-01  0.1000E-09  0.2673E+00  0.8944E+01  0.0000E+00
12705.9600 10  1    0.2825    0.8001    0.2825    0.0000   -1.7298   -0.0948    0.0071    0.1908   -5.0984   -0.4078  0.8268E+02  0.5912E+03  0.1043E-15 -0.1565E-13  0.1000E-09  0.5203E-01  0.1000E-09  0.2673E+00  0.8944E+01  0.0000E+00
12706.9600 10  1    0.2825    0.8001    0.2825    0.0000   -1.7298   -0.0948    0.0071    0.1908   -5.0986   -0.4078  0.8268E+02  0.5921E+03  0.1043E-15 -0.1565E-13  0.1000E-09  0.5203E-01  0.1000E-09  0.2673E+00  0.8943E+01  0.0000E+00
12707.9600 10  1    0.2825    0.8001    0.2825    0.0000   -1.7298   -0.0948    0.0071    0.1908   -5.0988   -0.4077  0.8268E+02  0.5931E+03  0.1043E-15 -0.1565E-13  0.1000E-09  0.5203E-01  0.1000E-09  0.2673E+00  0.8943E+01  0.0000E+00
12708.9600 10  1    0.2825    0.8001    0.2825    0.0000   -1.7298   -0.0948    0.0071    0.1909   -5.0990   -0.4077  0.8268E+02  0.5941E+03  0.1044E-15 -0.1565E-13  0.1000E-09  0.5203E-01  0.1000E-09  0.2673E+00  0.8943E+01  0.0000E+00
12709.9600 10  1    0.2825    0.8001    0.2825    0.0000   -1.7298   -0.0948    0.0071    0.1909   -5.0993   -0.4077  0.8269E+02  0.5951E+03  0.1044E-15 -0.1565E-13  0.1000E-09  0.5203E-01  0.1000E-09  0.2673E+00  0.8943E+01  0.0000E+00
12710.9600 10  1    0.2825    0.8001    0.2825    0.0000   -1.7298   -0.0948    0.0071    0.1909   -5.0995   -0.4077  0.8269E+02  0.5961E+03  0.1044E-15 -0.1565E-13  0.1000E-09  0.5203E-01  0.1000E-09  0.2673E+00  0.8943E+01  0.0000E+00
12711.9600 10  1    0.2825    0.8001    0.2825    0.0000   -1.7298   -0.0948    0.0071    0.1909   -5.0997   -0.4077  0.8269E+02  0.5970E+03  0.1044E-15 -0.1565E-13  0.1000E-09  0.5203E-01  0.1000E-09  0.2673E+00  0.8943E+01  0.0000E+00
12712.9600 10  1    0.2825    0.8001    0.2825    0.0000   -1.7298   -0.0948    0.0071    0.1909   -5.0999   -0.4076  0.8269E+02  0.5980E+03  0.1044E-15 -0.1565E-13  0.1000E-09  0.5203E-01  0.1000E-09  0.2673E+00  0.8943E+01  0.0000E+00
12713.9600 10  1    0.2825    0.8001    0.2825    0.0000   -1.7298   -0.0948    0.0071    0.1909   -5.1001   -0.4076  0.8269E+02  0.5990E+03  0.1044E-15 -0.1565E-13  0.1000E-09  0.5203E-01  0.1000E-09  0.2673E+00  0.8943E+01  0.0000E+00
12714.9600 10  1    0.2825    0.8001    0.2825    0.0000   -1.7298   -0.0948    0.0071    0.1909   -5.1004   -0.4076  0.8269E+02  0.6001E+03  0.1044E-15 -0.1565E-13  0.1000E-09  0.5203E-01  0.1000E-09  0.2673E+00  0.8943E+01  0.0000E+00
12715.9600 10  1    0.2825    0.8001    0.2825    0.0000   -1.7298   -0.0948    0.0071    0.1909   -5.1006   -0.4076  0.8269E+02  0.6011E+03  0.1044E-15 -0.1565E-13  0.1000E-09  0.5203E-01  0.1000E-09  0.2673E+00  0.8943E+01  0.0000E+00
12716.9600 10  1    0.2825    0.8001    0.2825    0.0000   -1.7298   -0.0948    0.0071    0.1909   -5.1008   -0.4076  0.8269E+02  0.6021E+03  0.1044E-15 -0.1565E-13  0.1000E-09  0.5203E-01  0.1000E-09  0.2673E+00  0.8943E+01  0.0000E+00
12717.9600 10  1    0.2825    0.8001    0.2825    0.0000   -1.7298   -0.0948    0.0071    0.1909   -5.1010   -0.4075  0.8270E+02  0.6031E+03  0.1044E-15 -0.1565E-13  0.1000E-09  0.5203E-01  0.1000E-09  0.2673E+00  0.8943E+01  0.0000E+00
12718.9600 10  1    0.2825    0.8001    0.2825    0.0000   -1.7298   -0.0948    0.0071    0.1909   -5.1013   -0.4075  0.8270E+02  0.6042E+03  0.1044E-15 -0.1565E-13  0.1000E-09  0.5203E-01  0.1000E-09  0.2674E+00  0.8942E+01  0.0000E+00
12719.9600 10  1    0.2825    0.8001    0.2825    0.0000   -1.7298   -0.0948    0.0071    0.1909   -5.1015   -0.4075  0.8270E+02  0.6052E+03  0.1044E-15 -0.1565E-13  0.1000E-09  0.5203E-01  0.1000E-09  0.2674E+00  0.8942E+01  0.0000E+00
12720.9600 10  1    0.2825    0.8001    0.2825    0.0000   -1.7298   -0.0948    0.0071    0.1909   -5.1017   -0.4075  0.8270E+02  0.6062E+03  0.1044E-15 -0.1565E-13  0.1000E-09  0.5203E-01  0.1000E-09  0.2674E+00  0.8942E+01  0.0000E+00
12721.9600 10  1    0.2825    0.8001    0.2825    0.0000   -1.7298   -0.0947    0.0071    0.1909   -5.1019   -0.4075  0.8270E+02  0.6073E+03  0.1044E-15 -0.1565E-13  0.1000E-09  0.5203E-01  0.1000E-09  0.2674E+00  0.8942E+01  0.0000E+00
12722.9600 10  1    0.2825    0.8001    0.2825    0.0000   -1.7298   -0.0947    0.0071    0.1909   -5.1021   -0.4075  0.8270E+02  0.6084E+03  0.1044E-15 -0.1565E-13  0.1000E-09  0.5203E-01  0.1000E-09  0.2674E+00  0.8942E+01  0.0000E+00
12723.9600 10  1    0.2825    0.8001    0.2825    0.0000   -1.7298   -0.0947    0.0071    0.1909   -5.1024   -0.4074  0.8270E+02  0.6094E+03  0.1044E-15 -0.1565E-13  0.1000E-09  0.5203E-01  0.1000E-09  0.2674E+00  0.8942E+01  0.0000E+00
12724.9600 10  1    0.2825    0.8001    0.2825    0.0000   -1.7298   -0.0947    0.0071    0.1909   -5.1026   -0.4074  0.8271E+02  0.6105E+03  0.1044E-15 -0.1565E-13  0.1000E-09  0.5203E-01  0.1000E-09  0.2674E+00  0.8942E+01  0.0000E+00
12725.9600 10  1    0.2825    0.8001    0.2825    0.0000   -1.7298   -0.0947    0.0071    0.1909   -5.1028   -0.4074  0.8271E+02  0.6116E+03  0.1044E-15 -0.1565E-13  0.1000E-09  0.5202E-01  0.1000E-09  0.2674E+00  0.8942E+01  0.0000E+00
12726.9600 10  1    0.2825    0.8001    0.2825    0.0000   -1.7298   -0.0947    0.0071    0.1909   -5.1030   -0.4074  0.8271E+02  0.6127E+03  0.1044E-15 -0.1565E-13  0.1000E-09  0.5202E-01  0.1000E-09  0.2674E+00  0.8942E+01  0.0000E+00
12727.9600 10  1    0.2825    0.8001    0.2825    0.0000   -1.7298   -0.0947    0.0071    0.1909   -5.1032   -0.4074  0.8271E+02  0.6138E+03  0.1044E-15 -0.1565E-13  0.1000E-09  0.5202E-01  0.1000E-09  0.2674E+00  0.8942E+01  0.0000E+00
12728.9600 10  1    0.2825    0.8001    0.2825    0.0000   -1.7298   -0.0947    0.0071    0.1909   -5.1035   -0.4073  0.8271E+02  0.6149E+03  0.1044E-15 -0.1565E-13  0.1000E-09  0.5202E-01  0.1000E-09  0.2674E+00  0.8942E+01  0.0000E+00
12729.9600 10  1    0.2825    0.8001    0.2825    0.0000   -1.7298   -0.0947    0.0071    0.1909   -5.1037   -0.4073  0.8271E+02  0.6160E+03  0.1044E-15 -0.1565E-13  0.1000E-09  0.5202E-01  0.1000E-09  0.2674E+00  0.8942E+01  0.0000E+00
12730.9600 10  1    0.2825    0.8001    0.2825    0.0000   -1.7298   -0.0947    0.0071    0.1909   -5.1039   -0.4073  0.8271E+02  0.6171E+03  0.1045E-15 -0.1565E-13  0.1000E-09  0.5202E-01  0.1000E-09  0.2674E+00  0.8941E+01  0.0000E+00
12731.9600 10  1    0.2825    0.8001    0.2825    0.0000   -1.7298   -0.0947    0.0071    0.1909   -5.1041   -0.4073  0.8271E+02  0.6183E+03  0.1045E-15 -0.1565E-13  0.1000E-09  0.5202E-01  0.1000E-09  0.2674E+00  0.8941E+01  0.0000E+00
12732.9600 10  1    0.2825    0.8001    0.2825    0.0000   -1.7298   -0.0947    0.0071    0.1910   -5.1043   -0.4073  0.8272E+02  0.6194E+03  0.1045E-15 -0.1566E-13  0.1000E-09  0.5202E-01  0.1000E-09  0.2674E+00  0.8941E+01  0.0000E+00
12733.9600 10  1    0.2825    0.8001    0.2825    0.0000   -1.7298   -0.0947    0.0071    0.1910   -5.1046   -0.4072  0.8272E+02  0.6206E+03  0.1045E-15 -0.1566E-13  0.1000E-09  0.5202E-01  0.1000E-09  0.2674E+00  0.8941E+01  0.0000E+00
12734.9600 10  1    0.2825    0.8001    0.2825    0.0000   -1.7298   -0.0947    0.0071    0.1910   -5.1048   -0.4072  0.8272E+02  0.6217E+03  0.1045E-15 -0.1566E-13  0.1000E-09  0.5202E-01  0.1000E-09  0.2674E+00  0.8941E+01  0.0000E+00
12735.9600 10  1    0.2825    0.8001    0.2825    0.0000   -1.7298   -0.0947    0.0071    0.1910   -5.1050   -0.4072  0.8272E+02  0.6229E+03  0.1045E-15 -0.1566E-13  0.1000E-09  0.5202E-01  0.1000E-09  0.2674E+00  0.8941E+01  0.0000E+00
12736.9600 10  1    0.2825    0.8001    0.2825    0.0000   -1.7298   -0.0947    0.0071    0.1910   -5.1052   -0.4072  0.8272E+02  0.6241E+03  0.1045E-15 -0.1566E-13  0.1000E-09  0.5202E-01  0.1000E-09  0.2675E+00  0.8941E+01  0.0000E+00
12737.9600 10  1    0.2825    0.8001    0.2825    0.0000   -1.7298   -0.0947    0.0071    0.1910   -5.1055   -0.4072  0.8272E+02  0.6253E+03  0.1046E-15 -0.1566E-13  0.1000E-09  0.5202E-01  0.1000E-09  0.2675E+00  0.8941E+01  0.0000E+00
12738.9600 10  1    0.2825    0.8001    0.2825    0.0000   -1.7298   -0.0947    0.0071    0.1910   -5.1057   -0.4071  0.8272E+02  0.6265E+03  0.1046E-15 -0.1567E-13  0.1000E-09  0.5202E-01  0.1000E-09  0.2675E+00  0.8941E+01  0.0000E+00
12739.9600 10  1    0.2825    0.8001    0.2825    0.0000   -1.7298   -0.0947    0.0071    0.1910   -5.1059   -0.4071  0.8273E+02  0.6277E+03  0.1046E-15 -0.1567E-13  0.1000E-09  0.5202E-01  0.1000E-09  0.2675E+00  0.8941E+01  0.0000E+00
12740.9600 10  1    0.2825    0.8001    0.2825    0.0000   -1.7298   -0.0946    0.0071    0.1910   -5.1061   -0.4071  0.8273E+02  0.6289E+03  0.1046E-15 -0.1567E-13  0.1000E-09  0.5202E-01  0.1000E-09  0.2675E+00  0.8941E+01  0.0000E+00
12741.9600 10  1    0.2825    0.8001    0.2825    0.0000   -1.7298   -0.0946    0.0071    0.1910   -5.1063   -0.4071  0.8273E+02  0.6301E+03  0.1046E-15 -0.1567E-13  0.1000E-09  0.5202E-01  0.1000E-09  0.2675E+00  0.8940E+01  0.0000E+00
12742.9600 10  1    0.2825    0.8001    0.2825    0.0000   -1.7298   -0.0946    0.0071    0.1910   -5.1066   -0.4071  0.8273E+02  0.6314E+03  0.1046E-15 -0.1567E-13  0.1000E-09  0.5202E-01  0.1000E-09  0.2675E+00  0.8940E+01  0.0000E+00
12743.9600 10  1    0.2825    0.8001    0.2825    0.0000   -1.7298   -0.0946    0.0071    0.1910   -5.1068   -0.4070  0.8273E+02  0.6326E+03  0.1047E-15 -0.1567E-13  0.1000E-09  0.5202E-01  0.1000E-09  0.2675E+00  0.8940E+01  0.0000E+00
12744.9600 10  1    0.2825    0.8001    0.2825    0.0000   -1.7298   -0.0946    0.0071    0.1910   -5.1070   -0.4070  0.8273E+02  0.6339E+03  0.1047E-15 -0.1568E-13  0.1000E-09  0.5202E-01  0.1000E-09  0.2675E+00  0.8940E+01  0.0000E+00
12745.9600 10  1    0.2825    0.8001    0.2825    0.0000   -1.7298   -0.0946    0.0071    0.1910   -5.1072   -0.4070  0.8273E+02  0.6352E+03  0.1047E-15 -0.1568E-13  0.1000E-09  0.5202E-01  0.1000E-09  0.2675E+00  0.8940E+01  0.0000E+00
12746.9600 10  1    0.2825    0.8001    0.2825    0.0000   -1.7298   -0.0946    0.0071    0.1910   -5.1074   -0.4070  0.8274E+02  0.6365E+03  0.1047E-15 -0.1568E-13  0.1000E-09  0.5202E-01  0.1000E-09  0.2675E+00  0.8940E+01  0.0000E+00
12747.9600 10  1    0.2825    0.8001    0.2825    0.0000   -1.7298   -0.0946    0.0071    0.1910   -5.1077   -0.4070  0.8274E+02  0.6378E+03  0.1047E-15 -0.1568E-13  0.1000E-09  0.5202E-01  0.1000E-09  0.2675E+00  0.8940E+01  0.0000E+00
12748.9600 10  1    0.2825    0.8001    0.2825    0.0000   -1.7298   -0.0946    0.0071    0.1910   -5.1079   -0.4070  0.8274E+02  0.6391E+03  0.1047E-15 -0.1568E-13  0.1000E-09  0.5202E-01  0.1000E-09  0.2675E+00  0.8940E+01  0.0000E+00
12749.9600 10  1    0.2825    0.8001    0.2825    0.0000   -1.7298   -0.0946    0.0071    0.1910   -5.1081   -0.4069  0.8274E+02  0.6404E+03  0.1047E-15 -0.1568E-13  0.1000E-09  0.5202E-01  0.1000E-09  0.2675E+00  0.8940E+01  0.0000E+00
12750.9600 10  1    0.2825    0.8001    0.2825    0.0000   -1.7298   -0.0946    0.0071    0.1910   -5.1083   -0.4069  0.8274E+02  0.6418E+03  0.1048E-15 -0.1569E-13  0.1000E-09  0.5201E-01  0.1000E-09  0.2675E+00  0.8940E+01  0.0000E+00
12751.9600 10  1    0.2825    0.8001    0.2825    0.0000   -1.7298   -0.0946    0.0071    0.1910   -5.1085   -0.4069  0.8274E+02  0.6431E+03  0.1048E-15 -0.1569E-13  0.1000E-09  0.5201E-01  0.1000E-09  0.2675E+00  0.8939E+01  0.0000E+00
12752.9600 10  1    0.2825    0.8001    0.2825    0.0000   -1.7298   -0.0946    0.0071    0.1910   -5.1088   -0.4069  0.8274E+02  0.6445E+03  0.1048E-15 -0.1569E-13  0.1000E-09  0.5201E-01  0.1000E-09  0.2675E+00  0.8939E+01  0.0000E+00
12753.9600 10  1    0.2825    0.8001    0.2825    0.0000   -1.7298   -0.0946    0.0071    0.1910   -5.1090   -0.4069  0.8275E+02  0.6459E+03  0.1048E-15 -0.1569E-13  0.1000E-09  0.5201E-01  0.1000E-09  0.2676E+00  0.8939E+01  0.0000E+00
12754.9600 10  1    0.2825    0.8001    0.2825    0.0000   -1.7298   -0.0946    0.0071    0.1910   -5.1092   -0.4068  0.8275E+02  0.6473E+03  0.1048E-15 -0.1569E-13  0.1000E-09  0.5201E-01  0.1000E-09  0.2676E+00  0.8939E+01  0.0000E+00
12755.9600 10  1    0.2825    0.8001    0.2825    0.0000   -1.7298   -0.0946    0.0071    0.1911   -5.1094   -0.4068  0.8275E+02  0.6487E+03  0.1048E-15 -0.1570E-13  0.1000E-09  0.5201E-01  0.1000E-09  0.2676E+00  0.8939E+01  0.0000E+00
12756.9600 10  1    0.2825    0.8001    0.2825    0.0000   -1.7298   -0.0946    0.0071    0.1911   -5.1096   -0.4068  0.8275E+02  0.6502E+03  0.1048E-15 -0.1570E-13  0.1000E-09  0.5201E-01  0.1000E-09  0.2676E+00  0.8939E+01  0.0000E+00
12757.9600 10  1    0.2825    0.8001    0.2825    0.0000   -1.7298   -0.0946    0.0071    0.1911   -5.1099   -0.4068  0.8275E+02  0.6516E+03  0.1049E-15 -0.1570E-13  0.1000E-09  0.5201E-01  0.1000E-09  0.2676E+00  0.8939E+01  0.0000E+00
12758.9600 10  1    0.2825    0.8001    0.2825    0.0000   -1.7298   -0.0946    0.0071    0.1911   -5.1101   -0.4068  0.8275E+02  0.6531E+03  0.1049E-15 -0.1570E-13  0.1000E-09  0.5201E-01  0.1000E-09  0.2676E+00  0.8939E+01  0.0000E+00
12759.9600 10  1    0.2825    0.8001    0.2825    0.0000   -1.7298   -0.0945    0.0071    0.1911   -5.1103   -0.4067  0.8275E+02  0.6546E+03  0.1049E-15 -0.1570E-13  0.1000E-09  0.5201E-01  0.1000E-09  0.2676E+00  0.8939E+01  0.0000E+00
12760.9600 10  1    0.2825    0.8001    0.2825    0.0000   -1.7298   -0.0945    0.0071    0.1911   -5.1105   -0.4067  0.8276E+02  0.6561E+03  0.1049E-15 -0.1570E-13  0.1000E-09  0.5201E-01  0.1000E-09  0.2676E+00  0.8938E+01  0.0000E+00
12761.9600 10  1    0.2825    0.8001    0.2825    0.0000   -1.7298   -0.0945    0.0071    0.1911   -5.1108   -0.4067  0.8276E+02  0.6577E+03  0.1049E-15 -0.1571E-13  0.1000E-09  0.5201E-01  0.1000E-09  0.2676E+00  0.8938E+01  0.0000E+00
12762.9600 10  1    0.2825    0.8001    0.2825    0.0000   -1.7298   -0.0945    0.0071    0.1911   -5.1110   -0.4067  0.8276E+02  0.6592E+03  0.1049E-15 -0.1571E-13  0.1000E-09  0.5201E-01  0.1000E-09  0.2676E+00  0.8938E+01  0.0000E+00
12763.9600 10  1    0.2825    0.8001    0.2825    0.0000   -1.7298   -0.0945    0.0071    0.1911   -5.1112   -0.4067  0.8276E+02  0.6608E+03  0.1050E-15 -0.1571E-13  0.1000E-09  0.5201E-01  0.1000E-09  0.2676E+00  0.8938E+01  0.0000E+00
12764.9600 10  1    0.2825    0.8001    0.2825    0.0000   -1.7298   -0.0945    0.0071    0.1911   -5.1114   -0.4066  0.8276E+02  0.6624E+03  0.1050E-15 -0.1571E-13  0.1000E-09  0.5201E-01  0.1000E-09  0.2676E+00  0.8938E+01  0.0000E+00
12765.9600 10  1    0.2825    0.8001    0.2825    0.0000   -1.7298   -0.0945    0.0071    0.1911   -5.1116   -0.4066  0.8276E+02  0.6641E+03  0.1050E-15 -0.1571E-13  0.1000E-09  0.5201E-01  0.1000E-09  0.2676E+00  0.8938E+01  0.0000E+00
12766.9600 10  1    0.2825    0.8001    0.2825    0.0000   -1.7298   -0.0945    0.0071    0.1911   -5.1119   -0.4066  0.8276E+02  0.6657E+03  0.1050E-15 -0.1571E-13  0.1000E-09  0.5201E-01  0.1000E-09  0.2676E+00  0.8938E+01  0.0000E+00
12767.9600 10  1    0.2825    0.8001    0.2825    0.0000   -1.7298   -0.0945    0.0071    0.1911   -5.1121   -0.4066  0.8277E+02  0.6674E+03  0.1050E-15 -0.1572E-13  0.1000E-09  0.5201E-01  0.1000E-09  0.2676E+00  0.8938E+01  0.0000E+00
12768.9600 10  1    0.2825    0.8001    0.2825    0.0000   -1.7298   -0.0945    0.0071    0.1911   -5.1123   -0.4066  0.8277E+02  0.6691E+03  0.1050E-15 -0.1572E-13  0.1000E-09  0.5201E-01  0.1000E-09  0.2676E+00  0.8937E+01  0.0000E+00
12769.9600 10  1    0.2825    0.8001    0.2825    0.0000   -1.7298   -0.0945    0.0071    0.1911   -5.1125   -0.4065  0.8277E+02  0.6709E+03  0.1051E-15 -0.1572E-13  0.1000E-09  0.5201E-01  0.1000E-09  0.2676E+00  0.8937E+01  0.0000E+00
12770.9600 10  1    0.2825    0.8001    0.2825    0.0000   -1.7298   -0.0945    0.0071    0.1911   -5.1127   -0.4065  0.8277E+02  0.6726E+03  0.1051E-15 -0.1572E-13  0.1000E-09  0.5201E-01  0.1000E-09  0.2676E+00  0.8937E+01  0.0000E+00
12771.9600 10  1    0.2825    0.8001    0.2825    0.0000   -1.7298   -0.0945    0.0071    0.1911   -5.1130   -0.4065  0.8277E+02  0.6744E+03  0.1051E-15 -0.1572E-13  0.1000E-09  0.5201E-01  0.1000E-09  0.2677E+00  0.8937E+01  0.0000E+00
12772.9600 10  1    0.2825    0.8001    0.2825    0.0000   -1.7298   -0.0945    0.0071    0.1911   -5.1132   -0.4065  0.8277E+02  0.6763E+03  0.1051E-15 -0.1572E-13  0.1000E-09  0.5201E-01  0.1000E-09  0.2677E+00  0.8937E+01  0.0000E+00
12773.9600 10  1    0.2825    0.8001    0.2825    0.0000   -1.7298   -0.0945    0.0071    0.1911   -5.1134   -0.4065  0.8277E+02  0.6782E+03  0.1051E-15 -0.1573E-13  0.1000E-09  0.5201E-01  0.1000E-09  0.2677E+00  0.8937E+01  0.0000E+00
12774.9600 10  1    0.2825    0.8001    0.2825    0.0000   -1.7298   -0.0945    0.0071    0.1912   -5.1136   -0.4064  0.8278E+02  0.6801E+03  0.1051E-15 -0.1573E-13  0.1000E-09  0.5201E-01  0.1000E-09  0.2677E+00  0.8937E+01  0.0000E+00
12775.9600 10  1    0.2825    0.8001    0.2825    0.0000   -1.7298   -0.0945    0.0071    0.1912   -5.1138   -0.4064  0.8278E+02  0.6821E+03  0.1051E-15 -0.1573E-13  0.1000E-09  0.5200E-01  0.1000E-09  0.2677E+00  0.8936E+01  0.0000E+00
12776.9600 10  1    0.2825    0.8001    0.2825    0.0000   -1.7298   -0.0945    0.0071    0.1912   -5.1141   -0.4064  0.8278E+02  0.6841E+03  0.1052E-15 -0.1573E-13  0.1000E-09  0.5200E-01  0.1000E-09  0.2677E+00  0.8936E+01  0.0000E+00
12777.9600 10  1    0.2825    0.8001    0.2825    0.0000   -1.7298   -0.0945    0.0071    0.1912   -5.1143   -0.4064  0.8278E+02  0.6861E+03  0.1052E-15 -0.1573E-13  0.1000E-09  0.5200E-01  0.1000E-09  0.2677E+00  0.8936E+01  0.0000E+00
12778.9600 10  1    0.2825    0.8001    0.2825    0.0000   -1.7298   -0.0944    0.0071    0.1912   -5.1145   -0.4064  0.8278E+02  0.6882E+03  0.1052E-15 -0.1573E-13  0.1000E-09  0.5200E-01  0.1000E-09  0.2677E+00  0.8936E+01  0.0000E+00
12779.9600 10  1    0.2825    0.8001    0.2825    0.0000   -1.7298   -0.0944    0.0071    0.1912   -5.1147   -0.4064  0.8278E+02  0.6904E+03  0.1052E-15 -0.1573E-13  0.1000E-09  0.5200E-01  0.1000E-09  0.2677E+00  0.8936E+01  0.0000E+00
12780.9600 10  1    0.2825    0.8001    0.2825    0.0000   -1.7298   -0.0944    0.0071    0.1912   -5.1149   -0.4063  0.8278E+02  0.6926E+03  0.1052E-15 -0.1573E-13  0.1000E-09  0.5200E-01  0.1000E-09  0.2677E+00  0.8936E+01  0.0000E+00
12781.9600 10  1    0.2825    0.8001    0.2825    0.0000   -1.7298   -0.0944    0.0071    0.1912   -5.1152   -0.4063  0.8279E+02  0.6949E+03  0.1052E-15 -0.1573E-13  0.1000E-09  0.5200E-01  0.1000E-09  0.2677E+00  0.8935E+01  0.0000E+00
12782.9600 10  1    0.2825    0.8001    0.2825    0.0000   -1.7298   -0.0944    0.0071    0.1912   -5.1154   -0.4063  0.8279E+02  0.6973E+03  0.1052E-15 -0.1573E-13  0.1000E-09  0.5200E-01  0.1000E-09  0.2677E+00  0.8935E+01  0.0000E+00
12783.9600 10  1    0.2825    0.8001    0.2825    0.0000   -1.7298   -0.0944    0.0071    0.1912   -5.1156   -0.4063  0.8279E+02  0.6997E+03  0.1052E-15 -0.1573E-13  0.1000E-09  0.5200E-01  0.1000E-09  0.2677E+00  0.8935E+01  0.0000E+00
12784.9600 10  1    0.2825    0.8001    0.2825    0.0000   -1.7298   -0.0944    0.0071    0.1912   -5.1158   -0.4063  0.8279E+02  0.7023E+03  0.1052E-15 -0.1573E-13  0.1000E-09  0.5200E-01  0.1000E-09  0.2677E+00  0.8935E+01  0.0000E+00
12785.9600 10  1    0.2825    0.8001    0.2825    0.0000   -1.7298   -0.0944    0.0071    0.1912   -5.1160   -0.4062  0.8279E+02  0.7049E+03  0.1052E-15 -0.1573E-13  0.1000E-09  0.5200E-01  0.1000E-09  0.2677E+00  0.8935E+01  0.0000E+00
12786.9600 10  1    0.2825    0.8001    0.2825    0.0000   -1.7298   -0.0944    0.0071    0.1912   -5.1163   -0.4062  0.8279E+02  0.7076E+03  0.1052E-15 -0.1573E-13  0.1000E-09  0.5200E-01  0.1000E-09  0.2677E+00  0.8934E+01  0.0000E+00
12787.9600 10  1    0.2825    0.8001    0.2825    0.0000   -1.7298   -0.0944    0.0071    0.1912   -5.1165   -0.4062  0.8280E+02  0.7105E+03  0.1052E-15 -0.1573E-13  0.1000E-09  0.5200E-01  0.1000E-09  0.2677E+00  0.8934E+01  0.0000E+00
12788.9600 10  1    0.2825    0.8001    0.2825    0.0000   -1.7298   -0.0944    0.0071    0.1912   -5.1167   -0.4062  0.8280E+02  0.7134E+03  0.1052E-15 -0.1573E-13  0.1000E-09  0.5200E-01  0.1000E-09  0.2678E+00  0.8934E+01  0.0000E+00
12789.9600 10  1    0.2825    0.8001    0.2825    0.0000   -1.7298   -0.0944    0.0071    0.1912   -5.1169   -0.4062  0.8280E+02  0.7166E+03  0.1052E-15 -0.1573E-13  0.1000E-09  0.5200E-01  0.1000E-09  0.2678E+00  0.8934E+01  0.0000E+00
12790.9600 10  1    0.2825    0.8001    0.2825    0.0000   -1.7298   -0.0944    0.0071    0.1913   -5.1171   -0.4061  0.8280E+02  0.7199E+03  0.1052E-15 -0.1573E-13  0.1000E-09  0.5200E-01  0.1000E-09  0.2678E+00  0.8933E+01  0.0000E+00
12791.9600 10  1    0.2825    0.8001    0.2825    0.0000   -1.7298   -0.0944    0.0071    0.1913   -5.1174   -0.4061  0.8280E+02  0.7235E+03  0.1052E-15 -0.1573E-13  0.1000E-09  0.5200E-01  0.1000E-09  0.2678E+00  0.8933E+01  0.0000E+00
12792.9600 10  1    0.2825    0.8001    0.2825    0.0000   -1.7298   -0.0944    0.0071    0.1913   -5.1176   -0.4061  0.8280E+02  0.7273E+03  0.1052E-15 -0.1573E-13  0.1000E-09  0.5200E-01  0.1000E-09  0.2678E+00  0.8933E+01  0.0000E+00
12793.9600 10  1    0.2825    0.8001    0.2825    0.0000   -1.7298   -0.0944    0.0071    0.1913   -5.1178   -0.4061  0.8281E+02  0.7315E+03  0.1052E-15 -0.1573E-13  0.1000E-09  0.5200E-01  0.1000E-09  0.2678E+00  0.8933E+01  0.0000E+00
12794.9600 10  1    0.2825    0.8001    0.2825    0.0000   -1.7298   -0.0944    0.0071    0.1913   -5.1180   -0.4061  0.8281E+02  0.7361E+03  0.1053E-15 -0.1573E-13  0.1000E-09  0.5200E-01  0.1000E-09  0.2678E+00  0.8932E+01  0.0000E+00
12795.9600 10  1    0.2825    0.8001    0.2825    0.0000   -1.7298   -0.0944    0.0071    0.1913   -5.1182   -0.4060  0.8281E+02  0.7411E+03  0.1053E-15 -0.1573E-13  0.1000E-09  0.5200E-01  0.1000E-09  0.2678E+00  0.8932E+01  0.0000E+00
12796.9600 10  1    0.2825    0.8001    0.2825    0.0000   -1.7298   -0.0944    0.0071    0.1913   -5.1185   -0.4060  0.8281E+02  0.7453E+03  0.1053E-15 -0.1573E-13  0.1000E-09  0.5200E-01  0.1000E-09  0.2678E+00  0.8932E+01  0.0000E+00
12797.9600 10  1    0.2825    0.8001    0.2825    0.0000   -1.7298   -0.0943    0.0071    0.1913   -5.1187   -0.4060  0.8281E+02  0.7490E+03  0.1053E-15 -0.1573E-13  0.1000E-09  0.5200E-01  0.1000E-09  0.2678E+00  0.8931E+01  0.0000E+00
12798.9600 10  1    0.2825    0.8001    0.2825    0.0000   -1.7298   -0.0943    0.0071    0.1913   -5.1189   -0.4060  0.8281E+02  0.7521E+03  0.1053E-15 -0.1573E-13  0.1000E-09  0.5200E-01  0.1000E-09  0.2678E+00  0.8931E+01  0.0000E+00
12799.9600 10  1    0.2825    0.8001    0.2825    0.0000   -1.7298   -0.0943    0.0071    0.1913   -5.1191   -0.4060  0.8281E+02  0.7548E+03  0.1053E-15 -0.1573E-13  0.1000E-09  0.5200E-01  0.1000E-09  0.2678E+00  0.8931E+01  0.0000E+00
12800.9600 10  1    0.2825    0.8001    0.2825    0.0000   -1.7298   -0.0943    0.0071    0.1913   -5.1193   -0.4059  0.8282E+02  0.7570E+03  0.1053E-15 -0.1573E-13  0.1000E-09  0.5199E-01  0.1000E-09  0.2678E+00  0.8931E+01  0.0000E+00
12801.9600 10  1    0.2825    0.8001    0.2825    0.0000   -1.7298   -0.0943    0.0071    0.1913   -5.1196   -0.4059  0.8282E+02  0.7590E+03  0.1053E-15 -0.1573E-13  0.1000E-09  0.5199E-01  0.1000E-09  0.2678E+00  0.8931E+01  0.0000E+00
12802.9600 10  1    0.2825    0.8001    0.2825    0.0000   -1.7298   -0.0943    0.0071    0.1913   -5.1198   -0.4059  0.8282E+02  0.7607E+03  0.1053E-15 -0.1573E-13  0.1000E-09  0.5199E-01  0.1000E-09  0.2678E+00  0.8930E+01  0.0000E+00
12803.9600 10  1    0.2825    0.8001    0.2825    0.0000   -1.7298   -0.0943    0.0071    0.1914   -5.1200   -0.4059  0.8282E+02  0.7621E+03  0.1053E-15 -0.1573E-13  0.1000E-09  0.5199E-01  0.1000E-09  0.2678E+00  0.8930E+01  0.0000E+00
12804.9600 10  1    0.2825    0.8001    0.2825    0.0000   -1.7298   -0.0943    0.0071    0.1914   -5.1202   -0.4059  0.8282E+02  0.7634E+03  0.1053E-15 -0.1573E-13  0.1000E-09  0.5199E-01  0.1000E-09  0.2678E+00  0.8930E+01  0.0000E+00
12805.9600 10  1    0.2825    0.8001    0.2825    0.0000   -1.7298   -0.0943    0.0071    0.1914   -5.1204   -0.4058  0.8283E+02  0.7644E+03  0.1053E-15 -0.1573E-13  0.1000E-09  0.5199E-01  0.1000E-09  0.2679E+00  0.8930E+01  0.0000E+00
12806.9600 10  1    0.2825    0.8001    0.2825    0.0000   -1.7298   -0.0943    0.0071    0.1914   -5.1207   -0.4058  0.8283E+02  0.7653E+03  0.1053E-15 -0.1573E-13  0.1000E-09  0.5199E-01  0.1000E-09  0.2679E+00  0.8930E+01  0.0000E+00
12807.9600 10  1    0.2825    0.8001    0.2825    0.0000   -1.7298   -0.0943    0.0071    0.1914   -5.1209   -0.4058  0.8283E+02  0.7661E+03  0.1053E-15 -0.1573E-13  0.1000E-09  0.5199E-01  0.1000E-09  0.2679E+00  0.8930E+01  0.0000E+00
12808.9600 10  1    0.2825    0.8001    0.2825    0.0000   -1.7298   -0.0943    0.0071    0.1914   -5.1211   -0.4058  0.8283E+02  0.7668E+03  0.1053E-15 -0.1573E-13  0.1000E-09  0.5199E-01  0.1000E-09  0.2679E+00  0.8930E+01  0.0000E+00
12809.9600 10  1    0.2825    0.8001    0.2825    0.0000   -1.7298   -0.0943    0.0071    0.1914   -5.1213   -0.4058  0.8283E+02  0.7673E+03  0.1053E-15 -0.1573E-13  0.1000E-09  0.5199E-01  0.1000E-09  0.2679E+00  0.8930E+01  0.0000E+00
12810.9600 10  1    0.2825    0.8001    0.2825    0.0000   -1.7298   -0.0943    0.0071    0.1914   -5.1215   -0.4058  0.8283E+02  0.7678E+03  0.1053E-15 -0.1573E-13  0.1000E-09  0.5199E-01  0.1000E-09  0.2679E+00  0.8930E+01  0.0000E+00
12811.9600 10  1    0.2825    0.8001    0.2825    0.0000   -1.7298   -0.0943    0.0071    0.1914   -5.1218   -0.4057  0.8284E+02  0.7683E+03  0.1053E-15 -0.1573E-13  0.1000E-09  0.5199E-01  0.1000E-09  0.2679E+00  0.8930E+01  0.0000E+00
12812.9600 10  1    0.2825    0.8001    0.2825    0.0000   -1.7298   -0.0943    0.0071    0.1914   -5.1220   -0.4057  0.8284E+02  0.7686E+03  0.1053E-15 -0.1573E-13  0.1000E-09  0.5199E-01  0.1000E-09  0.2679E+00  0.8930E+01  0.0000E+00
12813.9600 10  1    0.2825    0.8001    0.2825    0.0000   -1.7298   -0.0943    0.0071    0.1914   -5.1222   -0.4057  0.8284E+02  0.7689E+03  0.1053E-15 -0.1573E-13  0.1000E-09  0.5199E-01  0.1000E-09  0.2679E+00  0.8930E+01  0.0000E+00
12814.9600 10  1    0.2825    0.8001    0.2825    0.0000   -1.7298   -0.0943    0.0071    0.1914   -5.1224   -0.4057  0.8284E+02  0.7692E+03  0.1053E-15 -0.1573E-13  0.1000E-09  0.5199E-01  0.1000E-09  0.2679E+00  0.8930E+01  0.0000E+00
12815.9600 10  1    0.2825    0.8001    0.2825    0.0000   -1.7298   -0.0943    0.0071    0.1914   -5.1226   -0.4057  0.8284E+02  0.7694E+03  0.1053E-15 -0.1573E-13  0.1000E-09  0.5199E-01  0.1000E-09  0.2679E+00  0.8930E+01  0.0000E+00
12816.9600 10  1    0.2825    0.8001    0.2825    0.0000   -1.7298   -0.0942    0.0071    0.1914   -5.1229   -0.4056  0.8284E+02  0.7696E+03  0.1053E-15 -0.1573E-13  0.1000E-09  0.5199E-01  0.1000E-09  0.2679E+00  0.8930E+01  0.0000E+00
12817.9600 10  1    0.2825    0.8001    0.2825    0.0000   -1.7298   -0.0942    0.0071    0.1914   -5.1231   -0.4056  0.8285E+02  0.7698E+03  0.1054E-15 -0.1573E-13  0.1000E-09  0.5199E-01  0.1000E-09  0.2679E+00  0.8930E+01  0.0000E+00
12818.9600 10  1    0.2825    0.8001    0.2825    0.0000   -1.7298   -0.0942    0.0071    0.1914   -5.1233   -0.4056  0.8285E+02  0.7699E+03  0.1054E-15 -0.1573E-13  0.1000E-09  0.5199E-01  0.1000E-09  0.2679E+00  0.8930E+01  0.0000E+00
12819.9600 10  1    0.2825    0.8001    0.2825    0.0000   -1.7298   -0.0942    0.0071    0.1914   -5.1235   -0.4056  0.8285E+02  0.7700E+03  0.1054E-15 -0.1573E-13  0.1000E-09  0.5199E-01  0.1000E-09  0.2679E+00  0.8929E+01  0.0000E+00
12820.9600 10  1    0.2825    0.8001    0.2825    0.0000   -1.7298   -0.0942    0.0071    0.1914   -5.1237   -0.4056  0.8285E+02  0.7701E+03  0.1054E-15 -0.1573E-13  0.1000E-09  0.5199E-01  0.1000E-09  0.2679E+00  0.8929E+01  0.0000E+00
12821.9600 10  1    0.2825    0.8001    0.2825    0.0000   -1.7298   -0.0942    0.0071    0.1914   -5.1240   -0.4055  0.8285E+02  0.7702E+03  0.1054E-15 -0.1573E-13  0.1000E-09  0.5199E-01  0.1000E-09  0.2679E+00  0.8929E+01  0.0000E+00
12822.9600 10  1    0.2825    0.8001    0.2825    0.0000   -1.7298   -0.0942    0.0071    0.1914   -5.1242   -0.4055  0.8285E+02  0.7703E+03  0.1054E-15 -0.1573E-13  0.1000E-09  0.5199E-01  0.1000E-09  0.2679E+00  0.8929E+01  0.0000E+00
12823.9600 10  1    0.2825    0.8001    0.2825    0.0000   -1.7298   -0.0942    0.0071    0.1914   -5.1244   -0.4055  0.8286E+02  0.7704E+03  0.1054E-15 -0.1573E-13  0.1000E-09  0.5199E-01  0.1000E-09  0.2680E+00  0.8929E+01  0.0000E+00
12824.9600 10  1    0.2825    0.8001    0.2825    0.0000   -1.7298   -0.0942    0.0071    0.1914   -5.1246   -0.4055  0.8286E+02  0.7704E+03  0.1054E-15 -0.1573E-13  0.1000E-09  0.5199E-01  0.1000E-09  0.2680E+00  0.8929E+01  0.0000E+00
12825.9600 10  1    0.2825    0.8001    0.2825    0.0000   -1.7298   -0.0942    0.0071    0.1914   -5.1248   -0.4055  0.8286E+02  0.7705E+03  0.1054E-15 -0.1573E-13  0.1000E-09  0.5199E-01  0.1000E-09  0.2680E+00  0.8929E+01  0.0000E+00
12826.9600 10  1    0.2825    0.8001    0.2825    0.0000   -1.7298   -0.0942    0.0071    0.1914   -5.1250   -0.4054  0.8286E+02  0.7705E+03  0.1054E-15 -0.1573E-13  0.1000E-09  0.5198E-01  0.1000E-09  0.2680E+00  0.8929E+01  0.0000E+00
12827.9600 10  1    0.2825    0.8001    0.2825    0.0000   -1.7298   -0.0942    0.0071    0.1914   -5.1253   -0.4054  0.8286E+02  0.7706E+03  0.1054E-15 -0.1573E-13  0.1000E-09  0.5198E-01  0.1000E-09  0.2680E+00  0.8929E+01  0.0000E+00
12828.9600 10  1    0.2825    0.8001    0.2825    0.0000   -1.7298   -0.0942    0.0071    0.1914   -5.1255   -0.4054  0.8286E+02  0.7706E+03  0.1054E-15 -0.1573E-13  0.1000E-09  0.5198E-01  0.1000E-09  0.2680E+00  0.8929E+01  0.0000E+00
12829.9600 10  1    0.2825    0.8001    0.2825    0.0000   -1.7298   -0.0942    0.0071    0.1914   -5.1257   -0.4054  0.8287E+02  0.7706E+03  0.1054E-15 -0.1573E-13  0.1000E-09  0.5198E-01  0.1000E-09  0.2680E+00  0.8929E+01  0.0000E+00
12830.9600 10  1    0.2825    0.8001    0.2825    0.0000   -1.7298   -0.0942    0.0071    0.1914   -5.1259   -0.4054  0.8287E+02  0.7706E+03  0.1054E-15 -0.1573E-13  0.1000E-09  0.5198E-01  0.1000E-09  0.2680E+00  0.8929E+01  0.0000E+00
12831.9600 10  1    0.2825    0.8001    0.2825    0.0000   -1.7298   -0.0942    0.0071    0.1914   -5.1261   -0.4053  0.8287E+02  0.7707E+03  0.1054E-15 -0.1573E-13  0.1000E-09  0.5198E-01  0.1000E-09  0.2680E+00  0.8929E+01  0.0000E+00
12832.9600 10  1    0.2825    0.8001    0.2825    0.0000   -1.7298   -0.0942    0.0071    0.1914   -5.1264   -0.4053  0.8287E+02  0.7707E+03  0.1054E-15 -0.1573E-13  0.1000E-09  0.5198E-01  0.1000E-09  0.2680E+00  0.8929E+01  0.0000E+00
12833.9600 10  1    0.2825    0.8001    0.2825    0.0000   -1.7298   -0.0942    0.0071    0.1914   -5.1266   -0.4053  0.8287E+02  0.7707E+03  0.1054E-15 -0.1573E-13  0.1000E-09  0.5198E-01  0.1000E-09  0.2680E+00  0.8929E+01  0.0000E+00
12834.9600 10  1    0.2825    0.8001    0.2825    0.0000   -1.7298   -0.0942    0.0071    0.1914   -5.1268   -0.4053  0.8287E+02  0.7707E+03  0.1054E-15 -0.1573E-13  0.1000E-09  0.5198E-01  0.1000E-09  0.2680E+00  0.8929E+01  0.0000E+00
12835.9600 10  1    0.2825    0.8001    0.2825    0.0000   -1.7298   -0.0941    0.0071    0.1915   -5.1270   -0.4053  0.8288E+02  0.7707E+03  0.1054E-15 -0.1573E-13  0.1000E-09  0.5198E-01  0.1000E-09  0.2680E+00  0.8929E+01  0.0000E+00
12836.9600 10  1    0.2825    0.8001    0.2825    0.0000   -1.7298   -0.0941    0.0071    0.1915   -5.1272   -0.4052  0.8288E+02  0.7707E+03  0.1054E-15 -0.1573E-13  0.1000E-09  0.5198E-01  0.1000E-09  0.2680E+00  0.8929E+01  0.0000E+00
12837.9600 10  1    0.2825    0.8001    0.2825    0.0000   -1.7298   -0.0941    0.0071    0.1915   -5.1275   -0.4052  0.8288E+02  0.7707E+03  0.1054E-15 -0.1573E-13  0.1000E-09  0.5198E-01  0.1000E-09  0.2680E+00  0.8929E+01  0.0000E+00
12838.9600 10  1    0.2825    0.8001    0.2825    0.0000   -1.7298   -0.0941    0.0071    0.1915   -5.1277   -0.4052  0.8288E+02  0.7708E+03  0.1054E-15 -0.1573E-13  0.1000E-09  0.5198E-01  0.1000E-09  0.2680E+00  0.8929E+01  0.0000E+00
12839.9600 10  1    0.2825    0.8001    0.2825    0.0000   -1.7298   -0.0941    0.0071    0.1915   -5.1279   -0.4052  0.8288E+02  0.7708E+03  0.1054E-15 -0.1573E-13  0.1000E-09  0.5198E-01  0.1000E-09  0.2680E+00  0.8929E+01  0.0000E+00
12840.9600 10  1    0.2825    0.8001    0.2825    0.0000   -1.7298   -0.0941    0.0071    0.1915   -5.1281   -0.4052  0.8288E+02  0.7708E+03  0.1054E-15 -0.1573E-13  0.1000E-09  0.5198E-01  0.1000E-09  0.2681E+00  0.8929E+01  0.0000E+00
12841.9600 10  1    0.2825    0.8001    0.2825    0.0000   -1.7298   -0.0941    0.0071    0.1915   -5.1283   -0.4052  0.8289E+02  0.7708E+03  0.1054E-15 -0.1573E-13  0.1000E-09  0.5198E-01  0.1000E-09  0.2681E+00  0.8929E+01  0.0000E+00
12842.9600 10  1    0.2825    0.8001    0.2825    0.0000   -1.7298   -0.0941    0.0071    0.1915   -5.1286   -0.4051  0.8289E+02  0.7708E+03  0.1054E-15 -0.1573E-13  0.1000E-09  0.5198E-01  0.1000E-09  0.2681E+00  0.8929E+01  0.0000E+00
12843.9600 10  1    0.2825    0.8001    0.2825    0.0000   -1.7298   -0.0941    0.0071    0.1915   -5.1288   -0.4051  0.8289E+02  0.7708E+03  0.1054E-15 -0.1573E-13  0.1000E-09  0.5198E-01  0.1000E-09  0.2681E+00  0.8929E+01  0.0000E+00
12844.9600 10  1    0.2825    0.8001    0.2825    0.0000   -1.7298   -0.0941    0.0071    0.1915   -5.1290   -0.4051  0.8289E+02  0.7708E+03  0.1055E-15 -0.1574E-13  0.1000E-09  0.5198E-01  0.1000E-09  0.2681E+00  0.8929E+01  0.0000E+00
12845.9600 10  1    0.2825    0.8001    0.2825    0.0000   -1.7298   -0.0941    0.0071    0.1915   -5.1292   -0.4051  0.8289E+02  0.7708E+03  0.1055E-15 -0.1574E-13  0.1000E-09  0.5198E-01  0.1000E-09  0.2681E+00  0.8929E+01  0.0000E+00
12846.9600 10  1    0.2825    0.8001    0.2825    0.0000   -1.7298   -0.0941    0.0071    0.1915   -5.1294   -0.4051  0.8289E+02  0.7708E+03  0.1055E-15 -0.1574E-13  0.1000E-09  0.5198E-01  0.1000E-09  0.2681E+00  0.8929E+01  0.0000E+00
12847.9600 10  1    0.2825    0.8001    0.2825    0.0000   -1.7298   -0.0941    0.0071    0.1915   -5.1297   -0.4050  0.8290E+02  0.7708E+03  0.1055E-15 -0.1574E-13  0.1000E-09  0.5198E-01  0.1000E-09  0.2681E+00  0.8929E+01  0.0000E+00
12848.9600 10  1    0.2825    0.8001    0.2825    0.0000   -1.7298   -0.0941    0.0071    0.1915   -5.1299   -0.4050  0.8290E+02  0.7708E+03  0.1055E-15 -0.1574E-13  0.1000E-09  0.5198E-01  0.1000E-09  0.2681E+00  0.8929E+01  0.0000E+00
12849.9600 10  1    0.2825    0.8001    0.2825    0.0000   -1.7298   -0.0941    0.0071    0.1915   -5.1301   -0.4050  0.8290E+02  0.7708E+03  0.1055E-15 -0.1575E-13  0.1000E-09  0.5198E-01  0.1000E-09  0.2681E+00  0.8929E+01  0.0000E+00
12850.9600 10  1    0.2825    0.8001    0.2825    0.0000   -1.7298   -0.0941    0.0071    0.1915   -5.1303   -0.4050  0.8290E+02  0.7708E+03  0.1055E-15 -0.1575E-13  0.1000E-09  0.5198E-01  0.1000E-09  0.2681E+00  0.8929E+01  0.0000E+00
12851.9600 10  1    0.2825    0.8001    0.2825    0.0000   -1.7298   -0.0941    0.0071    0.1915   -5.1305   -0.4050  0.8290E+02  0.7708E+03  0.1056E-15 -0.1575E-13  0.1000E-09  0.5197E-01  0.1000E-09  0.2681E+00  0.8929E+01  0.0000E+00
12852.9600 10  1    0.2825    0.8001    0.2825    0.0000   -1.7298   -0.0941    0.0071    0.1915   -5.1307   -0.4049  0.8291E+02  0.7708E+03  0.1056E-15 -0.1575E-13  0.1000E-09  0.5197E-01  0.1000E-09  0.2681E+00  0.8929E+01  0.0000E+00
12853.9600 10  1    0.2825    0.8001    0.2825    0.0000   -1.7298   -0.0941    0.0071    0.1915   -5.1310   -0.4049  0.8291E+02  0.7708E+03  0.1056E-15 -0.1575E-13  0.1000E-09  0.5197E-01  0.1000E-09  0.2681E+00  0.8929E+01  0.0000E+00
12854.9600 10  1    0.2825    0.8001    0.2825    0.0000   -1.7298   -0.0940    0.0071    0.1915   -5.1312   -0.4049  0.8291E+02  0.7708E+03  0.1056E-15 -0.1575E-13  0.1000E-09  0.5197E-01  0.1000E-09  0.2681E+00  0.8929E+01  0.0000E+00
12855.9600 10  1    0.2825    0.8001    0.2825    0.0000   -1.7298   -0.0940    0.0071    0.1915   -5.1314   -0.4049  0.8291E+02  0.7708E+03  0.1056E-15 -0.1576E-13  0.1000E-09  0.5197E-01  0.1000E-09  0.2681E+00  0.8929E+01  0.0000E+00
12856.9600 10  1    0.2825    0.8001    0.2825    0.0000   -1.7298   -0.0940    0.0071    0.1915   -5.1316   -0.4049  0.8291E+02  0.7708E+03  0.1056E-15 -0.1576E-13  0.1000E-09  0.5197E-01  0.1000E-09  0.2681E+00  0.8929E+01  0.0000E+00
12857.9600 10  1    0.2825    0.8001    0.2825    0.0000   -1.7298   -0.0940    0.0071    0.1915   -5.1318   -0.4048  0.8291E+02  0.7708E+03  0.1056E-15 -0.1576E-13  0.1000E-09  0.5197E-01  0.1000E-09  0.2682E+00  0.8929E+01  0.0000E+00
12858.9600 10  1    0.2825    0.8001    0.2825    0.0000   -1.7298   -0.0940    0.0071    0.1915   -5.1321   -0.4048  0.8292E+02  0.7708E+03  0.1057E-15 -0.1576E-13  0.1000E-09  0.5197E-01  0.1000E-09  0.2682E+00  0.8929E+01  0.0000E+00
12859.9600 10  1    0.2825    0.8001    0.2825    0.0000   -1.7298   -0.0940    0.0071    0.1915   -5.1323   -0.4048  0.8292E+02  0.7708E+03  0.1057E-15 -0.1576E-13  0.1000E-09  0.5197E-01  0.1000E-09  0.2682E+00  0.8929E+01  0.0000E+00
12860.9600 10  1    0.2825    0.8001    0.2825    0.0000   -1.7298   -0.0940    0.0071    0.1915   -5.1325   -0.4048  0.8292E+02  0.7708E+03  0.1057E-15 -0.1577E-13  0.1000E-09  0.5197E-01  0.1000E-09  0.2682E+00  0.8929E+01  0.0000E+00
12861.9600 10  1    0.2825    0.8001    0.2825    0.0000   -1.7298   -0.0940    0.0071    0.1915   -5.1327   -0.4048  0.8292E+02  0.7708E+03  0.1057E-15 -0.1577E-13  0.1000E-09  0.5197E-01  0.1000E-09  0.2682E+00  0.8929E+01  0.0000E+00
12862.9600 10  1    0.2825    0.8001    0.2825    0.0000   -1.7298   -0.0940    0.0071    0.1915   -5.1329   -0.4047  0.8292E+02  0.7708E+03  0.1057E-15 -0.1577E-13  0.1000E-09  0.5197E-01  0.1000E-09  0.2682E+00  0.8929E+01  0.0000E+00
12863.9600 10  1    0.2825    0.8001    0.2825    0.0000   -1.7298   -0.0940    0.0071    0.1915   -5.1332   -0.4047  0.8292E+02  0.7708E+03  0.1057E-15 -0.1577E-13  0.1000E-09  0.5197E-01  0.1000E-09  0.2682E+00  0.8929E+01  0.0000E+00
12864.9600 10  1    0.2825    0.8001    0.2825    0.0000   -1.7298   -0.0940    0.0071    0.1915   -5.1334   -0.4047  0.8293E+02  0.7708E+03  0.1058E-15 -0.1577E-13  0.1000E-09  0.5197E-01  0.1000E-09  0.2682E+00  0.8929E+01  0.0000E+00
12865.9600 10  1    0.2825    0.8001    0.2825    0.0000   -1.7298   -0.0940    0.0071    0.1915   -5.1336   -0.4047  0.8293E+02  0.7708E+03  0.1058E-15 -0.1578E-13  0.1000E-09  0.5197E-01  0.1000E-09  0.2682E+00  0.8929E+01  0.0000E+00
12866.9600 10  1    0.2825    0.8001    0.2825    0.0000   -1.7298   -0.0940    0.0071    0.1915   -5.1338   -0.4047  0.8293E+02  0.7708E+03  0.1058E-15 -0.1578E-13  0.1000E-09  0.5197E-01  0.1000E-09  0.2682E+00  0.8929E+01  0.0000E+00
12867.9600 10  1    0.2825    0.8001    0.2825    0.0000   -1.7298   -0.0940    0.0071    0.1915   -5.1340   -0.4047  0.8293E+02  0.7708E+03  0.1058E-15 -0.1578E-13  0.1000E-09  0.5197E-01  0.1000E-09  0.2682E+00  0.8929E+01  0.0000E+00
12868.9600 10  1    0.2825    0.8001    0.2825    0.0000   -1.7298   -0.0940    0.0071    0.1915   -5.1342   -0.4046  0.8293E+02  0.7708E+03  0.1058E-15 -0.1578E-13  0.1000E-09  0.5197E-01  0.1000E-09  0.2682E+00  0.8929E+01  0.0000E+00
12869.9600 10  1    0.2825    0.8001    0.2825    0.0000   -1.7298   -0.0940    0.0071    0.1915   -5.1345   -0.4046  0.8293E+02  0.7708E+03  0.1058E-15 -0.1578E-13  0.1000E-09  0.5197E-01  0.1000E-09  0.2682E+00  0.8929E+01  0.0000E+00
12870.9600 10  1    0.2825    0.8001    0.2825    0.0000   -1.7298   -0.0940    0.0071    0.1915   -5.1347   -0.4046  0.8294E+02  0.7708E+03  0.1058E-15 -0.1578E-13  0.1000E-09  0.5197E-01  0.1000E-09  0.2682E+00  0.8929E+01  0.0000E+00
12871.9600 10  1    0.2825    0.8001    0.2825    0.0000   -1.7298   -0.0940    0.0071    0.1915   -5.1349   -0.4046  0.8294E+02  0.7709E+03  0.1059E-15 -0.1579E-13  0.1000E-09  0.5197E-01  0.1000E-09  0.2682E+00  0.8929E+01  0.0000E+00
12872.9600 10  1    0.2825    0.8001    0.2825    0.0000   -1.7298   -0.0939    0.0071    0.1915   -5.1351   -0.4046  0.8294E+02  0.7709E+03  0.1059E-15 -0.1579E-13  0.1000E-09  0.5197E-01  0.1000E-09  0.2682E+00  0.8929E+01  0.0000E+00
12873.9600 10  1    0.2825    0.8001    0.2825    0.0000   -1.7298   -0.0939    0.0071    0.1916   -5.1353   -0.4045  0.8294E+02  0.7709E+03  0.1059E-15 -0.1579E-13  0.1000E-09  0.5197E-01  0.1000E-09  0.2682E+00  0.8929E+01  0.0000E+00
12874.9600 10  1    0.2825    0.8001    0.2825    0.0000   -1.7298   -0.0939    0.0071    0.1916   -5.1356   -0.4045  0.8294E+02  0.7709E+03  0.1059E-15 -0.1579E-13  0.1000E-09  0.5197E-01  0.1000E-09  0.2682E+00  0.8929E+01  0.0000E+00
12875.9600 10  1    0.2825    0.8001    0.2825    0.0000   -1.7298   -0.0939    0.0071    0.1916   -5.1358   -0.4045  0.8294E+02  0.7709E+03  0.1059E-15 -0.1579E-13  0.1000E-09  0.5197E-01  0.1000E-09  0.2683E+00  0.8929E+01  0.0000E+00
12876.9600 10  1    0.2825    0.8001    0.2825    0.0000   -1.7298   -0.0939    0.0071    0.1916   -5.1360   -0.4045  0.8295E+02  0.7709E+03  0.1059E-15 -0.1580E-13  0.1000E-09  0.5196E-01  0.1000E-09  0.2683E+00  0.8929E+01  0.0000E+00
12877.9600 10  1    0.2825    0.8001    0.2825    0.0000   -1.7298   -0.0939    0.0071    0.1916   -5.1362   -0.4045  0.8295E+02  0.7709E+03  0.1059E-15 -0.1580E-13  0.1000E-09  0.5196E-01  0.1000E-09  0.2683E+00  0.8929E+01  0.0000E+00
12878.9600 10  1    0.2825    0.8001    0.2825    0.0000   -1.7298   -0.0939    0.0071    0.1916   -5.1364   -0.4044  0.8295E+02  0.7709E+03  0.1060E-15 -0.1580E-13  0.1000E-09  0.5196E-01  0.1000E-09  0.2683E+00  0.8929E+01  0.0000E+00
12879.9600 10  1    0.2825    0.8001    0.2825    0.0000   -1.7298   -0.0939    0.0071    0.1916   -5.1367   -0.4044  0.8295E+02  0.7709E+03  0.1060E-15 -0.1580E-13  0.1000E-09  0.5196E-01  0.1000E-09  0.2683E+00  0.8929E+01  0.0000E+00
12880.9600 10  1    0.2825    0.8001    0.2825    0.0000   -1.7298   -0.0939    0.0071    0.1916   -5.1369   -0.4044  0.8295E+02  0.7709E+03  0.1060E-15 -0.1580E-13  0.1000E-09  0.5196E-01  0.1000E-09  0.2683E+00  0.8929E+01  0.0000E+00
12881.9600 10  1    0.2825    0.8001    0.2825    0.0000   -1.7298   -0.0939    0.0071    0.1916   -5.1371   -0.4044  0.8295E+02  0.7709E+03  0.1060E-15 -0.1580E-13  0.1000E-09  0.5196E-01  0.1000E-09  0.2683E+00  0.8929E+01  0.0000E+00
12882.9600 10  1    0.2825    0.8001    0.2825    0.0000   -1.7298   -0.0939    0.0071    0.1916   -5.1373   -0.4044  0.8296E+02  0.7709E+03  0.1060E-15 -0.1581E-13  0.1000E-09  0.5196E-01  0.1000E-09  0.2683E+00  0.8929E+01  0.0000E+00
12883.9600 10  1    0.2825    0.8001    0.2825    0.0000   -1.7298   -0.0939    0.0071    0.1916   -5.1375   -0.4043  0.8296E+02  0.7709E+03  0.1060E-15 -0.1581E-13  0.1000E-09  0.5196E-01  0.1000E-09  0.2683E+00  0.8929E+01  0.0000E+00
12884.9600 10  1    0.2825    0.8001    0.2825    0.0000   -1.7298   -0.0939    0.0071    0.1916   -5.1377   -0.4043  0.8296E+02  0.7709E+03  0.1060E-15 -0.1581E-13  0.1000E-09  0.5196E-01  0.1000E-09  0.2683E+00  0.8928E+01  0.0000E+00
12885.9600 10  1    0.2825    0.8001    0.2825    0.0000   -1.7298   -0.0939    0.0071    0.1916   -5.1380   -0.4043  0.8296E+02  0.7709E+03  0.1061E-15 -0.1581E-13  0.1000E-09  0.5196E-01  0.1000E-09  0.2683E+00  0.8928E+01  0.0000E+00
12886.9600 10  1    0.2825    0.8001    0.2825    0.0000   -1.7298   -0.0939    0.0071    0.1916   -5.1382   -0.4043  0.8296E+02  0.7709E+03  0.1061E-15 -0.1581E-13  0.1000E-09  0.5196E-01  0.1000E-09  0.2683E+00  0.8928E+01  0.0000E+00
12887.9600 10  1    0.2825    0.8001    0.2825    0.0000   -1.7298   -0.0939    0.0071    0.1916   -5.1384   -0.4043  0.8297E+02  0.7709E+03  0.1061E-15 -0.1582E-13  0.1000E-09  0.5196E-01  0.1000E-09  0.2683E+00  0.8928E+01  0.0000E+00
12888.9600 10  1    0.2825    0.8001    0.2825    0.0000   -1.7298   -0.0939    0.0071    0.1916   -5.1386   -0.4042  0.8297E+02  0.7709E+03  0.1061E-15 -0.1582E-13  0.1000E-09  0.5196E-01  0.1000E-09  0.2683E+00  0.8928E+01  0.0000E+00
12889.9600 10  1    0.2825    0.8001    0.2825    0.0000   -1.7298   -0.0939    0.0071    0.1916   -5.1388   -0.4042  0.8297E+02  0.7709E+03  0.1061E-15 -0.1582E-13  0.1000E-09  0.5196E-01  0.1000E-09  0.2683E+00  0.8928E+01  0.0000E+00
12890.9600 10  1    0.2825    0.8001    0.2825    0.0000   -1.7298   -0.0939    0.0071    0.1916   -5.1391   -0.4042  0.8297E+02  0.7709E+03  0.1061E-15 -0.1582E-13  0.1000E-09  0.5196E-01  0.1000E-09  0.2683E+00  0.8928E+01  0.0000E+00
12891.9600 10  1    0.2825    0.8001    0.2825    0.0000   -1.7298   -0.0938    0.0071    0.1916   -5.1393   -0.4042  0.8297E+02  0.7709E+03  0.1061E-15 -0.1582E-13  0.1000E-09  0.5196E-01  0.1000E-09  0.2683E+00  0.8928E+01  0.0000E+00
12892.9600 10  1    0.2825    0.8001    0.2825    0.0000   -1.7298   -0.0938    0.0071    0.1916   -5.1395   -0.4042  0.8297E+02  0.7709E+03  0.1061E-15 -0.1582E-13  0.1000E-09  0.5196E-01  0.1000E-09  0.2684E+00  0.8928E+01  0.0000E+00
12893.9600 10  1    0.2825    0.8001    0.2825    0.0000   -1.7298   -0.0938    0.0071    0.1916   -5.1397   -0.4041  0.8298E+02  0.7709E+03  0.1061E-15 -0.1582E-13  0.1000E-09  0.5196E-01  0.1000E-09  0.2684E+00  0.8928E+01  0.0000E+00
12894.9600 10  1    0.2825    0.8001    0.2825    0.0000   -1.7298   -0.0938    0.0071    0.1916   -5.1399   -0.4041  0.8298E+02  0.7709E+03  0.1061E-15 -0.1582E-13  0.1000E-09  0.5196E-01  0.1000E-09  0.2684E+00  0.8928E+01  0.0000E+00
12895.9600 10  1    0.2825    0.8001    0.2825    0.0000   -1.7298   -0.0938    0.0071    0.1916   -5.1401   -0.4041  0.8298E+02  0.7709E+03  0.1061E-15 -0.1582E-13  0.1000E-09  0.5196E-01  0.1000E-09  0.2684E+00  0.8928E+01  0.0000E+00
12896.9600 10  1    0.2825    0.8001    0.2825    0.0000   -1.7298   -0.0938    0.0071    0.1916   -5.1404   -0.4041  0.8298E+02  0.7709E+03  0.1061E-15 -0.1582E-13  0.1000E-09  0.5196E-01  0.1000E-09  0.2684E+00  0.8928E+01  0.0000E+00
12897.9600 10  1    0.2825    0.8001    0.2825    0.0000   -1.7298   -0.0938    0.0071    0.1916   -5.1406   -0.4041  0.8298E+02  0.7709E+03  0.1061E-15 -0.1582E-13  0.1000E-09  0.5196E-01  0.1000E-09  0.2684E+00  0.8928E+01  0.0000E+00
12898.9600 10  1    0.2825    0.8001    0.2825    0.0000   -1.7298   -0.0938    0.0071    0.1916   -5.1408   -0.4040  0.8298E+02  0.7709E+03  0.1061E-15 -0.1582E-13  0.1000E-09  0.5196E-01  0.1000E-09  0.2684E+00  0.8928E+01  0.0000E+00
12899.9600 10  1    0.2825    0.8001    0.2825    0.0000   -1.7298   -0.0938    0.0071    0.1916   -5.1410   -0.4040  0.8299E+02  0.7709E+03  0.1061E-15 -0.1582E-13  0.1000E-09  0.5196E-01  0.1000E-09  0.2684E+00  0.8928E+01  0.0000E+00
12900.9600 10  1    0.2825    0.8001    0.2825    0.0000   -1.7298   -0.0938    0.0071    0.1916   -5.1412   -0.4040  0.8299E+02  0.7709E+03  0.1061E-15 -0.1582E-13  0.1000E-09  0.5196E-01  0.1000E-09  0.2684E+00  0.8928E+01  0.0000E+00
12901.9600 10  1    0.2825    0.8001    0.2825    0.0000   -1.7298   -0.0938    0.0071    0.1916   -5.1415   -0.4040  0.8299E+02  0.7709E+03  0.1061E-15 -0.1582E-13  0.1000E-09  0.5196E-01  0.1000E-09  0.2684E+00  0.8928E+01  0.0000E+00
12902.9600 10  1    0.2825    0.8001    0.2825    0.0000   -1.7298   -0.0938    0.0071    0.1916   -5.1417   -0.4040  0.8299E+02  0.7709E+03  0.1061E-15 -0.1582E-13  0.1000E-09  0.5195E-01  0.1000E-09  0.2684E+00  0.8928E+01  0.0000E+00
12903.9600 10  1    0.2825    0.8001    0.2825    0.0000   -1.7298   -0.0938    0.0071    0.1916   -5.1419   -0.4040  0.8299E+02  0.7709E+03  0.1061E-15 -0.1582E-13  0.1000E-09  0.5195E-01  0.1000E-09  0.2684E+00  0.8928E+01  0.0000E+00
12904.9600 10  1    0.2825    0.8001    0.2825    0.0000   -1.7298   -0.0938    0.0071    0.1916   -5.1421   -0.4039  0.8299E+02  0.7709E+03  0.1061E-15 -0.1582E-13  0.1000E-09  0.5195E-01  0.1000E-09  0.2684E+00  0.8928E+01  0.0000E+00
12905.9600 10  1    0.2825    0.8001    0.2825    0.0000   -1.7298   -0.0938    0.0071    0.1916   -5.1423   -0.4039  0.8300E+02  0.7709E+03  0.1061E-15 -0.1582E-13  0.1000E-09  0.5195E-01  0.1000E-09  0.2684E+00  0.8928E+01  0.0000E+00
12906.9600 10  1    0.2825    0.8001    0.2825    0.0000   -1.7298   -0.0938    0.0071    0.1916   -5.1425   -0.4039  0.8300E+02  0.7709E+03  0.1061E-15 -0.1582E-13  0.1000E-09  0.5195E-01  0.1000E-09  0.2684E+00  0.8928E+01  0.0000E+00
12907.9600 10  1    0.2825    0.8001    0.2825    0.0000   -1.7298   -0.0938    0.0071    0.1916   -5.1428   -0.4039  0.8300E+02  0.7709E+03  0.1061E-15 -0.1582E-13  0.1000E-09  0.5195E-01  0.1000E-09  0.2684E+00  0.8928E+01  0.0000E+00
12908.9600 10  1    0.2825    0.8001    0.2825    0.0000   -1.7298   -0.0938    0.0071    0.1916   -5.1430   -0.4039  0.8300E+02  0.7709E+03  0.1061E-15 -0.1582E-13  0.1000E-09  0.5195E-01  0.1000E-09  0.2684E+00  0.8928E+01  0.0000E+00
12909.9600 10  1    0.2825    0.8001    0.2825    0.0000   -1.7298   -0.0938    0.0071    0.1916   -5.1432   -0.4038  0.8300E+02  0.7709E+03  0.1061E-15 -0.1582E-13  0.1000E-09  0.5195E-01  0.1000E-09  0.2685E+00  0.8928E+01  0.0000E+00
12910.9600 10  1    0.2825    0.8001    0.2825    0.0000   -1.7298   -0.0937    0.0071    0.1916   -5.1434   -0.4038  0.8300E+02  0.7709E+03  0.1061E-15 -0.1582E-13  0.1000E-09  0.5195E-01  0.1000E-09  0.2685E+00  0.8928E+01  0.0000E+00
12911.9600 10  1    0.2825    0.8001    0.2825    0.0000   -1.7298   -0.0937    0.0071    0.1917   -5.1436   -0.4038  0.8301E+02  0.7709E+03  0.1062E-15 -0.1582E-13  0.1000E-09  0.5195E-01  0.1000E-09  0.2685E+00  0.8928E+01  0.0000E+00
12912.9600 10  1    0.2825    0.8001    0.2825    0.0000   -1.7298   -0.0937    0.0071    0.1917   -5.1439   -0.4038  0.8301E+02  0.7709E+03  0.1062E-15 -0.1582E-13  0.1000E-09  0.5195E-01  0.1000E-09  0.2685E+00  0.8928E+01  0.0000E+00
12913.9600 10  1    0.2825    0.8001    0.2825    0.0000   -1.7298   -0.0937    0.0071    0.1917   -5.1441   -0.4038  0.8301E+02  0.7709E+03  0.1062E-15 -0.1582E-13  0.1000E-09  0.5195E-01  0.1000E-09  0.2685E+00  0.8928E+01  0.0000E+00
12914.9600 10  1    0.2825    0.8001    0.2825    0.0000   -1.7298   -0.0937    0.0071    0.1917   -5.1443   -0.4037  0.8301E+02  0.7709E+03  0.1062E-15 -0.1582E-13  0.1000E-09  0.5195E-01  0.1000E-09  0.2685E+00  0.8928E+01  0.0000E+00
12915.9600 10  1    0.2825    0.8001    0.2825    0.0000   -1.7298   -0.0937    0.0071    0.1917   -5.1445   -0.4037  0.8301E+02  0.7709E+03  0.1062E-15 -0.1582E-13  0.1000E-09  0.5195E-01  0.1000E-09  0.2685E+00  0.8928E+01  0.0000E+00
12916.9600 10  1    0.2825    0.8001    0.2825    0.0000   -1.7298   -0.0937    0.0071    0.1917   -5.1447   -0.4037  0.8301E+02  0.7709E+03  0.1062E-15 -0.1582E-13  0.1000E-09  0.5195E-01  0.1000E-09  0.2685E+00  0.8928E+01  0.0000E+00
12917.9600 10  1    0.2825    0.8001    0.2825    0.0000   -1.7298   -0.0937    0.0071    0.1917   -5.1449   -0.4037  0.8302E+02  0.7709E+03  0.1062E-15 -0.1582E-13  0.1000E-09  0.5195E-01  0.1000E-09  0.2685E+00  0.8928E+01  0.0000E+00
12918.9600 10  1    0.2825    0.8001    0.2825    0.0000   -1.7298   -0.0937    0.0071    0.1917   -5.1452   -0.4037  0.8302E+02  0.7709E+03  0.1062E-15 -0.1582E-13  0.1000E-09  0.5195E-01  0.1000E-09  0.2685E+00  0.8928E+01  0.0000E+00
12919.9600 10  1    0.2825    0.8001    0.2825    0.0000   -1.7298   -0.0937    0.0071    0.1917   -5.1454   -0.4036  0.8302E+02  0.7709E+03  0.1062E-15 -0.1582E-13  0.1000E-09  0.5195E-01  0.1000E-09  0.2685E+00  0.8928E+01  0.0000E+00
12920.9600 10  1    0.2825    0.8001    0.2825    0.0000   -1.7298   -0.0937    0.0071    0.1917   -5.1456   -0.4036  0.8302E+02  0.7709E+03  0.1062E-15 -0.1582E-13  0.1000E-09  0.5195E-01  0.1000E-09  0.2685E+00  0.8928E+01  0.0000E+00
12921.9600 10  1    0.2825    0.8001    0.2825    0.0000   -1.7298   -0.0937    0.0071    0.1917   -5.1458   -0.4036  0.8302E+02  0.7710E+03  0.1062E-15 -0.1582E-13  0.1000E-09  0.5195E-01  0.1000E-09  0.2685E+00  0.8928E+01  0.0000E+00
12922.9600 10  1    0.2825    0.8001    0.2825    0.0000   -1.7298   -0.0937    0.0071    0.1917   -5.1460   -0.4036  0.8303E+02  0.7710E+03  0.1062E-15 -0.1582E-13  0.1000E-09  0.5195E-01  0.1000E-09  0.2685E+00  0.8928E+01  0.0000E+00
12923.9600 10  1    0.2825    0.8001    0.2825    0.0000   -1.7298   -0.0937    0.0071    0.1917   -5.1462   -0.4036  0.8303E+02  0.7710E+03  0.1062E-15 -0.1582E-13  0.1000E-09  0.5195E-01  0.1000E-09  0.2685E+00  0.8928E+01  0.0000E+00
12924.9600 10  1    0.2825    0.8001    0.2825    0.0000   -1.7298   -0.0937    0.0071    0.1917   -5.1465   -0.4035  0.8303E+02  0.7710E+03  0.1062E-15 -0.1582E-13  0.1000E-09  0.5195E-01  0.1000E-09  0.2685E+00  0.8928E+01  0.0000E+00
12925.9600 10  1    0.2825    0.8001    0.2825    0.0000   -1.7298   -0.0937    0.0071    0.1917   -5.1467   -0.4035  0.8303E+02  0.7710E+03  0.1062E-15 -0.1582E-13  0.1000E-09  0.5195E-01  0.1000E-09  0.2685E+00  0.8928E+01  0.0000E+00
12926.9600 10  1    0.2825    0.8001    0.2825    0.0000   -1.7298   -0.0937    0.0071    0.1917   -5.1469   -0.4035  0.8303E+02  0.7710E+03  0.1062E-15 -0.1582E-13  0.1000E-09  0.5195E-01  0.1000E-09  0.2686E+00  0.8928E+01  0.0000E+00
12927.9600 10  1    0.2825    0.8001    0.2825    0.0000   -1.7298   -0.0937    0.0071    0.1917   -5.1471   -0.4035  0.8303E+02  0.7710E+03  0.1062E-15 -0.1582E-13  0.1000E-09  0.5195E-01  0.1000E-09  0.2686E+00  0.8928E+01  0.0000E+00
12928.9600 10  1    0.2825    0.8001    0.2825    0.0000   -1.7298   -0.0937    0.0071    0.1917   -5.1473   -0.4035  0.8304E+02  0.7710E+03  0.1062E-15 -0.1582E-13  0.1000E-09  0.5194E-01  0.1000E-09  0.2686E+00  0.8928E+01  0.0000E+00
12929.9600 10  1    0.2825    0.8001    0.2825    0.0000   -1.7298   -0.0936    0.0071    0.1917   -5.1476   -0.4034  0.8304E+02  0.7710E+03  0.1062E-15 -0.1582E-13  0.1000E-09  0.5194E-01  0.1000E-09  0.2686E+00  0.8928E+01  0.0000E+00
12930.9600 10  1    0.2825    0.8001    0.2825    0.0000   -1.7298   -0.0936    0.0071    0.1917   -5.1478   -0.4034  0.8304E+02  0.7710E+03  0.1062E-15 -0.1582E-13  0.1000E-09  0.5194E-01  0.1000E-09  0.2686E+00  0.8928E+01  0.0000E+00
12931.9600 10  1    0.2825    0.8001    0.2825    0.0000   -1.7298   -0.0936    0.0071    0.1917   -5.1480   -0.4034  0.8304E+02  0.7710E+03  0.1062E-15 -0.1582E-13  0.1000E-09  0.5194E-01  0.1000E-09  0.2686E+00  0.8928E+01  0.0000E+00
12932.9600 10  1    0.2825    0.8001    0.2825    0.0000   -1.7298   -0.0936    0.0071    0.1917   -5.1482   -0.4034  0.8304E+02  0.7710E+03  0.1062E-15 -0.1582E-13  0.1000E-09  0.5194E-01  0.1000E-09  0.2686E+00  0.8928E+01  0.0000E+00
12933.9600 10  1    0.2825    0.8001    0.2825    0.0000   -1.7298   -0.0936    0.0071    0.1917   -5.1484   -0.4034  0.8304E+02  0.7710E+03  0.1062E-15 -0.1582E-13  0.1000E-09  0.5194E-01  0.1000E-09  0.2686E+00  0.8928E+01  0.0000E+00
12934.9600 10  1    0.2825    0.8001    0.2825    0.0000   -1.7298   -0.0936    0.0071    0.1917   -5.1486   -0.4033  0.8305E+02  0.7710E+03  0.1062E-15 -0.1582E-13  0.1000E-09  0.5194E-01  0.1000E-09  0.2686E+00  0.8928E+01  0.0000E+00
12935.9600 10  1    0.2825    0.8001    0.2825    0.0000   -1.7298   -0.0936    0.0071    0.1917   -5.1489   -0.4033  0.8305E+02  0.7710E+03  0.1062E-15 -0.1582E-13  0.1000E-09  0.5194E-01  0.1000E-09  0.2686E+00  0.8928E+01  0.0000E+00
12936.9600 10  1    0.2825    0.8001    0.2825    0.0000   -1.7298   -0.0936    0.0071    0.1917   -5.1491   -0.4033  0.8305E+02  0.7710E+03  0.1062E-15 -0.1582E-13  0.1000E-09  0.5194E-01  0.1000E-09  0.2686E+00  0.8928E+01  0.0000E+00
12937.9600 10  1    0.2825    0.8001    0.2825    0.0000   -1.7298   -0.0936    0.0071    0.1917   -5.1493   -0.4033  0.8305E+02  0.7710E+03  0.1062E-15 -0.1582E-13  0.1000E-09  0.5194E-01  0.1000E-09  0.2686E+00  0.8928E+01  0.0000E+00
12938.9600 10  1    0.2825    0.8001    0.2825    0.0000   -1.7298   -0.0936    0.0071    0.1917   -5.1495   -0.4033  0.8305E+02  0.7710E+03  0.1062E-15 -0.1582E-13  0.1000E-09  0.5194E-01  0.1000E-09  0.2686E+00  0.8928E+01  0.0000E+00
12939.9600 10  1    0.2825    0.8001    0.2825    0.0000   -1.7298   -0.0936    0.0071    0.1917   -5.1497   -0.4033  0.8305E+02  0.7710E+03  0.1062E-15 -0.1582E-13  0.1000E-09  0.5194E-01  0.1000E-09  0.2686E+00  0.8928E+01  0.0000E+00
12940.9600 10  1    0.2825    0.8001    0.2825    0.0000   -1.7298   -0.0936    0.0071    0.1917   -5.1499   -0.4032  0.8306E+02  0.7710E+03  0.1062E-15 -0.1582E-13  0.1000E-09  0.5194E-01  0.1000E-09  0.2686E+00  0.8928E+01  0.0000E+00
12941.9600 10  1    0.2825    0.8001    0.2825    0.0000   -1.7298   -0.0936    0.0071    0.1917   -5.1502   -0.4032  0.8306E+02  0.7710E+03  0.1062E-15 -0.1582E-13  0.1000E-09  0.5194E-01  0.1000E-09  0.2686E+00  0.8928E+01  0.0000E+00
12942.9600 10  1    0.2825    0.8001    0.2825    0.0000   -1.7298   -0.0936    0.0071    0.1917   -5.1504   -0.4032  0.8306E+02  0.7710E+03  0.1062E-15 -0.1582E-13  0.1000E-09  0.5194E-01  0.1000E-09  0.2686E+00  0.8928E+01  0.0000E+00
12943.9600 10  1    0.2825    0.8001    0.2825    0.0000   -1.7298   -0.0936    0.0071    0.1917   -5.1506   -0.4032  0.8306E+02  0.7710E+03  0.1062E-15 -0.1582E-13  0.1000E-09  0.5194E-01  0.1000E-09  0.2686E+00  0.8928E+01  0.0000E+00
12944.9600 10  1    0.2825    0.8001    0.2825    0.0000   -1.7298   -0.0936    0.0071    0.1917   -5.1508   -0.4032  0.8306E+02  0.7710E+03  0.1062E-15 -0.1582E-13  0.1000E-09  0.5194E-01  0.1000E-09  0.2687E+00  0.8928E+01  0.0000E+00
12945.9600 10  1    0.2825    0.8001    0.2825    0.0000   -1.7298   -0.0936    0.0071    0.1917   -5.1510   -0.4031  0.8306E+02  0.7710E+03  0.1062E-15 -0.1582E-13  0.1000E-09  0.5194E-01  0.1000E-09  0.2687E+00  0.8928E+01  0.0000E+00
12946.9600 10  1    0.2825    0.8001    0.2825    0.0000   -1.7298   -0.0936    0.0071    0.1917   -5.1513   -0.4031  0.8307E+02  0.7710E+03  0.1062E-15 -0.1582E-13  0.1000E-09  0.5194E-01  0.1000E-09  0.2687E+00  0.8928E+01  0.0000E+00
12947.9600 10  1    0.2825    0.8001    0.2825    0.0000   -1.7298   -0.0935    0.0071    0.1917   -5.1515   -0.4031  0.8307E+02  0.7710E+03  0.1062E-15 -0.1582E-13  0.1000E-09  0.5194E-01  0.1000E-09  0.2687E+00  0.8928E+01  0.0000E+00
12948.9600 10  1    0.2825    0.8001    0.2825    0.0000   -1.7298   -0.0935    0.0071    0.1918   -5.1517   -0.4031  0.8307E+02  0.7710E+03  0.1062E-15 -0.1582E-13  0.1000E-09  0.5194E-01  0.1000E-09  0.2687E+00  0.8928E+01  0.0000E+00
12949.9600 10  1    0.2825    0.8001    0.2825    0.0000   -1.7298   -0.0935    0.0071    0.1918   -5.1519   -0.4031  0.8307E+02  0.7710E+03  0.1062E-15 -0.1582E-13  0.1000E-09  0.5194E-01  0.1000E-09  0.2687E+00  0.8928E+01  0.0000E+00
12950.9600 10  1    0.2825    0.8001    0.2825    0.0000   -1.7298   -0.0935    0.0071    0.1918   -5.1521   -0.4030  0.8307E+02  0.7710E+03  0.1062E-15 -0.1582E-13  0.1000E-09  0.5194E-01  0.1000E-09  0.2687E+00  0.8928E+01  0.0000E+00
12951.9600 10  1    0.2825    0.8001    0.2825    0.0000   -1.7298   -0.0935    0.0071    0.1918   -5.1523   -0.4030  0.8308E+02  0.7710E+03  0.1062E-15 -0.1582E-13  0.1000E-09  0.5194E-01  0.1000E-09  0.2687E+00  0.8928E+01  0.0000E+00
12952.9600 10  1    0.2825    0.8001    0.2825    0.0000   -1.7298   -0.0935    0.0071    0.1918   -5.1526   -0.4030  0.8308E+02  0.7710E+03  0.1062E-15 -0.1582E-13  0.1000E-09  0.5194E-01  0.1000E-09  0.2687E+00  0.8928E+01  0.0000E+00
12953.9600 10  1    0.2825    0.8001    0.2825    0.0000   -1.7298   -0.0935    0.0071    0.1918   -5.1528   -0.4030  0.8308E+02  0.7710E+03  0.1062E-15 -0.1582E-13  0.1000E-09  0.5193E-01  0.1000E-09  0.2687E+00  0.8927E+01  0.0000E+00
12954.9600 10  1    0.2825    0.8001    0.2825    0.0000   -1.7298   -0.0935    0.0071    0.1918   -5.1530   -0.4030  0.8308E+02  0.7710E+03  0.1063E-15 -0.1582E-13  0.1000E-09  0.5193E-01  0.1000E-09  0.2687E+00  0.8927E+01  0.0000E+00
12955.9600 10  1    0.2825    0.8001    0.2825    0.0000   -1.7298   -0.0935    0.0071    0.1918   -5.1532   -0.4029  0.8308E+02  0.7710E+03  0.1063E-15 -0.1582E-13  0.1000E-09  0.5193E-01  0.1000E-09  0.2687E+00  0.8927E+01  0.0000E+00
12956.9600 10  1    0.2825    0.8001    0.2825    0.0000   -1.7298   -0.0935    0.0071    0.1918   -5.1534   -0.4029  0.8308E+02  0.7710E+03  0.1063E-15 -0.1582E-13  0.1000E-09  0.5193E-01  0.1000E-09  0.2687E+00  0.8927E+01  0.0000E+00
12957.9600 10  1    0.2825    0.8001    0.2825    0.0000   -1.7298   -0.0935    0.0071    0.1918   -5.1536   -0.4029  0.8309E+02  0.7710E+03  0.1063E-15 -0.1583E-13  0.1000E-09  0.5193E-01  0.1000E-09  0.2687E+00  0.8927E+01  0.0000E+00
12958.9600 10  1    0.2825    0.8001    0.2825    0.0000   -1.7298   -0.0935    0.0071    0.1918   -5.1539   -0.4029  0.8309E+02  0.7710E+03  0.1063E-15 -0.1583E-13  0.1000E-09  0.5193E-01  0.1000E-09  0.2687E+00  0.8927E+01  0.0000E+00
12959.9600 10  1    0.2825    0.8001    0.2825    0.0000   -1.7298   -0.0935    0.0071    0.1918   -5.1541   -0.4029  0.8309E+02  0.7710E+03  0.1063E-15 -0.1583E-13  0.1000E-09  0.5193E-01  0.1000E-09  0.2687E+00  0.8927E+01  0.0000E+00
12960.9600 10  1    0.2825    0.8001    0.2825    0.0000   -1.7298   -0.0935    0.0071    0.1918   -5.1543   -0.4028  0.8309E+02  0.7710E+03  0.1064E-15 -0.1583E-13  0.1000E-09  0.5193E-01  0.1000E-09  0.2687E+00  0.8927E+01  0.0000E+00
12961.9600 10  1    0.2825    0.8001    0.2825    0.0000   -1.7298   -0.0935    0.0071    0.1918   -5.1545   -0.4028  0.8309E+02  0.7710E+03  0.1064E-15 -0.1584E-13  0.1000E-09  0.5193E-01  0.1000E-09  0.2688E+00  0.8927E+01  0.0000E+00
12962.9600 10  1    0.2825    0.8001    0.2825    0.0000   -1.7298   -0.0935    0.0071    0.1918   -5.1547   -0.4028  0.8309E+02  0.7710E+03  0.1064E-15 -0.1584E-13  0.1000E-09  0.5193E-01  0.1000E-09  0.2688E+00  0.8927E+01  0.0000E+00
12963.9600 10  1    0.2825    0.8001    0.2825    0.0000   -1.7298   -0.0935    0.0071    0.1918   -5.1549   -0.4028  0.8310E+02  0.7710E+03  0.1064E-15 -0.1584E-13  0.1000E-09  0.5193E-01  0.1000E-09  0.2688E+00  0.8927E+01  0.0000E+00
12964.9600 10  1    0.2825    0.8001    0.2825    0.0000   -1.7298   -0.0935    0.0071    0.1918   -5.1552   -0.4028  0.8310E+02  0.7710E+03  0.1064E-15 -0.1584E-13  0.1000E-09  0.5193E-01  0.1000E-09  0.2688E+00  0.8927E+01  0.0000E+00
12965.9600 10  1    0.2825    0.8001    0.2825    0.0000   -1.7298   -0.0935    0.0071    0.1918   -5.1554   -0.4027  0.8310E+02  0.7710E+03  0.1065E-15 -0.1585E-13  0.1000E-09  0.5193E-01  0.1000E-09  0.2688E+00  0.8927E+01  0.0000E+00
12966.9600 10  1    0.2825    0.8001    0.2825    0.0000   -1.7298   -0.0934    0.0071    0.1918   -5.1556   -0.4027  0.8310E+02  0.7710E+03  0.1065E-15 -0.1585E-13  0.1000E-09  0.5193E-01  0.1000E-09  0.2688E+00  0.8927E+01  0.0000E+00
12967.9600 10  1    0.2825    0.8001    0.2825    0.0000   -1.7298   -0.0934    0.0071    0.1918   -5.1558   -0.4027  0.8310E+02  0.7710E+03  0.1065E-15 -0.1585E-13  0.1000E-09  0.5193E-01  0.1000E-09  0.2688E+00  0.8927E+01  0.0000E+00
12968.9600 10  1    0.2825    0.8001    0.2825    0.0000   -1.7298   -0.0934    0.0071    0.1918   -5.1560   -0.4027  0.8310E+02  0.7710E+03  0.1065E-15 -0.1585E-13  0.1000E-09  0.5193E-01  0.1000E-09  0.2688E+00  0.8927E+01  0.0000E+00
12969.9600 10  1    0.2825    0.8001    0.2825    0.0000   -1.7298   -0.0934    0.0071    0.1918   -5.1562   -0.4027  0.8311E+02  0.7710E+03  0.1065E-15 -0.1586E-13  0.1000E-09  0.5193E-01  0.1000E-09  0.2688E+00  0.8927E+01  0.0000E+00
12970.9600 10  1    0.2825    0.8001    0.2825    0.0000   -1.7298   -0.0934    0.0071    0.1918   -5.1565   -0.4026  0.8311E+02  0.7710E+03  0.1066E-15 -0.1586E-13  0.1000E-09  0.5193E-01  0.1000E-09  0.2688E+00  0.8927E+01  0.0000E+00
12971.9600 10  1    0.2825    0.8001    0.2825    0.0000   -1.7298   -0.0934    0.0071    0.1918   -5.1567   -0.4026  0.8311E+02  0.7710E+03  0.1066E-15 -0.1586E-13  0.1000E-09  0.5193E-01  0.1000E-09  0.2688E+00  0.8927E+01  0.0000E+00
12972.9600 10  1    0.2825    0.8001    0.2825    0.0000   -1.7298   -0.0934    0.0071    0.1918   -5.1569   -0.4026  0.8311E+02  0.7711E+03  0.1066E-15 -0.1586E-13  0.1000E-09  0.5193E-01  0.1000E-09  0.2688E+00  0.8927E+01  0.0000E+00
12973.9600 10  1    0.2825    0.8001    0.2825    0.0000   -1.7298   -0.0934    0.0071    0.1918   -5.1571   -0.4026  0.8311E+02  0.7711E+03  0.1066E-15 -0.1586E-13  0.1000E-09  0.5193E-01  0.1000E-09  0.2688E+00  0.8927E+01  0.0000E+00
12974.9600 10  1    0.2825    0.8001    0.2825    0.0000   -1.7298   -0.0934    0.0071    0.1918   -5.1573   -0.4026  0.8311E+02  0.7711E+03  0.1066E-15 -0.1587E-13  0.1000E-09  0.5193E-01  0.1000E-09  0.2688E+00  0.8927E+01  0.0000E+00
12975.9600 10  1    0.2825    0.8001    0.2825    0.0000   -1.7298   -0.0934    0.0071    0.1918   -5.1575   -0.4026  0.8312E+02  0.7711E+03  0.1066E-15 -0.1587E-13  0.1000E-09  0.5193E-01  0.1000E-09  0.2688E+00  0.8927E+01  0.0000E+00
12976.9600 10  1    0.2825    0.8001    0.2825    0.0000   -1.7298   -0.0934    0.0071    0.1918   -5.1578   -0.4025  0.8312E+02  0.7711E+03  0.1067E-15 -0.1587E-13  0.1000E-09  0.5193E-01  0.1000E-09  0.2688E+00  0.8927E+01  0.0000E+00
12977.9600 10  1    0.2825    0.8001    0.2825    0.0000   -1.7298   -0.0934    0.0071    0.1918   -5.1580   -0.4025  0.8312E+02  0.7711E+03  0.1067E-15 -0.1587E-13  0.1000E-09  0.5193E-01  0.1000E-09  0.2688E+00  0.8927E+01  0.0000E+00
12978.9600 10  1    0.2825    0.8001    0.2825    0.0000   -1.7298   -0.0934    0.0071    0.1918   -5.1582   -0.4025  0.8312E+02  0.7711E+03  0.1067E-15 -0.1588E-13  0.1000E-09  0.5193E-01  0.1000E-09  0.2689E+00  0.8927E+01  0.0000E+00
12979.9600 10  1    0.2825    0.8001    0.2825    0.0000   -1.7298   -0.0934    0.0071    0.1918   -5.1584   -0.4025  0.8312E+02  0.7711E+03  0.1067E-15 -0.1588E-13  0.1000E-09  0.5192E-01  0.1000E-09  0.2689E+00  0.8927E+01  0.0000E+00
12980.9600 10  1    0.2825    0.8001    0.2825    0.0000   -1.7298   -0.0934    0.0071    0.1918   -5.1586   -0.4025  0.8313E+02  0.7711E+03  0.1067E-15 -0.1588E-13  0.1000E-09  0.5192E-01  0.1000E-09  0.2689E+00  0.8927E+01  0.0000E+00
12981.9600 10  1    0.2825    0.8001    0.2825    0.0000   -1.7298   -0.0934    0.0071    0.1918   -5.1589   -0.4024  0.8313E+02  0.7711E+03  0.1068E-15 -0.1588E-13  0.1000E-09  0.5192E-01  0.1000E-09  0.2689E+00  0.8927E+01  0.0000E+00
12982.9600 10  1    0.2825    0.8001    0.2825    0.0000   -1.7298   -0.0934    0.0071    0.1918   -5.1591   -0.4024  0.8313E+02  0.7711E+03  0.1068E-15 -0.1589E-13  0.1000E-09  0.5192E-01  0.1000E-09  0.2689E+00  0.8927E+01  0.0000E+00
12983.9600 10  1    0.2825    0.8001    0.2825    0.0000   -1.7298   -0.0934    0.0071    0.1918   -5.1593   -0.4024  0.8313E+02  0.7711E+03  0.1068E-15 -0.1589E-13  0.1000E-09  0.5192E-01  0.1000E-09  0.2689E+00  0.8927E+01  0.0000E+00
12984.9600 10  1    0.2825    0.8001    0.2825    0.0000   -1.7298   -0.0934    0.0071    0.1918   -5.1595   -0.4024  0.8313E+02  0.7711E+03  0.1068E-15 -0.1589E-13  0.1000E-09  0.5192E-01  0.1000E-09  0.2689E+00  0.8927E+01  0.0000E+00
12985.9600 10  1    0.2825    0.8001    0.2825    0.0000   -1.7298   -0.0933    0.0071    0.1919   -5.1597   -0.4024  0.8313E+02  0.7711E+03  0.1068E-15 -0.1589E-13  0.1000E-09  0.5192E-01  0.1000E-09  0.2689E+00  0.8927E+01  0.0000E+00
12986.9600 10  1    0.2825    0.8001    0.2825    0.0000   -1.7298   -0.0933    0.0071    0.1919   -5.1599   -0.4023  0.8314E+02  0.7711E+03  0.1069E-15 -0.1590E-13  0.1000E-09  0.5192E-01  0.1000E-09  0.2689E+00  0.8927E+01  0.0000E+00
12987.9600 10  1    0.2825    0.8001    0.2825    0.0000   -1.7298   -0.0933    0.0071    0.1919   -5.1602   -0.4023  0.8314E+02  0.7711E+03  0.1069E-15 -0.1590E-13  0.1000E-09  0.5192E-01  0.1000E-09  0.2689E+00  0.8927E+01  0.0000E+00
12988.9600 10  1    0.2825    0.8001    0.2825    0.0000   -1.7298   -0.0933    0.0071    0.1919   -5.1604   -0.4023  0.8314E+02  0.7711E+03  0.1069E-15 -0.1590E-13  0.1000E-09  0.5192E-01  0.1000E-09  0.2689E+00  0.8927E+01  0.0000E+00
12989.9600 10  1    0.2825    0.8001    0.2825    0.0000   -1.7298   -0.0933    0.0071    0.1919   -5.1606   -0.4023  0.8314E+02  0.7711E+03  0.1069E-15 -0.1590E-13  0.1000E-09  0.5192E-01  0.1000E-09  0.2689E+00  0.8927E+01  0.0000E+00
12990.9600 10  1    0.2825    0.8001    0.2825    0.0000   -1.7298   -0.0933    0.0071    0.1919   -5.1608   -0.4023  0.8314E+02  0.7711E+03  0.1069E-15 -0.1591E-13  0.1000E-09  0.5192E-01  0.1000E-09  0.2689E+00  0.8927E+01  0.0000E+00
12991.9600 10  1    0.2825    0.8001    0.2825    0.0000   -1.7298   -0.0933    0.0071    0.1919   -5.1610   -0.4022  0.8314E+02  0.7711E+03  0.1069E-15 -0.1591E-13  0.1000E-09  0.5192E-01  0.1000E-09  0.2689E+00  0.8927E+01  0.0000E+00
12992.9600 10  1    0.2825    0.8001    0.2825    0.0000   -1.7298   -0.0933    0.0071    0.1919   -5.1612   -0.4022  0.8315E+02  0.7711E+03  0.1070E-15 -0.1591E-13  0.1000E-09  0.5192E-01  0.1000E-09  0.2689E+00  0.8927E+01  0.0000E+00
12993.9600 10  1    0.2825    0.8001    0.2825    0.0000   -1.7298   -0.0933    0.0071    0.1919   -5.1615   -0.4022  0.8315E+02  0.7711E+03  0.1070E-15 -0.1591E-13  0.1000E-09  0.5192E-01  0.1000E-09  0.2689E+00  0.8927E+01  0.0000E+00
12994.9600 10  1    0.2825    0.8001    0.2825    0.0000   -1.7298   -0.0933    0.0071    0.1919   -5.1617   -0.4022  0.8315E+02  0.7711E+03  0.1070E-15 -0.1592E-13  0.1000E-09  0.5192E-01  0.1000E-09  0.2689E+00  0.8927E+01  0.0000E+00
12995.9600 10  1    0.2825    0.8001    0.2825    0.0000   -1.7298   -0.0933    0.0071    0.1919   -5.1619   -0.4022  0.8315E+02  0.7711E+03  0.1070E-15 -0.1592E-13  0.1000E-09  0.5192E-01  0.1000E-09  0.2690E+00  0.8927E+01  0.0000E+00
12996.9600 10  1    0.2825    0.8001    0.2825    0.0000   -1.7298   -0.0933    0.0071    0.1919   -5.1621   -0.4021  0.8315E+02  0.7711E+03  0.1070E-15 -0.1592E-13  0.1000E-09  0.5192E-01  0.1000E-09  0.2690E+00  0.8927E+01  0.0000E+00
12997.9600 10  1    0.2825    0.8001    0.2825    0.0000   -1.7298   -0.0933    0.0071    0.1919   -5.1623   -0.4021  0.8315E+02  0.7711E+03  0.1071E-15 -0.1592E-13  0.1000E-09  0.5192E-01  0.1000E-09  0.2690E+00  0.8927E+01  0.0000E+00
12998.9600 10  1    0.2825    0.8001    0.2825    0.0000   -1.7298   -0.0933    0.0071    0.1919   -5.1625   -0.4021  0.8316E+02  0.7711E+03  0.1071E-15 -0.1593E-13  0.1000E-09  0.5192E-01  0.1000E-09  0.2690E+00  0.8927E+01  0.0000E+00
12999.9600 10  1    0.2825    0.8001    0.2825    0.0000   -1.7298   -0.0933    0.0071    0.1919   -5.1627   -0.4021  0.8316E+02  0.7711E+03  0.1071E-15 -0.1593E-13  0.1000E-09  0.5192E-01  0.1000E-09  0.2690E+00  0.8927E+01  0.0000E+00
13000.9600 10  1    0.2825    0.8001    0.2825    0.0000   -1.7298   -0.0933    0.0071    0.1919   -5.1630   -0.4021  0.8316E+02  0.7711E+03  0.1071E-15 -0.1593E-13  0.1000E-09  0.5192E-01  0.1000E-09  0.2690E+00  0.8927E+01  0.0000E+00
13001.9600 10  1    0.2825    0.8001    0.2825    0.0000   -1.7298   -0.0933    0.0071    0.1919   -5.1632   -0.4020  0.8316E+02  0.7711E+03  0.1071E-15 -0.1593E-13  0.1000E-09  0.5192E-01  0.1000E-09  0.2690E+00  0.8927E+01  0.0000E+00
13002.9600 10  1    0.2825    0.8001    0.2825    0.0000   -1.7298   -0.0933    0.0071    0.1919   -5.1634   -0.4020  0.8316E+02  0.7711E+03  0.1071E-15 -0.1593E-13  0.1000E-09  0.5192E-01  0.1000E-09  0.2690E+00  0.8927E+01  0.0000E+00
13003.9600 10  1    0.2825    0.8001    0.2825    0.0000   -1.7298   -0.0932    0.0071    0.1919   -5.1636   -0.4020  0.8317E+02  0.7711E+03  0.1071E-15 -0.1593E-13  0.1000E-09  0.5192E-01  0.1000E-09  0.2690E+00  0.8927E+01  0.0000E+00
13004.9600 10  1    0.2825    0.8001    0.2825    0.0000   -1.7298   -0.0932    0.0071    0.1919   -5.1638   -0.4020  0.8317E+02  0.7711E+03  0.1071E-15 -0.1593E-13  0.1000E-09  0.5192E-01  0.1000E-09  0.2690E+00  0.8927E+01  0.0000E+00
13005.9600 10  1    0.2825    0.8001    0.2825    0.0000   -1.7298   -0.0932    0.0071    0.1919   -5.1640   -0.4020  0.8317E+02  0.7711E+03  0.1071E-15 -0.1593E-13  0.1000E-09  0.5191E-01  0.1000E-09  0.2690E+00  0.8927E+01  0.0000E+00
13006.9600 10  1    0.2825    0.8001    0.2825    0.0000   -1.7298   -0.0932    0.0071    0.1919   -5.1643   -0.4019  0.8317E+02  0.7711E+03  0.1072E-15 -0.1593E-13  0.1000E-09  0.5191E-01  0.1000E-09  0.2690E+00  0.8927E+01  0.0000E+00
13007.9600 10  1    0.2825    0.8001    0.2825    0.0000   -1.7298   -0.0932    0.0071    0.1919   -5.1645   -0.4019  0.8317E+02  0.7711E+03  0.1072E-15 -0.1593E-13  0.1000E-09  0.5191E-01  0.1000E-09  0.2690E+00  0.8927E+01  0.0000E+00
13008.9600 10  1    0.2825    0.8001    0.2825    0.0000   -1.7298   -0.0932    0.0071    0.1919   -5.1647   -0.4019  0.8317E+02  0.7711E+03  0.1072E-15 -0.1593E-13  0.1000E-09  0.5191E-01  0.1000E-09  0.2690E+00  0.8927E+01  0.0000E+00
13009.9600 10  1    0.2825    0.8001    0.2825    0.0000   -1.7298   -0.0932    0.0071    0.1919   -5.1649   -0.4019  0.8318E+02  0.7711E+03  0.1072E-15 -0.1593E-13  0.1000E-09  0.5191E-01  0.1000E-09  0.2690E+00  0.8927E+01  0.0000E+00
13010.9600 10  1    0.2825    0.8001    0.2825    0.0000   -1.7298   -0.0932    0.0071    0.1919   -5.1651   -0.4019  0.8318E+02  0.7711E+03  0.1072E-15 -0.1593E-13  0.1000E-09  0.5191E-01  0.1000E-09  0.2690E+00  0.8927E+01  0.0000E+00
13011.9600 10  1    0.2825    0.8001    0.2825    0.0000   -1.7298   -0.0932    0.0071    0.1919   -5.1653   -0.4018  0.8318E+02  0.7711E+03  0.1072E-15 -0.1593E-13  0.1000E-09  0.5191E-01  0.1000E-09  0.2690E+00  0.8927E+01  0.0000E+00
13012.9600 10  1    0.2825    0.8001    0.2825    0.0000   -1.7298   -0.0932    0.0071    0.1919   -5.1656   -0.4018  0.8318E+02  0.7711E+03  0.1072E-15 -0.1593E-13  0.1000E-09  0.5191E-01  0.1000E-09  0.2691E+00  0.8927E+01  0.0000E+00
13013.9600 10  1    0.2825    0.8001    0.2825    0.0000   -1.7298   -0.0932    0.0071    0.1919   -5.1658   -0.4018  0.8318E+02  0.7711E+03  0.1072E-15 -0.1593E-13  0.1000E-09  0.5191E-01  0.1000E-09  0.2691E+00  0.8927E+01  0.0000E+00
13014.9600 10  1    0.2825    0.8001    0.2825    0.0000   -1.7298   -0.0932    0.0071    0.1919   -5.1660   -0.4018  0.8318E+02  0.7711E+03  0.1072E-15 -0.1593E-13  0.1000E-09  0.5191E-01  0.1000E-09  0.2691E+00  0.8927E+01  0.0000E+00
13015.9600 10  1    0.2825    0.8001    0.2825    0.0000   -1.7298   -0.0932    0.0071    0.1919   -5.1662   -0.4018  0.8319E+02  0.7711E+03  0.1072E-15 -0.1593E-13  0.1000E-09  0.5191E-01  0.1000E-09  0.2691E+00  0.8927E+01  0.0000E+00
13016.9600 10  1    0.2825    0.8001    0.2825    0.0000   -1.7298   -0.0932    0.0071    0.1919   -5.1664   -0.4018  0.8319E+02  0.7711E+03  0.1072E-15 -0.1593E-13  0.1000E-09  0.5191E-01  0.1000E-09  0.2691E+00  0.8927E+01  0.0000E+00
13017.9600 10  1    0.2825    0.8001    0.2825    0.0000   -1.7298   -0.0932    0.0071    0.1919   -5.1666   -0.4017  0.8319E+02  0.7711E+03  0.1072E-15 -0.1593E-13  0.1000E-09  0.5191E-01  0.1000E-09  0.2691E+00  0.8927E+01  0.0000E+00
13018.9600 10  1    0.2825    0.8001    0.2825    0.0000   -1.7298   -0.0932    0.0071    0.1919   -5.1669   -0.4017  0.8319E+02  0.7711E+03  0.1072E-15 -0.1593E-13  0.1000E-09  0.5191E-01  0.1000E-09  0.2691E+00  0.8927E+01  0.0000E+00
13019.9600 10  1    0.2825    0.8001    0.2825    0.0000   -1.7298   -0.0932    0.0071    0.1919   -5.1671   -0.4017  0.8319E+02  0.7711E+03  0.1072E-15 -0.1593E-13  0.1000E-09  0.5191E-01  0.1000E-09  0.2691E+00  0.8927E+01  0.0000E+00
13020.9600 10  1    0.2825    0.8001    0.2825    0.0000   -1.7298   -0.0932    0.0071    0.1919   -5.1673   -0.4017  0.8319E+02  0.7711E+03  0.1072E-15 -0.1593E-13  0.1000E-09  0.5191E-01  0.1000E-09  0.2691E+00  0.8927E+01  0.0000E+00
13021.9600 10  1    0.2825    0.8001    0.2825    0.0000   -1.7298   -0.0932    0.0071    0.1919   -5.1675   -0.4017  0.8320E+02  0.7711E+03  0.1072E-15 -0.1593E-13  0.1000E-09  0.5191E-01  0.1000E-09  0.2691E+00  0.8926E+01  0.0000E+00
13022.9600 10  1    0.2825    0.8001    0.2825    0.0000   -1.7298   -0.0931    0.0071    0.1920   -5.1677   -0.4016  0.8320E+02  0.7711E+03  0.1072E-15 -0.1593E-13  0.1000E-09  0.5191E-01  0.1000E-09  0.2691E+00  0.8926E+01  0.0000E+00
13023.9600 10  1    0.2825    0.8001    0.2825    0.0000   -1.7298   -0.0931    0.0071    0.1920   -5.1679   -0.4016  0.8320E+02  0.7712E+03  0.1072E-15 -0.1593E-13  0.1000E-09  0.5191E-01  0.1000E-09  0.2691E+00  0.8926E+01  0.0000E+00
13024.9600 10  1    0.2825    0.8001    0.2825    0.0000   -1.7298   -0.0931    0.0071    0.1920   -5.1682   -0.4016  0.8320E+02  0.7712E+03  0.1072E-15 -0.1593E-13  0.1000E-09  0.5191E-01  0.1000E-09  0.2691E+00  0.8926E+01  0.0000E+00
13025.9600 10  1    0.2825    0.8001    0.2825    0.0000   -1.7298   -0.0931    0.0071    0.1920   -5.1684   -0.4016  0.8320E+02  0.7712E+03  0.1072E-15 -0.1593E-13  0.1000E-09  0.5191E-01  0.1000E-09  0.2691E+00  0.8926E+01  0.0000E+00
13026.9600 10  1    0.2825    0.8001    0.2825    0.0000   -1.7298   -0.0931    0.0071    0.1920   -5.1686   -0.4016  0.8321E+02  0.7712E+03  0.1072E-15 -0.1593E-13  0.1000E-09  0.5191E-01  0.1000E-09  0.2691E+00  0.8926E+01  0.0000E+00
13027.9600 10  1    0.2825    0.8001    0.2825    0.0000   -1.7298   -0.0931    0.0071    0.1920   -5.1688   -0.4015  0.8321E+02  0.7712E+03  0.1072E-15 -0.1593E-13  0.1000E-09  0.5191E-01  0.1000E-09  0.2691E+00  0.8926E+01  0.0000E+00
13028.9600 10  1    0.2825    0.8001    0.2825    0.0000   -1.7298   -0.0931    0.0071    0.1920   -5.1690   -0.4015  0.8321E+02  0.7712E+03  0.1072E-15 -0.1593E-13  0.1000E-09  0.5191E-01  0.1000E-09  0.2691E+00  0.8926E+01  0.0000E+00
13029.9600 10  1    0.2825    0.8001    0.2825    0.0000   -1.7298   -0.0931    0.0071    0.1920   -5.1692   -0.4015  0.8321E+02  0.7712E+03  0.1072E-15 -0.1593E-13  0.1000E-09  0.5191E-01  0.1000E-09  0.2692E+00  0.8926E+01  0.0000E+00
13030.9600 10  1    0.2825    0.8001    0.2825    0.0000   -1.7298   -0.0931    0.0071    0.1920   -5.1695   -0.4015  0.8321E+02  0.7712E+03  0.1072E-15 -0.1593E-13  0.1000E-09  0.5191E-01  0.1000E-09  0.2692E+00  0.8926E+01  0.0000E+00
13031.9600 10  1    0.2825    0.8001    0.2825    0.0000   -1.7298   -0.0931    0.0071    0.1920   -5.1697   -0.4015  0.8321E+02  0.7712E+03  0.1072E-15 -0.1593E-13  0.1000E-09  0.5190E-01  0.1000E-09  0.2692E+00  0.8926E+01  0.0000E+00
13032.9600 10  1    0.2825    0.8001    0.2825    0.0000   -1.7298   -0.0931    0.0071    0.1920   -5.1699   -0.4014  0.8322E+02  0.7712E+03  0.1072E-15 -0.1593E-13  0.1000E-09  0.5190E-01  0.1000E-09  0.2692E+00  0.8926E+01  0.0000E+00
13033.9600 10  1    0.2825    0.8001    0.2825    0.0000   -1.7298   -0.0931    0.0071    0.1920   -5.1701   -0.4014  0.8322E+02  0.7712E+03  0.1072E-15 -0.1593E-13  0.1000E-09  0.5190E-01  0.1000E-09  0.2692E+00  0.8926E+01  0.0000E+00
13034.9600 10  1    0.2825    0.8001    0.2825    0.0000   -1.7298   -0.0931    0.0071    0.1920   -5.1703   -0.4014  0.8322E+02  0.7712E+03  0.1072E-15 -0.1593E-13  0.1000E-09  0.5190E-01  0.1000E-09  0.2692E+00  0.8926E+01  0.0000E+00
13035.9600 10  1    0.2825    0.8001    0.2825    0.0000   -1.7298   -0.0931    0.0071    0.1920   -5.1705   -0.4014  0.8322E+02  0.7712E+03  0.1072E-15 -0.1593E-13  0.1000E-09  0.5190E-01  0.1000E-09  0.2692E+00  0.8926E+01  0.0000E+00
13036.9600 10  1    0.2825    0.8001    0.2825    0.0000   -1.7298   -0.0931    0.0071    0.1920   -5.1707   -0.4014  0.8322E+02  0.7712E+03  0.1072E-15 -0.1593E-13  0.1000E-09  0.5190E-01  0.1000E-09  0.2692E+00  0.8926E+01  0.0000E+00
13037.9600 10  1    0.2825    0.8001    0.2825    0.0000   -1.7298   -0.0931    0.0071    0.1920   -5.1710   -0.4013  0.8322E+02  0.7712E+03  0.1072E-15 -0.1593E-13  0.1000E-09  0.5190E-01  0.1000E-09  0.2692E+00  0.8926E+01  0.0000E+00
13038.9600 10  1    0.2825    0.8001    0.2825    0.0000   -1.7298   -0.0931    0.0071    0.1920   -5.1712   -0.4013  0.8323E+02  0.7712E+03  0.1072E-15 -0.1593E-13  0.1000E-09  0.5190E-01  0.1000E-09  0.2692E+00  0.8926E+01  0.0000E+00
13039.9600 10  1    0.2825    0.8001    0.2825    0.0000   -1.7298   -0.0931    0.0071    0.1920   -5.1714   -0.4013  0.8323E+02  0.7712E+03  0.1072E-15 -0.1593E-13  0.1000E-09  0.5190E-01  0.1000E-09  0.2692E+00  0.8926E+01  0.0000E+00
13040.9600 10  1    0.2825    0.8001    0.2825    0.0000   -1.7298   -0.0930    0.0071    0.1920   -5.1716   -0.4013  0.8323E+02  0.7712E+03  0.1072E-15 -0.1593E-13  0.1000E-09  0.5190E-01  0.1000E-09  0.2692E+00  0.8926E+01  0.0000E+00
13041.9600 10  1    0.2825    0.8001    0.2825    0.0000   -1.7298   -0.0930    0.0071    0.1920   -5.1718   -0.4013  0.8323E+02  0.7712E+03  0.1072E-15 -0.1593E-13  0.1000E-09  0.5190E-01  0.1000E-09  0.2692E+00  0.8926E+01  0.0000E+00
13042.9600 10  1    0.2825    0.8001    0.2825    0.0000   -1.7298   -0.0930    0.0071    0.1920   -5.1720   -0.4012  0.8323E+02  0.7712E+03  0.1072E-15 -0.1593E-13  0.1000E-09  0.5190E-01  0.1000E-09  0.2692E+00  0.8926E+01  0.0000E+00
13043.9600 10  1    0.2825    0.8001    0.2825    0.0000   -1.7298   -0.0930    0.0071    0.1920   -5.1723   -0.4012  0.8324E+02  0.7712E+03  0.1072E-15 -0.1593E-13  0.1000E-09  0.5190E-01  0.1000E-09  0.2692E+00  0.8926E+01  0.0000E+00
13044.9600 10  1    0.2825    0.8001    0.2825    0.0000   -1.7298   -0.0930    0.0071    0.1920   -5.1725   -0.4012  0.8324E+02  0.7712E+03  0.1072E-15 -0.1593E-13  0.1000E-09  0.5190E-01  0.1000E-09  0.2692E+00  0.8926E+01  0.0000E+00
13045.9600 10  1    0.2825    0.8001    0.2825    0.0000   -1.7298   -0.0930    0.0071    0.1920   -5.1727   -0.4012  0.8324E+02  0.7712E+03  0.1072E-15 -0.1593E-13  0.1000E-09  0.5190E-01  0.1000E-09  0.2692E+00  0.8926E+01  0.0000E+00
13046.9600 10  1    0.2825    0.8001    0.2825    0.0000   -1.7298   -0.0930    0.0071    0.1920   -5.1729   -0.4012  0.8324E+02  0.7712E+03  0.1072E-15 -0.1593E-13  0.1000E-09  0.5190E-01  0.1000E-09  0.2693E+00  0.8926E+01  0.0000E+00
13047.9600 10  1    0.2825    0.8001    0.2825    0.0000   -1.7298   -0.0930    0.0071    0.1920   -5.1731   -0.4011  0.8324E+02  0.7712E+03  0.1072E-15 -0.1593E-13  0.1000E-09  0.5190E-01  0.1000E-09  0.2693E+00  0.8926E+01  0.0000E+00
13048.9600 10  1    0.2825    0.8001    0.2825    0.0000   -1.7298   -0.0930    0.0071    0.1920   -5.1733   -0.4011  0.8324E+02  0.7712E+03  0.1072E-15 -0.1593E-13  0.1000E-09  0.5190E-01  0.1000E-09  0.2693E+00  0.8926E+01  0.0000E+00
13049.9600 10  1    0.2825    0.8001    0.2825    0.0000   -1.7298   -0.0930    0.0071    0.1920   -5.1736   -0.4011  0.8325E+02  0.7712E+03  0.1072E-15 -0.1593E-13  0.1000E-09  0.5190E-01  0.1000E-09  0.2693E+00  0.8926E+01  0.0000E+00
13050.9600 10  1    0.2825    0.8001    0.2825    0.0000   -1.7298   -0.0930    0.0071    0.1920   -5.1738   -0.4011  0.8325E+02  0.7712E+03  0.1073E-15 -0.1593E-13  0.1000E-09  0.5190E-01  0.1000E-09  0.2693E+00  0.8926E+01  0.0000E+00
13051.9600 10  1    0.2825    0.8001    0.2825    0.0000   -1.7298   -0.0930    0.0071    0.1920   -5.1740   -0.4011  0.8325E+02  0.7712E+03  0.1073E-15 -0.1593E-13  0.1000E-09  0.5190E-01  0.1000E-09  0.2693E+00  0.8926E+01  0.0000E+00
13052.9600 10  1    0.2825    0.8001    0.2825    0.0000   -1.7298   -0.0930    0.0071    0.1920   -5.1742   -0.4010  0.8325E+02  0.7712E+03  0.1073E-15 -0.1593E-13  0.1000E-09  0.5190E-01  0.1000E-09  0.2693E+00  0.8926E+01  0.0000E+00
13053.9600 10  1    0.2825    0.8001    0.2825    0.0000   -1.7298   -0.0930    0.0071    0.1920   -5.1744   -0.4010  0.8325E+02  0.7712E+03  0.1073E-15 -0.1593E-13  0.1000E-09  0.5190E-01  0.1000E-09  0.2693E+00  0.8926E+01  0.0000E+00
13054.9600 10  1    0.2825    0.8001    0.2825    0.0000   -1.7298   -0.0930    0.0071    0.1920   -5.1746   -0.4010  0.8325E+02  0.7712E+03  0.1073E-15 -0.1593E-13  0.1000E-09  0.5190E-01  0.1000E-09  0.2693E+00  0.8926E+01  0.0000E+00
13055.9600 10  1    0.2825    0.8001    0.2825    0.0000   -1.7298   -0.0930    0.0071    0.1920   -5.1748   -0.4010  0.8326E+02  0.7712E+03  0.1073E-15 -0.1593E-13  0.1000E-09  0.5190E-01  0.1000E-09  0.2693E+00  0.8926E+01  0.0000E+00
13056.9600 10  1    0.2825    0.8001    0.2825    0.0000   -1.7298   -0.0930    0.0071    0.1920   -5.1751   -0.4010  0.8326E+02  0.7712E+03  0.1073E-15 -0.1593E-13  0.1000E-09  0.5190E-01  0.1000E-09  0.2693E+00  0.8926E+01  0.0000E+00
13057.9600 10  1    0.2825    0.8001    0.2825    0.0000   -1.7298   -0.0930    0.0071    0.1920   -5.1753   -0.4010  0.8326E+02  0.7712E+03  0.1073E-15 -0.1593E-13  0.1000E-09  0.5189E-01  0.1000E-09  0.2693E+00  0.8926E+01  0.0000E+00
13058.9600 10  1    0.2825    0.8001    0.2825    0.0000   -1.7298   -0.0930    0.0071    0.1920   -5.1755   -0.4009  0.8326E+02  0.7712E+03  0.1073E-15 -0.1593E-13  0.1000E-09  0.5189E-01  0.1000E-09  0.2693E+00  0.8926E+01  0.0000E+00
13059.9600 10  1    0.2825    0.8001    0.2825    0.0000   -1.7298   -0.0929    0.0071    0.1921   -5.1757   -0.4009  0.8326E+02  0.7712E+03  0.1073E-15 -0.1593E-13  0.1000E-09  0.5189E-01  0.1000E-09  0.2693E+00  0.8926E+01  0.0000E+00
13060.9600 10  1    0.2825    0.8001    0.2825    0.0000   -1.7298   -0.0929    0.0071    0.1921   -5.1759   -0.4009  0.8326E+02  0.7712E+03  0.1073E-15 -0.1593E-13  0.1000E-09  0.5189E-01  0.1000E-09  0.2693E+00  0.8926E+01  0.0000E+00
13061.9600 10  1    0.2825    0.8001    0.2825    0.0000   -1.7298   -0.0929    0.0071    0.1921   -5.1761   -0.4009  0.8327E+02  0.7712E+03  0.1073E-15 -0.1593E-13  0.1000E-09  0.5189E-01  0.1000E-09  0.2693E+00  0.8926E+01  0.0000E+00
13062.9600 10  1    0.2825    0.8001    0.2825    0.0000   -1.7298   -0.0929    0.0071    0.1921   -5.1764   -0.4009  0.8327E+02  0.7712E+03  0.1073E-15 -0.1593E-13  0.1000E-09  0.5189E-01  0.1000E-09  0.2693E+00  0.8926E+01  0.0000E+00
13063.9600 10  1    0.2825    0.8001    0.2825    0.0000   -1.7298   -0.0929    0.0071    0.1921   -5.1766   -0.4008  0.8327E+02  0.7712E+03  0.1073E-15 -0.1593E-13  0.1000E-09  0.5189E-01  0.1000E-09  0.2694E+00  0.8926E+01  0.0000E+00
13064.9600 10  1    0.2825    0.8001    0.2825    0.0000   -1.7298   -0.0929    0.0071    0.1921   -5.1768   -0.4008  0.8327E+02  0.7712E+03  0.1073E-15 -0.1593E-13  0.1000E-09  0.5189E-01  0.1000E-09  0.2694E+00  0.8926E+01  0.0000E+00
13065.9600 10  1    0.2825    0.8001    0.2825    0.0000   -1.7298   -0.0929    0.0071    0.1921   -5.1770   -0.4008  0.8327E+02  0.7712E+03  0.1073E-15 -0.1593E-13  0.1000E-09  0.5189E-01  0.1000E-09  0.2694E+00  0.8926E+01  0.0000E+00
13066.9600 10  1    0.2825    0.8001    0.2825    0.0000   -1.7298   -0.0929    0.0071    0.1921   -5.1772   -0.4008  0.8328E+02  0.7712E+03  0.1073E-15 -0.1593E-13  0.1000E-09  0.5189E-01  0.1000E-09  0.2694E+00  0.8926E+01  0.0000E+00
13067.9600 10  1    0.2825    0.8001    0.2825    0.0000   -1.7298   -0.0929    0.0071    0.1921   -5.1774   -0.4008  0.8328E+02  0.7712E+03  0.1073E-15 -0.1593E-13  0.1000E-09  0.5189E-01  0.1000E-09  0.2694E+00  0.8926E+01  0.0000E+00
13068.9600 10  1    0.2825    0.8001    0.2825    0.0000   -1.7298   -0.0929    0.0071    0.1921   -5.1776   -0.4007  0.8328E+02  0.7712E+03  0.1073E-15 -0.1593E-13  0.1000E-09  0.5189E-01  0.1000E-09  0.2694E+00  0.8926E+01  0.0000E+00
13069.9600 10  1    0.2825    0.8001    0.2825    0.0000   -1.7298   -0.0929    0.0071    0.1921   -5.1779   -0.4007  0.8328E+02  0.7712E+03  0.1073E-15 -0.1594E-13  0.1000E-09  0.5189E-01  0.1000E-09  0.2694E+00  0.8926E+01  0.0000E+00
13070.9600 10  1    0.2825    0.8001    0.2825    0.0000   -1.7298   -0.0929    0.0071    0.1921   -5.1781   -0.4007  0.8328E+02  0.7712E+03  0.1073E-15 -0.1594E-13  0.1000E-09  0.5189E-01  0.1000E-09  0.2694E+00  0.8926E+01  0.0000E+00
13071.9600 10  1    0.2825    0.8001    0.2825    0.0000   -1.7298   -0.0929    0.0071    0.1921   -5.1783   -0.4007  0.8328E+02  0.7712E+03  0.1073E-15 -0.1594E-13  0.1000E-09  0.5189E-01  0.1000E-09  0.2694E+00  0.8926E+01  0.0000E+00
13072.9600 10  1    0.2825    0.8001    0.2825    0.0000   -1.7298   -0.0929    0.0071    0.1921   -5.1785   -0.4007  0.8329E+02  0.7712E+03  0.1074E-15 -0.1594E-13  0.1000E-09  0.5189E-01  0.1000E-09  0.2694E+00  0.8926E+01  0.0000E+00
13073.9600 10  1    0.2825    0.8001    0.2825    0.0000   -1.7298   -0.0929    0.0071    0.1921   -5.1787   -0.4006  0.8329E+02  0.7713E+03  0.1074E-15 -0.1595E-13  0.1000E-09  0.5189E-01  0.1000E-09  0.2694E+00  0.8926E+01  0.0000E+00
13074.9600 10  1    0.2825    0.8001    0.2825    0.0000   -1.7298   -0.0929    0.0071    0.1921   -5.1789   -0.4006  0.8329E+02  0.7713E+03  0.1074E-15 -0.1595E-13  0.1000E-09  0.5189E-01  0.1000E-09  0.2694E+00  0.8926E+01  0.0000E+00
13075.9600 10  1    0.2825    0.8001    0.2825    0.0000   -1.7298   -0.0929    0.0071    0.1921   -5.1792   -0.4006  0.8329E+02  0.7713E+03  0.1074E-15 -0.1595E-13  0.1000E-09  0.5189E-01  0.1000E-09  0.2694E+00  0.8926E+01  0.0000E+00
13076.9600 10  1    0.2825    0.8001    0.2825    0.0000   -1.7298   -0.0929    0.0071    0.1921   -5.1794   -0.4006  0.8329E+02  0.7713E+03  0.1074E-15 -0.1595E-13  0.1000E-09  0.5189E-01  0.1000E-09  0.2694E+00  0.8926E+01  0.0000E+00
13077.9600 10  1    0.2825    0.8001    0.2825    0.0000   -1.7298   -0.0928    0.0071    0.1921   -5.1796   -0.4006  0.8329E+02  0.7713E+03  0.1075E-15 -0.1596E-13  0.1000E-09  0.5189E-01  0.1000E-09  0.2694E+00  0.8926E+01  0.0000E+00
13078.9600 10  1    0.2825    0.8001    0.2825    0.0000   -1.7298   -0.0928    0.0071    0.1921   -5.1798   -0.4005  0.8330E+02  0.7713E+03  0.1075E-15 -0.1596E-13  0.1000E-09  0.5189E-01  0.1000E-09  0.2694E+00  0.8926E+01  0.0000E+00
13079.9600 10  1    0.2825    0.8001    0.2825    0.0000   -1.7298   -0.0928    0.0071    0.1921   -5.1800   -0.4005  0.8330E+02  0.7713E+03  0.1075E-15 -0.1596E-13  0.1000E-09  0.5189E-01  0.1000E-09  0.2694E+00  0.8926E+01  0.0000E+00
13080.9600 10  1    0.2825    0.8001    0.2825    0.0000   -1.7298   -0.0928    0.0071    0.1921   -5.1802   -0.4005  0.8330E+02  0.7713E+03  0.1075E-15 -0.1596E-13  0.1000E-09  0.5189E-01  0.1000E-09  0.2694E+00  0.8926E+01  0.0000E+00
13081.9600 10  1    0.2825    0.8001    0.2825    0.0000   -1.7298   -0.0928    0.0071    0.1921   -5.1804   -0.4005  0.8330E+02  0.7713E+03  0.1075E-15 -0.1597E-13  0.1000E-09  0.5189E-01  0.1000E-09  0.2695E+00  0.8926E+01  0.0000E+00
13082.9600 10  1    0.2825    0.8001    0.2825    0.0000   -1.7298   -0.0928    0.0071    0.1921   -5.1807   -0.4005  0.8330E+02  0.7713E+03  0.1076E-15 -0.1597E-13  0.1000E-09  0.5189E-01  0.1000E-09  0.2695E+00  0.8926E+01  0.0000E+00
13083.9600 10  1    0.2825    0.8001    0.2825    0.0000   -1.7298   -0.0928    0.0071    0.1921   -5.1809   -0.4004  0.8330E+02  0.7713E+03  0.1076E-15 -0.1597E-13  0.1000E-09  0.5188E-01  0.1000E-09  0.2695E+00  0.8926E+01  0.0000E+00
13084.9600 10  1    0.2825    0.8001    0.2825    0.0000   -1.7298   -0.0928    0.0071    0.1921   -5.1811   -0.4004  0.8331E+02  0.7713E+03  0.1076E-15 -0.1597E-13  0.1000E-09  0.5188E-01  0.1000E-09  0.2695E+00  0.8926E+01  0.0000E+00
13085.9600 10  1    0.2825    0.8001    0.2825    0.0000   -1.7298   -0.0928    0.0071    0.1921   -5.1813   -0.4004  0.8331E+02  0.7713E+03  0.1076E-15 -0.1598E-13  0.1000E-09  0.5188E-01  0.1000E-09  0.2695E+00  0.8926E+01  0.0000E+00
13086.9600 10  1    0.2825    0.8001    0.2825    0.0000   -1.7298   -0.0928    0.0071    0.1921   -5.1815   -0.4004  0.8331E+02  0.7713E+03  0.1076E-15 -0.1598E-13  0.1000E-09  0.5188E-01  0.1000E-09  0.2695E+00  0.8926E+01  0.0000E+00
13087.9600 10  1    0.2825    0.8001    0.2825    0.0000   -1.7298   -0.0928    0.0071    0.1921   -5.1817   -0.4004  0.8331E+02  0.7713E+03  0.1076E-15 -0.1598E-13  0.1000E-09  0.5188E-01  0.1000E-09  0.2695E+00  0.8926E+01  0.0000E+00
13088.9600 10  1    0.2825    0.8001    0.2825    0.0000   -1.7298   -0.0928    0.0071    0.1921   -5.1820   -0.4003  0.8331E+02  0.7713E+03  0.1077E-15 -0.1598E-13  0.1000E-09  0.5188E-01  0.1000E-09  0.2695E+00  0.8926E+01  0.0000E+00
13089.9600 10  1    0.2825    0.8001    0.2825    0.0000   -1.7298   -0.0928    0.0071    0.1921   -5.1822   -0.4003  0.8332E+02  0.7713E+03  0.1077E-15 -0.1599E-13  0.1000E-09  0.5188E-01  0.1000E-09  0.2695E+00  0.8925E+01  0.0000E+00
13090.9600 10  1    0.2825    0.8001    0.2825    0.0000   -1.7298   -0.0928    0.0071    0.1921   -5.1824   -0.4003  0.8332E+02  0.7713E+03  0.1077E-15 -0.1599E-13  0.1000E-09  0.5188E-01  0.1000E-09  0.2695E+00  0.8925E+01  0.0000E+00
13091.9600 10  1    0.2825    0.8001    0.2825    0.0000   -1.7298   -0.0928    0.0071    0.1921   -5.1826   -0.4003  0.8332E+02  0.7713E+03  0.1077E-15 -0.1599E-13  0.1000E-09  0.5188E-01  0.1000E-09  0.2695E+00  0.8925E+01  0.0000E+00
13092.9600 10  1    0.2825    0.8001    0.2825    0.0000   -1.7298   -0.0928    0.0071    0.1921   -5.1828   -0.4003  0.8332E+02  0.7713E+03  0.1077E-15 -0.1599E-13  0.1000E-09  0.5188E-01  0.1000E-09  0.2695E+00  0.8925E+01  0.0000E+00
13093.9600 10  1    0.2825    0.8001    0.2825    0.0000   -1.7298   -0.0928    0.0071    0.1921   -5.1830   -0.4002  0.8332E+02  0.7713E+03  0.1078E-15 -0.1600E-13  0.1000E-09  0.5188E-01  0.1000E-09  0.2695E+00  0.8925E+01  0.0000E+00
13094.9600 10  1    0.2825    0.8001    0.2825    0.0000   -1.7298   -0.0928    0.0071    0.1921   -5.1832   -0.4002  0.8332E+02  0.7713E+03  0.1078E-15 -0.1600E-13  0.1000E-09  0.5188E-01  0.1000E-09  0.2695E+00  0.8925E+01  0.0000E+00
13095.9600 10  1    0.2825    0.8001    0.2825    0.0000   -1.7298   -0.0928    0.0071    0.1921   -5.1835   -0.4002  0.8333E+02  0.7713E+03  0.1078E-15 -0.1600E-13  0.1000E-09  0.5188E-01  0.1000E-09  0.2695E+00  0.8925E+01  0.0000E+00
13096.9600 10  1    0.2825    0.8001    0.2825    0.0000   -1.7298   -0.0927    0.0071    0.1922   -5.1837   -0.4002  0.8333E+02  0.7713E+03  0.1078E-15 -0.1600E-13  0.1000E-09  0.5188E-01  0.1000E-09  0.2695E+00  0.8925E+01  0.0000E+00
13097.9600 10  1    0.2825    0.8001    0.2825    0.0000   -1.7298   -0.0927    0.0071    0.1922   -5.1839   -0.4002  0.8333E+02  0.7713E+03  0.1078E-15 -0.1601E-13  0.1000E-09  0.5188E-01  0.1000E-09  0.2695E+00  0.8925E+01  0.0000E+00
13098.9600 10  1    0.2825    0.8001    0.2825    0.0000   -1.7298   -0.0927    0.0071    0.1922   -5.1841   -0.4001  0.8333E+02  0.7713E+03  0.1079E-15 -0.1601E-13  0.1000E-09  0.5188E-01  0.1000E-09  0.2696E+00  0.8925E+01  0.0000E+00
13099.9600 10  1    0.2825    0.8001    0.2825    0.0000   -1.7298   -0.0927    0.0071    0.1922   -5.1843   -0.4001  0.8333E+02  0.7713E+03  0.1079E-15 -0.1601E-13  0.1000E-09  0.5188E-01  0.1000E-09  0.2696E+00  0.8925E+01  0.0000E+00
13100.9600 10  1    0.2825    0.8001    0.2825    0.0000   -1.7298   -0.0927    0.0071    0.1922   -5.1845   -0.4001  0.8333E+02  0.7713E+03  0.1079E-15 -0.1601E-13  0.1000E-09  0.5188E-01  0.1000E-09  0.2696E+00  0.8925E+01  0.0000E+00
13101.9600 10  1    0.2825    0.8001    0.2825    0.0000   -1.7298   -0.0927    0.0071    0.1922   -5.1847   -0.4001  0.8334E+02  0.7713E+03  0.1079E-15 -0.1601E-13  0.1000E-09  0.5188E-01  0.1000E-09  0.2696E+00  0.8925E+01  0.0000E+00
13102.9600 10  1    0.2825    0.8001    0.2825    0.0000   -1.7298   -0.0927    0.0071    0.1922   -5.1850   -0.4001  0.8334E+02  0.7713E+03  0.1079E-15 -0.1602E-13  0.1000E-09  0.5188E-01  0.1000E-09  0.2696E+00  0.8925E+01  0.0000E+00
13103.9600 10  1    0.2825    0.8001    0.2825    0.0000   -1.7298   -0.0927    0.0071    0.1922   -5.1852   -0.4001  0.8334E+02  0.7713E+03  0.1079E-15 -0.1602E-13  0.1000E-09  0.5188E-01  0.1000E-09  0.2696E+00  0.8925E+01  0.0000E+00
13104.9600 10  1    0.2825    0.8001    0.2825    0.0000   -1.7298   -0.0927    0.0071    0.1922   -5.1854   -0.4000  0.8334E+02  0.7713E+03  0.1080E-15 -0.1602E-13  0.1000E-09  0.5188E-01  0.1000E-09  0.2696E+00  0.8925E+01  0.0000E+00
13105.9600 10  1    0.2825    0.8001    0.2825    0.0000   -1.7298   -0.0927    0.0071    0.1922   -5.1856   -0.4000  0.8334E+02  0.7713E+03  0.1080E-15 -0.1602E-13  0.1000E-09  0.5188E-01  0.1000E-09  0.2696E+00  0.8925E+01  0.0000E+00
13106.9600 10  1    0.2825    0.8001    0.2825    0.0000   -1.7298   -0.0927    0.0071    0.1922   -5.1858   -0.4000  0.8335E+02  0.7713E+03  0.1080E-15 -0.1603E-13  0.1000E-09  0.5188E-01  0.1000E-09  0.2696E+00  0.8925E+01  0.0000E+00
13107.9600 10  1    0.2825    0.8001    0.2825    0.0000   -1.7298   -0.0927    0.0071    0.1922   -5.1860   -0.4000  0.8335E+02  0.7713E+03  0.1080E-15 -0.1603E-13  0.1000E-09  0.5188E-01  0.1000E-09  0.2696E+00  0.8925E+01  0.0000E+00
13108.9600 10  1    0.2825    0.8001    0.2825    0.0000   -1.7298   -0.0927    0.0071    0.1922   -5.1862   -0.4000  0.8335E+02  0.7713E+03  0.1080E-15 -0.1603E-13  0.1000E-09  0.5188E-01  0.1000E-09  0.2696E+00  0.8925E+01  0.0000E+00
13109.9600 10  1    0.2825    0.8001    0.2825    0.0000   -1.7298   -0.0927    0.0071    0.1922   -5.1865   -0.3999  0.8335E+02  0.7713E+03  0.1081E-15 -0.1603E-13  0.1000E-09  0.5187E-01  0.1000E-09  0.2696E+00  0.8925E+01  0.0000E+00
13110.9600 10  1    0.2825    0.8001    0.2825    0.0000   -1.7298   -0.0927    0.0071    0.1922   -5.1867   -0.3999  0.8335E+02  0.7713E+03  0.1081E-15 -0.1604E-13  0.1000E-09  0.5187E-01  0.1000E-09  0.2696E+00  0.8925E+01  0.0000E+00
13111.9600 10  1    0.2825    0.8001    0.2825    0.0000   -1.7298   -0.0927    0.0071    0.1922   -5.1869   -0.3999  0.8335E+02  0.7713E+03  0.1081E-15 -0.1604E-13  0.1000E-09  0.5187E-01  0.1000E-09  0.2696E+00  0.8925E+01  0.0000E+00
13112.9600 10  1    0.2825    0.8001    0.2825    0.0000   -1.7298   -0.0927    0.0071    0.1922   -5.1871   -0.3999  0.8336E+02  0.7713E+03  0.1081E-15 -0.1604E-13  0.1000E-09  0.5187E-01  0.1000E-09  0.2696E+00  0.8925E+01  0.0000E+00
13113.9600 10  1    0.2825    0.8001    0.2825    0.0000   -1.7298   -0.0927    0.0071    0.1922   -5.1873   -0.3999  0.8336E+02  0.7713E+03  0.1081E-15 -0.1604E-13  0.1000E-09  0.5187E-01  0.1000E-09  0.2696E+00  0.8925E+01  0.0000E+00
13114.9600 10  1    0.2825    0.8001    0.2825    0.0000   -1.7298   -0.0926    0.0071    0.1922   -5.1875   -0.3998  0.8336E+02  0.7713E+03  0.1082E-15 -0.1605E-13  0.1000E-09  0.5187E-01  0.1000E-09  0.2697E+00  0.8925E+01  0.0000E+00
13115.9600 10  1    0.2825    0.8001    0.2825    0.0000   -1.7298   -0.0926    0.0071    0.1922   -5.1877   -0.3998  0.8336E+02  0.7713E+03  0.1082E-15 -0.1605E-13  0.1000E-09  0.5187E-01  0.1000E-09  0.2697E+00  0.8925E+01  0.0000E+00
13116.9600 10  1    0.2825    0.8001    0.2825    0.0000   -1.7298   -0.0926    0.0071    0.1922   -5.1880   -0.3998  0.8336E+02  0.7713E+03  0.1082E-15 -0.1605E-13  0.1000E-09  0.5187E-01  0.1000E-09  0.2697E+00  0.8925E+01  0.0000E+00
13117.9600 10  1    0.2825    0.8001    0.2825    0.0000   -1.7298   -0.0926    0.0071    0.1922   -5.1882   -0.3998  0.8336E+02  0.7713E+03  0.1082E-15 -0.1605E-13  0.1000E-09  0.5187E-01  0.1000E-09  0.2697E+00  0.8925E+01  0.0000E+00
13118.9600 10  1    0.2825    0.8001    0.2825    0.0000   -1.7298   -0.0926    0.0071    0.1922   -5.1884   -0.3998  0.8337E+02  0.7713E+03  0.1082E-15 -0.1605E-13  0.1000E-09  0.5187E-01  0.1000E-09  0.2697E+00  0.8925E+01  0.0000E+00
13119.9600 10  1    0.2825    0.8001    0.2825    0.0000   -1.7298   -0.0926    0.0071    0.1922   -5.1886   -0.3997  0.8337E+02  0.7713E+03  0.1082E-15 -0.1605E-13  0.1000E-09  0.5187E-01  0.1000E-09  0.2697E+00  0.8925E+01  0.0000E+00
13120.9600 10  1    0.2825    0.8001    0.2825    0.0000   -1.7298   -0.0926    0.0071    0.1922   -5.1888   -0.3997  0.8337E+02  0.7713E+03  0.1082E-15 -0.1605E-13  0.1000E-09  0.5187E-01  0.1000E-09  0.2697E+00  0.8925E+01  0.0000E+00
13121.9600 10  1    0.2825    0.8001    0.2825    0.0000   -1.7298   -0.0926    0.0071    0.1922   -5.1890   -0.3997  0.8337E+02  0.7713E+03  0.1082E-15 -0.1605E-13  0.1000E-09  0.5187E-01  0.1000E-09  0.2697E+00  0.8925E+01  0.0000E+00
13122.9600 10  1    0.2825    0.8001    0.2825    0.0000   -1.7298   -0.0926    0.0071    0.1922   -5.1893   -0.3997  0.8337E+02  0.7713E+03  0.1082E-15 -0.1605E-13  0.1000E-09  0.5187E-01  0.1000E-09  0.2697E+00  0.8925E+01  0.0000E+00
13123.9600 10  1    0.2825    0.8001    0.2825    0.0000   -1.7298   -0.0926    0.0071    0.1922   -5.1895   -0.3997  0.8338E+02  0.7714E+03  0.1082E-15 -0.1605E-13  0.1000E-09  0.5187E-01  0.1000E-09  0.2697E+00  0.8925E+01  0.0000E+00
13124.9600 10  1    0.2825    0.8001    0.2825    0.0000   -1.7298   -0.0926    0.0071    0.1922   -5.1897   -0.3996  0.8338E+02  0.7714E+03  0.1082E-15 -0.1605E-13  0.1000E-09  0.5187E-01  0.1000E-09  0.2697E+00  0.8925E+01  0.0000E+00
13125.9600 10  1    0.2825    0.8001    0.2825    0.0000   -1.7298   -0.0926    0.0071    0.1922   -5.1899   -0.3996  0.8338E+02  0.7714E+03  0.1082E-15 -0.1605E-13  0.1000E-09  0.5187E-01  0.1000E-09  0.2697E+00  0.8925E+01  0.0000E+00
13126.9600 10  1    0.2825    0.8001    0.2825    0.0000   -1.7298   -0.0926    0.0071    0.1922   -5.1901   -0.3996  0.8338E+02  0.7714E+03  0.1082E-15 -0.1605E-13  0.1000E-09  0.5187E-01  0.1000E-09  0.2697E+00  0.8925E+01  0.0000E+00
13127.9600 10  1    0.2825    0.8001    0.2825    0.0000   -1.7298   -0.0926    0.0071    0.1922   -5.1903   -0.3996  0.8338E+02  0.7714E+03  0.1082E-15 -0.1605E-13  0.1000E-09  0.5187E-01  0.1000E-09  0.2697E+00  0.8925E+01  0.0000E+00
13128.9600 10  1    0.2825    0.8001    0.2825    0.0000   -1.7298   -0.0926    0.0071    0.1922   -5.1905   -0.3996  0.8338E+02  0.7714E+03  0.1082E-15 -0.1605E-13  0.1000E-09  0.5187E-01  0.1000E-09  0.2697E+00  0.8925E+01  0.0000E+00
13129.9600 10  1    0.2825    0.8001    0.2825    0.0000   -1.7298   -0.0926    0.0071    0.1922   -5.1908   -0.3995  0.8339E+02  0.7714E+03  0.1082E-15 -0.1605E-13  0.1000E-09  0.5187E-01  0.1000E-09  0.2697E+00  0.8925E+01  0.0000E+00
13130.9600 10  1    0.2825    0.8001    0.2825    0.0000   -1.7298   -0.0926    0.0071    0.1922   -5.1910   -0.3995  0.8339E+02  0.7714E+03  0.1082E-15 -0.1605E-13  0.1000E-09  0.5187E-01  0.1000E-09  0.2697E+00  0.8925E+01  0.0000E+00
13131.9600 10  1    0.2825    0.8001    0.2825    0.0000   -1.7298   -0.0926    0.0071    0.1922   -5.1912   -0.3995  0.8339E+02  0.7714E+03  0.1082E-15 -0.1605E-13  0.1000E-09  0.5187E-01  0.1000E-09  0.2698E+00  0.8925E+01  0.0000E+00
13132.9600 10  1    0.2825    0.8001    0.2825    0.0000   -1.7298   -0.0925    0.0071    0.1922   -5.1914   -0.3995  0.8339E+02  0.7714E+03  0.1082E-15 -0.1605E-13  0.1000E-09  0.5187E-01  0.1000E-09  0.2698E+00  0.8925E+01  0.0000E+00
13133.9600 10  1    0.2825    0.8001    0.2825    0.0000   -1.7298   -0.0925    0.0071    0.1923   -5.1916   -0.3995  0.8339E+02  0.7714E+03  0.1082E-15 -0.1605E-13  0.1000E-09  0.5187E-01  0.1000E-09  0.2698E+00  0.8925E+01  0.0000E+00
13134.9600 10  1    0.2825    0.8001    0.2825    0.0000   -1.7298   -0.0925    0.0071    0.1923   -5.1918   -0.3994  0.8339E+02  0.7714E+03  0.1082E-15 -0.1605E-13  0.1000E-09  0.5187E-01  0.1000E-09  0.2698E+00  0.8925E+01  0.0000E+00
13135.9600 10  1    0.2825    0.8001    0.2825    0.0000   -1.7298   -0.0925    0.0071    0.1923   -5.1920   -0.3994  0.8340E+02  0.7714E+03  0.1082E-15 -0.1605E-13  0.1000E-09  0.5186E-01  0.1000E-09  0.2698E+00  0.8925E+01  0.0000E+00
13136.9600 10  1    0.2825    0.8001    0.2825    0.0000   -1.7298   -0.0925    0.0071    0.1923   -5.1923   -0.3994  0.8340E+02  0.7714E+03  0.1082E-15 -0.1605E-13  0.1000E-09  0.5186E-01  0.1000E-09  0.2698E+00  0.8925E+01  0.0000E+00
13137.9600 10  1    0.2825    0.8001    0.2825    0.0000   -1.7298   -0.0925    0.0071    0.1923   -5.1925   -0.3994  0.8340E+02  0.7714E+03  0.1082E-15 -0.1605E-13  0.1000E-09  0.5186E-01  0.1000E-09  0.2698E+00  0.8925E+01  0.0000E+00
13138.9600 10  1    0.2825    0.8001    0.2825    0.0000   -1.7298   -0.0925    0.0071    0.1923   -5.1927   -0.3994  0.8340E+02  0.7714E+03  0.1082E-15 -0.1605E-13  0.1000E-09  0.5186E-01  0.1000E-09  0.2698E+00  0.8925E+01  0.0000E+00
13139.9600 10  1    0.2825    0.8001    0.2825    0.0000   -1.7298   -0.0925    0.0071    0.1923   -5.1929   -0.3993  0.8340E+02  0.7714E+03  0.1082E-15 -0.1605E-13  0.1000E-09  0.5186E-01  0.1000E-09  0.2698E+00  0.8925E+01  0.0000E+00
13140.9600 10  1    0.2825    0.8001    0.2825    0.0000   -1.7298   -0.0925    0.0071    0.1923   -5.1931   -0.3993  0.8341E+02  0.7714E+03  0.1082E-15 -0.1605E-13  0.1000E-09  0.5186E-01  0.1000E-09  0.2698E+00  0.8925E+01  0.0000E+00
13141.9600 10  1    0.2825    0.8001    0.2825    0.0000   -1.7298   -0.0925    0.0071    0.1923   -5.1933   -0.3993  0.8341E+02  0.7714E+03  0.1082E-15 -0.1605E-13  0.1000E-09  0.5186E-01  0.1000E-09  0.2698E+00  0.8925E+01  0.0000E+00
13142.9600 10  1    0.2825    0.8001    0.2825    0.0000   -1.7298   -0.0925    0.0071    0.1923   -5.1935   -0.3993  0.8341E+02  0.7714E+03  0.1082E-15 -0.1605E-13  0.1000E-09  0.5186E-01  0.1000E-09  0.2698E+00  0.8925E+01  0.0000E+00
13143.9600 10  1    0.2825    0.8001    0.2825    0.0000   -1.7298   -0.0925    0.0071    0.1923   -5.1938   -0.3993  0.8341E+02  0.7714E+03  0.1082E-15 -0.1605E-13  0.1000E-09  0.5186E-01  0.1000E-09  0.2698E+00  0.8925E+01  0.0000E+00
13144.9600 10  1    0.2825    0.8001    0.2825    0.0000   -1.7298   -0.0925    0.0071    0.1923   -5.1940   -0.3992  0.8341E+02  0.7714E+03  0.1083E-15 -0.1605E-13  0.1000E-09  0.5186E-01  0.1000E-09  0.2698E+00  0.8925E+01  0.0000E+00
13145.9600 10  1    0.2825    0.8001    0.2825    0.0000   -1.7298   -0.0925    0.0071    0.1923   -5.1942   -0.3992  0.8341E+02  0.7714E+03  0.1083E-15 -0.1605E-13  0.1000E-09  0.5186E-01  0.1000E-09  0.2698E+00  0.8925E+01  0.0000E+00
13146.9600 10  1    0.2825    0.8001    0.2825    0.0000   -1.7298   -0.0925    0.0071    0.1923   -5.1944   -0.3992  0.8342E+02  0.7714E+03  0.1083E-15 -0.1605E-13  0.1000E-09  0.5186E-01  0.1000E-09  0.2698E+00  0.8925E+01  0.0000E+00
13147.9600 10  1    0.2825    0.8001    0.2825    0.0000   -1.7298   -0.0925    0.0071    0.1923   -5.1946   -0.3992  0.8342E+02  0.7714E+03  0.1083E-15 -0.1605E-13  0.1000E-09  0.5186E-01  0.1000E-09  0.2698E+00  0.8925E+01  0.0000E+00
13148.9600 10  1    0.2825    0.8001    0.2825    0.0000   -1.7298   -0.0925    0.0071    0.1923   -5.1948   -0.3992  0.8342E+02  0.7714E+03  0.1083E-15 -0.1605E-13  0.1000E-09  0.5186E-01  0.1000E-09  0.2699E+00  0.8925E+01  0.0000E+00
13149.9600 10  1    0.2825    0.8001    0.2825    0.0000   -1.7298   -0.0925    0.0071    0.1923   -5.1950   -0.3991  0.8342E+02  0.7714E+03  0.1083E-15 -0.1605E-13  0.1000E-09  0.5186E-01  0.1000E-09  0.2699E+00  0.8925E+01  0.0000E+00
13150.9600 10  1    0.2825    0.8001    0.2825    0.0000   -1.7298   -0.0925    0.0071    0.1923   -5.1952   -0.3991  0.8342E+02  0.7714E+03  0.1083E-15 -0.1605E-13  0.1000E-09  0.5186E-01  0.1000E-09  0.2699E+00  0.8925E+01  0.0000E+00
13151.9600 10  1    0.2825    0.8001    0.2825    0.0000   -1.7298   -0.0924    0.0071    0.1923   -5.1955   -0.3991  0.8342E+02  0.7714E+03  0.1083E-15 -0.1605E-13  0.1000E-09  0.5186E-01  0.1000E-09  0.2699E+00  0.8925E+01  0.0000E+00
13152.9600 10  1    0.2825    0.8001    0.2825    0.0000   -1.7298   -0.0924    0.0071    0.1923   -5.1957   -0.3991  0.8343E+02  0.7714E+03  0.1083E-15 -0.1605E-13  0.1000E-09  0.5186E-01  0.1000E-09  0.2699E+00  0.8925E+01  0.0000E+00
13153.9600 10  1    0.2825    0.8001    0.2825    0.0000   -1.7298   -0.0924    0.0071    0.1923   -5.1959   -0.3991  0.8343E+02  0.7714E+03  0.1083E-15 -0.1605E-13  0.1000E-09  0.5186E-01  0.1000E-09  0.2699E+00  0.8925E+01  0.0000E+00
13154.9600 10  1    0.2825    0.8001    0.2825    0.0000   -1.7298   -0.0924    0.0071    0.1923   -5.1961   -0.3990  0.8343E+02  0.7714E+03  0.1083E-15 -0.1605E-13  0.1000E-09  0.5186E-01  0.1000E-09  0.2699E+00  0.8925E+01  0.0000E+00
13155.9600 10  1    0.2825    0.8001    0.2825    0.0000   -1.7298   -0.0924    0.0071    0.1923   -5.1963   -0.3990  0.8343E+02  0.7714E+03  0.1083E-15 -0.1605E-13  0.1000E-09  0.5186E-01  0.1000E-09  0.2699E+00  0.8925E+01  0.0000E+00
13156.9600 10  1    0.2825    0.8001    0.2825    0.0000   -1.7298   -0.0924    0.0071    0.1923   -5.1965   -0.3990  0.8343E+02  0.7714E+03  0.1083E-15 -0.1605E-13  0.1000E-09  0.5186E-01  0.1000E-09  0.2699E+00  0.8925E+01  0.0000E+00
13157.9600 10  1    0.2825    0.8001    0.2825    0.0000   -1.7298   -0.0924    0.0071    0.1923   -5.1967   -0.3990  0.8344E+02  0.7714E+03  0.1083E-15 -0.1605E-13  0.1000E-09  0.5186E-01  0.1000E-09  0.2699E+00  0.8924E+01  0.0000E+00
13158.9600 10  1    0.2825    0.8001    0.2825    0.0000   -1.7298   -0.0924    0.0071    0.1923   -5.1970   -0.3990  0.8344E+02  0.7714E+03  0.1083E-15 -0.1605E-13  0.1000E-09  0.5186E-01  0.1000E-09  0.2699E+00  0.8924E+01  0.0000E+00
13159.9600 10  1    0.2825    0.8001    0.2825    0.0000   -1.7298   -0.0924    0.0071    0.1923   -5.1972   -0.3989  0.8344E+02  0.7714E+03  0.1083E-15 -0.1605E-13  0.1000E-09  0.5186E-01  0.1000E-09  0.2699E+00  0.8924E+01  0.0000E+00
13160.9600 10  1    0.2825    0.8001    0.2825    0.0000   -1.7298   -0.0924    0.0071    0.1923   -5.1974   -0.3989  0.8344E+02  0.7714E+03  0.1083E-15 -0.1605E-13  0.1000E-09  0.5186E-01  0.1000E-09  0.2699E+00  0.8924E+01  0.0000E+00
13161.9600 10  1    0.2825    0.8001    0.2825    0.0000   -1.7298   -0.0924    0.0071    0.1923   -5.1976   -0.3989  0.8344E+02  0.7714E+03  0.1083E-15 -0.1605E-13  0.1000E-09  0.5185E-01  0.1000E-09  0.2699E+00  0.8924E+01  0.0000E+00
13162.9600 10  1    0.2825    0.8001    0.2825    0.0000   -1.7298   -0.0924    0.0071    0.1923   -5.1978   -0.3989  0.8344E+02  0.7714E+03  0.1083E-15 -0.1605E-13  0.1000E-09  0.5185E-01  0.1000E-09  0.2699E+00  0.8924E+01  0.0000E+00
13163.9600 10  1    0.2825    0.8001    0.2825    0.0000   -1.7298   -0.0924    0.0071    0.1923   -5.1980   -0.3989  0.8345E+02  0.7714E+03  0.1083E-15 -0.1605E-13  0.1000E-09  0.5185E-01  0.1000E-09  0.2699E+00  0.8924E+01  0.0000E+00
13164.9600 10  1    0.2825    0.8001    0.2825    0.0000   -1.7298   -0.0924    0.0071    0.1923   -5.1982   -0.3989  0.8345E+02  0.7714E+03  0.1083E-15 -0.1605E-13  0.1000E-09  0.5185E-01  0.1000E-09  0.2699E+00  0.8924E+01  0.0000E+00
13165.9600 10  1    0.2825    0.8001    0.2825    0.0000   -1.7298   -0.0924    0.0071    0.1923   -5.1985   -0.3988  0.8345E+02  0.7714E+03  0.1083E-15 -0.1605E-13  0.1000E-09  0.5185E-01  0.1000E-09  0.2700E+00  0.8924E+01  0.0000E+00
13166.9600 10  1    0.2825    0.8001    0.2825    0.0000   -1.7298   -0.0924    0.0071    0.1923   -5.1987   -0.3988  0.8345E+02  0.7714E+03  0.1083E-15 -0.1605E-13  0.1000E-09  0.5185E-01  0.1000E-09  0.2700E+00  0.8924E+01  0.0000E+00
13167.9600 10  1    0.2825    0.8001    0.2825    0.0000   -1.7298   -0.0924    0.0071    0.1923   -5.1989   -0.3988  0.8345E+02  0.7714E+03  0.1083E-15 -0.1605E-13  0.1000E-09  0.5185E-01  0.1000E-09  0.2700E+00  0.8924E+01  0.0000E+00
13168.9600 10  1    0.2825    0.8001    0.2825    0.0000   -1.7298   -0.0924    0.0071    0.1923   -5.1991   -0.3988  0.8345E+02  0.7714E+03  0.1083E-15 -0.1605E-13  0.1000E-09  0.5185E-01  0.1000E-09  0.2700E+00  0.8924E+01  0.0000E+00
13169.9600 10  1    0.2825    0.8001    0.2825    0.0000   -1.7298   -0.0923    0.0071    0.1924   -5.1993   -0.3988  0.8346E+02  0.7714E+03  0.1083E-15 -0.1605E-13  0.1000E-09  0.5185E-01  0.1000E-09  0.2700E+00  0.8924E+01  0.0000E+00
13170.9600 10  1    0.2825    0.8001    0.2825    0.0000   -1.7298   -0.0923    0.0071    0.1924   -5.1995   -0.3987  0.8346E+02  0.7714E+03  0.1083E-15 -0.1605E-13  0.1000E-09  0.5185E-01  0.1000E-09  0.2700E+00  0.8924E+01  0.0000E+00
13171.9600 10  1    0.2825    0.8001    0.2825    0.0000   -1.7298   -0.0923    0.0071    0.1924   -5.1997   -0.3987  0.8346E+02  0.7714E+03  0.1083E-15 -0.1605E-13  0.1000E-09  0.5185E-01  0.1000E-09  0.2700E+00  0.8924E+01  0.0000E+00
13172.9600 10  1    0.2825    0.8001    0.2825    0.0000   -1.7298   -0.0923    0.0071    0.1924   -5.2000   -0.3987  0.8346E+02  0.7714E+03  0.1083E-15 -0.1605E-13  0.1000E-09  0.5185E-01  0.1000E-09  0.2700E+00  0.8924E+01  0.0000E+00
13173.9600 10  1    0.2825    0.8001    0.2825    0.0000   -1.7298   -0.0923    0.0071    0.1924   -5.2002   -0.3987  0.8346E+02  0.7715E+03  0.1083E-15 -0.1605E-13  0.1000E-09  0.5185E-01  0.1000E-09  0.2700E+00  0.8924E+01  0.0000E+00
13174.9600 10  1    0.2825    0.8001    0.2825    0.0000   -1.7298   -0.0923    0.0071    0.1924   -5.2004   -0.3987  0.8347E+02  0.7715E+03  0.1083E-15 -0.1605E-13  0.1000E-09  0.5185E-01  0.1000E-09  0.2700E+00  0.8924E+01  0.0000E+00
13175.9600 10  1    0.2825    0.8001    0.2825    0.0000   -1.7298   -0.0923    0.0071    0.1924   -5.2006   -0.3986  0.8347E+02  0.7715E+03  0.1083E-15 -0.1605E-13  0.1000E-09  0.5185E-01  0.1000E-09  0.2700E+00  0.8924E+01  0.0000E+00
13176.9600 10  1    0.2825    0.8001    0.2825    0.0000   -1.7298   -0.0923    0.0071    0.1924   -5.2008   -0.3986  0.8347E+02  0.7715E+03  0.1083E-15 -0.1605E-13  0.1000E-09  0.5185E-01  0.1000E-09  0.2700E+00  0.8924E+01  0.0000E+00
13177.9600 10  1    0.2825    0.8001    0.2825    0.0000   -1.7298   -0.0923    0.0071    0.1924   -5.2010   -0.3986  0.8347E+02  0.7715E+03  0.1083E-15 -0.1605E-13  0.1000E-09  0.5185E-01  0.1000E-09  0.2700E+00  0.8924E+01  0.0000E+00
13178.9600 10  1    0.2825    0.8001    0.2825    0.0000   -1.7298   -0.0923    0.0071    0.1924   -5.2012   -0.3986  0.8347E+02  0.7715E+03  0.1083E-15 -0.1605E-13  0.1000E-09  0.5185E-01  0.1000E-09  0.2700E+00  0.8924E+01  0.0000E+00
13179.9600 10  1    0.2825    0.8001    0.2825    0.0000   -1.7298   -0.0923    0.0071    0.1924   -5.2014   -0.3986  0.8347E+02  0.7715E+03  0.1083E-15 -0.1605E-13  0.1000E-09  0.5185E-01  0.1000E-09  0.2700E+00  0.8924E+01  0.0000E+00
13180.9600 10  1    0.2825    0.8001    0.2825    0.0000   -1.7298   -0.0923    0.0071    0.1924   -5.2017   -0.3985  0.8348E+02  0.7715E+03  0.1083E-15 -0.1605E-13  0.1000E-09  0.5185E-01  0.1000E-09  0.2700E+00  0.8924E+01  0.0000E+00
13181.9600 10  1    0.2825    0.8001    0.2825    0.0000   -1.7298   -0.0923    0.0071    0.1924   -5.2019   -0.3985  0.8348E+02  0.7715E+03  0.1083E-15 -0.1605E-13  0.1000E-09  0.5185E-01  0.1000E-09  0.2700E+00  0.8924E+01  0.0000E+00
13182.9600 10  1    0.2825    0.8001    0.2825    0.0000   -1.7298   -0.0923    0.0071    0.1924   -5.2021   -0.3985  0.8348E+02  0.7715E+03  0.1083E-15 -0.1605E-13  0.1000E-09  0.5185E-01  0.1000E-09  0.2701E+00  0.8924E+01  0.0000E+00
13183.9600 10  1    0.2825    0.8001    0.2825    0.0000   -1.7298   -0.0923    0.0071    0.1924   -5.2023   -0.3985  0.8348E+02  0.7715E+03  0.1083E-15 -0.1605E-13  0.1000E-09  0.5185E-01  0.1000E-09  0.2701E+00  0.8924E+01  0.0000E+00
13184.9600 10  1    0.2825    0.8001    0.2825    0.0000   -1.7298   -0.0923    0.0071    0.1924   -5.2025   -0.3985  0.8348E+02  0.7715E+03  0.1083E-15 -0.1605E-13  0.1000E-09  0.5185E-01  0.1000E-09  0.2701E+00  0.8924E+01  0.0000E+00
13185.9600 10  1    0.2825    0.8001    0.2825    0.0000   -1.7298   -0.0923    0.0071    0.1924   -5.2027   -0.3984  0.8348E+02  0.7715E+03  0.1084E-15 -0.1605E-13  0.1000E-09  0.5185E-01  0.1000E-09  0.2701E+00  0.8924E+01  0.0000E+00
13186.9600 10  1    0.2825    0.8001    0.2825    0.0000   -1.7298   -0.0923    0.0071    0.1924   -5.2029   -0.3984  0.8349E+02  0.7715E+03  0.1084E-15 -0.1606E-13  0.1000E-09  0.5185E-01  0.1000E-09  0.2701E+00  0.8924E+01  0.0000E+00
13187.9600 10  1    0.2825    0.8001    0.2825    0.0000   -1.7298   -0.0922    0.0071    0.1924   -5.2032   -0.3984  0.8349E+02  0.7715E+03  0.1084E-15 -0.1606E-13  0.1000E-09  0.5185E-01  0.1000E-09  0.2701E+00  0.8924E+01  0.0000E+00
13188.9600 10  1    0.2825    0.8001    0.2825    0.0000   -1.7298   -0.0922    0.0071    0.1924   -5.2034   -0.3984  0.8349E+02  0.7715E+03  0.1084E-15 -0.1606E-13  0.1000E-09  0.5184E-01  0.1000E-09  0.2701E+00  0.8924E+01  0.0000E+00
13189.9600 10  1    0.2825    0.8001    0.2825    0.0000   -1.7298   -0.0922    0.0071    0.1924   -5.2036   -0.3984  0.8349E+02  0.7715E+03  0.1084E-15 -0.1606E-13  0.1000E-09  0.5184E-01  0.1000E-09  0.2701E+00  0.8924E+01  0.0000E+00
13190.9600 10  1    0.2825    0.8001    0.2825    0.0000   -1.7298   -0.0922    0.0071    0.1924   -5.2038   -0.3983  0.8349E+02  0.7715E+03  0.1084E-15 -0.1606E-13  0.1000E-09  0.5184E-01  0.1000E-09  0.2701E+00  0.8924E+01  0.0000E+00
13191.9600 10  1    0.2825    0.8001    0.2825    0.0000   -1.7298   -0.0922    0.0071    0.1924   -5.2040   -0.3983  0.8350E+02  0.7715E+03  0.1085E-15 -0.1607E-13  0.1000E-09  0.5184E-01  0.1000E-09  0.2701E+00  0.8924E+01  0.0000E+00
13192.9600 10  1    0.2825    0.8001    0.2825    0.0000   -1.7298   -0.0922    0.0071    0.1924   -5.2042   -0.3983  0.8350E+02  0.7715E+03  0.1085E-15 -0.1607E-13  0.1000E-09  0.5184E-01  0.1000E-09  0.2701E+00  0.8924E+01  0.0000E+00
13193.9600 10  1    0.2825    0.8001    0.2825    0.0000   -1.7298   -0.0922    0.0071    0.1924   -5.2044   -0.3983  0.8350E+02  0.7715E+03  0.1085E-15 -0.1607E-13  0.1000E-09  0.5184E-01  0.1000E-09  0.2701E+00  0.8924E+01  0.0000E+00
13194.9600 10  1    0.2825    0.8001    0.2825    0.0000   -1.7298   -0.0922    0.0071    0.1924   -5.2046   -0.3983  0.8350E+02  0.7715E+03  0.1085E-15 -0.1607E-13  0.1000E-09  0.5184E-01  0.1000E-09  0.2701E+00  0.8924E+01  0.0000E+00
13195.9600 10  1    0.2825    0.8001    0.2825    0.0000   -1.7298   -0.0922    0.0071    0.1924   -5.2049   -0.3982  0.8350E+02  0.7715E+03  0.1085E-15 -0.1607E-13  0.1000E-09  0.5184E-01  0.1000E-09  0.2701E+00  0.8924E+01  0.0000E+00
13196.9600 10  1    0.2825    0.8001    0.2825    0.0000   -1.7298   -0.0922    0.0071    0.1924   -5.2051   -0.3982  0.8350E+02  0.7715E+03  0.1085E-15 -0.1608E-13  0.1000E-09  0.5184E-01  0.1000E-09  0.2701E+00  0.8924E+01  0.0000E+00
13197.9600 10  1    0.2825    0.8001    0.2825    0.0000   -1.7298   -0.0922    0.0071    0.1924   -5.2053   -0.3982  0.8351E+02  0.7715E+03  0.1086E-15 -0.1608E-13  0.1000E-09  0.5184E-01  0.1000E-09  0.2701E+00  0.8924E+01  0.0000E+00
13198.9600 10  1    0.2825    0.8001    0.2825    0.0000   -1.7298   -0.0922    0.0071    0.1924   -5.2055   -0.3982  0.8351E+02  0.7715E+03  0.1086E-15 -0.1608E-13  0.1000E-09  0.5184E-01  0.1000E-09  0.2701E+00  0.8924E+01  0.0000E+00
13199.9600 10  1    0.2825    0.8001    0.2825    0.0000   -1.7298   -0.0922    0.0071    0.1924   -5.2057   -0.3982  0.8351E+02  0.7715E+03  0.1086E-15 -0.1608E-13  0.1000E-09  0.5184E-01  0.1000E-09  0.2702E+00  0.8924E+01  0.0000E+00
13200.9600 10  1    0.2825    0.8001    0.2825    0.0000   -1.7298   -0.0922    0.0071    0.1924   -5.2059   -0.3981  0.8351E+02  0.7715E+03  0.1086E-15 -0.1608E-13  0.1000E-09  0.5184E-01  0.1000E-09  0.2702E+00  0.8924E+01  0.0000E+00
13201.9600 10  1    0.2825    0.8001    0.2825    0.0000   -1.7298   -0.0922    0.0071    0.1924   -5.2061   -0.3981  0.8351E+02  0.7715E+03  0.1086E-15 -0.1609E-13  0.1000E-09  0.5184E-01  0.1000E-09  0.2702E+00  0.8924E+01  0.0000E+00
13202.9600 10  1    0.2825    0.8001    0.2825    0.0000   -1.7298   -0.0922    0.0071    0.1924   -5.2064   -0.3981  0.8351E+02  0.7715E+03  0.1086E-15 -0.1609E-13  0.1000E-09  0.5184E-01  0.1000E-09  0.2702E+00  0.8924E+01  0.0000E+00
13203.9600 10  1    0.2825    0.8001    0.2825    0.0000   -1.7298   -0.0922    0.0071    0.1924   -5.2066   -0.3981  0.8352E+02  0.7715E+03  0.1087E-15 -0.1609E-13  0.1000E-09  0.5184E-01  0.1000E-09  0.2702E+00  0.8924E+01  0.0000E+00
13204.9600 10  1    0.2825    0.8001    0.2825    0.0000   -1.7298   -0.0922    0.0071    0.1924   -5.2068   -0.3981  0.8352E+02  0.7715E+03  0.1087E-15 -0.1609E-13  0.1000E-09  0.5184E-01  0.1000E-09  0.2702E+00  0.8924E+01  0.0000E+00
13205.9600 10  1    0.2825    0.8001    0.2825    0.0000   -1.7298   -0.0922    0.0071    0.1924   -5.2070   -0.3980  0.8352E+02  0.7715E+03  0.1087E-15 -0.1609E-13  0.1000E-09  0.5184E-01  0.1000E-09  0.2702E+00  0.8924E+01  0.0000E+00
13206.9600 10  1    0.2825    0.8001    0.2825    0.0000   -1.7298   -0.0921    0.0071    0.1925   -5.2072   -0.3980  0.8352E+02  0.7715E+03  0.1087E-15 -0.1610E-13  0.1000E-09  0.5184E-01  0.1000E-09  0.2702E+00  0.8924E+01  0.0000E+00
13207.9600 10  1    0.2825    0.8001    0.2825    0.0000   -1.7298   -0.0921    0.0071    0.1925   -5.2074   -0.3980  0.8352E+02  0.7715E+03  0.1087E-15 -0.1610E-13  0.1000E-09  0.5184E-01  0.1000E-09  0.2702E+00  0.8924E+01  0.0000E+00
13208.9600 10  1    0.2825    0.8001    0.2825    0.0000   -1.7298   -0.0921    0.0071    0.1925   -5.2076   -0.3980  0.8353E+02  0.7715E+03  0.1087E-15 -0.1610E-13  0.1000E-09  0.5184E-01  0.1000E-09  0.2702E+00  0.8924E+01  0.0000E+00
13209.9600 10  1    0.2825    0.8001    0.2825    0.0000   -1.7298   -0.0921    0.0071    0.1925   -5.2078   -0.3980  0.8353E+02  0.7715E+03  0.1088E-15 -0.1610E-13  0.1000E-09  0.5184E-01  0.1000E-09  0.2702E+00  0.8924E+01  0.0000E+00
13210.9600 10  1    0.2825    0.8001    0.2825    0.0000   -1.7298   -0.0921    0.0071    0.1925   -5.2081   -0.3979  0.8353E+02  0.7715E+03  0.1088E-15 -0.1610E-13  0.1000E-09  0.5184E-01  0.1000E-09  0.2702E+00  0.8924E+01  0.0000E+00
13211.9600 10  1    0.2825    0.8001    0.2825    0.0000   -1.7298   -0.0921    0.0071    0.1925   -5.2083   -0.3979  0.8353E+02  0.7715E+03  0.1088E-15 -0.1611E-13  0.1000E-09  0.5184E-01  0.1000E-09  0.2702E+00  0.8924E+01  0.0000E+00
13212.9600 10  1    0.2825    0.8001    0.2825    0.0000   -1.7298   -0.0921    0.0071    0.1925   -5.2085   -0.3979  0.8353E+02  0.7715E+03  0.1088E-15 -0.1611E-13  0.1000E-09  0.5184E-01  0.1000E-09  0.2702E+00  0.8924E+01  0.0000E+00
13213.9600 10  1    0.2825    0.8001    0.2825    0.0000   -1.7298   -0.0921    0.0071    0.1925   -5.2087   -0.3979  0.8353E+02  0.7715E+03  0.1088E-15 -0.1611E-13  0.1000E-09  0.5184E-01  0.1000E-09  0.2702E+00  0.8924E+01  0.0000E+00
13214.9600 10  1    0.2825    0.8001    0.2825    0.0000   -1.7298   -0.0921    0.0071    0.1925   -5.2089   -0.3979  0.8354E+02  0.7715E+03  0.1088E-15 -0.1611E-13  0.1000E-09  0.5183E-01  0.1000E-09  0.2702E+00  0.8924E+01  0.0000E+00
13215.9600 10  1    0.2825    0.8001    0.2825    0.0000   -1.7298   -0.0921    0.0071    0.1925   -5.2091   -0.3978  0.8354E+02  0.7715E+03  0.1088E-15 -0.1611E-13  0.1000E-09  0.5183E-01  0.1000E-09  0.2702E+00  0.8924E+01  0.0000E+00
13216.9600 10  1    0.2825    0.8001    0.2825    0.0000   -1.7298   -0.0921    0.0071    0.1925   -5.2093   -0.3978  0.8354E+02  0.7715E+03  0.1089E-15 -0.1612E-13  0.1000E-09  0.5183E-01  0.1000E-09  0.2703E+00  0.8924E+01  0.0000E+00
13217.9600 10  1    0.2825    0.8001    0.2825    0.0000   -1.7298   -0.0921    0.0071    0.1925   -5.2096   -0.3978  0.8354E+02  0.7715E+03  0.1089E-15 -0.1612E-13  0.1000E-09  0.5183E-01  0.1000E-09  0.2703E+00  0.8924E+01  0.0000E+00
13218.9600 10  1    0.2825    0.8001    0.2825    0.0000   -1.7298   -0.0921    0.0071    0.1925   -5.2098   -0.3978  0.8354E+02  0.7715E+03  0.1089E-15 -0.1612E-13  0.1000E-09  0.5183E-01  0.1000E-09  0.2703E+00  0.8924E+01  0.0000E+00
13219.9600 10  1    0.2825    0.8001    0.2825    0.0000   -1.7298   -0.0921    0.0071    0.1925   -5.2100   -0.3978  0.8355E+02  0.7715E+03  0.1089E-15 -0.1612E-13  0.1000E-09  0.5183E-01  0.1000E-09  0.2703E+00  0.8924E+01  0.0000E+00
13220.9600 10  1    0.2825    0.8001    0.2825    0.0000   -1.7298   -0.0921    0.0071    0.1925   -5.2102   -0.3977  0.8355E+02  0.7715E+03  0.1089E-15 -0.1612E-13  0.1000E-09  0.5183E-01  0.1000E-09  0.2703E+00  0.8924E+01  0.0000E+00
13221.9600 10  1    0.2825    0.8001    0.2825    0.0000   -1.7298   -0.0921    0.0071    0.1925   -5.2104   -0.3977  0.8355E+02  0.7715E+03  0.1089E-15 -0.1613E-13  0.1000E-09  0.5183E-01  0.1000E-09  0.2703E+00  0.8924E+01  0.0000E+00
13222.9600 10  1    0.2825    0.8001    0.2825    0.0000   -1.7298   -0.0921    0.0071    0.1925   -5.2106   -0.3977  0.8355E+02  0.7715E+03  0.1090E-15 -0.1613E-13  0.1000E-09  0.5183E-01  0.1000E-09  0.2703E+00  0.8924E+01  0.0000E+00
13223.9600 10  1    0.2825    0.8001    0.2825    0.0000   -1.7298   -0.0921    0.0071    0.1925   -5.2108   -0.3977  0.8355E+02  0.7715E+03  0.1090E-15 -0.1613E-13  0.1000E-09  0.5183E-01  0.1000E-09  0.2703E+00  0.8924E+01  0.0000E+00
13224.9600 10  1    0.2825    0.8001    0.2825    0.0000   -1.7298   -0.0920    0.0071    0.1925   -5.2110   -0.3977  0.8355E+02  0.7716E+03  0.1090E-15 -0.1613E-13  0.1000E-09  0.5183E-01  0.1000E-09  0.2703E+00  0.8924E+01  0.0000E+00
13225.9600 10  1    0.2825    0.8001    0.2825    0.0000   -1.7298   -0.0920    0.0071    0.1925   -5.2113   -0.3976  0.8356E+02  0.7716E+03  0.1090E-15 -0.1613E-13  0.1000E-09  0.5183E-01  0.1000E-09  0.2703E+00  0.8923E+01  0.0000E+00
13226.9600 10  1    0.2825    0.8001    0.2825    0.0000   -1.7298   -0.0920    0.0071    0.1925   -5.2115   -0.3976  0.8356E+02  0.7716E+03  0.1090E-15 -0.1614E-13  0.1000E-09  0.5183E-01  0.1000E-09  0.2703E+00  0.8923E+01  0.0000E+00
13227.9600 10  1    0.2825    0.8001    0.2825    0.0000   -1.7298   -0.0920    0.0071    0.1925   -5.2117   -0.3976  0.8356E+02  0.7716E+03  0.1090E-15 -0.1614E-13  0.1000E-09  0.5183E-01  0.1000E-09  0.2703E+00  0.8923E+01  0.0000E+00
13228.9600 10  1    0.2825    0.8001    0.2825    0.0000   -1.7298   -0.0920    0.0071    0.1925   -5.2119   -0.3976  0.8356E+02  0.7716E+03  0.1091E-15 -0.1614E-13  0.1000E-09  0.5183E-01  0.1000E-09  0.2703E+00  0.8923E+01  0.0000E+00
13229.9600 10  1    0.2825    0.8001    0.2825    0.0000   -1.7298   -0.0920    0.0071    0.1925   -5.2121   -0.3976  0.8356E+02  0.7716E+03  0.1091E-15 -0.1614E-13  0.1000E-09  0.5183E-01  0.1000E-09  0.2703E+00  0.8923E+01  0.0000E+00
13230.9600 10  1    0.2825    0.8001    0.2825    0.0000   -1.7298   -0.0920    0.0071    0.1925   -5.2123   -0.3976  0.8356E+02  0.7716E+03  0.1091E-15 -0.1614E-13  0.1000E-09  0.5183E-01  0.1000E-09  0.2703E+00  0.8923E+01  0.0000E+00
13231.9600 10  1    0.2825    0.8001    0.2825    0.0000   -1.7298   -0.0920    0.0071    0.1925   -5.2125   -0.3975  0.8357E+02  0.7716E+03  0.1091E-15 -0.1615E-13  0.1000E-09  0.5183E-01  0.1000E-09  0.2703E+00  0.8923E+01  0.0000E+00
13232.9600 10  1    0.2825    0.8001    0.2825    0.0000   -1.7298   -0.0920    0.0071    0.1925   -5.2127   -0.3975  0.8357E+02  0.7716E+03  0.1091E-15 -0.1615E-13  0.1000E-09  0.5183E-01  0.1000E-09  0.2704E+00  0.8923E+01  0.0000E+00
13233.9600 10  1    0.2825    0.8001    0.2825    0.0000   -1.7298   -0.0920    0.0071    0.1925   -5.2130   -0.3975  0.8357E+02  0.7716E+03  0.1091E-15 -0.1615E-13  0.1000E-09  0.5183E-01  0.1000E-09  0.2704E+00  0.8923E+01  0.0000E+00
13234.9600 10  1    0.2825    0.8001    0.2825    0.0000   -1.7298   -0.0920    0.0071    0.1925   -5.2132   -0.3975  0.8357E+02  0.7716E+03  0.1091E-15 -0.1615E-13  0.1000E-09  0.5183E-01  0.1000E-09  0.2704E+00  0.8923E+01  0.0000E+00
13235.9600 10  1    0.2825    0.8001    0.2825    0.0000   -1.7298   -0.0920    0.0071    0.1925   -5.2134   -0.3975  0.8357E+02  0.7716E+03  0.1091E-15 -0.1615E-13  0.1000E-09  0.5183E-01  0.1000E-09  0.2704E+00  0.8923E+01  0.0000E+00
13236.9600 10  1    0.2825    0.8001    0.2825    0.0000   -1.7298   -0.0920    0.0071    0.1925   -5.2136   -0.3974  0.8358E+02  0.7716E+03  0.1091E-15 -0.1615E-13  0.1000E-09  0.5183E-01  0.1000E-09  0.2704E+00  0.8923E+01  0.0000E+00
13237.9600 10  1    0.2825    0.8001    0.2825    0.0000   -1.7298   -0.0920    0.0071    0.1925   -5.2138   -0.3974  0.8358E+02  0.7716E+03  0.1091E-15 -0.1615E-13  0.1000E-09  0.5183E-01  0.1000E-09  0.2704E+00  0.8923E+01  0.0000E+00
13238.9600 10  1    0.2825    0.8001    0.2825    0.0000   -1.7298   -0.0920    0.0071    0.1925   -5.2140   -0.3974  0.8358E+02  0.7716E+03  0.1091E-15 -0.1615E-13  0.1000E-09  0.5183E-01  0.1000E-09  0.2704E+00  0.8923E+01  0.0000E+00
13239.9600 10  1    0.2825    0.8001    0.2825    0.0000   -1.7298   -0.0920    0.0071    0.1925   -5.2142   -0.3974  0.8358E+02  0.7716E+03  0.1091E-15 -0.1615E-13  0.1000E-09  0.5183E-01  0.1000E-09  0.2704E+00  0.8923E+01  0.0000E+00
13240.9600 10  1    0.2825    0.8001    0.2825    0.0000   -1.7298   -0.0920    0.0071    0.1925   -5.2144   -0.3974  0.8358E+02  0.7716E+03  0.1091E-15 -0.1615E-13  0.1000E-09  0.5182E-01  0.1000E-09  0.2704E+00  0.8923E+01  0.0000E+00
13241.9600 10  1    0.2825    0.8001    0.2825    0.0000   -1.7298   -0.0920    0.0071    0.1925   -5.2147   -0.3973  0.8358E+02  0.7716E+03  0.1091E-15 -0.1615E-13  0.1000E-09  0.5182E-01  0.1000E-09  0.2704E+00  0.8923E+01  0.0000E+00
13242.9600 10  1    0.2825    0.8001    0.2825    0.0000   -1.7298   -0.0919    0.0071    0.1926   -5.2149   -0.3973  0.8359E+02  0.7716E+03  0.1091E-15 -0.1615E-13  0.1000E-09  0.5182E-01  0.1000E-09  0.2704E+00  0.8923E+01  0.0000E+00
13243.9600 10  1    0.2825    0.8001    0.2825    0.0000   -1.7298   -0.0919    0.0071    0.1926   -5.2151   -0.3973  0.8359E+02  0.7716E+03  0.1091E-15 -0.1615E-13  0.1000E-09  0.5182E-01  0.1000E-09  0.2704E+00  0.8923E+01  0.0000E+00
13244.9600 10  1    0.2825    0.8001    0.2825    0.0000   -1.7298   -0.0919    0.0071    0.1926   -5.2153   -0.3973  0.8359E+02  0.7716E+03  0.1091E-15 -0.1615E-13  0.1000E-09  0.5182E-01  0.1000E-09  0.2704E+00  0.8923E+01  0.0000E+00
13245.9600 10  1    0.2825    0.8001    0.2825    0.0000   -1.7298   -0.0919    0.0071    0.1926   -5.2155   -0.3973  0.8359E+02  0.7716E+03  0.1091E-15 -0.1615E-13  0.1000E-09  0.5182E-01  0.1000E-09  0.2704E+00  0.8923E+01  0.0000E+00
13246.9600 10  1    0.2825    0.8001    0.2825    0.0000   -1.7298   -0.0919    0.0071    0.1926   -5.2157   -0.3972  0.8359E+02  0.7716E+03  0.1091E-15 -0.1615E-13  0.1000E-09  0.5182E-01  0.1000E-09  0.2704E+00  0.8923E+01  0.0000E+00
13247.9600 10  1    0.2825    0.8001    0.2825    0.0000   -1.7298   -0.0919    0.0071    0.1926   -5.2159   -0.3972  0.8360E+02  0.7716E+03  0.1091E-15 -0.1615E-13  0.1000E-09  0.5182E-01  0.1000E-09  0.2704E+00  0.8923E+01  0.0000E+00
13248.9600 10  1    0.2825    0.8001    0.2825    0.0000   -1.7298   -0.0919    0.0071    0.1926   -5.2161   -0.3972  0.8360E+02  0.7716E+03  0.1091E-15 -0.1615E-13  0.1000E-09  0.5182E-01  0.1000E-09  0.2704E+00  0.8923E+01  0.0000E+00
13249.9600 10  1    0.2825    0.8001    0.2825    0.0000   -1.7298   -0.0919    0.0071    0.1926   -5.2164   -0.3972  0.8360E+02  0.7716E+03  0.1091E-15 -0.1615E-13  0.1000E-09  0.5182E-01  0.1000E-09  0.2705E+00  0.8923E+01  0.0000E+00
13250.9600 10  1    0.2825    0.8001    0.2825    0.0000   -1.7298   -0.0919    0.0071    0.1926   -5.2166   -0.3972  0.8360E+02  0.7716E+03  0.1092E-15 -0.1615E-13  0.1000E-09  0.5182E-01  0.1000E-09  0.2705E+00  0.8923E+01  0.0000E+00
13251.9600 10  1    0.2825    0.8001    0.2825    0.0000   -1.7298   -0.0919    0.0071    0.1926   -5.2168   -0.3971  0.8360E+02  0.7716E+03  0.1092E-15 -0.1615E-13  0.1000E-09  0.5182E-01  0.1000E-09  0.2705E+00  0.8923E+01  0.0000E+00
13252.9600 10  1    0.2825    0.8001    0.2825    0.0000   -1.7298   -0.0919    0.0071    0.1926   -5.2170   -0.3971  0.8360E+02  0.7716E+03  0.1092E-15 -0.1615E-13  0.1000E-09  0.5182E-01  0.1000E-09  0.2705E+00  0.8923E+01  0.0000E+00
13253.9600 10  1    0.2825    0.8001    0.2825    0.0000   -1.7298   -0.0919    0.0071    0.1926   -5.2172   -0.3971  0.8361E+02  0.7716E+03  0.1092E-15 -0.1615E-13  0.1000E-09  0.5182E-01  0.1000E-09  0.2705E+00  0.8923E+01  0.0000E+00
13254.9600 10  1    0.2825    0.8001    0.2825    0.0000   -1.7298   -0.0919    0.0071    0.1926   -5.2174   -0.3971  0.8361E+02  0.7716E+03  0.1092E-15 -0.1615E-13  0.1000E-09  0.5182E-01  0.1000E-09  0.2705E+00  0.8923E+01  0.0000E+00
13255.9600 10  1    0.2825    0.8001    0.2825    0.0000   -1.7298   -0.0919    0.0071    0.1926   -5.2176   -0.3971  0.8361E+02  0.7716E+03  0.1092E-15 -0.1615E-13  0.1000E-09  0.5182E-01  0.1000E-09  0.2705E+00  0.8923E+01  0.0000E+00
13256.9600 10  1    0.2825    0.8001    0.2825    0.0000   -1.7298   -0.0919    0.0071    0.1926   -5.2178   -0.3970  0.8361E+02  0.7716E+03  0.1092E-15 -0.1615E-13  0.1000E-09  0.5182E-01  0.1000E-09  0.2705E+00  0.8923E+01  0.0000E+00
13257.9600 10  1    0.2825    0.8001    0.2825    0.0000   -1.7298   -0.0919    0.0071    0.1926   -5.2181   -0.3970  0.8361E+02  0.7716E+03  0.1092E-15 -0.1615E-13  0.1000E-09  0.5182E-01  0.1000E-09  0.2705E+00  0.8923E+01  0.0000E+00
13258.9600 10  1    0.2825    0.8001    0.2825    0.0000   -1.7298   -0.0919    0.0071    0.1926   -5.2183   -0.3970  0.8361E+02  0.7716E+03  0.1092E-15 -0.1615E-13  0.1000E-09  0.5182E-01  0.1000E-09  0.2705E+00  0.8923E+01  0.0000E+00
13259.9600 10  1    0.2825    0.8001    0.2825    0.0000   -1.7298   -0.0919    0.0071    0.1926   -5.2185   -0.3970  0.8362E+02  0.7716E+03  0.1092E-15 -0.1615E-13  0.1000E-09  0.5182E-01  0.1000E-09  0.2705E+00  0.8923E+01  0.0000E+00
13260.9600 10  1    0.2825    0.8001    0.2825    0.0000   -1.7298   -0.0918    0.0071    0.1926   -5.2187   -0.3970  0.8362E+02  0.7716E+03  0.1092E-15 -0.1615E-13  0.1000E-09  0.5182E-01  0.1000E-09  0.2705E+00  0.8923E+01  0.0000E+00
13261.9600 10  1    0.2825    0.8001    0.2825    0.0000   -1.7298   -0.0918    0.0071    0.1926   -5.2189   -0.3969  0.8362E+02  0.7716E+03  0.1092E-15 -0.1615E-13  0.1000E-09  0.5182E-01  0.1000E-09  0.2705E+00  0.8923E+01  0.0000E+00
13262.9600 10  1    0.2825    0.8001    0.2825    0.0000   -1.7298   -0.0918    0.0071    0.1926   -5.2191   -0.3969  0.8362E+02  0.7716E+03  0.1092E-15 -0.1615E-13  0.1000E-09  0.5182E-01  0.1000E-09  0.2705E+00  0.8923E+01  0.0000E+00
13263.9600 10  1    0.2825    0.8001    0.2825    0.0000   -1.7298   -0.0918    0.0071    0.1926   -5.2193   -0.3969  0.8362E+02  0.7716E+03  0.1092E-15 -0.1615E-13  0.1000E-09  0.5182E-01  0.1000E-09  0.2705E+00  0.8923E+01  0.0000E+00
13264.9600 10  1    0.2825    0.8001    0.2825    0.0000   -1.7298   -0.0918    0.0071    0.1926   -5.2195   -0.3969  0.8363E+02  0.7716E+03  0.1092E-15 -0.1615E-13  0.1000E-09  0.5182E-01  0.1000E-09  0.2705E+00  0.8923E+01  0.0000E+00
13265.9600 10  1    0.2825    0.8001    0.2825    0.0000   -1.7298   -0.0918    0.0071    0.1926   -5.2198   -0.3969  0.8363E+02  0.7716E+03  0.1092E-15 -0.1615E-13  0.1000E-09  0.5182E-01  0.1000E-09  0.2705E+00  0.8923E+01  0.0000E+00
13266.9600 10  1    0.2825    0.8001    0.2825    0.0000   -1.7298   -0.0918    0.0071    0.1926   -5.2200   -0.3968  0.8363E+02  0.7716E+03  0.1092E-15 -0.1615E-13  0.1000E-09  0.5182E-01  0.1000E-09  0.2706E+00  0.8923E+01  0.0000E+00
13267.9600 10  1    0.2825    0.8001    0.2825    0.0000   -1.7298   -0.0918    0.0071    0.1926   -5.2202   -0.3968  0.8363E+02  0.7716E+03  0.1092E-15 -0.1615E-13  0.1000E-09  0.5181E-01  0.1000E-09  0.2706E+00  0.8923E+01  0.0000E+00
13268.9600 10  1    0.2825    0.8001    0.2825    0.0000   -1.7298   -0.0918    0.0071    0.1926   -5.2204   -0.3968  0.8363E+02  0.7716E+03  0.1092E-15 -0.1615E-13  0.1000E-09  0.5181E-01  0.1000E-09  0.2706E+00  0.8923E+01  0.0000E+00
13269.9600 10  1    0.2825    0.8001    0.2825    0.0000   -1.7298   -0.0918    0.0071    0.1926   -5.2206   -0.3968  0.8363E+02  0.7716E+03  0.1092E-15 -0.1615E-13  0.1000E-09  0.5181E-01  0.1000E-09  0.2706E+00  0.8923E+01  0.0000E+00
13270.9600 10  1    0.2825    0.8001    0.2825    0.0000   -1.7298   -0.0918    0.0071    0.1926   -5.2208   -0.3968  0.8364E+02  0.7716E+03  0.1092E-15 -0.1615E-13  0.1000E-09  0.5181E-01  0.1000E-09  0.2706E+00  0.8923E+01  0.0000E+00
13271.9600 10  1    0.2825    0.8001    0.2825    0.0000   -1.7298   -0.0918    0.0071    0.1926   -5.2210   -0.3967  0.8364E+02  0.7716E+03  0.1092E-15 -0.1615E-13  0.1000E-09  0.5181E-01  0.1000E-09  0.2706E+00  0.8923E+01  0.0000E+00
13272.9600 10  1    0.2825    0.8001    0.2825    0.0000   -1.7298   -0.0918    0.0071    0.1926   -5.2212   -0.3967  0.8364E+02  0.7716E+03  0.1092E-15 -0.1615E-13  0.1000E-09  0.5181E-01  0.1000E-09  0.2706E+00  0.8923E+01  0.0000E+00
13273.9600 10  1    0.2825    0.8001    0.2825    0.0000   -1.7298   -0.0918    0.0071    0.1926   -5.2214   -0.3967  0.8364E+02  0.7717E+03  0.1092E-15 -0.1615E-13  0.1000E-09  0.5181E-01  0.1000E-09  0.2706E+00  0.8923E+01  0.0000E+00
13274.9600 10  1    0.2825    0.8001    0.2825    0.0000   -1.7298   -0.0918    0.0071    0.1926   -5.2217   -0.3967  0.8364E+02  0.7717E+03  0.1092E-15 -0.1615E-13  0.1000E-09  0.5181E-01  0.1000E-09  0.2706E+00  0.8923E+01  0.0000E+00
13275.9600 10  1    0.2825    0.8001    0.2825    0.0000   -1.7298   -0.0918    0.0071    0.1926   -5.2219   -0.3967  0.8365E+02  0.7717E+03  0.1092E-15 -0.1615E-13  0.1000E-09  0.5181E-01  0.1000E-09  0.2706E+00  0.8923E+01  0.0000E+00
13276.9600 10  1    0.2825    0.8001    0.2825    0.0000   -1.7298   -0.0918    0.0071    0.1926   -5.2221   -0.3966  0.8365E+02  0.7717E+03  0.1092E-15 -0.1615E-13  0.1000E-09  0.5181E-01  0.1000E-09  0.2706E+00  0.8923E+01  0.0000E+00
13277.9600 10  1    0.2825    0.8001    0.2825    0.0000   -1.7298   -0.0918    0.0071    0.1926   -5.2223   -0.3966  0.8365E+02  0.7717E+03  0.1092E-15 -0.1615E-13  0.1000E-09  0.5181E-01  0.1000E-09  0.2706E+00  0.8923E+01  0.0000E+00
13278.9600 10  1    0.2825    0.8001    0.2825    0.0000   -1.7298   -0.0917    0.0071    0.1927   -5.2225   -0.3966  0.8365E+02  0.7717E+03  0.1092E-15 -0.1615E-13  0.1000E-09  0.5181E-01  0.1000E-09  0.2706E+00  0.8923E+01  0.0000E+00
13279.9600 10  1    0.2825    0.8001    0.2825    0.0000   -1.7298   -0.0917    0.0071    0.1927   -5.2227   -0.3966  0.8365E+02  0.7717E+03  0.1092E-15 -0.1615E-13  0.1000E-09  0.5181E-01  0.1000E-09  0.2706E+00  0.8923E+01  0.0000E+00
13280.9600 10  1    0.2825    0.8001    0.2825    0.0000   -1.7298   -0.0917    0.0071    0.1927   -5.2229   -0.3966  0.8365E+02  0.7717E+03  0.1092E-15 -0.1615E-13  0.1000E-09  0.5181E-01  0.1000E-09  0.2706E+00  0.8923E+01  0.0000E+00
13281.9600 10  1    0.2825    0.8001    0.2825    0.0000   -1.7298   -0.0917    0.0071    0.1927   -5.2231   -0.3965  0.8366E+02  0.7717E+03  0.1092E-15 -0.1615E-13  0.1000E-09  0.5181E-01  0.1000E-09  0.2706E+00  0.8923E+01  0.0000E+00
13282.9600 10  1    0.2825    0.8001    0.2825    0.0000   -1.7298   -0.0917    0.0071    0.1927   -5.2234   -0.3965  0.8366E+02  0.7717E+03  0.1092E-15 -0.1615E-13  0.1000E-09  0.5181E-01  0.1000E-09  0.2706E+00  0.8923E+01  0.0000E+00
13283.9600 10  1    0.2825    0.8001    0.2825    0.0000   -1.7298   -0.0917    0.0071    0.1927   -5.2236   -0.3965  0.8366E+02  0.7717E+03  0.1092E-15 -0.1615E-13  0.1000E-09  0.5181E-01  0.1000E-09  0.2707E+00  0.8923E+01  0.0000E+00
13284.9600 10  1    0.2825    0.8001    0.2825    0.0000   -1.7298   -0.0917    0.0071    0.1927   -5.2238   -0.3965  0.8366E+02  0.7717E+03  0.1092E-15 -0.1615E-13  0.1000E-09  0.5181E-01  0.1000E-09  0.2707E+00  0.8923E+01  0.0000E+00
13285.9600 10  1    0.2825    0.8001    0.2825    0.0000   -1.7298   -0.0917    0.0071    0.1927   -5.2240   -0.3965  0.8366E+02  0.7717E+03  0.1092E-15 -0.1615E-13  0.1000E-09  0.5181E-01  0.1000E-09  0.2707E+00  0.8923E+01  0.0000E+00
13286.9600 10  1    0.2825    0.8001    0.2825    0.0000   -1.7298   -0.0917    0.0071    0.1927   -5.2242   -0.3964  0.8366E+02  0.7717E+03  0.1092E-15 -0.1615E-13  0.1000E-09  0.5181E-01  0.1000E-09  0.2707E+00  0.8923E+01  0.0000E+00
13287.9600 10  1    0.2825    0.8001    0.2825    0.0000   -1.7298   -0.0917    0.0071    0.1927   -5.2244   -0.3964  0.8367E+02  0.7717E+03  0.1092E-15 -0.1615E-13  0.1000E-09  0.5181E-01  0.1000E-09  0.2707E+00  0.8923E+01  0.0000E+00
13288.9600 10  1    0.2825    0.8001    0.2825    0.0000   -1.7298   -0.0917    0.0071    0.1927   -5.2246   -0.3964  0.8367E+02  0.7717E+03  0.1092E-15 -0.1615E-13  0.1000E-09  0.5181E-01  0.1000E-09  0.2707E+00  0.8923E+01  0.0000E+00
13289.9600 10  1    0.2825    0.8001    0.2825    0.0000   -1.7298   -0.0917    0.0071    0.1927   -5.2248   -0.3964  0.8367E+02  0.7717E+03  0.1092E-15 -0.1615E-13  0.1000E-09  0.5181E-01  0.1000E-09  0.2707E+00  0.8923E+01  0.0000E+00
13290.9600 10  1    0.2825    0.8001    0.2825    0.0000   -1.7298   -0.0917    0.0071    0.1927   -5.2251   -0.3964  0.8367E+02  0.7717E+03  0.1092E-15 -0.1615E-13  0.1000E-09  0.5181E-01  0.1000E-09  0.2707E+00  0.8923E+01  0.0000E+00
13291.9600 10  1    0.2825    0.8001    0.2825    0.0000   -1.7298   -0.0917    0.0071    0.1927   -5.2253   -0.3963  0.8367E+02  0.7717E+03  0.1092E-15 -0.1615E-13  0.1000E-09  0.5181E-01  0.1000E-09  0.2707E+00  0.8923E+01  0.0000E+00
13292.9600 10  1    0.2825    0.8001    0.2825    0.0000   -1.7298   -0.0917    0.0071    0.1927   -5.2255   -0.3963  0.8368E+02  0.7717E+03  0.1092E-15 -0.1615E-13  0.1000E-09  0.5181E-01  0.1000E-09  0.2707E+00  0.8923E+01  0.0000E+00
13293.9600 10  1    0.2825    0.8001    0.2825    0.0000   -1.7298   -0.0917    0.0071    0.1927   -5.2257   -0.3963  0.8368E+02  0.7717E+03  0.1093E-15 -0.1615E-13  0.1000E-09  0.5180E-01  0.1000E-09  0.2707E+00  0.8922E+01  0.0000E+00
13294.9600 10  1    0.2825    0.8001    0.2825    0.0000   -1.7298   -0.0917    0.0071    0.1927   -5.2259   -0.3963  0.8368E+02  0.7717E+03  0.1093E-15 -0.1615E-13  0.1000E-09  0.5180E-01  0.1000E-09  0.2707E+00  0.8922E+01  0.0000E+00
13295.9600 10  1    0.2825    0.8001    0.2825    0.0000   -1.7298   -0.0917    0.0071    0.1927   -5.2261   -0.3963  0.8368E+02  0.7717E+03  0.1093E-15 -0.1615E-13  0.1000E-09  0.5180E-01  0.1000E-09  0.2707E+00  0.8922E+01  0.0000E+00
13296.9600 10  1    0.2825    0.8001    0.2825    0.0000   -1.7298   -0.0916    0.0071    0.1927   -5.2263   -0.3962  0.8368E+02  0.7717E+03  0.1093E-15 -0.1615E-13  0.1000E-09  0.5180E-01  0.1000E-09  0.2707E+00  0.8922E+01  0.0000E+00
13297.9600 10  1    0.2825    0.8001    0.2825    0.0000   -1.7298   -0.0916    0.0071    0.1927   -5.2265   -0.3962  0.8368E+02  0.7717E+03  0.1093E-15 -0.1615E-13  0.1000E-09  0.5180E-01  0.1000E-09  0.2707E+00  0.8922E+01  0.0000E+00
13298.9600 10  1    0.2825    0.8001    0.2825    0.0000   -1.7298   -0.0916    0.0071    0.1927   -5.2267   -0.3962  0.8369E+02  0.7717E+03  0.1093E-15 -0.1615E-13  0.1000E-09  0.5180E-01  0.1000E-09  0.2707E+00  0.8922E+01  0.0000E+00
13299.9600 10  1    0.2825    0.8001    0.2825    0.0000   -1.7298   -0.0916    0.0071    0.1927   -5.2270   -0.3962  0.8369E+02  0.7717E+03  0.1093E-15 -0.1615E-13  0.1000E-09  0.5180E-01  0.1000E-09  0.2708E+00  0.8922E+01  0.0000E+00
13300.9600 10  1    0.2825    0.8001    0.2825    0.0000   -1.7298   -0.0916    0.0071    0.1927   -5.2272   -0.3962  0.8369E+02  0.7717E+03  0.1093E-15 -0.1615E-13  0.1000E-09  0.5180E-01  0.1000E-09  0.2708E+00  0.8922E+01  0.0000E+00
13301.9600 10  1    0.2825    0.8001    0.2825    0.0000   -1.7298   -0.0916    0.0071    0.1927   -5.2274   -0.3961  0.8369E+02  0.7717E+03  0.1093E-15 -0.1615E-13  0.1000E-09  0.5180E-01  0.1000E-09  0.2708E+00  0.8922E+01  0.0000E+00
13302.9600 10  1    0.2825    0.8001    0.2825    0.0000   -1.7298   -0.0916    0.0071    0.1927   -5.2276   -0.3961  0.8369E+02  0.7717E+03  0.1093E-15 -0.1615E-13  0.1000E-09  0.5180E-01  0.1000E-09  0.2708E+00  0.8922E+01  0.0000E+00
13303.9600 10  1    0.2825    0.8001    0.2825    0.0000   -1.7298   -0.0916    0.0071    0.1927   -5.2278   -0.3961  0.8370E+02  0.7717E+03  0.1093E-15 -0.1615E-13  0.1000E-09  0.5180E-01  0.1000E-09  0.2708E+00  0.8922E+01  0.0000E+00
13304.9600 10  1    0.2825    0.8001    0.2825    0.0000   -1.7298   -0.0916    0.0071    0.1927   -5.2280   -0.3961  0.8370E+02  0.7717E+03  0.1093E-15 -0.1616E-13  0.1000E-09  0.5180E-01  0.1000E-09  0.2708E+00  0.8922E+01  0.0000E+00
13305.9600 10  1    0.2825    0.8001    0.2825    0.0000   -1.7298   -0.0916    0.0071    0.1927   -5.2282   -0.3961  0.8370E+02  0.7717E+03  0.1094E-15 -0.1616E-13  0.1000E-09  0.5180E-01  0.1000E-09  0.2708E+00  0.8922E+01  0.0000E+00
13306.9600 10  1    0.2825    0.8001    0.2825    0.0000   -1.7298   -0.0916    0.0071    0.1927   -5.2284   -0.3960  0.8370E+02  0.7717E+03  0.1094E-15 -0.1616E-13  0.1000E-09  0.5180E-01  0.1000E-09  0.2708E+00  0.8922E+01  0.0000E+00
13307.9600 10  1    0.2825    0.8001    0.2825    0.0000   -1.7298   -0.0916    0.0071    0.1927   -5.2286   -0.3960  0.8370E+02  0.7717E+03  0.1094E-15 -0.1616E-13  0.1000E-09  0.5180E-01  0.1000E-09  0.2708E+00  0.8922E+01  0.0000E+00
13308.9600 10  1    0.2825    0.8001    0.2825    0.0000   -1.7298   -0.0916    0.0071    0.1927   -5.2289   -0.3960  0.8370E+02  0.7717E+03  0.1094E-15 -0.1616E-13  0.1000E-09  0.5180E-01  0.1000E-09  0.2708E+00  0.8922E+01  0.0000E+00
13309.9600 10  1    0.2825    0.8001    0.2825    0.0000   -1.7298   -0.0916    0.0071    0.1927   -5.2291   -0.3960  0.8371E+02  0.7717E+03  0.1094E-15 -0.1617E-13  0.1000E-09  0.5180E-01  0.1000E-09  0.2708E+00  0.8922E+01  0.0000E+00
13310.9600 10  1    0.2825    0.8001    0.2825    0.0000   -1.7298   -0.0916    0.0071    0.1927   -5.2293   -0.3960  0.8371E+02  0.7717E+03  0.1094E-15 -0.1617E-13  0.1000E-09  0.5180E-01  0.1000E-09  0.2708E+00  0.8922E+01  0.0000E+00
13311.9600 10  1    0.2825    0.8001    0.2825    0.0000   -1.7298   -0.0916    0.0071    0.1927   -5.2295   -0.3960  0.8371E+02  0.7717E+03  0.1095E-15 -0.1617E-13  0.1000E-09  0.5180E-01  0.1000E-09  0.2708E+00  0.8922E+01  0.0000E+00
13312.9600 10  1    0.2825    0.8001    0.2825    0.0000   -1.7298   -0.0916    0.0071    0.1927   -5.2297   -0.3959  0.8371E+02  0.7717E+03  0.1095E-15 -0.1617E-13  0.1000E-09  0.5180E-01  0.1000E-09  0.2708E+00  0.8922E+01  0.0000E+00
13313.9600 10  1    0.2825    0.8001    0.2825    0.0000   -1.7298   -0.0916    0.0071    0.1927   -5.2299   -0.3959  0.8371E+02  0.7717E+03  0.1095E-15 -0.1617E-13  0.1000E-09  0.5180E-01  0.1000E-09  0.2708E+00  0.8922E+01  0.0000E+00
13314.9600 10  1    0.2825    0.8001    0.2825    0.0000   -1.7298   -0.0916    0.0071    0.1928   -5.2301   -0.3959  0.8372E+02  0.7717E+03  0.1095E-15 -0.1618E-13  0.1000E-09  0.5180E-01  0.1000E-09  0.2708E+00  0.8922E+01  0.0000E+00
13315.9600 10  1    0.2825    0.8001    0.2825    0.0000   -1.7298   -0.0915    0.0071    0.1928   -5.2303   -0.3959  0.8372E+02  0.7717E+03  0.1095E-15 -0.1618E-13  0.1000E-09  0.5180E-01  0.1000E-09  0.2708E+00  0.8922E+01  0.0000E+00
13316.9600 10  1    0.2825    0.8001    0.2825    0.0000   -1.7298   -0.0915    0.0071    0.1928   -5.2306   -0.3959  0.8372E+02  0.7717E+03  0.1095E-15 -0.1618E-13  0.1000E-09  0.5180E-01  0.1000E-09  0.2709E+00  0.8922E+01  0.0000E+00
13317.9600 10  1    0.2825    0.8001    0.2825    0.0000   -1.7298   -0.0915    0.0071    0.1928   -5.2308   -0.3958  0.8372E+02  0.7717E+03  0.1095E-15 -0.1618E-13  0.1000E-09  0.5180E-01  0.1000E-09  0.2709E+00  0.8922E+01  0.0000E+00
13318.9600 10  1    0.2825    0.8001    0.2825    0.0000   -1.7298   -0.0915    0.0071    0.1928   -5.2310   -0.3958  0.8372E+02  0.7717E+03  0.1096E-15 -0.1618E-13  0.1000E-09  0.5180E-01  0.1000E-09  0.2709E+00  0.8922E+01  0.0000E+00
13319.9600 10  1    0.2825    0.8001    0.2825    0.0000   -1.7298   -0.0915    0.0071    0.1928   -5.2312   -0.3958  0.8372E+02  0.7717E+03  0.1096E-15 -0.1619E-13  0.1000E-09  0.5179E-01  0.1000E-09  0.2709E+00  0.8922E+01  0.0000E+00
13320.9600 10  1    0.2825    0.8001    0.2825    0.0000   -1.7298   -0.0915    0.0071    0.1928   -5.2314   -0.3958  0.8373E+02  0.7717E+03  0.1096E-15 -0.1619E-13  0.1000E-09  0.5179E-01  0.1000E-09  0.2709E+00  0.8922E+01  0.0000E+00
13321.9600 10  1    0.2825    0.8001    0.2825    0.0000   -1.7298   -0.0915    0.0071    0.1928   -5.2316   -0.3958  0.8373E+02  0.7717E+03  0.1096E-15 -0.1619E-13  0.1000E-09  0.5179E-01  0.1000E-09  0.2709E+00  0.8922E+01  0.0000E+00
13322.9600 10  1    0.2825    0.8001    0.2825    0.0000   -1.7298   -0.0915    0.0071    0.1928   -5.2318   -0.3957  0.8373E+02  0.7717E+03  0.1096E-15 -0.1619E-13  0.1000E-09  0.5179E-01  0.1000E-09  0.2709E+00  0.8922E+01  0.0000E+00
13323.9600 10  1    0.2825    0.8001    0.2825    0.0000   -1.7298   -0.0915    0.0071    0.1928   -5.2320   -0.3957  0.8373E+02  0.7718E+03  0.1096E-15 -0.1620E-13  0.1000E-09  0.5179E-01  0.1000E-09  0.2709E+00  0.8922E+01  0.0000E+00
13324.9600 10  1    0.2825    0.8001    0.2825    0.0000   -1.7298   -0.0915    0.0071    0.1928   -5.2322   -0.3957  0.8373E+02  0.7718E+03  0.1097E-15 -0.1620E-13  0.1000E-09  0.5179E-01  0.1000E-09  0.2709E+00  0.8922E+01  0.0000E+00
13325.9600 10  1    0.2825    0.8001    0.2825    0.0000   -1.7298   -0.0915    0.0071    0.1928   -5.2325   -0.3957  0.8373E+02  0.7718E+03  0.1097E-15 -0.1620E-13  0.1000E-09  0.5179E-01  0.1000E-09  0.2709E+00  0.8922E+01  0.0000E+00
13326.9600 10  1    0.2825    0.8001    0.2825    0.0000   -1.7298   -0.0915    0.0071    0.1928   -5.2327   -0.3957  0.8374E+02  0.7718E+03  0.1097E-15 -0.1620E-13  0.1000E-09  0.5179E-01  0.1000E-09  0.2709E+00  0.8922E+01  0.0000E+00
13327.9600 10  1    0.2825    0.8001    0.2825    0.0000   -1.7298   -0.0915    0.0071    0.1928   -5.2329   -0.3956  0.8374E+02  0.7718E+03  0.1097E-15 -0.1620E-13  0.1000E-09  0.5179E-01  0.1000E-09  0.2709E+00  0.8922E+01  0.0000E+00
13328.9600 10  1    0.2825    0.8001    0.2825    0.0000   -1.7298   -0.0915    0.0071    0.1928   -5.2331   -0.3956  0.8374E+02  0.7718E+03  0.1097E-15 -0.1621E-13  0.1000E-09  0.5179E-01  0.1000E-09  0.2709E+00  0.8922E+01  0.0000E+00
13329.9600 10  1    0.2825    0.8001    0.2825    0.0000   -1.7298   -0.0915    0.0071    0.1928   -5.2333   -0.3956  0.8374E+02  0.7718E+03  0.1097E-15 -0.1621E-13  0.1000E-09  0.5179E-01  0.1000E-09  0.2709E+00  0.8922E+01  0.0000E+00
13330.9600 10  1    0.2825    0.8001    0.2825    0.0000   -1.7298   -0.0915    0.0071    0.1928   -5.2335   -0.3956  0.8374E+02  0.7718E+03  0.1098E-15 -0.1621E-13  0.1000E-09  0.5179E-01  0.1000E-09  0.2709E+00  0.8922E+01  0.0000E+00
13331.9600 10  1    0.2825    0.8001    0.2825    0.0000   -1.7298   -0.0915    0.0071    0.1928   -5.2337   -0.3956  0.8375E+02  0.7718E+03  0.1098E-15 -0.1621E-13  0.1000E-09  0.5179E-01  0.1000E-09  0.2709E+00  0.8922E+01  0.0000E+00
13332.9600 10  1    0.2825    0.8001    0.2825    0.0000   -1.7298   -0.0915    0.0071    0.1928   -5.2339   -0.3955  0.8375E+02  0.7718E+03  0.1098E-15 -0.1621E-13  0.1000E-09  0.5179E-01  0.1000E-09  0.2710E+00  0.8922E+01  0.0000E+00
13333.9600 10  1    0.2825    0.8001    0.2825    0.0000   -1.7298   -0.0914    0.0071    0.1928   -5.2341   -0.3955  0.8375E+02  0.7718E+03  0.1098E-15 -0.1622E-13  0.1000E-09  0.5179E-01  0.1000E-09  0.2710E+00  0.8922E+01  0.0000E+00
13334.9600 10  1    0.2825    0.8001    0.2825    0.0000   -1.7298   -0.0914    0.0071    0.1928   -5.2344   -0.3955  0.8375E+02  0.7718E+03  0.1098E-15 -0.1622E-13  0.1000E-09  0.5179E-01  0.1000E-09  0.2710E+00  0.8922E+01  0.0000E+00
13335.9600 10  1    0.2825    0.8001    0.2825    0.0000   -1.7298   -0.0914    0.0071    0.1928   -5.2346   -0.3955  0.8375E+02  0.7718E+03  0.1098E-15 -0.1622E-13  0.1000E-09  0.5179E-01  0.1000E-09  0.2710E+00  0.8922E+01  0.0000E+00
13336.9600 10  1    0.2825    0.8001    0.2825    0.0000   -1.7298   -0.0914    0.0071    0.1928   -5.2348   -0.3955  0.8375E+02  0.7718E+03  0.1099E-15 -0.1622E-13  0.1000E-09  0.5179E-01  0.1000E-09  0.2710E+00  0.8922E+01  0.0000E+00
13337.9600 10  1    0.2825    0.8001    0.2825    0.0000   -1.7298   -0.0914    0.0071    0.1928   -5.2350   -0.3954  0.8376E+02  0.7718E+03  0.1099E-15 -0.1622E-13  0.1000E-09  0.5179E-01  0.1000E-09  0.2710E+00  0.8922E+01  0.0000E+00
13338.9600 10  1    0.2825    0.8001    0.2825    0.0000   -1.7298   -0.0914    0.0071    0.1928   -5.2352   -0.3954  0.8376E+02  0.7718E+03  0.1099E-15 -0.1623E-13  0.1000E-09  0.5179E-01  0.1000E-09  0.2710E+00  0.8922E+01  0.0000E+00
13339.9600 10  1    0.2825    0.8001    0.2825    0.0000   -1.7298   -0.0914    0.0071    0.1928   -5.2354   -0.3954  0.8376E+02  0.7718E+03  0.1099E-15 -0.1623E-13  0.1000E-09  0.5179E-01  0.1000E-09  0.2710E+00  0.8922E+01  0.0000E+00
13340.9600 10  1    0.2825    0.8001    0.2825    0.0000   -1.7298   -0.0914    0.0071    0.1928   -5.2356   -0.3954  0.8376E+02  0.7718E+03  0.1099E-15 -0.1623E-13  0.1000E-09  0.5179E-01  0.1000E-09  0.2710E+00  0.8922E+01  0.0000E+00
13341.9600 10  1    0.2825    0.8001    0.2825    0.0000   -1.7298   -0.0914    0.0071    0.1928   -5.2358   -0.3954  0.8376E+02  0.7718E+03  0.1099E-15 -0.1623E-13  0.1000E-09  0.5179E-01  0.1000E-09  0.2710E+00  0.8922E+01  0.0000E+00
13342.9600 10  1    0.2825    0.8001    0.2825    0.0000   -1.7298   -0.0914    0.0071    0.1928   -5.2360   -0.3953  0.8377E+02  0.7718E+03  0.1100E-15 -0.1623E-13  0.1000E-09  0.5179E-01  0.1000E-09  0.2710E+00  0.8922E+01  0.0000E+00
13343.9600 10  1    0.2825    0.8001    0.2825    0.0000   -1.7298   -0.0914    0.0071    0.1928   -5.2362   -0.3953  0.8377E+02  0.7718E+03  0.1100E-15 -0.1624E-13  0.1000E-09  0.5179E-01  0.1000E-09  0.2710E+00  0.8922E+01  0.0000E+00
13344.9600 10  1    0.2825    0.8001    0.2825    0.0000   -1.7298   -0.0914    0.0071    0.1928   -5.2365   -0.3953  0.8377E+02  0.7718E+03  0.1100E-15 -0.1624E-13  0.1000E-09  0.5179E-01  0.1000E-09  0.2710E+00  0.8922E+01  0.0000E+00
13345.9600 10  1    0.2825    0.8001    0.2825    0.0000   -1.7298   -0.0914    0.0071    0.1928   -5.2367   -0.3953  0.8377E+02  0.7718E+03  0.1100E-15 -0.1624E-13  0.1000E-09  0.5179E-01  0.1000E-09  0.2710E+00  0.8922E+01  0.0000E+00
13346.9600 10  1    0.2825    0.8001    0.2825    0.0000   -1.7298   -0.0914    0.0071    0.1928   -5.2369   -0.3953  0.8377E+02  0.7718E+03  0.1100E-15 -0.1624E-13  0.1000E-09  0.5178E-01  0.1000E-09  0.2710E+00  0.8922E+01  0.0000E+00
13347.9600 10  1    0.2825    0.8001    0.2825    0.0000   -1.7298   -0.0914    0.0071    0.1928   -5.2371   -0.3952  0.8377E+02  0.7718E+03  0.1100E-15 -0.1625E-13  0.1000E-09  0.5178E-01  0.1000E-09  0.2710E+00  0.8922E+01  0.0000E+00
13348.9600 10  1    0.2825    0.8001    0.2825    0.0000   -1.7298   -0.0914    0.0071    0.1928   -5.2373   -0.3952  0.8378E+02  0.7718E+03  0.1101E-15 -0.1625E-13  0.1000E-09  0.5178E-01  0.1000E-09  0.2710E+00  0.8922E+01  0.0000E+00
13349.9600 10  1    0.2825    0.8001    0.2825    0.0000   -1.7298   -0.0914    0.0071    0.1928   -5.2375   -0.3952  0.8378E+02  0.7718E+03  0.1101E-15 -0.1625E-13  0.1000E-09  0.5178E-01  0.1000E-09  0.2711E+00  0.8922E+01  0.0000E+00
13350.9600 10  1    0.2825    0.8001    0.2825    0.0000   -1.7298   -0.0914    0.0071    0.1929   -5.2377   -0.3952  0.8378E+02  0.7718E+03  0.1101E-15 -0.1625E-13  0.1000E-09  0.5178E-01  0.1000E-09  0.2711E+00  0.8922E+01  0.0000E+00
13351.9600 10  1    0.2825    0.8001    0.2825    0.0000   -1.7298   -0.0913    0.0071    0.1929   -5.2379   -0.3952  0.8378E+02  0.7718E+03  0.1101E-15 -0.1625E-13  0.1000E-09  0.5178E-01  0.1000E-09  0.2711E+00  0.8922E+01  0.0000E+00
13352.9600 10  1    0.2825    0.8001    0.2825    0.0000   -1.7298   -0.0913    0.0071    0.1929   -5.2381   -0.3951  0.8378E+02  0.7718E+03  0.1101E-15 -0.1625E-13  0.1000E-09  0.5178E-01  0.1000E-09  0.2711E+00  0.8922E+01  0.0000E+00
13353.9600 10  1    0.2825    0.8001    0.2825    0.0000   -1.7298   -0.0913    0.0071    0.1929   -5.2384   -0.3951  0.8379E+02  0.7718E+03  0.1101E-15 -0.1625E-13  0.1000E-09  0.5178E-01  0.1000E-09  0.2711E+00  0.8922E+01  0.0000E+00
13354.9600 10  1    0.2825    0.8001    0.2825    0.0000   -1.7298   -0.0913    0.0071    0.1929   -5.2386   -0.3951  0.8379E+02  0.7718E+03  0.1101E-15 -0.1625E-13  0.1000E-09  0.5178E-01  0.1000E-09  0.2711E+00  0.8922E+01  0.0000E+00
13355.9600 10  1    0.2825    0.8001    0.2825    0.0000   -1.7298   -0.0913    0.0071    0.1929   -5.2388   -0.3951  0.8379E+02  0.7718E+03  0.1101E-15 -0.1625E-13  0.1000E-09  0.5178E-01  0.1000E-09  0.2711E+00  0.8922E+01  0.0000E+00
13356.9600 10  1    0.2825    0.8001    0.2825    0.0000   -1.7298   -0.0913    0.0071    0.1929   -5.2390   -0.3951  0.8379E+02  0.7718E+03  0.1101E-15 -0.1625E-13  0.1000E-09  0.5178E-01  0.1000E-09  0.2711E+00  0.8922E+01  0.0000E+00
13357.9600 10  1    0.2825    0.8001    0.2825    0.0000   -1.7298   -0.0913    0.0071    0.1929   -5.2392   -0.3950  0.8379E+02  0.7718E+03  0.1101E-15 -0.1625E-13  0.1000E-09  0.5178E-01  0.1000E-09  0.2711E+00  0.8922E+01  0.0000E+00
13358.9600 10  1    0.2825    0.8001    0.2825    0.0000   -1.7298   -0.0913    0.0071    0.1929   -5.2394   -0.3950  0.8379E+02  0.7718E+03  0.1101E-15 -0.1625E-13  0.1000E-09  0.5178E-01  0.1000E-09  0.2711E+00  0.8922E+01  0.0000E+00
13359.9600 10  1    0.2825    0.8001    0.2825    0.0000   -1.7298   -0.0913    0.0071    0.1929   -5.2396   -0.3950  0.8380E+02  0.7718E+03  0.1101E-15 -0.1625E-13  0.1000E-09  0.5178E-01  0.1000E-09  0.2711E+00  0.8922E+01  0.0000E+00
13360.9600 10  1    0.2825    0.8001    0.2825    0.0000   -1.7298   -0.0913    0.0071    0.1929   -5.2398   -0.3950  0.8380E+02  0.7718E+03  0.1101E-15 -0.1625E-13  0.1000E-09  0.5178E-01  0.1000E-09  0.2711E+00  0.8921E+01  0.0000E+00
13361.9600 10  1    0.2825    0.8001    0.2825    0.0000   -1.7298   -0.0913    0.0071    0.1929   -5.2400   -0.3950  0.8380E+02  0.7718E+03  0.1101E-15 -0.1625E-13  0.1000E-09  0.5178E-01  0.1000E-09  0.2711E+00  0.8921E+01  0.0000E+00
13362.9600 10  1    0.2825    0.8001    0.2825    0.0000   -1.7298   -0.0913    0.0071    0.1929   -5.2403   -0.3949  0.8380E+02  0.7718E+03  0.1101E-15 -0.1625E-13  0.1000E-09  0.5178E-01  0.1000E-09  0.2711E+00  0.8921E+01  0.0000E+00
13363.9600 10  1    0.2825    0.8001    0.2825    0.0000   -1.7298   -0.0913    0.0071    0.1929   -5.2405   -0.3949  0.8380E+02  0.7718E+03  0.1101E-15 -0.1625E-13  0.1000E-09  0.5178E-01  0.1000E-09  0.2711E+00  0.8921E+01  0.0000E+00
13364.9600 10  1    0.2825    0.8001    0.2825    0.0000   -1.7298   -0.0913    0.0071    0.1929   -5.2407   -0.3949  0.8381E+02  0.7718E+03  0.1101E-15 -0.1625E-13  0.1000E-09  0.5178E-01  0.1000E-09  0.2711E+00  0.8921E+01  0.0000E+00
13365.9600 10  1    0.2825    0.8001    0.2825    0.0000   -1.7298   -0.0913    0.0071    0.1929   -5.2409   -0.3949  0.8381E+02  0.7718E+03  0.1101E-15 -0.1625E-13  0.1000E-09  0.5178E-01  0.1000E-09  0.2711E+00  0.8921E+01  0.0000E+00
13366.9600 10  1    0.2825    0.8001    0.2825    0.0000   -1.7298   -0.0913    0.0071    0.1929   -5.2411   -0.3949  0.8381E+02  0.7718E+03  0.1101E-15 -0.1625E-13  0.1000E-09  0.5178E-01  0.1000E-09  0.2712E+00  0.8921E+01  0.0000E+00
13367.9600 10  1    0.2825    0.8001    0.2825    0.0000   -1.7298   -0.0913    0.0071    0.1929   -5.2413   -0.3948  0.8381E+02  0.7718E+03  0.1101E-15 -0.1625E-13  0.1000E-09  0.5178E-01  0.1000E-09  0.2712E+00  0.8921E+01  0.0000E+00
13368.9600 10  1    0.2825    0.8001    0.2825    0.0000   -1.7298   -0.0913    0.0071    0.1929   -5.2415   -0.3948  0.8381E+02  0.7718E+03  0.1101E-15 -0.1625E-13  0.1000E-09  0.5178E-01  0.1000E-09  0.2712E+00  0.8921E+01  0.0000E+00
13369.9600 10  1    0.2825    0.8001    0.2825    0.0000   -1.7298   -0.0912    0.0071    0.1929   -5.2417   -0.3948  0.8381E+02  0.7718E+03  0.1101E-15 -0.1625E-13  0.1000E-09  0.5178E-01  0.1000E-09  0.2712E+00  0.8921E+01  0.0000E+00
13370.9600 10  1    0.2825    0.8001    0.2825    0.0000   -1.7298   -0.0912    0.0071    0.1929   -5.2419   -0.3948  0.8382E+02  0.7718E+03  0.1101E-15 -0.1625E-13  0.1000E-09  0.5178E-01  0.1000E-09  0.2712E+00  0.8921E+01  0.0000E+00
13371.9600 10  1    0.2825    0.8001    0.2825    0.0000   -1.7298   -0.0912    0.0071    0.1929   -5.2421   -0.3948  0.8382E+02  0.7718E+03  0.1101E-15 -0.1625E-13  0.1000E-09  0.5178E-01  0.1000E-09  0.2712E+00  0.8921E+01  0.0000E+00
13372.9600 10  1    0.2825    0.8001    0.2825    0.0000   -1.7298   -0.0912    0.0071    0.1929   -5.2424   -0.3947  0.8382E+02  0.7718E+03  0.1101E-15 -0.1625E-13  0.1000E-09  0.5177E-01  0.1000E-09  0.2712E+00  0.8921E+01  0.0000E+00
13373.9600 10  1    0.2825    0.8001    0.2825    0.0000   -1.7298   -0.0912    0.0071    0.1929   -5.2426   -0.3947  0.8382E+02  0.7719E+03  0.1101E-15 -0.1625E-13  0.1000E-09  0.5177E-01  0.1000E-09  0.2712E+00  0.8921E+01  0.0000E+00
13374.9600 10  1    0.2825    0.8001    0.2825    0.0000   -1.7298   -0.0912    0.0071    0.1929   -5.2428   -0.3947  0.8382E+02  0.7719E+03  0.1101E-15 -0.1625E-13  0.1000E-09  0.5177E-01  0.1000E-09  0.2712E+00  0.8921E+01  0.0000E+00
13375.9600 10  1    0.2825    0.8001    0.2825    0.0000   -1.7298   -0.0912    0.0071    0.1929   -5.2430   -0.3947  0.8383E+02  0.7719E+03  0.1101E-15 -0.1625E-13  0.1000E-09  0.5177E-01  0.1000E-09  0.2712E+00  0.8921E+01  0.0000E+00
13376.9600 10  1    0.2825    0.8001    0.2825    0.0000   -1.7298   -0.0912    0.0071    0.1929   -5.2432   -0.3947  0.8383E+02  0.7719E+03  0.1101E-15 -0.1625E-13  0.1000E-09  0.5177E-01  0.1000E-09  0.2712E+00  0.8921E+01  0.0000E+00
13377.9600 10  1    0.2825    0.8001    0.2825    0.0000   -1.7298   -0.0912    0.0071    0.1929   -5.2434   -0.3946  0.8383E+02  0.7719E+03  0.1101E-15 -0.1625E-13  0.1000E-09  0.5177E-01  0.1000E-09  0.2712E+00  0.8921E+01  0.0000E+00
13378.9600 10  1    0.2825    0.8001    0.2825    0.0000   -1.7298   -0.0912    0.0071    0.1929   -5.2436   -0.3946  0.8383E+02  0.7719E+03  0.1101E-15 -0.1625E-13  0.1000E-09  0.5177E-01  0.1000E-09  0.2712E+00  0.8921E+01  0.0000E+00
13379.9600 10  1    0.2825    0.8001    0.2825    0.0000   -1.7298   -0.0912    0.0071    0.1929   -5.2438   -0.3946  0.8383E+02  0.7719E+03  0.1101E-15 -0.1625E-13  0.1000E-09  0.5177E-01  0.1000E-09  0.2712E+00  0.8921E+01  0.0000E+00
13380.9600 10  1    0.2825    0.8001    0.2825    0.0000   -1.7298   -0.0912    0.0071    0.1929   -5.2440   -0.3946  0.8383E+02  0.7719E+03  0.1101E-15 -0.1625E-13  0.1000E-09  0.5177E-01  0.1000E-09  0.2712E+00  0.8921E+01  0.0000E+00
13381.9600 10  1    0.2825    0.8001    0.2825    0.0000   -1.7298   -0.0912    0.0071    0.1929   -5.2443   -0.3946  0.8384E+02  0.7719E+03  0.1101E-15 -0.1625E-13  0.1000E-09  0.5177E-01  0.1000E-09  0.2712E+00  0.8921E+01  0.0000E+00
13382.9600 10  1    0.2825    0.8001    0.2825    0.0000   -1.7298   -0.0912    0.0071    0.1929   -5.2445   -0.3945  0.8384E+02  0.7719E+03  0.1101E-15 -0.1625E-13  0.1000E-09  0.5177E-01  0.1000E-09  0.2713E+00  0.8921E+01  0.0000E+00
13383.9600 10  1    0.2825    0.8001    0.2825    0.0000   -1.7298   -0.0912    0.0071    0.1929   -5.2447   -0.3945  0.8384E+02  0.7719E+03  0.1101E-15 -0.1625E-13  0.1000E-09  0.5177E-01  0.1000E-09  0.2713E+00  0.8921E+01  0.0000E+00
13384.9600 10  1    0.2825    0.8001    0.2825    0.0000   -1.7298   -0.0912    0.0071    0.1929   -5.2449   -0.3945  0.8384E+02  0.7719E+03  0.1101E-15 -0.1625E-13  0.1000E-09  0.5177E-01  0.1000E-09  0.2713E+00  0.8921E+01  0.0000E+00
13385.9600 10  1    0.2825    0.8001    0.2825    0.0000   -1.7298   -0.0912    0.0071    0.1929   -5.2451   -0.3945  0.8384E+02  0.7719E+03  0.1101E-15 -0.1625E-13  0.1000E-09  0.5177E-01  0.1000E-09  0.2713E+00  0.8921E+01  0.0000E+00
13386.9600 10  1    0.2825    0.8001    0.2825    0.0000   -1.7298   -0.0911    0.0071    0.1930   -5.2453   -0.3945  0.8384E+02  0.7719E+03  0.1101E-15 -0.1625E-13  0.1000E-09  0.5177E-01  0.1000E-09  0.2713E+00  0.8921E+01  0.0000E+00
13387.9600 10  1    0.2825    0.8001    0.2825    0.0000   -1.7298   -0.0911    0.0071    0.1930   -5.2455   -0.3944  0.8385E+02  0.7719E+03  0.1101E-15 -0.1625E-13  0.1000E-09  0.5177E-01  0.1000E-09  0.2713E+00  0.8921E+01  0.0000E+00
13388.9600 10  1    0.2825    0.8001    0.2825    0.0000   -1.7298   -0.0911    0.0071    0.1930   -5.2457   -0.3944  0.8385E+02  0.7719E+03  0.1102E-15 -0.1625E-13  0.1000E-09  0.5177E-01  0.1000E-09  0.2713E+00  0.8921E+01  0.0000E+00
13389.9600 10  1    0.2825    0.8001    0.2825    0.0000   -1.7298   -0.0911    0.0071    0.1930   -5.2459   -0.3944  0.8385E+02  0.7719E+03  0.1102E-15 -0.1625E-13  0.1000E-09  0.5177E-01  0.1000E-09  0.2713E+00  0.8921E+01  0.0000E+00
13390.9600 10  1    0.2825    0.8001    0.2825    0.0000   -1.7298   -0.0911    0.0071    0.1930   -5.2461   -0.3944  0.8385E+02  0.7719E+03  0.1102E-15 -0.1625E-13  0.1000E-09  0.5177E-01  0.1000E-09  0.2713E+00  0.8921E+01  0.0000E+00
13391.9600 10  1    0.2825    0.8001    0.2825    0.0000   -1.7298   -0.0911    0.0071    0.1930   -5.2464   -0.3944  0.8385E+02  0.7719E+03  0.1102E-15 -0.1625E-13  0.1000E-09  0.5177E-01  0.1000E-09  0.2713E+00  0.8921E+01  0.0000E+00
13392.9600 10  1    0.2825    0.8001    0.2825    0.0000   -1.7298   -0.0911    0.0071    0.1930   -5.2466   -0.3943  0.8386E+02  0.7719E+03  0.1102E-15 -0.1625E-13  0.1000E-09  0.5177E-01  0.1000E-09  0.2713E+00  0.8921E+01  0.0000E+00
13393.9600 10  1    0.2825    0.8001    0.2825    0.0000   -1.7298   -0.0911    0.0071    0.1930   -5.2468   -0.3943  0.8386E+02  0.7719E+03  0.1102E-15 -0.1625E-13  0.1000E-09  0.5177E-01  0.1000E-09  0.2713E+00  0.8921E+01  0.0000E+00
13394.9600 10  1    0.2825    0.8001    0.2825    0.0000   -1.7298   -0.0911    0.0071    0.1930   -5.2470   -0.3943  0.8386E+02  0.7719E+03  0.1102E-15 -0.1625E-13  0.1000E-09  0.5177E-01  0.1000E-09  0.2713E+00  0.8921E+01  0.0000E+00
13395.9600 10  1    0.2825    0.8001    0.2825    0.0000   -1.7298   -0.0911    0.0071    0.1930   -5.2472   -0.3943  0.8386E+02  0.7719E+03  0.1102E-15 -0.1625E-13  0.1000E-09  0.5177E-01  0.1000E-09  0.2713E+00  0.8921E+01  0.0000E+00
13396.9600 10  1    0.2825    0.8001    0.2825    0.0000   -1.7298   -0.0911    0.0071    0.1930   -5.2474   -0.3943  0.8386E+02  0.7719E+03  0.1102E-15 -0.1625E-13  0.1000E-09  0.5177E-01  0.1000E-09  0.2713E+00  0.8921E+01  0.0000E+00
13397.9600 10  1    0.2825    0.8001    0.2825    0.0000   -1.7298   -0.0911    0.0071    0.1930   -5.2476   -0.3942  0.8386E+02  0.7719E+03  0.1102E-15 -0.1625E-13  0.1000E-09  0.5177E-01  0.1000E-09  0.2713E+00  0.8921E+01  0.0000E+00
13398.9600 10  1    0.2825    0.8001    0.2825    0.0000   -1.7298   -0.0911    0.0071    0.1930   -5.2478   -0.3942  0.8387E+02  0.7719E+03  0.1102E-15 -0.1625E-13  0.1000E-09  0.5177E-01  0.1000E-09  0.2713E+00  0.8921E+01  0.0000E+00
13399.9600 10  1    0.2825    0.8001    0.2825    0.0000   -1.7298   -0.0911    0.0071    0.1930   -5.2480   -0.3942  0.8387E+02  0.7719E+03  0.1102E-15 -0.1625E-13  0.1000E-09  0.5176E-01  0.1000E-09  0.2714E+00  0.8921E+01  0.0000E+00
13400.9600 10  1    0.2825    0.8001    0.2825    0.0000   -1.7298   -0.0911    0.0071    0.1930   -5.2482   -0.3942  0.8387E+02  0.7719E+03  0.1102E-15 -0.1625E-13  0.1000E-09  0.5176E-01  0.1000E-09  0.2714E+00  0.8921E+01  0.0000E+00
13401.9600 10  1    0.2825    0.8001    0.2825    0.0000   -1.7298   -0.0911    0.0071    0.1930   -5.2485   -0.3942  0.8387E+02  0.7719E+03  0.1102E-15 -0.1625E-13  0.1000E-09  0.5176E-01  0.1000E-09  0.2714E+00  0.8921E+01  0.0000E+00
13402.9600 10  1    0.2825    0.8001    0.2825    0.0000   -1.7298   -0.0911    0.0071    0.1930   -5.2487   -0.3941  0.8387E+02  0.7719E+03  0.1102E-15 -0.1625E-13  0.1000E-09  0.5176E-01  0.1000E-09  0.2714E+00  0.8921E+01  0.0000E+00
13403.9600 10  1    0.2825    0.8001    0.2825    0.0000   -1.7298   -0.0911    0.0071    0.1930   -5.2489   -0.3941  0.8388E+02  0.7719E+03  0.1102E-15 -0.1625E-13  0.1000E-09  0.5176E-01  0.1000E-09  0.2714E+00  0.8921E+01  0.0000E+00
13404.9600 10  1    0.2825    0.8001    0.2825    0.0000   -1.7298   -0.0910    0.0071    0.1930   -5.2491   -0.3941  0.8388E+02  0.7719E+03  0.1102E-15 -0.1625E-13  0.1000E-09  0.5176E-01  0.1000E-09  0.2714E+00  0.8921E+01  0.0000E+00
13405.9600 10  1    0.2825    0.8001    0.2825    0.0000   -1.7298   -0.0910    0.0071    0.1930   -5.2493   -0.3941  0.8388E+02  0.7719E+03  0.1102E-15 -0.1625E-13  0.1000E-09  0.5176E-01  0.1000E-09  0.2714E+00  0.8921E+01  0.0000E+00
13406.9600 10  1    0.2825    0.8001    0.2825    0.0000   -1.7298   -0.0910    0.0071    0.1930   -5.2495   -0.3941  0.8388E+02  0.7719E+03  0.1102E-15 -0.1625E-13  0.1000E-09  0.5176E-01  0.1000E-09  0.2714E+00  0.8921E+01  0.0000E+00
13407.9600 10  1    0.2825    0.8001    0.2825    0.0000   -1.7298   -0.0910    0.0071    0.1930   -5.2497   -0.3940  0.8388E+02  0.7719E+03  0.1102E-15 -0.1625E-13  0.1000E-09  0.5176E-01  0.1000E-09  0.2714E+00  0.8921E+01  0.0000E+00
13408.9600 10  1    0.2825    0.8001    0.2825    0.0000   -1.7298   -0.0910    0.0071    0.1930   -5.2499   -0.3940  0.8388E+02  0.7719E+03  0.1102E-15 -0.1625E-13  0.1000E-09  0.5176E-01  0.1000E-09  0.2714E+00  0.8921E+01  0.0000E+00
13409.9600 10  1    0.2825    0.8001    0.2825    0.0000   -1.7298   -0.0910    0.0071    0.1930   -5.2501   -0.3940  0.8389E+02  0.7719E+03  0.1102E-15 -0.1625E-13  0.1000E-09  0.5176E-01  0.1000E-09  0.2714E+00  0.8921E+01  0.0000E+00
13410.9600 10  1    0.2825    0.8001    0.2825    0.0000   -1.7298   -0.0910    0.0071    0.1930   -5.2503   -0.3940  0.8389E+02  0.7719E+03  0.1102E-15 -0.1625E-13  0.1000E-09  0.5176E-01  0.1000E-09  0.2714E+00  0.8921E+01  0.0000E+00
13411.9600 10  1    0.2825    0.8001    0.2825    0.0000   -1.7298   -0.0910    0.0071    0.1930   -5.2506   -0.3940  0.8389E+02  0.7719E+03  0.1102E-15 -0.1625E-13  0.1000E-09  0.5176E-01  0.1000E-09  0.2714E+00  0.8921E+01  0.0000E+00
13412.9600 10  1    0.2825    0.8001    0.2825    0.0000   -1.7298   -0.0910    0.0071    0.1930   -5.2508   -0.3939  0.8389E+02  0.7719E+03  0.1102E-15 -0.1625E-13  0.1000E-09  0.5176E-01  0.1000E-09  0.2714E+00  0.8921E+01  0.0000E+00
13413.9600 10  1    0.2825    0.8001    0.2825    0.0000   -1.7298   -0.0910    0.0071    0.1930   -5.2510   -0.3939  0.8389E+02  0.7719E+03  0.1102E-15 -0.1625E-13  0.1000E-09  0.5176E-01  0.1000E-09  0.2714E+00  0.8921E+01  0.0000E+00
13414.9600 10  1    0.2825    0.8001    0.2825    0.0000   -1.7298   -0.0910    0.0071    0.1930   -5.2512   -0.3939  0.8390E+02  0.7719E+03  0.1102E-15 -0.1625E-13  0.1000E-09  0.5176E-01  0.1000E-09  0.2714E+00  0.8921E+01  0.0000E+00
13415.9600 10  1    0.2825    0.8001    0.2825    0.0000   -1.7298   -0.0910    0.0071    0.1930   -5.2514   -0.3939  0.8390E+02  0.7719E+03  0.1102E-15 -0.1625E-13  0.1000E-09  0.5176E-01  0.1000E-09  0.2715E+00  0.8921E+01  0.0000E+00
13416.9600 10  1    0.2825    0.8001    0.2825    0.0000   -1.7298   -0.0910    0.0071    0.1930   -5.2516   -0.3939  0.8390E+02  0.7719E+03  0.1102E-15 -0.1625E-13  0.1000E-09  0.5176E-01  0.1000E-09  0.2715E+00  0.8921E+01  0.0000E+00
13417.9600 10  1    0.2825    0.8001    0.2825    0.0000   -1.7298   -0.0910    0.0071    0.1930   -5.2518   -0.3938  0.8390E+02  0.7719E+03  0.1102E-15 -0.1625E-13  0.1000E-09  0.5176E-01  0.1000E-09  0.2715E+00  0.8921E+01  0.0000E+00
13418.9600 10  1    0.2825    0.8001    0.2825    0.0000   -1.7298   -0.0910    0.0071    0.1930   -5.2520   -0.3938  0.8390E+02  0.7719E+03  0.1102E-15 -0.1625E-13  0.1000E-09  0.5176E-01  0.1000E-09  0.2715E+00  0.8921E+01  0.0000E+00
13419.9600 10  1    0.2825    0.8001    0.2825    0.0000   -1.7298   -0.0910    0.0071    0.1930   -5.2522   -0.3938  0.8390E+02  0.7719E+03  0.1103E-15 -0.1625E-13  0.1000E-09  0.5176E-01  0.1000E-09  0.2715E+00  0.8921E+01  0.0000E+00
13420.9600 10  1    0.2825    0.8001    0.2825    0.0000   -1.7298   -0.0910    0.0071    0.1930   -5.2524   -0.3938  0.8391E+02  0.7719E+03  0.1103E-15 -0.1625E-13  0.1000E-09  0.5176E-01  0.1000E-09  0.2715E+00  0.8921E+01  0.0000E+00
13421.9600 10  1    0.2825    0.8001    0.2825    0.0000   -1.7298   -0.0910    0.0071    0.1930   -5.2527   -0.3938  0.8391E+02  0.7719E+03  0.1103E-15 -0.1626E-13  0.1000E-09  0.5176E-01  0.1000E-09  0.2715E+00  0.8921E+01  0.0000E+00
13422.9600 10  1    0.2825    0.8001    0.2825    0.0000   -1.7298   -0.0909    0.0071    0.1931   -5.2529   -0.3937  0.8391E+02  0.7720E+03  0.1103E-15 -0.1626E-13  0.1000E-09  0.5176E-01  0.1000E-09  0.2715E+00  0.8921E+01  0.0000E+00
13423.9600 10  1    0.2825    0.8001    0.2825    0.0000   -1.7298   -0.0909    0.0071    0.1931   -5.2531   -0.3937  0.8391E+02  0.7720E+03  0.1103E-15 -0.1626E-13  0.1000E-09  0.5176E-01  0.1000E-09  0.2715E+00  0.8921E+01  0.0000E+00
13424.9600 10  1    0.2825    0.8001    0.2825    0.0000   -1.7298   -0.0909    0.0071    0.1931   -5.2533   -0.3937  0.8391E+02  0.7720E+03  0.1104E-15 -0.1626E-13  0.1000E-09  0.5176E-01  0.1000E-09  0.2715E+00  0.8921E+01  0.0000E+00
13425.9600 10  1    0.2825    0.8001    0.2825    0.0000   -1.7298   -0.0909    0.0071    0.1931   -5.2535   -0.3937  0.8392E+02  0.7720E+03  0.1104E-15 -0.1627E-13  0.1000E-09  0.5175E-01  0.1000E-09  0.2715E+00  0.8921E+01  0.0000E+00
13426.9600 10  1    0.2825    0.8001    0.2825    0.0000   -1.7298   -0.0909    0.0071    0.1931   -5.2537   -0.3937  0.8392E+02  0.7720E+03  0.1104E-15 -0.1627E-13  0.1000E-09  0.5175E-01  0.1000E-09  0.2715E+00  0.8921E+01  0.0000E+00
13427.9600 10  1    0.2825    0.8001    0.2825    0.0000   -1.7298   -0.0909    0.0071    0.1931   -5.2539   -0.3936  0.8392E+02  0.7720E+03  0.1104E-15 -0.1627E-13  0.1000E-09  0.5175E-01  0.1000E-09  0.2715E+00  0.8920E+01  0.0000E+00
13428.9600 10  1    0.2825    0.8001    0.2825    0.0000   -1.7298   -0.0909    0.0071    0.1931   -5.2541   -0.3936  0.8392E+02  0.7720E+03  0.1104E-15 -0.1627E-13  0.1000E-09  0.5175E-01  0.1000E-09  0.2715E+00  0.8920E+01  0.0000E+00
13429.9600 10  1    0.2825    0.8001    0.2825    0.0000   -1.7298   -0.0909    0.0071    0.1931   -5.2543   -0.3936  0.8392E+02  0.7720E+03  0.1105E-15 -0.1628E-13  0.1000E-09  0.5175E-01  0.1000E-09  0.2715E+00  0.8920E+01  0.0000E+00
13430.9600 10  1    0.2825    0.8001    0.2825    0.0000   -1.7298   -0.0909    0.0071    0.1931   -5.2545   -0.3936  0.8392E+02  0.7720E+03  0.1105E-15 -0.1628E-13  0.1000E-09  0.5175E-01  0.1000E-09  0.2715E+00  0.8920E+01  0.0000E+00
13431.9600 10  1    0.2825    0.8001    0.2825    0.0000   -1.7298   -0.0909    0.0071    0.1931   -5.2547   -0.3936  0.8393E+02  0.7720E+03  0.1105E-15 -0.1628E-13  0.1000E-09  0.5175E-01  0.1000E-09  0.2715E+00  0.8920E+01  0.0000E+00
13432.9600 10  1    0.2825    0.8001    0.2825    0.0000   -1.7298   -0.0909    0.0071    0.1931   -5.2550   -0.3935  0.8393E+02  0.7720E+03  0.1105E-15 -0.1628E-13  0.1000E-09  0.5175E-01  0.1000E-09  0.2716E+00  0.8920E+01  0.0000E+00
13433.9600 10  1    0.2825    0.8001    0.2825    0.0000   -1.7298   -0.0909    0.0071    0.1931   -5.2552   -0.3935  0.8393E+02  0.7720E+03  0.1105E-15 -0.1629E-13  0.1000E-09  0.5175E-01  0.1000E-09  0.2716E+00  0.8920E+01  0.0000E+00
13434.9600 10  1    0.2825    0.8001    0.2825    0.0000   -1.7298   -0.0909    0.0071    0.1931   -5.2554   -0.3935  0.8393E+02  0.7720E+03  0.1106E-15 -0.1629E-13  0.1000E-09  0.5175E-01  0.1000E-09  0.2716E+00  0.8920E+01  0.0000E+00
13435.9600 10  1    0.2825    0.8001    0.2825    0.0000   -1.7298   -0.0909    0.0071    0.1931   -5.2556   -0.3935  0.8393E+02  0.7720E+03  0.1106E-15 -0.1629E-13  0.1000E-09  0.5175E-01  0.1000E-09  0.2716E+00  0.8920E+01  0.0000E+00
13436.9600 10  1    0.2825    0.8001    0.2825    0.0000   -1.7298   -0.0909    0.0071    0.1931   -5.2558   -0.3935  0.8394E+02  0.7720E+03  0.1106E-15 -0.1629E-13  0.1000E-09  0.5175E-01  0.1000E-09  0.2716E+00  0.8920E+01  0.0000E+00
13437.9600 10  1    0.2825    0.8001    0.2825    0.0000   -1.7298   -0.0909    0.0071    0.1931   -5.2560   -0.3934  0.8394E+02  0.7720E+03  0.1106E-15 -0.1630E-13  0.1000E-09  0.5175E-01  0.1000E-09  0.2716E+00  0.8920E+01  0.0000E+00
13438.9600 10  1    0.2825    0.8001    0.2825    0.0000   -1.7298   -0.0909    0.0071    0.1931   -5.2562   -0.3934  0.8394E+02  0.7720E+03  0.1106E-15 -0.1630E-13  0.1000E-09  0.5175E-01  0.1000E-09  0.2716E+00  0.8920E+01  0.0000E+00
13439.9600 10  1    0.2825    0.8001    0.2825    0.0000   -1.7298   -0.0909    0.0071    0.1931   -5.2564   -0.3934  0.8394E+02  0.7720E+03  0.1107E-15 -0.1630E-13  0.1000E-09  0.5175E-01  0.1000E-09  0.2716E+00  0.8920E+01  0.0000E+00
13440.9600 10  1    0.2825    0.8001    0.2825    0.0000   -1.7298   -0.0908    0.0071    0.1931   -5.2566   -0.3934  0.8394E+02  0.7720E+03  0.1107E-15 -0.1630E-13  0.1000E-09  0.5175E-01  0.1000E-09  0.2716E+00  0.8920E+01  0.0000E+00
13441.9600 10  1    0.2825    0.8001    0.2825    0.0000   -1.7298   -0.0908    0.0071    0.1931   -5.2568   -0.3934  0.8394E+02  0.7720E+03  0.1107E-15 -0.1631E-13  0.1000E-09  0.5175E-01  0.1000E-09  0.2716E+00  0.8920E+01  0.0000E+00
13442.9600 10  1    0.2825    0.8001    0.2825    0.0000   -1.7298   -0.0908    0.0071    0.1931   -5.2571   -0.3933  0.8395E+02  0.7720E+03  0.1107E-15 -0.1631E-13  0.1000E-09  0.5175E-01  0.1000E-09  0.2716E+00  0.8920E+01  0.0000E+00
13443.9600 10  1    0.2825    0.8001    0.2825    0.0000   -1.7298   -0.0908    0.0071    0.1931   -5.2573   -0.3933  0.8395E+02  0.7720E+03  0.1107E-15 -0.1631E-13  0.1000E-09  0.5175E-01  0.1000E-09  0.2716E+00  0.8920E+01  0.0000E+00
13444.9600 10  1    0.2825    0.8001    0.2825    0.0000   -1.7298   -0.0908    0.0071    0.1931   -5.2575   -0.3933  0.8395E+02  0.7720E+03  0.1107E-15 -0.1631E-13  0.1000E-09  0.5175E-01  0.1000E-09  0.2716E+00  0.8920E+01  0.0000E+00
13445.9600 10  1    0.2825    0.8001    0.2825    0.0000   -1.7298   -0.0908    0.0071    0.1931   -5.2577   -0.3933  0.8395E+02  0.7720E+03  0.1108E-15 -0.1632E-13  0.1000E-09  0.5175E-01  0.1000E-09  0.2716E+00  0.8920E+01  0.0000E+00
13446.9600 10  1    0.2825    0.8001    0.2825    0.0000   -1.7298   -0.0908    0.0071    0.1931   -5.2579   -0.3933  0.8395E+02  0.7720E+03  0.1108E-15 -0.1632E-13  0.1000E-09  0.5175E-01  0.1000E-09  0.2716E+00  0.8920E+01  0.0000E+00
13447.9600 10  1    0.2825    0.8001    0.2825    0.0000   -1.7298   -0.0908    0.0071    0.1931   -5.2581   -0.3932  0.8396E+02  0.7720E+03  0.1108E-15 -0.1632E-13  0.1000E-09  0.5175E-01  0.1000E-09  0.2716E+00  0.8920E+01  0.0000E+00
13448.9600 10  1    0.2825    0.8001    0.2825    0.0000   -1.7298   -0.0908    0.0071    0.1931   -5.2583   -0.3932  0.8396E+02  0.7720E+03  0.1108E-15 -0.1632E-13  0.1000E-09  0.5175E-01  0.1000E-09  0.2717E+00  0.8920E+01  0.0000E+00
13449.9600 10  1    0.2825    0.8001    0.2825    0.0000   -1.7298   -0.0908    0.0071    0.1931   -5.2585   -0.3932  0.8396E+02  0.7720E+03  0.1108E-15 -0.1633E-13  0.1000E-09  0.5175E-01  0.1000E-09  0.2717E+00  0.8920E+01  0.0000E+00
13450.9600 10  1    0.2825    0.8001    0.2825    0.0000   -1.7298   -0.0908    0.0071    0.1931   -5.2587   -0.3932  0.8396E+02  0.7720E+03  0.1109E-15 -0.1633E-13  0.1000E-09  0.5175E-01  0.1000E-09  0.2717E+00  0.8920E+01  0.0000E+00
13451.9600 10  1    0.2825    0.8001    0.2825    0.0000   -1.7298   -0.0908    0.0071    0.1931   -5.2589   -0.3932  0.8396E+02  0.7720E+03  0.1109E-15 -0.1633E-13  0.1000E-09  0.5175E-01  0.1000E-09  0.2717E+00  0.8920E+01  0.0000E+00
13452.9600 10  1    0.2825    0.8001    0.2825    0.0000   -1.7298   -0.0908    0.0071    0.1931   -5.2591   -0.3931  0.8396E+02  0.7720E+03  0.1109E-15 -0.1633E-13  0.1000E-09  0.5174E-01  0.1000E-09  0.2717E+00  0.8920E+01  0.0000E+00
13453.9600 10  1    0.2825    0.8001    0.2825    0.0000   -1.7298   -0.0908    0.0071    0.1931   -5.2594   -0.3931  0.8397E+02  0.7720E+03  0.1109E-15 -0.1634E-13  0.1000E-09  0.5174E-01  0.1000E-09  0.2717E+00  0.8920E+01  0.0000E+00
13454.9600 10  1    0.2825    0.8001    0.2825    0.0000   -1.7298   -0.0908    0.0071    0.1931   -5.2596   -0.3931  0.8397E+02  0.7720E+03  0.1109E-15 -0.1634E-13  0.1000E-09  0.5174E-01  0.1000E-09  0.2717E+00  0.8920E+01  0.0000E+00
13455.9600 10  1    0.2825    0.8001    0.2825    0.0000   -1.7298   -0.0908    0.0071    0.1931   -5.2598   -0.3931  0.8397E+02  0.7720E+03  0.1110E-15 -0.1634E-13  0.1000E-09  0.5174E-01  0.1000E-09  0.2717E+00  0.8920E+01  0.0000E+00
13456.9600 10  1    0.2825    0.8001    0.2825    0.0000   -1.7298   -0.0908    0.0071    0.1931   -5.2600   -0.3931  0.8397E+02  0.7720E+03  0.1110E-15 -0.1634E-13  0.1000E-09  0.5174E-01  0.1000E-09  0.2717E+00  0.8920E+01  0.0000E+00
13457.9600 10  1    0.2825    0.8001    0.2825    0.0000   -1.7298   -0.0908    0.0071    0.1931   -5.2602   -0.3930  0.8397E+02  0.7720E+03  0.1110E-15 -0.1635E-13  0.1000E-09  0.5174E-01  0.1000E-09  0.2717E+00  0.8920E+01  0.0000E+00
13458.9600 10  1    0.2825    0.8001    0.2825    0.0000   -1.7298   -0.0907    0.0071    0.1932   -5.2604   -0.3930  0.8398E+02  0.7720E+03  0.1110E-15 -0.1635E-13  0.1000E-09  0.5174E-01  0.1000E-09  0.2717E+00  0.8920E+01  0.0000E+00
13459.9600 10  1    0.2825    0.8001    0.2825    0.0000   -1.7298   -0.0907    0.0071    0.1932   -5.2606   -0.3930  0.8398E+02  0.7720E+03  0.1110E-15 -0.1635E-13  0.1000E-09  0.5174E-01  0.1000E-09  0.2717E+00  0.8920E+01  0.0000E+00
13460.9600 10  1    0.2825    0.8001    0.2825    0.0000   -1.7298   -0.0907    0.0071    0.1932   -5.2608   -0.3930  0.8398E+02  0.7720E+03  0.1111E-15 -0.1636E-13  0.1000E-09  0.5174E-01  0.1000E-09  0.2717E+00  0.8920E+01  0.0000E+00
13461.9600 10  1    0.2825    0.8001    0.2825    0.0000   -1.7298   -0.0907    0.0071    0.1932   -5.2610   -0.3930  0.8398E+02  0.7720E+03  0.1111E-15 -0.1636E-13  0.1000E-09  0.5174E-01  0.1000E-09  0.2717E+00  0.8920E+01  0.0000E+00
13462.9600 10  1    0.2825    0.8001    0.2825    0.0000   -1.7298   -0.0907    0.0071    0.1932   -5.2612   -0.3929  0.8398E+02  0.7720E+03  0.1111E-15 -0.1636E-13  0.1000E-09  0.5174E-01  0.1000E-09  0.2717E+00  0.8920E+01  0.0000E+00
13463.9600 10  1    0.2825    0.8001    0.2825    0.0000   -1.7298   -0.0907    0.0071    0.1932   -5.2614   -0.3929  0.8398E+02  0.7720E+03  0.1111E-15 -0.1636E-13  0.1000E-09  0.5174E-01  0.1000E-09  0.2717E+00  0.8920E+01  0.0000E+00
13464.9600 10  1    0.2825    0.8001    0.2825    0.0000   -1.7298   -0.0907    0.0071    0.1932   -5.2617   -0.3929  0.8399E+02  0.7720E+03  0.1111E-15 -0.1637E-13  0.1000E-09  0.5174E-01  0.1000E-09  0.2717E+00  0.8920E+01  0.0000E+00
13465.9600 10  1    0.2825    0.8001    0.2825    0.0000   -1.7298   -0.0907    0.0071    0.1932   -5.2619   -0.3929  0.8399E+02  0.7720E+03  0.1112E-15 -0.1637E-13  0.1000E-09  0.5174E-01  0.1000E-09  0.2718E+00  0.8920E+01  0.0000E+00
13466.9600 10  1    0.2825    0.8001    0.2825    0.0000   -1.7298   -0.0907    0.0071    0.1932   -5.2621   -0.3929  0.8399E+02  0.7720E+03  0.1112E-15 -0.1637E-13  0.1000E-09  0.5174E-01  0.1000E-09  0.2718E+00  0.8920E+01  0.0000E+00
13467.9600 10  1    0.2825    0.8001    0.2825    0.0000   -1.7298   -0.0907    0.0071    0.1932   -5.2623   -0.3928  0.8399E+02  0.7720E+03  0.1112E-15 -0.1637E-13  0.1000E-09  0.5174E-01  0.1000E-09  0.2718E+00  0.8920E+01  0.0000E+00
13468.9600 10  1    0.2825    0.8001    0.2825    0.0000   -1.7298   -0.0907    0.0071    0.1932   -5.2625   -0.3928  0.8399E+02  0.7720E+03  0.1112E-15 -0.1637E-13  0.1000E-09  0.5174E-01  0.1000E-09  0.2718E+00  0.8920E+01  0.0000E+00
13469.9600 10  1    0.2825    0.8001    0.2825    0.0000   -1.7298   -0.0907    0.0071    0.1932   -5.2627   -0.3928  0.8400E+02  0.7720E+03  0.1112E-15 -0.1637E-13  0.1000E-09  0.5174E-01  0.1000E-09  0.2718E+00  0.8920E+01  0.0000E+00
13470.9600 10  1    0.2825    0.8001    0.2825    0.0000   -1.7298   -0.0907    0.0071    0.1932   -5.2629   -0.3928  0.8400E+02  0.7720E+03  0.1112E-15 -0.1637E-13  0.1000E-09  0.5174E-01  0.1000E-09  0.2718E+00  0.8920E+01  0.0000E+00
13471.9600 10  1    0.2825    0.8001    0.2825    0.0000   -1.7298   -0.0907    0.0071    0.1932   -5.2631   -0.3928  0.8400E+02  0.7720E+03  0.1112E-15 -0.1637E-13  0.1000E-09  0.5174E-01  0.1000E-09  0.2718E+00  0.8920E+01  0.0000E+00
13472.9600 10  1    0.2825    0.8001    0.2825    0.0000   -1.7298   -0.0907    0.0071    0.1932   -5.2633   -0.3927  0.8400E+02  0.7721E+03  0.1112E-15 -0.1637E-13  0.1000E-09  0.5174E-01  0.1000E-09  0.2718E+00  0.8920E+01  0.0000E+00
13473.9600 10  1    0.2825    0.8001    0.2825    0.0000   -1.7298   -0.0907    0.0071    0.1932   -5.2635   -0.3927  0.8400E+02  0.7721E+03  0.1112E-15 -0.1637E-13  0.1000E-09  0.5174E-01  0.1000E-09  0.2718E+00  0.8920E+01  0.0000E+00
13474.9600 10  1    0.2825    0.8001    0.2825    0.0000   -1.7298   -0.0907    0.0071    0.1932   -5.2637   -0.3927  0.8400E+02  0.7721E+03  0.1112E-15 -0.1637E-13  0.1000E-09  0.5174E-01  0.1000E-09  0.2718E+00  0.8920E+01  0.0000E+00
13475.9600 10  1    0.2825    0.8001    0.2825    0.0000   -1.7298   -0.0907    0.0071    0.1932   -5.2640   -0.3927  0.8401E+02  0.7721E+03  0.1112E-15 -0.1637E-13  0.1000E-09  0.5174E-01  0.1000E-09  0.2718E+00  0.8920E+01  0.0000E+00
13476.9600 10  1    0.2825    0.8001    0.2825    0.0000   -1.7298   -0.0906    0.0071    0.1932   -5.2642   -0.3927  0.8401E+02  0.7721E+03  0.1112E-15 -0.1637E-13  0.1000E-09  0.5174E-01  0.1000E-09  0.2718E+00  0.8920E+01  0.0000E+00
13477.9600 10  1    0.2825    0.8001    0.2825    0.0000   -1.7298   -0.0906    0.0071    0.1932   -5.2644   -0.3926  0.8401E+02  0.7721E+03  0.1112E-15 -0.1637E-13  0.1000E-09  0.5174E-01  0.1000E-09  0.2718E+00  0.8920E+01  0.0000E+00
13478.9600 10  1    0.2825    0.8001    0.2825    0.0000   -1.7298   -0.0906    0.0071    0.1932   -5.2646   -0.3926  0.8401E+02  0.7721E+03  0.1112E-15 -0.1637E-13  0.1000E-09  0.5173E-01  0.1000E-09  0.2718E+00  0.8920E+01  0.0000E+00
13479.9600 10  1    0.2825    0.8001    0.2825    0.0000   -1.7298   -0.0906    0.0071    0.1932   -5.2648   -0.3926  0.8401E+02  0.7721E+03  0.1112E-15 -0.1637E-13  0.1000E-09  0.5173E-01  0.1000E-09  0.2718E+00  0.8920E+01  0.0000E+00
13480.9600 10  1    0.2825    0.8001    0.2825    0.0000   -1.7298   -0.0906    0.0071    0.1932   -5.2650   -0.3926  0.8402E+02  0.7721E+03  0.1112E-15 -0.1637E-13  0.1000E-09  0.5173E-01  0.1000E-09  0.2718E+00  0.8920E+01  0.0000E+00
13481.9600 10  1    0.2825    0.8001    0.2825    0.0000   -1.7298   -0.0906    0.0071    0.1932   -5.2652   -0.3926  0.8402E+02  0.7721E+03  0.1112E-15 -0.1637E-13  0.1000E-09  0.5173E-01  0.1000E-09  0.2719E+00  0.8920E+01  0.0000E+00
13482.9600 10  1    0.2825    0.8001    0.2825    0.0000   -1.7298   -0.0906    0.0071    0.1932   -5.2654   -0.3925  0.8402E+02  0.7721E+03  0.1112E-15 -0.1637E-13  0.1000E-09  0.5173E-01  0.1000E-09  0.2719E+00  0.8920E+01  0.0000E+00
13483.9600 10  1    0.2825    0.8001    0.2825    0.0000   -1.7298   -0.0906    0.0071    0.1932   -5.2656   -0.3925  0.8402E+02  0.7721E+03  0.1112E-15 -0.1637E-13  0.1000E-09  0.5173E-01  0.1000E-09  0.2719E+00  0.8920E+01  0.0000E+00
13484.9600 10  1    0.2825    0.8001    0.2825    0.0000   -1.7298   -0.0906    0.0071    0.1932   -5.2658   -0.3925  0.8402E+02  0.7721E+03  0.1112E-15 -0.1637E-13  0.1000E-09  0.5173E-01  0.1000E-09  0.2719E+00  0.8920E+01  0.0000E+00
13485.9600 10  1    0.2825    0.8001    0.2825    0.0000   -1.7298   -0.0906    0.0071    0.1932   -5.2660   -0.3925  0.8403E+02  0.7721E+03  0.1112E-15 -0.1637E-13  0.1000E-09  0.5173E-01  0.1000E-09  0.2719E+00  0.8920E+01  0.0000E+00
13486.9600 10  1    0.2825    0.8001    0.2825    0.0000   -1.7298   -0.0906    0.0071    0.1932   -5.2662   -0.3925  0.8403E+02  0.7721E+03  0.1112E-15 -0.1637E-13  0.1000E-09  0.5173E-01  0.1000E-09  0.2719E+00  0.8920E+01  0.0000E+00
13487.9600 10  1    0.2825    0.8001    0.2825    0.0000   -1.7298   -0.0906    0.0071    0.1932   -5.2665   -0.3924  0.8403E+02  0.7721E+03  0.1112E-15 -0.1637E-13  0.1000E-09  0.5173E-01  0.1000E-09  0.2719E+00  0.8920E+01  0.0000E+00
13488.9600 10  1    0.2825    0.8001    0.2825    0.0000   -1.7298   -0.0906    0.0071    0.1932   -5.2667   -0.3924  0.8403E+02  0.7721E+03  0.1112E-15 -0.1637E-13  0.1000E-09  0.5173E-01  0.1000E-09  0.2719E+00  0.8920E+01  0.0000E+00
13489.9600 10  1    0.2825    0.8001    0.2825    0.0000   -1.7298   -0.0906    0.0071    0.1932   -5.2669   -0.3924  0.8403E+02  0.7721E+03  0.1112E-15 -0.1637E-13  0.1000E-09  0.5173E-01  0.1000E-09  0.2719E+00  0.8920E+01  0.0000E+00
13490.9600 10  1    0.2825    0.8001    0.2825    0.0000   -1.7298   -0.0906    0.0071    0.1932   -5.2671   -0.3924  0.8403E+02  0.7721E+03  0.1112E-15 -0.1637E-13  0.1000E-09  0.5173E-01  0.1000E-09  0.2719E+00  0.8920E+01  0.0000E+00
13491.9600 10  1    0.2825    0.8001    0.2825    0.0000   -1.7298   -0.0906    0.0071    0.1932   -5.2673   -0.3924  0.8404E+02  0.7721E+03  0.1112E-15 -0.1637E-13  0.1000E-09  0.5173E-01  0.1000E-09  0.2719E+00  0.8920E+01  0.0000E+00
13492.9600 10  1    0.2825    0.8001    0.2825    0.0000   -1.7298   -0.0906    0.0071    0.1932   -5.2675   -0.3923  0.8404E+02  0.7721E+03  0.1112E-15 -0.1637E-13  0.1000E-09  0.5173E-01  0.1000E-09  0.2719E+00  0.8920E+01  0.0000E+00
13493.9600 10  1    0.2825    0.8001    0.2825    0.0000   -1.7298   -0.0906    0.0071    0.1933   -5.2677   -0.3923  0.8404E+02  0.7721E+03  0.1112E-15 -0.1637E-13  0.1000E-09  0.5173E-01  0.1000E-09  0.2719E+00  0.8920E+01  0.0000E+00
13494.9600 10  1    0.2825    0.8001    0.2825    0.0000   -1.7298   -0.0905    0.0071    0.1933   -5.2679   -0.3923  0.8404E+02  0.7721E+03  0.1112E-15 -0.1637E-13  0.1000E-09  0.5173E-01  0.1000E-09  0.2719E+00  0.8919E+01  0.0000E+00
13495.9600 10  1    0.2825    0.8001    0.2825    0.0000   -1.7298   -0.0905    0.0071    0.1933   -5.2681   -0.3923  0.8404E+02  0.7721E+03  0.1112E-15 -0.1637E-13  0.1000E-09  0.5173E-01  0.1000E-09  0.2719E+00  0.8919E+01  0.0000E+00
13496.9600 10  1    0.2825    0.8001    0.2825    0.0000   -1.7298   -0.0905    0.0071    0.1933   -5.2683   -0.3923  0.8405E+02  0.7721E+03  0.1112E-15 -0.1637E-13  0.1000E-09  0.5173E-01  0.1000E-09  0.2719E+00  0.8919E+01  0.0000E+00
13497.9600 10  1    0.2825    0.8001    0.2825    0.0000   -1.7298   -0.0905    0.0071    0.1933   -5.2685   -0.3922  0.8405E+02  0.7721E+03  0.1112E-15 -0.1637E-13  0.1000E-09  0.5173E-01  0.1000E-09  0.2720E+00  0.8919E+01  0.0000E+00
13498.9600 10  1    0.2825    0.8001    0.2825    0.0000   -1.7298   -0.0905    0.0071    0.1933   -5.2688   -0.3922  0.8405E+02  0.7721E+03  0.1112E-15 -0.1637E-13  0.1000E-09  0.5173E-01  0.1000E-09  0.2720E+00  0.8919E+01  0.0000E+00
13499.9600 10  1    0.2825    0.8001    0.2825    0.0000   -1.7298   -0.0905    0.0071    0.1933   -5.2690   -0.3922  0.8405E+02  0.7721E+03  0.1112E-15 -0.1637E-13  0.1000E-09  0.5173E-01  0.1000E-09  0.2720E+00  0.8919E+01  0.0000E+00
13500.9600 10  1    0.2825    0.8001    0.2825    0.0000   -1.7298   -0.0905    0.0071    0.1933   -5.2692   -0.3922  0.8405E+02  0.7721E+03  0.1112E-15 -0.1637E-13  0.1000E-09  0.5173E-01  0.1000E-09  0.2720E+00  0.8919E+01  0.0000E+00
13501.9600 10  1    0.2825    0.8001    0.2825    0.0000   -1.7298   -0.0905    0.0071    0.1933   -5.2694   -0.3922  0.8405E+02  0.7721E+03  0.1112E-15 -0.1637E-13  0.1000E-09  0.5173E-01  0.1000E-09  0.2720E+00  0.8919E+01  0.0000E+00
13502.9600 10  1    0.2825    0.8001    0.2825    0.0000   -1.7298   -0.0905    0.0071    0.1933   -5.2696   -0.3921  0.8406E+02  0.7721E+03  0.1112E-15 -0.1637E-13  0.1000E-09  0.5173E-01  0.1000E-09  0.2720E+00  0.8919E+01  0.0000E+00
13503.9600 10  1    0.2825    0.8001    0.2825    0.0000   -1.7298   -0.0905    0.0071    0.1933   -5.2698   -0.3921  0.8406E+02  0.7721E+03  0.1112E-15 -0.1637E-13  0.1000E-09  0.5173E-01  0.1000E-09  0.2720E+00  0.8919E+01  0.0000E+00
13504.9600 10  1    0.2825    0.8001    0.2825    0.0000   -1.7298   -0.0905    0.0071    0.1933   -5.2700   -0.3921  0.8406E+02  0.7721E+03  0.1113E-15 -0.1637E-13  0.1000E-09  0.5173E-01  0.1000E-09  0.2720E+00  0.8919E+01  0.0000E+00
13505.9600 10  1    0.2825    0.8001    0.2825    0.0000   -1.7298   -0.0905    0.0071    0.1933   -5.2702   -0.3921  0.8406E+02  0.7721E+03  0.1113E-15 -0.1637E-13  0.1000E-09  0.5172E-01  0.1000E-09  0.2720E+00  0.8919E+01  0.0000E+00
13506.9600 10  1    0.2825    0.8001    0.2825    0.0000   -1.7298   -0.0905    0.0071    0.1933   -5.2704   -0.3921  0.8406E+02  0.7721E+03  0.1113E-15 -0.1637E-13  0.1000E-09  0.5172E-01  0.1000E-09  0.2720E+00  0.8919E+01  0.0000E+00
13507.9600 10  1    0.2825    0.8001    0.2825    0.0000   -1.7298   -0.0905    0.0071    0.1933   -5.2706   -0.3920  0.8407E+02  0.7721E+03  0.1113E-15 -0.1637E-13  0.1000E-09  0.5172E-01  0.1000E-09  0.2720E+00  0.8919E+01  0.0000E+00
13508.9600 10  1    0.2825    0.8001    0.2825    0.0000   -1.7298   -0.0905    0.0071    0.1933   -5.2708   -0.3920  0.8407E+02  0.7721E+03  0.1113E-15 -0.1637E-13  0.1000E-09  0.5172E-01  0.1000E-09  0.2720E+00  0.8919E+01  0.0000E+00
13509.9600 10  1    0.2825    0.8001    0.2825    0.0000   -1.7298   -0.0905    0.0071    0.1933   -5.2710   -0.3920  0.8407E+02  0.7721E+03  0.1113E-15 -0.1637E-13  0.1000E-09  0.5172E-01  0.1000E-09  0.2720E+00  0.8919E+01  0.0000E+00
13510.9600 10  1    0.2825    0.8001    0.2825    0.0000   -1.7298   -0.0905    0.0071    0.1933   -5.2713   -0.3920  0.8407E+02  0.7721E+03  0.1113E-15 -0.1637E-13  0.1000E-09  0.5172E-01  0.1000E-09  0.2720E+00  0.8919E+01  0.0000E+00
13511.9600 10  1    0.2825    0.8001    0.2825    0.0000   -1.7298   -0.0905    0.0071    0.1933   -5.2715   -0.3920  0.8407E+02  0.7721E+03  0.1113E-15 -0.1637E-13  0.1000E-09  0.5172E-01  0.1000E-09  0.2720E+00  0.8919E+01  0.0000E+00
13512.9600 10  1    0.2825    0.8001    0.2825    0.0000   -1.7298   -0.0904    0.0071    0.1933   -5.2717   -0.3919  0.8407E+02  0.7721E+03  0.1113E-15 -0.1637E-13  0.1000E-09  0.5172E-01  0.1000E-09  0.2720E+00  0.8919E+01  0.0000E+00
13513.9600 10  1    0.2825    0.8001    0.2825    0.0000   -1.7298   -0.0904    0.0071    0.1933   -5.2719   -0.3919  0.8408E+02  0.7721E+03  0.1113E-15 -0.1637E-13  0.1000E-09  0.5172E-01  0.1000E-09  0.2720E+00  0.8919E+01  0.0000E+00
13514.9600 10  1    0.2825    0.8001    0.2825    0.0000   -1.7298   -0.0904    0.0071    0.1933   -5.2721   -0.3919  0.8408E+02  0.7721E+03  0.1113E-15 -0.1637E-13  0.1000E-09  0.5172E-01  0.1000E-09  0.2721E+00  0.8919E+01  0.0000E+00
13515.9600 10  1    0.2825    0.8001    0.2825    0.0000   -1.7298   -0.0904    0.0071    0.1933   -5.2723   -0.3919  0.8408E+02  0.7721E+03  0.1113E-15 -0.1637E-13  0.1000E-09  0.5172E-01  0.1000E-09  0.2721E+00  0.8919E+01  0.0000E+00
13516.9600 10  1    0.2825    0.8001    0.2825    0.0000   -1.7298   -0.0904    0.0071    0.1933   -5.2725   -0.3919  0.8408E+02  0.7721E+03  0.1113E-15 -0.1637E-13  0.1000E-09  0.5172E-01  0.1000E-09  0.2721E+00  0.8919E+01  0.0000E+00
13517.9600 10  1    0.2825    0.8001    0.2825    0.0000   -1.7298   -0.0904    0.0071    0.1933   -5.2727   -0.3918  0.8408E+02  0.7721E+03  0.1113E-15 -0.1637E-13  0.1000E-09  0.5172E-01  0.1000E-09  0.2721E+00  0.8919E+01  0.0000E+00
13518.9600 10  1    0.2825    0.8001    0.2825    0.0000   -1.7298   -0.0904    0.0071    0.1933   -5.2729   -0.3918  0.8409E+02  0.7721E+03  0.1113E-15 -0.1637E-13  0.1000E-09  0.5172E-01  0.1000E-09  0.2721E+00  0.8919E+01  0.0000E+00
13519.9600 10  1    0.2825    0.8001    0.2825    0.0000   -1.7298   -0.0904    0.0071    0.1933   -5.2731   -0.3918  0.8409E+02  0.7721E+03  0.1113E-15 -0.1637E-13  0.1000E-09  0.5172E-01  0.1000E-09  0.2721E+00  0.8919E+01  0.0000E+00
13520.9600 10  1    0.2825    0.8001    0.2825    0.0000   -1.7298   -0.0904    0.0071    0.1933   -5.2733   -0.3918  0.8409E+02  0.7721E+03  0.1113E-15 -0.1637E-13  0.1000E-09  0.5172E-01  0.1000E-09  0.2721E+00  0.8919E+01  0.0000E+00
13521.9600 10  1    0.2825    0.8001    0.2825    0.0000   -1.7298   -0.0904    0.0071    0.1933   -5.2735   -0.3918  0.8409E+02  0.7721E+03  0.1113E-15 -0.1637E-13  0.1000E-09  0.5172E-01  0.1000E-09  0.2721E+00  0.8919E+01  0.0000E+00
13522.9600 10  1    0.2825    0.8001    0.2825    0.0000   -1.7298   -0.0904    0.0071    0.1933   -5.2737   -0.3917  0.8409E+02  0.7722E+03  0.1113E-15 -0.1637E-13  0.1000E-09  0.5172E-01  0.1000E-09  0.2721E+00  0.8919E+01  0.0000E+00
13523.9600 10  1    0.2825    0.8001    0.2825    0.0000   -1.7298   -0.0904    0.0071    0.1933   -5.2740   -0.3917  0.8409E+02  0.7722E+03  0.1113E-15 -0.1637E-13  0.1000E-09  0.5172E-01  0.1000E-09  0.2721E+00  0.8919E+01  0.0000E+00
13524.9600 10  1    0.2825    0.8001    0.2825    0.0000   -1.7298   -0.0904    0.0071    0.1933   -5.2742   -0.3917  0.8410E+02  0.7722E+03  0.1113E-15 -0.1637E-13  0.1000E-09  0.5172E-01  0.1000E-09  0.2721E+00  0.8919E+01  0.0000E+00
13525.9600 10  1    0.2825    0.8001    0.2825    0.0000   -1.7298   -0.0904    0.0071    0.1933   -5.2744   -0.3917  0.8410E+02  0.7722E+03  0.1113E-15 -0.1637E-13  0.1000E-09  0.5172E-01  0.1000E-09  0.2721E+00  0.8919E+01  0.0000E+00
13526.9600 10  1    0.2825    0.8001    0.2825    0.0000   -1.7298   -0.0904    0.0071    0.1933   -5.2746   -0.3917  0.8410E+02  0.7722E+03  0.1113E-15 -0.1637E-13  0.1000E-09  0.5172E-01  0.1000E-09  0.2721E+00  0.8919E+01  0.0000E+00
13527.9600 10  1    0.2825    0.8001    0.2825    0.0000   -1.7298   -0.0904    0.0071    0.1933   -5.2748   -0.3916  0.8410E+02  0.7722E+03  0.1113E-15 -0.1637E-13  0.1000E-09  0.5172E-01  0.1000E-09  0.2721E+00  0.8919E+01  0.0000E+00
13528.9600 10  1    0.2825    0.8001    0.2825    0.0000   -1.7298   -0.0904    0.0071    0.1934   -5.2750   -0.3916  0.8410E+02  0.7722E+03  0.1113E-15 -0.1637E-13  0.1000E-09  0.5172E-01  0.1000E-09  0.2721E+00  0.8919E+01  0.0000E+00
13529.9600 10  1    0.2825    0.8001    0.2825    0.0000   -1.7298   -0.0903    0.0071    0.1934   -5.2752   -0.3916  0.8411E+02  0.7722E+03  0.1113E-15 -0.1637E-13  0.1000E-09  0.5172E-01  0.1000E-09  0.2721E+00  0.8919E+01  0.0000E+00
13530.9600 10  1    0.2825    0.8001    0.2825    0.0000   -1.7298   -0.0903    0.0071    0.1934   -5.2754   -0.3916  0.8411E+02  0.7722E+03  0.1113E-15 -0.1637E-13  0.1000E-09  0.5172E-01  0.1000E-09  0.2722E+00  0.8919E+01  0.0000E+00
13531.9600 10  1    0.2825    0.8001    0.2825    0.0000   -1.7298   -0.0903    0.0071    0.1934   -5.2756   -0.3916  0.8411E+02  0.7722E+03  0.1113E-15 -0.1637E-13  0.1000E-09  0.5172E-01  0.1000E-09  0.2722E+00  0.8919E+01  0.0000E+00
13532.9600 10  1    0.2825    0.8001    0.2825    0.0000   -1.7298   -0.0903    0.0071    0.1934   -5.2758   -0.3915  0.8411E+02  0.7722E+03  0.1113E-15 -0.1637E-13  0.1000E-09  0.5171E-01  0.1000E-09  0.2722E+00  0.8919E+01  0.0000E+00
13533.9600 10  1    0.2825    0.8001    0.2825    0.0000   -1.7298   -0.0903    0.0071    0.1934   -5.2760   -0.3915  0.8411E+02  0.7722E+03  0.1113E-15 -0.1637E-13  0.1000E-09  0.5171E-01  0.1000E-09  0.2722E+00  0.8919E+01  0.0000E+00
13534.9600 10  1    0.2825    0.8001    0.2825    0.0000   -1.7298   -0.0903    0.0071    0.1934   -5.2762   -0.3915  0.8411E+02  0.7722E+03  0.1113E-15 -0.1637E-13  0.1000E-09  0.5171E-01  0.1000E-09  0.2722E+00  0.8919E+01  0.0000E+00
13535.9600 10  1    0.2825    0.8001    0.2825    0.0000   -1.7298   -0.0903    0.0071    0.1934   -5.2765   -0.3915  0.8412E+02  0.7722E+03  0.1113E-15 -0.1637E-13  0.1000E-09  0.5171E-01  0.1000E-09  0.2722E+00  0.8919E+01  0.0000E+00
13536.9600 10  1    0.2825    0.8001    0.2825    0.0000   -1.7298   -0.0903    0.0071    0.1934   -5.2767   -0.3915  0.8412E+02  0.7722E+03  0.1113E-15 -0.1637E-13  0.1000E-09  0.5171E-01  0.1000E-09  0.2722E+00  0.8919E+01  0.0000E+00
13537.9600 10  1    0.2825    0.8001    0.2825    0.0000   -1.7298   -0.0903    0.0071    0.1934   -5.2769   -0.3915  0.8412E+02  0.7722E+03  0.1114E-15 -0.1637E-13  0.1000E-09  0.5171E-01  0.1000E-09  0.2722E+00  0.8919E+01  0.0000E+00
13538.9600 10  1    0.2825    0.8001    0.2825    0.0000   -1.7298   -0.0903    0.0071    0.1934   -5.2771   -0.3914  0.8412E+02  0.7722E+03  0.1114E-15 -0.1637E-13  0.1000E-09  0.5171E-01  0.1000E-09  0.2722E+00  0.8919E+01  0.0000E+00
13539.9600 10  1    0.2825    0.8001    0.2825    0.0000   -1.7298   -0.0903    0.0071    0.1934   -5.2773   -0.3914  0.8412E+02  0.7722E+03  0.1114E-15 -0.1638E-13  0.1000E-09  0.5171E-01  0.1000E-09  0.2722E+00  0.8919E+01  0.0000E+00
13540.9600 10  1    0.2825    0.8001    0.2825    0.0000   -1.7298   -0.0903    0.0071    0.1934   -5.2775   -0.3914  0.8413E+02  0.7722E+03  0.1114E-15 -0.1638E-13  0.1000E-09  0.5171E-01  0.1000E-09  0.2722E+00  0.8919E+01  0.0000E+00
13541.9600 10  1    0.2825    0.8001    0.2825    0.0000   -1.7298   -0.0903    0.0071    0.1934   -5.2777   -0.3914  0.8413E+02  0.7722E+03  0.1115E-15 -0.1638E-13  0.1000E-09  0.5171E-01  0.1000E-09  0.2722E+00  0.8919E+01  0.0000E+00
13542.9600 10  1    0.2825    0.8001    0.2825    0.0000   -1.7298   -0.0903    0.0071    0.1934   -5.2779   -0.3914  0.8413E+02  0.7722E+03  0.1115E-15 -0.1639E-13  0.1000E-09  0.5171E-01  0.1000E-09  0.2722E+00  0.8919E+01  0.0000E+00
13543.9600 10  1    0.2825    0.8001    0.2825    0.0000   -1.7298   -0.0903    0.0071    0.1934   -5.2781   -0.3913  0.8413E+02  0.7722E+03  0.1115E-15 -0.1639E-13  0.1000E-09  0.5171E-01  0.1000E-09  0.2722E+00  0.8919E+01  0.0000E+00
13544.9600 10  1    0.2825    0.8001    0.2825    0.0000   -1.7298   -0.0903    0.0071    0.1934   -5.2783   -0.3913  0.8413E+02  0.7722E+03  0.1115E-15 -0.1639E-13  0.1000E-09  0.5171E-01  0.1000E-09  0.2722E+00  0.8919E+01  0.0000E+00
13545.9600 10  1    0.2825    0.8001    0.2825    0.0000   -1.7298   -0.0903    0.0071    0.1934   -5.2785   -0.3913  0.8414E+02  0.7722E+03  0.1115E-15 -0.1639E-13  0.1000E-09  0.5171E-01  0.1000E-09  0.2722E+00  0.8919E+01  0.0000E+00
13546.9600 10  1    0.2825    0.8001    0.2825    0.0000   -1.7298   -0.0903    0.0071    0.1934   -5.2787   -0.3913  0.8414E+02  0.7722E+03  0.1116E-15 -0.1640E-13  0.1000E-09  0.5171E-01  0.1000E-09  0.2723E+00  0.8919E+01  0.0000E+00
13547.9600 10  1    0.2825    0.8001    0.2825    0.0000   -1.7298   -0.0902    0.0071    0.1934   -5.2789   -0.3913  0.8414E+02  0.7722E+03  0.1116E-15 -0.1640E-13  0.1000E-09  0.5171E-01  0.1000E-09  0.2723E+00  0.8919E+01  0.0000E+00
13548.9600 10  1    0.2825    0.8001    0.2825    0.0000   -1.7298   -0.0902    0.0071    0.1934   -5.2792   -0.3912  0.8414E+02  0.7722E+03  0.1116E-15 -0.1640E-13  0.1000E-09  0.5171E-01  0.1000E-09  0.2723E+00  0.8919E+01  0.0000E+00
13549.9600 10  1    0.2825    0.8001    0.2825    0.0000   -1.7298   -0.0902    0.0071    0.1934   -5.2794   -0.3912  0.8414E+02  0.7722E+03  0.1116E-15 -0.1640E-13  0.1000E-09  0.5171E-01  0.1000E-09  0.2723E+00  0.8919E+01  0.0000E+00
13550.9600 10  1    0.2825    0.8001    0.2825    0.0000   -1.7298   -0.0902    0.0071    0.1934   -5.2796   -0.3912  0.8414E+02  0.7722E+03  0.1116E-15 -0.1641E-13  0.1000E-09  0.5171E-01  0.1000E-09  0.2723E+00  0.8919E+01  0.0000E+00
13551.9600 10  1    0.2825    0.8001    0.2825    0.0000   -1.7298   -0.0902    0.0071    0.1934   -5.2798   -0.3912  0.8415E+02  0.7722E+03  0.1117E-15 -0.1641E-13  0.1000E-09  0.5171E-01  0.1000E-09  0.2723E+00  0.8919E+01  0.0000E+00
13552.9600 10  1    0.2825    0.8001    0.2825    0.0000   -1.7298   -0.0902    0.0071    0.1934   -5.2800   -0.3912  0.8415E+02  0.7722E+03  0.1117E-15 -0.1641E-13  0.1000E-09  0.5171E-01  0.1000E-09  0.2723E+00  0.8919E+01  0.0000E+00
13553.9600 10  1    0.2825    0.8001    0.2825    0.0000   -1.7298   -0.0902    0.0071    0.1934   -5.2802   -0.3911  0.8415E+02  0.7722E+03  0.1117E-15 -0.1642E-13  0.1000E-09  0.5171E-01  0.1000E-09  0.2723E+00  0.8919E+01  0.0000E+00
13554.9600 10  1    0.2825    0.8001    0.2825    0.0000   -1.7298   -0.0902    0.0071    0.1934   -5.2804   -0.3911  0.8415E+02  0.7722E+03  0.1117E-15 -0.1642E-13  0.1000E-09  0.5171E-01  0.1000E-09  0.2723E+00  0.8919E+01  0.0000E+00
13555.9600 10  1    0.2825    0.8001    0.2825    0.0000   -1.7298   -0.0902    0.0071    0.1934   -5.2806   -0.3911  0.8415E+02  0.7722E+03  0.1117E-15 -0.1642E-13  0.1000E-09  0.5171E-01  0.1000E-09  0.2723E+00  0.8919E+01  0.0000E+00
13556.9600 10  1    0.2825    0.8001    0.2825    0.0000   -1.7298   -0.0902    0.0071    0.1934   -5.2808   -0.3911  0.8416E+02  0.7722E+03  0.1118E-15 -0.1642E-13  0.1000E-09  0.5171E-01  0.1000E-09  0.2723E+00  0.8919E+01  0.0000E+00
13557.9600 10  1    0.2825    0.8001    0.2825    0.0000   -1.7298   -0.0902    0.0071    0.1934   -5.2810   -0.3911  0.8416E+02  0.7722E+03  0.1118E-15 -0.1643E-13  0.1000E-09  0.5171E-01  0.1000E-09  0.2723E+00  0.8919E+01  0.0000E+00
13558.9600 10  1    0.2825    0.8001    0.2825    0.0000   -1.7298   -0.0902    0.0071    0.1934   -5.2812   -0.3910  0.8416E+02  0.7722E+03  0.1118E-15 -0.1643E-13  0.1000E-09  0.5170E-01  0.1000E-09  0.2723E+00  0.8919E+01  0.0000E+00
13559.9600 10  1    0.2825    0.8001    0.2825    0.0000   -1.7298   -0.0902    0.0071    0.1934   -5.2814   -0.3910  0.8416E+02  0.7722E+03  0.1118E-15 -0.1643E-13  0.1000E-09  0.5170E-01  0.1000E-09  0.2723E+00  0.8919E+01  0.0000E+00
13560.9600 10  1    0.2825    0.8001    0.2825    0.0000   -1.7298   -0.0902    0.0071    0.1934   -5.2816   -0.3910  0.8416E+02  0.7722E+03  0.1119E-15 -0.1643E-13  0.1000E-09  0.5170E-01  0.1000E-09  0.2723E+00  0.8919E+01  0.0000E+00
13561.9600 10  1    0.2825    0.8001    0.2825    0.0000   -1.7298   -0.0902    0.0071    0.1934   -5.2819   -0.3910  0.8416E+02  0.7722E+03  0.1119E-15 -0.1644E-13  0.1000E-09  0.5170E-01  0.1000E-09  0.2723E+00  0.8918E+01  0.0000E+00
13562.9600 10  1    0.2825    0.8001    0.2825    0.0000   -1.7298   -0.0902    0.0071    0.1934   -5.2821   -0.3909  0.8417E+02  0.7722E+03  0.1119E-15 -0.1644E-13  0.1000E-09  0.5170E-01  0.1000E-09  0.2723E+00  0.8918E+01  0.0000E+00
13563.9600 10  1    0.2825    0.8001    0.2825    0.0000   -1.7298   -0.0902    0.0071    0.1935   -5.2823   -0.3909  0.8417E+02  0.7722E+03  0.1119E-15 -0.1644E-13  0.1000E-09  0.5170E-01  0.1000E-09  0.2724E+00  0.8918E+01  0.0000E+00
13564.9600 10  1    0.2825    0.8001    0.2825    0.0000   -1.7298   -0.0902    0.0071    0.1935   -5.2825   -0.3909  0.8417E+02  0.7722E+03  0.1119E-15 -0.1645E-13  0.1000E-09  0.5170E-01  0.1000E-09  0.2724E+00  0.8918E+01  0.0000E+00
13565.9600 10  1    0.2825    0.8001    0.2825    0.0000   -1.7298   -0.0901    0.0071    0.1935   -5.2827   -0.3909  0.8417E+02  0.7722E+03  0.1120E-15 -0.1645E-13  0.1000E-09  0.5170E-01  0.1000E-09  0.2724E+00  0.8918E+01  0.0000E+00
13566.9600 10  1    0.2825    0.8001    0.2825    0.0000   -1.7298   -0.0901    0.0071    0.1935   -5.2829   -0.3909  0.8417E+02  0.7722E+03  0.1120E-15 -0.1645E-13  0.1000E-09  0.5170E-01  0.1000E-09  0.2724E+00  0.8918E+01  0.0000E+00
13567.9600 10  1    0.2825    0.8001    0.2825    0.0000   -1.7298   -0.0901    0.0071    0.1935   -5.2831   -0.3908  0.8418E+02  0.7722E+03  0.1120E-15 -0.1645E-13  0.1000E-09  0.5170E-01  0.1000E-09  0.2724E+00  0.8918E+01  0.0000E+00
13568.9600 10  1    0.2825    0.8001    0.2825    0.0000   -1.7298   -0.0901    0.0071    0.1935   -5.2833   -0.3908  0.8418E+02  0.7722E+03  0.1120E-15 -0.1646E-13  0.1000E-09  0.5170E-01  0.1000E-09  0.2724E+00  0.8918E+01  0.0000E+00
13569.9600 10  1    0.2825    0.8001    0.2825    0.0000   -1.7298   -0.0901    0.0071    0.1935   -5.2835   -0.3908  0.8418E+02  0.7722E+03  0.1120E-15 -0.1646E-13  0.1000E-09  0.5170E-01  0.1000E-09  0.2724E+00  0.8918E+01  0.0000E+00
13570.9600 10  1    0.2825    0.8001    0.2825    0.0000   -1.7298   -0.0901    0.0071    0.1935   -5.2837   -0.3908  0.8418E+02  0.7722E+03  0.1121E-15 -0.1646E-13  0.1000E-09  0.5170E-01  0.1000E-09  0.2724E+00  0.8918E+01  0.0000E+00
13571.9600 10  1    0.2825    0.8001    0.2825    0.0000   -1.7298   -0.0901    0.0071    0.1935   -5.2839   -0.3908  0.8418E+02  0.7723E+03  0.1121E-15 -0.1647E-13  0.1000E-09  0.5170E-01  0.1000E-09  0.2724E+00  0.8918E+01  0.0000E+00
13572.9600 10  1    0.2825    0.8001    0.2825    0.0000   -1.7298   -0.0901    0.0071    0.1935   -5.2841   -0.3907  0.8419E+02  0.7723E+03  0.1121E-15 -0.1647E-13  0.1000E-09  0.5170E-01  0.1000E-09  0.2724E+00  0.8918E+01  0.0000E+00
13573.9600 10  1    0.2825    0.8001    0.2825    0.0000   -1.7298   -0.0901    0.0071    0.1935   -5.2843   -0.3907  0.8419E+02  0.7723E+03  0.1121E-15 -0.1647E-13  0.1000E-09  0.5170E-01  0.1000E-09  0.2724E+00  0.8918E+01  0.0000E+00
13574.9600 10  1    0.2825    0.8001    0.2825    0.0000   -1.7298   -0.0901    0.0071    0.1935   -5.2846   -0.3907  0.8419E+02  0.7723E+03  0.1121E-15 -0.1647E-13  0.1000E-09  0.5170E-01  0.1000E-09  0.2724E+00  0.8918E+01  0.0000E+00
13575.9600 10  1    0.2825    0.8001    0.2825    0.0000   -1.7298   -0.0901    0.0071    0.1935   -5.2848   -0.3907  0.8419E+02  0.7723E+03  0.1122E-15 -0.1648E-13  0.1000E-09  0.5170E-01  0.1000E-09  0.2724E+00  0.8918E+01  0.0000E+00
13576.9600 10  1    0.2825    0.8001    0.2825    0.0000   -1.7298   -0.0901    0.0071    0.1935   -5.2850   -0.3907  0.8419E+02  0.7723E+03  0.1122E-15 -0.1648E-13  0.1000E-09  0.5170E-01  0.1000E-09  0.2724E+00  0.8918E+01  0.0000E+00
13577.9600 10  1    0.2825    0.8001    0.2825    0.0000   -1.7298   -0.0901    0.0071    0.1935   -5.2852   -0.3906  0.8419E+02  0.7723E+03  0.1122E-15 -0.1648E-13  0.1000E-09  0.5170E-01  0.1000E-09  0.2724E+00  0.8918E+01  0.0000E+00
13578.9600 10  1    0.2825    0.8001    0.2825    0.0000   -1.7298   -0.0901    0.0071    0.1935   -5.2854   -0.3906  0.8420E+02  0.7723E+03  0.1122E-15 -0.1648E-13  0.1000E-09  0.5170E-01  0.1000E-09  0.2724E+00  0.8918E+01  0.0000E+00
13579.9600 10  1    0.2825    0.8001    0.2825    0.0000   -1.7298   -0.0901    0.0071    0.1935   -5.2856   -0.3906  0.8420E+02  0.7723E+03  0.1123E-15 -0.1649E-13  0.1000E-09  0.5170E-01  0.1000E-09  0.2725E+00  0.8918E+01  0.0000E+00
13580.9600 10  1    0.2825    0.8001    0.2825    0.0000   -1.7298   -0.0901    0.0071    0.1935   -5.2858   -0.3906  0.8420E+02  0.7723E+03  0.1123E-15 -0.1649E-13  0.1000E-09  0.5170E-01  0.1000E-09  0.2725E+00  0.8918E+01  0.0000E+00
13581.9600 10  1    0.2825    0.8001    0.2825    0.0000   -1.7298   -0.0901    0.0071    0.1935   -5.2860   -0.3906  0.8420E+02  0.7723E+03  0.1123E-15 -0.1649E-13  0.1000E-09  0.5170E-01  0.1000E-09  0.2725E+00  0.8918E+01  0.0000E+00
13582.9600 10  1    0.2825    0.8001    0.2825    0.0000   -1.7298   -0.0900    0.0071    0.1935   -5.2862   -0.3905  0.8420E+02  0.7723E+03  0.1123E-15 -0.1650E-13  0.1000E-09  0.5170E-01  0.1000E-09  0.2725E+00  0.8918E+01  0.0000E+00
13583.9600 10  1    0.2825    0.8001    0.2825    0.0000   -1.7298   -0.0900    0.0071    0.1935   -5.2864   -0.3905  0.8421E+02  0.7723E+03  0.1123E-15 -0.1650E-13  0.1000E-09  0.5170E-01  0.1000E-09  0.2725E+00  0.8918E+01  0.0000E+00
13584.9600 10  1    0.2825    0.8001    0.2825    0.0000   -1.7298   -0.0900    0.0071    0.1935   -5.2866   -0.3905  0.8421E+02  0.7723E+03  0.1123E-15 -0.1650E-13  0.1000E-09  0.5170E-01  0.1000E-09  0.2725E+00  0.8918E+01  0.0000E+00
13585.9600 10  1    0.2825    0.8001    0.2825    0.0000   -1.7298   -0.0900    0.0071    0.1935   -5.2868   -0.3905  0.8421E+02  0.7723E+03  0.1123E-15 -0.1650E-13  0.1000E-09  0.5170E-01  0.1000E-09  0.2725E+00  0.8918E+01  0.0000E+00
13586.9600 10  1    0.2825    0.8001    0.2825    0.0000   -1.7298   -0.0900    0.0071    0.1935   -5.2870   -0.3905  0.8421E+02  0.7723E+03  0.1123E-15 -0.1650E-13  0.1000E-09  0.5170E-01  0.1000E-09  0.2725E+00  0.8918E+01  0.0000E+00
13587.9600 10  1    0.2825    0.8001    0.2825    0.0000   -1.7298   -0.0900    0.0071    0.1935   -5.2872   -0.3904  0.8421E+02  0.7723E+03  0.1123E-15 -0.1650E-13  0.1000E-09  0.5170E-01  0.1000E-09  0.2725E+00  0.8918E+01  0.0000E+00
13588.9600 10  1    0.2825    0.8001    0.2825    0.0000   -1.7298   -0.0900    0.0071    0.1935   -5.2875   -0.3904  0.8421E+02  0.7723E+03  0.1123E-15 -0.1650E-13  0.1000E-09  0.5170E-01  0.1000E-09  0.2725E+00  0.8918E+01  0.0000E+00
13589.9600 10  1    0.2825    0.8001    0.2825    0.0000   -1.7298   -0.0900    0.0071    0.1935   -5.2877   -0.3904  0.8422E+02  0.7723E+03  0.1123E-15 -0.1650E-13  0.1000E-09  0.5170E-01  0.1000E-09  0.2725E+00  0.8918E+01  0.0000E+00
13590.9600 10  1    0.2825    0.8001    0.2825    0.0000   -1.7298   -0.0900    0.0071    0.1935   -5.2879   -0.3904  0.8422E+02  0.7723E+03  0.1124E-15 -0.1650E-13  0.1000E-09  0.5169E-01  0.1000E-09  0.2725E+00  0.8918E+01  0.0000E+00
13591.9600 10  1    0.2825    0.8001    0.2825    0.0000   -1.7298   -0.0900    0.0071    0.1935   -5.2881   -0.3904  0.8422E+02  0.7723E+03  0.1124E-15 -0.1650E-13  0.1000E-09  0.5169E-01  0.1000E-09  0.2725E+00  0.8918E+01  0.0000E+00
13592.9600 10  1    0.2825    0.8001    0.2825    0.0000   -1.7298   -0.0900    0.0071    0.1935   -5.2883   -0.3903  0.8422E+02  0.7723E+03  0.1124E-15 -0.1650E-13  0.1000E-09  0.5169E-01  0.1000E-09  0.2725E+00  0.8918E+01  0.0000E+00
13593.9600 10  1    0.2825    0.8001    0.2825    0.0000   -1.7298   -0.0900    0.0071    0.1935   -5.2885   -0.3903  0.8422E+02  0.7723E+03  0.1124E-15 -0.1650E-13  0.1000E-09  0.5169E-01  0.1000E-09  0.2725E+00  0.8918E+01  0.0000E+00
13594.9600 10  1    0.2825    0.8001    0.2825    0.0000   -1.7298   -0.0900    0.0071    0.1935   -5.2887   -0.3903  0.8423E+02  0.7723E+03  0.1124E-15 -0.1650E-13  0.1000E-09  0.5169E-01  0.1000E-09  0.2725E+00  0.8918E+01  0.0000E+00
13595.9600 10  1    0.2825    0.8001    0.2825    0.0000   -1.7298   -0.0900    0.0071    0.1935   -5.2889   -0.3903  0.8423E+02  0.7723E+03  0.1124E-15 -0.1650E-13  0.1000E-09  0.5169E-01  0.1000E-09  0.2726E+00  0.8918E+01  0.0000E+00
13596.9600 10  1    0.2825    0.8001    0.2825    0.0000   -1.7298   -0.0900    0.0071    0.1935   -5.2891   -0.3903  0.8423E+02  0.7723E+03  0.1124E-15 -0.1650E-13  0.1000E-09  0.5169E-01  0.1000E-09  0.2726E+00  0.8918E+01  0.0000E+00
13597.9600 10  1    0.2825    0.8001    0.2825    0.0000   -1.7298   -0.0900    0.0071    0.1935   -5.2893   -0.3902  0.8423E+02  0.7723E+03  0.1124E-15 -0.1650E-13  0.1000E-09  0.5169E-01  0.1000E-09  0.2726E+00  0.8918E+01  0.0000E+00
13598.9600 10  1    0.2825    0.8001    0.2825    0.0000   -1.7298   -0.0900    0.0071    0.1936   -5.2895   -0.3902  0.8423E+02  0.7723E+03  0.1124E-15 -0.1650E-13  0.1000E-09  0.5169E-01  0.1000E-09  0.2726E+00  0.8918E+01  0.0000E+00
13599.9600 10  1    0.2825    0.8001    0.2825    0.0000   -1.7298   -0.0900    0.0071    0.1936   -5.2897   -0.3902  0.8424E+02  0.7723E+03  0.1124E-15 -0.1650E-13  0.1000E-09  0.5169E-01  0.1000E-09  0.2726E+00  0.8918E+01  0.0000E+00
13600.9600 10  1    0.2825    0.8001    0.2825    0.0000   -1.7298   -0.0899    0.0071    0.1936   -5.2899   -0.3902  0.8424E+02  0.7723E+03  0.1124E-15 -0.1650E-13  0.1000E-09  0.5169E-01  0.1000E-09  0.2726E+00  0.8918E+01  0.0000E+00
13601.9600 10  1    0.2825    0.8001    0.2825    0.0000   -1.7298   -0.0899    0.0071    0.1936   -5.2901   -0.3902  0.8424E+02  0.7723E+03  0.1124E-15 -0.1650E-13  0.1000E-09  0.5169E-01  0.1000E-09  0.2726E+00  0.8918E+01  0.0000E+00
13602.9600 10  1    0.2825    0.8001    0.2825    0.0000   -1.7298   -0.0899    0.0071    0.1936   -5.2903   -0.3901  0.8424E+02  0.7723E+03  0.1124E-15 -0.1650E-13  0.1000E-09  0.5169E-01  0.1000E-09  0.2726E+00  0.8918E+01  0.0000E+00
13603.9600 10  1    0.2825    0.8001    0.2825    0.0000   -1.7298   -0.0899    0.0071    0.1936   -5.2906   -0.3901  0.8424E+02  0.7723E+03  0.1124E-15 -0.1650E-13  0.1000E-09  0.5169E-01  0.1000E-09  0.2726E+00  0.8918E+01  0.0000E+00
13604.9600 10  1    0.2825    0.8001    0.2825    0.0000   -1.7298   -0.0899    0.0071    0.1936   -5.2908   -0.3901  0.8424E+02  0.7723E+03  0.1124E-15 -0.1650E-13  0.1000E-09  0.5169E-01  0.1000E-09  0.2726E+00  0.8918E+01  0.0000E+00
13605.9600 10  1    0.2825    0.8001    0.2825    0.0000   -1.7298   -0.0899    0.0071    0.1936   -5.2910   -0.3901  0.8425E+02  0.7723E+03  0.1124E-15 -0.1650E-13  0.1000E-09  0.5169E-01  0.1000E-09  0.2726E+00  0.8918E+01  0.0000E+00
13606.9600 10  1    0.2825    0.8001    0.2825    0.0000   -1.7298   -0.0899    0.0071    0.1936   -5.2912   -0.3901  0.8425E+02  0.7723E+03  0.1124E-15 -0.1650E-13  0.1000E-09  0.5169E-01  0.1000E-09  0.2726E+00  0.8918E+01  0.0000E+00
13607.9600 10  1    0.2825    0.8001    0.2825    0.0000   -1.7298   -0.0899    0.0071    0.1936   -5.2914   -0.3900  0.8425E+02  0.7723E+03  0.1124E-15 -0.1650E-13  0.1000E-09  0.5169E-01  0.1000E-09  0.2726E+00  0.8918E+01  0.0000E+00
13608.9600 10  1    0.2825    0.8001    0.2825    0.0000   -1.7298   -0.0899    0.0071    0.1936   -5.2916   -0.3900  0.8425E+02  0.7723E+03  0.1124E-15 -0.1650E-13  0.1000E-09  0.5169E-01  0.1000E-09  0.2726E+00  0.8918E+01  0.0000E+00
13609.9600 10  1    0.2825    0.8001    0.2825    0.0000   -1.7298   -0.0899    0.0071    0.1936   -5.2918   -0.3900  0.8425E+02  0.7723E+03  0.1124E-15 -0.1650E-13  0.1000E-09  0.5169E-01  0.1000E-09  0.2726E+00  0.8918E+01  0.0000E+00
13610.9600 10  1    0.2825    0.8001    0.2825    0.0000   -1.7298   -0.0899    0.0071    0.1936   -5.2920   -0.3900  0.8426E+02  0.7723E+03  0.1124E-15 -0.1650E-13  0.1000E-09  0.5169E-01  0.1000E-09  0.2726E+00  0.8918E+01  0.0000E+00
13611.9600 10  1    0.2825    0.8001    0.2825    0.0000   -1.7298   -0.0899    0.0071    0.1936   -5.2922   -0.3900  0.8426E+02  0.7723E+03  0.1124E-15 -0.1650E-13  0.1000E-09  0.5169E-01  0.1000E-09  0.2727E+00  0.8918E+01  0.0000E+00
13612.9600 10  1    0.2825    0.8001    0.2825    0.0000   -1.7298   -0.0899    0.0071    0.1936   -5.2924   -0.3899  0.8426E+02  0.7723E+03  0.1124E-15 -0.1650E-13  0.1000E-09  0.5169E-01  0.1000E-09  0.2727E+00  0.8918E+01  0.0000E+00
13613.9600 10  1    0.2825    0.8001    0.2825    0.0000   -1.7298   -0.0899    0.0071    0.1936   -5.2926   -0.3899  0.8426E+02  0.7723E+03  0.1124E-15 -0.1650E-13  0.1000E-09  0.5169E-01  0.1000E-09  0.2727E+00  0.8918E+01  0.0000E+00
13614.9600 10  1    0.2825    0.8001    0.2825    0.0000   -1.7298   -0.0899    0.0071    0.1936   -5.2928   -0.3899  0.8426E+02  0.7723E+03  0.1124E-15 -0.1650E-13  0.1000E-09  0.5169E-01  0.1000E-09  0.2727E+00  0.8918E+01  0.0000E+00
13615.9600 10  1    0.2825    0.8001    0.2825    0.0000   -1.7298   -0.0899    0.0071    0.1936   -5.2930   -0.3899  0.8426E+02  0.7723E+03  0.1124E-15 -0.1650E-13  0.1000E-09  0.5169E-01  0.1000E-09  0.2727E+00  0.8918E+01  0.0000E+00
13616.9600 10  1    0.2825    0.8001    0.2825    0.0000   -1.7298   -0.0899    0.0071    0.1936   -5.2932   -0.3899  0.8427E+02  0.7723E+03  0.1124E-15 -0.1650E-13  0.1000E-09  0.5169E-01  0.1000E-09  0.2727E+00  0.8918E+01  0.0000E+00
13617.9600 10  1    0.2825    0.8001    0.2825    0.0000   -1.7298   -0.0898    0.0071    0.1936   -5.2935   -0.3898  0.8427E+02  0.7723E+03  0.1124E-15 -0.1650E-13  0.1000E-09  0.5169E-01  0.1000E-09  0.2727E+00  0.8918E+01  0.0000E+00
13618.9600 10  1    0.2825    0.8001    0.2825    0.0000   -1.7298   -0.0898    0.0071    0.1936   -5.2937   -0.3898  0.8427E+02  0.7723E+03  0.1124E-15 -0.1650E-13  0.1000E-09  0.5169E-01  0.1000E-09  0.2727E+00  0.8918E+01  0.0000E+00
13619.9600 10  1    0.2825    0.8001    0.2825    0.0000   -1.7298   -0.0898    0.0071    0.1936   -5.2939   -0.3898  0.8427E+02  0.7723E+03  0.1124E-15 -0.1650E-13  0.1000E-09  0.5169E-01  0.1000E-09  0.2727E+00  0.8918E+01  0.0000E+00
13620.9600 10  1    0.2825    0.8001    0.2825    0.0000   -1.7298   -0.0898    0.0071    0.1936   -5.2941   -0.3898  0.8427E+02  0.7724E+03  0.1124E-15 -0.1650E-13  0.1000E-09  0.5169E-01  0.1000E-09  0.2727E+00  0.8918E+01  0.0000E+00
13621.9600 10  1    0.2825    0.8001    0.2825    0.0000   -1.7298   -0.0898    0.0071    0.1936   -5.2943   -0.3898  0.8428E+02  0.7724E+03  0.1124E-15 -0.1650E-13  0.1000E-09  0.5168E-01  0.1000E-09  0.2727E+00  0.8918E+01  0.0000E+00
13622.9600 10  1    0.2825    0.8001    0.2825    0.0000   -1.7298   -0.0898    0.0071    0.1936   -5.2945   -0.3897  0.8428E+02  0.7724E+03  0.1124E-15 -0.1650E-13  0.1000E-09  0.5168E-01  0.1000E-09  0.2727E+00  0.8918E+01  0.0000E+00
13623.9600 10  1    0.2825    0.8001    0.2825    0.0000   -1.7298   -0.0898    0.0071    0.1936   -5.2947   -0.3897  0.8428E+02  0.7724E+03  0.1124E-15 -0.1650E-13  0.1000E-09  0.5168E-01  0.1000E-09  0.2727E+00  0.8918E+01  0.0000E+00
13624.9600 10  1    0.2825    0.8001    0.2825    0.0000   -1.7298   -0.0898    0.0071    0.1936   -5.2949   -0.3897  0.8428E+02  0.7724E+03  0.1124E-15 -0.1650E-13  0.1000E-09  0.5168E-01  0.1000E-09  0.2727E+00  0.8918E+01  0.0000E+00
13625.9600 10  1    0.2825    0.8001    0.2825    0.0000   -1.7298   -0.0898    0.0071    0.1936   -5.2951   -0.3897  0.8428E+02  0.7724E+03  0.1124E-15 -0.1650E-13  0.1000E-09  0.5168E-01  0.1000E-09  0.2727E+00  0.8918E+01  0.0000E+00
13626.9600 10  1    0.2825    0.8001    0.2825    0.0000   -1.7298   -0.0898    0.0071    0.1936   -5.2953   -0.3897  0.8429E+02  0.7724E+03  0.1124E-15 -0.1650E-13  0.1000E-09  0.5168E-01  0.1000E-09  0.2727E+00  0.8918E+01  0.0000E+00
13627.9600 10  1    0.2825    0.8001    0.2825    0.0000   -1.7298   -0.0898    0.0071    0.1936   -5.2955   -0.3896  0.8429E+02  0.7724E+03  0.1124E-15 -0.1650E-13  0.1000E-09  0.5168E-01  0.1000E-09  0.2728E+00  0.8918E+01  0.0000E+00
13628.9600 10  1    0.2825    0.8001    0.2825    0.0000   -1.7298   -0.0898    0.0071    0.1936   -5.2957   -0.3896  0.8429E+02  0.7724E+03  0.1124E-15 -0.1650E-13  0.1000E-09  0.5168E-01  0.1000E-09  0.2728E+00  0.8917E+01  0.0000E+00
13629.9600 10  1    0.2825    0.8001    0.2825    0.0000   -1.7298   -0.0898    0.0071    0.1936   -5.2959   -0.3896  0.8429E+02  0.7724E+03  0.1124E-15 -0.1650E-13  0.1000E-09  0.5168E-01  0.1000E-09  0.2728E+00  0.8917E+01  0.0000E+00
13630.9600 10  1    0.2825    0.8001    0.2825    0.0000   -1.7298   -0.0898    0.0071    0.1936   -5.2961   -0.3896  0.8429E+02  0.7724E+03  0.1125E-15 -0.1650E-13  0.1000E-09  0.5168E-01  0.1000E-09  0.2728E+00  0.8917E+01  0.0000E+00
13631.9600 10  1    0.2825    0.8001    0.2825    0.0000   -1.7298   -0.0898    0.0071    0.1936   -5.2963   -0.3896  0.8429E+02  0.7724E+03  0.1125E-15 -0.1650E-13  0.1000E-09  0.5168E-01  0.1000E-09  0.2728E+00  0.8917E+01  0.0000E+00
13632.9600 10  1    0.2825    0.8001    0.2825    0.0000   -1.7298   -0.0898    0.0071    0.1936   -5.2965   -0.3895  0.8430E+02  0.7724E+03  0.1125E-15 -0.1650E-13  0.1000E-09  0.5168E-01  0.1000E-09  0.2728E+00  0.8917E+01  0.0000E+00
13633.9600 10  1    0.2825    0.8001    0.2825    0.0000   -1.7298   -0.0898    0.0071    0.1937   -5.2968   -0.3895  0.8430E+02  0.7724E+03  0.1125E-15 -0.1650E-13  0.1000E-09  0.5168E-01  0.1000E-09  0.2728E+00  0.8917E+01  0.0000E+00
13634.9600 10  1    0.2825    0.8001    0.2825    0.0000   -1.7298   -0.0898    0.0071    0.1937   -5.2970   -0.3895  0.8430E+02  0.7724E+03  0.1125E-15 -0.1650E-13  0.1000E-09  0.5168E-01  0.1000E-09  0.2728E+00  0.8917E+01  0.0000E+00
13635.9600 10  1    0.2825    0.8001    0.2825    0.0000   -1.7298   -0.0897    0.0071    0.1937   -5.2972   -0.3895  0.8430E+02  0.7724E+03  0.1125E-15 -0.1650E-13  0.1000E-09  0.5168E-01  0.1000E-09  0.2728E+00  0.8917E+01  0.0000E+00
13636.9600 10  1    0.2825    0.8001    0.2825    0.0000   -1.7298   -0.0897    0.0071    0.1937   -5.2974   -0.3895  0.8430E+02  0.7724E+03  0.1125E-15 -0.1650E-13  0.1000E-09  0.5168E-01  0.1000E-09  0.2728E+00  0.8917E+01  0.0000E+00
13637.9600 10  1    0.2825    0.8001    0.2825    0.0000   -1.7298   -0.0897    0.0071    0.1937   -5.2976   -0.3894  0.8431E+02  0.7724E+03  0.1125E-15 -0.1650E-13  0.1000E-09  0.5168E-01  0.1000E-09  0.2728E+00  0.8917E+01  0.0000E+00
13638.9600 10  1    0.2825    0.8001    0.2825    0.0000   -1.7298   -0.0897    0.0071    0.1937   -5.2978   -0.3894  0.8431E+02  0.7724E+03  0.1125E-15 -0.1650E-13  0.1000E-09  0.5168E-01  0.1000E-09  0.2728E+00  0.8917E+01  0.0000E+00
13639.9600 10  1    0.2825    0.8001    0.2825    0.0000   -1.7298   -0.0897    0.0071    0.1937   -5.2980   -0.3894  0.8431E+02  0.7724E+03  0.1125E-15 -0.1650E-13  0.1000E-09  0.5168E-01  0.1000E-09  0.2728E+00  0.8917E+01  0.0000E+00
13640.9600 10  1    0.2825    0.8001    0.2825    0.0000   -1.7298   -0.0897    0.0071    0.1937   -5.2982   -0.3894  0.8431E+02  0.7724E+03  0.1125E-15 -0.1650E-13  0.1000E-09  0.5168E-01  0.1000E-09  0.2728E+00  0.8917E+01  0.0000E+00
13641.9600 10  1    0.2825    0.8001    0.2825    0.0000   -1.7298   -0.0897    0.0071    0.1937   -5.2984   -0.3894  0.8431E+02  0.7724E+03  0.1125E-15 -0.1650E-13  0.1000E-09  0.5168E-01  0.1000E-09  0.2728E+00  0.8917E+01  0.0000E+00
13642.9600 10  1    0.2825    0.8001    0.2825    0.0000   -1.7298   -0.0897    0.0071    0.1937   -5.2986   -0.3893  0.8432E+02  0.7724E+03  0.1125E-15 -0.1650E-13  0.1000E-09  0.5168E-01  0.1000E-09  0.2728E+00  0.8917E+01  0.0000E+00
13643.9600 10  1    0.2825    0.8001    0.2825    0.0000   -1.7298   -0.0897    0.0071    0.1937   -5.2988   -0.3893  0.8432E+02  0.7724E+03  0.1125E-15 -0.1650E-13  0.1000E-09  0.5168E-01  0.1000E-09  0.2729E+00  0.8917E+01  0.0000E+00
13644.9600 10  1    0.2825    0.8001    0.2825    0.0000   -1.7298   -0.0897    0.0071    0.1937   -5.2990   -0.3893  0.8432E+02  0.7724E+03  0.1125E-15 -0.1650E-13  0.1000E-09  0.5168E-01  0.1000E-09  0.2729E+00  0.8917E+01  0.0000E+00
13645.9600 10  1    0.2825    0.8001    0.2825    0.0000   -1.7298   -0.0897    0.0071    0.1937   -5.2992   -0.3893  0.8432E+02  0.7724E+03  0.1125E-15 -0.1650E-13  0.1000E-09  0.5168E-01  0.1000E-09  0.2729E+00  0.8917E+01  0.0000E+00
13646.9600 10  1    0.2825    0.8001    0.2825    0.0000   -1.7298   -0.0897    0.0071    0.1937   -5.2994   -0.3893  0.8432E+02  0.7724E+03  0.1125E-15 -0.1650E-13  0.1000E-09  0.5168E-01  0.1000E-09  0.2729E+00  0.8917E+01  0.0000E+00
13647.9600 10  1    0.2825    0.8001    0.2825    0.0000   -1.7298   -0.0897    0.0071    0.1937   -5.2996   -0.3892  0.8432E+02  0.7724E+03  0.1125E-15 -0.1650E-13  0.1000E-09  0.5168E-01  0.1000E-09  0.2729E+00  0.8917E+01  0.0000E+00
13648.9600 10  1    0.2825    0.8001    0.2825    0.0000   -1.7298   -0.0897    0.0071    0.1937   -5.2998   -0.3892  0.8433E+02  0.7724E+03  0.1125E-15 -0.1650E-13  0.1000E-09  0.5168E-01  0.1000E-09  0.2729E+00  0.8917E+01  0.0000E+00
13649.9600 10  1    0.2825    0.8001    0.2825    0.0000   -1.7298   -0.0897    0.0071    0.1937   -5.3001   -0.3892  0.8433E+02  0.7724E+03  0.1125E-15 -0.1650E-13  0.1000E-09  0.5168E-01  0.1000E-09  0.2729E+00  0.8917E+01  0.0000E+00
13650.9600 10  1    0.2825    0.8001    0.2825    0.0000   -1.7298   -0.0897    0.0071    0.1937   -5.3003   -0.3892  0.8433E+02  0.7724E+03  0.1125E-15 -0.1650E-13  0.1000E-09  0.5168E-01  0.1000E-09  0.2729E+00  0.8917E+01  0.0000E+00
13651.9600 10  1    0.2825    0.8001    0.2825    0.0000   -1.7298   -0.0897    0.0071    0.1937   -5.3005   -0.3892  0.8433E+02  0.7724E+03  0.1125E-15 -0.1650E-13  0.1000E-09  0.5168E-01  0.1000E-09  0.2729E+00  0.8917E+01  0.0000E+00
13652.9600 10  1    0.2825    0.8001    0.2825    0.0000   -1.7298   -0.0896    0.0071    0.1937   -5.3007   -0.3891  0.8433E+02  0.7724E+03  0.1125E-15 -0.1650E-13  0.1000E-09  0.5167E-01  0.1000E-09  0.2729E+00  0.8917E+01  0.0000E+00
13653.9600 10  1    0.2825    0.8001    0.2825    0.0000   -1.7298   -0.0896    0.0071    0.1937   -5.3009   -0.3891  0.8434E+02  0.7724E+03  0.1125E-15 -0.1650E-13  0.1000E-09  0.5167E-01  0.1000E-09  0.2729E+00  0.8917E+01  0.0000E+00
13654.9600 10  1    0.2825    0.8001    0.2825    0.0000   -1.7298   -0.0896    0.0071    0.1937   -5.3011   -0.3891  0.8434E+02  0.7724E+03  0.1125E-15 -0.1650E-13  0.1000E-09  0.5167E-01  0.1000E-09  0.2729E+00  0.8917E+01  0.0000E+00
13655.9600 10  1    0.2825    0.8001    0.2825    0.0000   -1.7298   -0.0896    0.0071    0.1937   -5.3013   -0.3891  0.8434E+02  0.7724E+03  0.1125E-15 -0.1650E-13  0.1000E-09  0.5167E-01  0.1000E-09  0.2729E+00  0.8917E+01  0.0000E+00
13656.9600 10  1    0.2825    0.8001    0.2825    0.0000   -1.7298   -0.0896    0.0071    0.1937   -5.3015   -0.3891  0.8434E+02  0.7724E+03  0.1125E-15 -0.1650E-13  0.1000E-09  0.5167E-01  0.1000E-09  0.2729E+00  0.8917E+01  0.0000E+00
13657.9600 10  1    0.2825    0.8001    0.2825    0.0000   -1.7298   -0.0896    0.0071    0.1937   -5.3017   -0.3890  0.8434E+02  0.7724E+03  0.1125E-15 -0.1650E-13  0.1000E-09  0.5167E-01  0.1000E-09  0.2729E+00  0.8917E+01  0.0000E+00
13658.9600 10  1    0.2825    0.8001    0.2825    0.0000   -1.7298   -0.0896    0.0071    0.1937   -5.3019   -0.3890  0.8434E+02  0.7724E+03  0.1126E-15 -0.1650E-13  0.1000E-09  0.5167E-01  0.1000E-09  0.2729E+00  0.8917E+01  0.0000E+00
13659.9600 10  1    0.2825    0.8001    0.2825    0.0000   -1.7298   -0.0896    0.0071    0.1937   -5.3021   -0.3890  0.8435E+02  0.7724E+03  0.1126E-15 -0.1650E-13  0.1000E-09  0.5167E-01  0.1000E-09  0.2730E+00  0.8917E+01  0.0000E+00
13660.9600 10  1    0.2825    0.8001    0.2825    0.0000   -1.7298   -0.0896    0.0071    0.1937   -5.3023   -0.3890  0.8435E+02  0.7724E+03  0.1126E-15 -0.1651E-13  0.1000E-09  0.5167E-01  0.1000E-09  0.2730E+00  0.8917E+01  0.0000E+00
13661.9600 10  1    0.2825    0.8001    0.2825    0.0000   -1.7298   -0.0896    0.0071    0.1937   -5.3025   -0.3890  0.8435E+02  0.7724E+03  0.1126E-15 -0.1651E-13  0.1000E-09  0.5167E-01  0.1000E-09  0.2730E+00  0.8917E+01  0.0000E+00
13662.9600 10  1    0.2825    0.8001    0.2825    0.0000   -1.7298   -0.0896    0.0071    0.1937   -5.3027   -0.3889  0.8435E+02  0.7724E+03  0.1126E-15 -0.1651E-13  0.1000E-09  0.5167E-01  0.1000E-09  0.2730E+00  0.8917E+01  0.0000E+00
13663.9600 10  1    0.2825    0.8001    0.2825    0.0000   -1.7298   -0.0896    0.0071    0.1937   -5.3029   -0.3889  0.8435E+02  0.7724E+03  0.1126E-15 -0.1651E-13  0.1000E-09  0.5167E-01  0.1000E-09  0.2730E+00  0.8917E+01  0.0000E+00
13664.9600 10  1    0.2825    0.8001    0.2825    0.0000   -1.7298   -0.0896    0.0071    0.1937   -5.3031   -0.3889  0.8436E+02  0.7724E+03  0.1126E-15 -0.1651E-13  0.1000E-09  0.5167E-01  0.1000E-09  0.2730E+00  0.8917E+01  0.0000E+00
13665.9600 10  1    0.2825    0.8001    0.2825    0.0000   -1.7298   -0.0896    0.0071    0.1937   -5.3034   -0.3889  0.8436E+02  0.7724E+03  0.1127E-15 -0.1651E-13  0.1000E-09  0.5167E-01  0.1000E-09  0.2730E+00  0.8917E+01  0.0000E+00
13666.9600 10  1    0.2825    0.8001    0.2825    0.0000   -1.7298   -0.0896    0.0071    0.1937   -5.3036   -0.3889  0.8436E+02  0.7724E+03  0.1127E-15 -0.1652E-13  0.1000E-09  0.5167E-01  0.1000E-09  0.2730E+00  0.8917E+01  0.0000E+00
13667.9600 10  1    0.2825    0.8001    0.2825    0.0000   -1.7298   -0.0896    0.0071    0.1937   -5.3038   -0.3888  0.8436E+02  0.7724E+03  0.1127E-15 -0.1652E-13  0.1000E-09  0.5167E-01  0.1000E-09  0.2730E+00  0.8917E+01  0.0000E+00
13668.9600 10  1    0.2825    0.8001    0.2825    0.0000   -1.7298   -0.0896    0.0071    0.1938   -5.3040   -0.3888  0.8436E+02  0.7724E+03  0.1127E-15 -0.1652E-13  0.1000E-09  0.5167E-01  0.1000E-09  0.2730E+00  0.8917E+01  0.0000E+00
13669.9600 10  1    0.2825    0.8001    0.2825    0.0000   -1.7298   -0.0896    0.0071    0.1938   -5.3042   -0.3888  0.8437E+02  0.7725E+03  0.1127E-15 -0.1652E-13  0.1000E-09  0.5167E-01  0.1000E-09  0.2730E+00  0.8917E+01  0.0000E+00
13670.9600 10  1    0.2825    0.8001    0.2825    0.0000   -1.7298   -0.0895    0.0071    0.1938   -5.3044   -0.3888  0.8437E+02  0.7725E+03  0.1127E-15 -0.1652E-13  0.1000E-09  0.5167E-01  0.1000E-09  0.2730E+00  0.8917E+01  0.0000E+00
13671.9600 10  1    0.2825    0.8001    0.2825    0.0000   -1.7298   -0.0895    0.0071    0.1938   -5.3046   -0.3888  0.8437E+02  0.7725E+03  0.1127E-15 -0.1652E-13  0.1000E-09  0.5167E-01  0.1000E-09  0.2730E+00  0.8917E+01  0.0000E+00
13672.9600 10  1    0.2825    0.8001    0.2825    0.0000   -1.7298   -0.0895    0.0071    0.1938   -5.3048   -0.3887  0.8437E+02  0.7725E+03  0.1128E-15 -0.1653E-13  0.1000E-09  0.5167E-01  0.1000E-09  0.2730E+00  0.8917E+01  0.0000E+00
13673.9600 10  1    0.2825    0.8001    0.2825    0.0000   -1.7298   -0.0895    0.0071    0.1938   -5.3050   -0.3887  0.8437E+02  0.7725E+03  0.1128E-15 -0.1653E-13  0.1000E-09  0.5167E-01  0.1000E-09  0.2730E+00  0.8917E+01  0.0000E+00
13674.9600 10  1    0.2825    0.8001    0.2825    0.0000   -1.7298   -0.0895    0.0071    0.1938   -5.3052   -0.3887  0.8437E+02  0.7725E+03  0.1128E-15 -0.1653E-13  0.1000E-09  0.5167E-01  0.1000E-09  0.2730E+00  0.8917E+01  0.0000E+00
13675.9600 10  1    0.2825    0.8001    0.2825    0.0000   -1.7298   -0.0895    0.0071    0.1938   -5.3054   -0.3887  0.8438E+02  0.7725E+03  0.1128E-15 -0.1653E-13  0.1000E-09  0.5167E-01  0.1000E-09  0.2730E+00  0.8917E+01  0.0000E+00
13676.9600 10  1    0.2825    0.8001    0.2825    0.0000   -1.7298   -0.0895    0.0071    0.1938   -5.3056   -0.3887  0.8438E+02  0.7725E+03  0.1128E-15 -0.1653E-13  0.1000E-09  0.5167E-01  0.1000E-09  0.2731E+00  0.8917E+01  0.0000E+00
13677.9600 10  1    0.2825    0.8001    0.2825    0.0000   -1.7298   -0.0895    0.0071    0.1938   -5.3058   -0.3886  0.8438E+02  0.7725E+03  0.1128E-15 -0.1653E-13  0.1000E-09  0.5167E-01  0.1000E-09  0.2731E+00  0.8917E+01  0.0000E+00
13678.9600 10  1    0.2825    0.8001    0.2825    0.0000   -1.7298   -0.0895    0.0071    0.1938   -5.3060   -0.3886  0.8438E+02  0.7725E+03  0.1128E-15 -0.1654E-13  0.1000E-09  0.5167E-01  0.1000E-09  0.2731E+00  0.8917E+01  0.0000E+00
13679.9600 10  1    0.2825    0.8001    0.2825    0.0000   -1.7298   -0.0895    0.0071    0.1938   -5.3062   -0.3886  0.8438E+02  0.7725E+03  0.1129E-15 -0.1654E-13  0.1000E-09  0.5167E-01  0.1000E-09  0.2731E+00  0.8917E+01  0.0000E+00
13680.9600 10  1    0.2825    0.8001    0.2825    0.0000   -1.7298   -0.0895    0.0071    0.1938   -5.3064   -0.3886  0.8439E+02  0.7725E+03  0.1129E-15 -0.1654E-13  0.1000E-09  0.5167E-01  0.1000E-09  0.2731E+00  0.8917E+01  0.0000E+00
13681.9600 10  1    0.2825    0.8001    0.2825    0.0000   -1.7298   -0.0895    0.0071    0.1938   -5.3066   -0.3886  0.8439E+02  0.7725E+03  0.1129E-15 -0.1654E-13  0.1000E-09  0.5167E-01  0.1000E-09  0.2731E+00  0.8917E+01  0.0000E+00
13682.9600 10  1    0.2825    0.8001    0.2825    0.0000   -1.7298   -0.0895    0.0071    0.1938   -5.3069   -0.3885  0.8439E+02  0.7725E+03  0.1129E-15 -0.1654E-13  0.1000E-09  0.5167E-01  0.1000E-09  0.2731E+00  0.8917E+01  0.0000E+00
13683.9600 10  1    0.2825    0.8001    0.2825    0.0000   -1.7298   -0.0895    0.0071    0.1938   -5.3071   -0.3885  0.8439E+02  0.7725E+03  0.1129E-15 -0.1654E-13  0.1000E-09  0.5166E-01  0.1000E-09  0.2731E+00  0.8917E+01  0.0000E+00
13684.9600 10  1    0.2825    0.8001    0.2825    0.0000   -1.7298   -0.0895    0.0071    0.1938   -5.3073   -0.3885  0.8439E+02  0.7725E+03  0.1129E-15 -0.1655E-13  0.1000E-09  0.5166E-01  0.1000E-09  0.2731E+00  0.8917E+01  0.0000E+00
13685.9600 10  1    0.2825    0.8001    0.2825    0.0000   -1.7298   -0.0895    0.0071    0.1938   -5.3075   -0.3885  0.8440E+02  0.7725E+03  0.1129E-15 -0.1655E-13  0.1000E-09  0.5166E-01  0.1000E-09  0.2731E+00  0.8917E+01  0.0000E+00
13686.9600 10  1    0.2825    0.8001    0.2825    0.0000   -1.7298   -0.0895    0.0071    0.1938   -5.3077   -0.3884  0.8440E+02  0.7725E+03  0.1130E-15 -0.1655E-13  0.1000E-09  0.5166E-01  0.1000E-09  0.2731E+00  0.8917E+01  0.0000E+00
13687.9600 10  1    0.2825    0.8001    0.2825    0.0000   -1.7298   -0.0894    0.0071    0.1938   -5.3079   -0.3884  0.8440E+02  0.7725E+03  0.1130E-15 -0.1655E-13  0.1000E-09  0.5166E-01  0.1000E-09  0.2731E+00  0.8917E+01  0.0000E+00
13688.9600 10  1    0.2825    0.8001    0.2825    0.0000   -1.7298   -0.0894    0.0071    0.1938   -5.3081   -0.3884  0.8440E+02  0.7725E+03  0.1130E-15 -0.1655E-13  0.1000E-09  0.5166E-01  0.1000E-09  0.2731E+00  0.8917E+01  0.0000E+00
13689.9600 10  1    0.2825    0.8001    0.2825    0.0000   -1.7298   -0.0894    0.0071    0.1938   -5.3083   -0.3884  0.8440E+02  0.7725E+03  0.1130E-15 -0.1655E-13  0.1000E-09  0.5166E-01  0.1000E-09  0.2731E+00  0.8917E+01  0.0000E+00
13690.9600 10  1    0.2825    0.8001    0.2825    0.0000   -1.7298   -0.0894    0.0071    0.1938   -5.3085   -0.3884  0.8440E+02  0.7725E+03  0.1130E-15 -0.1656E-13  0.1000E-09  0.5166E-01  0.1000E-09  0.2731E+00  0.8917E+01  0.0000E+00
13691.9600 10  1    0.2825    0.8001    0.2825    0.0000   -1.7298   -0.0894    0.0071    0.1938   -5.3087   -0.3883  0.8441E+02  0.7725E+03  0.1130E-15 -0.1656E-13  0.1000E-09  0.5166E-01  0.1000E-09  0.2731E+00  0.8917E+01  0.0000E+00
13692.9600 10  1    0.2825    0.8001    0.2825    0.0000   -1.7298   -0.0894    0.0071    0.1938   -5.3089   -0.3883  0.8441E+02  0.7725E+03  0.1130E-15 -0.1656E-13  0.1000E-09  0.5166E-01  0.1000E-09  0.2732E+00  0.8917E+01  0.0000E+00
13693.9600 10  1    0.2825    0.8001    0.2825    0.0000   -1.7298   -0.0894    0.0071    0.1938   -5.3091   -0.3883  0.8441E+02  0.7725E+03  0.1131E-15 -0.1656E-13  0.1000E-09  0.5166E-01  0.1000E-09  0.2732E+00  0.8917E+01  0.0000E+00
13694.9600 10  1    0.2825    0.8001    0.2825    0.0000   -1.7298   -0.0894    0.0071    0.1938   -5.3093   -0.3883  0.8441E+02  0.7725E+03  0.1131E-15 -0.1656E-13  0.1000E-09  0.5166E-01  0.1000E-09  0.2732E+00  0.8916E+01  0.0000E+00
13695.9600 10  1    0.2825    0.8001    0.2825    0.0000   -1.7298   -0.0894    0.0071    0.1938   -5.3095   -0.3883  0.8441E+02  0.7725E+03  0.1131E-15 -0.1657E-13  0.1000E-09  0.5166E-01  0.1000E-09  0.2732E+00  0.8916E+01  0.0000E+00
13696.9600 10  1    0.2825    0.8001    0.2825    0.0000   -1.7298   -0.0894    0.0071    0.1938   -5.3097   -0.3882  0.8442E+02  0.7725E+03  0.1131E-15 -0.1657E-13  0.1000E-09  0.5166E-01  0.1000E-09  0.2732E+00  0.8916E+01  0.0000E+00
13697.9600 10  1    0.2825    0.8001    0.2825    0.0000   -1.7298   -0.0894    0.0071    0.1938   -5.3099   -0.3882  0.8442E+02  0.7725E+03  0.1131E-15 -0.1657E-13  0.1000E-09  0.5166E-01  0.1000E-09  0.2732E+00  0.8916E+01  0.0000E+00
13698.9600 10  1    0.2825    0.8001    0.2825    0.0000   -1.7298   -0.0894    0.0071    0.1938   -5.3101   -0.3882  0.8442E+02  0.7725E+03  0.1131E-15 -0.1657E-13  0.1000E-09  0.5166E-01  0.1000E-09  0.2732E+00  0.8916E+01  0.0000E+00
13699.9600 10  1    0.2825    0.8001    0.2825    0.0000   -1.7298   -0.0894    0.0071    0.1938   -5.3103   -0.3882  0.8442E+02  0.7725E+03  0.1131E-15 -0.1657E-13  0.1000E-09  0.5166E-01  0.1000E-09  0.2732E+00  0.8916E+01  0.0000E+00
13700.0000 10  1    0.2825    0.8001    0.2825    0.0000   -1.7298   -0.0894    0.0071    0.1938   -5.3104   -0.3882  0.8442E+02  0.7725E+03  0.1131E-15 -0.1657E-13  0.1000E-09  0.5166E-01  0.1000E-09  0.2732E+00  0.8916E+01  0.0000E+00
13700.0000 10  1    0.2825    0.8001    0.2825    0.0000   -1.7298   -0.0894    0.0071    0.1938   -5.3104   -0.3882  0.8442E+02  0.7725E+03  0.4506E-05 -0.6601E-03  0.1000E-09  0.5166E-01  0.1000E-09  0.2732E+00  0.8916E+01  0.0000E+00
   -1.0000 10  1    0.2825    0.8001    0.2825    0.0000   -1.7298   -0.0894    0.0071    0.1938   -5.3104   -0.3882  0.8442E+02  0.7725E+03  0.4506E-05 -0.6601E-03  0.1000E-09  0.5166E-01  0.1000E-09  0.2732E+00  0.8916E+01  0.0000E+00
