    0.0000  1  1   15.4882    9.2929    0.0000    0.0000    0.6979    0.5735    0.8231    0.7804    4.3390    3.6602  0.1987E+04  0.2840E+04  0.0000E+00  0.0000E+00  0.1056E-08  0.1177E-08  0.6654E-02  0.6045E-02  0.1430E+02  0.0000E+00
    0.0126  1  1   15.4881    9.2929    0.0000    0.0000    0.6983    0.5737    0.8184    0.7755    4.3392    3.6603  0.1870E+04  0.2635E+04 -0.6617E-08 -0.2068E-08  0.1059E-08  0.1178E-08  0.6655E-02  0.6053E-02  0.1439E+02  0.0000E+00
    0.0252  1  1   15.4880    9.2928    0.0000    0.0000    0.6986    0.5738    0.8162    0.7731    4.3395    3.6604  0.1824E+04  0.2475E+04 -0.7383E-08 -0.2282E-08  0.1062E-08  0.1179E-08  0.6656E-02  0.6061E-02  0.1444E+02  0.0000E+00
    0.0378  1  1   15.4879    9.2928    0.0000    0.0000    0.6989    0.5739    0.8151    0.7717    4.3398    3.6605  0.1803E+04  0.2348E+04 -0.6476E-08 -0.2556E-08  0.1065E-08  0.1180E-08  0.6657E-02  0.6071E-02  0.1447E+02  0.0000E+00
    0.0504  1  1   15.4878    9.2928    0.0000    0.0000    0.6993    0.5741    0.8145    0.7708    4.3400    3.6606  0.1792E+04  0.2245E+04 -0.6626E-08 -0.2074E-08  0.1068E-08  0.1181E-08  0.6650E-02  0.6081E-02  0.1450E+02  0.0000E+00
    0.0630  1  1   15.4877    9.2928    0.0000    0.0000    0.6996    0.5742    0.8142    0.7701    4.3403    3.6607  0.1785E+04  0.2161E+04 -0.6627E-08 -0.2075E-08  0.1071E-08  0.1182E-08  0.6647E-02  0.6091E-02  0.1451E+02  0.0000E+00
    0.0756  1  1   15.4877    9.2927    0.0000    0.0000    0.6999    0.5743    0.8141    0.7697    4.3405    3.6608  0.1781E+04  0.2092E+04 -0.6604E-08 -0.2077E-08  0.1074E-08  0.1184E-08  0.6650E-02  0.6101E-02  0.1452E+02  0.0000E+00
    0.0882  1  1   15.4876    9.2927    0.0000    0.0000    0.7002    0.5744    0.8141    0.7694    4.3408    3.6609  0.1778E+04  0.2035E+04 -0.6600E-08 -0.2077E-08  0.1077E-08  0.1185E-08  0.6680E-02  0.6111E-02  0.1453E+02  0.0000E+00
    0.1008  1  1   15.4875    9.2927    0.0000    0.0000    0.7005    0.5746    0.8143    0.7692    4.3411    3.6610  0.1776E+04  0.1989E+04 -0.6636E-08 -0.2074E-08  0.1080E-08  0.1186E-08  0.6712E-02  0.6121E-02  0.1454E+02  0.0000E+00
    0.1134  1  1   15.4874    9.2927    0.0000    0.0000    0.7009    0.5747    0.8145    0.7691    4.3413    3.6611  0.1774E+04  0.1950E+04 -0.6653E-08 -0.2073E-08  0.1082E-08  0.1187E-08  0.6750E-02  0.6132E-02  0.1455E+02  0.0000E+00
    0.1260  1  1   15.4873    9.2926    0.0000    0.0000    0.7012    0.5748    0.8149    0.7691    4.3416    3.6612  0.1773E+04  0.1918E+04 -0.6653E-08 -0.2072E-08  0.1085E-08  0.1188E-08  0.6792E-02  0.6142E-02  0.1455E+02  0.0000E+00
    0.1386  1  1   15.4872    9.2926    0.0000    0.0000    0.7015    0.5750    0.8152    0.7691    4.3418    3.6613  0.1772E+04  0.1892E+04 -0.6653E-08 -0.2072E-08  0.1088E-08  0.1189E-08  0.6832E-02  0.6152E-02  0.1456E+02  0.0000E+00
    0.1512  1  1   15.4872    9.2926    0.0000    0.0000    0.7018    0.5751    0.8157    0.7692    4.3421    3.6614  0.1771E+04  0.1870E+04 -0.6653E-08 -0.2072E-08  0.1091E-08  0.1190E-08  0.6865E-02  0.6162E-02  0.1456E+02  0.0000E+00
    0.1638  1  1   15.4871    9.2926    0.0000    0.0000    0.7021    0.5752    0.8161    0.7694    4.3424    3.6615  0.1771E+04  0.1852E+04 -0.6643E-08 -0.2072E-08  0.1094E-08  0.1192E-08  0.6897E-02  0.6172E-02  0.1456E+02  0.0000E+00
    0.1764  1  1   15.4870    9.2925    0.0000    0.0000    0.7024    0.5754    0.8166    0.7695    4.3426    3.6616  0.1770E+04  0.1837E+04 -0.6584E-08 -0.2076E-08  0.1096E-08  0.1193E-08  0.6902E-02  0.6181E-02  0.1456E+02  0.0000E+00
    0.1890  1  1   15.4869    9.2925    0.0000    0.0000    0.7027    0.5755    0.8171    0.7697    4.3429    3.6617  0.1770E+04  0.1825E+04 -0.6613E-08 -0.2068E-08  0.1099E-08  0.1194E-08  0.6908E-02  0.6188E-02  0.1456E+02  0.0000E+00
    0.2017  1  1   15.4868    9.2925    0.0000    0.0000    0.7030    0.5756    0.8176    0.7699    4.3432    3.6618  0.1770E+04  0.1815E+04 -0.6691E-08 -0.2055E-08  0.1102E-08  0.1195E-08  0.6914E-02  0.6194E-02  0.1456E+02  0.0000E+00
    0.2143  1  1   15.4867    9.2924    0.0000    0.0000    0.7033    0.5757    0.8182    0.7701    4.3434    3.6619  0.1770E+04  0.1806E+04 -0.6693E-08 -0.2049E-08  0.1105E-08  0.1196E-08  0.6920E-02  0.6199E-02  0.1456E+02  0.0000E+00
    0.2269  1  1   15.4867    9.2924    0.0000    0.0000    0.7036    0.5759    0.8187    0.7704    4.3437    3.6620  0.1770E+04  0.1799E+04 -0.6694E-08 -0.2043E-08  0.1107E-08  0.1197E-08  0.6926E-02  0.6203E-02  0.1456E+02  0.0000E+00
    0.2395  1  1   15.4866    9.2924    0.0000    0.0000    0.7038    0.5760    0.8193    0.7706    4.3440    3.6621  0.1770E+04  0.1794E+04 -0.6695E-08 -0.2039E-08  0.1110E-08  0.1199E-08  0.6931E-02  0.6207E-02  0.1456E+02  0.0000E+00
    0.2521  1  1   15.4865    9.2924    0.0000    0.0000    0.7041    0.5761    0.8199    0.7709    4.3443    3.6622  0.1770E+04  0.1789E+04 -0.6695E-08 -0.2038E-08  0.1113E-08  0.1200E-08  0.6937E-02  0.6212E-02  0.1456E+02  0.0000E+00
    0.2647  1  1   15.4864    9.2923    0.0000    0.0000    0.7044    0.5762    0.8205    0.7711    4.3445    3.6624  0.1770E+04  0.1785E+04 -0.6694E-08 -0.2038E-08  0.1116E-08  0.1201E-08  0.6943E-02  0.6216E-02  0.1456E+02  0.0000E+00
    0.2773  1  1   15.4863    9.2923    0.0000    0.0000    0.7047    0.5764    0.8211    0.7714    4.3448    3.6625  0.1770E+04  0.1782E+04 -0.6635E-08 -0.2043E-08  0.1118E-08  0.1202E-08  0.6961E-02  0.6221E-02  0.1456E+02  0.0000E+00
    0.2899  1  1   15.4862    9.2923    0.0000    0.0000    0.7050    0.5765    0.8216    0.7717    4.3451    3.6626  0.1771E+04  0.1780E+04 -0.6627E-08 -0.2043E-08  0.1121E-08  0.1203E-08  0.6987E-02  0.6225E-02  0.1456E+02  0.0000E+00
    0.3025  1  1   15.4861    9.2923    0.0000    0.0000    0.7052    0.5766    0.8222    0.7719    4.3453    3.6627  0.1771E+04  0.1778E+04 -0.6700E-08 -0.2036E-08  0.1123E-08  0.1204E-08  0.7014E-02  0.6230E-02  0.1456E+02  0.0000E+00
    0.3151  1  1   15.4861    9.2922    0.0000    0.0000    0.7055    0.5767    0.8228    0.7722    4.3456    3.6628  0.1771E+04  0.1776E+04 -0.6718E-08 -0.2034E-08  0.1126E-08  0.1205E-08  0.7040E-02  0.6234E-02  0.1456E+02  0.0000E+00
    0.3277  1  1   15.4860    9.2922    0.0000    0.0000    0.7058    0.5769    0.8234    0.7725    4.3459    3.6629  0.1771E+04  0.1775E+04 -0.6719E-08 -0.2033E-08  0.1128E-08  0.1207E-08  0.7067E-02  0.6239E-02  0.1456E+02  0.0000E+00
    0.3403  1  1   15.4859    9.2922    0.0000    0.0000    0.7061    0.5770    0.8240    0.7728    4.3462    3.6630  0.1771E+04  0.1774E+04 -0.6729E-08 -0.2032E-08  0.1131E-08  0.1208E-08  0.7094E-02  0.6243E-02  0.1455E+02  0.0000E+00
    0.3529  1  1   15.4858    9.2922    0.0000    0.0000    0.7063    0.5771    0.8246    0.7731    4.3464    3.6631  0.1772E+04  0.1773E+04 -0.6739E-08 -0.2030E-08  0.1133E-08  0.1209E-08  0.7121E-02  0.6247E-02  0.1455E+02  0.0000E+00
    0.3655  1  1   15.4857    9.2921    0.0000    0.0000    0.7066    0.5772    0.8252    0.7734    4.3467    3.6632  0.1772E+04  0.1772E+04 -0.6741E-08 -0.2029E-08  0.1136E-08  0.1210E-08  0.7148E-02  0.6252E-02  0.1455E+02  0.0000E+00
    0.3781  1  1   15.4856    9.2921    0.0000    0.0000    0.7069    0.5773    0.8258    0.7737    4.3470    3.6633  0.1772E+04  0.1772E+04 -0.6741E-08 -0.2029E-08  0.1139E-08  0.1211E-08  0.7175E-02  0.6256E-02  0.1455E+02  0.0000E+00
    0.3907  1  1   15.4856    9.2921    0.0000    0.0000    0.7072    0.5775    0.8264    0.7740    4.3472    3.6634  0.1772E+04  0.1772E+04 -0.6741E-08 -0.2028E-08  0.1141E-08  0.1212E-08  0.7202E-02  0.6261E-02  0.1455E+02  0.0000E+00
    0.4033  1  1   15.4855    9.2921    0.0000    0.0000    0.7074    0.5776    0.8270    0.7743    4.3475    3.6635  0.1773E+04  0.1771E+04 -0.6733E-08 -0.2029E-08  0.1144E-08  0.1214E-08  0.7216E-02  0.6265E-02  0.1455E+02  0.0000E+00
    0.4159  1  1   15.4854    9.2920    0.0000    0.0000    0.7077    0.5777    0.8276    0.7746    4.3478    3.6636  0.1773E+04  0.1771E+04 -0.6733E-08 -0.2029E-08  0.1146E-08  0.1215E-08  0.7219E-02  0.6268E-02  0.1455E+02  0.0000E+00
    0.4285  1  1   15.4853    9.2920    0.0000    0.0000    0.7079    0.5778    0.8281    0.7749    4.3481    3.6637  0.1774E+04  0.1771E+04 -0.6781E-08 -0.2024E-08  0.1149E-08  0.1216E-08  0.7220E-02  0.6264E-02  0.1454E+02  0.0000E+00
    0.4411  1  1   15.4852    9.2920    0.0000    0.0000    0.7082    0.5779    0.8287    0.7751    4.3484    3.6638  0.1774E+04  0.1771E+04 -0.6802E-08 -0.2021E-08  0.1151E-08  0.1217E-08  0.7221E-02  0.6259E-02  0.1454E+02  0.0000E+00
    0.4537  1  1   15.4851    9.2920    0.0000    0.0000    0.7084    0.5781    0.8293    0.7754    4.3486    3.6639  0.1774E+04  0.1772E+04 -0.6781E-08 -0.2022E-08  0.1154E-08  0.1218E-08  0.7223E-02  0.6250E-02  0.1454E+02  0.0000E+00
    0.4663  1  1   15.4850    9.2919    0.0000    0.0000    0.7087    0.5782    0.8299    0.7757    4.3489    3.6640  0.1774E+04  0.1772E+04 -0.6780E-08 -0.2020E-08  0.1156E-08  0.1219E-08  0.7224E-02  0.6241E-02  0.1454E+02  0.0000E+00
    0.4789  1  1   15.4850    9.2919    0.0000    0.0000    0.7090    0.5783    0.8304    0.7760    4.3492    3.6641  0.1775E+04  0.1772E+04 -0.6780E-08 -0.2019E-08  0.1159E-08  0.1220E-08  0.7225E-02  0.6233E-02  0.1454E+02  0.0000E+00
    0.4915  1  1   15.4849    9.2919    0.0000    0.0000    0.7092    0.5784    0.8310    0.7763    4.3495    3.6643  0.1775E+04  0.1772E+04 -0.6779E-08 -0.2018E-08  0.1161E-08  0.1221E-08  0.7226E-02  0.6225E-02  0.1454E+02  0.0000E+00
    0.5041  1  1   15.4848    9.2919    0.0000    0.0000    0.7095    0.5785    0.8316    0.7766    4.3497    3.6644  0.1775E+04  0.1772E+04 -0.6779E-08 -0.2018E-08  0.1164E-08  0.1222E-08  0.7227E-02  0.6217E-02  0.1454E+02  0.0000E+00
    0.5167  1  1   15.4847    9.2918    0.0000    0.0000    0.7097    0.5786    0.8322    0.7769    4.3500    3.6645  0.1776E+04  0.1773E+04 -0.6779E-08 -0.2017E-08  0.1166E-08  0.1223E-08  0.7228E-02  0.6210E-02  0.1453E+02  0.0000E+00
    0.5293  1  1   15.4846    9.2918    0.0000    0.0000    0.7100    0.5788    0.8327    0.7772    4.3503    3.6646  0.1776E+04  0.1773E+04 -0.6779E-08 -0.2017E-08  0.1169E-08  0.1224E-08  0.7228E-02  0.6204E-02  0.1453E+02  0.0000E+00
    0.5419  1  1   15.4845    9.2918    0.0000    0.0000    0.7102    0.5789    0.8333    0.7774    4.3506    3.6647  0.1776E+04  0.1773E+04 -0.6778E-08 -0.2016E-08  0.1171E-08  0.1225E-08  0.7227E-02  0.6197E-02  0.1453E+02  0.0000E+00
    0.5545  1  1   15.4844    9.2918    0.0000    0.0000    0.7105    0.5790    0.8339    0.7777    4.3509    3.6648  0.1776E+04  0.1773E+04 -0.6810E-08 -0.2013E-08  0.1173E-08  0.1226E-08  0.7227E-02  0.6189E-02  0.1453E+02  0.0000E+00
    0.5671  1  1   15.4844    9.2917    0.0000    0.0000    0.7107    0.5791    0.8345    0.7780    4.3511    3.6649  0.1777E+04  0.1774E+04 -0.6869E-08 -0.2007E-08  0.1176E-08  0.1227E-08  0.7229E-02  0.6182E-02  0.1453E+02  0.0000E+00
    0.5797  1  1   15.4843    9.2917    0.0000    0.0000    0.7110    0.5792    0.8350    0.7783    4.3514    3.6650  0.1777E+04  0.1774E+04 -0.6912E-08 -0.2003E-08  0.1178E-08  0.1229E-08  0.7230E-02  0.6174E-02  0.1453E+02  0.0000E+00
    0.5923  1  1   15.4842    9.2917    0.0000    0.0000    0.7112    0.5793    0.8356    0.7786    4.3517    3.6651  0.1777E+04  0.1774E+04 -0.6924E-08 -0.2001E-08  0.1180E-08  0.1230E-08  0.7232E-02  0.6167E-02  0.1452E+02  0.0000E+00
    0.6050  1  1   15.4841    9.2917    0.0000    0.0000    0.7115    0.5795    0.8361    0.7789    4.3520    3.6652  0.1778E+04  0.1774E+04 -0.6894E-08 -0.2003E-08  0.1183E-08  0.1231E-08  0.7233E-02  0.6160E-02  0.1452E+02  0.0000E+00
    0.6176  1  1   15.4840    9.2916    0.0000    0.0000    0.7117    0.5796    0.8367    0.7792    4.3523    3.6653  0.1778E+04  0.1775E+04 -0.6866E-08 -0.2005E-08  0.1185E-08  0.1232E-08  0.7234E-02  0.6154E-02  0.1452E+02  0.0000E+00
    0.6302  1  1   15.4839    9.2916    0.0000    0.0000    0.7120    0.5797    0.8372    0.7795    4.3526    3.6654  0.1778E+04  0.1775E+04 -0.6866E-08 -0.2005E-08  0.1187E-08  0.1233E-08  0.7237E-02  0.6148E-02  0.1452E+02  0.0000E+00
    0.6428  1  1   15.4838    9.2916    0.0000    0.0000    0.7122    0.5798    0.8378    0.7798    4.3528    3.6655  0.1779E+04  0.1775E+04 -0.6866E-08 -0.2004E-08  0.1189E-08  0.1234E-08  0.7239E-02  0.6143E-02  0.1452E+02  0.0000E+00
    0.6554  1  1   15.4837    9.2916    0.0000    0.0000    0.7124    0.5799    0.8384    0.7800    4.3531    3.6657  0.1779E+04  0.1775E+04 -0.6866E-08 -0.2004E-08  0.1192E-08  0.1235E-08  0.7241E-02  0.6139E-02  0.1452E+02  0.0000E+00
    0.6680  1  1   15.4837    9.2915    0.0000    0.0000    0.7127    0.5800    0.8389    0.7803    4.3534    3.6658  0.1779E+04  0.1776E+04 -0.6864E-08 -0.2006E-08  0.1194E-08  0.1236E-08  0.7244E-02  0.6133E-02  0.1452E+02  0.0000E+00
    0.6806  1  1   15.4836    9.2915    0.0000    0.0000    0.7129    0.5802    0.8395    0.7806    4.3537    3.6659  0.1779E+04  0.1776E+04 -0.6863E-08 -0.2009E-08  0.1196E-08  0.1237E-08  0.7246E-02  0.6129E-02  0.1451E+02  0.0000E+00
    0.6932  1  1   15.4835    9.2915    0.0000    0.0000    0.7132    0.5803    0.8400    0.7809    4.3540    3.6660  0.1780E+04  0.1776E+04 -0.6861E-08 -0.2013E-08  0.1198E-08  0.1238E-08  0.7248E-02  0.6124E-02  0.1451E+02  0.0000E+00
    0.7058  1  1   15.4834    9.2915    0.0000    0.0000    0.7134    0.5804    0.8406    0.7812    4.3543    3.6661  0.1780E+04  0.1777E+04 -0.6859E-08 -0.2019E-08  0.1201E-08  0.1239E-08  0.7250E-02  0.6121E-02  0.1451E+02  0.0000E+00
    0.7184  1  1   15.4833    9.2914    0.0000    0.0000    0.7137    0.5805    0.8412    0.7815    4.3545    3.6662  0.1780E+04  0.1777E+04 -0.6857E-08 -0.2024E-08  0.1203E-08  0.1240E-08  0.7252E-02  0.6119E-02  0.1451E+02  0.0000E+00
    0.7310  1  1   15.4832    9.2914    0.0000    0.0000    0.7139    0.5806    0.8417    0.7817    4.3548    3.6663  0.1781E+04  0.1777E+04 -0.6876E-08 -0.2025E-08  0.1205E-08  0.1241E-08  0.7257E-02  0.6118E-02  0.1451E+02  0.0000E+00
    0.7436  1  1   15.4831    9.2914    0.0000    0.0000    0.7142    0.5807    0.8423    0.7820    4.3551    3.6664  0.1781E+04  0.1778E+04 -0.6901E-08 -0.2025E-08  0.1207E-08  0.1242E-08  0.7263E-02  0.6116E-02  0.1451E+02  0.0000E+00
    0.7562  1  1   15.4831    9.2914    0.0000    0.0000    0.7144    0.5808    0.8428    0.7823    4.3554    3.6665  0.1781E+04  0.1778E+04 -0.6970E-08 -0.2018E-08  0.1209E-08  0.1243E-08  0.7277E-02  0.6114E-02  0.1451E+02  0.0000E+00
    0.7688  1  1   15.4830    9.2913    0.0000    0.0000    0.7146    0.5809    0.8433    0.7826    4.3557    3.6666  0.1781E+04  0.1778E+04 -0.7038E-08 -0.2011E-08  0.1212E-08  0.1244E-08  0.7292E-02  0.6113E-02  0.1450E+02  0.0000E+00
    0.7814  1  1   15.4829    9.2913    0.0000    0.0000    0.7149    0.5810    0.8439    0.7828    4.3560    3.6667  0.1782E+04  0.1779E+04 -0.7034E-08 -0.2011E-08  0.1214E-08  0.1245E-08  0.7307E-02  0.6111E-02  0.1450E+02  0.0000E+00
    0.7940  1  1   15.4828    9.2913    0.0000    0.0000    0.7151    0.5811    0.8444    0.7831    4.3563    3.6669  0.1782E+04  0.1779E+04 -0.7020E-08 -0.2012E-08  0.1216E-08  0.1246E-08  0.7322E-02  0.6109E-02  0.1450E+02  0.0000E+00
    0.8066  1  1   15.4827    9.2913    0.0000    0.0000    0.7153    0.5813    0.8450    0.7834    4.3566    3.6670  0.1782E+04  0.1779E+04 -0.7005E-08 -0.2013E-08  0.1218E-08  0.1247E-08  0.7337E-02  0.6108E-02  0.1450E+02  0.0000E+00
    0.8192  1  1   15.4826    9.2912    0.0000    0.0000    0.7156    0.5814    0.8455    0.7837    4.3569    3.6671  0.1783E+04  0.1779E+04 -0.6983E-08 -0.2014E-08  0.1220E-08  0.1248E-08  0.7352E-02  0.6106E-02  0.1450E+02  0.0000E+00
    0.8318  1  1   15.4825    9.2912    0.0000    0.0000    0.7158    0.5815    0.8460    0.7839    4.3572    3.6672  0.1783E+04  0.1780E+04 -0.6972E-08 -0.2015E-08  0.1222E-08  0.1249E-08  0.7367E-02  0.6105E-02  0.1450E+02  0.0000E+00
    0.8444  1  1   15.4824    9.2912    0.0000    0.0000    0.7160    0.5816    0.8466    0.7842    4.3574    3.6673  0.1783E+04  0.1780E+04 -0.6972E-08 -0.2014E-08  0.1224E-08  0.1250E-08  0.7382E-02  0.6103E-02  0.1450E+02  0.0000E+00
    0.8570  1  1   15.4824    9.2911    0.0000    0.0000    0.7163    0.5817    0.8471    0.7845    4.3577    3.6674  0.1783E+04  0.1780E+04 -0.6971E-08 -0.2014E-08  0.1226E-08  0.1251E-08  0.7397E-02  0.6101E-02  0.1449E+02  0.0000E+00
    0.8696  1  1   15.4823    9.2911    0.0000    0.0000    0.7165    0.5818    0.8477    0.7848    4.3580    3.6675  0.1784E+04  0.1781E+04 -0.6971E-08 -0.2013E-08  0.1229E-08  0.1252E-08  0.7412E-02  0.6100E-02  0.1449E+02  0.0000E+00
    0.8822  1  1   15.4822    9.2911    0.0000    0.0000    0.7167    0.5819    0.8482    0.7850    4.3583    3.6676  0.1784E+04  0.1781E+04 -0.6971E-08 -0.2013E-08  0.1231E-08  0.1253E-08  0.7427E-02  0.6098E-02  0.1449E+02  0.0000E+00
    0.8948  1  1   15.4821    9.2911    0.0000    0.0000    0.7170    0.5820    0.8487    0.7853    4.3586    3.6677  0.1784E+04  0.1781E+04 -0.6971E-08 -0.2013E-08  0.1233E-08  0.1254E-08  0.7442E-02  0.6096E-02  0.1449E+02  0.0000E+00
    0.9074  1  1   15.4820    9.2910    0.0000    0.0000    0.7172    0.5821    0.8493    0.7856    4.3589    3.6678  0.1785E+04  0.1781E+04 -0.6970E-08 -0.2012E-08  0.1235E-08  0.1255E-08  0.7458E-02  0.6095E-02  0.1449E+02  0.0000E+00
    0.9200  1  1   15.4819    9.2910    0.0000    0.0000    0.7174    0.5822    0.8498    0.7859    4.3592    3.6680  0.1785E+04  0.1782E+04 -0.6970E-08 -0.2012E-08  0.1237E-08  0.1256E-08  0.7473E-02  0.6093E-02  0.1449E+02  0.0000E+00
    0.9326  1  1   15.4818    9.2910    0.0000    0.0000    0.7177    0.5824    0.8504    0.7862    4.3595    3.6681  0.1785E+04  0.1782E+04 -0.6970E-08 -0.2011E-08  0.1239E-08  0.1257E-08  0.7488E-02  0.6091E-02  0.1448E+02  0.0000E+00
    0.9452  1  1   15.4817    9.2910    0.0000    0.0000    0.7179    0.5825    0.8509    0.7864    4.3598    3.6682  0.1785E+04  0.1782E+04 -0.6985E-08 -0.2009E-08  0.1242E-08  0.1258E-08  0.7503E-02  0.6090E-02  0.1448E+02  0.0000E+00
    0.9578  1  1   15.4816    9.2909    0.0000    0.0000    0.7181    0.5826    0.8515    0.7867    4.3601    3.6683  0.1786E+04  0.1783E+04 -0.7014E-08 -0.2006E-08  0.1244E-08  0.1259E-08  0.7519E-02  0.6088E-02  0.1448E+02  0.0000E+00
    0.9704  1  1   15.4816    9.2909    0.0000    0.0000    0.7184    0.5827    0.8520    0.7870    4.3603    3.6684  0.1786E+04  0.1783E+04 -0.7045E-08 -0.2003E-08  0.1246E-08  0.1260E-08  0.7535E-02  0.6086E-02  0.1448E+02  0.0000E+00
    0.9830  1  1   15.4815    9.2909    0.0000    0.0000    0.7186    0.5828    0.8525    0.7873    4.3606    3.6685  0.1786E+04  0.1783E+04 -0.7127E-08 -0.1996E-08  0.1249E-08  0.1261E-08  0.7554E-02  0.6085E-02  0.1448E+02  0.0000E+00
    0.9957  1  1   15.4814    9.2909    0.0000    0.0000    0.7188    0.5829    0.8531    0.7875    4.3609    3.6686  0.1787E+04  0.1783E+04 -0.7190E-08 -0.1991E-08  0.1252E-08  0.1262E-08  0.7572E-02  0.6083E-02  0.1448E+02  0.0000E+00
    1.0083  1  1   15.4813    9.2908    0.0000    0.0000    0.7190    0.5830    0.8536    0.7878    4.3612    3.6687  0.1787E+04  0.1784E+04 -0.7187E-08 -0.1992E-08  0.1255E-08  0.1262E-08  0.7589E-02  0.6082E-02  0.1448E+02  0.0000E+00
    1.0209  1  1   15.4812    9.2908    0.0000    0.0000    0.7193    0.5831    0.8541    0.7881    4.3615    3.6688  0.1787E+04  0.1784E+04 -0.7179E-08 -0.2000E-08  0.1258E-08  0.1263E-08  0.7607E-02  0.6081E-02  0.1447E+02  0.0000E+00
    1.0335  1  1   15.4811    9.2908    0.0000    0.0000    0.7195    0.5832    0.8547    0.7884    4.3618    3.6689  0.1787E+04  0.1784E+04 -0.7174E-08 -0.2008E-08  0.1261E-08  0.1264E-08  0.7624E-02  0.6083E-02  0.1447E+02  0.0000E+00
    1.0461  1  1   15.4810    9.2908    0.0000    0.0000    0.7197    0.5833    0.8552    0.7886    4.3621    3.6691  0.1788E+04  0.1785E+04 -0.7149E-08 -0.2016E-08  0.1264E-08  0.1265E-08  0.7641E-02  0.6089E-02  0.1447E+02  0.0000E+00
    1.0587  1  1   15.4809    9.2907    0.0000    0.0000    0.7199    0.5834    0.8557    0.7889    4.3624    3.6692  0.1788E+04  0.1785E+04 -0.7119E-08 -0.2025E-08  0.1267E-08  0.1266E-08  0.7658E-02  0.6095E-02  0.1447E+02  0.0000E+00
    1.0713  1  1   15.4808    9.2907    0.0000    0.0000    0.7202    0.5835    0.8563    0.7892    4.3627    3.6693  0.1788E+04  0.1785E+04 -0.7112E-08 -0.2030E-08  0.1270E-08  0.1267E-08  0.7676E-02  0.6101E-02  0.1447E+02  0.0000E+00
    1.0839  1  1   15.4807    9.2907    0.0000    0.0000    0.7204    0.5836    0.8568    0.7894    4.3630    3.6694  0.1788E+04  0.1785E+04 -0.7112E-08 -0.2029E-08  0.1273E-08  0.1268E-08  0.7694E-02  0.6107E-02  0.1447E+02  0.0000E+00
    1.0965  1  1   15.4807    9.2907    0.0000    0.0000    0.7206    0.5837    0.8573    0.7897    4.3633    3.6695  0.1789E+04  0.1786E+04 -0.7112E-08 -0.2027E-08  0.1275E-08  0.1269E-08  0.7711E-02  0.6113E-02  0.1447E+02  0.0000E+00
    1.1091  1  1   15.4806    9.2906    0.0000    0.0000    0.7209    0.5838    0.8579    0.7900    4.3636    3.6696  0.1789E+04  0.1786E+04 -0.7112E-08 -0.2026E-08  0.1278E-08  0.1270E-08  0.7729E-02  0.6118E-02  0.1446E+02  0.0000E+00
    1.1217  1  1   15.4805    9.2906    0.0000    0.0000    0.7211    0.5840    0.8584    0.7902    4.3639    3.6697  0.1789E+04  0.1786E+04 -0.7112E-08 -0.2026E-08  0.1281E-08  0.1271E-08  0.7747E-02  0.6123E-02  0.1446E+02  0.0000E+00
    1.1343  1  1   15.4804    9.2906    0.0000    0.0000    0.7213    0.5841    0.8590    0.7905    4.3642    3.6698  0.1790E+04  0.1787E+04 -0.7112E-08 -0.2025E-08  0.1284E-08  0.1272E-08  0.7764E-02  0.6127E-02  0.1446E+02  0.0000E+00
    1.1469  1  1   15.4803    9.2906    0.0000    0.0000    0.7215    0.5842    0.8595    0.7908    4.3645    3.6700  0.1790E+04  0.1787E+04 -0.7152E-08 -0.2021E-08  0.1287E-08  0.1273E-08  0.7774E-02  0.6131E-02  0.1446E+02  0.0000E+00
    1.1595  1  1   15.4802    9.2905    0.0000    0.0000    0.7218    0.5843    0.8600    0.7910    4.3648    3.6701  0.1790E+04  0.1787E+04 -0.7200E-08 -0.2016E-08  0.1290E-08  0.1274E-08  0.7782E-02  0.6134E-02  0.1446E+02  0.0000E+00
    1.1721  1  1   15.4801    9.2905    0.0000    0.0000    0.7220    0.5844    0.8606    0.7913    4.3651    3.6702  0.1790E+04  0.1787E+04 -0.7208E-08 -0.2015E-08  0.1292E-08  0.1275E-08  0.7790E-02  0.6135E-02  0.1446E+02  0.0000E+00
    1.1847  1  1   15.4800    9.2905    0.0000    0.0000    0.7222    0.5845    0.8611    0.7916    4.3654    3.6703  0.1791E+04  0.1788E+04 -0.7257E-08 -0.2010E-08  0.1295E-08  0.1276E-08  0.7789E-02  0.6137E-02  0.1446E+02  0.0000E+00
    1.1973  1  1   15.4799    9.2905    0.0000    0.0000    0.7224    0.5846    0.8616    0.7919    4.3657    3.6704  0.1791E+04  0.1788E+04 -0.7310E-08 -0.2004E-08  0.1298E-08  0.1277E-08  0.7789E-02  0.6138E-02  0.1445E+02  0.0000E+00
    1.2099  1  1   15.4798    9.2904    0.0000    0.0000    0.7227    0.5847    0.8622    0.7921    4.3660    3.6705  0.1791E+04  0.1788E+04 -0.7313E-08 -0.2003E-08  0.1300E-08  0.1278E-08  0.7788E-02  0.6143E-02  0.1445E+02  0.0000E+00
    1.2225  1  1   15.4797    9.2904    0.0000    0.0000    0.7229    0.5848    0.8627    0.7924    4.3663    3.6706  0.1792E+04  0.1789E+04 -0.7301E-08 -0.2004E-08  0.1303E-08  0.1278E-08  0.7787E-02  0.6148E-02  0.1445E+02  0.0000E+00
    1.2351  1  1   15.4797    9.2904    0.0000    0.0000    0.7231    0.5849    0.8632    0.7927    4.3666    3.6708  0.1792E+04  0.1789E+04 -0.7287E-08 -0.2005E-08  0.1306E-08  0.1279E-08  0.7786E-02  0.6153E-02  0.1445E+02  0.0000E+00
    1.2477  1  1   15.4796    9.2904    0.0000    0.0000    0.7233    0.5850    0.8637    0.7929    4.3669    3.6709  0.1792E+04  0.1789E+04 -0.7284E-08 -0.2005E-08  0.1308E-08  0.1280E-08  0.7785E-02  0.6158E-02  0.1445E+02  0.0000E+00
    1.2603  1  1   15.4795    9.2903    0.0000    0.0000    0.7236    0.5851    0.8643    0.7932    4.3672    3.6710  0.1792E+04  0.1789E+04 -0.7276E-08 -0.2005E-08  0.1311E-08  0.1281E-08  0.7784E-02  0.6162E-02  0.1445E+02  0.0000E+00
    1.2729  1  1   15.4794    9.2903    0.0000    0.0000    0.7238    0.5852    0.8648    0.7935    4.3675    3.6711  0.1793E+04  0.1790E+04 -0.7263E-08 -0.2006E-08  0.1314E-08  0.1282E-08  0.7783E-02  0.6166E-02  0.1445E+02  0.0000E+00
    1.2855  1  1   15.4793    9.2903    0.0000    0.0000    0.7240    0.5853    0.8653    0.7937    4.3678    3.6712  0.1793E+04  0.1790E+04 -0.7260E-08 -0.2005E-08  0.1316E-08  0.1283E-08  0.7783E-02  0.6169E-02  0.1444E+02  0.0000E+00
    1.2981  1  1   15.4792    9.2903    0.0000    0.0000    0.7242    0.5854    0.8659    0.7940    4.3681    3.6713  0.1793E+04  0.1790E+04 -0.7259E-08 -0.2005E-08  0.1319E-08  0.1284E-08  0.7782E-02  0.6173E-02  0.1444E+02  0.0000E+00
    1.3107  1  1   15.4791    9.2902    0.0000    0.0000    0.7245    0.5855    0.8664    0.7943    4.3684    3.6714  0.1793E+04  0.1791E+04 -0.7259E-08 -0.2005E-08  0.1322E-08  0.1285E-08  0.7782E-02  0.6177E-02  0.1444E+02  0.0000E+00
    1.3233  1  1   15.4790    9.2902    0.0000    0.0000    0.7247    0.5856    0.8670    0.7945    4.3687    3.6715  0.1794E+04  0.1791E+04 -0.7259E-08 -0.2004E-08  0.1325E-08  0.1286E-08  0.7782E-02  0.6181E-02  0.1444E+02  0.0000E+00
    1.3359  1  1   15.4789    9.2902    0.0000    0.0000    0.7249    0.5857    0.8675    0.7948    4.3690    3.6717  0.1794E+04  0.1791E+04 -0.7297E-08 -0.2000E-08  0.1327E-08  0.1287E-08  0.7787E-02  0.6185E-02  0.1444E+02  0.0000E+00
    1.3485  1  1   15.4788    9.2902    0.0000    0.0000    0.7251    0.5858    0.8680    0.7951    4.3693    3.6718  0.1794E+04  0.1791E+04 -0.7376E-08 -0.1992E-08  0.1330E-08  0.1288E-08  0.7796E-02  0.6189E-02  0.1444E+02  0.0000E+00
    1.3611  1  1   15.4787    9.2901    0.0000    0.0000    0.7253    0.5859    0.8686    0.7954    4.3696    3.6719  0.1795E+04  0.1792E+04 -0.7416E-08 -0.1989E-08  0.1332E-08  0.1289E-08  0.7805E-02  0.6193E-02  0.1444E+02  0.0000E+00
    1.3737  1  1   15.4786    9.2901    0.0000    0.0000    0.7256    0.5860    0.8691    0.7956    4.3699    3.6720  0.1795E+04  0.1792E+04 -0.7416E-08 -0.1990E-08  0.1335E-08  0.1290E-08  0.7815E-02  0.6197E-02  0.1443E+02  0.0000E+00
    1.3863  1  1   15.4785    9.2901    0.0000    0.0000    0.7258    0.5861    0.8696    0.7959    4.3702    3.6721  0.1795E+04  0.1792E+04 -0.7430E-08 -0.1989E-08  0.1338E-08  0.1291E-08  0.7827E-02  0.6202E-02  0.1443E+02  0.0000E+00
    1.3990  1  1   15.4785    9.2901    0.0000    0.0000    0.7260    0.5862    0.8702    0.7962    4.3705    3.6722  0.1795E+04  0.1793E+04 -0.7443E-08 -0.1992E-08  0.1340E-08  0.1292E-08  0.7839E-02  0.6208E-02  0.1443E+02  0.0000E+00
    1.4116  1  1   15.4784    9.2900    0.0000    0.0000    0.7262    0.5863    0.8707    0.7964    4.3708    3.6723  0.1796E+04  0.1793E+04 -0.7440E-08 -0.2000E-08  0.1343E-08  0.1292E-08  0.7851E-02  0.6213E-02  0.1443E+02  0.0000E+00
    1.4242  1  1   15.4783    9.2900    0.0000    0.0000    0.7265    0.5864    0.8712    0.7967    4.3711    3.6724  0.1796E+04  0.1793E+04 -0.7428E-08 -0.2008E-08  0.1346E-08  0.1293E-08  0.7862E-02  0.6219E-02  0.1443E+02  0.0000E+00
    1.4368  1  1   15.4782    9.2900    0.0000    0.0000    0.7267    0.5865    0.8718    0.7970    4.3714    3.6726  0.1796E+04  0.1793E+04 -0.7406E-08 -0.2017E-08  0.1348E-08  0.1294E-08  0.7871E-02  0.6225E-02  0.1443E+02  0.0000E+00
    1.4494  1  1   15.4781    9.2900    0.0000    0.0000    0.7269    0.5866    0.8723    0.7972    4.3717    3.6727  0.1797E+04  0.1794E+04 -0.7393E-08 -0.2025E-08  0.1351E-08  0.1295E-08  0.7881E-02  0.6232E-02  0.1443E+02  0.0000E+00
    1.4620  1  1   15.4780    9.2899    0.0000    0.0000    0.7271    0.5867    0.8728    0.7975    4.3720    3.6728  0.1797E+04  0.1794E+04 -0.7392E-08 -0.2028E-08  0.1353E-08  0.1296E-08  0.7890E-02  0.6238E-02  0.1442E+02  0.0000E+00
    1.4746  1  1   15.4779    9.2899    0.0000    0.0000    0.7273    0.5868    0.8734    0.7978    4.3723    3.6729  0.1797E+04  0.1794E+04 -0.7391E-08 -0.2028E-08  0.1356E-08  0.1297E-08  0.7899E-02  0.6244E-02  0.1442E+02  0.0000E+00
    1.4872  1  1   15.4778    9.2899    0.0000    0.0000    0.7276    0.5869    0.8739    0.7980    4.3726    3.6730  0.1797E+04  0.1795E+04 -0.7391E-08 -0.2028E-08  0.1359E-08  0.1298E-08  0.7908E-02  0.6251E-02  0.1442E+02  0.0000E+00
    1.4998  1  1   15.4777    9.2899    0.0000    0.0000    0.7278    0.5870    0.8744    0.7983    4.3729    3.6731  0.1798E+04  0.1795E+04 -0.7390E-08 -0.2028E-08  0.1361E-08  0.1299E-08  0.7917E-02  0.6257E-02  0.1442E+02  0.0000E+00
    1.5124  1  1   15.4776    9.2898    0.0000    0.0000    0.7280    0.5871    0.8750    0.7985    4.3732    3.6733  0.1798E+04  0.1795E+04 -0.7428E-08 -0.2025E-08  0.1364E-08  0.1300E-08  0.7930E-02  0.6264E-02  0.1442E+02  0.0000E+00
    1.5250  1  1   15.4775    9.2898    0.0000    0.0000    0.7282    0.5872    0.8755    0.7988    4.3735    3.6734  0.1798E+04  0.1795E+04 -0.7511E-08 -0.2016E-08  0.1367E-08  0.1301E-08  0.7947E-02  0.6270E-02  0.1442E+02  0.0000E+00
    1.5376  1  1   15.4774    9.2898    0.0000    0.0000    0.7284    0.5873    0.8760    0.7991    4.3738    3.6735  0.1798E+04  0.1796E+04 -0.7556E-08 -0.2012E-08  0.1369E-08  0.1302E-08  0.7964E-02  0.6277E-02  0.1441E+02  0.0000E+00
    1.5502  1  1   15.4773    9.2898    0.0000    0.0000    0.7287    0.5874    0.8766    0.7993    4.3741    3.6736  0.1799E+04  0.1796E+04 -0.7555E-08 -0.2011E-08  0.1372E-08  0.1303E-08  0.7981E-02  0.6284E-02  0.1441E+02  0.0000E+00
    1.5628  1  1   15.4772    9.2897    0.0000    0.0000    0.7289    0.5875    0.8771    0.7996    4.3745    3.6737  0.1799E+04  0.1796E+04 -0.7557E-08 -0.2010E-08  0.1374E-08  0.1304E-08  0.7999E-02  0.6291E-02  0.1441E+02  0.0000E+00
    1.5754  1  1   15.4771    9.2897    0.0000    0.0000    0.7291    0.5876    0.8776    0.7999    4.3748    3.6738  0.1799E+04  0.1797E+04 -0.7561E-08 -0.2010E-08  0.1377E-08  0.1305E-08  0.8017E-02  0.6297E-02  0.1441E+02  0.0000E+00
    1.5880  1  1   15.4770    9.2897    0.0000    0.0000    0.7293    0.5877    0.8782    0.8001    4.3751    3.6739  0.1799E+04  0.1797E+04 -0.7563E-08 -0.2009E-08  0.1380E-08  0.1306E-08  0.8035E-02  0.6304E-02  0.1441E+02  0.0000E+00
    1.6006  1  1   15.4770    9.2897    0.0000    0.0000    0.7296    0.5878    0.8787    0.8004    4.3754    3.6741  0.1800E+04  0.1797E+04 -0.7562E-08 -0.2008E-08  0.1382E-08  0.1306E-08  0.8054E-02  0.6311E-02  0.1441E+02  0.0000E+00
    1.6132  1  1   15.4769    9.2896    0.0000    0.0000    0.7298    0.5879    0.8792    0.8007    4.3757    3.6742  0.1800E+04  0.1797E+04 -0.7554E-08 -0.2009E-08  0.1385E-08  0.1307E-08  0.8071E-02  0.6317E-02  0.1441E+02  0.0000E+00
    1.6258  1  1   15.4768    9.2896    0.0000    0.0000    0.7300    0.5880    0.8798    0.8009    4.3760    3.6743  0.1800E+04  0.1798E+04 -0.7542E-08 -0.2009E-08  0.1387E-08  0.1308E-08  0.8088E-02  0.6324E-02  0.1440E+02  0.0000E+00
    1.6384  1  1   15.4767    9.2896    0.0000    0.0000    0.7302    0.5881    0.8803    0.8012    4.3763    3.6744  0.1801E+04  0.1798E+04 -0.7538E-08 -0.2009E-08  0.1390E-08  0.1309E-08  0.8105E-02  0.6330E-02  0.1440E+02  0.0000E+00
    1.6510  1  1   15.4766    9.2896    0.0000    0.0000    0.7304    0.5882    0.8809    0.8015    4.3766    3.6745  0.1801E+04  0.1798E+04 -0.7538E-08 -0.2009E-08  0.1393E-08  0.1310E-08  0.8122E-02  0.6337E-02  0.1440E+02  0.0000E+00
    1.6636  1  1   15.4765    9.2895    0.0000    0.0000    0.7307    0.5883    0.8814    0.8017    4.3769    3.6746  0.1801E+04  0.1799E+04 -0.7568E-08 -0.2005E-08  0.1395E-08  0.1311E-08  0.8139E-02  0.6343E-02  0.1440E+02  0.0000E+00
    1.6762  1  1   15.4764    9.2895    0.0000    0.0000    0.7309    0.5884    0.8819    0.8020    4.3772    3.6748  0.1801E+04  0.1799E+04 -0.7608E-08 -0.2001E-08  0.1398E-08  0.1312E-08  0.8156E-02  0.6350E-02  0.1440E+02  0.0000E+00
    1.6888  1  1   15.4763    9.2895    0.0000    0.0000    0.7311    0.5885    0.8825    0.8022    4.3775    3.6749  0.1802E+04  0.1799E+04 -0.7619E-08 -0.1999E-08  0.1400E-08  0.1313E-08  0.8172E-02  0.6356E-02  0.1440E+02  0.0000E+00
    1.7014  1  1   15.4762    9.2895    0.0000    0.0000    0.7313    0.5886    0.8830    0.8025    4.3779    3.6750  0.1802E+04  0.1799E+04 -0.7619E-08 -0.1999E-08  0.1403E-08  0.1314E-08  0.8189E-02  0.6362E-02  0.1440E+02  0.0000E+00
    1.7140  1  1   15.4761    9.2894    0.0000    0.0000    0.7315    0.5887    0.8836    0.8028    4.3782    3.6751  0.1802E+04  0.1800E+04 -0.7652E-08 -0.1995E-08  0.1406E-08  0.1315E-08  0.8206E-02  0.6367E-02  0.1439E+02  0.0000E+00
    1.7266  1  1   15.4760    9.2894    0.0000    0.0000    0.7318    0.5888    0.8841    0.8030    4.3785    3.6752  0.1802E+04  0.1800E+04 -0.7703E-08 -0.1990E-08  0.1408E-08  0.1316E-08  0.8224E-02  0.6373E-02  0.1439E+02  0.0000E+00
    1.7392  1  1   15.4759    9.2894    0.0000    0.0000    0.7320    0.5889    0.8846    0.8033    4.3788    3.6753  0.1803E+04  0.1800E+04 -0.7720E-08 -0.1988E-08  0.1411E-08  0.1317E-08  0.8242E-02  0.6378E-02  0.1439E+02  0.0000E+00
    1.7518  1  1   15.4758    9.2894    0.0000    0.0000    0.7322    0.5890    0.8852    0.8036    4.3791    3.6754  0.1803E+04  0.1801E+04 -0.7720E-08 -0.1987E-08  0.1413E-08  0.1318E-08  0.8260E-02  0.6384E-02  0.1439E+02  0.0000E+00
    1.7644  1  1   15.4757    9.2893    0.0000    0.0000    0.7324    0.5891    0.8857    0.8038    4.3794    3.6756  0.1803E+04  0.1801E+04 -0.7714E-08 -0.1987E-08  0.1416E-08  0.1318E-08  0.8279E-02  0.6389E-02  0.1439E+02  0.0000E+00
    1.7770  1  1   15.4756    9.2893    0.0000    0.0000    0.7326    0.5892    0.8863    0.8041    4.3797    3.6757  0.1804E+04  0.1801E+04 -0.7698E-08 -0.1988E-08  0.1418E-08  0.1319E-08  0.8301E-02  0.6395E-02  0.1439E+02  0.0000E+00
    1.7896  1  1   15.4755    9.2893    0.0000    0.0000    0.7329    0.5893    0.8868    0.8044    4.3800    3.6758  0.1804E+04  0.1801E+04 -0.7687E-08 -0.1989E-08  0.1421E-08  0.1320E-08  0.8322E-02  0.6401E-02  0.1439E+02  0.0000E+00
    1.8023  1  1   15.4754    9.2893    0.0000    0.0000    0.7331    0.5894    0.8874    0.8046    4.3803    3.6759  0.1804E+04  0.1802E+04 -0.7687E-08 -0.1988E-08  0.1424E-08  0.1321E-08  0.8343E-02  0.6406E-02  0.1438E+02  0.0000E+00
    1.8149  1  1   15.4753    9.2892    0.0000    0.0000    0.7333    0.5895    0.8879    0.8049    4.3807    3.6760  0.1804E+04  0.1802E+04 -0.7688E-08 -0.1988E-08  0.1426E-08  0.1322E-08  0.8364E-02  0.6412E-02  0.1438E+02  0.0000E+00
    1.8275  1  1   15.4752    9.2892    0.0000    0.0000    0.7335    0.5896    0.8884    0.8052    4.3810    3.6761  0.1805E+04  0.1802E+04 -0.7721E-08 -0.1984E-08  0.1429E-08  0.1323E-08  0.8379E-02  0.6417E-02  0.1438E+02  0.0000E+00
    1.8401  1  1   15.4751    9.2892    0.0000    0.0000    0.7337    0.5897    0.8890    0.8054    4.3813    3.6763  0.1805E+04  0.1803E+04 -0.7751E-08 -0.1983E-08  0.1431E-08  0.1324E-08  0.8394E-02  0.6423E-02  0.1438E+02  0.0000E+00
    1.8527  1  1   15.4750    9.2892    0.0000    0.0000    0.7340    0.5898    0.8895    0.8057    4.3816    3.6764  0.1805E+04  0.1803E+04 -0.7749E-08 -0.1989E-08  0.1434E-08  0.1325E-08  0.8409E-02  0.6428E-02  0.1438E+02  0.0000E+00
    1.8653  1  1   15.4749    9.2891    0.0000    0.0000    0.7342    0.5899    0.8901    0.8060    4.3819    3.6765  0.1806E+04  0.1803E+04 -0.7747E-08 -0.1995E-08  0.1437E-08  0.1326E-08  0.8424E-02  0.6431E-02  0.1438E+02  0.0000E+00
    1.8779  1  1   15.4748    9.2891    0.0000    0.0000    0.7344    0.5900    0.8906    0.8062    4.3822    3.6766  0.1806E+04  0.1803E+04 -0.7780E-08 -0.1997E-08  0.1439E-08  0.1327E-08  0.8433E-02  0.6434E-02  0.1437E+02  0.0000E+00
    1.8905  1  1   15.4747    9.2891    0.0000    0.0000    0.7346    0.5901    0.8912    0.8065    4.3825    3.6767  0.1806E+04  0.1804E+04 -0.7836E-08 -0.1997E-08  0.1442E-08  0.1328E-08  0.8437E-02  0.6438E-02  0.1437E+02  0.0000E+00
    1.9031  1  1   15.4746    9.2891    0.0000    0.0000    0.7348    0.5902    0.8917    0.8068    4.3829    3.6768  0.1806E+04  0.1804E+04 -0.7858E-08 -0.2000E-08  0.1445E-08  0.1329E-08  0.8442E-02  0.6441E-02  0.1437E+02  0.0000E+00
    1.9157  1  1   15.4745    9.2890    0.0000    0.0000    0.7351    0.5903    0.8923    0.8070    4.3832    3.6770  0.1807E+04  0.1804E+04 -0.7855E-08 -0.2005E-08  0.1448E-08  0.1330E-08  0.8447E-02  0.6444E-02  0.1437E+02  0.0000E+00
    1.9283  1  1   15.4744    9.2890    0.0000    0.0000    0.7353    0.5904    0.8928    0.8073    4.3835    3.6771  0.1807E+04  0.1805E+04 -0.7853E-08 -0.2011E-08  0.1450E-08  0.1330E-08  0.8451E-02  0.6446E-02  0.1437E+02  0.0000E+00
    1.9409  1  1   15.4743    9.2890    0.0000    0.0000    0.7355    0.5905    0.8934    0.8076    4.3838    3.6772  0.1807E+04  0.1805E+04 -0.7839E-08 -0.2018E-08  0.1453E-08  0.1331E-08  0.8456E-02  0.6448E-02  0.1437E+02  0.0000E+00
    1.9535  1  1   15.4742    9.2889    0.0000    0.0000    0.7357    0.5906    0.8939    0.8078    4.3841    3.6773  0.1807E+04  0.1805E+04 -0.7823E-08 -0.2025E-08  0.1456E-08  0.1332E-08  0.8461E-02  0.6450E-02  0.1437E+02  0.0000E+00
    1.9661  1  1   15.4741    9.2889    0.0000    0.0000    0.7359    0.5907    0.8945    0.8081    4.3844    3.6774  0.1808E+04  0.1806E+04 -0.7821E-08 -0.2025E-08  0.1458E-08  0.1333E-08  0.8466E-02  0.6452E-02  0.1436E+02  0.0000E+00
    1.9787  1  1   15.4740    9.2889    0.0000    0.0000    0.7362    0.5908    0.8950    0.8084    4.3847    3.6775  0.1808E+04  0.1806E+04 -0.7821E-08 -0.2024E-08  0.1461E-08  0.1334E-08  0.8471E-02  0.6454E-02  0.1436E+02  0.0000E+00
    1.9913  1  1   15.4739    9.2889    0.0000    0.0000    0.7364    0.5909    0.8956    0.8086    4.3851    3.6777  0.1808E+04  0.1806E+04 -0.7832E-08 -0.2023E-08  0.1464E-08  0.1335E-08  0.8474E-02  0.6456E-02  0.1436E+02  0.0000E+00
    2.0039  1  1   15.4738    9.2888    0.0000    0.0000    0.7366    0.5910    0.8961    0.8089    4.3854    3.6778  0.1809E+04  0.1806E+04 -0.7885E-08 -0.2017E-08  0.1467E-08  0.1336E-08  0.8468E-02  0.6458E-02  0.1436E+02  0.0000E+00
    2.0165  1  1   15.4737    9.2888    0.0000    0.0000    0.7368    0.5911    0.8967    0.8092    4.3857    3.6779  0.1809E+04  0.1807E+04 -0.7926E-08 -0.2012E-08  0.1469E-08  0.1337E-08  0.8463E-02  0.6460E-02  0.1436E+02  0.0000E+00
    2.0291  1  1   15.4736    9.2888    0.0000    0.0000    0.7371    0.5912    0.8972    0.8094    4.3860    3.6780  0.1809E+04  0.1807E+04 -0.7926E-08 -0.2012E-08  0.1472E-08  0.1337E-08  0.8458E-02  0.6462E-02  0.1436E+02  0.0000E+00
    2.0417  1  1   15.4735    9.2888    0.0000    0.0000    0.7373    0.5913    0.8978    0.8097    4.3863    3.6781  0.1809E+04  0.1807E+04 -0.7926E-08 -0.2011E-08  0.1475E-08  0.1338E-08  0.8453E-02  0.6464E-02  0.1435E+02  0.0000E+00
    2.0543  1  1   15.4734    9.2887    0.0000    0.0000    0.7375    0.5914    0.8983    0.8099    4.3867    3.6783  0.1810E+04  0.1808E+04 -0.7936E-08 -0.2010E-08  0.1477E-08  0.1339E-08  0.8446E-02  0.6466E-02  0.1435E+02  0.0000E+00
    2.0669  1  1   15.4733    9.2887    0.0000    0.0000    0.7377    0.5915    0.8989    0.8102    4.3870    3.6784  0.1810E+04  0.1808E+04 -0.7970E-08 -0.2006E-08  0.1480E-08  0.1340E-08  0.8434E-02  0.6468E-02  0.1435E+02  0.0000E+00
    2.0795  1  1   15.4732    9.2887    0.0000    0.0000    0.7379    0.5916    0.8994    0.8105    4.3873    3.6785  0.1810E+04  0.1808E+04 -0.7992E-08 -0.2003E-08  0.1482E-08  0.1341E-08  0.8422E-02  0.6470E-02  0.1435E+02  0.0000E+00
    2.0921  1  1   15.4731    9.2887    0.0000    0.0000    0.7382    0.5917    0.9000    0.8107    4.3876    3.6786  0.1811E+04  0.1809E+04 -0.7992E-08 -0.2003E-08  0.1485E-08  0.1342E-08  0.8410E-02  0.6472E-02  0.1435E+02  0.0000E+00
    2.1047  1  1   15.4730    9.2886    0.0000    0.0000    0.7384    0.5918    0.9005    0.8110    4.3879    3.6787  0.1811E+04  0.1809E+04 -0.7992E-08 -0.2002E-08  0.1488E-08  0.1343E-08  0.8397E-02  0.6474E-02  0.1435E+02  0.0000E+00
    2.1173  1  1   15.4729    9.2886    0.0000    0.0000    0.7386    0.5919    0.9011    0.8113    4.3883    3.6788  0.1811E+04  0.1809E+04 -0.7990E-08 -0.2002E-08  0.1490E-08  0.1344E-08  0.8385E-02  0.6476E-02  0.1435E+02  0.0000E+00
    2.1299  1  1   15.4728    9.2886    0.0000    0.0000    0.7388    0.5919    0.9017    0.8115    4.3886    3.6790  0.1811E+04  0.1809E+04 -0.7982E-08 -0.2002E-08  0.1493E-08  0.1345E-08  0.8373E-02  0.6477E-02  0.1434E+02  0.0000E+00
    2.1425  1  1   15.4727    9.2886    0.0000    0.0000    0.7390    0.5920    0.9022    0.8118    4.3889    3.6791  0.1812E+04  0.1810E+04 -0.7977E-08 -0.2002E-08  0.1496E-08  0.1345E-08  0.8361E-02  0.6478E-02  0.1434E+02  0.0000E+00
    2.1551  1  1   15.4726    9.2885    0.0000    0.0000    0.7393    0.5921    0.9028    0.8121    4.3892    3.6792  0.1812E+04  0.1810E+04 -0.7976E-08 -0.2001E-08  0.1498E-08  0.1346E-08  0.8349E-02  0.6479E-02  0.1434E+02  0.0000E+00
    2.1677  1  1   15.4725    9.2885    0.0000    0.0000    0.7395    0.5922    0.9033    0.8123    4.3895    3.6793  0.1812E+04  0.1810E+04 -0.7976E-08 -0.2001E-08  0.1501E-08  0.1347E-08  0.8337E-02  0.6481E-02  0.1434E+02  0.0000E+00
    2.1803  1  1   15.4724    9.2885    0.0000    0.0000    0.7397    0.5923    0.9039    0.8126    4.3899    3.6794  0.1813E+04  0.1811E+04 -0.7993E-08 -0.1999E-08  0.1504E-08  0.1348E-08  0.8334E-02  0.6482E-02  0.1434E+02  0.0000E+00
    2.1930  1  1   15.4723    9.2885    0.0000    0.0000    0.7399    0.5924    0.9045    0.8129    4.3902    3.6796  0.1813E+04  0.1811E+04 -0.8086E-08 -0.1989E-08  0.1506E-08  0.1349E-08  0.8370E-02  0.6483E-02  0.1434E+02  0.0000E+00
    2.2056  1  1   15.4722    9.2884    0.0000    0.0000    0.7402    0.5925    0.9050    0.8131    4.3905    3.6797  0.1813E+04  0.1811E+04 -0.8162E-08 -0.1981E-08  0.1509E-08  0.1350E-08  0.8406E-02  0.6484E-02  0.1433E+02  0.0000E+00
    2.2182  1  1   15.4721    9.2884    0.0000    0.0000    0.7404    0.5926    0.9056    0.8134    4.3908    3.6798  0.1813E+04  0.1812E+04 -0.8162E-08 -0.1980E-08  0.1512E-08  0.1351E-08  0.8442E-02  0.6485E-02  0.1433E+02  0.0000E+00
    2.2308  1  1   15.4720    9.2884    0.0000    0.0000    0.7406    0.5927    0.9062    0.8137    4.3911    3.6799  0.1814E+04  0.1812E+04 -0.8161E-08 -0.1980E-08  0.1515E-08  0.1352E-08  0.8478E-02  0.6486E-02  0.1433E+02  0.0000E+00
    2.2434  1  1   15.4719    9.2884    0.0000    0.0000    0.7408    0.5928    0.9067    0.8139    4.3915    3.6800  0.1814E+04  0.1812E+04 -0.8161E-08 -0.1979E-08  0.1517E-08  0.1353E-08  0.8513E-02  0.6487E-02  0.1433E+02  0.0000E+00
    2.2560  1  1   15.4718    9.2883    0.0000    0.0000    0.7410    0.5929    0.9073    0.8142    4.3918    3.6801  0.1814E+04  0.1812E+04 -0.8152E-08 -0.1980E-08  0.1520E-08  0.1353E-08  0.8550E-02  0.6488E-02  0.1433E+02  0.0000E+00
    2.2686  1  1   15.4717    9.2883    0.0000    0.0000    0.7413    0.5930    0.9079    0.8145    4.3921    3.6803  0.1815E+04  0.1813E+04 -0.8139E-08 -0.1980E-08  0.1523E-08  0.1354E-08  0.8586E-02  0.6490E-02  0.1433E+02  0.0000E+00
    2.2812  1  1   15.4716    9.2883    0.0000    0.0000    0.7415    0.5931    0.9084    0.8147    4.3924    3.6804  0.1815E+04  0.1813E+04 -0.8136E-08 -0.1980E-08  0.1526E-08  0.1355E-08  0.8623E-02  0.6492E-02  0.1433E+02  0.0000E+00
    2.2938  1  1   15.4715    9.2883    0.0000    0.0000    0.7417    0.5932    0.9090    0.8150    4.3928    3.6805  0.1815E+04  0.1813E+04 -0.8136E-08 -0.1980E-08  0.1528E-08  0.1356E-08  0.8659E-02  0.6495E-02  0.1432E+02  0.0000E+00
    2.3064  1  1   15.4714    9.2882    0.0000    0.0000    0.7419    0.5933    0.9096    0.8153    4.3931    3.6806  0.1816E+04  0.1814E+04 -0.8135E-08 -0.1979E-08  0.1531E-08  0.1357E-08  0.8696E-02  0.6497E-02  0.1432E+02  0.0000E+00
    2.3190  1  1   15.4713    9.2882    0.0000    0.0000    0.7422    0.5934    0.9101    0.8156    4.3934    3.6807  0.1816E+04  0.1814E+04 -0.8155E-08 -0.1977E-08  0.1534E-08  0.1358E-08  0.8726E-02  0.6500E-02  0.1432E+02  0.0000E+00
    2.3316  1  1   15.4712    9.2882    0.0000    0.0000    0.7424    0.5935    0.9107    0.8158    4.3937    3.6809  0.1816E+04  0.1814E+04 -0.8218E-08 -0.1970E-08  0.1537E-08  0.1359E-08  0.8742E-02  0.6502E-02  0.1432E+02  0.0000E+00
    2.3442  1  1   15.4711    9.2882    0.0000    0.0000    0.7426    0.5936    0.9113    0.8161    4.3941    3.6810  0.1816E+04  0.1815E+04 -0.8262E-08 -0.1965E-08  0.1540E-08  0.1360E-08  0.8758E-02  0.6505E-02  0.1432E+02  0.0000E+00
    2.3568  1  1   15.4710    9.2881    0.0000    0.0000    0.7428    0.5937    0.9118    0.8164    4.3944    3.6811  0.1817E+04  0.1815E+04 -0.8261E-08 -0.1964E-08  0.1542E-08  0.1361E-08  0.8774E-02  0.6508E-02  0.1432E+02  0.0000E+00
    2.3694  1  1   15.4709    9.2881    0.0000    0.0000    0.7431    0.5938    0.9124    0.8166    4.3947    3.6812  0.1817E+04  0.1815E+04 -0.8261E-08 -0.1964E-08  0.1545E-08  0.1361E-08  0.8790E-02  0.6512E-02  0.1431E+02  0.0000E+00
    2.3820  1  1   15.4708    9.2881    0.0000    0.0000    0.7433    0.5939    0.9130    0.8169    4.3950    3.6813  0.1817E+04  0.1816E+04 -0.8261E-08 -0.1963E-08  0.1548E-08  0.1362E-08  0.8806E-02  0.6515E-02  0.1431E+02  0.0000E+00
    2.3946  1  1   15.4707    9.2881    0.0000    0.0000    0.7435    0.5940    0.9136    0.8172    4.3954    3.6814  0.1818E+04  0.1816E+04 -0.8273E-08 -0.1965E-08  0.1551E-08  0.1363E-08  0.8814E-02  0.6518E-02  0.1431E+02  0.0000E+00
    2.4072  1  1   15.4706    9.2880    0.0000    0.0000    0.7437    0.5942    0.9141    0.8176    4.3957    3.6821  0.1818E+04  0.1815E+04 -0.8293E-08 -0.1966E-08  0.1554E-08  0.1364E-08  0.8817E-02  0.6526E-02  0.1431E+02  0.0000E+00
    2.4198  1  1   15.4705    9.2880    0.0000    0.0000    0.7440    0.5943    0.9147    0.8179    4.3960    3.6823  0.1818E+04  0.1816E+04 -0.8296E-08 -0.1976E-08  0.1557E-08  0.1365E-08  0.8821E-02  0.6530E-02  0.1431E+02  0.0000E+00
    2.4324  1  1   15.4704    9.2880    0.0000    0.0000    0.7442    0.5943    0.9153    0.8182    4.3963    3.6824  0.1819E+04  0.1816E+04 -0.8295E-08 -0.1979E-08  0.1560E-08  0.1366E-08  0.8824E-02  0.6534E-02  0.1431E+02  0.0000E+00
    2.4450  1  1   15.4703    9.2880    0.0000    0.0000    0.7444    0.5944    0.9159    0.8185    4.3967    3.6825  0.1819E+04  0.1817E+04 -0.8293E-08 -0.1982E-08  0.1562E-08  0.1367E-08  0.8828E-02  0.6539E-02  0.1430E+02  0.0000E+00
    2.4576  1  1   15.4702    9.2879    0.0000    0.0000    0.7446    0.5945    0.9165    0.8187    4.3970    3.6826  0.1819E+04  0.1817E+04 -0.8293E-08 -0.1983E-08  0.1565E-08  0.1368E-08  0.8831E-02  0.6543E-02  0.1430E+02  0.0000E+00
    2.4702  1  1   15.4700    9.2879    0.0000    0.0000    0.7449    0.5946    0.9170    0.8190    4.3973    3.6827  0.1819E+04  0.1818E+04 -0.8325E-08 -0.1991E-08  0.1568E-08  0.1369E-08  0.8834E-02  0.6548E-02  0.1430E+02  0.0000E+00
    2.4828  1  1   15.4699    9.2879    0.0000    0.0000    0.7451    0.5947    0.9176    0.8193    4.3977    3.6829  0.1820E+04  0.1818E+04 -0.8366E-08 -0.1999E-08  0.1571E-08  0.1370E-08  0.8837E-02  0.6548E-02  0.1430E+02  0.0000E+00
    2.4954  1  1   15.4698    9.2879    0.0000    0.0000    0.7453    0.5948    0.9182    0.8195    4.3980    3.6830  0.1820E+04  0.1818E+04 -0.8369E-08 -0.2011E-08  0.1574E-08  0.1371E-08  0.8839E-02  0.6547E-02  0.1430E+02  0.0000E+00
    2.5080  1  1   15.4697    9.2878    0.0000    0.0000    0.7455    0.5949    0.9188    0.8198    4.3983    3.6831  0.1820E+04  0.1819E+04 -0.8364E-08 -0.2023E-08  0.1577E-08  0.1372E-08  0.8842E-02  0.6545E-02  0.1430E+02  0.0000E+00
    2.5206  1  1   15.4696    9.2878    0.0000    0.0000    0.7458    0.5950    0.9194    0.8201    4.3986    3.6832  0.1821E+04  0.1819E+04 -0.8361E-08 -0.2031E-08  0.1580E-08  0.1374E-08  0.8845E-02  0.6544E-02  0.1429E+02  0.0000E+00
    2.5332  1  1   15.4695    9.2878    0.0000    0.0000    0.7460    0.5951    0.9200    0.8204    4.3990    3.6833  0.1821E+04  0.1819E+04 -0.8361E-08 -0.2030E-08  0.1582E-08  0.1375E-08  0.8848E-02  0.6543E-02  0.1429E+02  0.0000E+00
    2.5458  1  1   15.4694    9.2878    0.0000    0.0000    0.7462    0.5952    0.9205    0.8206    4.3993    3.6835  0.1821E+04  0.1820E+04 -0.8396E-08 -0.2026E-08  0.1585E-08  0.1376E-08  0.8850E-02  0.6541E-02  0.1429E+02  0.0000E+00
    2.5584  1  1   15.4693    9.2877    0.0000    0.0000    0.7464    0.5953    0.9211    0.8209    4.3996    3.6836  0.1822E+04  0.1820E+04 -0.8438E-08 -0.2020E-08  0.1588E-08  0.1377E-08  0.8852E-02  0.6540E-02  0.1429E+02  0.0000E+00
    2.5710  1  1   15.4692    9.2877    0.0000    0.0000    0.7467    0.5954    0.9217    0.8212    4.4000    3.6837  0.1822E+04  0.1820E+04 -0.8443E-08 -0.2018E-08  0.1591E-08  0.1378E-08  0.8854E-02  0.6541E-02  0.1429E+02  0.0000E+00
    2.5836  1  1   15.4691    9.2877    0.0000    0.0000    0.7469    0.5955    0.9223    0.8214    4.4003    3.6838  0.1822E+04  0.1821E+04 -0.8443E-08 -0.2016E-08  0.1594E-08  0.1380E-08  0.8856E-02  0.6542E-02  0.1429E+02  0.0000E+00
    2.5963  1  1   15.4690    9.2877    0.0000    0.0000    0.7471    0.5956    0.9229    0.8217    4.4006    3.6839  0.1823E+04  0.1821E+04 -0.8443E-08 -0.2014E-08  0.1597E-08  0.1381E-08  0.8858E-02  0.6543E-02  0.1428E+02  0.0000E+00
    2.6089  1  1   15.4689    9.2876    0.0000    0.0000    0.7473    0.5957    0.9235    0.8220    4.4010    3.6841  0.1823E+04  0.1821E+04 -0.8443E-08 -0.2013E-08  0.1599E-08  0.1382E-08  0.8860E-02  0.6544E-02  0.1428E+02  0.0000E+00
    2.6215  1  1   15.4688    9.2876    0.0000    0.0000    0.7476    0.5958    0.9241    0.8223    4.4013    3.6842  0.1823E+04  0.1822E+04 -0.8472E-08 -0.2010E-08  0.1602E-08  0.1383E-08  0.8869E-02  0.6545E-02  0.1428E+02  0.0000E+00
    2.6341  1  1   15.4687    9.2876    0.0000    0.0000    0.7478    0.5959    0.9247    0.8225    4.4016    3.6843  0.1823E+04  0.1822E+04 -0.8513E-08 -0.2005E-08  0.1605E-08  0.1384E-08  0.8880E-02  0.6546E-02  0.1428E+02  0.0000E+00
    2.6467  1  1   15.4686    9.2876    0.0000    0.0000    0.7480    0.5959    0.9253    0.8228    4.4020    3.6844  0.1824E+04  0.1822E+04 -0.8525E-08 -0.2003E-08  0.1608E-08  0.1385E-08  0.8892E-02  0.6547E-02  0.1428E+02  0.0000E+00
    2.6593  1  1   15.4685    9.2875    0.0000    0.0000    0.7482    0.5960    0.9259    0.8231    4.4023    3.6845  0.1824E+04  0.1823E+04 -0.8524E-08 -0.2003E-08  0.1611E-08  0.1387E-08  0.8904E-02  0.6549E-02  0.1428E+02  0.0000E+00
    2.6719  1  1   15.4683    9.2875    0.0000    0.0000    0.7485    0.5961    0.9264    0.8233    4.4026    3.6847  0.1824E+04  0.1823E+04 -0.8524E-08 -0.2002E-08  0.1614E-08  0.1388E-08  0.8915E-02  0.6550E-02  0.1427E+02  0.0000E+00
    2.6845  1  1   15.4682    9.2875    0.0000    0.0000    0.7487    0.5962    0.9270    0.8236    4.4029    3.6848  0.1825E+04  0.1823E+04 -0.8524E-08 -0.2002E-08  0.1617E-08  0.1389E-08  0.8927E-02  0.6551E-02  0.1427E+02  0.0000E+00
    2.6971  1  1   15.4681    9.2875    0.0000    0.0000    0.7489    0.5963    0.9276    0.8239    4.4033    3.6849  0.1825E+04  0.1824E+04 -0.8540E-08 -0.1999E-08  0.1620E-08  0.1390E-08  0.8943E-02  0.6553E-02  0.1427E+02  0.0000E+00
    2.7097  1  1   15.4680    9.2874    0.0000    0.0000    0.7492    0.5964    0.9282    0.8242    4.4036    3.6850  0.1825E+04  0.1824E+04 -0.8584E-08 -0.1994E-08  0.1623E-08  0.1391E-08  0.8967E-02  0.6554E-02  0.1427E+02  0.0000E+00
    2.7223  1  1   15.4679    9.2874    0.0000    0.0000    0.7494    0.5965    0.9288    0.8244    4.4040    3.6852  0.1826E+04  0.1824E+04 -0.8611E-08 -0.1991E-08  0.1627E-08  0.1392E-08  0.8991E-02  0.6555E-02  0.1427E+02  0.0000E+00
    2.7349  1  1   15.4678    9.2874    0.0000    0.0000    0.7496    0.5966    0.9294    0.8247    4.4043    3.6853  0.1826E+04  0.1825E+04 -0.8611E-08 -0.1990E-08  0.1630E-08  0.1394E-08  0.9015E-02  0.6556E-02  0.1427E+02  0.0000E+00
    2.7475  1  1   15.4677    9.2874    0.0000    0.0000    0.7498    0.5967    0.9300    0.8250    4.4046    3.6854  0.1826E+04  0.1825E+04 -0.8611E-08 -0.1990E-08  0.1633E-08  0.1395E-08  0.9039E-02  0.6557E-02  0.1426E+02  0.0000E+00
    2.7601  1  1   15.4676    9.2873    0.0000    0.0000    0.7501    0.5968    0.9306    0.8253    4.4050    3.6855  0.1827E+04  0.1825E+04 -0.8610E-08 -0.1989E-08  0.1636E-08  0.1396E-08  0.9063E-02  0.6558E-02  0.1426E+02  0.0000E+00
    2.7727  1  1   15.4675    9.2873    0.0000    0.0000    0.7503    0.5969    0.9312    0.8256    4.4053    3.6856  0.1827E+04  0.1826E+04 -0.8610E-08 -0.1989E-08  0.1639E-08  0.1397E-08  0.9087E-02  0.6558E-02  0.1426E+02  0.0000E+00
    2.7853  1  1   15.4674    9.2873    0.0000    0.0000    0.7505    0.5970    0.9319    0.8258    4.4056    3.6858  0.1827E+04  0.1826E+04 -0.8655E-08 -0.1983E-08  0.1642E-08  0.1398E-08  0.9100E-02  0.6559E-02  0.1426E+02  0.0000E+00
    2.7979  1  1   15.4673    9.2873    0.0000    0.0000    0.7508    0.5971    0.9325    0.8261    4.4060    3.6859  0.1828E+04  0.1826E+04 -0.8708E-08 -0.1977E-08  0.1645E-08  0.1400E-08  0.9112E-02  0.6560E-02  0.1426E+02  0.0000E+00
    2.8105  1  1   15.4672    9.2872    0.0000    0.0000    0.7510    0.5972    0.9331    0.8264    4.4063    3.6860  0.1828E+04  0.1826E+04 -0.8716E-08 -0.1976E-08  0.1648E-08  0.1401E-08  0.9123E-02  0.6560E-02  0.1426E+02  0.0000E+00
    2.8231  1  1   15.4670    9.2872    0.0000    0.0000    0.7512    0.5973    0.9337    0.8267    4.4066    3.6861  0.1828E+04  0.1827E+04 -0.8716E-08 -0.1975E-08  0.1652E-08  0.1402E-08  0.9134E-02  0.6563E-02  0.1425E+02  0.0000E+00
    2.8357  1  1   15.4669    9.2872    0.0000    0.0000    0.7515    0.5974    0.9343    0.8269    4.4070    3.6862  0.1829E+04  0.1827E+04 -0.8715E-08 -0.1975E-08  0.1655E-08  0.1403E-08  0.9146E-02  0.6566E-02  0.1425E+02  0.0000E+00
    2.8483  1  1   15.4668    9.2872    0.0000    0.0000    0.7517    0.5974    0.9349    0.8272    4.4073    3.6864  0.1829E+04  0.1827E+04 -0.8715E-08 -0.1974E-08  0.1658E-08  0.1404E-08  0.9157E-02  0.6570E-02  0.1425E+02  0.0000E+00
    2.8609  1  1   15.4667    9.2871    0.0000    0.0000    0.7519    0.5975    0.9355    0.8275    4.4076    3.6865  0.1829E+04  0.1828E+04 -0.8719E-08 -0.1973E-08  0.1661E-08  0.1405E-08  0.9167E-02  0.6574E-02  0.1425E+02  0.0000E+00
    2.8735  1  1   15.4666    9.2871    0.0000    0.0000    0.7521    0.5976    0.9361    0.8278    4.4080    3.6866  0.1830E+04  0.1828E+04 -0.8750E-08 -0.1969E-08  0.1664E-08  0.1407E-08  0.9164E-02  0.6577E-02  0.1425E+02  0.0000E+00
    2.8861  1  1   15.4665    9.2871    0.0000    0.0000    0.7524    0.5977    0.9367    0.8280    4.4083    3.6867  0.1830E+04  0.1829E+04 -0.8777E-08 -0.1968E-08  0.1667E-08  0.1408E-08  0.9162E-02  0.6581E-02  0.1425E+02  0.0000E+00
    2.8987  1  1   15.4664    9.2871    0.0000    0.0000    0.7526    0.5978    0.9373    0.8283    4.4087    3.6868  0.1830E+04  0.1829E+04 -0.8774E-08 -0.1975E-08  0.1670E-08  0.1409E-08  0.9160E-02  0.6584E-02  0.1424E+02  0.0000E+00
    2.9113  1  1   15.4663    9.2870    0.0000    0.0000    0.7528    0.5979    0.9380    0.8286    4.4090    3.6870  0.1831E+04  0.1829E+04 -0.8771E-08 -0.1982E-08  0.1673E-08  0.1410E-08  0.9157E-02  0.6588E-02  0.1424E+02  0.0000E+00
    2.9239  1  1   15.4662    9.2870    0.0000    0.0000    0.7531    0.5980    0.9386    0.8289    4.4093    3.6871  0.1831E+04  0.1830E+04 -0.8769E-08 -0.1989E-08  0.1676E-08  0.1411E-08  0.9155E-02  0.6592E-02  0.1424E+02  0.0000E+00
    2.9365  1  1   15.4661    9.2870    0.0000    0.0000    0.7533    0.5981    0.9392    0.8292    4.4097    3.6872  0.1831E+04  0.1830E+04 -0.8766E-08 -0.1995E-08  0.1679E-08  0.1412E-08  0.9152E-02  0.6596E-02  0.1424E+02  0.0000E+00
    2.9491  1  1   15.4659    9.2870    0.0000    0.0000    0.7535    0.5982    0.9398    0.8294    4.4100    3.6873  0.1832E+04  0.1830E+04 -0.8784E-08 -0.1996E-08  0.1683E-08  0.1413E-08  0.9158E-02  0.6599E-02  0.1424E+02  0.0000E+00
    2.9617  1  1   15.4658    9.2869    0.0000    0.0000    0.7538    0.5983    0.9404    0.8297    4.4104    3.6875  0.1832E+04  0.1831E+04 -0.8859E-08 -0.1987E-08  0.1686E-08  0.1415E-08  0.9187E-02  0.6603E-02  0.1424E+02  0.0000E+00
    2.9743  1  1   15.4657    9.2869    0.0000    0.0000    0.7540    0.5984    0.9411    0.8300    4.4107    3.6876  0.1832E+04  0.1831E+04 -0.8914E-08 -0.1982E-08  0.1689E-08  0.1416E-08  0.9216E-02  0.6607E-02  0.1423E+02  0.0000E+00
    2.9870  1  1   15.4656    9.2869    0.0000    0.0000    0.7542    0.5985    0.9417    0.8303    4.4110    3.6877  0.1833E+04  0.1831E+04 -0.8912E-08 -0.1988E-08  0.1692E-08  0.1417E-08  0.9246E-02  0.6611E-02  0.1423E+02  0.0000E+00
    2.9996  1  1   15.4655    9.2869    0.0000    0.0000    0.7545    0.5986    0.9423    0.8306    4.4114    3.6878  0.1833E+04  0.1832E+04 -0.8909E-08 -0.1995E-08  0.1695E-08  0.1418E-08  0.9275E-02  0.6618E-02  0.1423E+02  0.0000E+00
    3.0122  1  1   15.4654    9.2868    0.0000    0.0000    0.7547    0.5987    0.9429    0.8308    4.4117    3.6879  0.1833E+04  0.1832E+04 -0.8907E-08 -0.2001E-08  0.1698E-08  0.1419E-08  0.9304E-02  0.6626E-02  0.1423E+02  0.0000E+00
    3.0248  1  1   15.4653    9.2868    0.0000    0.0000    0.7549    0.5988    0.9436    0.8311    4.4121    3.6881  0.1834E+04  0.1832E+04 -0.8904E-08 -0.2008E-08  0.1702E-08  0.1420E-08  0.9333E-02  0.6634E-02  0.1423E+02  0.0000E+00
    3.0374  1  1   15.4652    9.2868    0.0000    0.0000    0.7552    0.5988    0.9442    0.8314    4.4124    3.6882  0.1834E+04  0.1833E+04 -0.8905E-08 -0.2011E-08  0.1705E-08  0.1422E-08  0.9363E-02  0.6642E-02  0.1422E+02  0.0000E+00
    3.0500  1  1   15.4650    9.2868    0.0000    0.0000    0.7554    0.5989    0.9448    0.8317    4.4127    3.6883  0.1834E+04  0.1833E+04 -0.8928E-08 -0.2008E-08  0.1708E-08  0.1423E-08  0.9401E-02  0.6650E-02  0.1422E+02  0.0000E+00
    3.0626  1  1   15.4649    9.2867    0.0000    0.0000    0.7556    0.5990    0.9454    0.8320    4.4131    3.6884  0.1835E+04  0.1833E+04 -0.8948E-08 -0.2005E-08  0.1711E-08  0.1424E-08  0.9438E-02  0.6658E-02  0.1422E+02  0.0000E+00
    3.0752  1  1   15.4648    9.2867    0.0000    0.0000    0.7559    0.5991    0.9461    0.8323    4.4134    3.6886  0.1835E+04  0.1834E+04 -0.8948E-08 -0.2004E-08  0.1715E-08  0.1425E-08  0.9476E-02  0.6666E-02  0.1422E+02  0.0000E+00
    3.0878  1  1   15.4647    9.2867    0.0000    0.0000    0.7561    0.5992    0.9467    0.8325    4.4138    3.6887  0.1835E+04  0.1834E+04 -0.8947E-08 -0.2004E-08  0.1718E-08  0.1426E-08  0.9513E-02  0.6673E-02  0.1422E+02  0.0000E+00
    3.1004  1  1   15.4646    9.2867    0.0000    0.0000    0.7563    0.5993    0.9473    0.8328    4.4141    3.6888  0.1836E+04  0.1834E+04 -0.8947E-08 -0.2003E-08  0.1721E-08  0.1427E-08  0.9551E-02  0.6681E-02  0.1422E+02  0.0000E+00
    3.1130  1  1   15.4645    9.2866    0.0000    0.0000    0.7566    0.5994    0.9480    0.8331    4.4144    3.6889  0.1836E+04  0.1835E+04 -0.8947E-08 -0.2002E-08  0.1724E-08  0.1429E-08  0.9589E-02  0.6688E-02  0.1421E+02  0.0000E+00
    3.1256  1  1   15.4644    9.2866    0.0000    0.0000    0.7568    0.5995    0.9486    0.8334    4.4148    3.6891  0.1836E+04  0.1835E+04 -0.8946E-08 -0.2002E-08  0.1727E-08  0.1430E-08  0.9626E-02  0.6696E-02  0.1421E+02  0.0000E+00
    3.1382  1  1   15.4643    9.2866    0.0000    0.0000    0.7570    0.5996    0.9492    0.8337    4.4151    3.6892  0.1837E+04  0.1835E+04 -0.9020E-08 -0.1993E-08  0.1731E-08  0.1431E-08  0.9648E-02  0.6703E-02  0.1421E+02  0.0000E+00
    3.1508  1  1   15.4641    9.2866    0.0000    0.0000    0.7573    0.5997    0.9499    0.8339    4.4155    3.6893  0.1837E+04  0.1836E+04 -0.9106E-08 -0.1984E-08  0.1734E-08  0.1432E-08  0.9668E-02  0.6711E-02  0.1421E+02  0.0000E+00
    3.1634  1  1   15.4640    9.2865    0.0000    0.0000    0.7575    0.5998    0.9505    0.8342    4.4158    3.6894  0.1837E+04  0.1836E+04 -0.9117E-08 -0.1982E-08  0.1737E-08  0.1433E-08  0.9688E-02  0.6718E-02  0.1421E+02  0.0000E+00
    3.1760  1  1   15.4639    9.2865    0.0000    0.0000    0.7578    0.5999    0.9512    0.8345    4.4162    3.6895  0.1838E+04  0.1837E+04 -0.9117E-08 -0.1981E-08  0.1741E-08  0.1434E-08  0.9708E-02  0.6726E-02  0.1420E+02  0.0000E+00
    3.1886  1  1   15.4638    9.2865    0.0000    0.0000    0.7580    0.6000    0.9518    0.8348    4.4165    3.6897  0.1838E+04  0.1837E+04 -0.9117E-08 -0.1981E-08  0.1744E-08  0.1436E-08  0.9728E-02  0.6733E-02  0.1420E+02  0.0000E+00
    3.2012  1  1   15.4637    9.2865    0.0000    0.0000    0.7582    0.6001    0.9524    0.8351    4.4169    3.6898  0.1838E+04  0.1837E+04 -0.9117E-08 -0.1980E-08  0.1747E-08  0.1437E-08  0.9748E-02  0.6743E-02  0.1420E+02  0.0000E+00
    3.2138  1  1   15.4636    9.2864    0.0000    0.0000    0.7585    0.6001    0.9531    0.8354    4.4172    3.6899  0.1839E+04  0.1838E+04 -0.9116E-08 -0.1979E-08  0.1751E-08  0.1438E-08  0.9768E-02  0.6752E-02  0.1420E+02  0.0000E+00
    3.2264  1  1   15.4634    9.2864    0.0000    0.0000    0.7587    0.6002    0.9537    0.8357    4.4175    3.6900  0.1839E+04  0.1838E+04 -0.9130E-08 -0.1977E-08  0.1754E-08  0.1439E-08  0.9788E-02  0.6761E-02  0.1420E+02  0.0000E+00
    3.2390  1  1   15.4633    9.2864    0.0000    0.0000    0.7589    0.6003    0.9544    0.8359    4.4179    3.6902  0.1839E+04  0.1838E+04 -0.9178E-08 -0.1972E-08  0.1758E-08  0.1440E-08  0.9810E-02  0.6770E-02  0.1420E+02  0.0000E+00
    3.2516  1  1   15.4632    9.2864    0.0000    0.0000    0.7592    0.6004    0.9550    0.8362    4.4182    3.6903  0.1840E+04  0.1839E+04 -0.9212E-08 -0.1967E-08  0.1761E-08  0.1441E-08  0.9831E-02  0.6779E-02  0.1419E+02  0.0000E+00
    3.2642  1  1   15.4631    9.2863    0.0000    0.0000    0.7594    0.6005    0.9557    0.8365    4.4186    3.6904  0.1840E+04  0.1839E+04 -0.9212E-08 -0.1967E-08  0.1764E-08  0.1442E-08  0.9853E-02  0.6788E-02  0.1419E+02  0.0000E+00
    3.2768  1  1   15.4630    9.2863    0.0000    0.0000    0.7597    0.6006    0.9563    0.8368    4.4189    3.6905  0.1840E+04  0.1839E+04 -0.9211E-08 -0.1966E-08  0.1768E-08  0.1444E-08  0.9874E-02  0.6798E-02  0.1419E+02  0.0000E+00
    3.2894  1  1   15.4629    9.2863    0.0000    0.0000    0.7599    0.6007    0.9570    0.8371    4.4193    3.6907  0.1841E+04  0.1840E+04 -0.9211E-08 -0.1966E-08  0.1771E-08  0.1445E-08  0.9895E-02  0.6807E-02  0.1419E+02  0.0000E+00
    3.3020  1  1   15.4628    9.2863    0.0000    0.0000    0.7601    0.6008    0.9576    0.8374    4.4196    3.6908  0.1841E+04  0.1840E+04 -0.9211E-08 -0.1966E-08  0.1775E-08  0.1446E-08  0.9917E-02  0.6816E-02  0.1419E+02  0.0000E+00
    3.3146  1  1   15.4626    9.2862    0.0000    0.0000    0.7604    0.6009    0.9583    0.8377    4.4200    3.6909  0.1842E+04  0.1840E+04 -0.9210E-08 -0.1966E-08  0.1778E-08  0.1447E-08  0.9938E-02  0.6826E-02  0.1418E+02  0.0000E+00
    3.3272  1  1   15.4625    9.2862    0.0000    0.0000    0.7606    0.6010    0.9589    0.8380    4.4203    3.6910  0.1842E+04  0.1841E+04 -0.9231E-08 -0.1964E-08  0.1781E-08  0.1448E-08  0.9960E-02  0.6835E-02  0.1418E+02  0.0000E+00
    3.3398  1  1   15.4624    9.2862    0.0000    0.0000    0.7608    0.6011    0.9596    0.8382    4.4207    3.6911  0.1842E+04  0.1841E+04 -0.9271E-08 -0.1959E-08  0.1785E-08  0.1449E-08  0.9983E-02  0.6845E-02  0.1418E+02  0.0000E+00
    3.3524  1  1   15.4623    9.2862    0.0000    0.0000    0.7611    0.6012    0.9603    0.8385    4.4210    3.6913  0.1843E+04  0.1842E+04 -0.9289E-08 -0.1956E-08  0.1788E-08  0.1451E-08  0.1001E-01  0.6854E-02  0.1418E+02  0.0000E+00
    3.3650  1  1   15.4622    9.2861    0.0000    0.0000    0.7613    0.6013    0.9609    0.8388    4.4214    3.6914  0.1843E+04  0.1842E+04 -0.9289E-08 -0.1956E-08  0.1792E-08  0.1452E-08  0.1003E-01  0.6864E-02  0.1418E+02  0.0000E+00
    3.3776  1  1   15.4621    9.2861    0.0000    0.0000    0.7616    0.6013    0.9616    0.8391    4.4217    3.6915  0.1843E+04  0.1842E+04 -0.9285E-08 -0.1964E-08  0.1795E-08  0.1453E-08  0.1005E-01  0.6873E-02  0.1417E+02  0.0000E+00
    3.3903  1  1   15.4619    9.2861    0.0000    0.0000    0.7618    0.6014    0.9622    0.8394    4.4221    3.6916  0.1844E+04  0.1843E+04 -0.9282E-08 -0.1974E-08  0.1799E-08  0.1454E-08  0.1007E-01  0.6881E-02  0.1417E+02  0.0000E+00
    3.4029  1  1   15.4618    9.2861    0.0000    0.0000    0.7620    0.6015    0.9629    0.8397    4.4224    3.6918  0.1844E+04  0.1843E+04 -0.9278E-08 -0.1984E-08  0.1802E-08  0.1455E-08  0.1010E-01  0.6887E-02  0.1417E+02  0.0000E+00
    3.4155  1  1   15.4617    9.2860    0.0000    0.0000    0.7623    0.6016    0.9636    0.8400    4.4228    3.6919  0.1844E+04  0.1843E+04 -0.9274E-08 -0.1994E-08  0.1805E-08  0.1456E-08  0.1012E-01  0.6892E-02  0.1417E+02  0.0000E+00
    3.4281  1  1   15.4616    9.2860    0.0000    0.0000    0.7626    0.6017    0.9645    0.8403    4.4236    3.6920  0.1844E+04  0.1844E+04 -0.9331E-08 -0.1997E-08  0.1809E-08  0.1457E-08  0.1013E-01  0.6898E-02  0.1417E+02  0.0000E+00
    3.4407  1  1   15.4615    9.2860    0.0000    0.0000    0.7629    0.6018    0.9652    0.8406    4.4240    3.6921  0.1845E+04  0.1844E+04 -0.9454E-08 -0.1983E-08  0.1812E-08  0.1458E-08  0.1013E-01  0.6904E-02  0.1416E+02  0.0000E+00
    3.4533  1  1   15.4613    9.2860    0.0000    0.0000    0.7631    0.6019    0.9659    0.8409    4.4243    3.6923  0.1846E+04  0.1845E+04 -0.9490E-08 -0.1978E-08  0.1816E-08  0.1459E-08  0.1013E-01  0.6910E-02  0.1416E+02  0.0000E+00
    3.4658  1  1   15.4612    9.2859    0.0000    0.0000    0.7634    0.6020    0.9665    0.8412    4.4247    3.6924  0.1846E+04  0.1845E+04 -0.9489E-08 -0.1978E-08  0.1820E-08  0.1461E-08  0.1014E-01  0.6916E-02  0.1416E+02  0.0000E+00
    3.4784  1  1   15.4611    9.2859    0.0000    0.0000    0.7636    0.6021    0.9672    0.8415    4.4250    3.6925  0.1846E+04  0.1845E+04 -0.9489E-08 -0.1977E-08  0.1823E-08  0.1462E-08  0.1014E-01  0.6921E-02  0.1416E+02  0.0000E+00
    3.4910  1  1   15.4610    9.2859    0.0000    0.0000    0.7638    0.6022    0.9679    0.8418    4.4254    3.6926  0.1847E+04  0.1846E+04 -0.9488E-08 -0.1979E-08  0.1827E-08  0.1463E-08  0.1014E-01  0.6927E-02  0.1416E+02  0.0000E+00
    3.5036  1  1   15.4609    9.2859    0.0000    0.0000    0.7641    0.6023    0.9685    0.8421    4.4257    3.6928  0.1847E+04  0.1846E+04 -0.9486E-08 -0.1981E-08  0.1831E-08  0.1464E-08  0.1014E-01  0.6930E-02  0.1415E+02  0.0000E+00
    3.5162  1  1   15.4607    9.2858    0.0000    0.0000    0.7643    0.6024    0.9692    0.8424    4.4261    3.6929  0.1847E+04  0.1847E+04 -0.9485E-08 -0.1983E-08  0.1834E-08  0.1465E-08  0.1015E-01  0.6933E-02  0.1415E+02  0.0000E+00
    3.5288  1  1   15.4606    9.2858    0.0000    0.0000    0.7646    0.6025    0.9699    0.8427    4.4264    3.6930  0.1848E+04  0.1847E+04 -0.9506E-08 -0.1983E-08  0.1838E-08  0.1466E-08  0.1014E-01  0.6935E-02  0.1415E+02  0.0000E+00
    3.5414  1  1   15.4605    9.2858    0.0000    0.0000    0.7648    0.6025    0.9706    0.8430    4.4268    3.6931  0.1848E+04  0.1847E+04 -0.9563E-08 -0.1977E-08  0.1842E-08  0.1467E-08  0.1013E-01  0.6938E-02  0.1415E+02  0.0000E+00
    3.5540  1  1   15.4604    9.2858    0.0000    0.0000    0.7651    0.6026    0.9713    0.8432    4.4271    3.6933  0.1849E+04  0.1848E+04 -0.9598E-08 -0.1973E-08  0.1845E-08  0.1468E-08  0.1012E-01  0.6940E-02  0.1415E+02  0.0000E+00
    3.5666  1  1   15.4603    9.2857    0.0000    0.0000    0.7653    0.6027    0.9720    0.8435    4.4275    3.6934  0.1849E+04  0.1848E+04 -0.9598E-08 -0.1972E-08  0.1849E-08  0.1469E-08  0.1011E-01  0.6943E-02  0.1415E+02  0.0000E+00
    3.5792  1  1   15.4601    9.2857    0.0000    0.0000    0.7656    0.6028    0.9726    0.8438    4.4279    3.6935  0.1849E+04  0.1849E+04 -0.9598E-08 -0.1971E-08  0.1852E-08  0.1470E-08  0.1010E-01  0.6945E-02  0.1414E+02  0.0000E+00
    3.5918  1  1   15.4600    9.2857    0.0000    0.0000    0.7658    0.6029    0.9733    0.8441    4.4282    3.6936  0.1850E+04  0.1849E+04 -0.9597E-08 -0.1971E-08  0.1856E-08  0.1471E-08  0.1009E-01  0.6948E-02  0.1414E+02  0.0000E+00
    3.6044  1  1   15.4599    9.2857    0.0000    0.0000    0.7660    0.6030    0.9740    0.8444    4.4286    3.6938  0.1850E+04  0.1849E+04 -0.9597E-08 -0.1970E-08  0.1860E-08  0.1472E-08  0.1008E-01  0.6950E-02  0.1414E+02  0.0000E+00
    3.6170  1  1   15.4598    9.2856    0.0000    0.0000    0.7663    0.6031    0.9747    0.8447    4.4289    3.6939  0.1851E+04  0.1850E+04 -0.9597E-08 -0.1969E-08  0.1863E-08  0.1473E-08  0.1007E-01  0.6953E-02  0.1414E+02  0.0000E+00
    3.6296  1  1   15.4597    9.2856    0.0000    0.0000    0.7665    0.6032    0.9754    0.8450    4.4293    3.6940  0.1851E+04  0.1850E+04 -0.9596E-08 -0.1968E-08  0.1867E-08  0.1474E-08  0.1006E-01  0.6956E-02  0.1414E+02  0.0000E+00
    3.6422  1  1   15.4595    9.2856    0.0000    0.0000    0.7668    0.6033    0.9761    0.8453    4.4296    3.6941  0.1851E+04  0.1851E+04 -0.9653E-08 -0.1962E-08  0.1871E-08  0.1476E-08  0.1005E-01  0.6959E-02  0.1413E+02  0.0000E+00
    3.6548  1  1   15.4594    9.2856    0.0000    0.0000    0.7670    0.6034    0.9768    0.8456    4.4300    3.6943  0.1852E+04  0.1851E+04 -0.9713E-08 -0.1955E-08  0.1874E-08  0.1477E-08  0.1005E-01  0.6962E-02  0.1413E+02  0.0000E+00
    3.6674  1  1   15.4593    9.2855    0.0000    0.0000    0.7673    0.6035    0.9775    0.8459    4.4303    3.6944  0.1852E+04  0.1851E+04 -0.9717E-08 -0.1953E-08  0.1878E-08  0.1478E-08  0.1005E-01  0.6965E-02  0.1413E+02  0.0000E+00
    3.6800  1  1   15.4592    9.2855    0.0000    0.0000    0.7675    0.6036    0.9782    0.8462    4.4307    3.6945  0.1852E+04  0.1852E+04 -0.9716E-08 -0.1953E-08  0.1882E-08  0.1479E-08  0.1005E-01  0.6968E-02  0.1413E+02  0.0000E+00
    3.6926  1  1   15.4591    9.2855    0.0000    0.0000    0.7678    0.6036    0.9789    0.8465    4.4310    3.6946  0.1853E+04  0.1852E+04 -0.9716E-08 -0.1952E-08  0.1885E-08  0.1480E-08  0.1005E-01  0.6971E-02  0.1413E+02  0.0000E+00
    3.7052  1  1   15.4589    9.2855    0.0000    0.0000    0.7680    0.6037    0.9796    0.8468    4.4314    3.6948  0.1853E+04  0.1853E+04 -0.9716E-08 -0.1951E-08  0.1889E-08  0.1481E-08  0.1005E-01  0.6974E-02  0.1412E+02  0.0000E+00
    3.7178  1  1   15.4588    9.2854    0.0000    0.0000    0.7683    0.6038    0.9803    0.8471    4.4318    3.6949  0.1854E+04  0.1853E+04 -0.9715E-08 -0.1951E-08  0.1893E-08  0.1482E-08  0.1004E-01  0.6977E-02  0.1412E+02  0.0000E+00
    3.7304  1  1   15.4587    9.2854    0.0000    0.0000    0.7685    0.6039    0.9810    0.8474    4.4321    3.6950  0.1854E+04  0.1853E+04 -0.9715E-08 -0.1951E-08  0.1897E-08  0.1483E-08  0.1004E-01  0.6980E-02  0.1412E+02  0.0000E+00
    3.7430  1  1   15.4586    9.2854    0.0000    0.0000    0.7688    0.6040    0.9817    0.8477    4.4325    3.6951  0.1854E+04  0.1854E+04 -0.9732E-08 -0.1949E-08  0.1900E-08  0.1484E-08  0.1005E-01  0.6984E-02  0.1412E+02  0.0000E+00
    3.7555  1  1   15.4584    9.2854    0.0000    0.0000    0.7690    0.6041    0.9824    0.8480    4.4328    3.6953  0.1855E+04  0.1854E+04 -0.9799E-08 -0.1941E-08  0.1904E-08  0.1485E-08  0.1008E-01  0.6987E-02  0.1411E+02  0.0000E+00
    3.7681  1  1   15.4583    9.2853    0.0000    0.0000    0.7693    0.6042    0.9831    0.8483    4.4332    3.6954  0.1855E+04  0.1855E+04 -0.9848E-08 -0.1935E-08  0.1908E-08  0.1486E-08  0.1012E-01  0.6990E-02  0.1411E+02  0.0000E+00
    3.7807  1  1   15.4582    9.2853    0.0000    0.0000    0.7695    0.6043    0.9838    0.8486    4.4335    3.6955  0.1856E+04  0.1855E+04 -0.9847E-08 -0.1935E-08  0.1912E-08  0.1487E-08  0.1015E-01  0.6994E-02  0.1411E+02  0.0000E+00
    3.7933  1  1   15.4581    9.2853    0.0000    0.0000    0.7697    0.6044    0.9845    0.8489    4.4339    3.6956  0.1856E+04  0.1855E+04 -0.9847E-08 -0.1934E-08  0.1916E-08  0.1488E-08  0.1018E-01  0.6997E-02  0.1411E+02  0.0000E+00
    3.8059  1  1   15.4579    9.2853    0.0000    0.0000    0.7700    0.6045    0.9852    0.8492    4.4343    3.6958  0.1856E+04  0.1856E+04 -0.9847E-08 -0.1933E-08  0.1920E-08  0.1489E-08  0.1022E-01  0.7000E-02  0.1411E+02  0.0000E+00
    3.8185  1  1   15.4578    9.2852    0.0000    0.0000    0.7702    0.6046    0.9859    0.8495    4.4346    3.6959  0.1857E+04  0.1856E+04 -0.9844E-08 -0.1940E-08  0.1924E-08  0.1490E-08  0.1025E-01  0.7003E-02  0.1410E+02  0.0000E+00
    3.8311  1  1   15.4577    9.2852    0.0000    0.0000    0.7705    0.6047    0.9866    0.8498    4.4350    3.6960  0.1857E+04  0.1857E+04 -0.9840E-08 -0.1951E-08  0.1928E-08  0.1492E-08  0.1029E-01  0.7006E-02  0.1410E+02  0.0000E+00
    3.8437  1  1   15.4576    9.2852    0.0000    0.0000    0.7707    0.6048    0.9873    0.8501    4.4353    3.6961  0.1858E+04  0.1857E+04 -0.9835E-08 -0.1962E-08  0.1932E-08  0.1493E-08  0.1032E-01  0.7009E-02  0.1410E+02  0.0000E+00
    3.8563  1  1   15.4574    9.2852    0.0000    0.0000    0.7710    0.6048    0.9881    0.8504    4.4357    3.6963  0.1858E+04  0.1857E+04 -0.9867E-08 -0.1969E-08  0.1936E-08  0.1494E-08  0.1034E-01  0.7012E-02  0.1410E+02  0.0000E+00
    3.8689  1  1   15.4573    9.2851    0.0000    0.0000    0.7713    0.6049    0.9888    0.8507    4.4360    3.6964  0.1858E+04  0.1858E+04 -0.9960E-08 -0.1970E-08  0.1940E-08  0.1495E-08  0.1035E-01  0.7015E-02  0.1410E+02  0.0000E+00
    3.8815  1  1   15.4572    9.2851    0.0000    0.0000    0.7715    0.6050    0.9895    0.8511    4.4364    3.6965  0.1859E+04  0.1858E+04 -0.1002E-07 -0.1963E-08  0.1944E-08  0.1496E-08  0.1036E-01  0.7018E-02  0.1409E+02  0.0000E+00
    3.8941  1  1   15.4571    9.2851    0.0000    0.0000    0.7718    0.6051    0.9902    0.8514    4.4368    3.6966  0.1859E+04  0.1859E+04 -0.1002E-07 -0.1962E-08  0.1948E-08  0.1497E-08  0.1037E-01  0.7021E-02  0.1409E+02  0.0000E+00
    3.9067  1  1   15.4569    9.2851    0.0000    0.0000    0.7720    0.6052    0.9910    0.8517    4.4371    3.6968  0.1860E+04  0.1859E+04 -0.1002E-07 -0.1961E-08  0.1951E-08  0.1498E-08  0.1038E-01  0.7024E-02  0.1409E+02  0.0000E+00
    3.9193  1  1   15.4568    9.2851    0.0000    0.0000    0.7723    0.6053    0.9917    0.8520    4.4375    3.6969  0.1860E+04  0.1859E+04 -0.1002E-07 -0.1960E-08  0.1955E-08  0.1499E-08  0.1039E-01  0.7027E-02  0.1409E+02  0.0000E+00
    3.9319  1  1   15.4567    9.2850    0.0000    0.0000    0.7725    0.6054    0.9924    0.8523    4.4379    3.6970  0.1860E+04  0.1860E+04 -0.1002E-07 -0.1959E-08  0.1959E-08  0.1500E-08  0.1040E-01  0.7030E-02  0.1409E+02  0.0000E+00
    3.9445  1  1   15.4566    9.2850    0.0000    0.0000    0.7728    0.6055    0.9932    0.8526    4.4382    3.6971  0.1861E+04  0.1860E+04 -0.1002E-07 -0.1960E-08  0.1963E-08  0.1502E-08  0.1041E-01  0.7032E-02  0.1408E+02  0.0000E+00
    3.9571  1  1   15.4564    9.2850    0.0000    0.0000    0.7730    0.6056    0.9939    0.8529    4.4386    3.6973  0.1861E+04  0.1861E+04 -0.1002E-07 -0.1961E-08  0.1967E-08  0.1503E-08  0.1042E-01  0.7035E-02  0.1408E+02  0.0000E+00
    3.9697  1  1   15.4563    9.2850    0.0000    0.0000    0.7733    0.6057    0.9946    0.8532    4.4389    3.6974  0.1862E+04  0.1861E+04 -0.1003E-07 -0.1961E-08  0.1971E-08  0.1504E-08  0.1043E-01  0.7038E-02  0.1408E+02  0.0000E+00
    3.9823  1  1   15.4562    9.2849    0.0000    0.0000    0.7735    0.6058    0.9954    0.8535    4.4393    3.6975  0.1862E+04  0.1862E+04 -0.1010E-07 -0.1954E-08  0.1975E-08  0.1505E-08  0.1046E-01  0.7041E-02  0.1408E+02  0.0000E+00
    3.9949  1  1   15.4561    9.2849    0.0000    0.0000    0.7738    0.6059    0.9961    0.8538    4.4397    3.6977  0.1862E+04  0.1862E+04 -0.1017E-07 -0.1947E-08  0.1980E-08  0.1506E-08  0.1049E-01  0.7043E-02  0.1407E+02  0.0000E+00
    4.0075  1  1   15.4559    9.2849    0.0000    0.0000    0.7740    0.6059    0.9968    0.8541    4.4400    3.6978  0.1863E+04  0.1862E+04 -0.1017E-07 -0.1946E-08  0.1984E-08  0.1507E-08  0.1052E-01  0.7046E-02  0.1407E+02  0.0000E+00
    4.0201  1  1   15.4558    9.2849    0.0000    0.0000    0.7743    0.6060    0.9976    0.8544    4.4404    3.6979  0.1863E+04  0.1863E+04 -0.1017E-07 -0.1945E-08  0.1988E-08  0.1508E-08  0.1055E-01  0.7049E-02  0.1407E+02  0.0000E+00
    4.0327  1  1   15.4557    9.2848    0.0000    0.0000    0.7746    0.6061    0.9983    0.8548    4.4408    3.6980  0.1864E+04  0.1863E+04 -0.1017E-07 -0.1945E-08  0.1992E-08  0.1509E-08  0.1058E-01  0.7051E-02  0.1407E+02  0.0000E+00
    4.0452  1  1   15.4555    9.2848    0.0000    0.0000    0.7748    0.6062    0.9991    0.8551    4.4411    3.6982  0.1864E+04  0.1864E+04 -0.1017E-07 -0.1944E-08  0.1996E-08  0.1511E-08  0.1061E-01  0.7054E-02  0.1407E+02  0.0000E+00
    4.0578  1  1   15.4554    9.2848    0.0000    0.0000    0.7751    0.6063    0.9998    0.8554    4.4415    3.6983  0.1865E+04  0.1864E+04 -0.1017E-07 -0.1943E-08  0.2000E-08  0.1512E-08  0.1064E-01  0.7057E-02  0.1406E+02  0.0000E+00
    4.0704  1  1   15.4553    9.2848    0.0000    0.0000    0.7753    0.6064    1.0006    0.8557    4.4418    3.6984  0.1865E+04  0.1865E+04  0.0000E+00  0.0000E+00  0.2004E-08  0.1513E-08  0.1067E-01  0.7059E-02  0.1406E+02  0.0000E+00
    4.0705  1  1   15.4553    9.2848    0.0000    0.0000    0.7753    0.6064    1.0006    0.8557    4.4418    3.6984  0.1867E+04  0.1865E+04 -0.1017E-07 -0.1942E-08  0.2004E-08  0.1513E-08  0.1067E-01  0.7059E-02  0.1406E+02  0.0000E+00
    4.0705  1  1   15.4553    9.2848    0.0000    0.0000    0.7753    0.6064    1.0006    0.8557    4.4418    3.6984  0.1867E+04  0.1865E+04 -0.1017E-07 -0.1942E-08  0.2005E-08  0.1513E-08  0.1067E-01  0.7059E-02  0.1406E+02  0.0000E+00
    4.0706  1  1   15.4553    9.2848    0.0000    0.0000    0.7753    0.6064    1.0006    0.8557    4.4418    3.6984  0.1867E+04  0.1865E+04 -0.1017E-07 -0.1942E-08  0.2005E-08  0.1513E-08  0.1067E-01  0.7059E-02  0.1406E+02  0.0000E+00
    4.0708  1  1   15.4553    9.2848    0.0000    0.0000    0.7753    0.6064    1.0006    0.8557    4.4419    3.6984  0.1867E+04  0.1865E+04 -0.1017E-07 -0.1942E-08  0.2005E-08  0.1513E-08  0.1067E-01  0.7060E-02  0.1406E+02  0.0000E+00
    4.0712  1  1   15.4553    9.2848    0.0000    0.0000    0.7753    0.6064    1.0006    0.8557    4.4419    3.6984  0.1867E+04  0.1865E+04 -0.1017E-07 -0.1942E-08  0.2005E-08  0.1513E-08  0.1067E-01  0.7060E-02  0.1406E+02  0.0000E+00
    4.0720  1  1   15.4553    9.2848    0.0000    0.0000    0.7754    0.6064    1.0007    0.8557    4.4419    3.6984  0.1867E+04  0.1865E+04 -0.1017E-07 -0.1942E-08  0.2005E-08  0.1513E-08  0.1067E-01  0.7060E-02  0.1406E+02  0.0000E+00
    4.0736  1  1   15.4553    9.2847    0.0000    0.0000    0.7754    0.6064    1.0007    0.8558    4.4419    3.6984  0.1868E+04  0.1865E+04 -0.1017E-07 -0.1942E-08  0.2006E-08  0.1513E-08  0.1067E-01  0.7060E-02  0.1406E+02  0.0000E+00
    4.0769  1  1   15.4552    9.2847    0.0000    0.0000    0.7755    0.6064    1.0009    0.8558    4.4420    3.6985  0.1868E+04  0.1865E+04 -0.1017E-07 -0.1942E-08  0.2007E-08  0.1513E-08  0.1068E-01  0.7061E-02  0.1406E+02  0.0000E+00
    4.0833  1  1   15.4552    9.2847    0.0000    0.0000    0.7756    0.6065    1.0012    0.8559    4.4422    3.6985  0.1868E+04  0.1865E+04 -0.1018E-07 -0.1940E-08  0.2009E-08  0.1514E-08  0.1070E-01  0.7062E-02  0.1406E+02  0.0000E+00
    4.0959  1  1   15.4550    9.2847    0.0000    0.0000    0.7758    0.6066    1.0018    0.8561    4.4426    3.6987  0.1868E+04  0.1865E+04 -0.1022E-07 -0.1935E-08  0.2013E-08  0.1515E-08  0.1072E-01  0.7065E-02  0.1406E+02  0.0000E+00
    4.1085  1  1   15.4549    9.2847    0.0000    0.0000    0.7761    0.6067    1.0025    0.8563    4.4429    3.6988  0.1868E+04  0.1866E+04 -0.1030E-07 -0.1926E-08  0.2017E-08  0.1516E-08  0.1073E-01  0.7068E-02  0.1406E+02  0.0000E+00
    4.1211  1  1   15.4548    9.2847    0.0000    0.0000    0.7764    0.6068    1.0031    0.8565    4.4433    3.6989  0.1868E+04  0.1866E+04 -0.1033E-07 -0.1923E-08  0.2022E-08  0.1517E-08  0.1075E-01  0.7070E-02  0.1406E+02  0.0000E+00
    4.1337  1  1   15.4546    9.2846    0.0000    0.0000    0.7766    0.6069    1.0037    0.8567    4.4437    3.6991  0.1868E+04  0.1866E+04 -0.1033E-07 -0.1922E-08  0.2026E-08  0.1519E-08  0.1077E-01  0.7073E-02  0.1406E+02  0.0000E+00
    4.1463  1  1   15.4545    9.2846    0.0000    0.0000    0.7769    0.6070    1.0043    0.8570    4.4440    3.6994  0.1868E+04  0.1866E+04 -0.1033E-07 -0.1920E-08  0.2030E-08  0.1520E-08  0.1078E-01  0.7076E-02  0.1406E+02  0.0000E+00
    4.1589  1  1   15.4544    9.2846    0.0000    0.0000    0.7771    0.6071    1.0049    0.8572    4.4444    3.6996  0.1868E+04  0.1866E+04 -0.1033E-07 -0.1922E-08  0.2034E-08  0.1521E-08  0.1080E-01  0.7079E-02  0.1406E+02  0.0000E+00
    4.1715  1  1   15.4542    9.2846    0.0000    0.0000    0.7774    0.6072    1.0055    0.8574    4.4448    3.6997  0.1868E+04  0.1866E+04 -0.1034E-07 -0.1919E-08  0.2039E-08  0.1522E-08  0.1082E-01  0.7082E-02  0.1406E+02  0.0000E+00
    4.1841  1  1   15.4541    9.2845    0.0000    0.0000    0.7777    0.6073    1.0062    0.8576    4.4451    3.6998  0.1868E+04  0.1866E+04 -0.1034E-07 -0.1918E-08  0.2043E-08  0.1523E-08  0.1083E-01  0.7084E-02  0.1406E+02  0.0000E+00
    4.1967  1  1   15.4540    9.2845    0.0000    0.0000    0.7779    0.6074    1.0068    0.8577    4.4455    3.6999  0.1868E+04  0.1866E+04 -0.1034E-07 -0.1920E-08  0.2047E-08  0.1524E-08  0.1085E-01  0.7087E-02  0.1406E+02  0.0000E+00
    4.2093  1  1   15.4539    9.2845    0.0000    0.0000    0.7782    0.6075    1.0074    0.8579    4.4459    3.7001  0.1868E+04  0.1866E+04 -0.1034E-07 -0.1921E-08  0.2051E-08  0.1525E-08  0.1087E-01  0.7090E-02  0.1406E+02  0.0000E+00
    4.2219  1  1   15.4537    9.2845    0.0000    0.0000    0.7784    0.6075    1.0080    0.8581    4.4463    3.7002  0.1868E+04  0.1866E+04 -0.1043E-07 -0.1911E-08  0.2056E-08  0.1526E-08  0.1088E-01  0.7093E-02  0.1406E+02  0.0000E+00
    4.2345  1  1   15.4536    9.2844    0.0000    0.0000    0.7787    0.6076    1.0086    0.8583    4.4466    3.7003  0.1868E+04  0.1866E+04 -0.1053E-07 -0.1901E-08  0.2060E-08  0.1527E-08  0.1090E-01  0.7096E-02  0.1406E+02  0.0000E+00
    4.2471  1  1   15.4535    9.2844    0.0000    0.0000    0.7790    0.6077    1.0093    0.8585    4.4470    3.7005  0.1868E+04  0.1866E+04 -0.1054E-07 -0.1893E-08  0.2065E-08  0.1529E-08  0.1092E-01  0.7099E-02  0.1406E+02  0.0000E+00
    4.2596  1  1   15.4533    9.2844    0.0000    0.0000    0.7792    0.6078    1.0099    0.8587    4.4474    3.7006  0.1868E+04  0.1866E+04 -0.1055E-07 -0.1882E-08  0.2069E-08  0.1530E-08  0.1094E-01  0.7103E-02  0.1406E+02  0.0000E+00
    4.2722  1  1   15.4532    9.2844    0.0000    0.0000    0.7795    0.6079    1.0105    0.8589    4.4477    3.7007  0.1868E+04  0.1866E+04 -0.1056E-07 -0.1869E-08  0.2074E-08  0.1531E-08  0.1096E-01  0.7106E-02  0.1406E+02  0.0000E+00
    4.2848  1  1   15.4531    9.2843    0.0000    0.0000    0.7798    0.6080    1.0112    0.8591    4.4481    3.7008  0.1868E+04  0.1866E+04 -0.1058E-07 -0.1854E-08  0.2078E-08  0.1532E-08  0.1098E-01  0.7109E-02  0.1406E+02  0.0000E+00
    4.2974  1  1   15.4529    9.2843    0.0000    0.0000    0.7800    0.6081    1.0118    0.8593    4.4485    3.7010  0.1868E+04  0.1866E+04 -0.1059E-07 -0.1838E-08  0.2083E-08  0.1533E-08  0.1100E-01  0.7112E-02  0.1406E+02  0.0000E+00
    4.3100  1  1   15.4528    9.2843    0.0000    0.0000    0.7803    0.6082    1.0124    0.8595    4.4488    3.7011  0.1868E+04  0.1867E+04 -0.1061E-07 -0.1821E-08  0.2087E-08  0.1534E-08  0.1102E-01  0.7115E-02  0.1406E+02  0.0000E+00
    4.3226  1  1   15.4527    9.2843    0.0000    0.0000    0.7806    0.6083    1.0131    0.8597    4.4492    3.7012  0.1869E+04  0.1867E+04 -0.1063E-07 -0.1808E-08  0.2092E-08  0.1535E-08  0.1103E-01  0.7118E-02  0.1406E+02  0.0000E+00
    4.3352  1  1   15.4525    9.2843    0.0000    0.0000    0.7808    0.6084    1.0137    0.8599    4.4496    3.7014  0.1869E+04  0.1867E+04 -0.1065E-07 -0.1793E-08  0.2096E-08  0.1536E-08  0.1105E-01  0.7122E-02  0.1406E+02  0.0000E+00
    4.3478  1  1   15.4524    9.2842    0.0000    0.0000    0.7811    0.6085    1.0143    0.8601    4.4500    3.7015  0.1869E+04  0.1867E+04 -0.1076E-07 -0.1766E-08  0.2101E-08  0.1537E-08  0.1108E-01  0.7126E-02  0.1406E+02  0.0000E+00
    4.3604  1  1   15.4523    9.2842    0.0000    0.0000    0.7814    0.6086    1.0150    0.8602    4.4503    3.7016  0.1869E+04  0.1867E+04 -0.1087E-07 -0.1736E-08  0.2105E-08  0.1538E-08  0.1111E-01  0.7130E-02  0.1406E+02  0.0000E+00
    4.3730  1  1   15.4521    9.2842    0.0000    0.0000    0.7816    0.6086    1.0156    0.8604    4.4507    3.7017  0.1869E+04  0.1867E+04 -0.1091E-07 -0.1709E-08  0.2110E-08  0.1539E-08  0.1114E-01  0.7133E-02  0.1406E+02  0.0000E+00
    4.3856  1  1   15.4520    9.2842    0.0000    0.0000    0.7819    0.6087    1.0162    0.8606    4.4511    3.7019  0.1869E+04  0.1867E+04 -0.1094E-07 -0.1677E-08  0.2114E-08  0.1541E-08  0.1118E-01  0.7137E-02  0.1406E+02  0.0000E+00
    4.3982  1  1   15.4518    9.2841    0.0000    0.0000    0.7822    0.6088    1.0169    0.8608    4.4514    3.7020  0.1869E+04  0.1867E+04 -0.1098E-07 -0.1641E-08  0.2119E-08  0.1542E-08  0.1121E-01  0.7141E-02  0.1406E+02  0.0000E+00
    4.4108  1  1   15.4517    9.2841    0.0000    0.0000    0.7824    0.6089    1.0175    0.8610    4.4518    3.7021  0.1869E+04  0.1867E+04 -0.1101E-07 -0.1603E-08  0.2123E-08  0.1543E-08  0.1124E-01  0.7145E-02  0.1406E+02  0.0000E+00
    4.4234  1  1   15.4516    9.2841    0.0000    0.0000    0.7827    0.6090    1.0182    0.8612    4.4522    3.7023  0.1869E+04  0.1867E+04 -0.1105E-07 -0.1561E-08  0.2128E-08  0.1544E-08  0.1127E-01  0.7149E-02  0.1406E+02  0.0000E+00
    4.4360  1  1   15.4514    9.2841    0.0000    0.0000    0.7830    0.6091    1.0188    0.8614    4.4526    3.7024  0.1869E+04  0.1867E+04 -0.1110E-07 -0.1517E-08  0.2133E-08  0.1545E-08  0.1130E-01  0.7153E-02  0.1406E+02  0.0000E+00
    4.4486  1  1   15.4513    9.2841    0.0000    0.0000    0.7832    0.6092    1.0195    0.8616    4.4529    3.7025  0.1869E+04  0.1867E+04 -0.1115E-07 -0.1469E-08  0.2137E-08  0.1546E-08  0.1133E-01  0.7156E-02  0.1406E+02  0.0000E+00
    4.4612  1  1   15.4511    9.2841    0.0000    0.0000    0.7835    0.6093    1.0201    0.8618    4.4533    3.7026  0.1869E+04  0.1867E+04 -0.1120E-07 -0.1418E-08  0.2142E-08  0.1547E-08  0.1136E-01  0.7160E-02  0.1405E+02  0.0000E+00
    4.4738  1  1   15.4510    9.2840    0.0000    0.0000    0.7838    0.6094    1.0208    0.8620    4.4537    3.7028  0.1869E+04  0.1867E+04 -0.1132E-07 -0.1356E-08  0.2147E-08  0.1548E-08  0.1138E-01  0.7164E-02  0.1405E+02  0.0000E+00
    4.4864  1  1   15.4509    9.2840    0.0000    0.0000    0.7840    0.6095    1.0214    0.8622    4.4541    3.7029  0.1869E+04  0.1867E+04 -0.1147E-07 -0.1286E-08  0.2151E-08  0.1549E-08  0.1139E-01  0.7168E-02  0.1405E+02  0.0000E+00
    4.4990  1  1   15.4507    9.2840    0.0000    0.0000    0.7843    0.6096    1.0221    0.8624    4.4544    3.7030  0.1869E+04  0.1867E+04 -0.1157E-07 -0.1220E-08  0.2156E-08  0.1550E-08  0.1141E-01  0.7172E-02  0.1405E+02  0.0000E+00
    4.5116  1  1   15.4506    9.2840    0.0000    0.0000    0.7846    0.6097    1.0227    0.8626    4.4548    3.7032  0.1869E+04  0.1867E+04 -0.1164E-07 -0.1153E-08  0.2161E-08  0.1551E-08  0.1142E-01  0.7176E-02  0.1405E+02  0.0000E+00
    4.5242  1  1   15.4504    9.2840    0.0000    0.0000    0.7849    0.6097    1.0234    0.8628    4.4552    3.7033  0.1869E+04  0.1867E+04 -0.1171E-07 -0.1082E-08  0.2166E-08  0.1552E-08  0.1144E-01  0.7179E-02  0.1405E+02  0.0000E+00
    4.5368  1  1   15.4503    9.2840    0.0000    0.0000    0.7851    0.6098    1.0240    0.8630    4.4556    3.7034  0.1869E+04  0.1867E+04 -0.1178E-07 -0.1007E-08  0.2170E-08  0.1553E-08  0.1145E-01  0.7183E-02  0.1405E+02  0.0000E+00
    4.5493  1  1   15.4501    9.2840    0.0000    0.0000    0.7854    0.6099    1.0247    0.8631    4.4559    3.7035  0.1869E+04  0.1867E+04 -0.1186E-07 -0.9270E-09  0.2175E-08  0.1554E-08  0.1147E-01  0.7187E-02  0.1405E+02  0.0000E+00
    4.5619  1  1   15.4500    9.2839    0.0000    0.0000    0.7857    0.6100    1.0254    0.8633    4.4563    3.7037  0.1869E+04  0.1867E+04 -0.1194E-07 -0.8430E-09  0.2180E-08  0.1555E-08  0.1148E-01  0.7191E-02  0.1405E+02  0.0000E+00
    4.5745  1  1   15.4498    9.2839    0.0000    0.0000    0.7859    0.6101    1.0260    0.8635    4.4567    3.7038  0.1869E+04  0.1867E+04 -0.1203E-07 -0.7545E-09  0.2185E-08  0.1557E-08  0.1150E-01  0.7195E-02  0.1405E+02  0.0000E+00
    4.5871  1  1   15.4497    9.2839    0.0000    0.0000    0.7862    0.6102    1.0267    0.8637    4.4571    3.7039  0.1869E+04  0.1867E+04 -0.1213E-07 -0.6648E-09  0.2189E-08  0.1558E-08  0.1151E-01  0.7199E-02  0.1405E+02  0.0000E+00
    4.5997  1  1   15.4495    9.2839    0.0000    0.0000    0.7865    0.6103    1.0273    0.8639    4.4575    3.7041  0.1869E+04  0.1868E+04 -0.1223E-07 -0.5718E-09  0.2194E-08  0.1559E-08  0.1152E-01  0.7202E-02  0.1405E+02  0.0000E+00
    4.6123  1  1   15.4493    9.2839    0.0000    0.0000    0.7868    0.6104    1.0280    0.8641    4.4578    3.7042  0.1869E+04  0.1868E+04 -0.1243E-07 -0.4633E-09  0.2199E-08  0.1560E-08  0.1154E-01  0.7206E-02  0.1405E+02  0.0000E+00
    4.6249  1  1   15.4492    9.2839    0.0000    0.0000    0.7870    0.6105    1.0287    0.8643    4.4582    3.7043  0.1869E+04  0.1868E+04 -0.1264E-07 -0.3487E-09  0.2204E-08  0.1561E-08  0.1156E-01  0.7209E-02  0.1405E+02  0.0000E+00
    4.6375  1  1   15.4490    9.2839    0.0000    0.0000    0.7873    0.6106    1.0294    0.8645    4.4586    3.7044  0.1869E+04  0.1868E+04 -0.1275E-07 -0.2392E-09  0.2209E-08  0.1562E-08  0.1158E-01  0.7212E-02  0.1405E+02  0.0000E+00
    4.6501  1  1   15.4489    9.2839    0.0000    0.0000    0.7876    0.6107    1.0300    0.8647    4.4590    3.7046  0.1869E+04  0.1868E+04 -0.1287E-07 -0.1189E-09  0.2214E-08  0.1563E-08  0.1160E-01  0.7216E-02  0.1405E+02  0.0000E+00
    4.6627  1  1   15.4487    9.2839    0.0000    0.0000    0.7879    0.6108    1.0307    0.8649    4.4594    3.7047  0.1869E+04  0.1868E+04 -0.1300E-07  0.7549E-11  0.2219E-08  0.1564E-08  0.1162E-01  0.7219E-02  0.1405E+02  0.0000E+00
    4.6753  1  1   15.4485    9.2839    0.0000    0.0000    0.7881    0.6108    1.0314    0.8651    4.4597    3.7048  0.1870E+04  0.1868E+04 -0.1313E-07  0.1398E-09  0.2224E-08  0.1565E-08  0.1164E-01  0.7223E-02  0.1405E+02  0.0000E+00
    4.6879  1  1   15.4484    9.2839    0.0000    0.0000    0.7884    0.6109    1.0321    0.8653    4.4601    3.7050  0.1870E+04  0.1868E+04 -0.1327E-07  0.2779E-09  0.2229E-08  0.1566E-08  0.1165E-01  0.7226E-02  0.1405E+02  0.0000E+00
    4.7005  1  1   15.4482    9.2839    0.0000    0.0000    0.7887    0.6110    1.0328    0.8655    4.4605    3.7051  0.1870E+04  0.1868E+04 -0.1341E-07  0.4221E-09  0.2234E-08  0.1568E-08  0.1167E-01  0.7229E-02  0.1405E+02  0.0000E+00
    4.7131  1  1   15.4480    9.2839    0.0000    0.0000    0.7890    0.6111    1.0334    0.8657    4.4609    3.7052  0.1870E+04  0.1868E+04 -0.1356E-07  0.5724E-09  0.2240E-08  0.1569E-08  0.1169E-01  0.7233E-02  0.1405E+02  0.0000E+00
    4.7257  1  1   15.4479    9.2839    0.0000    0.0000    0.7892    0.6112    1.0341    0.8659    4.4613    3.7053  0.1870E+04  0.1868E+04 -0.1371E-07  0.7246E-09  0.2245E-08  0.1570E-08  0.1171E-01  0.7236E-02  0.1405E+02  0.0000E+00
    4.7383  1  1   15.4477    9.2839    0.0000    0.0000    0.7895    0.6113    1.0348    0.8661    4.4616    3.7055  0.1870E+04  0.1868E+04 -0.1389E-07  0.8811E-09  0.2250E-08  0.1571E-08  0.1173E-01  0.7239E-02  0.1405E+02  0.0000E+00
    4.7509  1  1   15.4475    9.2840    0.0000    0.0000    0.7898    0.6114    1.0355    0.8663    4.4620    3.7056  0.1870E+04  0.1868E+04 -0.1417E-07  0.1055E-08  0.2255E-08  0.1572E-08  0.1175E-01  0.7242E-02  0.1405E+02  0.0000E+00
    4.7635  1  1   15.4473    9.2840    0.0000    0.0000    0.7901    0.6115    1.0362    0.8665    4.4624    3.7057  0.1870E+04  0.1868E+04 -0.1443E-07  0.1235E-08  0.2260E-08  0.1573E-08  0.1177E-01  0.7245E-02  0.1405E+02  0.0000E+00
    4.7761  1  1   15.4471    9.2840    0.0000    0.0000    0.7904    0.6116    1.0369    0.8667    4.4628    3.7059  0.1870E+04  0.1868E+04 -0.1462E-07  0.1414E-08  0.2265E-08  0.1574E-08  0.1180E-01  0.7247E-02  0.1405E+02  0.0000E+00
    4.7887  1  1   15.4470    9.2840    0.0000    0.0000    0.7907    0.6117    1.0376    0.8668    4.4632    3.7060  0.1870E+04  0.1868E+04 -0.1481E-07  0.1606E-08  0.2270E-08  0.1575E-08  0.1182E-01  0.7250E-02  0.1405E+02  0.0000E+00
    4.8013  1  1   15.4468    9.2840    0.0000    0.0000    0.7909    0.6118    1.0383    0.8670    4.4636    3.7061  0.1870E+04  0.1868E+04 -0.1501E-07  0.1807E-08  0.2276E-08  0.1577E-08  0.1184E-01  0.7253E-02  0.1405E+02  0.0000E+00
    4.8139  1  1   15.4466    9.2841    0.0000    0.0000    0.7912    0.6119    1.0390    0.8672    4.4639    3.7063  0.1870E+04  0.1869E+04 -0.1522E-07  0.2016E-08  0.2281E-08  0.1578E-08  0.1186E-01  0.7255E-02  0.1405E+02  0.0000E+00
    4.8265  1  1   15.4464    9.2841    0.0000    0.0000    0.7915    0.6119    1.0397    0.8674    4.4643    3.7064  0.1870E+04  0.1869E+04 -0.1544E-07  0.2233E-08  0.2286E-08  0.1579E-08  0.1188E-01  0.7258E-02  0.1405E+02  0.0000E+00
    4.8390  1  1   15.4462    9.2841    0.0000    0.0000    0.7918    0.6120    1.0404    0.8676    4.4647    3.7065  0.1870E+04  0.1869E+04 -0.1566E-07  0.2458E-08  0.2291E-08  0.1580E-08  0.1191E-01  0.7261E-02  0.1405E+02  0.0000E+00
    4.8516  1  1   15.4460    9.2841    0.0000    0.0000    0.7921    0.6121    1.0411    0.8678    4.4651    3.7066  0.1870E+04  0.1869E+04 -0.1589E-07  0.2690E-08  0.2297E-08  0.1581E-08  0.1193E-01  0.7264E-02  0.1405E+02  0.0000E+00
    4.8642  1  1   15.4458    9.2842    0.0000    0.0000    0.7923    0.6123    1.0418    0.8681    4.4655    3.7071  0.1870E+04  0.1868E+04 -0.1613E-07  0.2931E-08  0.2302E-08  0.1582E-08  0.1195E-01  0.7267E-02  0.1405E+02  0.0000E+00
    4.8768  1  1   15.4456    9.2842    0.0000    0.0000    0.7926    0.6124    1.0425    0.8683    4.4659    3.7072  0.1870E+04  0.1869E+04 -0.1638E-07  0.3175E-08  0.2307E-08  0.1584E-08  0.1197E-01  0.7270E-02  0.1405E+02  0.0000E+00
    4.8894  1  1   15.4454    9.2843    0.0000    0.0000    0.7929    0.6125    1.0432    0.8685    4.4663    3.7074  0.1870E+04  0.1869E+04 -0.1675E-07  0.3446E-08  0.2313E-08  0.1585E-08  0.1199E-01  0.7273E-02  0.1405E+02  0.0000E+00
    4.9020  1  1   15.4451    9.2843    0.0000    0.0000    0.7932    0.6126    1.0439    0.8687    4.4666    3.7075  0.1870E+04  0.1869E+04 -0.1713E-07  0.3730E-08  0.2318E-08  0.1586E-08  0.1200E-01  0.7275E-02  0.1405E+02  0.0000E+00
    4.9146  1  1   15.4449    9.2844    0.0000    0.0000    0.7935    0.6127    1.0446    0.8689    4.4670    3.7076  0.1870E+04  0.1869E+04 -0.1742E-07  0.4011E-08  0.2324E-08  0.1587E-08  0.1202E-01  0.7278E-02  0.1405E+02  0.0000E+00
    4.9272  1  1   15.4447    9.2844    0.0000    0.0000    0.7938    0.6127    1.0453    0.8691    4.4674    3.7078  0.1870E+04  0.1869E+04 -0.1771E-07  0.4301E-08  0.2329E-08  0.1588E-08  0.1203E-01  0.7280E-02  0.1405E+02  0.0000E+00
    4.9398  1  1   15.4445    9.2845    0.0000    0.0000    0.7941    0.6128    1.0461    0.8693    4.4678    3.7079  0.1870E+04  0.1869E+04 -0.1801E-07  0.4601E-08  0.2335E-08  0.1589E-08  0.1204E-01  0.7283E-02  0.1405E+02  0.0000E+00
    4.9524  1  1   15.4442    9.2845    0.0000    0.0000    0.7944    0.6129    1.0468    0.8695    4.4682    3.7080  0.1871E+04  0.1869E+04 -0.1832E-07  0.4910E-08  0.2340E-08  0.1590E-08  0.1206E-01  0.7285E-02  0.1405E+02  0.0000E+00
    4.9650  1  1   15.4440    9.2846    0.0000    0.0000    0.7946    0.6130    1.0475    0.8697    4.4686    3.7082  0.1871E+04  0.1870E+04 -0.1863E-07  0.5229E-08  0.2346E-08  0.1592E-08  0.1207E-01  0.7288E-02  0.1404E+02  0.0000E+00
    4.9776  1  1   15.4438    9.2847    0.0000    0.0000    0.7949    0.6131    1.0482    0.8699    4.4690    3.7083  0.1871E+04  0.1870E+04 -0.1896E-07  0.5557E-08  0.2351E-08  0.1593E-08  0.1209E-01  0.7290E-02  0.1404E+02  0.0000E+00
    4.9902  1  1   15.4435    9.2847    0.0000    0.0000    0.7952    0.6132    1.0489    0.8701    4.4694    3.7084  0.1871E+04  0.1870E+04 -0.1930E-07  0.5896E-08  0.2357E-08  0.1594E-08  0.1210E-01  0.7293E-02  0.1404E+02  0.0000E+00
    5.0028  1  1   15.4433    9.2848    0.0000    0.0000    0.7955    0.6133    1.0497    0.8703    4.4698    3.7085  0.1871E+04  0.1870E+04 -0.1965E-07  0.6246E-08  0.2363E-08  0.1595E-08  0.1211E-01  0.7295E-02  0.1404E+02  0.0000E+00
    5.0154  1  1   15.4430    9.2849    0.0000    0.0000    0.7958    0.6134    1.0504    0.8705    4.4701    3.7087  0.1871E+04  0.1870E+04 -0.2001E-07  0.6605E-08  0.2368E-08  0.1596E-08  0.1213E-01  0.7298E-02  0.1404E+02  0.0000E+00
    5.0280  1  1   15.4428    9.2850    0.0000    0.0000    0.7961    0.6135    1.0511    0.8707    4.4705    3.7088  0.1871E+04  0.1870E+04 -0.2043E-07  0.6972E-08  0.2374E-08  0.1597E-08  0.1214E-01  0.7300E-02  0.1404E+02  0.0000E+00
    5.0406  1  1   15.4425    9.2851    0.0000    0.0000    0.7964    0.6136    1.0519    0.8709    4.4709    3.7089  0.1871E+04  0.1870E+04 -0.2093E-07  0.7360E-08  0.2379E-08  0.1599E-08  0.1214E-01  0.7304E-02  0.1404E+02  0.0000E+00
    5.0532  1  1   15.4422    9.2852    0.0000    0.0000    0.7967    0.6137    1.0526    0.8711    4.4713    3.7091  0.1871E+04  0.1870E+04 -0.2139E-07  0.7758E-08  0.2385E-08  0.1600E-08  0.1214E-01  0.7309E-02  0.1404E+02  0.0000E+00
    5.0658  1  1   15.4420    9.2853    0.0000    0.0000    0.7970    0.6138    1.0533    0.8713    4.4717    3.7092  0.1871E+04  0.1870E+04 -0.2180E-07  0.8161E-08  0.2391E-08  0.1601E-08  0.1215E-01  0.7314E-02  0.1404E+02  0.0000E+00
    5.0784  1  1   15.4417    9.2854    0.0000    0.0000    0.7973    0.6139    1.0541    0.8716    4.4721    3.7096  0.1871E+04  0.1870E+04 -0.2222E-07  0.8578E-08  0.2397E-08  0.1602E-08  0.1215E-01  0.7320E-02  0.1404E+02  0.0000E+00
    5.0910  1  1   15.4414    9.2855    0.0000    0.0000    0.7975    0.6140    1.0548    0.8718    4.4725    3.7097  0.1871E+04  0.1870E+04 -0.2265E-07  0.9010E-08  0.2402E-08  0.1603E-08  0.1215E-01  0.7325E-02  0.1404E+02  0.0000E+00
    5.1036  1  1   15.4411    9.2856    0.0000    0.0000    0.7978    0.6141    1.0556    0.8720    4.4729    3.7098  0.1871E+04  0.1870E+04 -0.2310E-07  0.9460E-08  0.2408E-08  0.1604E-08  0.1216E-01  0.7330E-02  0.1404E+02  0.0000E+00
    5.1162  1  1   15.4408    9.2858    0.0000    0.0000    0.7981    0.6142    1.0563    0.8722    4.4733    3.7100  0.1871E+04  0.1871E+04 -0.2356E-07  0.9922E-08  0.2414E-08  0.1605E-08  0.1216E-01  0.7335E-02  0.1404E+02  0.0000E+00
    5.1287  1  1   15.4405    9.2859    0.0000    0.0000    0.7984    0.6143    1.0571    0.8724    4.4737    3.7101  0.1871E+04  0.1871E+04 -0.2404E-07  0.1040E-07  0.2419E-08  0.1606E-08  0.1216E-01  0.7340E-02  0.1404E+02  0.0000E+00
    5.1413  1  1   15.4402    9.2860    0.0000    0.0000    0.7987    0.6143    1.0578    0.8726    4.4741    3.7102  0.1871E+04  0.1871E+04 -0.2452E-07  0.1088E-07  0.2425E-08  0.1608E-08  0.1217E-01  0.7345E-02  0.1404E+02  0.0000E+00
    5.1539  1  1   15.4399    9.2862    0.0000    0.0000    0.7990    0.6144    1.0586    0.8728    4.4745    3.7104  0.1871E+04  0.1871E+04 -0.2502E-07  0.1138E-07  0.2431E-08  0.1609E-08  0.1217E-01  0.7350E-02  0.1404E+02  0.0000E+00
    5.1665  1  1   15.4396    9.2863    0.0000    0.0000    0.7993    0.6145    1.0594    0.8730    4.4749    3.7105  0.1872E+04  0.1871E+04 -0.2553E-07  0.1189E-07  0.2437E-08  0.1610E-08  0.1218E-01  0.7355E-02  0.1404E+02  0.0000E+00
    5.1791  1  1   15.4392    9.2865    0.0000    0.0000    0.7996    0.6146    1.0601    0.8732    4.4753    3.7106  0.1872E+04  0.1871E+04 -0.2613E-07  0.1242E-07  0.2443E-08  0.1611E-08  0.1220E-01  0.7360E-02  0.1404E+02  0.0000E+00
    5.1917  1  1   15.4389    9.2866    0.0000    0.0000    0.7999    0.6147    1.0609    0.8734    4.4756    3.7108  0.1872E+04  0.1871E+04 -0.2680E-07  0.1298E-07  0.2449E-08  0.1612E-08  0.1224E-01  0.7366E-02  0.1404E+02  0.0000E+00
    5.2043  1  1   15.4385    9.2868    0.0000    0.0000    0.8002    0.6148    1.0617    0.8736    4.4760    3.7109  0.1872E+04  0.1872E+04 -0.2741E-07  0.1354E-07  0.2455E-08  0.1613E-08  0.1228E-01  0.7374E-02  0.1404E+02  0.0000E+00
    5.2169  1  1   15.4382    9.2870    0.0000    0.0000    0.8005    0.6150    1.0624    0.8739    4.4764    3.7114  0.1872E+04  0.1871E+04 -0.2799E-07  0.1412E-07  0.2461E-08  0.1614E-08  0.1232E-01  0.7384E-02  0.1404E+02  0.0000E+00
    5.2295  1  1   15.4378    9.2872    0.0000    0.0000    0.8008    0.6150    1.0632    0.8741    4.4768    3.7115  0.1872E+04  0.1872E+04 -0.2858E-07  0.1470E-07  0.2467E-08  0.1615E-08  0.1236E-01  0.7392E-02  0.1404E+02  0.0000E+00
    5.2421  1  1   15.4375    9.2874    0.0000    0.0000    0.8011    0.6151    1.0640    0.8744    4.4772    3.7116  0.1872E+04  0.1872E+04 -0.2919E-07  0.1532E-07  0.2473E-08  0.1616E-08  0.1240E-01  0.7401E-02  0.1404E+02  0.0000E+00
    5.2547  1  1   15.4371    9.2876    0.0000    0.0000    0.8012    0.6152    1.0644    0.8746    4.4768    3.7117  0.1872E+04  0.1872E+04 -0.2982E-07  0.1595E-07  0.2479E-08  0.1617E-08  0.1243E-01  0.7409E-02  0.1404E+02  0.0000E+00
    5.2673  1  1   15.4367    9.2878    0.0000    0.0000    0.8015    0.6153    1.0652    0.8748    4.4772    3.7119  0.1872E+04  0.1872E+04 -0.3007E-07  0.1624E-07  0.2485E-08  0.1619E-08  0.1247E-01  0.7417E-02  0.1404E+02  0.0000E+00
    5.2799  1  1   15.4363    9.2880    0.0000    0.0000    0.8018    0.6154    1.0659    0.8750    4.4776    3.7120  0.1872E+04  0.1872E+04 -0.3072E-07  0.1690E-07  0.2492E-08  0.1620E-08  0.1251E-01  0.7426E-02  0.1403E+02  0.0000E+00
    5.2925  1  1   15.4359    9.2882    0.0000    0.0000    0.8021    0.6155    1.0667    0.8752    4.4780    3.7121  0.1872E+04  0.1873E+04 -0.3139E-07  0.1756E-07  0.2498E-08  0.1621E-08  0.1255E-01  0.7434E-02  0.1403E+02  0.0000E+00
    5.3051  1  1   15.4355    9.2884    0.0000    0.0000    0.8024    0.6156    1.0675    0.8754    4.4784    3.7123  0.1872E+04  0.1873E+04 -0.3207E-07  0.1824E-07  0.2504E-08  0.1622E-08  0.1259E-01  0.7442E-02  0.1403E+02  0.0000E+00
    5.3177  1  1   15.4351    9.2887    0.0000    0.0000    0.8027    0.6157    1.0683    0.8757    4.4788    3.7127  0.1872E+04  0.1872E+04 -0.3277E-07  0.1894E-07  0.2510E-08  0.1623E-08  0.1263E-01  0.7453E-02  0.1403E+02  0.0000E+00
    5.3303  1  1   15.4347    9.2889    0.0000    0.0000    0.8030    0.6158    1.0691    0.8759    4.4792    3.7129  0.1873E+04  0.1873E+04 -0.3354E-07  0.1966E-07  0.2516E-08  0.1624E-08  0.1267E-01  0.7461E-02  0.1403E+02  0.0000E+00
    5.3430  1  1   15.4343    9.2892    0.0000    0.0000    0.8033    0.6159    1.0699    0.8761    4.4796    3.7130  0.1873E+04  0.1873E+04 -0.3444E-07  0.2042E-07  0.2523E-08  0.1625E-08  0.1270E-01  0.7469E-02  0.1403E+02  0.0000E+00
    5.3556  1  1   15.4338    9.2894    0.0000    0.0000    0.8037    0.6160    1.0707    0.8763    4.4800    3.7131  0.1873E+04  0.1873E+04 -0.3529E-07  0.2120E-07  0.2530E-08  0.1626E-08  0.1274E-01  0.7478E-02  0.1403E+02  0.0000E+00
    5.3682  1  1   15.4334    9.2897    0.0000    0.0000    0.8040    0.6161    1.0715    0.8765    4.4804    3.7133  0.1873E+04  0.1874E+04 -0.3608E-07  0.2199E-07  0.2536E-08  0.1627E-08  0.1278E-01  0.7486E-02  0.1403E+02  0.0000E+00
    5.3808  1  1   15.4329    9.2900    0.0000    0.0000    0.8043    0.6162    1.0724    0.8767    4.4808    3.7134  0.1873E+04  0.1874E+04 -0.3689E-07  0.2280E-07  0.2543E-08  0.1628E-08  0.1282E-01  0.7494E-02  0.1403E+02  0.0000E+00
    5.3934  1  1   15.4324    9.2903    0.0000    0.0000    0.8046    0.6163    1.0732    0.8770    4.4812    3.7137  0.1873E+04  0.1874E+04 -0.3772E-07  0.2362E-07  0.2549E-08  0.1630E-08  0.1285E-01  0.7503E-02  0.1403E+02  0.0000E+00
    5.4060  1  1   15.4319    9.2906    0.0000    0.0000    0.8048    0.6164    1.0739    0.8772    4.4814    3.7139  0.1873E+04  0.1874E+04 -0.3856E-07  0.2447E-07  0.2556E-08  0.1631E-08  0.1289E-01  0.7511E-02  0.1403E+02  0.0000E+00
    5.4186  1  1   15.4314    9.2909    0.0000    0.0000    0.8051    0.6165    1.0747    0.8774    4.4818    3.7140  0.1873E+04  0.1874E+04 -0.3928E-07  0.2520E-07  0.2563E-08  0.1632E-08  0.1293E-01  0.7519E-02  0.1403E+02  0.0000E+00
    5.4312  1  1   15.4309    9.2913    0.0000    0.0000    0.8055    0.6166    1.0755    0.8776    4.4822    3.7141  0.1873E+04  0.1874E+04 -0.4016E-07  0.2608E-07  0.2569E-08  0.1633E-08  0.1297E-01  0.7527E-02  0.1403E+02  0.0000E+00
    5.4438  1  1   15.4304    9.2916    0.0000    0.0000    0.8058    0.6167    1.0763    0.8778    4.4826    3.7143  0.1873E+04  0.1875E+04 -0.4107E-07  0.2699E-07  0.2576E-08  0.1634E-08  0.1300E-01  0.7535E-02  0.1403E+02  0.0000E+00
    5.4564  1  1   15.4299    9.2920    0.0000    0.0000    0.8061    0.6168    1.0772    0.8782    4.4830    3.7147  0.1874E+04  0.1874E+04 -0.4199E-07  0.2791E-07  0.2582E-08  0.1635E-08  0.1304E-01  0.7545E-02  0.1403E+02  0.0000E+00
    5.4690  1  1   15.4293    9.2923    0.0000    0.0000    0.8064    0.6169    1.0780    0.8784    4.4834    3.7148  0.1874E+04  0.1875E+04 -0.4294E-07  0.2885E-07  0.2589E-08  0.1636E-08  0.1308E-01  0.7554E-02  0.1403E+02  0.0000E+00
    5.4817  1  1   15.4288    9.2927    0.0000    0.0000    0.8067    0.6170    1.0788    0.8786    4.4838    3.7150  0.1874E+04  0.1875E+04 -0.4391E-07  0.2983E-07  0.2596E-08  0.1637E-08  0.1312E-01  0.7562E-02  0.1403E+02  0.0000E+00
    5.4943  1  1   15.4282    9.2931    0.0000    0.0000    0.8070    0.6171    1.0797    0.8788    4.4842    3.7151  0.1874E+04  0.1875E+04 -0.4501E-07  0.3083E-07  0.2603E-08  0.1638E-08  0.1313E-01  0.7570E-02  0.1403E+02  0.0000E+00
    5.5069  1  1   15.4276    9.2935    0.0000    0.0000    0.8073    0.6172    1.0805    0.8790    4.4846    3.7152  0.1874E+04  0.1876E+04 -0.4617E-07  0.3186E-07  0.2610E-08  0.1639E-08  0.1313E-01  0.7578E-02  0.1402E+02  0.0000E+00
    5.5195  1  1   15.4270    9.2939    0.0000    0.0000    0.8076    0.6174    1.0813    0.8793    4.4848    3.7157  0.1874E+04  0.1875E+04 -0.4724E-07  0.3291E-07  0.2616E-08  0.1641E-08  0.1314E-01  0.7579E-02  0.1402E+02  0.0000E+00
    5.5321  1  1   15.4264    9.2943    0.0000    0.0000    0.8079    0.6174    1.0821    0.8795    4.4852    3.7158  0.1874E+04  0.1876E+04 -0.4815E-07  0.3382E-07  0.2623E-08  0.1642E-08  0.1314E-01  0.7577E-02  0.1402E+02  0.0000E+00
    5.5447  1  1   15.4258    9.2948    0.0000    0.0000    0.8082    0.6175    1.0830    0.8798    4.4856    3.7160  0.1874E+04  0.1876E+04 -0.4925E-07  0.3491E-07  0.2630E-08  0.1643E-08  0.1315E-01  0.7575E-02  0.1402E+02  0.0000E+00
    5.5573  1  1   15.4252    9.2952    0.0000    0.0000    0.8085    0.6176    1.0839    0.8800    4.4860    3.7161  0.1875E+04  0.1877E+04 -0.5038E-07  0.3603E-07  0.2637E-08  0.1644E-08  0.1316E-01  0.7572E-02  0.1402E+02  0.0000E+00
    5.5699  1  1   15.4245    9.2957    0.0000    0.0000    0.8088    0.6178    1.0847    0.8803    4.4864    3.7165  0.1875E+04  0.1876E+04 -0.5153E-07  0.3719E-07  0.2644E-08  0.1645E-08  0.1316E-01  0.7572E-02  0.1402E+02  0.0000E+00
    5.5826  1  1   15.4239    9.2962    0.0000    0.0000    0.8092    0.6179    1.0856    0.8805    4.4868    3.7166  0.1875E+04  0.1877E+04 -0.5271E-07  0.3836E-07  0.2651E-08  0.1647E-08  0.1317E-01  0.7569E-02  0.1402E+02  0.0000E+00
    5.5952  1  1   15.4232    9.2967    0.0000    0.0000    0.8095    0.6179    1.0865    0.8807    4.4872    3.7167  0.1875E+04  0.1877E+04 -0.5392E-07  0.3957E-07  0.2658E-08  0.1648E-08  0.1317E-01  0.7567E-02  0.1402E+02  0.0000E+00
    5.6078  1  1   15.4225    9.2972    0.0000    0.0000    0.8098    0.6180    1.0873    0.8809    4.4875    3.7168  0.1875E+04  0.1878E+04 -0.5515E-07  0.4080E-07  0.2665E-08  0.1649E-08  0.1318E-01  0.7565E-02  0.1402E+02  0.0000E+00
    5.6204  1  1   15.4218    9.2977    0.0000    0.0000    0.8101    0.6182    1.0881    0.8813    4.4879    3.7174  0.1875E+04  0.1877E+04 -0.5626E-07  0.4193E-07  0.2672E-08  0.1650E-08  0.1319E-01  0.7565E-02  0.1402E+02  0.0000E+00
    5.6330  1  1   15.4211    9.2983    0.0000    0.0000    0.8104    0.6183    1.0890    0.8815    4.4883    3.7175  0.1875E+04  0.1878E+04 -0.5754E-07  0.4320E-07  0.2679E-08  0.1651E-08  0.1319E-01  0.7563E-02  0.1402E+02  0.0000E+00
    5.6456  1  1   15.4203    9.2988    0.0000    0.0000    0.8107    0.6184    1.0899    0.8817    4.4887    3.7177  0.1876E+04  0.1878E+04 -0.5886E-07  0.4452E-07  0.2686E-08  0.1652E-08  0.1320E-01  0.7560E-02  0.1402E+02  0.0000E+00
    5.6583  1  1   15.4195    9.2994    0.0000    0.0000    0.8110    0.6185    1.0908    0.8819    4.4891    3.7178  0.1876E+04  0.1879E+04 -0.6033E-07  0.4588E-07  0.2693E-08  0.1654E-08  0.1325E-01  0.7558E-02  0.1401E+02  0.0000E+00
    5.6709  1  1   15.4188    9.3000    0.0000    0.0000    0.8114    0.6186    1.0917    0.8823    4.4895    3.7183  0.1876E+04  0.1878E+04 -0.6187E-07  0.4729E-07  0.2700E-08  0.1655E-08  0.1330E-01  0.7558E-02  0.1401E+02  0.0000E+00
    5.6835  1  1   15.4180    9.3006    0.0000    0.0000    0.8116    0.6187    1.0925    0.8825    4.4896    3.7184  0.1876E+04  0.1879E+04 -0.6330E-07  0.4872E-07  0.2708E-08  0.1656E-08  0.1336E-01  0.7555E-02  0.1401E+02  0.0000E+00
    5.6961  1  1   15.4172    9.3012    0.0000    0.0000    0.8119    0.6188    1.0934    0.8827    4.4900    3.7186  0.1876E+04  0.1879E+04 -0.6443E-07  0.4987E-07  0.2715E-08  0.1657E-08  0.1341E-01  0.7555E-02  0.1401E+02  0.0000E+00
    5.7087  1  1   15.4163    9.3019    0.0000    0.0000    0.8122    0.6189    1.0943    0.8830    4.4904    3.7189  0.1876E+04  0.1879E+04 -0.6591E-07  0.5136E-07  0.2722E-08  0.1658E-08  0.1346E-01  0.7555E-02  0.1401E+02  0.0000E+00
    5.7214  1  1   15.4155    9.3026    0.0000    0.0000    0.8126    0.6190    1.0952    0.8832    4.4908    3.7190  0.1877E+04  0.1880E+04 -0.6743E-07  0.5287E-07  0.2730E-08  0.1660E-08  0.1351E-01  0.7555E-02  0.1401E+02  0.0000E+00
    5.7340  1  1   15.4146    9.3032    0.0000    0.0000    0.8129    0.6191    1.0961    0.8834    4.4912    3.7192  0.1877E+04  0.1880E+04 -0.6899E-07  0.5443E-07  0.2737E-08  0.1661E-08  0.1357E-01  0.7554E-02  0.1401E+02  0.0000E+00
    5.7466  1  1   15.4137    9.3040    0.0000    0.0000    0.8132    0.6193    1.0970    0.8838    4.4915    3.7196  0.1877E+04  0.1880E+04 -0.7057E-07  0.5601E-07  0.2744E-08  0.1662E-08  0.1362E-01  0.7555E-02  0.1401E+02  0.0000E+00
    5.7592  1  1   15.4128    9.3047    0.0000    0.0000    0.8135    0.6194    1.0979    0.8840    4.4919    3.7198  0.1877E+04  0.1881E+04 -0.7204E-07  0.5749E-07  0.2752E-08  0.1663E-08  0.1367E-01  0.7554E-02  0.1401E+02  0.0000E+00
    5.7719  1  1   15.4119    9.3054    0.0000    0.0000    0.8138    0.6195    1.0989    0.8842    4.4923    3.7199  0.1877E+04  0.1881E+04 -0.7370E-07  0.5915E-07  0.2759E-08  0.1664E-08  0.1372E-01  0.7554E-02  0.1401E+02  0.0000E+00
    5.7845  1  1   15.4109    9.3062    0.0000    0.0000    0.8142    0.6196    1.0998    0.8846    4.4927    3.7205  0.1878E+04  0.1881E+04 -0.7539E-07  0.6084E-07  0.2766E-08  0.1666E-08  0.1377E-01  0.7555E-02  0.1400E+02  0.0000E+00
    5.7971  1  1   15.4099    9.3070    0.0000    0.0000    0.8145    0.6197    1.1007    0.8848    4.4931    3.7206  0.1878E+04  0.1882E+04 -0.7710E-07  0.6255E-07  0.2774E-08  0.1667E-08  0.1383E-01  0.7554E-02  0.1400E+02  0.0000E+00
    5.8097  1  1   15.4089    9.3078    0.0000    0.0000    0.8147    0.6198    1.1015    0.8850    4.4931    3.7207  0.1878E+04  0.1882E+04 -0.7887E-07  0.6431E-07  0.2781E-08  0.1668E-08  0.1387E-01  0.7553E-02  0.1400E+02  0.0000E+00
    5.8224  1  1   15.4079    9.3086    0.0000    0.0000    0.8150    0.6200    1.1024    0.8854    4.4936    3.7212  0.1878E+04  0.1882E+04 -0.8034E-07  0.6570E-07  0.2789E-08  0.1669E-08  0.1391E-01  0.7554E-02  0.1400E+02  0.0000E+00
    5.8350  1  1   15.4069    9.3095    0.0000    0.0000    0.8154    0.6200    1.1034    0.8856    4.4940    3.7214  0.1878E+04  0.1883E+04 -0.8237E-07  0.6757E-07  0.2797E-08  0.1670E-08  0.1395E-01  0.7553E-02  0.1400E+02  0.0000E+00
    5.8476  1  1   15.4058    9.3104    0.0000    0.0000    0.8157    0.6201    1.1044    0.8859    4.4944    3.7215  0.1879E+04  0.1883E+04 -0.8433E-07  0.6949E-07  0.2805E-08  0.1671E-08  0.1399E-01  0.7552E-02  0.1400E+02  0.0000E+00
    5.8602  1  1   15.4047    9.3113    0.0000    0.0000    0.8160    0.6203    1.1052    0.8862    4.4945    3.7221  0.1879E+04  0.1883E+04 -0.8628E-07  0.7144E-07  0.2813E-08  0.1673E-08  0.1402E-01  0.7553E-02  0.1400E+02  0.0000E+00
    5.8729  1  1   15.4036    9.3122    0.0000    0.0000    0.8163    0.6204    1.1062    0.8865    4.4949    3.7222  0.1879E+04  0.1884E+04 -0.8792E-07  0.7309E-07  0.2821E-08  0.1674E-08  0.1406E-01  0.7561E-02  0.1400E+02  0.0000E+00
    5.8855  1  1   15.4025    9.3131    0.0000    0.0000    0.8167    0.6205    1.1072    0.8867    4.4954    3.7225  0.1879E+04  0.1884E+04 -0.8996E-07  0.7512E-07  0.2829E-08  0.1675E-08  0.1410E-01  0.7569E-02  0.1400E+02  0.0000E+00
    5.8982  1  1   15.4013    9.3141    0.0000    0.0000    0.8170    0.6206    1.1082    0.8870    4.4958    3.7226  0.1879E+04  0.1885E+04 -0.9203E-07  0.7718E-07  0.2837E-08  0.1676E-08  0.1414E-01  0.7577E-02  0.1399E+02  0.0000E+00
    5.9108  1  1   15.4001    9.3151    0.0000    0.0000    0.8172    0.6207    1.1090    0.8873    4.4958    3.7230  0.1880E+04  0.1885E+04 -0.9415E-07  0.7930E-07  0.2845E-08  0.1677E-08  0.1417E-01  0.7585E-02  0.1399E+02  0.0000E+00
    5.9234  1  1   15.3989    9.3161    0.0000    0.0000    0.8176    0.6208    1.1100    0.8875    4.4962    3.7232  0.1880E+04  0.1886E+04 -0.9582E-07  0.8099E-07  0.2853E-08  0.1678E-08  0.1421E-01  0.7593E-02  0.1399E+02  0.0000E+00
    5.9361  1  1   15.3977    9.3172    0.0000    0.0000    0.8179    0.6210    1.1110    0.8879    4.4966    3.7236  0.1880E+04  0.1886E+04 -0.9803E-07  0.8320E-07  0.2861E-08  0.1679E-08  0.1425E-01  0.7601E-02  0.1399E+02  0.0000E+00
    5.9487  1  1   15.3964    9.3183    0.0000    0.0000    0.8182    0.6211    1.1120    0.8881    4.4970    3.7237  0.1880E+04  0.1887E+04 -0.1003E-06  0.8544E-07  0.2869E-08  0.1680E-08  0.1428E-01  0.7609E-02  0.1399E+02  0.0000E+00
    5.9613  1  1   15.3951    9.3194    0.0000    0.0000    0.8186    0.6212    1.1130    0.8885    4.4974    3.7242  0.1881E+04  0.1887E+04 -0.1025E-06  0.8769E-07  0.2876E-08  0.1682E-08  0.1432E-01  0.7618E-02  0.1399E+02  0.0000E+00
    5.9740  1  1   15.3938    9.3205    0.0000    0.0000    0.8189    0.6213    1.1140    0.8887    4.4979    3.7243  0.1881E+04  0.1887E+04 -0.1049E-06  0.9003E-07  0.2884E-08  0.1683E-08  0.1436E-01  0.7625E-02  0.1399E+02  0.0000E+00
    5.9866  1  1   15.3924    9.3217    0.0000    0.0000    0.8192    0.6215    1.1149    0.8891    4.4979    3.7249  0.1881E+04  0.1887E+04 -0.1073E-06  0.9243E-07  0.2892E-08  0.1684E-08  0.1439E-01  0.7634E-02  0.1398E+02  0.0000E+00
    5.9993  1  1   15.3911    9.3229    0.0000    0.0000    0.8195    0.6216    1.1160    0.8893    4.4984    3.7251  0.1882E+04  0.1888E+04 -0.1094E-06  0.9445E-07  0.2901E-08  0.1685E-08  0.1440E-01  0.7641E-02  0.1398E+02  0.0000E+00
    6.0119  1  1   15.3896    9.3241    0.0000    0.0000    0.8199    0.6217    1.1170    0.8897    4.4988    3.7256  0.1882E+04  0.1888E+04 -0.1121E-06  0.9702E-07  0.2910E-08  0.1686E-08  0.1440E-01  0.7650E-02  0.1398E+02  0.0000E+00
    6.0246  1  1   15.3882    9.3254    0.0000    0.0000    0.8201    0.6218    1.1179    0.8899    4.4989    3.7257  0.1882E+04  0.1889E+04 -0.1147E-06  0.9961E-07  0.2918E-08  0.1687E-08  0.1441E-01  0.7657E-02  0.1398E+02  0.0000E+00
    6.0372  1  1   15.3867    9.3266    0.0000    0.0000    0.8205    0.6220    1.1190    0.8903    4.4993    3.7262  0.1882E+04  0.1889E+04 -0.1168E-06  0.1018E-06  0.2927E-08  0.1688E-08  0.1441E-01  0.7666E-02  0.1398E+02  0.0000E+00
    6.0499  1  1   15.3852    9.3280    0.0000    0.0000    0.8208    0.6221    1.1200    0.8906    4.4997    3.7263  0.1883E+04  0.1890E+04 -0.1195E-06  0.1045E-06  0.2935E-08  0.1689E-08  0.1442E-01  0.7674E-02  0.1398E+02  0.0000E+00
    6.0625  1  1   15.3837    9.3293    0.0000    0.0000    0.8211    0.6222    1.1209    0.8909    4.4998    3.7269  0.1883E+04  0.1890E+04 -0.1223E-06  0.1072E-06  0.2944E-08  0.1691E-08  0.1442E-01  0.7686E-02  0.1397E+02  0.0000E+00
    6.0752  1  1   15.3821    9.3307    0.0000    0.0000    0.8214    0.6223    1.1220    0.8912    4.5002    3.7270  0.1883E+04  0.1891E+04 -0.1245E-06  0.1095E-06  0.2953E-08  0.1692E-08  0.1442E-01  0.7697E-02  0.1397E+02  0.0000E+00
    6.0878  1  1   15.3805    9.3321    0.0000    0.0000    0.8218    0.6225    1.1231    0.8916    4.5006    3.7276  0.1884E+04  0.1891E+04 -0.1274E-06  0.1124E-06  0.2961E-08  0.1693E-08  0.1443E-01  0.7709E-02  0.1397E+02  0.0000E+00
    6.1005  1  1   15.3788    9.3336    0.0000    0.0000    0.8221    0.6226    1.1241    0.8918    4.5008    3.7277  0.1884E+04  0.1892E+04 -0.1303E-06  0.1153E-06  0.2970E-08  0.1694E-08  0.1443E-01  0.7720E-02  0.1397E+02  0.0000E+00
    6.1132  1  1   15.3771    9.3351    0.0000    0.0000    0.8224    0.6227    1.1252    0.8922    4.5013    3.7283  0.1884E+04  0.1893E+04 -0.1330E-06  0.1180E-06  0.2978E-08  0.1695E-08  0.1444E-01  0.7732E-02  0.1397E+02  0.0000E+00
    6.1258  1  1   15.3754    9.3366    0.0000    0.0000    0.8227    0.6228    1.1263    0.8925    4.5017    3.7284  0.1885E+04  0.1894E+04 -0.1360E-06  0.1210E-06  0.2987E-08  0.1696E-08  0.1444E-01  0.7743E-02  0.1396E+02  0.0000E+00
    6.1385  1  1   15.3736    9.3382    0.0000    0.0000    0.8230    0.6230    1.1272    0.8929    4.5017    3.7290  0.1885E+04  0.1894E+04 -0.1392E-06  0.1241E-06  0.2996E-08  0.1697E-08  0.1445E-01  0.7755E-02  0.1396E+02  0.0000E+00
    6.1511  1  1   15.3719    9.3398    0.0000    0.0000    0.8233    0.6231    1.1283    0.8931    4.5021    3.7292  0.1885E+04  0.1895E+04 -0.1416E-06  0.1266E-06  0.3004E-08  0.1698E-08  0.1446E-01  0.7765E-02  0.1396E+02  0.0000E+00
    6.1638  1  1   15.3700    9.3414    0.0000    0.0000    0.8237    0.6233    1.1293    0.8936    4.5023    3.7299  0.1886E+04  0.1895E+04 -0.1449E-06  0.1299E-06  0.3013E-08  0.1699E-08  0.1446E-01  0.7777E-02  0.1396E+02  0.0000E+00
    6.1765  1  1   15.3681    9.3431    0.0000    0.0000    0.8240    0.6234    1.1305    0.8938    4.5028    3.7300  0.1886E+04  0.1896E+04 -0.1481E-06  0.1329E-06  0.3022E-08  0.1700E-08  0.1448E-01  0.7788E-02  0.1396E+02  0.0000E+00
    6.1891  1  1   15.3662    9.3449    0.0000    0.0000    0.8243    0.6235    1.1315    0.8943    4.5029    3.7307  0.1887E+04  0.1896E+04 -0.1517E-06  0.1364E-06  0.3031E-08  0.1701E-08  0.1449E-01  0.7800E-02  0.1395E+02  0.0000E+00
    6.2018  1  1   15.3643    9.3466    0.0000    0.0000    0.8247    0.6236    1.1327    0.8945    4.5033    3.7308  0.1887E+04  0.1897E+04 -0.1547E-06  0.1394E-06  0.3040E-08  0.1703E-08  0.1451E-01  0.7811E-02  0.1395E+02  0.0000E+00
    6.2145  1  1   15.3623    9.3484    0.0000    0.0000    0.8249    0.6238    1.1337    0.8950    4.5034    3.7315  0.1887E+04  0.1897E+04 -0.1583E-06  0.1430E-06  0.3049E-08  0.1704E-08  0.1452E-01  0.7823E-02  0.1395E+02  0.0000E+00
    6.2272  1  1   15.3602    9.3503    0.0000    0.0000    0.8253    0.6239    1.1349    0.8952    4.5039    3.7316  0.1888E+04  0.1899E+04 -0.1614E-06  0.1461E-06  0.3058E-08  0.1705E-08  0.1454E-01  0.7834E-02  0.1395E+02  0.0000E+00
    6.2398  1  1   15.3581    9.3522    0.0000    0.0000    0.8256    0.6240    1.1359    0.8956    4.5040    3.7320  0.1888E+04  0.1899E+04 -0.1651E-06  0.1499E-06  0.3068E-08  0.1706E-08  0.1455E-01  0.7845E-02  0.1395E+02  0.0000E+00
    6.2525  1  1   15.3560    9.3541    0.0000    0.0000    0.8259    0.6242    1.1371    0.8959    4.5044    3.7324  0.1889E+04  0.1900E+04 -0.1683E-06  0.1531E-06  0.3077E-08  0.1707E-08  0.1457E-01  0.7849E-02  0.1394E+02  0.0000E+00
    6.2652  1  1   15.3538    9.3561    0.0000    0.0000    0.8262    0.6243    1.1381    0.8963    4.5045    3.7329  0.1889E+04  0.1900E+04 -0.1722E-06  0.1569E-06  0.3086E-08  0.1708E-08  0.1458E-01  0.7852E-02  0.1394E+02  0.0000E+00
    6.2779  1  1   15.3516    9.3581    0.0000    0.0000    0.8266    0.6244    1.1393    0.8967    4.5049    3.7333  0.1890E+04  0.1901E+04 -0.1755E-06  0.1603E-06  0.3095E-08  0.1709E-08  0.1460E-01  0.7855E-02  0.1394E+02  0.0000E+00
    6.2906  1  1   15.3493    9.3602    0.0000    0.0000    0.8269    0.6246    1.1405    0.8971    4.5052    3.7337  0.1890E+04  0.1902E+04 -0.1796E-06  0.1643E-06  0.3104E-08  0.1710E-08  0.1461E-01  0.7858E-02  0.1394E+02  0.0000E+00
    6.3033  1  1   15.3470    9.3624    0.0000    0.0000    0.8272    0.6247    1.1417    0.8974    4.5056    3.7342  0.1890E+04  0.1902E+04 -0.1834E-06  0.1682E-06  0.3113E-08  0.1711E-08  0.1463E-01  0.7861E-02  0.1393E+02  0.0000E+00
    6.3160  1  1   15.3446    9.3646    0.0000    0.0000    0.8275    0.6249    1.1427    0.8978    4.5057    3.7346  0.1891E+04  0.1903E+04 -0.1877E-06  0.1724E-06  0.3122E-08  0.1712E-08  0.1464E-01  0.7865E-02  0.1393E+02  0.0000E+00
    6.3287  1  1   15.3422    9.3668    0.0000    0.0000    0.8279    0.6250    1.1440    0.8982    4.5061    3.7351  0.1891E+04  0.1904E+04 -0.1912E-06  0.1760E-06  0.3131E-08  0.1714E-08  0.1466E-01  0.7868E-02  0.1393E+02  0.0000E+00
    6.3414  1  1   15.3397    9.3691    0.0000    0.0000    0.8281    0.6252    1.1450    0.8986    4.5061    3.7356  0.1892E+04  0.1905E+04 -0.1956E-06  0.1804E-06  0.3140E-08  0.1715E-08  0.1467E-01  0.7871E-02  0.1393E+02  0.0000E+00
    6.3541  1  1   15.3371    9.3714    0.0000    0.0000    0.8285    0.6253    1.1463    0.8990    4.5066    3.7360  0.1892E+04  0.1905E+04 -0.1994E-06  0.1841E-06  0.3150E-08  0.1716E-08  0.1471E-01  0.7874E-02  0.1392E+02  0.0000E+00
    6.3668  1  1   15.3345    9.3738    0.0000    0.0000    0.8288    0.6255    1.1474    0.8994    4.5066    3.7366  0.1893E+04  0.1906E+04 -0.2042E-06  0.1888E-06  0.3160E-08  0.1717E-08  0.1475E-01  0.7877E-02  0.1392E+02  0.0000E+00
    6.3795  1  1   15.3319    9.3763    0.0000    0.0000    0.8292    0.6256    1.1487    0.8998    4.5070    3.7371  0.1893E+04  0.1907E+04 -0.2082E-06  0.1927E-06  0.3170E-08  0.1718E-08  0.1479E-01  0.7880E-02  0.1392E+02  0.0000E+00
    6.3922  1  1   15.3292    9.3788    0.0000    0.0000    0.8294    0.6258    1.1498    0.9002    4.5070    3.7376  0.1894E+04  0.1908E+04 -0.2131E-06  0.1976E-06  0.3180E-08  0.1719E-08  0.1483E-01  0.7883E-02  0.1391E+02  0.0000E+00
    6.4049  1  1   15.3264    9.3813    0.0000    0.0000    0.8298    0.6259    1.1511    0.9006    4.5074    3.7381  0.1895E+04  0.1909E+04 -0.2171E-06  0.2017E-06  0.3190E-08  0.1720E-08  0.1487E-01  0.7886E-02  0.1391E+02  0.0000E+00
    6.4176  1  1   15.3236    9.3840    0.0000    0.0000    0.8301    0.6261    1.1522    0.9010    4.5074    3.7386  0.1895E+04  0.1910E+04 -0.2222E-06  0.2068E-06  0.3200E-08  0.1721E-08  0.1491E-01  0.7889E-02  0.1391E+02  0.0000E+00
    6.4303  1  1   15.3207    9.3867    0.0000    0.0000    0.8304    0.6262    1.1535    0.9014    4.5079    3.7392  0.1896E+04  0.1910E+04 -0.2264E-06  0.2110E-06  0.3210E-08  0.1722E-08  0.1495E-01  0.7892E-02  0.1390E+02  0.0000E+00
    6.4431  1  1   15.3178    9.3894    0.0000    0.0000    0.8307    0.6264    1.1546    0.9019    4.5078    3.7397  0.1896E+04  0.1911E+04 -0.2317E-06  0.2163E-06  0.3220E-08  0.1724E-08  0.1499E-01  0.7895E-02  0.1390E+02  0.0000E+00
    6.4558  1  1   15.3148    9.3922    0.0000    0.0000    0.8311    0.6266    1.1560    0.9023    4.5083    3.7402  0.1897E+04  0.1912E+04 -0.2360E-06  0.2206E-06  0.3230E-08  0.1725E-08  0.1503E-01  0.7897E-02  0.1390E+02  0.0000E+00
    6.4685  1  1   15.3117    9.3951    0.0000    0.0000    0.8314    0.6267    1.1572    0.9027    4.5084    3.7408  0.1897E+04  0.1913E+04 -0.2416E-06  0.2261E-06  0.3240E-08  0.1726E-08  0.1507E-01  0.7893E-02  0.1390E+02  0.0000E+00
    6.4813  1  1   15.3086    9.3980    0.0000    0.0000    0.8317    0.6269    1.1586    0.9032    4.5089    3.7414  0.1898E+04  0.1914E+04 -0.2466E-06  0.2311E-06  0.3250E-08  0.1727E-08  0.1511E-01  0.7890E-02  0.1389E+02  0.0000E+00
    6.4940  1  1   15.3053    9.4011    0.0000    0.0000    0.8320    0.6270    1.1597    0.9036    4.5088    3.7419  0.1899E+04  0.1915E+04 -0.2524E-06  0.2369E-06  0.3260E-08  0.1728E-08  0.1514E-01  0.7887E-02  0.1389E+02  0.0000E+00
    6.5067  1  1   15.3021    9.4041    0.0000    0.0000    0.8324    0.6272    1.1611    0.9041    4.5092    3.7425  0.1899E+04  0.1916E+04 -0.2570E-06  0.2416E-06  0.3270E-08  0.1729E-08  0.1518E-01  0.7884E-02  0.1388E+02  0.0000E+00
    6.5195  1  1   15.2987    9.4073    0.0000    0.0000    0.8327    0.6274    1.1623    0.9045    4.5094    3.7431  0.1900E+04  0.1917E+04 -0.2629E-06  0.2475E-06  0.3279E-08  0.1730E-08  0.1522E-01  0.7881E-02  0.1388E+02  0.0000E+00
    6.5322  1  1   15.2953    9.4105    0.0000    0.0000    0.8330    0.6275    1.1636    0.9050    4.5095    3.7437  0.1901E+04  0.1918E+04 -0.2684E-06  0.2530E-06  0.3289E-08  0.1731E-08  0.1526E-01  0.7877E-02  0.1388E+02  0.0000E+00
    6.5450  1  1   15.2918    9.4138    0.0000    0.0000    0.8333    0.6277    1.1649    0.9054    4.5097    3.7443  0.1901E+04  0.1919E+04 -0.2742E-06  0.2586E-06  0.3300E-08  0.1732E-08  0.1528E-01  0.7874E-02  0.1387E+02  0.0000E+00
    6.5577  1  1   15.2882    9.4172    0.0000    0.0000    0.8336    0.6279    1.1662    0.9059    4.5098    3.7449  0.1902E+04  0.1920E+04 -0.2802E-06  0.2645E-06  0.3311E-08  0.1734E-08  0.1530E-01  0.7871E-02  0.1387E+02  0.0000E+00
    6.5705  1  1   15.2846    9.4206    0.0000    0.0000    0.8339    0.6280    1.1676    0.9064    4.5100    3.7456  0.1903E+04  0.1921E+04 -0.2862E-06  0.2705E-06  0.3322E-08  0.1735E-08  0.1532E-01  0.7868E-02  0.1387E+02  0.0000E+00
    6.5832  1  1   15.2808    9.4242    0.0000    0.0000    0.8343    0.6282    1.1689    0.9069    4.5101    3.7463  0.1904E+04  0.1922E+04 -0.2922E-06  0.2766E-06  0.3332E-08  0.1736E-08  0.1534E-01  0.7866E-02  0.1386E+02  0.0000E+00
    6.5960  1  1   15.2770    9.4278    0.0000    0.0000    0.8346    0.6284    1.1703    0.9074    4.5103    3.7470  0.1904E+04  0.1923E+04 -0.2985E-06  0.2828E-06  0.3343E-08  0.1737E-08  0.1537E-01  0.7863E-02  0.1386E+02  0.0000E+00
    6.6088  1  1   15.2731    9.4315    0.0000    0.0000    0.8349    0.6286    1.1716    0.9079    4.5104    3.7477  0.1905E+04  0.1924E+04 -0.3048E-06  0.2892E-06  0.3354E-08  0.1738E-08  0.1539E-01  0.7860E-02  0.1385E+02  0.0000E+00
    6.6216  1  1   15.2692    9.4352    0.0000    0.0000    0.8352    0.6288    1.1730    0.9084    4.5105    3.7483  0.1906E+04  0.1926E+04 -0.3112E-06  0.2956E-06  0.3365E-08  0.1739E-08  0.1541E-01  0.7857E-02  0.1385E+02  0.0000E+00
    6.6343  1  1   15.2651    9.4391    0.0000    0.0000    0.8355    0.6290    1.1743    0.9089    4.5106    3.7490  0.1907E+04  0.1927E+04 -0.3178E-06  0.3022E-06  0.3375E-08  0.1740E-08  0.1544E-01  0.7855E-02  0.1385E+02  0.0000E+00
    6.6471  1  1   15.2610    9.4431    0.0000    0.0000    0.8359    0.6291    1.1759    0.9094    4.5110    3.7497  0.1907E+04  0.1928E+04 -0.3245E-06  0.3090E-06  0.3386E-08  0.1741E-08  0.1546E-01  0.7852E-02  0.1384E+02  0.0000E+00
    6.6599  1  1   15.2567    9.4471    0.0000    0.0000    0.8362    0.6293    1.1772    0.9100    4.5111    3.7505  0.1908E+04  0.1929E+04 -0.3321E-06  0.3165E-06  0.3397E-08  0.1742E-08  0.1548E-01  0.7850E-02  0.1384E+02  0.0000E+00
    6.6727  1  1   15.2524    9.4512    0.0000    0.0000    0.8365    0.6295    1.1786    0.9105    4.5112    3.7512  0.1909E+04  0.1930E+04 -0.3390E-06  0.3235E-06  0.3408E-08  0.1743E-08  0.1551E-01  0.7847E-02  0.1383E+02  0.0000E+00
    6.6855  1  1   15.2479    9.4555    0.0000    0.0000    0.8368    0.6297    1.1800    0.9110    4.5113    3.7519  0.1910E+04  0.1932E+04 -0.3462E-06  0.3306E-06  0.3418E-08  0.1744E-08  0.1553E-01  0.7847E-02  0.1383E+02  0.0000E+00
    6.6983  1  1   15.2434    9.4598    0.0000    0.0000    0.8371    0.6299    1.1815    0.9116    4.5113    3.7527  0.1911E+04  0.1933E+04 -0.3534E-06  0.3379E-06  0.3429E-08  0.1745E-08  0.1556E-01  0.7852E-02  0.1382E+02  0.0000E+00
    6.7111  1  1   15.2388    9.4642    0.0000    0.0000    0.8374    0.6301    1.1829    0.9121    4.5114    3.7535  0.1912E+04  0.1934E+04 -0.3608E-06  0.3453E-06  0.3440E-08  0.1746E-08  0.1558E-01  0.7857E-02  0.1382E+02  0.0000E+00
    6.7239  1  1   15.2341    9.4687    0.0000    0.0000    0.8377    0.6303    1.1843    0.9127    4.5115    3.7542  0.1913E+04  0.1936E+04 -0.3684E-06  0.3529E-06  0.3450E-08  0.1747E-08  0.1561E-01  0.7861E-02  0.1381E+02  0.0000E+00
    6.7367  1  1   15.2292    9.4734    0.0000    0.0000    0.8380    0.6305    1.1858    0.9132    4.5115    3.7550  0.1914E+04  0.1937E+04 -0.3762E-06  0.3606E-06  0.3462E-08  0.1748E-08  0.1566E-01  0.7866E-02  0.1381E+02  0.0000E+00
    6.7496  1  1   15.2243    9.4781    0.0000    0.0000    0.8383    0.6307    1.1873    0.9138    4.5116    3.7559  0.1915E+04  0.1938E+04 -0.3844E-06  0.3687E-06  0.3474E-08  0.1749E-08  0.1573E-01  0.7871E-02  0.1380E+02  0.0000E+00
    6.7624  1  1   15.2193    9.4829    0.0000    0.0000    0.8386    0.6309    1.1888    0.9144    4.5116    3.7567  0.1916E+04  0.1940E+04 -0.3927E-06  0.3769E-06  0.3486E-08  0.1750E-08  0.1580E-01  0.7876E-02  0.1380E+02  0.0000E+00
    6.7752  1  1   15.2141    9.4879    0.0000    0.0000    0.8389    0.6311    1.1903    0.9150    4.5117    3.7575  0.1917E+04  0.1941E+04 -0.4011E-06  0.3854E-06  0.3497E-08  0.1751E-08  0.1587E-01  0.7881E-02  0.1379E+02  0.0000E+00
    6.7881  1  1   15.2089    9.4929    0.0000    0.0000    0.8392    0.6313    1.1918    0.9156    4.5117    3.7584  0.1918E+04  0.1943E+04 -0.4097E-06  0.3940E-06  0.3509E-08  0.1752E-08  0.1594E-01  0.7887E-02  0.1379E+02  0.0000E+00
    6.8009  1  1   15.2035    9.4981    0.0000    0.0000    0.8395    0.6315    1.1934    0.9162    4.5117    3.7593  0.1919E+04  0.1944E+04 -0.4185E-06  0.4028E-06  0.3521E-08  0.1753E-08  0.1601E-01  0.7892E-02  0.1378E+02  0.0000E+00
    6.8138  1  1   15.1980    9.5034    0.0000    0.0000    0.8398    0.6317    1.1949    0.9168    4.5117    3.7602  0.1920E+04  0.1945E+04 -0.4275E-06  0.4118E-06  0.3533E-08  0.1754E-08  0.1608E-01  0.7897E-02  0.1378E+02  0.0000E+00
    6.8267  1  1   15.1924    9.5088    0.0000    0.0000    0.8401    0.6319    1.1965    0.9175    4.5117    3.7612  0.1921E+04  0.1947E+04 -0.4366E-06  0.4209E-06  0.3545E-08  0.1755E-08  0.1615E-01  0.7903E-02  0.1377E+02  0.0000E+00
    6.8395  1  1   15.1866    9.5144    0.0000    0.0000    0.8404    0.6322    1.1980    0.9181    4.5117    3.7621  0.1922E+04  0.1948E+04 -0.4459E-06  0.4303E-06  0.3557E-08  0.1756E-08  0.1622E-01  0.7908E-02  0.1376E+02  0.0000E+00
    6.8524  1  1   15.1808    9.5200    0.0000    0.0000    0.8408    0.6324    1.1998    0.9188    4.5119    3.7631  0.1923E+04  0.1950E+04 -0.4555E-06  0.4398E-06  0.3568E-08  0.1757E-08  0.1629E-01  0.7913E-02  0.1376E+02  0.0000E+00
    6.8653  1  1   15.1748    9.5258    0.0000    0.0000    0.8411    0.6326    1.2014    0.9194    4.5119    3.7640  0.1924E+04  0.1952E+04 -0.4661E-06  0.4504E-06  0.3580E-08  0.1758E-08  0.1635E-01  0.7919E-02  0.1375E+02  0.0000E+00
    6.8782  1  1   15.1686    9.5318    0.0000    0.0000    0.8414    0.6328    1.2030    0.9201    4.5118    3.7650  0.1925E+04  0.1953E+04 -0.4760E-06  0.4604E-06  0.3592E-08  0.1759E-08  0.1642E-01  0.7924E-02  0.1375E+02  0.0000E+00
    6.8911  1  1   15.1624    9.5378    0.0000    0.0000    0.8417    0.6331    1.2046    0.9207    4.5118    3.7660  0.1926E+04  0.1955E+04 -0.4861E-06  0.4706E-06  0.3604E-08  0.1760E-08  0.1648E-01  0.7930E-02  0.1374E+02  0.0000E+00
    6.9040  1  1   15.1560    9.5440    0.0000    0.0000    0.8419    0.6333    1.2062    0.9214    4.5117    3.7670  0.1928E+04  0.1957E+04 -0.4965E-06  0.4809E-06  0.3616E-08  0.1761E-08  0.1655E-01  0.7935E-02  0.1373E+02  0.0000E+00
    6.9169  1  1   15.1494    9.5504    0.0000    0.0000    0.8422    0.6335    1.2078    0.9221    4.5116    3.7681  0.1929E+04  0.1958E+04 -0.5070E-06  0.4915E-06  0.3627E-08  0.1762E-08  0.1661E-01  0.7941E-02  0.1373E+02  0.0000E+00
    6.9298  1  1   15.1427    9.5569    0.0000    0.0000    0.8425    0.6338    1.2095    0.9228    4.5115    3.7691  0.1930E+04  0.1960E+04 -0.5178E-06  0.5023E-06  0.3639E-08  0.1763E-08  0.1668E-01  0.7947E-02  0.1372E+02  0.0000E+00
    6.9427  1  1   15.1359    9.5635    0.0000    0.0000    0.8428    0.6340    1.2112    0.9235    4.5114    3.7702  0.1931E+04  0.1962E+04 -0.5290E-06  0.5133E-06  0.3652E-08  0.1764E-08  0.1672E-01  0.7952E-02  0.1371E+02  0.0000E+00
    6.9557  1  1   15.1289    9.5703    0.0000    0.0000    0.8431    0.6343    1.2129    0.9243    4.5113    3.7713  0.1933E+04  0.1964E+04 -0.5407E-06  0.5249E-06  0.3665E-08  0.1765E-08  0.1675E-01  0.7963E-02  0.1371E+02  0.0000E+00
    6.9686  1  1   15.1217    9.5772    0.0000    0.0000    0.8434    0.6345    1.2147    0.9250    4.5112    3.7724  0.1934E+04  0.1965E+04 -0.5525E-06  0.5367E-06  0.3678E-08  0.1766E-08  0.1679E-01  0.7974E-02  0.1370E+02  0.0000E+00
    6.9816  1  1   15.1144    9.5844    0.0000    0.0000    0.8437    0.6348    1.2164    0.9257    4.5111    3.7736  0.1935E+04  0.1967E+04 -0.5645E-06  0.5488E-06  0.3691E-08  0.1766E-08  0.1683E-01  0.7984E-02  0.1369E+02  0.0000E+00
    6.9945  1  1   15.1069    9.5916    0.0000    0.0000    0.8439    0.6350    1.2182    0.9265    4.5109    3.7747  0.1937E+04  0.1969E+04 -0.5768E-06  0.5611E-06  0.3704E-08  0.1767E-08  0.1686E-01  0.7995E-02  0.1369E+02  0.0000E+00
    7.0075  1  1   15.0993    9.5991    0.0000    0.0000    0.8442    0.6353    1.2200    0.9273    4.5107    3.7759  0.1938E+04  0.1971E+04 -0.5894E-06  0.5737E-06  0.3717E-08  0.1768E-08  0.1690E-01  0.8006E-02  0.1368E+02  0.0000E+00
    7.0205  1  1   15.0915    9.6067    0.0000    0.0000    0.8445    0.6355    1.2218    0.9280    4.5106    3.7771  0.1940E+04  0.1973E+04 -0.6022E-06  0.5866E-06  0.3730E-08  0.1769E-08  0.1694E-01  0.8017E-02  0.1367E+02  0.0000E+00
    7.0335  1  1   15.0835    9.6145    0.0000    0.0000    0.8448    0.6358    1.2236    0.9288    4.5104    3.7784  0.1941E+04  0.1975E+04 -0.6154E-06  0.5997E-06  0.3743E-08  0.1770E-08  0.1697E-01  0.8027E-02  0.1366E+02  0.0000E+00
    7.0465  1  1   15.0753    9.6224    0.0000    0.0000    0.8450    0.6361    1.2254    0.9296    4.5102    3.7796  0.1943E+04  0.1977E+04 -0.6288E-06  0.6131E-06  0.3756E-08  0.1771E-08  0.1701E-01  0.8038E-02  0.1365E+02  0.0000E+00
    7.0595  1  1   15.0670    9.6306    0.0000    0.0000    0.8454    0.6363    1.2274    0.9304    4.5102    3.7809  0.1944E+04  0.1979E+04 -0.6424E-06  0.6269E-06  0.3769E-08  0.1772E-08  0.1705E-01  0.8049E-02  0.1365E+02  0.0000E+00
    7.0725  1  1   15.0584    9.6390    0.0000    0.0000    0.8456    0.6366    1.2292    0.9313    4.5099    3.7822  0.1946E+04  0.1981E+04 -0.6576E-06  0.6420E-06  0.3782E-08  0.1772E-08  0.1708E-01  0.8059E-02  0.1364E+02  0.0000E+00
    7.0855  1  1   15.0496    9.6475    0.0000    0.0000    0.8459    0.6369    1.2311    0.9321    4.5097    3.7835  0.1947E+04  0.1983E+04 -0.6719E-06  0.6563E-06  0.3795E-08  0.1773E-08  0.1712E-01  0.8069E-02  0.1363E+02  0.0000E+00
    7.0986  1  1   15.0407    9.6563    0.0000    0.0000    0.8461    0.6372    1.2330    0.9330    4.5094    3.7849  0.1949E+04  0.1986E+04 -0.6865E-06  0.6710E-06  0.3808E-08  0.1774E-08  0.1715E-01  0.8080E-02  0.1362E+02  0.0000E+00
    7.1116  1  1   15.0315    9.6652    0.0000    0.0000    0.8464    0.6375    1.2349    0.9338    4.5091    3.7863  0.1951E+04  0.1988E+04 -0.7015E-06  0.6860E-06  0.3821E-08  0.1775E-08  0.1718E-01  0.8090E-02  0.1361E+02  0.0000E+00
    7.1247  1  1   15.0222    9.6744    0.0000    0.0000    0.8466    0.6378    1.2368    0.9348    4.5088    3.7878  0.1952E+04  0.1990E+04 -0.7168E-06  0.7013E-06  0.3834E-08  0.1776E-08  0.1722E-01  0.8100E-02  0.1360E+02  0.0000E+00
    7.1378  1  1   15.0126    9.6838    0.0000    0.0000    0.8469    0.6381    1.2388    0.9357    4.5084    3.7892  0.1954E+04  0.1992E+04 -0.7324E-06  0.7169E-06  0.3847E-08  0.1776E-08  0.1725E-01  0.8110E-02  0.1359E+02  0.0000E+00
    7.1509  1  1   15.0028    9.6933    0.0000    0.0000    0.8471    0.6384    1.2408    0.9366    4.5081    3.7907  0.1956E+04  0.1995E+04 -0.7485E-06  0.7329E-06  0.3860E-08  0.1777E-08  0.1728E-01  0.8120E-02  0.1359E+02  0.0000E+00
    7.1640  1  1   14.9928    9.7032    0.0000    0.0000    0.8474    0.6387    1.2428    0.9375    4.5077    3.7922  0.1957E+04  0.1997E+04 -0.7652E-06  0.7496E-06  0.3874E-08  0.1778E-08  0.1729E-01  0.8129E-02  0.1358E+02  0.0000E+00
    7.1771  1  1   14.9825    9.7132    0.0000    0.0000    0.8476    0.6390    1.2448    0.9384    4.5074    3.7937  0.1959E+04  0.1999E+04 -0.7824E-06  0.7667E-06  0.3889E-08  0.1779E-08  0.1731E-01  0.8139E-02  0.1357E+02  0.0000E+00
    7.1902  1  1   14.9720    9.7235    0.0000    0.0000    0.8479    0.6393    1.2469    0.9394    4.5070    3.7953  0.1961E+04  0.2002E+04 -0.7999E-06  0.7843E-06  0.3903E-08  0.1779E-08  0.1733E-01  0.8148E-02  0.1356E+02  0.0000E+00
    7.2033  1  1   14.9613    9.7340    0.0000    0.0000    0.8481    0.6397    1.2490    0.9403    4.5065    3.7969  0.1963E+04  0.2004E+04 -0.8178E-06  0.8022E-06  0.3917E-08  0.1780E-08  0.1735E-01  0.8157E-02  0.1355E+02  0.0000E+00
    7.2165  1  1   14.9503    9.7448    0.0000    0.0000    0.8484    0.6400    1.2511    0.9413    4.5061    3.7985  0.1965E+04  0.2007E+04 -0.8361E-06  0.8205E-06  0.3931E-08  0.1781E-08  0.1736E-01  0.8166E-02  0.1354E+02  0.0000E+00
    7.2297  1  1   14.9390    9.7559    0.0000    0.0000    0.8486    0.6403    1.2532    0.9423    4.5056    3.8002  0.1967E+04  0.2009E+04 -0.8549E-06  0.8393E-06  0.3945E-08  0.1782E-08  0.1738E-01  0.8175E-02  0.1353E+02  0.0000E+00
    7.2428  1  1   14.9275    9.7672    0.0000    0.0000    0.8488    0.6407    1.2553    0.9433    4.5051    3.8018  0.1969E+04  0.2012E+04 -0.8740E-06  0.8584E-06  0.3959E-08  0.1782E-08  0.1740E-01  0.8184E-02  0.1352E+02  0.0000E+00
    7.2560  1  1   14.9157    9.7788    0.0000    0.0000    0.8491    0.6410    1.2575    0.9444    4.5046    3.8036  0.1971E+04  0.2015E+04 -0.8936E-06  0.8780E-06  0.3973E-08  0.1783E-08  0.1742E-01  0.8192E-02  0.1351E+02  0.0000E+00
    7.2692  1  1   14.9036    9.7907    0.0000    0.0000    0.8493    0.6413    1.2598    0.9454    4.5043    3.8053  0.1973E+04  0.2017E+04 -0.9136E-06  0.8981E-06  0.3987E-08  0.1784E-08  0.1744E-01  0.8201E-02  0.1350E+02  0.0000E+00
    7.2825  1  1   14.8913    9.8028    0.0000    0.0000    0.8495    0.6417    1.2620    0.9465    4.5038    3.8071  0.1975E+04  0.2020E+04 -0.9355E-06  0.9200E-06  0.4001E-08  0.1784E-08  0.1746E-01  0.8209E-02  0.1348E+02  0.0000E+00
    7.2957  1  1   14.8786    9.8153    0.0000    0.0000    0.8497    0.6421    1.2642    0.9476    4.5032    3.8089  0.1977E+04  0.2023E+04 -0.9565E-06  0.9410E-06  0.4015E-08  0.1785E-08  0.1748E-01  0.8216E-02  0.1347E+02  0.0000E+00
    7.3090  1  1   14.8656    9.8280    0.0000    0.0000    0.8499    0.6424    1.2664    0.9487    4.5026    3.8108  0.1979E+04  0.2026E+04 -0.9780E-06  0.9625E-06  0.4029E-08  0.1786E-08  0.1750E-01  0.8219E-02  0.1346E+02  0.0000E+00
    7.3222  1  1   14.8524    9.8411    0.0000    0.0000    0.8501    0.6428    1.2687    0.9498    4.5019    3.8127  0.1982E+04  0.2029E+04 -0.9999E-06  0.9845E-06  0.4043E-08  0.1787E-08  0.1751E-01  0.8223E-02  0.1345E+02  0.0000E+00
    7.3355  1  1   14.8388    9.8545    0.0000    0.0000    0.8503    0.6432    1.2710    0.9510    4.5012    3.8147  0.1984E+04  0.2032E+04 -0.1022E-05  0.1007E-05  0.4057E-08  0.1787E-08  0.1753E-01  0.8226E-02  0.1344E+02  0.0000E+00
    7.3488  1  1   14.8249    9.8682    0.0000    0.0000    0.8505    0.6436    1.2733    0.9521    4.5005    3.8167  0.1986E+04  0.2036E+04 -0.1046E-05  0.1030E-05  0.4071E-08  0.1788E-08  0.1755E-01  0.8229E-02  0.1343E+02  0.0000E+00
    7.3622  1  1   14.8106    9.8822    0.0000    0.0000    0.8507    0.6440    1.2757    0.9533    4.4998    3.8187  0.1989E+04  0.2039E+04 -0.1069E-05  0.1054E-05  0.4085E-08  0.1788E-08  0.1757E-01  0.8233E-02  0.1341E+02  0.0000E+00
    7.3755  1  1   14.7960    9.8966    0.0000    0.0000    0.8509    0.6444    1.2781    0.9545    4.4991    3.8208  0.1991E+04  0.2043E+04 -0.1093E-05  0.1078E-05  0.4100E-08  0.1789E-08  0.1763E-01  0.8236E-02  0.1340E+02  0.0000E+00
    7.3889  1  1   14.7811    9.9114    0.0000    0.0000    0.8511    0.6448    1.2805    0.9557    4.4983    3.8229  0.1993E+04  0.2046E+04 -0.1119E-05  0.1103E-05  0.4115E-08  0.1790E-08  0.1769E-01  0.8240E-02  0.1339E+02  0.0000E+00
    7.4023  1  1   14.7658    9.9265    0.0000    0.0000    0.8512    0.6452    1.2830    0.9570    4.4974    3.8251  0.1996E+04  0.2050E+04 -0.1145E-05  0.1129E-05  0.4131E-08  0.1790E-08  0.1776E-01  0.8243E-02  0.1338E+02  0.0000E+00
    7.4157  1  1   14.7501    9.9420    0.0000    0.0000    0.8514    0.6456    1.2854    0.9582    4.4966    3.8273  0.1998E+04  0.2054E+04 -0.1171E-05  0.1156E-05  0.4146E-08  0.1791E-08  0.1782E-01  0.8247E-02  0.1336E+02  0.0000E+00
    7.4291  1  1   14.7340    9.9579    0.0000    0.0000    0.8516    0.6460    1.2880    0.9595    4.4957    3.8296  0.2001E+04  0.2058E+04 -0.1198E-05  0.1183E-05  0.4162E-08  0.1791E-08  0.1788E-01  0.8251E-02  0.1335E+02  0.0000E+00
    7.4425  1  1   14.7175    9.9741    0.0000    0.0000    0.8517    0.6465    1.2905    0.9608    4.4948    3.8319  0.2004E+04  0.2062E+04 -0.1226E-05  0.1211E-05  0.4177E-08  0.1792E-08  0.1795E-01  0.8255E-02  0.1334E+02  0.0000E+00
    7.4560  1  1   14.7006    9.9908    0.0000    0.0000    0.8519    0.6469    1.2931    0.9622    4.4938    3.8343  0.2006E+04  0.2066E+04 -0.1255E-05  0.1239E-05  0.4193E-08  0.1792E-08  0.1801E-01  0.8259E-02  0.1332E+02  0.0000E+00
    7.4695  1  1   14.6832   10.0079    0.0000    0.0000    0.8520    0.6474    1.2956    0.9635    4.4928    3.8367  0.2009E+04  0.2070E+04 -0.1284E-05  0.1268E-05  0.4208E-08  0.1793E-08  0.1807E-01  0.8263E-02  0.1331E+02  0.0000E+00
    7.4830  1  1   14.6655   10.0255    0.0000    0.0000    0.8521    0.6478    1.2983    0.9649    4.4918    3.8392  0.2012E+04  0.2074E+04 -0.1314E-05  0.1298E-05  0.4223E-08  0.1793E-08  0.1813E-01  0.8267E-02  0.1329E+02  0.0000E+00
    7.4966  1  1   14.6473   10.0435    0.0000    0.0000    0.8523    0.6483    1.3010    0.9663    4.4909    3.8417  0.2015E+04  0.2079E+04 -0.1344E-05  0.1329E-05  0.4239E-08  0.1794E-08  0.1819E-01  0.8272E-02  0.1328E+02  0.0000E+00
    7.5101  1  1   14.6286   10.0620    0.0000    0.0000    0.8524    0.6488    1.3037    0.9678    4.4898    3.8443  0.2018E+04  0.2083E+04 -0.1377E-05  0.1362E-05  0.4254E-08  0.1794E-08  0.1825E-01  0.8276E-02  0.1326E+02  0.0000E+00
    7.5237  1  1   14.6095   10.0809    0.0000    0.0000    0.8525    0.6493    1.3064    0.9692    4.4886    3.8470  0.2020E+04  0.2088E+04 -0.1409E-05  0.1394E-05  0.4269E-08  0.1794E-08  0.1831E-01  0.8281E-02  0.1325E+02  0.0000E+00
    7.5373  1  1   14.5898   10.1003    0.0000    0.0000    0.8526    0.6498    1.3091    0.9707    4.4874    3.8497  0.2023E+04  0.2092E+04 -0.1442E-05  0.1427E-05  0.4284E-08  0.1795E-08  0.1836E-01  0.8286E-02  0.1323E+02  0.0000E+00
    7.5510  1  1   14.5697   10.1202    0.0000    0.0000    0.8527    0.6503    1.3118    0.9722    4.4862    3.8525  0.2026E+04  0.2097E+04 -0.1475E-05  0.1460E-05  0.4299E-08  0.1795E-08  0.1842E-01  0.8292E-02  0.1322E+02  0.0000E+00
    7.5646  1  1   14.5491   10.1407    0.0000    0.0000    0.8528    0.6508    1.3146    0.9737    4.4848    3.8553  0.2030E+04  0.2102E+04 -0.1509E-05  0.1494E-05  0.4314E-08  0.1795E-08  0.1847E-01  0.8297E-02  0.1320E+02  0.0000E+00
    7.5783  1  1   14.5279   10.1616    0.0000    0.0000    0.8528    0.6514    1.3174    0.9753    4.4835    3.8583  0.2033E+04  0.2107E+04 -0.1544E-05  0.1529E-05  0.4329E-08  0.1796E-08  0.1853E-01  0.8303E-02  0.1319E+02  0.0000E+00
    7.5921  1  1   14.5062   10.1831    0.0000    0.0000    0.8529    0.6519    1.3202    0.9769    4.4821    3.8613  0.2036E+04  0.2112E+04 -0.1580E-05  0.1565E-05  0.4344E-08  0.1796E-08  0.1858E-01  0.8310E-02  0.1317E+02  0.0000E+00
    7.6058  1  1   14.4840   10.2052    0.0000    0.0000    0.8529    0.6525    1.3231    0.9785    4.4806    3.8643  0.2039E+04  0.2117E+04 -0.1617E-05  0.1602E-05  0.4360E-08  0.1796E-08  0.1862E-01  0.8317E-02  0.1315E+02  0.0000E+00
    7.6196  1  1   14.4611   10.2278    0.0000    0.0000    0.8530    0.6530    1.3260    0.9801    4.4791    3.8675  0.2042E+04  0.2122E+04 -0.1655E-05  0.1640E-05  0.4377E-08  0.1796E-08  0.1863E-01  0.8324E-02  0.1314E+02  0.0000E+00
    7.6335  1  1   14.4377   10.2510    0.0000    0.0000    0.8530    0.6536    1.3290    0.9817    4.4776    3.8706  0.2045E+04  0.2127E+04 -0.1694E-05  0.1679E-05  0.4393E-08  0.1796E-08  0.1864E-01  0.8332E-02  0.1312E+02  0.0000E+00
    7.6473  1  1   14.4137   10.2749    0.0000    0.0000    0.8530    0.6541    1.3319    0.9834    4.4760    3.8738  0.2049E+04  0.2133E+04 -0.1734E-05  0.1720E-05  0.4410E-08  0.1796E-08  0.1864E-01  0.8340E-02  0.1310E+02  0.0000E+00
    7.6612  1  1   14.3890   10.2993    0.0000    0.0000    0.8531    0.6547    1.3349    0.9850    4.4743    3.8770  0.2052E+04  0.2138E+04 -0.1775E-05  0.1761E-05  0.4427E-08  0.1796E-08  0.1865E-01  0.8348E-02  0.1308E+02  0.0000E+00
    7.6751  1  1   14.3637   10.3244    0.0000    0.0000    0.8531    0.6553    1.3380    0.9867    4.4726    3.8803  0.2056E+04  0.2144E+04 -0.1817E-05  0.1803E-05  0.4443E-08  0.1796E-08  0.1866E-01  0.8357E-02  0.1307E+02  0.0000E+00
    7.6891  1  1   14.3377   10.3502    0.0000    0.0000    0.8531    0.6559    1.3410    0.9884    4.4708    3.8837  0.2059E+04  0.2149E+04 -0.1860E-05  0.1846E-05  0.4460E-08  0.1796E-08  0.1867E-01  0.8367E-02  0.1305E+02  0.0000E+00
    7.7031  1  1   14.3110   10.3767    0.0000    0.0000    0.8530    0.6566    1.3441    0.9902    4.4689    3.8872  0.2062E+04  0.2155E+04 -0.1904E-05  0.1890E-05  0.4476E-08  0.1796E-08  0.1868E-01  0.8378E-02  0.1303E+02  0.0000E+00
    7.7172  1  1   14.2836   10.4039    0.0000    0.0000    0.8530    0.6572    1.3472    0.9920    4.4670    3.8908  0.2066E+04  0.2161E+04 -0.1949E-05  0.1935E-05  0.4492E-08  0.1795E-08  0.1870E-01  0.8388E-02  0.1301E+02  0.0000E+00
    7.7313  1  1   14.2556   10.4318    0.0000    0.0000    0.8529    0.6578    1.3503    0.9938    4.4650    3.8945  0.2070E+04  0.2167E+04 -0.1994E-05  0.1981E-05  0.4508E-08  0.1795E-08  0.1871E-01  0.8400E-02  0.1299E+02  0.0000E+00
    7.7454  1  1   14.2267   10.4604    0.0000    0.0000    0.8529    0.6585    1.3536    0.9956    4.4632    3.8982  0.2073E+04  0.2173E+04 -0.2041E-05  0.2028E-05  0.4525E-08  0.1795E-08  0.1872E-01  0.8412E-02  0.1298E+02  0.0000E+00
    7.7595  1  1   14.1971   10.4899    0.0000    0.0000    0.8528    0.6592    1.3568    0.9974    4.4610    3.9021  0.2077E+04  0.2179E+04 -0.2091E-05  0.2078E-05  0.4541E-08  0.1794E-08  0.1873E-01  0.8424E-02  0.1296E+02  0.0000E+00
    7.7738  1  1   14.1667   10.5201    0.0000    0.0000    0.8527    0.6599    1.3600    0.9993    4.4588    3.9060  0.2080E+04  0.2185E+04 -0.2139E-05  0.2127E-05  0.4557E-08  0.1794E-08  0.1875E-01  0.8437E-02  0.1294E+02  0.0000E+00
    7.7880  1  1   14.1355   10.5511    0.0000    0.0000    0.8526    0.6606    1.3632    1.0012    4.4565    3.9101  0.2084E+04  0.2191E+04 -0.2189E-05  0.2176E-05  0.4573E-08  0.1793E-08  0.1876E-01  0.8450E-02  0.1292E+02  0.0000E+00
    7.7880  1 15   24.6866    0.0000    0.0000    0.0000    0.8311    0.6606    0.0001   -1.0000    4.9250    3.9101  0.7092E+03  0.2191E+04 -0.8509E-08 -0.3797E-08  0.6284E-09  0.1793E-08  0.4596E-02  0.8450E-02  0.0000E+00 -0.1000E+01
    7.7950  1 15   24.6858    0.0000    0.0000    0.0000    0.8313    0.6606    0.0001   -1.0000    4.9253    3.9101  0.7083E+03  0.2191E+04 -0.1160E-06 -0.3797E-08  0.6317E-09  0.1793E-08  0.4612E-02  0.8450E-02  0.0000E+00 -0.1000E+01
    7.8020  1 15   24.6850    0.0000    0.0000    0.0000    0.8316    0.6606    0.0001   -1.0000    4.9255    3.9101  0.7073E+03  0.2191E+04 -0.1164E-06 -0.3797E-08  0.6350E-09  0.1793E-08  0.4627E-02  0.8450E-02  0.0000E+00 -0.1000E+01
    7.8090  1 15   24.6842    0.0000    0.0000    0.0000    0.8318    0.6606    0.0001   -1.0000    4.9258    3.9101  0.7063E+03  0.2191E+04 -0.1164E-06 -0.3797E-08  0.6383E-09  0.1793E-08  0.4643E-02  0.8450E-02  0.0000E+00 -0.1000E+01
    7.8160  1 15   24.6834    0.0000    0.0000    0.0000    0.8321    0.6606    0.0001   -1.0000    4.9261    3.9101  0.7054E+03  0.2191E+04 -0.1164E-06 -0.3797E-08  0.6416E-09  0.1793E-08  0.4658E-02  0.8450E-02  0.0000E+00 -0.1000E+01
    7.8231  1 15   24.6825    0.0000    0.0000    0.0000    0.8323    0.6606    0.0001   -1.0000    4.9263    3.9101  0.7044E+03  0.2191E+04 -0.1164E-06 -0.3797E-08  0.6449E-09  0.1793E-08  0.4674E-02  0.8450E-02  0.0000E+00 -0.1000E+01
    7.8301  1 15   24.6817    0.0000    0.0000    0.0000    0.8326    0.6606    0.0001   -1.0000    4.9266    3.9101  0.7034E+03  0.2191E+04 -0.1164E-06 -0.3797E-08  0.6482E-09  0.1793E-08  0.4689E-02  0.8450E-02  0.0000E+00 -0.1000E+01
    7.8371  1 15   24.6809    0.0000    0.0000    0.0000    0.8328    0.6606    0.0001   -1.0000    4.9268    3.9101  0.7025E+03  0.2191E+04 -0.1164E-06 -0.3797E-08  0.6515E-09  0.1793E-08  0.4706E-02  0.8450E-02  0.0000E+00 -0.1000E+01
    7.8441  1 15   24.6801    0.0000    0.0000    0.0000    0.8331    0.6606    0.0001   -1.0000    4.9271    3.9101  0.7015E+03  0.2191E+04 -0.1164E-06 -0.3797E-08  0.6548E-09  0.1793E-08  0.4723E-02  0.8450E-02  0.0000E+00 -0.1000E+01
    7.8511  1 15   24.6793    0.0000    0.0000    0.0000    0.8334    0.6606    0.0001   -1.0000    4.9274    3.9101  0.7006E+03  0.2191E+04 -0.1164E-06 -0.3797E-08  0.6581E-09  0.1793E-08  0.4739E-02  0.8450E-02  0.0000E+00 -0.1000E+01
    7.8581  1 15   24.6785    0.0000    0.0000    0.0000    0.8336    0.6606    0.0001   -1.0000    4.9276    3.9101  0.6997E+03  0.2191E+04 -0.1157E-06 -0.3797E-08  0.6612E-09  0.1793E-08  0.4748E-02  0.8450E-02  0.0000E+00 -0.1000E+01
    7.8651  1 15   24.6777    0.0000    0.0000    0.0000    0.8338    0.6606    0.0001   -1.0000    4.9279    3.9101  0.6987E+03  0.2191E+04 -0.1149E-06 -0.3797E-08  0.6644E-09  0.1793E-08  0.4753E-02  0.8450E-02  0.0000E+00 -0.1000E+01
    7.8721  1 15   24.6769    0.0000    0.0000    0.0000    0.8341    0.6606    0.0001   -1.0000    4.9281    3.9101  0.6979E+03  0.2191E+04 -0.1143E-06 -0.3797E-08  0.6674E-09  0.1793E-08  0.4753E-02  0.8450E-02  0.0000E+00 -0.1000E+01
    7.8791  1 15   24.6761    0.0000    0.0000    0.0000    0.8343    0.6606    0.0001   -1.0000    4.9284    3.9101  0.6970E+03  0.2191E+04 -0.1139E-06 -0.3797E-08  0.6704E-09  0.1793E-08  0.4753E-02  0.8450E-02  0.0000E+00 -0.1000E+01
    7.8861  1 15   24.6753    0.0000    0.0000    0.0000    0.8345    0.6606    0.0001   -1.0000    4.9286    3.9101  0.6961E+03  0.2191E+04 -0.1152E-06 -0.3797E-08  0.6735E-09  0.1793E-08  0.4753E-02  0.8450E-02  0.0000E+00 -0.1000E+01
    7.8931  1 15   24.6744    0.0000    0.0000    0.0000    0.8348    0.6606    0.0001   -1.0000    4.9289    3.9101  0.6952E+03  0.2191E+04 -0.1170E-06 -0.3797E-08  0.6766E-09  0.1793E-08  0.4753E-02  0.8450E-02  0.0000E+00 -0.1000E+01
    7.9001  1 15   24.6736    0.0000    0.0000    0.0000    0.8350    0.6606    0.0001   -1.0000    4.9292    3.9101  0.6943E+03  0.2191E+04 -0.1176E-06 -0.3797E-08  0.6797E-09  0.1793E-08  0.4753E-02  0.8450E-02  0.0000E+00 -0.1000E+01
    7.9071  1 15   24.6728    0.0000    0.0000    0.0000    0.8353    0.6606    0.0001   -1.0000    4.9294    3.9101  0.6934E+03  0.2191E+04 -0.1177E-06 -0.3797E-08  0.6828E-09  0.1793E-08  0.4754E-02  0.8450E-02  0.0000E+00 -0.1000E+01
    7.9141  1 15   24.6720    0.0000    0.0000    0.0000    0.8355    0.6606    0.0001   -1.0000    4.9297    3.9101  0.6925E+03  0.2191E+04 -0.1177E-06 -0.3797E-08  0.6860E-09  0.1793E-08  0.4755E-02  0.8450E-02  0.0000E+00 -0.1000E+01
    7.9211  1 15   24.6711    0.0000    0.0000    0.0000    0.8358    0.6606    0.0001   -1.0000    4.9300    3.9101  0.6916E+03  0.2191E+04 -0.1177E-06 -0.3797E-08  0.6891E-09  0.1793E-08  0.4757E-02  0.8450E-02  0.0000E+00 -0.1000E+01
    7.9282  1 15   24.6703    0.0000    0.0000    0.0000    0.8360    0.6606    0.0001   -1.0000    4.9302    3.9101  0.6907E+03  0.2191E+04 -0.1177E-06 -0.3797E-08  0.6922E-09  0.1793E-08  0.4759E-02  0.8450E-02  0.0000E+00 -0.1000E+01
    7.9352  1 15   24.6695    0.0000    0.0000    0.0000    0.8362    0.6606    0.0001   -1.0000    4.9305    3.9101  0.6897E+03  0.2191E+04 -0.1177E-06 -0.3797E-08  0.6953E-09  0.1793E-08  0.4761E-02  0.8450E-02  0.0000E+00 -0.1000E+01
    7.9422  1 15   24.6687    0.0000    0.0000    0.0000    0.8365    0.6606    0.0001   -1.0000    4.9308    3.9101  0.6888E+03  0.2191E+04 -0.1177E-06 -0.3797E-08  0.6984E-09  0.1793E-08  0.4763E-02  0.8450E-02  0.0000E+00 -0.1000E+01
    7.9492  1 15   24.6678    0.0000    0.0000    0.0000    0.8367    0.6606    0.0001   -1.0000    4.9310    3.9101  0.6879E+03  0.2191E+04 -0.1177E-06 -0.3797E-08  0.7015E-09  0.1793E-08  0.4765E-02  0.8450E-02  0.0000E+00 -0.1000E+01
    7.9562  1 15   24.6670    0.0000    0.0000    0.0000    0.8370    0.6606    0.0001   -1.0000    4.9313    3.9101  0.6870E+03  0.2191E+04 -0.1177E-06 -0.3797E-08  0.7047E-09  0.1793E-08  0.4767E-02  0.8450E-02  0.0000E+00 -0.1000E+01
    7.9632  1 15   24.6662    0.0000    0.0000    0.0000    0.8372    0.6606    0.0001   -1.0000    4.9315    3.9101  0.6862E+03  0.2191E+04 -0.1177E-06 -0.3797E-08  0.7078E-09  0.1793E-08  0.4768E-02  0.8450E-02  0.0000E+00 -0.1000E+01
    7.9702  1 15   24.6654    0.0000    0.0000    0.0000    0.8375    0.6606    0.0001   -1.0000    4.9318    3.9101  0.6853E+03  0.2191E+04 -0.1178E-06 -0.3797E-08  0.7110E-09  0.1793E-08  0.4775E-02  0.8450E-02  0.0000E+00 -0.1000E+01
    7.9772  1 15   24.6645    0.0000    0.0000    0.0000    0.8377    0.6606    0.0001   -1.0000    4.9321    3.9101  0.6844E+03  0.2191E+04 -0.1180E-06 -0.3797E-08  0.7147E-09  0.1793E-08  0.4797E-02  0.8450E-02  0.0000E+00 -0.1000E+01
    7.9842  1 15   24.6637    0.0000    0.0000    0.0000    0.8379    0.6606    0.0001   -1.0000    4.9323    3.9101  0.6835E+03  0.2191E+04 -0.1182E-06 -0.3797E-08  0.7183E-09  0.1793E-08  0.4820E-02  0.8450E-02  0.0000E+00 -0.1000E+01
    7.9912  1 15   24.6629    0.0000    0.0000    0.0000    0.8382    0.6606    0.0001   -1.0000    4.9326    3.9101  0.6826E+03  0.2191E+04 -0.1184E-06 -0.3797E-08  0.7223E-09  0.1793E-08  0.4853E-02  0.8450E-02  0.0000E+00 -0.1000E+01
    7.9982  1 15   24.6621    0.0000    0.0000    0.0000    0.8384    0.6606    0.0001   -1.0000    4.9329    3.9101  0.6818E+03  0.2191E+04 -0.1186E-06 -0.3797E-08  0.7263E-09  0.1793E-08  0.4887E-02  0.8450E-02  0.0000E+00 -0.1000E+01
    8.0052  1 15   24.6612    0.0000    0.0000    0.0000    0.8386    0.6606    0.0001   -1.0000    4.9331    3.9101  0.6809E+03  0.2191E+04 -0.1187E-06 -0.3797E-08  0.7303E-09  0.1793E-08  0.4921E-02  0.8450E-02  0.0000E+00 -0.1000E+01
    8.0122  1 15   24.6604    0.0000    0.0000    0.0000    0.8389    0.6606    0.0001   -1.0000    4.9334    3.9101  0.6801E+03  0.2191E+04 -0.1192E-06 -0.3797E-08  0.7345E-09  0.1793E-08  0.4956E-02  0.8450E-02  0.0000E+00 -0.1000E+01
    8.0192  1 15   24.6595    0.0000    0.0000    0.0000    0.8391    0.6606    0.0001   -1.0000    4.9337    3.9101  0.6792E+03  0.2191E+04 -0.1195E-06 -0.3797E-08  0.7386E-09  0.1793E-08  0.4990E-02  0.8450E-02  0.0000E+00 -0.1000E+01
    8.0262  1 15   24.6587    0.0000    0.0000    0.0000    0.8393    0.6606    0.0001   -1.0000    4.9339    3.9101  0.6783E+03  0.2191E+04 -0.1195E-06 -0.3797E-08  0.7428E-09  0.1793E-08  0.5025E-02  0.8450E-02  0.0000E+00 -0.1000E+01
    8.0332  1 15   24.6579    0.0000    0.0000    0.0000    0.8396    0.6606    0.0001   -1.0000    4.9342    3.9101  0.6775E+03  0.2191E+04 -0.1195E-06 -0.3797E-08  0.7469E-09  0.1793E-08  0.5059E-02  0.8450E-02  0.0000E+00 -0.1000E+01
    8.0403  1 15   24.6570    0.0000    0.0000    0.0000    0.8398    0.6606    0.0001   -1.0000    4.9345    3.9101  0.6766E+03  0.2191E+04 -0.1195E-06 -0.3797E-08  0.7511E-09  0.1793E-08  0.5094E-02  0.8450E-02  0.0000E+00 -0.1000E+01
    8.0473  1 15   24.6562    0.0000    0.0000    0.0000    0.8400    0.6606    0.0001   -1.0000    4.9347    3.9101  0.6757E+03  0.2191E+04 -0.1195E-06 -0.3797E-08  0.7552E-09  0.1793E-08  0.5128E-02  0.8450E-02  0.0000E+00 -0.1000E+01
    8.0543  1 15   24.6554    0.0000    0.0000    0.0000    0.8403    0.6606    0.0001   -1.0000    4.9350    3.9101  0.6749E+03  0.2191E+04 -0.1195E-06 -0.3797E-08  0.7594E-09  0.1793E-08  0.5162E-02  0.8450E-02  0.0000E+00 -0.1000E+01
    8.0613  1 15   24.6545    0.0000    0.0000    0.0000    0.8405    0.6606    0.0001   -1.0000    4.9353    3.9101  0.6740E+03  0.2191E+04 -0.1199E-06 -0.3797E-08  0.7636E-09  0.1793E-08  0.5197E-02  0.8450E-02  0.0000E+00 -0.1000E+01
    8.0683  1 15   24.6537    0.0000    0.0000    0.0000    0.8407    0.6606    0.0001   -1.0000    4.9355    3.9101  0.6732E+03  0.2191E+04 -0.1203E-06 -0.3797E-08  0.7678E-09  0.1793E-08  0.5232E-02  0.8450E-02  0.0000E+00 -0.1000E+01
    8.0753  1 15   24.6528    0.0000    0.0000    0.0000    0.8410    0.6606    0.0001   -1.0000    4.9358    3.9101  0.6723E+03  0.2191E+04 -0.1205E-06 -0.3797E-08  0.7719E-09  0.1793E-08  0.5267E-02  0.8450E-02  0.0000E+00 -0.1000E+01
    8.0823  1 15   24.6520    0.0000    0.0000    0.0000    0.8412    0.6606    0.0001   -1.0000    4.9361    3.9101  0.6715E+03  0.2191E+04 -0.1207E-06 -0.3797E-08  0.7759E-09  0.1793E-08  0.5303E-02  0.8450E-02  0.0000E+00 -0.1000E+01
    8.0893  1 15   24.6511    0.0000    0.0000    0.0000    0.8414    0.6606    0.0001   -1.0000    4.9363    3.9101  0.6706E+03  0.2191E+04 -0.1208E-06 -0.3797E-08  0.7799E-09  0.1793E-08  0.5339E-02  0.8450E-02  0.0000E+00 -0.1000E+01
    8.0963  1 15   24.6503    0.0000    0.0000    0.0000    0.8417    0.6606    0.0001   -1.0000    4.9366    3.9101  0.6698E+03  0.2191E+04 -0.1208E-06 -0.3797E-08  0.7839E-09  0.1793E-08  0.5375E-02  0.8450E-02  0.0000E+00 -0.1000E+01
    8.1033  1 15   24.6494    0.0000    0.0000    0.0000    0.8419    0.6606    0.0001   -1.0000    4.9369    3.9101  0.6689E+03  0.2191E+04 -0.1209E-06 -0.3797E-08  0.7878E-09  0.1793E-08  0.5411E-02  0.8450E-02  0.0000E+00 -0.1000E+01
    8.1103  1 15   24.6486    0.0000    0.0000    0.0000    0.8421    0.6606    0.0001   -1.0000    4.9371    3.9101  0.6681E+03  0.2191E+04 -0.1209E-06 -0.3797E-08  0.7917E-09  0.1793E-08  0.5447E-02  0.8450E-02  0.0000E+00 -0.1000E+01
    8.1173  1 15   24.6478    0.0000    0.0000    0.0000    0.8424    0.6606    0.0001   -1.0000    4.9374    3.9101  0.6673E+03  0.2191E+04 -0.1210E-06 -0.3797E-08  0.7956E-09  0.1793E-08  0.5482E-02  0.8450E-02  0.0000E+00 -0.1000E+01
    8.1243  1 15   24.6469    0.0000    0.0000    0.0000    0.8426    0.6606    0.0001   -1.0000    4.9377    3.9101  0.6664E+03  0.2191E+04 -0.1212E-06 -0.3797E-08  0.7994E-09  0.1793E-08  0.5517E-02  0.8450E-02  0.0000E+00 -0.1000E+01
    8.1313  1 15   24.6461    0.0000    0.0000    0.0000    0.8428    0.6606    0.0001   -1.0000    4.9379    3.9101  0.6656E+03  0.2191E+04 -0.1214E-06 -0.3797E-08  0.8032E-09  0.1793E-08  0.5552E-02  0.8450E-02  0.0000E+00 -0.1000E+01
    8.1383  1 15   24.6452    0.0000    0.0000    0.0000    0.8430    0.6606    0.0001   -1.0000    4.9382    3.9101  0.6648E+03  0.2191E+04 -0.1214E-06 -0.3797E-08  0.8071E-09  0.1793E-08  0.5587E-02  0.8450E-02  0.0000E+00 -0.1000E+01
    8.1454  1 15   24.6444    0.0000    0.0000    0.0000    0.8433    0.6606    0.0001   -1.0000    4.9385    3.9101  0.6639E+03  0.2191E+04 -0.1215E-06 -0.3797E-08  0.8109E-09  0.1793E-08  0.5622E-02  0.8450E-02  0.0000E+00 -0.1000E+01
    8.1524  1 15   24.6435    0.0000    0.0000    0.0000    0.8435    0.6606    0.0001   -1.0000    4.9387    3.9101  0.6631E+03  0.2191E+04 -0.1216E-06 -0.3797E-08  0.8147E-09  0.1793E-08  0.5657E-02  0.8450E-02  0.0000E+00 -0.1000E+01
    8.1594  1 15   24.6426    0.0000    0.0000    0.0000    0.8437    0.6606    0.0001   -1.0000    4.9390    3.9101  0.6623E+03  0.2191E+04 -0.1219E-06 -0.3797E-08  0.8185E-09  0.1793E-08  0.5688E-02  0.8450E-02  0.0000E+00 -0.1000E+01
    8.1664  1 15   24.6418    0.0000    0.0000    0.0000    0.8440    0.6606    0.0001   -1.0000    4.9393    3.9101  0.6614E+03  0.2191E+04 -0.1226E-06 -0.3797E-08  0.8224E-09  0.1793E-08  0.5714E-02  0.8450E-02  0.0000E+00 -0.1000E+01
    8.1734  1 15   24.6409    0.0000    0.0000    0.0000    0.8442    0.6606    0.0001   -1.0000    4.9396    3.9101  0.6606E+03  0.2191E+04 -0.1231E-06 -0.3797E-08  0.8263E-09  0.1793E-08  0.5739E-02  0.8450E-02  0.0000E+00 -0.1000E+01
    8.1804  1 15   24.6401    0.0000    0.0000    0.0000    0.8444    0.6606    0.0001   -1.0000    4.9398    3.9101  0.6598E+03  0.2191E+04 -0.1230E-06 -0.3797E-08  0.8302E-09  0.1793E-08  0.5756E-02  0.8450E-02  0.0000E+00 -0.1000E+01
    8.1874  1 15   24.6392    0.0000    0.0000    0.0000    0.8447    0.6606    0.0001   -1.0000    4.9401    3.9101  0.6589E+03  0.2191E+04 -0.1228E-06 -0.3797E-08  0.8340E-09  0.1793E-08  0.5756E-02  0.8450E-02  0.0000E+00 -0.1000E+01
    8.1944  1 15   24.6383    0.0000    0.0000    0.0000    0.8449    0.6606    0.0001   -1.0000    4.9404    3.9101  0.6581E+03  0.2191E+04 -0.1226E-06 -0.3797E-08  0.8379E-09  0.1793E-08  0.5757E-02  0.8450E-02  0.0000E+00 -0.1000E+01
    8.2014  1 15   24.6375    0.0000    0.0000    0.0000    0.8451    0.6606    0.0001   -1.0000    4.9406    3.9101  0.6573E+03  0.2191E+04 -0.1226E-06 -0.3797E-08  0.8417E-09  0.1793E-08  0.5758E-02  0.8450E-02  0.0000E+00 -0.1000E+01
    8.2084  1 15   24.6366    0.0000    0.0000    0.0000    0.8453    0.6606    0.0001   -1.0000    4.9409    3.9101  0.6565E+03  0.2191E+04 -0.1229E-06 -0.3797E-08  0.8456E-09  0.1793E-08  0.5757E-02  0.8450E-02  0.0000E+00 -0.1000E+01
    8.2154  1 15   24.6358    0.0000    0.0000    0.0000    0.8456    0.6606    0.0001   -1.0000    4.9412    3.9101  0.6557E+03  0.2191E+04 -0.1232E-06 -0.3797E-08  0.8494E-09  0.1793E-08  0.5757E-02  0.8450E-02  0.0000E+00 -0.1000E+01
    8.2224  1 15   24.6349    0.0000    0.0000    0.0000    0.8458    0.6606    0.0001   -1.0000    4.9415    3.9101  0.6549E+03  0.2191E+04 -0.1232E-06 -0.3797E-08  0.8532E-09  0.1793E-08  0.5756E-02  0.8450E-02  0.0000E+00 -0.1000E+01
    8.2294  1 15   24.6340    0.0000    0.0000    0.0000    0.8460    0.6606    0.0001   -1.0000    4.9417    3.9101  0.6541E+03  0.2191E+04 -0.1234E-06 -0.3797E-08  0.8571E-09  0.1793E-08  0.5755E-02  0.8450E-02  0.0000E+00 -0.1000E+01
    8.2364  1 15   24.6332    0.0000    0.0000    0.0000    0.8462    0.6606    0.0001   -1.0000    4.9420    3.9101  0.6532E+03  0.2191E+04 -0.1237E-06 -0.3797E-08  0.8609E-09  0.1793E-08  0.5755E-02  0.8450E-02  0.0000E+00 -0.1000E+01
    8.2434  1 15   24.6323    0.0000    0.0000    0.0000    0.8465    0.6606    0.0001   -1.0000    4.9423    3.9101  0.6524E+03  0.2191E+04 -0.1238E-06 -0.3797E-08  0.8648E-09  0.1793E-08  0.5754E-02  0.8450E-02  0.0000E+00 -0.1000E+01
    8.2505  1 15   24.6314    0.0000    0.0000    0.0000    0.8467    0.6606    0.0001   -1.0000    4.9425    3.9101  0.6516E+03  0.2191E+04 -0.1239E-06 -0.3797E-08  0.8687E-09  0.1793E-08  0.5758E-02  0.8450E-02  0.0000E+00 -0.1000E+01
    8.2575  1 15   24.6306    0.0000    0.0000    0.0000    0.8469    0.6606    0.0001   -1.0000    4.9428    3.9101  0.6508E+03  0.2191E+04 -0.1244E-06 -0.3797E-08  0.8725E-09  0.1793E-08  0.5772E-02  0.8450E-02  0.0000E+00 -0.1000E+01
    8.2645  1 15   24.6297    0.0000    0.0000    0.0000    0.8472    0.6606    0.0001   -1.0000    4.9431    3.9101  0.6500E+03  0.2191E+04 -0.1248E-06 -0.3797E-08  0.8764E-09  0.1793E-08  0.5786E-02  0.8450E-02  0.0000E+00 -0.1000E+01
    8.2715  1 15   24.6288    0.0000    0.0000    0.0000    0.8474    0.6606    0.0001   -1.0000    4.9434    3.9101  0.6492E+03  0.2191E+04 -0.1248E-06 -0.3797E-08  0.8803E-09  0.1793E-08  0.5800E-02  0.8450E-02  0.0000E+00 -0.1000E+01
    8.2785  1 15   24.6279    0.0000    0.0000    0.0000    0.8476    0.6606    0.0001   -1.0000    4.9436    3.9101  0.6484E+03  0.2191E+04 -0.1248E-06 -0.3797E-08  0.8841E-09  0.1793E-08  0.5831E-02  0.8450E-02  0.0000E+00 -0.1000E+01
    8.2855  1 15   24.6271    0.0000    0.0000    0.0000    0.8478    0.6606    0.0001   -1.0000    4.9439    3.9101  0.6476E+03  0.2191E+04 -0.1247E-06 -0.3797E-08  0.8880E-09  0.1793E-08  0.5867E-02  0.8450E-02  0.0000E+00 -0.1000E+01
    8.2925  1 15   24.6262    0.0000    0.0000    0.0000    0.8481    0.6606    0.0001   -1.0000    4.9442    3.9101  0.6468E+03  0.2191E+04 -0.1247E-06 -0.3797E-08  0.8918E-09  0.1793E-08  0.5902E-02  0.8450E-02  0.0000E+00 -0.1000E+01
    8.2995  1 15   24.6253    0.0000    0.0000    0.0000    0.8483    0.6606    0.0001   -1.0000    4.9445    3.9101  0.6460E+03  0.2191E+04 -0.1248E-06 -0.3797E-08  0.8956E-09  0.1793E-08  0.5938E-02  0.8450E-02  0.0000E+00 -0.1000E+01
    8.3065  1 15   24.6244    0.0000    0.0000    0.0000    0.8485    0.6606    0.0001   -1.0000    4.9447    3.9101  0.6452E+03  0.2191E+04 -0.1254E-06 -0.3797E-08  0.8995E-09  0.1793E-08  0.5976E-02  0.8450E-02  0.0000E+00 -0.1000E+01
    8.3135  1 15   24.6236    0.0000    0.0000    0.0000    0.8487    0.6606    0.0001   -1.0000    4.9450    3.9101  0.6444E+03  0.2191E+04 -0.1259E-06 -0.3797E-08  0.9033E-09  0.1793E-08  0.6015E-02  0.8450E-02  0.0000E+00 -0.1000E+01
    8.3205  1 15   24.6227    0.0000    0.0000    0.0000    0.8490    0.6606    0.0001   -1.0000    4.9453    3.9101  0.6436E+03  0.2191E+04 -0.1259E-06 -0.3797E-08  0.9072E-09  0.1793E-08  0.6053E-02  0.8450E-02  0.0000E+00 -0.1000E+01
    8.3275  1 15   24.6218    0.0000    0.0000    0.0000    0.8492    0.6606    0.0001   -1.0000    4.9456    3.9101  0.6428E+03  0.2191E+04 -0.1259E-06 -0.3797E-08  0.9111E-09  0.1793E-08  0.6092E-02  0.8450E-02  0.0000E+00 -0.1000E+01
    8.3345  1 15   24.6209    0.0000    0.0000    0.0000    0.8494    0.6606    0.0001   -1.0000    4.9458    3.9101  0.6420E+03  0.2191E+04 -0.1259E-06 -0.3797E-08  0.9149E-09  0.1793E-08  0.6130E-02  0.8450E-02  0.0000E+00 -0.1000E+01
    8.3415  1 15   24.6200    0.0000    0.0000    0.0000    0.8496    0.6606    0.0001   -1.0000    4.9461    3.9101  0.6412E+03  0.2191E+04 -0.1259E-06 -0.3797E-08  0.9188E-09  0.1793E-08  0.6169E-02  0.8450E-02  0.0000E+00 -0.1000E+01
    8.3485  1 15   24.6191    0.0000    0.0000    0.0000    0.8499    0.6606    0.0001   -1.0000    4.9464    3.9101  0.6404E+03  0.2191E+04 -0.1259E-06 -0.3797E-08  0.9227E-09  0.1793E-08  0.6208E-02  0.8450E-02  0.0000E+00 -0.1000E+01
    8.3555  1 15   24.6183    0.0000    0.0000    0.0000    0.8501    0.6606    0.0001   -1.0000    4.9467    3.9101  0.6396E+03  0.2191E+04 -0.1266E-06 -0.3797E-08  0.9265E-09  0.1793E-08  0.6234E-02  0.8450E-02  0.0000E+00 -0.1000E+01
    8.3626  1 15   24.6174    0.0000    0.0000    0.0000    0.8503    0.6606    0.0001   -1.0000    4.9469    3.9101  0.6388E+03  0.2191E+04 -0.1276E-06 -0.3797E-08  0.9304E-09  0.1793E-08  0.6255E-02  0.8450E-02  0.0000E+00 -0.1000E+01
    8.3696  1 15   24.6165    0.0000    0.0000    0.0000    0.8505    0.6606    0.0001   -1.0000    4.9472    3.9101  0.6380E+03  0.2191E+04 -0.1279E-06 -0.3797E-08  0.9342E-09  0.1793E-08  0.6276E-02  0.8450E-02  0.0000E+00 -0.1000E+01
    8.3766  1 15   24.6156    0.0000    0.0000    0.0000    0.8508    0.6606    0.0001   -1.0000    4.9475    3.9101  0.6372E+03  0.2191E+04 -0.1279E-06 -0.3797E-08  0.9380E-09  0.1793E-08  0.6297E-02  0.8450E-02  0.0000E+00 -0.1000E+01
    8.3836  1 15   24.6147    0.0000    0.0000    0.0000    0.8510    0.6606    0.0001   -1.0000    4.9478    3.9101  0.6364E+03  0.2191E+04 -0.1279E-06 -0.3797E-08  0.9419E-09  0.1793E-08  0.6318E-02  0.8450E-02  0.0000E+00 -0.1000E+01
    8.3906  1 15   24.6138    0.0000    0.0000    0.0000    0.8512    0.6606    0.0001   -1.0000    4.9481    3.9101  0.6356E+03  0.2191E+04 -0.1280E-06 -0.3797E-08  0.9457E-09  0.1793E-08  0.6338E-02  0.8450E-02  0.0000E+00 -0.1000E+01
    8.3976  1 15   24.6129    0.0000    0.0000    0.0000    0.8514    0.6606    0.0001   -1.0000    4.9483    3.9101  0.6348E+03  0.2191E+04 -0.1281E-06 -0.3797E-08  0.9495E-09  0.1793E-08  0.6358E-02  0.8450E-02  0.0000E+00 -0.1000E+01
    8.4046  1 15   24.6120    0.0000    0.0000    0.0000    0.8517    0.6606    0.0001   -1.0000    4.9486    3.9101  0.6340E+03  0.2191E+04 -0.1281E-06 -0.3797E-08  0.9534E-09  0.1793E-08  0.6378E-02  0.8450E-02  0.0000E+00 -0.1000E+01
    8.4116  1 15   24.6111    0.0000    0.0000    0.0000    0.8519    0.6606    0.0001   -1.0000    4.9489    3.9101  0.6332E+03  0.2191E+04 -0.1280E-06 -0.3797E-08  0.9572E-09  0.1793E-08  0.6395E-02  0.8450E-02  0.0000E+00 -0.1000E+01
    8.4186  1 15   24.6102    0.0000    0.0000    0.0000    0.8521    0.6606    0.0001   -1.0000    4.9492    3.9101  0.6324E+03  0.2191E+04 -0.1278E-06 -0.3797E-08  0.9610E-09  0.1793E-08  0.6409E-02  0.8450E-02  0.0000E+00 -0.1000E+01
    8.4256  1 15   24.6093    0.0000    0.0000    0.0000    0.8524    0.6606    0.0001   -1.0000    4.9494    3.9101  0.6316E+03  0.2191E+04 -0.1277E-06 -0.3797E-08  0.9649E-09  0.1793E-08  0.6424E-02  0.8450E-02  0.0000E+00 -0.1000E+01
    8.4326  1 15   24.6084    0.0000    0.0000    0.0000    0.8526    0.6606    0.0001   -1.0000    4.9497    3.9101  0.6308E+03  0.2191E+04 -0.1277E-06 -0.3797E-08  0.9687E-09  0.1793E-08  0.6439E-02  0.8450E-02  0.0000E+00 -0.1000E+01
    8.4396  1 15   24.6075    0.0000    0.0000    0.0000    0.8528    0.6606    0.0001   -1.0000    4.9500    3.9101  0.6301E+03  0.2191E+04 -0.1283E-06 -0.3797E-08  0.9726E-09  0.1793E-08  0.6455E-02  0.8450E-02  0.0000E+00 -0.1000E+01
    8.4466  1 15   24.6066    0.0000    0.0000    0.0000    0.8530    0.6606    0.0001   -1.0000    4.9503    3.9101  0.6293E+03  0.2191E+04 -0.1295E-06 -0.3797E-08  0.9765E-09  0.1793E-08  0.6471E-02  0.8450E-02  0.0000E+00 -0.1000E+01
    8.4536  1 15   24.6057    0.0000    0.0000    0.0000    0.8533    0.6606    0.0001   -1.0000    4.9506    3.9101  0.6285E+03  0.2191E+04 -0.1301E-06 -0.3797E-08  0.9805E-09  0.1793E-08  0.6488E-02  0.8450E-02  0.0000E+00 -0.1000E+01
    8.4606  1 15   24.6048    0.0000    0.0000    0.0000    0.8535    0.6606    0.0001   -1.0000    4.9508    3.9101  0.6277E+03  0.2191E+04 -0.1301E-06 -0.3797E-08  0.9844E-09  0.1793E-08  0.6505E-02  0.8450E-02  0.0000E+00 -0.1000E+01
    8.4677  1 15   24.6039    0.0000    0.0000    0.0000    0.8537    0.6606    0.0001   -1.0000    4.9511    3.9101  0.6269E+03  0.2191E+04 -0.1301E-06 -0.3797E-08  0.9884E-09  0.1793E-08  0.6523E-02  0.8450E-02  0.0000E+00 -0.1000E+01
    8.4747  1 15   24.6029    0.0000    0.0000    0.0000    0.8539    0.6606    0.0001   -1.0000    4.9514    3.9101  0.6261E+03  0.2191E+04 -0.1301E-06 -0.3797E-08  0.9923E-09  0.1793E-08  0.6543E-02  0.8450E-02  0.0000E+00 -0.1000E+01
    8.4817  1 15   24.6020    0.0000    0.0000    0.0000    0.8542    0.6606    0.0001   -1.0000    4.9517    3.9101  0.6253E+03  0.2191E+04 -0.1301E-06 -0.3797E-08  0.9963E-09  0.1793E-08  0.6563E-02  0.8450E-02  0.0000E+00 -0.1000E+01
    8.4887  1 15   24.6011    0.0000    0.0000    0.0000    0.8544    0.6606    0.0001   -1.0000    4.9520    3.9101  0.6246E+03  0.2191E+04 -0.1301E-06 -0.3797E-08  0.1000E-08  0.1793E-08  0.6583E-02  0.8450E-02  0.0000E+00 -0.1000E+01
    8.4957  1 15   24.6002    0.0000    0.0000    0.0000    0.8546    0.6606    0.0001   -1.0000    4.9523    3.9101  0.6238E+03  0.2191E+04 -0.1301E-06 -0.3797E-08  0.1004E-08  0.1793E-08  0.6603E-02  0.8450E-02  0.0000E+00 -0.1000E+01
    8.5027  1 15   24.5993    0.0000    0.0000    0.0000    0.8548    0.6606    0.0001   -1.0000    4.9525    3.9101  0.6230E+03  0.2191E+04 -0.1302E-06 -0.3797E-08  0.1008E-08  0.1793E-08  0.6625E-02  0.8450E-02  0.0000E+00 -0.1000E+01
    8.5097  1 15   24.5984    0.0000    0.0000    0.0000    0.8551    0.6606    0.0001   -1.0000    4.9528    3.9101  0.6222E+03  0.2191E+04 -0.1302E-06 -0.3797E-08  0.1012E-08  0.1793E-08  0.6649E-02  0.8450E-02  0.0000E+00 -0.1000E+01
    8.5167  1 15   24.5975    0.0000    0.0000    0.0000    0.8553    0.6606    0.0001   -1.0000    4.9531    3.9101  0.6214E+03  0.2191E+04 -0.1302E-06 -0.3797E-08  0.1016E-08  0.1793E-08  0.6672E-02  0.8450E-02  0.0000E+00 -0.1000E+01
    8.5237  1 15   24.5966    0.0000    0.0000    0.0000    0.8555    0.6606    0.0001   -1.0000    4.9534    3.9101  0.6207E+03  0.2191E+04 -0.1302E-06 -0.3797E-08  0.1020E-08  0.1793E-08  0.6696E-02  0.8450E-02  0.0000E+00 -0.1000E+01
    8.5307  1 15   24.5956    0.0000    0.0000    0.0000    0.8557    0.6606    0.0001   -1.0000    4.9537    3.9101  0.6199E+03  0.2191E+04 -0.1305E-06 -0.3797E-08  0.1024E-08  0.1793E-08  0.6723E-02  0.8450E-02  0.0000E+00 -0.1000E+01
    8.5377  1 15   24.5947    0.0000    0.0000    0.0000    0.8560    0.6606    0.0001   -1.0000    4.9539    3.9101  0.6191E+03  0.2191E+04 -0.1315E-06 -0.3797E-08  0.1028E-08  0.1793E-08  0.6761E-02  0.8450E-02  0.0000E+00 -0.1000E+01
    8.5447  1 15   24.5938    0.0000    0.0000    0.0000    0.8562    0.6606    0.0001   -1.0000    4.9542    3.9101  0.6183E+03  0.2191E+04 -0.1324E-06 -0.3797E-08  0.1032E-08  0.1793E-08  0.6799E-02  0.8450E-02  0.0000E+00 -0.1000E+01
    8.5517  1 15   24.5929    0.0000    0.0000    0.0000    0.8564    0.6606    0.0001   -1.0000    4.9545    3.9101  0.6176E+03  0.2191E+04 -0.1324E-06 -0.3797E-08  0.1036E-08  0.1793E-08  0.6837E-02  0.8450E-02  0.0000E+00 -0.1000E+01
    8.5587  1 15   24.5919    0.0000    0.0000    0.0000    0.8567    0.6606    0.0001   -1.0000    4.9548    3.9101  0.6168E+03  0.2191E+04 -0.1324E-06 -0.3797E-08  0.1040E-08  0.1793E-08  0.6875E-02  0.8450E-02  0.0000E+00 -0.1000E+01
    8.5657  1 15   24.5910    0.0000    0.0000    0.0000    0.8569    0.6606    0.0001   -1.0000    4.9551    3.9101  0.6160E+03  0.2191E+04 -0.1323E-06 -0.3797E-08  0.1044E-08  0.1793E-08  0.6913E-02  0.8450E-02  0.0000E+00 -0.1000E+01
    8.5728  1 15   24.5901    0.0000    0.0000    0.0000    0.8571    0.6606    0.0001   -1.0000    4.9554    3.9101  0.6152E+03  0.2191E+04 -0.1322E-06 -0.3797E-08  0.1048E-08  0.1793E-08  0.6950E-02  0.8450E-02  0.0000E+00 -0.1000E+01
    8.5798  1 15   24.5892    0.0000    0.0000    0.0000    0.8573    0.6606    0.0001   -1.0000    4.9556    3.9101  0.6145E+03  0.2191E+04 -0.1321E-06 -0.3797E-08  0.1053E-08  0.1793E-08  0.6986E-02  0.8450E-02  0.0000E+00 -0.1000E+01
    8.5868  1 15   24.5882    0.0000    0.0000    0.0000    0.8576    0.6606    0.0001   -1.0000    4.9559    3.9101  0.6137E+03  0.2191E+04 -0.1321E-06 -0.3797E-08  0.1057E-08  0.1793E-08  0.7023E-02  0.8450E-02  0.0000E+00 -0.1000E+01
    8.5938  1 15   24.5873    0.0000    0.0000    0.0000    0.8578    0.6606    0.0001   -1.0000    4.9562    3.9101  0.6129E+03  0.2191E+04 -0.1321E-06 -0.3797E-08  0.1061E-08  0.1793E-08  0.7060E-02  0.8450E-02  0.0000E+00 -0.1000E+01
    8.6008  1 15   24.5864    0.0000    0.0000    0.0000    0.8580    0.6606    0.0001   -1.0000    4.9565    3.9101  0.6121E+03  0.2191E+04 -0.1326E-06 -0.3797E-08  0.1065E-08  0.1793E-08  0.7081E-02  0.8450E-02  0.0000E+00 -0.1000E+01
    8.6078  1 15   24.5854    0.0000    0.0000    0.0000    0.8582    0.6606    0.0001   -1.0000    4.9568    3.9101  0.6114E+03  0.2191E+04 -0.1334E-06 -0.3797E-08  0.1069E-08  0.1793E-08  0.7094E-02  0.8450E-02  0.0000E+00 -0.1000E+01
    8.6148  1 15   24.5845    0.0000    0.0000    0.0000    0.8585    0.6606    0.0001   -1.0000    4.9571    3.9101  0.6106E+03  0.2191E+04 -0.1336E-06 -0.3797E-08  0.1073E-08  0.1793E-08  0.7107E-02  0.8450E-02  0.0000E+00 -0.1000E+01
    8.6218  1 15   24.5836    0.0000    0.0000    0.0000    0.8587    0.6606    0.0001   -1.0000    4.9574    3.9101  0.6098E+03  0.2191E+04 -0.1336E-06 -0.3797E-08  0.1078E-08  0.1793E-08  0.7121E-02  0.8450E-02  0.0000E+00 -0.1000E+01
    8.6288  1 15   24.5826    0.0000    0.0000    0.0000    0.8589    0.6606    0.0001   -1.0000    4.9576    3.9101  0.6091E+03  0.2191E+04 -0.1336E-06 -0.3797E-08  0.1082E-08  0.1793E-08  0.7134E-02  0.8450E-02  0.0000E+00 -0.1000E+01
    8.6358  1 15   24.5817    0.0000    0.0000    0.0000    0.8591    0.6606    0.0001   -1.0000    4.9579    3.9101  0.6083E+03  0.2191E+04 -0.1339E-06 -0.3797E-08  0.1086E-08  0.1793E-08  0.7138E-02  0.8450E-02  0.0000E+00 -0.1000E+01
    8.6428  1 15   24.5808    0.0000    0.0000    0.0000    0.8594    0.6606    0.0001   -1.0000    4.9582    3.9101  0.6075E+03  0.2191E+04 -0.1343E-06 -0.3797E-08  0.1090E-08  0.1793E-08  0.7139E-02  0.8450E-02  0.0000E+00 -0.1000E+01
    8.6498  1 15   24.5798    0.0000    0.0000    0.0000    0.8596    0.6606    0.0001   -1.0000    4.9585    3.9101  0.6068E+03  0.2191E+04 -0.1344E-06 -0.3797E-08  0.1095E-08  0.1793E-08  0.7139E-02  0.8450E-02  0.0000E+00 -0.1000E+01
    8.6568  1 15   24.5789    0.0000    0.0000    0.0000    0.8598    0.6606    0.0001   -1.0000    4.9588    3.9101  0.6060E+03  0.2191E+04 -0.1344E-06 -0.3797E-08  0.1099E-08  0.1793E-08  0.7140E-02  0.8450E-02  0.0000E+00 -0.1000E+01
    8.6638  1 15   24.5779    0.0000    0.0000    0.0000    0.8601    0.6606    0.0001   -1.0000    4.9591    3.9101  0.6052E+03  0.2191E+04 -0.1344E-06 -0.3797E-08  0.1103E-08  0.1793E-08  0.7140E-02  0.8450E-02  0.0000E+00 -0.1000E+01
    8.6708  1 15   24.5770    0.0000    0.0000    0.0000    0.8603    0.6606    0.0001   -1.0000    4.9594    3.9101  0.6045E+03  0.2191E+04 -0.1345E-06 -0.3797E-08  0.1108E-08  0.1793E-08  0.7147E-02  0.8450E-02  0.0000E+00 -0.1000E+01
    8.6778  1 15   24.5760    0.0000    0.0000    0.0000    0.8605    0.6606    0.0001   -1.0000    4.9596    3.9101  0.6037E+03  0.2191E+04 -0.1348E-06 -0.3797E-08  0.1112E-08  0.1793E-08  0.7159E-02  0.8450E-02  0.0000E+00 -0.1000E+01
    8.6849  1 15   24.5751    0.0000    0.0000    0.0000    0.8607    0.6606    0.0001   -1.0000    4.9599    3.9101  0.6029E+03  0.2191E+04 -0.1349E-06 -0.3797E-08  0.1116E-08  0.1793E-08  0.7171E-02  0.8450E-02  0.0000E+00 -0.1000E+01
    8.6919  1 15   24.5742    0.0000    0.0000    0.0000    0.8610    0.6606    0.0001   -1.0000    4.9602    3.9101  0.6022E+03  0.2191E+04 -0.1349E-06 -0.3797E-08  0.1121E-08  0.1793E-08  0.7182E-02  0.8450E-02  0.0000E+00 -0.1000E+01
    8.6989  1 15   24.5732    0.0000    0.0000    0.0000    0.8612    0.6606    0.0001   -1.0000    4.9605    3.9101  0.6014E+03  0.2191E+04 -0.1349E-06 -0.3797E-08  0.1125E-08  0.1793E-08  0.7194E-02  0.8450E-02  0.0000E+00 -0.1000E+01
    8.7059  1 15   24.5723    0.0000    0.0000    0.0000    0.8614    0.6606    0.0001   -1.0000    4.9608    3.9101  0.6006E+03  0.2191E+04 -0.1352E-06 -0.3797E-08  0.1129E-08  0.1793E-08  0.7214E-02  0.8450E-02  0.0000E+00 -0.1000E+01
    8.7129  1 15   24.5713    0.0000    0.0000    0.0000    0.8617    0.6606    0.0001   -1.0000    4.9611    3.9101  0.5999E+03  0.2191E+04 -0.1361E-06 -0.3797E-08  0.1134E-08  0.1793E-08  0.7250E-02  0.8450E-02  0.0000E+00 -0.1000E+01
    8.7199  1 15   24.5704    0.0000    0.0000    0.0000    0.8619    0.6606    0.0001   -1.0000    4.9614    3.9101  0.5991E+03  0.2191E+04 -0.1367E-06 -0.3797E-08  0.1138E-08  0.1793E-08  0.7285E-02  0.8450E-02  0.0000E+00 -0.1000E+01
    8.7269  1 15   24.5694    0.0000    0.0000    0.0000    0.8621    0.6606    0.0001   -1.0000    4.9617    3.9101  0.5983E+03  0.2191E+04 -0.1367E-06 -0.3797E-08  0.1143E-08  0.1793E-08  0.7321E-02  0.8450E-02  0.0000E+00 -0.1000E+01
    8.7339  1 15   24.5684    0.0000    0.0000    0.0000    0.8623    0.6606    0.0001   -1.0000    4.9620    3.9101  0.5976E+03  0.2191E+04 -0.1367E-06 -0.3797E-08  0.1147E-08  0.1793E-08  0.7356E-02  0.8450E-02  0.0000E+00 -0.1000E+01
    8.7409  1 15   24.5675    0.0000    0.0000    0.0000    0.8626    0.6606    0.0001   -1.0000    4.9622    3.9101  0.5968E+03  0.2191E+04 -0.1367E-06 -0.3797E-08  0.1152E-08  0.1793E-08  0.7392E-02  0.8450E-02  0.0000E+00 -0.1000E+01
    8.7479  1 15   24.5665    0.0000    0.0000    0.0000    0.8628    0.6606    0.0001   -1.0000    4.9625    3.9101  0.5960E+03  0.2191E+04 -0.1367E-06 -0.3797E-08  0.1156E-08  0.1793E-08  0.7427E-02  0.8450E-02  0.0000E+00 -0.1000E+01
    8.7549  1 15   24.5656    0.0000    0.0000    0.0000    0.8630    0.6606    0.0001   -1.0000    4.9628    3.9101  0.5953E+03  0.2191E+04 -0.1367E-06 -0.3797E-08  0.1161E-08  0.1793E-08  0.7461E-02  0.8450E-02  0.0000E+00 -0.1000E+01
    8.7619  1 15   24.5646    0.0000    0.0000    0.0000    0.8633    0.6606    0.0001   -1.0000    4.9631    3.9101  0.5945E+03  0.2191E+04 -0.1367E-06 -0.3797E-08  0.1165E-08  0.1793E-08  0.7496E-02  0.8450E-02  0.0000E+00 -0.1000E+01
    8.7689  1 15   24.5637    0.0000    0.0000    0.0000    0.8635    0.6606    0.0001   -1.0000    4.9634    3.9101  0.5938E+03  0.2191E+04 -0.1367E-06 -0.3797E-08  0.1170E-08  0.1793E-08  0.7531E-02  0.8450E-02  0.0000E+00 -0.1000E+01
    8.7759  1 15   24.5627    0.0000    0.0000    0.0000    0.8637    0.6606    0.0001   -1.0000    4.9637    3.9101  0.5930E+03  0.2191E+04 -0.1367E-06 -0.3797E-08  0.1174E-08  0.1793E-08  0.7565E-02  0.8450E-02  0.0000E+00 -0.1000E+01
    8.7829  1 15   24.5617    0.0000    0.0000    0.0000    0.8640    0.6606    0.0001   -1.0000    4.9640    3.9101  0.5922E+03  0.2191E+04 -0.1371E-06 -0.3797E-08  0.1179E-08  0.1793E-08  0.7602E-02  0.8450E-02  0.0000E+00 -0.1000E+01
    8.7900  1 15   24.5608    0.0000    0.0000    0.0000    0.8642    0.6606    0.0001   -1.0000    4.9643    3.9101  0.5915E+03  0.2191E+04 -0.1382E-06 -0.3797E-08  0.1184E-08  0.1793E-08  0.7641E-02  0.8450E-02  0.0000E+00 -0.1000E+01
    8.7970  1 15   24.5598    0.0000    0.0000    0.0000    0.8644    0.6606    0.0001   -1.0000    4.9646    3.9101  0.5907E+03  0.2191E+04 -0.1389E-06 -0.3797E-08  0.1188E-08  0.1793E-08  0.7679E-02  0.8450E-02  0.0000E+00 -0.1000E+01
    8.8040  1 15   24.5588    0.0000    0.0000    0.0000    0.8647    0.6606    0.0001   -1.0000    4.9649    3.9101  0.5899E+03  0.2191E+04 -0.1389E-06 -0.3797E-08  0.1193E-08  0.1793E-08  0.7718E-02  0.8450E-02  0.0000E+00 -0.1000E+01
    8.8110  1 15   24.5578    0.0000    0.0000    0.0000    0.8649    0.6606    0.0001   -1.0000    4.9651    3.9101  0.5892E+03  0.2191E+04 -0.1389E-06 -0.3797E-08  0.1198E-08  0.1793E-08  0.7757E-02  0.8450E-02  0.0000E+00 -0.1000E+01
    8.8180  1 15   24.5569    0.0000    0.0000    0.0000    0.8651    0.6606    0.0001   -1.0000    4.9654    3.9101  0.5884E+03  0.2191E+04 -0.1389E-06 -0.3797E-08  0.1202E-08  0.1793E-08  0.7796E-02  0.8450E-02  0.0000E+00 -0.1000E+01
    8.8250  1 15   24.5559    0.0000    0.0000    0.0000    0.8653    0.6606    0.0001   -1.0000    4.9657    3.9101  0.5877E+03  0.2191E+04 -0.1389E-06 -0.3797E-08  0.1207E-08  0.1793E-08  0.7830E-02  0.8450E-02  0.0000E+00 -0.1000E+01
    8.8320  1 15   24.5549    0.0000    0.0000    0.0000    0.8656    0.6606    0.0001   -1.0000    4.9660    3.9101  0.5869E+03  0.2191E+04 -0.1388E-06 -0.3797E-08  0.1212E-08  0.1793E-08  0.7861E-02  0.8450E-02  0.0000E+00 -0.1000E+01
    8.8390  1 15   24.5540    0.0000    0.0000    0.0000    0.8658    0.6606    0.0001   -1.0000    4.9663    3.9101  0.5862E+03  0.2191E+04 -0.1388E-06 -0.3797E-08  0.1216E-08  0.1793E-08  0.7891E-02  0.8450E-02  0.0000E+00 -0.1000E+01
    8.8460  1 15   24.5530    0.0000    0.0000    0.0000    0.8660    0.6606    0.0001   -1.0000    4.9666    3.9101  0.5854E+03  0.2191E+04 -0.1388E-06 -0.3797E-08  0.1221E-08  0.1793E-08  0.7922E-02  0.8450E-02  0.0000E+00 -0.1000E+01
    8.8530  1 15   24.5520    0.0000    0.0000    0.0000    0.8663    0.6606    0.0001   -1.0000    4.9669    3.9101  0.5846E+03  0.2191E+04 -0.1388E-06 -0.3797E-08  0.1226E-08  0.1793E-08  0.7953E-02  0.8450E-02  0.0000E+00 -0.1000E+01
    8.8600  1 15   24.5510    0.0000    0.0000    0.0000    0.8665    0.6606    0.0001   -1.0000    4.9672    3.9101  0.5839E+03  0.2191E+04 -0.1388E-06 -0.3797E-08  0.1231E-08  0.1793E-08  0.7983E-02  0.8450E-02  0.0000E+00 -0.1000E+01
    8.8670  1 15   24.5501    0.0000    0.0000    0.0000    0.8667    0.6606    0.0001   -1.0000    4.9675    3.9101  0.5831E+03  0.2191E+04 -0.1397E-06 -0.3797E-08  0.1235E-08  0.1793E-08  0.7992E-02  0.8450E-02  0.0000E+00 -0.1000E+01
    8.8740  1 15   24.5491    0.0000    0.0000    0.0000    0.8670    0.6606    0.0001   -1.0000    4.9678    3.9101  0.5824E+03  0.2191E+04 -0.1408E-06 -0.3797E-08  0.1240E-08  0.1793E-08  0.7993E-02  0.8450E-02  0.0000E+00 -0.1000E+01
    8.8810  1 15   24.5481    0.0000    0.0000    0.0000    0.8672    0.6606    0.0001   -1.0000    4.9681    3.9101  0.5816E+03  0.2191E+04 -0.1411E-06 -0.3797E-08  0.1245E-08  0.1793E-08  0.7994E-02  0.8450E-02  0.0000E+00 -0.1000E+01
    8.8880  1 15   24.5471    0.0000    0.0000    0.0000    0.8674    0.6606    0.0001   -1.0000    4.9684    3.9101  0.5809E+03  0.2191E+04 -0.1411E-06 -0.3797E-08  0.1250E-08  0.1793E-08  0.7995E-02  0.8450E-02  0.0000E+00 -0.1000E+01
    8.8950  1 15   24.5461    0.0000    0.0000    0.0000    0.8677    0.6606    0.0001   -1.0000    4.9687    3.9101  0.5801E+03  0.2191E+04 -0.1411E-06 -0.3797E-08  0.1255E-08  0.1793E-08  0.7996E-02  0.8450E-02  0.0000E+00 -0.1000E+01
    8.9021  1 15   24.5451    0.0000    0.0000    0.0000    0.8679    0.6606    0.0001   -1.0000    4.9690    3.9101  0.5793E+03  0.2191E+04 -0.1411E-06 -0.3797E-08  0.1260E-08  0.1793E-08  0.7997E-02  0.8450E-02  0.0000E+00 -0.1000E+01
    8.9091  1 15   24.5441    0.0000    0.0000    0.0000    0.8681    0.6606    0.0001   -1.0000    4.9692    3.9101  0.5786E+03  0.2191E+04 -0.1412E-06 -0.3797E-08  0.1265E-08  0.1793E-08  0.8002E-02  0.8450E-02  0.0000E+00 -0.1000E+01
    8.9161  1 15   24.5431    0.0000    0.0000    0.0000    0.8684    0.6606    0.0001   -1.0000    4.9695    3.9101  0.5778E+03  0.2191E+04 -0.1413E-06 -0.3797E-08  0.1270E-08  0.1793E-08  0.8010E-02  0.8450E-02  0.0000E+00 -0.1000E+01
    8.9231  1 15   24.5422    0.0000    0.0000    0.0000    0.8686    0.6606    0.0001   -1.0000    4.9698    3.9101  0.5771E+03  0.2191E+04 -0.1414E-06 -0.3797E-08  0.1275E-08  0.1793E-08  0.8017E-02  0.8450E-02  0.0000E+00 -0.1000E+01
    8.9301  1 15   24.5412    0.0000    0.0000    0.0000    0.8688    0.6606    0.0001   -1.0000    4.9701    3.9101  0.5763E+03  0.2191E+04 -0.1414E-06 -0.3797E-08  0.1280E-08  0.1793E-08  0.8024E-02  0.8450E-02  0.0000E+00 -0.1000E+01
    8.9371  1 15   24.5402    0.0000    0.0000    0.0000    0.8691    0.6606    0.0001   -1.0000    4.9704    3.9101  0.5756E+03  0.2191E+04 -0.1414E-06 -0.3797E-08  0.1285E-08  0.1793E-08  0.8032E-02  0.8450E-02  0.0000E+00 -0.1000E+01
    8.9441  1 15   24.5392    0.0000    0.0000    0.0000    0.8693    0.6606    0.0001   -1.0000    4.9707    3.9101  0.5748E+03  0.2191E+04 -0.1414E-06 -0.3797E-08  0.1289E-08  0.1793E-08  0.8039E-02  0.8450E-02  0.0000E+00 -0.1000E+01
    8.9511  1 15   24.5382    0.0000    0.0000    0.0000    0.8695    0.6606    0.0001   -1.0000    4.9710    3.9101  0.5741E+03  0.2191E+04 -0.1418E-06 -0.3797E-08  0.1294E-08  0.1793E-08  0.8058E-02  0.8450E-02  0.0000E+00 -0.1000E+01
    8.9581  1 15   24.5372    0.0000    0.0000    0.0000    0.8698    0.6606    0.0001   -1.0000    4.9713    3.9101  0.5733E+03  0.2191E+04 -0.1427E-06 -0.3797E-08  0.1299E-08  0.1793E-08  0.8095E-02  0.8450E-02  0.0000E+00 -0.1000E+01
    8.9651  1 15   24.5362    0.0000    0.0000    0.0000    0.8700    0.6606    0.0001   -1.0000    4.9716    3.9101  0.5725E+03  0.2191E+04 -0.1433E-06 -0.3797E-08  0.1304E-08  0.1793E-08  0.8131E-02  0.8450E-02  0.0000E+00 -0.1000E+01
    8.9721  1 15   24.5352    0.0000    0.0000    0.0000    0.8703    0.6606    0.0001   -1.0000    4.9719    3.9101  0.5718E+03  0.2191E+04 -0.1433E-06 -0.3797E-08  0.1309E-08  0.1793E-08  0.8167E-02  0.8450E-02  0.0000E+00 -0.1000E+01
    8.9791  1 15   24.5342    0.0000    0.0000    0.0000    0.8705    0.6606    0.0001   -1.0000    4.9722    3.9101  0.5710E+03  0.2191E+04 -0.1433E-06 -0.3797E-08  0.1314E-08  0.1793E-08  0.8204E-02  0.8450E-02  0.0000E+00 -0.1000E+01
    8.9861  1 15   24.5332    0.0000    0.0000    0.0000    0.8707    0.6606    0.0001   -1.0000    4.9725    3.9101  0.5703E+03  0.2191E+04 -0.1433E-06 -0.3797E-08  0.1319E-08  0.1793E-08  0.8240E-02  0.8450E-02  0.0000E+00 -0.1000E+01
    8.9931  1 15   24.5322    0.0000    0.0000    0.0000    0.8710    0.6606    0.0001   -1.0000    4.9728    3.9101  0.5695E+03  0.2191E+04 -0.1433E-06 -0.3797E-08  0.1324E-08  0.1793E-08  0.8277E-02  0.8450E-02  0.0000E+00 -0.1000E+01
    9.0001  1 15   24.5312    0.0000    0.0000    0.0000    0.8712    0.6606    0.0001   -1.0000    4.9731    3.9101  0.5688E+03  0.2191E+04 -0.1437E-06 -0.3797E-08  0.1329E-08  0.1793E-08  0.8313E-02  0.8450E-02  0.0000E+00 -0.1000E+01
    9.0072  1 15   24.5301    0.0000    0.0000    0.0000    0.8714    0.6606    0.0001   -1.0000    4.9734    3.9101  0.5680E+03  0.2191E+04 -0.1442E-06 -0.3797E-08  0.1334E-08  0.1793E-08  0.8349E-02  0.8450E-02  0.0000E+00 -0.1000E+01
    9.0142  1 15   24.5291    0.0000    0.0000    0.0000    0.8717    0.6606    0.0001   -1.0000    4.9737    3.9101  0.5673E+03  0.2191E+04 -0.1443E-06 -0.3797E-08  0.1339E-08  0.1793E-08  0.8386E-02  0.8450E-02  0.0000E+00 -0.1000E+01
    9.0212  1 15   24.5281    0.0000    0.0000    0.0000    0.8719    0.6606    0.0001   -1.0000    4.9740    3.9101  0.5665E+03  0.2191E+04 -0.1443E-06 -0.3797E-08  0.1344E-08  0.1793E-08  0.8422E-02  0.8450E-02  0.0000E+00 -0.1000E+01
    9.0282  1 15   24.5271    0.0000    0.0000    0.0000    0.8721    0.6606    0.0001   -1.0000    4.9743    3.9101  0.5658E+03  0.2191E+04 -0.1443E-06 -0.3797E-08  0.1349E-08  0.1793E-08  0.8458E-02  0.8450E-02  0.0000E+00 -0.1000E+01
    9.0352  1 15   24.5261    0.0000    0.0000    0.0000    0.8724    0.6606    0.0001   -1.0000    4.9746    3.9101  0.5650E+03  0.2191E+04 -0.1443E-06 -0.3797E-08  0.1354E-08  0.1793E-08  0.8494E-02  0.8450E-02  0.0000E+00 -0.1000E+01
    9.0422  1 15   24.5251    0.0000    0.0000    0.0000    0.8726    0.6606    0.0001   -1.0000    4.9749    3.9101  0.5643E+03  0.2191E+04 -0.1445E-06 -0.3797E-08  0.1359E-08  0.1793E-08  0.8529E-02  0.8450E-02  0.0000E+00 -0.1000E+01
    9.0492  1 15   24.5241    0.0000    0.0000    0.0000    0.8729    0.6606    0.0001   -1.0000    4.9752    3.9101  0.5635E+03  0.2191E+04 -0.1451E-06 -0.3797E-08  0.1364E-08  0.1793E-08  0.8562E-02  0.8450E-02  0.0000E+00 -0.1000E+01
    9.0562  1 15   24.5231    0.0000    0.0000    0.0000    0.8731    0.6606    0.0001   -1.0000    4.9755    3.9101  0.5628E+03  0.2191E+04 -0.1455E-06 -0.3797E-08  0.1369E-08  0.1793E-08  0.8594E-02  0.8450E-02  0.0000E+00 -0.1000E+01
    9.0632  1 15   24.5220    0.0000    0.0000    0.0000    0.8733    0.6606    0.0001   -1.0000    4.9758    3.9101  0.5620E+03  0.2191E+04 -0.1455E-06 -0.3797E-08  0.1375E-08  0.1793E-08  0.8627E-02  0.8450E-02  0.0000E+00 -0.1000E+01
    9.0702  1 15   24.5210    0.0000    0.0000    0.0000    0.8736    0.6606    0.0001   -1.0000    4.9761    3.9101  0.5613E+03  0.2191E+04 -0.1455E-06 -0.3797E-08  0.1380E-08  0.1793E-08  0.8659E-02  0.8450E-02  0.0000E+00 -0.1000E+01
    9.0772  1 15   24.5200    0.0000    0.0000    0.0000    0.8738    0.6606    0.0001   -1.0000    4.9764    3.9101  0.5605E+03  0.2191E+04 -0.1455E-06 -0.3797E-08  0.1385E-08  0.1793E-08  0.8691E-02  0.8450E-02  0.0000E+00 -0.1000E+01
    9.0842  1 15   24.5190    0.0000    0.0000    0.0000    0.8741    0.6606    0.0001   -1.0000    4.9767    3.9101  0.5598E+03  0.2191E+04 -0.1455E-06 -0.3797E-08  0.1390E-08  0.1793E-08  0.8724E-02  0.8450E-02  0.0000E+00 -0.1000E+01
    9.0912  1 15   24.5180    0.0000    0.0000    0.0000    0.8743    0.6606    0.0001   -1.0000    4.9770    3.9101  0.5590E+03  0.2191E+04 -0.1460E-06 -0.3797E-08  0.1395E-08  0.1793E-08  0.8754E-02  0.8450E-02  0.0000E+00 -0.1000E+01
    9.0982  1 15   24.5169    0.0000    0.0000    0.0000    0.8745    0.6606    0.0001   -1.0000    4.9773    3.9101  0.5583E+03  0.2191E+04 -0.1470E-06 -0.3797E-08  0.1401E-08  0.1793E-08  0.8782E-02  0.8450E-02  0.0000E+00 -0.1000E+01
    9.1052  1 15   24.5159    0.0000    0.0000    0.0000    0.8748    0.6606    0.0001   -1.0000    4.9776    3.9101  0.5575E+03  0.2191E+04 -0.1474E-06 -0.3797E-08  0.1406E-08  0.1793E-08  0.8810E-02  0.8450E-02  0.0000E+00 -0.1000E+01
    9.1123  1 15   24.5149    0.0000    0.0000    0.0000    0.8750    0.6606    0.0001   -1.0000    4.9779    3.9101  0.5568E+03  0.2191E+04 -0.1474E-06 -0.3797E-08  0.1411E-08  0.1793E-08  0.8838E-02  0.8450E-02  0.0000E+00 -0.1000E+01
    9.1193  1 15   24.5138    0.0000    0.0000    0.0000    0.8753    0.6606    0.0001   -1.0000    4.9782    3.9101  0.5560E+03  0.2191E+04 -0.1474E-06 -0.3797E-08  0.1417E-08  0.1793E-08  0.8867E-02  0.8450E-02  0.0000E+00 -0.1000E+01
    9.1263  1 15   24.5128    0.0000    0.0000    0.0000    0.8755    0.6606    0.0001   -1.0000    4.9785    3.9101  0.5553E+03  0.2191E+04 -0.1474E-06 -0.3797E-08  0.1422E-08  0.1793E-08  0.8895E-02  0.8450E-02  0.0000E+00 -0.1000E+01
    9.1333  1 15   24.5118    0.0000    0.0000    0.0000    0.8757    0.6606    0.0001   -1.0000    4.9788    3.9101  0.5545E+03  0.2191E+04 -0.1474E-06 -0.3797E-08  0.1427E-08  0.1793E-08  0.8923E-02  0.8450E-02  0.0000E+00 -0.1000E+01
    9.1403  1 15   24.5107    0.0000    0.0000    0.0000    0.8760    0.6606    0.0001   -1.0000    4.9791    3.9101  0.5538E+03  0.2191E+04 -0.1476E-06 -0.3797E-08  0.1433E-08  0.1793E-08  0.8955E-02  0.8450E-02  0.0000E+00 -0.1000E+01
    9.1473  1 15   24.5097    0.0000    0.0000    0.0000    0.8762    0.6606    0.0001   -1.0000    4.9794    3.9101  0.5530E+03  0.2191E+04 -0.1480E-06 -0.3797E-08  0.1438E-08  0.1793E-08  0.8991E-02  0.8450E-02  0.0000E+00 -0.1000E+01
    9.1543  1 15   24.5086    0.0000    0.0000    0.0000    0.8765    0.6606    0.0001   -1.0000    4.9797    3.9101  0.5523E+03  0.2191E+04 -0.1483E-06 -0.3797E-08  0.1444E-08  0.1793E-08  0.9027E-02  0.8450E-02  0.0000E+00 -0.1000E+01
    9.1613  1 15   24.5076    0.0000    0.0000    0.0000    0.8767    0.6606    0.0001   -1.0000    4.9800    3.9101  0.5515E+03  0.2191E+04 -0.1483E-06 -0.3797E-08  0.1449E-08  0.1793E-08  0.9063E-02  0.8450E-02  0.0000E+00 -0.1000E+01
    9.1683  1 15   24.5066    0.0000    0.0000    0.0000    0.8769    0.6606    0.0001   -1.0000    4.9803    3.9101  0.5508E+03  0.2191E+04 -0.1483E-06 -0.3797E-08  0.1455E-08  0.1793E-08  0.9099E-02  0.8450E-02  0.0000E+00 -0.1000E+01
    9.1753  1 15   24.5055    0.0000    0.0000    0.0000    0.8772    0.6606    0.0001   -1.0000    4.9806    3.9101  0.5500E+03  0.2191E+04 -0.1483E-06 -0.3797E-08  0.1460E-08  0.1793E-08  0.9136E-02  0.8450E-02  0.0000E+00 -0.1000E+01
    9.1823  1 15   24.5045    0.0000    0.0000    0.0000    0.8774    0.6606    0.0001   -1.0000    4.9809    3.9101  0.5493E+03  0.2191E+04 -0.1483E-06 -0.3797E-08  0.1466E-08  0.1793E-08  0.9172E-02  0.8450E-02  0.0000E+00 -0.1000E+01
    9.1893  1 15   24.5035    0.0000    0.0000    0.0000    0.8777    0.6606    0.0001   -1.0000    4.9812    3.9101  0.5486E+03  0.2191E+04 -0.1485E-06 -0.3797E-08  0.1471E-08  0.1793E-08  0.9208E-02  0.8450E-02  0.0000E+00 -0.1000E+01
    9.1963  1 15   24.5024    0.0000    0.0000    0.0000    0.8779    0.6606    0.0001   -1.0000    4.9815    3.9101  0.5478E+03  0.2191E+04 -0.1495E-06 -0.3797E-08  0.1477E-08  0.1793E-08  0.9243E-02  0.8450E-02  0.0000E+00 -0.1000E+01
    9.2033  1 15   24.5014    0.0000    0.0000    0.0000    0.8782    0.6606    0.0001   -1.0000    4.9818    3.9101  0.5471E+03  0.2191E+04 -0.1502E-06 -0.3797E-08  0.1483E-08  0.1793E-08  0.9278E-02  0.8450E-02  0.0000E+00 -0.1000E+01
    9.2103  1 15   24.5003    0.0000    0.0000    0.0000    0.8784    0.6606    0.0001   -1.0000    4.9821    3.9101  0.5463E+03  0.2191E+04 -0.1502E-06 -0.3797E-08  0.1488E-08  0.1793E-08  0.9314E-02  0.8450E-02  0.0000E+00 -0.1000E+01
    9.2173  1 15   24.4992    0.0000    0.0000    0.0000    0.8787    0.6606    0.0001   -1.0000    4.9824    3.9101  0.5456E+03  0.2191E+04 -0.1502E-06 -0.3797E-08  0.1494E-08  0.1793E-08  0.9349E-02  0.8450E-02  0.0000E+00 -0.1000E+01
    9.2244  1 15   24.4982    0.0000    0.0000    0.0000    0.8789    0.6606    0.0001   -1.0000    4.9827    3.9101  0.5448E+03  0.2191E+04 -0.1502E-06 -0.3797E-08  0.1500E-08  0.1793E-08  0.9385E-02  0.8450E-02  0.0000E+00 -0.1000E+01
    9.2314  1 15   24.4971    0.0000    0.0000    0.0000    0.8791    0.6606    0.0001   -1.0000    4.9830    3.9101  0.5441E+03  0.2191E+04 -0.1502E-06 -0.3797E-08  0.1505E-08  0.1793E-08  0.9420E-02  0.8450E-02  0.0000E+00 -0.1000E+01
    9.2384  1 15   24.4961    0.0000    0.0000    0.0000    0.8794    0.6606    0.0001   -1.0000    4.9833    3.9101  0.5433E+03  0.2191E+04 -0.1502E-06 -0.3797E-08  0.1511E-08  0.1793E-08  0.9456E-02  0.8450E-02  0.0000E+00 -0.1000E+01
    9.2454  1 15   24.4950    0.0000    0.0000    0.0000    0.8796    0.6606    0.0001   -1.0000    4.9836    3.9101  0.5426E+03  0.2191E+04 -0.1509E-06 -0.3797E-08  0.1517E-08  0.1793E-08  0.9471E-02  0.8450E-02  0.0000E+00 -0.1000E+01
    9.2524  1 15   24.4940    0.0000    0.0000    0.0000    0.8799    0.6606    0.0001   -1.0000    4.9839    3.9101  0.5418E+03  0.2191E+04 -0.1518E-06 -0.3797E-08  0.1523E-08  0.1793E-08  0.9482E-02  0.8450E-02  0.0000E+00 -0.1000E+01
    9.2594  1 15   24.4929    0.0000    0.0000    0.0000    0.8801    0.6606    0.0001   -1.0000    4.9842    3.9101  0.5411E+03  0.2191E+04 -0.1520E-06 -0.3797E-08  0.1528E-08  0.1793E-08  0.9492E-02  0.8450E-02  0.0000E+00 -0.1000E+01
    9.2664  1 15   24.4918    0.0000    0.0000    0.0000    0.8804    0.6606    0.0001   -1.0000    4.9845    3.9101  0.5403E+03  0.2191E+04 -0.1520E-06 -0.3797E-08  0.1534E-08  0.1793E-08  0.9503E-02  0.8450E-02  0.0000E+00 -0.1000E+01
    9.2734  1 15   24.4908    0.0000    0.0000    0.0000    0.8806    0.6606    0.0001   -1.0000    4.9848    3.9101  0.5396E+03  0.2191E+04 -0.1520E-06 -0.3797E-08  0.1540E-08  0.1793E-08  0.9514E-02  0.8450E-02  0.0000E+00 -0.1000E+01
    9.2804  1 15   24.4897    0.0000    0.0000    0.0000    0.8809    0.6606    0.0001   -1.0000    4.9851    3.9101  0.5388E+03  0.2191E+04 -0.1520E-06 -0.3797E-08  0.1546E-08  0.1793E-08  0.9524E-02  0.8450E-02  0.0000E+00 -0.1000E+01
    9.2874  1 15   24.4886    0.0000    0.0000    0.0000    0.8811    0.6606    0.0001   -1.0000    4.9854    3.9101  0.5381E+03  0.2191E+04 -0.1520E-06 -0.3797E-08  0.1552E-08  0.1793E-08  0.9535E-02  0.8450E-02  0.0000E+00 -0.1000E+01
    9.2944  1 15   24.4876    0.0000    0.0000    0.0000    0.8814    0.6606    0.0001   -1.0000    4.9857    3.9101  0.5374E+03  0.2191E+04 -0.1521E-06 -0.3797E-08  0.1558E-08  0.1793E-08  0.9546E-02  0.8450E-02  0.0000E+00 -0.1000E+01
    9.3014  1 15   24.4865    0.0000    0.0000    0.0000    0.8816    0.6606    0.0001   -1.0000    4.9860    3.9101  0.5366E+03  0.2191E+04 -0.1527E-06 -0.3797E-08  0.1564E-08  0.1793E-08  0.9554E-02  0.8450E-02  0.0000E+00 -0.1000E+01
    9.3084  1 15   24.4854    0.0000    0.0000    0.0000    0.8818    0.6606    0.0001   -1.0000    4.9864    3.9101  0.5359E+03  0.2191E+04 -0.1532E-06 -0.3797E-08  0.1570E-08  0.1793E-08  0.9562E-02  0.8450E-02  0.0000E+00 -0.1000E+01
    9.3154  1 15   24.4844    0.0000    0.0000    0.0000    0.8821    0.6606    0.0001   -1.0000    4.9867    3.9101  0.5351E+03  0.2191E+04 -0.1532E-06 -0.3797E-08  0.1576E-08  0.1793E-08  0.9571E-02  0.8450E-02  0.0000E+00 -0.1000E+01
    9.3224  1 15   24.4833    0.0000    0.0000    0.0000    0.8823    0.6606    0.0001   -1.0000    4.9870    3.9101  0.5344E+03  0.2191E+04 -0.1532E-06 -0.3797E-08  0.1582E-08  0.1793E-08  0.9579E-02  0.8450E-02  0.0000E+00 -0.1000E+01
    9.3295  1 15   24.4822    0.0000    0.0000    0.0000    0.8826    0.6606    0.0001   -1.0000    4.9873    3.9101  0.5336E+03  0.2191E+04 -0.1532E-06 -0.3797E-08  0.1588E-08  0.1793E-08  0.9587E-02  0.8450E-02  0.0000E+00 -0.1000E+01
    9.3365  1 15   24.4811    0.0000    0.0000    0.0000    0.8828    0.6606    0.0001   -1.0000    4.9876    3.9101  0.5329E+03  0.2191E+04 -0.1532E-06 -0.3797E-08  0.1594E-08  0.1793E-08  0.9596E-02  0.8450E-02  0.0000E+00 -0.1000E+01
    9.3435  1 15   24.4801    0.0000    0.0000    0.0000    0.8831    0.6606    0.0001   -1.0000    4.9879    3.9101  0.5322E+03  0.2191E+04 -0.1532E-06 -0.3797E-08  0.1600E-08  0.1793E-08  0.9604E-02  0.8450E-02  0.0000E+00 -0.1000E+01
    9.3505  1 15   24.4790    0.0000    0.0000    0.0000    0.8833    0.6606    0.0001   -1.0000    4.9882    3.9101  0.5314E+03  0.2191E+04 -0.1535E-06 -0.3797E-08  0.1606E-08  0.1793E-08  0.9620E-02  0.8450E-02  0.0000E+00 -0.1000E+01
    9.3575  1 15   24.4779    0.0000    0.0000    0.0000    0.8836    0.6606    0.0001   -1.0000    4.9885    3.9101  0.5307E+03  0.2191E+04 -0.1544E-06 -0.3797E-08  0.1612E-08  0.1793E-08  0.9653E-02  0.8450E-02  0.0000E+00 -0.1000E+01
    9.3645  1 15   24.4768    0.0000    0.0000    0.0000    0.8838    0.6606    0.0001   -1.0000    4.9888    3.9101  0.5299E+03  0.2191E+04 -0.1550E-06 -0.3797E-08  0.1619E-08  0.1793E-08  0.9686E-02  0.8450E-02  0.0000E+00 -0.1000E+01
    9.3715  1 15   24.4757    0.0000    0.0000    0.0000    0.8841    0.6606    0.0001   -1.0000    4.9891    3.9101  0.5292E+03  0.2191E+04 -0.1550E-06 -0.3797E-08  0.1625E-08  0.1793E-08  0.9719E-02  0.8450E-02  0.0000E+00 -0.1000E+01
    9.3785  1 15   24.4747    0.0000    0.0000    0.0000    0.8843    0.6606    0.0001   -1.0000    4.9894    3.9101  0.5284E+03  0.2191E+04 -0.1550E-06 -0.3797E-08  0.1631E-08  0.1793E-08  0.9752E-02  0.8450E-02  0.0000E+00 -0.1000E+01
    9.3855  1 15   24.4736    0.0000    0.0000    0.0000    0.8846    0.6606    0.0001   -1.0000    4.9897    3.9101  0.5277E+03  0.2191E+04 -0.1550E-06 -0.3797E-08  0.1637E-08  0.1793E-08  0.9785E-02  0.8450E-02  0.0000E+00 -0.1000E+01
    9.3925  1 15   24.4725    0.0000    0.0000    0.0000    0.8848    0.6606    0.0001   -1.0000    4.9900    3.9101  0.5270E+03  0.2191E+04 -0.1550E-06 -0.3797E-08  0.1644E-08  0.1793E-08  0.9818E-02  0.8450E-02  0.0000E+00 -0.1000E+01
    9.3995  1 15   24.4714    0.0000    0.0000    0.0000    0.8851    0.6606    0.0001   -1.0000    4.9903    3.9101  0.5262E+03  0.2191E+04 -0.1550E-06 -0.3797E-08  0.1650E-08  0.1793E-08  0.9851E-02  0.8450E-02  0.0000E+00 -0.1000E+01
    9.4065  1 15   24.4703    0.0000    0.0000    0.0000    0.8853    0.6606    0.0001   -1.0000    4.9906    3.9101  0.5255E+03  0.2191E+04 -0.1552E-06 -0.3797E-08  0.1656E-08  0.1793E-08  0.9878E-02  0.8450E-02  0.0000E+00 -0.1000E+01
    9.4135  1 15   24.4692    0.0000    0.0000    0.0000    0.8856    0.6606    0.0001   -1.0000    4.9910    3.9101  0.5247E+03  0.2191E+04 -0.1564E-06 -0.3797E-08  0.1663E-08  0.1793E-08  0.9881E-02  0.8450E-02  0.0000E+00 -0.1000E+01
    9.4205  1 15   24.4681    0.0000    0.0000    0.0000    0.8858    0.6606    0.0001   -1.0000    4.9913    3.9101  0.5240E+03  0.2191E+04 -0.1573E-06 -0.3797E-08  0.1669E-08  0.1793E-08  0.9884E-02  0.8450E-02  0.0000E+00 -0.1000E+01
    9.4275  1 15   24.4670    0.0000    0.0000    0.0000    0.8861    0.6606    0.0001   -1.0000    4.9916    3.9101  0.5232E+03  0.2191E+04 -0.1573E-06 -0.3797E-08  0.1676E-08  0.1793E-08  0.9887E-02  0.8450E-02  0.0000E+00 -0.1000E+01
    9.4346  1 15   24.4659    0.0000    0.0000    0.0000    0.8864    0.6606    0.0001   -1.0000    4.9919    3.9101  0.5225E+03  0.2191E+04 -0.1573E-06 -0.3797E-08  0.1682E-08  0.1793E-08  0.9890E-02  0.8450E-02  0.0000E+00 -0.1000E+01
    9.4416  1 15   24.4648    0.0000    0.0000    0.0000    0.8866    0.6606    0.0001   -1.0000    4.9922    3.9101  0.5217E+03  0.2191E+04 -0.1573E-06 -0.3797E-08  0.1689E-08  0.1793E-08  0.9893E-02  0.8450E-02  0.0000E+00 -0.1000E+01
    9.4486  1 15   24.4637    0.0000    0.0000    0.0000    0.8869    0.6606    0.0001   -1.0000    4.9925    3.9101  0.5210E+03  0.2191E+04 -0.1573E-06 -0.3797E-08  0.1695E-08  0.1793E-08  0.9896E-02  0.8450E-02  0.0000E+00 -0.1000E+01
    9.4556  1 15   24.4626    0.0000    0.0000    0.0000    0.8871    0.6606    0.0001   -1.0000    4.9928    3.9101  0.5203E+03  0.2191E+04 -0.1573E-06 -0.3797E-08  0.1702E-08  0.1793E-08  0.9899E-02  0.8450E-02  0.0000E+00 -0.1000E+01
    9.4626  1 15   24.4615    0.0000    0.0000    0.0000    0.8874    0.6606    0.0001   -1.0000    4.9931    3.9101  0.5195E+03  0.2191E+04 -0.1573E-06 -0.3797E-08  0.1708E-08  0.1793E-08  0.9902E-02  0.8450E-02  0.0000E+00 -0.1000E+01
    9.4696  1 15   24.4604    0.0000    0.0000    0.0000    0.8876    0.6606    0.0001   -1.0000    4.9934    3.9101  0.5188E+03  0.2191E+04 -0.1580E-06 -0.3797E-08  0.1715E-08  0.1793E-08  0.9939E-02  0.8450E-02  0.0000E+00 -0.1000E+01
    9.4766  1 15   24.4593    0.0000    0.0000    0.0000    0.8879    0.6606    0.0001   -1.0000    4.9937    3.9101  0.5180E+03  0.2191E+04 -0.1589E-06 -0.3797E-08  0.1722E-08  0.1793E-08  0.9982E-02  0.8450E-02  0.0000E+00 -0.1000E+01
    9.4836  1 15   24.4582    0.0000    0.0000    0.0000    0.8881    0.6606    0.0001   -1.0000    4.9941    3.9101  0.5173E+03  0.2191E+04 -0.1590E-06 -0.3797E-08  0.1729E-08  0.1793E-08  0.1003E-01  0.8450E-02  0.0000E+00 -0.1000E+01
    9.4906  1 15   24.4570    0.0000    0.0000    0.0000    0.8884    0.6606    0.0001   -1.0000    4.9944    3.9101  0.5165E+03  0.2191E+04 -0.1590E-06 -0.3797E-08  0.1736E-08  0.1793E-08  0.1007E-01  0.8450E-02  0.0000E+00 -0.1000E+01
    9.4976  1 15   24.4559    0.0000    0.0000    0.0000    0.8887    0.6606    0.0001   -1.0000    4.9947    3.9101  0.5158E+03  0.2191E+04 -0.1590E-06 -0.3797E-08  0.1743E-08  0.1793E-08  0.1011E-01  0.8450E-02  0.0000E+00 -0.1000E+01
    9.5046  1 15   24.4548    0.0000    0.0000    0.0000    0.8889    0.6606    0.0001   -1.0000    4.9950    3.9101  0.5151E+03  0.2191E+04 -0.1590E-06 -0.3797E-08  0.1749E-08  0.1793E-08  0.1016E-01  0.8450E-02  0.0000E+00 -0.1000E+01
    9.5116  1 15   24.4537    0.0000    0.0000    0.0000    0.8892    0.6606    0.0001   -1.0000    4.9953    3.9101  0.5143E+03  0.2191E+04 -0.1590E-06 -0.3797E-08  0.1756E-08  0.1793E-08  0.1020E-01  0.8450E-02  0.0000E+00 -0.1000E+01
    9.5186  1 15   24.4526    0.0000    0.0000    0.0000    0.8894    0.6606    0.0001   -1.0000    4.9956    3.9101  0.5136E+03  0.2191E+04 -0.1590E-06 -0.3797E-08  0.1763E-08  0.1793E-08  0.1024E-01  0.8450E-02  0.0000E+00 -0.1000E+01
    9.5256  1 15   24.4515    0.0000    0.0000    0.0000    0.8897    0.6606    0.0001   -1.0000    4.9959    3.9101  0.5128E+03  0.2191E+04 -0.1593E-06 -0.3797E-08  0.1770E-08  0.1793E-08  0.1029E-01  0.8450E-02  0.0000E+00 -0.1000E+01
    9.5326  1 15   24.4504    0.0000    0.0000    0.0000    0.8899    0.6606    0.0001   -1.0000    4.9962    3.9101  0.5121E+03  0.2191E+04 -0.1602E-06 -0.3797E-08  0.1777E-08  0.1793E-08  0.1034E-01  0.8450E-02  0.0000E+00 -0.1000E+01
    9.5396  1 15   24.4492    0.0000    0.0000    0.0000    0.8902    0.6606    0.0001   -1.0000    4.9965    3.9101  0.5113E+03  0.2191E+04 -0.1609E-06 -0.3797E-08  0.1785E-08  0.1793E-08  0.1040E-01  0.8450E-02  0.0000E+00 -0.1000E+01
    9.5467  1 15   24.4481    0.0000    0.0000    0.0000    0.8905    0.6606    0.0001   -1.0000    4.9969    3.9101  0.5106E+03  0.2191E+04 -0.1609E-06 -0.3797E-08  0.1792E-08  0.1793E-08  0.1046E-01  0.8450E-02  0.0000E+00 -0.1000E+01
    9.5537  1 15   24.4470    0.0000    0.0000    0.0000    0.8907    0.6606    0.0001   -1.0000    4.9972    3.9101  0.5099E+03  0.2191E+04 -0.1609E-06 -0.3797E-08  0.1799E-08  0.1793E-08  0.1051E-01  0.8450E-02  0.0000E+00 -0.1000E+01
    9.5607  1 15   24.4458    0.0000    0.0000    0.0000    0.8910    0.6606    0.0001   -1.0000    4.9975    3.9101  0.5091E+03  0.2191E+04 -0.1609E-06 -0.3797E-08  0.1806E-08  0.1793E-08  0.1057E-01  0.8450E-02  0.0000E+00 -0.1000E+01
    9.5677  1 15   24.4447    0.0000    0.0000    0.0000    0.8912    0.6606    0.0001   -1.0000    4.9978    3.9101  0.5084E+03  0.2191E+04 -0.1609E-06 -0.3797E-08  0.1813E-08  0.1793E-08  0.1062E-01  0.8450E-02  0.0000E+00 -0.1000E+01
    9.5747  1 15   24.4436    0.0000    0.0000    0.0000    0.8915    0.6606    0.0001   -1.0000    4.9981    3.9101  0.5076E+03  0.2191E+04 -0.1609E-06 -0.3797E-08  0.1820E-08  0.1793E-08  0.1068E-01  0.8450E-02  0.0000E+00 -0.1000E+01
    9.5817  1 15   24.4425    0.0000    0.0000    0.0000    0.8918    0.6606    0.0001   -1.0000    4.9984    3.9101  0.5069E+03  0.2191E+04 -0.1609E-06 -0.3797E-08  0.1828E-08  0.1793E-08  0.1073E-01  0.8450E-02  0.0000E+00 -0.1000E+01
    9.5887  1 15   24.4413    0.0000    0.0000    0.0000    0.8920    0.6606    0.0001   -1.0000    4.9987    3.9101  0.5062E+03  0.2191E+04 -0.1613E-06 -0.3797E-08  0.1835E-08  0.1793E-08  0.1079E-01  0.8450E-02  0.0000E+00 -0.1000E+01
    9.5957  1 15   24.4402    0.0000    0.0000    0.0000    0.8923    0.6606    0.0001   -1.0000    4.9990    3.9101  0.5054E+03  0.2191E+04 -0.1624E-06 -0.3797E-08  0.1842E-08  0.1793E-08  0.1084E-01  0.8450E-02  0.0000E+00 -0.1000E+01
    9.6027  1 15   24.4391    0.0000    0.0000    0.0000    0.8925    0.6606    0.0001   -1.0000    4.9994    3.9101  0.5047E+03  0.2191E+04 -0.1629E-06 -0.3797E-08  0.1850E-08  0.1793E-08  0.1089E-01  0.8450E-02  0.0000E+00 -0.1000E+01
    9.6097  1 15   24.4379    0.0000    0.0000    0.0000    0.8928    0.6606    0.0001   -1.0000    4.9997    3.9101  0.5039E+03  0.2191E+04 -0.1629E-06 -0.3797E-08  0.1857E-08  0.1793E-08  0.1094E-01  0.8450E-02  0.0000E+00 -0.1000E+01
    9.6167  1 15   24.4368    0.0000    0.0000    0.0000    0.8931    0.6606    0.0001   -1.0000    5.0000    3.9101  0.5032E+03  0.2191E+04 -0.1629E-06 -0.3797E-08  0.1865E-08  0.1793E-08  0.1099E-01  0.8450E-02  0.0000E+00 -0.1000E+01
    9.6237  1 15   24.4356    0.0000    0.0000    0.0000    0.8933    0.6606    0.0001   -1.0000    5.0003    3.9101  0.5024E+03  0.2191E+04 -0.1629E-06 -0.3797E-08  0.1872E-08  0.1793E-08  0.1104E-01  0.8450E-02  0.0000E+00 -0.1000E+01
    9.6307  1 15   24.4345    0.0000    0.0000    0.0000    0.8936    0.6606    0.0001   -1.0000    5.0006    3.9101  0.5017E+03  0.2191E+04 -0.1629E-06 -0.3797E-08  0.1880E-08  0.1793E-08  0.1109E-01  0.8450E-02  0.0000E+00 -0.1000E+01
    9.6377  1 15   24.4333    0.0000    0.0000    0.0000    0.8939    0.6606    0.0001   -1.0000    5.0009    3.9101  0.5009E+03  0.2191E+04 -0.1629E-06 -0.3797E-08  0.1887E-08  0.1793E-08  0.1114E-01  0.8450E-02  0.0000E+00 -0.1000E+01
    9.6447  1 15   24.4322    0.0000    0.0000    0.0000    0.8941    0.6606    0.0001   -1.0000    5.0012    3.9101  0.5002E+03  0.2191E+04 -0.1629E-06 -0.3797E-08  0.1895E-08  0.1793E-08  0.1120E-01  0.8450E-02  0.0000E+00 -0.1000E+01
    9.6518  1 15   24.4311    0.0000    0.0000    0.0000    0.8944    0.6606    0.0001   -1.0000    5.0016    3.9101  0.4995E+03  0.2191E+04 -0.1633E-06 -0.3797E-08  0.1902E-08  0.1793E-08  0.1123E-01  0.8450E-02  0.0000E+00 -0.1000E+01
    9.6588  1 15   24.4299    0.0000    0.0000    0.0000    0.8947    0.6606    0.0001   -1.0000    5.0019    3.9101  0.4987E+03  0.2191E+04 -0.1644E-06 -0.3797E-08  0.1910E-08  0.1793E-08  0.1124E-01  0.8450E-02  0.0000E+00 -0.1000E+01
    9.6658  1 15   24.4287    0.0000    0.0000    0.0000    0.8949    0.6606    0.0001   -1.0000    5.0022    3.9101  0.4980E+03  0.2191E+04 -0.1651E-06 -0.3797E-08  0.1918E-08  0.1793E-08  0.1125E-01  0.8450E-02  0.0000E+00 -0.1000E+01
    9.6728  1 15   24.4276    0.0000    0.0000    0.0000    0.8952    0.6606    0.0001   -1.0000    5.0025    3.9101  0.4972E+03  0.2191E+04 -0.1651E-06 -0.3797E-08  0.1926E-08  0.1793E-08  0.1126E-01  0.8450E-02  0.0000E+00 -0.1000E+01
    9.6798  1 15   24.4264    0.0000    0.0000    0.0000    0.8955    0.6606    0.0001   -1.0000    5.0028    3.9101  0.4965E+03  0.2191E+04 -0.1651E-06 -0.3797E-08  0.1934E-08  0.1793E-08  0.1126E-01  0.8450E-02  0.0000E+00 -0.1000E+01
    9.6868  1 15   24.4253    0.0000    0.0000    0.0000    0.8957    0.6606    0.0001   -1.0000    5.0031    3.9101  0.4957E+03  0.2191E+04 -0.1651E-06 -0.3797E-08  0.1942E-08  0.1793E-08  0.1127E-01  0.8450E-02  0.0000E+00 -0.1000E+01
    9.6938  1 15   24.4241    0.0000    0.0000    0.0000    0.8960    0.6606    0.0001   -1.0000    5.0035    3.9101  0.4950E+03  0.2191E+04 -0.1651E-06 -0.3797E-08  0.1950E-08  0.1793E-08  0.1128E-01  0.8450E-02  0.0000E+00 -0.1000E+01
    9.7008  1 15   24.4230    0.0000    0.0000    0.0000    0.8963    0.6606    0.0001   -1.0000    5.0038    3.9101  0.4943E+03  0.2191E+04 -0.1651E-06 -0.3797E-08  0.1957E-08  0.1793E-08  0.1129E-01  0.8450E-02  0.0000E+00 -0.1000E+01
    9.7078  1 15   24.4218    0.0000    0.0000    0.0000    0.8965    0.6606    0.0001   -1.0000    5.0041    3.9101  0.4935E+03  0.2191E+04 -0.1651E-06 -0.3797E-08  0.1965E-08  0.1793E-08  0.1129E-01  0.8450E-02  0.0000E+00 -0.1000E+01
    9.7148  1 15   24.4207    0.0000    0.0000    0.0000    0.8968    0.6606    0.0001   -1.0000    5.0044    3.9101  0.4928E+03  0.2191E+04 -0.1651E-06 -0.3797E-08  0.1973E-08  0.1793E-08  0.1130E-01  0.8450E-02  0.0000E+00 -0.1000E+01
    9.7218  1 15   24.4195    0.0000    0.0000    0.0000    0.8971    0.6606    0.0001   -1.0000    5.0047    3.9101  0.4920E+03  0.2191E+04 -0.1663E-06 -0.3797E-08  0.1981E-08  0.1793E-08  0.1136E-01  0.8450E-02  0.0000E+00 -0.1000E+01
    9.7288  1 15   24.4183    0.0000    0.0000    0.0000    0.8973    0.6606    0.0001   -1.0000    5.0050    3.9101  0.4913E+03  0.2191E+04 -0.1674E-06 -0.3797E-08  0.1990E-08  0.1793E-08  0.1143E-01  0.8450E-02  0.0000E+00 -0.1000E+01
    9.7358  1 15   24.4171    0.0000    0.0000    0.0000    0.8976    0.6606    0.0001   -1.0000    5.0054    3.9101  0.4905E+03  0.2191E+04 -0.1674E-06 -0.3797E-08  0.1998E-08  0.1793E-08  0.1149E-01  0.8450E-02  0.0000E+00 -0.1000E+01
    9.7428  1 15   24.4160    0.0000    0.0000    0.0000    0.8979    0.6606    0.0001   -1.0000    5.0057    3.9101  0.4898E+03  0.2191E+04 -0.1674E-06 -0.3797E-08  0.2006E-08  0.1793E-08  0.1155E-01  0.8450E-02  0.0000E+00 -0.1000E+01
    9.7498  1 15   24.4148    0.0000    0.0000    0.0000    0.8981    0.6606    0.0001   -1.0000    5.0060    3.9101  0.4891E+03  0.2191E+04 -0.1674E-06 -0.3797E-08  0.2014E-08  0.1793E-08  0.1161E-01  0.8450E-02  0.0000E+00 -0.1000E+01
    9.7568  1 15   24.4136    0.0000    0.0000    0.0000    0.8984    0.6606    0.0001   -1.0000    5.0063    3.9101  0.4883E+03  0.2191E+04 -0.1674E-06 -0.3797E-08  0.2023E-08  0.1793E-08  0.1167E-01  0.8450E-02  0.0000E+00 -0.1000E+01
    9.7639  1 15   24.4124    0.0000    0.0000    0.0000    0.8987    0.6606    0.0001   -1.0000    5.0066    3.9101  0.4876E+03  0.2191E+04 -0.1674E-06 -0.3797E-08  0.2031E-08  0.1793E-08  0.1173E-01  0.8450E-02  0.0000E+00 -0.1000E+01
    9.7709  1 15   24.4113    0.0000    0.0000    0.0000    0.8989    0.6606    0.0001   -1.0000    5.0070    3.9101  0.4868E+03  0.2191E+04 -0.1674E-06 -0.3797E-08  0.2039E-08  0.1793E-08  0.1179E-01  0.8450E-02  0.0000E+00 -0.1000E+01
    9.7779  1 15   24.4101    0.0000    0.0000    0.0000    0.8992    0.6606    0.0001   -1.0000    5.0073    3.9101  0.4861E+03  0.2191E+04 -0.1674E-06 -0.3797E-08  0.2047E-08  0.1793E-08  0.1185E-01  0.8450E-02  0.0000E+00 -0.1000E+01
    9.7849  1 15   24.4089    0.0000    0.0000    0.0000    0.8995    0.6606    0.0001   -1.0000    5.0076    3.9101  0.4854E+03  0.2191E+04 -0.1679E-06 -0.3797E-08  0.2056E-08  0.1793E-08  0.1190E-01  0.8450E-02  0.0000E+00 -0.1000E+01
    9.7919  1 15   24.4077    0.0000    0.0000    0.0000    0.8998    0.6606    0.0001   -1.0000    5.0079    3.9101  0.4846E+03  0.2191E+04 -0.1691E-06 -0.3797E-08  0.2065E-08  0.1793E-08  0.1191E-01  0.8450E-02  0.0000E+00 -0.1000E+01
    9.7989  1 15   24.4065    0.0000    0.0000    0.0000    0.9000    0.6606    0.0001   -1.0000    5.0082    3.9101  0.4839E+03  0.2191E+04 -0.1699E-06 -0.3797E-08  0.2074E-08  0.1793E-08  0.1191E-01  0.8450E-02  0.0000E+00 -0.1000E+01
    9.8059  1 15   24.4054    0.0000    0.0000    0.0000    0.9003    0.6606    0.0001   -1.0000    5.0086    3.9101  0.4831E+03  0.2191E+04 -0.1699E-06 -0.3797E-08  0.2082E-08  0.1793E-08  0.1192E-01  0.8450E-02  0.0000E+00 -0.1000E+01
    9.8129  1 15   24.4042    0.0000    0.0000    0.0000    0.9006    0.6606    0.0001   -1.0000    5.0089    3.9101  0.4824E+03  0.2191E+04 -0.1699E-06 -0.3797E-08  0.2091E-08  0.1793E-08  0.1193E-01  0.8450E-02  0.0000E+00 -0.1000E+01
    9.8199  1 15   24.4030    0.0000    0.0000    0.0000    0.9009    0.6606    0.0001   -1.0000    5.0092    3.9101  0.4816E+03  0.2191E+04 -0.1699E-06 -0.3797E-08  0.2100E-08  0.1793E-08  0.1194E-01  0.8450E-02  0.0000E+00 -0.1000E+01
    9.8269  1 15   24.4018    0.0000    0.0000    0.0000    0.9011    0.6606    0.0001   -1.0000    5.0095    3.9101  0.4809E+03  0.2191E+04 -0.1699E-06 -0.3797E-08  0.2109E-08  0.1793E-08  0.1195E-01  0.8450E-02  0.0000E+00 -0.1000E+01
    9.8339  1 15   24.4006    0.0000    0.0000    0.0000    0.9014    0.6606    0.0001   -1.0000    5.0098    3.9101  0.4801E+03  0.2191E+04 -0.1699E-06 -0.3797E-08  0.2118E-08  0.1793E-08  0.1196E-01  0.8450E-02  0.0000E+00 -0.1000E+01
    9.8409  1 15   24.3994    0.0000    0.0000    0.0000    0.9017    0.6606    0.0001   -1.0000    5.0102    3.9101  0.4794E+03  0.2191E+04 -0.1699E-06 -0.3797E-08  0.2127E-08  0.1793E-08  0.1197E-01  0.8450E-02  0.0000E+00 -0.1000E+01
    9.8479  1 15   24.3982    0.0000    0.0000    0.0000    0.9020    0.6606    0.0001   -1.0000    5.0105    3.9101  0.4787E+03  0.2191E+04 -0.1699E-06 -0.3797E-08  0.2136E-08  0.1793E-08  0.1198E-01  0.8450E-02  0.0000E+00 -0.1000E+01
    9.8549  1 15   24.3970    0.0000    0.0000    0.0000    0.9022    0.6606    0.0001   -1.0000    5.0108    3.9101  0.4779E+03  0.2191E+04 -0.1705E-06 -0.3797E-08  0.2145E-08  0.1793E-08  0.1201E-01  0.8450E-02  0.0000E+00 -0.1000E+01
    9.8619  1 15   24.3958    0.0000    0.0000    0.0000    0.9025    0.6606    0.0001   -1.0000    5.0111    3.9101  0.4772E+03  0.2191E+04 -0.1718E-06 -0.3797E-08  0.2154E-08  0.1793E-08  0.1207E-01  0.8450E-02  0.0000E+00 -0.1000E+01
    9.8690  1 15   24.3946    0.0000    0.0000    0.0000    0.9028    0.6606    0.0001   -1.0000    5.0114    3.9101  0.4764E+03  0.2191E+04 -0.1724E-06 -0.3797E-08  0.2164E-08  0.1793E-08  0.1213E-01  0.8450E-02  0.0000E+00 -0.1000E+01
    9.8760  1 15   24.3934    0.0000    0.0000    0.0000    0.9031    0.6606    0.0001   -1.0000    5.0118    3.9101  0.4757E+03  0.2191E+04 -0.1724E-06 -0.3797E-08  0.2173E-08  0.1793E-08  0.1218E-01  0.8450E-02  0.0000E+00 -0.1000E+01
    9.8830  1 15   24.3922    0.0000    0.0000    0.0000    0.9034    0.6606    0.0001   -1.0000    5.0121    3.9101  0.4749E+03  0.2191E+04 -0.1724E-06 -0.3797E-08  0.2182E-08  0.1793E-08  0.1224E-01  0.8450E-02  0.0000E+00 -0.1000E+01
    9.8900  1 15   24.3910    0.0000    0.0000    0.0000    0.9036    0.6606    0.0001   -1.0000    5.0124    3.9101  0.4742E+03  0.2191E+04 -0.1724E-06 -0.3797E-08  0.2191E-08  0.1793E-08  0.1230E-01  0.8450E-02  0.0000E+00 -0.1000E+01
    9.8970  1 15   24.3898    0.0000    0.0000    0.0000    0.9039    0.6606    0.0001   -1.0000    5.0127    3.9101  0.4735E+03  0.2191E+04 -0.1724E-06 -0.3797E-08  0.2201E-08  0.1793E-08  0.1236E-01  0.8450E-02  0.0000E+00 -0.1000E+01
    9.9040  1 15   24.3886    0.0000    0.0000    0.0000    0.9042    0.6606    0.0001   -1.0000    5.0131    3.9101  0.4727E+03  0.2191E+04 -0.1724E-06 -0.3797E-08  0.2210E-08  0.1793E-08  0.1241E-01  0.8450E-02  0.0000E+00 -0.1000E+01
    9.9110  1 15   24.3874    0.0000    0.0000    0.0000    0.9045    0.6606    0.0001   -1.0000    5.0134    3.9101  0.4720E+03  0.2191E+04 -0.1724E-06 -0.3797E-08  0.2219E-08  0.1793E-08  0.1247E-01  0.8450E-02  0.0000E+00 -0.1000E+01
    9.9180  1 15   24.3862    0.0000    0.0000    0.0000    0.9048    0.6606    0.0001   -1.0000    5.0137    3.9101  0.4712E+03  0.2191E+04 -0.1724E-06 -0.3797E-08  0.2228E-08  0.1793E-08  0.1253E-01  0.8450E-02  0.0000E+00 -0.1000E+01
    9.9250  1 15   24.3849    0.0000    0.0000    0.0000    0.9050    0.6606    0.0001   -1.0000    5.0140    3.9101  0.4705E+03  0.2191E+04 -0.1728E-06 -0.3797E-08  0.2238E-08  0.1793E-08  0.1259E-01  0.8450E-02  0.0000E+00 -0.1000E+01
    9.9320  1 15   24.3837    0.0000    0.0000    0.0000    0.9053    0.6606    0.0001   -1.0000    5.0144    3.9101  0.4697E+03  0.2191E+04 -0.1742E-06 -0.3797E-08  0.2248E-08  0.1793E-08  0.1265E-01  0.8450E-02  0.0000E+00 -0.1000E+01
    9.9390  1 15   24.3825    0.0000    0.0000    0.0000    0.9056    0.6606    0.0001   -1.0000    5.0147    3.9101  0.4690E+03  0.2191E+04 -0.1751E-06 -0.3797E-08  0.2257E-08  0.1793E-08  0.1271E-01  0.8450E-02  0.0000E+00 -0.1000E+01
    9.9460  1 15   24.3813    0.0000    0.0000    0.0000    0.9059    0.6606    0.0001   -1.0000    5.0150    3.9101  0.4682E+03  0.2191E+04 -0.1751E-06 -0.3797E-08  0.2267E-08  0.1793E-08  0.1277E-01  0.8450E-02  0.0000E+00 -0.1000E+01
    9.9530  1 15   24.3800    0.0000    0.0000    0.0000    0.9062    0.6606    0.0001   -1.0000    5.0153    3.9101  0.4675E+03  0.2191E+04 -0.1751E-06 -0.3797E-08  0.2277E-08  0.1793E-08  0.1283E-01  0.8450E-02  0.0000E+00 -0.1000E+01
    9.9600  1 15   24.3788    0.0000    0.0000    0.0000    0.9065    0.6606    0.0001   -1.0000    5.0157    3.9101  0.4667E+03  0.2191E+04 -0.1751E-06 -0.3797E-08  0.2286E-08  0.1793E-08  0.1289E-01  0.8450E-02  0.0000E+00 -0.1000E+01
    9.9670  1 15   24.3776    0.0000    0.0000    0.0000    0.9067    0.6606    0.0001   -1.0000    5.0160    3.9101  0.4660E+03  0.2191E+04 -0.1751E-06 -0.3797E-08  0.2296E-08  0.1793E-08  0.1296E-01  0.8450E-02  0.0000E+00 -0.1000E+01
    9.9741  1 15   24.3764    0.0000    0.0000    0.0000    0.9070    0.6606    0.0001   -1.0000    5.0163    3.9101  0.4653E+03  0.2191E+04 -0.1751E-06 -0.3797E-08  0.2306E-08  0.1793E-08  0.1302E-01  0.8450E-02  0.0000E+00 -0.1000E+01
    9.9811  1 15   24.3751    0.0000    0.0000    0.0000    0.9073    0.6606    0.0001   -1.0000    5.0166    3.9101  0.4645E+03  0.2191E+04 -0.1751E-06 -0.3797E-08  0.2315E-08  0.1793E-08  0.1308E-01  0.8450E-02  0.0000E+00 -0.1000E+01
    9.9881  1 15   24.3739    0.0000    0.0000    0.0000    0.9076    0.6606    0.0001   -1.0000    5.0170    3.9101  0.4638E+03  0.2191E+04 -0.1751E-06 -0.3797E-08  0.2325E-08  0.1793E-08  0.1314E-01  0.8450E-02  0.0000E+00 -0.1000E+01
    9.9951  1 15   24.3727    0.0000    0.0000    0.0000    0.9079    0.6606    0.0001   -1.0000    5.0173    3.9101  0.4630E+03  0.2191E+04 -0.1751E-06 -0.3797E-08  0.2335E-08  0.1793E-08  0.1320E-01  0.8450E-02  0.0000E+00 -0.1000E+01
   10.0021  1 15   24.3714    0.0000    0.0000    0.0000    0.9082    0.6606    0.0001   -1.0000    5.0176    3.9101  0.4623E+03  0.2191E+04 -0.1762E-06 -0.3797E-08  0.2345E-08  0.1793E-08  0.1322E-01  0.8450E-02  0.0000E+00 -0.1000E+01
   10.0091  1 15   24.3702    0.0000    0.0000    0.0000    0.9085    0.6606    0.0001   -1.0000    5.0179    3.9101  0.4615E+03  0.2191E+04 -0.1776E-06 -0.3797E-08  0.2355E-08  0.1793E-08  0.1323E-01  0.8450E-02  0.0000E+00 -0.1000E+01
   10.0161  1 15   24.3690    0.0000    0.0000    0.0000    0.9088    0.6606    0.0001   -1.0000    5.0183    3.9101  0.4608E+03  0.2191E+04 -0.1779E-06 -0.3797E-08  0.2366E-08  0.1793E-08  0.1324E-01  0.8450E-02  0.0000E+00 -0.1000E+01
   10.0231  1 15   24.3677    0.0000    0.0000    0.0000    0.9090    0.6606    0.0001   -1.0000    5.0186    3.9101  0.4600E+03  0.2191E+04 -0.1779E-06 -0.3797E-08  0.2376E-08  0.1793E-08  0.1325E-01  0.8450E-02  0.0000E+00 -0.1000E+01
   10.0301  1 15   24.3665    0.0000    0.0000    0.0000    0.9093    0.6606    0.0001   -1.0000    5.0189    3.9101  0.4593E+03  0.2191E+04 -0.1779E-06 -0.3797E-08  0.2386E-08  0.1793E-08  0.1326E-01  0.8450E-02  0.0000E+00 -0.1000E+01
   10.0371  1 15   24.3652    0.0000    0.0000    0.0000    0.9096    0.6606    0.0001   -1.0000    5.0193    3.9101  0.4585E+03  0.2191E+04 -0.1779E-06 -0.3797E-08  0.2397E-08  0.1793E-08  0.1327E-01  0.8450E-02  0.0000E+00 -0.1000E+01
   10.0441  1 15   24.3640    0.0000    0.0000    0.0000    0.9099    0.6606    0.0001   -1.0000    5.0196    3.9101  0.4578E+03  0.2191E+04 -0.1779E-06 -0.3797E-08  0.2407E-08  0.1793E-08  0.1328E-01  0.8450E-02  0.0000E+00 -0.1000E+01
   10.0511  1 15   24.3627    0.0000    0.0000    0.0000    0.9102    0.6606    0.0001   -1.0000    5.0199    3.9101  0.4571E+03  0.2191E+04 -0.1779E-06 -0.3797E-08  0.2417E-08  0.1793E-08  0.1329E-01  0.8450E-02  0.0000E+00 -0.1000E+01
   10.0581  1 15   24.3615    0.0000    0.0000    0.0000    0.9105    0.6606    0.0001   -1.0000    5.0202    3.9101  0.4563E+03  0.2191E+04 -0.1779E-06 -0.3797E-08  0.2428E-08  0.1793E-08  0.1330E-01  0.8450E-02  0.0000E+00 -0.1000E+01
   10.0651  1 15   24.3602    0.0000    0.0000    0.0000    0.9108    0.6606    0.0001   -1.0000    5.0206    3.9101  0.4556E+03  0.2191E+04 -0.1779E-06 -0.3797E-08  0.2438E-08  0.1793E-08  0.1331E-01  0.8450E-02  0.0000E+00 -0.1000E+01
   10.0721  1 15   24.3590    0.0000    0.0000    0.0000    0.9111    0.6606    0.0001   -1.0000    5.0209    3.9101  0.4548E+03  0.2191E+04 -0.1779E-06 -0.3797E-08  0.2448E-08  0.1793E-08  0.1332E-01  0.8450E-02  0.0000E+00 -0.1000E+01
   10.0791  1 15   24.3577    0.0000    0.0000    0.0000    0.9114    0.6606    0.0001   -1.0000    5.0212    3.9101  0.4541E+03  0.2191E+04 -0.1794E-06 -0.3797E-08  0.2460E-08  0.1793E-08  0.1336E-01  0.8450E-02  0.0000E+00 -0.1000E+01
   10.0862  1 15   24.3565    0.0000    0.0000    0.0000    0.9117    0.6606    0.0001   -1.0000    5.0216    3.9101  0.4533E+03  0.2191E+04 -0.1808E-06 -0.3797E-08  0.2471E-08  0.1793E-08  0.1341E-01  0.8450E-02  0.0000E+00 -0.1000E+01
   10.0932  1 15   24.3552    0.0000    0.0000    0.0000    0.9120    0.6606    0.0001   -1.0000    5.0219    3.9101  0.4526E+03  0.2191E+04 -0.1808E-06 -0.3797E-08  0.2482E-08  0.1793E-08  0.1346E-01  0.8450E-02  0.0000E+00 -0.1000E+01
   10.1002  1 15   24.3539    0.0000    0.0000    0.0000    0.9123    0.6606    0.0001   -1.0000    5.0222    3.9101  0.4518E+03  0.2191E+04 -0.1808E-06 -0.3797E-08  0.2493E-08  0.1793E-08  0.1351E-01  0.8450E-02  0.0000E+00 -0.1000E+01
   10.1072  1 15   24.3527    0.0000    0.0000    0.0000    0.9126    0.6606    0.0001   -1.0000    5.0226    3.9101  0.4511E+03  0.2191E+04 -0.1808E-06 -0.3797E-08  0.2505E-08  0.1793E-08  0.1356E-01  0.8450E-02  0.0000E+00 -0.1000E+01
   10.1142  1 15   24.3514    0.0000    0.0000    0.0000    0.9129    0.6606    0.0001   -1.0000    5.0229    3.9101  0.4503E+03  0.2191E+04 -0.1808E-06 -0.3797E-08  0.2516E-08  0.1793E-08  0.1361E-01  0.8450E-02  0.0000E+00 -0.1000E+01
   10.1212  1 15   24.3501    0.0000    0.0000    0.0000    0.9132    0.6606    0.0001   -1.0000    5.0232    3.9101  0.4496E+03  0.2191E+04 -0.1808E-06 -0.3797E-08  0.2527E-08  0.1793E-08  0.1365E-01  0.8450E-02  0.0000E+00 -0.1000E+01
   10.1282  1 15   24.3489    0.0000    0.0000    0.0000    0.9134    0.6606    0.0001   -1.0000    5.0235    3.9101  0.4488E+03  0.2191E+04 -0.1808E-06 -0.3797E-08  0.2539E-08  0.1793E-08  0.1370E-01  0.8450E-02  0.0000E+00 -0.1000E+01
   10.1352  1 15   24.3476    0.0000    0.0000    0.0000    0.9137    0.6606    0.0001   -1.0000    5.0239    3.9101  0.4481E+03  0.2191E+04 -0.1808E-06 -0.3797E-08  0.2550E-08  0.1793E-08  0.1375E-01  0.8450E-02  0.0000E+00 -0.1000E+01
   10.1422  1 15   24.3463    0.0000    0.0000    0.0000    0.9140    0.6606    0.0001   -1.0000    5.0242    3.9101  0.4473E+03  0.2191E+04 -0.1808E-06 -0.3797E-08  0.2561E-08  0.1793E-08  0.1380E-01  0.8450E-02  0.0000E+00 -0.1000E+01
   10.1492  1 15   24.3451    0.0000    0.0000    0.0000    0.9143    0.6606    0.0001   -1.0000    5.0245    3.9101  0.4466E+03  0.2191E+04 -0.1808E-06 -0.3797E-08  0.2572E-08  0.1793E-08  0.1385E-01  0.8450E-02  0.0000E+00 -0.1000E+01
   10.1562  1 15   24.3438    0.0000    0.0000    0.0000    0.9146    0.6606    0.0001   -1.0000    5.0249    3.9101  0.4459E+03  0.2191E+04 -0.1822E-06 -0.3797E-08  0.2584E-08  0.1793E-08  0.1389E-01  0.8450E-02  0.0000E+00 -0.1000E+01
   10.1632  1 15   24.3425    0.0000    0.0000    0.0000    0.9149    0.6606    0.0001   -1.0000    5.0252    3.9101  0.4451E+03  0.2191E+04 -0.1837E-06 -0.3797E-08  0.2596E-08  0.1793E-08  0.1394E-01  0.8450E-02  0.0000E+00 -0.1000E+01
   10.1702  1 15   24.3412    0.0000    0.0000    0.0000    0.9152    0.6606    0.0001   -1.0000    5.0255    3.9101  0.4443E+03  0.2191E+04 -0.1838E-06 -0.3797E-08  0.2608E-08  0.1793E-08  0.1399E-01  0.8450E-02  0.0000E+00 -0.1000E+01
   10.1772  1 15   24.3399    0.0000    0.0000    0.0000    0.9155    0.6606    0.0001   -1.0000    5.0259    3.9101  0.4436E+03  0.2191E+04 -0.1838E-06 -0.3797E-08  0.2620E-08  0.1793E-08  0.1403E-01  0.8450E-02  0.0000E+00 -0.1000E+01
   10.1842  1 15   24.3386    0.0000    0.0000    0.0000    0.9158    0.6606    0.0001   -1.0000    5.0262    3.9101  0.4428E+03  0.2191E+04 -0.1838E-06 -0.3797E-08  0.2632E-08  0.1793E-08  0.1408E-01  0.8450E-02  0.0000E+00 -0.1000E+01
   10.1913  1 15   24.3373    0.0000    0.0000    0.0000    0.9162    0.6606    0.0001   -1.0000    5.0265    3.9101  0.4421E+03  0.2191E+04 -0.1838E-06 -0.3797E-08  0.2643E-08  0.1793E-08  0.1412E-01  0.8450E-02  0.0000E+00 -0.1000E+01
   10.1983  1 15   24.3361    0.0000    0.0000    0.0000    0.9165    0.6606    0.0001   -1.0000    5.0269    3.9101  0.4413E+03  0.2191E+04 -0.1838E-06 -0.3797E-08  0.2655E-08  0.1793E-08  0.1417E-01  0.8450E-02  0.0000E+00 -0.1000E+01
   10.2053  1 15   24.3348    0.0000    0.0000    0.0000    0.9168    0.6606    0.0001   -1.0000    5.0272    3.9101  0.4406E+03  0.2191E+04 -0.1838E-06 -0.3797E-08  0.2667E-08  0.1793E-08  0.1421E-01  0.8450E-02  0.0000E+00 -0.1000E+01
   10.2123  1 15   24.3335    0.0000    0.0000    0.0000    0.9171    0.6606    0.0001   -1.0000    5.0275    3.9101  0.4399E+03  0.2191E+04 -0.1838E-06 -0.3797E-08  0.2679E-08  0.1793E-08  0.1426E-01  0.8450E-02  0.0000E+00 -0.1000E+01
   10.2193  1 15   24.3322    0.0000    0.0000    0.0000    0.9174    0.6606    0.0001   -1.0000    5.0279    3.9101  0.4391E+03  0.2191E+04 -0.1838E-06 -0.3797E-08  0.2691E-08  0.1793E-08  0.1431E-01  0.8450E-02  0.0000E+00 -0.1000E+01
   10.2263  1 15   24.3309    0.0000    0.0000    0.0000    0.9177    0.6606    0.0001   -1.0000    5.0282    3.9101  0.4384E+03  0.2191E+04 -0.1838E-06 -0.3797E-08  0.2703E-08  0.1793E-08  0.1435E-01  0.8450E-02  0.0000E+00 -0.1000E+01
   10.2333  1 15   24.3296    0.0000    0.0000    0.0000    0.9180    0.6606    0.0001   -1.0000    5.0285    3.9101  0.4376E+03  0.2191E+04 -0.1845E-06 -0.3797E-08  0.2715E-08  0.1793E-08  0.1441E-01  0.8450E-02  0.0000E+00 -0.1000E+01
   10.2403  1 15   24.3283    0.0000    0.0000    0.0000    0.9183    0.6606    0.0001   -1.0000    5.0289    3.9101  0.4369E+03  0.2191E+04 -0.1861E-06 -0.3797E-08  0.2727E-08  0.1793E-08  0.1448E-01  0.8450E-02  0.0000E+00 -0.1000E+01
   10.2473  1 15   24.3270    0.0000    0.0000    0.0000    0.9186    0.6606    0.0001   -1.0000    5.0292    3.9101  0.4361E+03  0.2191E+04 -0.1869E-06 -0.3797E-08  0.2740E-08  0.1793E-08  0.1455E-01  0.8450E-02  0.0000E+00 -0.1000E+01
   10.2543  1 15   24.3257    0.0000    0.0000    0.0000    0.9189    0.6606    0.0001   -1.0000    5.0296    3.9101  0.4354E+03  0.2191E+04 -0.1869E-06 -0.3797E-08  0.2753E-08  0.1793E-08  0.1462E-01  0.8450E-02  0.0000E+00 -0.1000E+01
   10.2613  1 15   24.3244    0.0000    0.0000    0.0000    0.9192    0.6606    0.0001   -1.0000    5.0299    3.9101  0.4346E+03  0.2191E+04 -0.1869E-06 -0.3797E-08  0.2765E-08  0.1793E-08  0.1469E-01  0.8450E-02  0.0000E+00 -0.1000E+01
   10.2683  1 15   24.3231    0.0000    0.0000    0.0000    0.9195    0.6606    0.0001   -1.0000    5.0302    3.9101  0.4339E+03  0.2191E+04 -0.1869E-06 -0.3797E-08  0.2778E-08  0.1793E-08  0.1476E-01  0.8450E-02  0.0000E+00 -0.1000E+01
   10.2753  1 15   24.3218    0.0000    0.0000    0.0000    0.9198    0.6606    0.0001   -1.0000    5.0306    3.9101  0.4331E+03  0.2191E+04 -0.1869E-06 -0.3797E-08  0.2791E-08  0.1793E-08  0.1483E-01  0.8450E-02  0.0000E+00 -0.1000E+01
   10.2823  1 15   24.3205    0.0000    0.0000    0.0000    0.9201    0.6606    0.0001   -1.0000    5.0309    3.9101  0.4324E+03  0.2191E+04 -0.1869E-06 -0.3797E-08  0.2804E-08  0.1793E-08  0.1490E-01  0.8450E-02  0.0000E+00 -0.1000E+01
   10.2893  1 15   24.3192    0.0000    0.0000    0.0000    0.9204    0.6606    0.0001   -1.0000    5.0312    3.9101  0.4316E+03  0.2191E+04 -0.1869E-06 -0.3797E-08  0.2816E-08  0.1793E-08  0.1497E-01  0.8450E-02  0.0000E+00 -0.1000E+01
   10.2964  1 15   24.3178    0.0000    0.0000    0.0000    0.9208    0.6606    0.0001   -1.0000    5.0316    3.9101  0.4309E+03  0.2191E+04 -0.1869E-06 -0.3797E-08  0.2829E-08  0.1793E-08  0.1504E-01  0.8450E-02  0.0000E+00 -0.1000E+01
   10.3034  1 15   24.3165    0.0000    0.0000    0.0000    0.9211    0.6606    0.0001   -1.0000    5.0319    3.9101  0.4301E+03  0.2191E+04 -0.1869E-06 -0.3797E-08  0.2842E-08  0.1793E-08  0.1511E-01  0.8450E-02  0.0000E+00 -0.1000E+01
   10.3104  1 15   24.3152    0.0000    0.0000    0.0000    0.9214    0.6606    0.0001   -1.0000    5.0323    3.9101  0.4294E+03  0.2191E+04 -0.1869E-06 -0.3797E-08  0.2854E-08  0.1793E-08  0.1518E-01  0.8450E-02  0.0000E+00 -0.1000E+01
   10.3174  1 15   24.3139    0.0000    0.0000    0.0000    0.9217    0.6606    0.0001   -1.0000    5.0326    3.9101  0.4286E+03  0.2191E+04 -0.1881E-06 -0.3797E-08  0.2868E-08  0.1793E-08  0.1523E-01  0.8450E-02  0.0000E+00 -0.1000E+01
   10.3244  1 15   24.3126    0.0000    0.0000    0.0000    0.9220    0.6606    0.0001   -1.0000    5.0329    3.9101  0.4279E+03  0.2191E+04 -0.1896E-06 -0.3797E-08  0.2882E-08  0.1793E-08  0.1527E-01  0.8450E-02  0.0000E+00 -0.1000E+01
   10.3314  1 15   24.3112    0.0000    0.0000    0.0000    0.9223    0.6606    0.0001   -1.0000    5.0333    3.9101  0.4271E+03  0.2191E+04 -0.1900E-06 -0.3797E-08  0.2895E-08  0.1793E-08  0.1531E-01  0.8450E-02  0.0000E+00 -0.1000E+01
   10.3384  1 15   24.3099    0.0000    0.0000    0.0000    0.9226    0.6606    0.0001   -1.0000    5.0336    3.9101  0.4263E+03  0.2191E+04 -0.1900E-06 -0.3797E-08  0.2909E-08  0.1793E-08  0.1536E-01  0.8450E-02  0.0000E+00 -0.1000E+01
   10.3454  1 15   24.3086    0.0000    0.0000    0.0000    0.9230    0.6606    0.0001   -1.0000    5.0340    3.9101  0.4256E+03  0.2191E+04 -0.1900E-06 -0.3797E-08  0.2923E-08  0.1793E-08  0.1540E-01  0.8450E-02  0.0000E+00 -0.1000E+01
   10.3524  1 15   24.3073    0.0000    0.0000    0.0000    0.9233    0.6606    0.0001   -1.0000    5.0343    3.9101  0.4248E+03  0.2191E+04 -0.1900E-06 -0.3797E-08  0.2937E-08  0.1793E-08  0.1544E-01  0.8450E-02  0.0000E+00 -0.1000E+01
   10.3594  1 15   24.3059    0.0000    0.0000    0.0000    0.9236    0.6606    0.0001   -1.0000    5.0346    3.9101  0.4241E+03  0.2191E+04 -0.1900E-06 -0.3797E-08  0.2951E-08  0.1793E-08  0.1548E-01  0.8450E-02  0.0000E+00 -0.1000E+01
   10.3664  1 15   24.3046    0.0000    0.0000    0.0000    0.9239    0.6606    0.0001   -1.0000    5.0350    3.9101  0.4233E+03  0.2191E+04 -0.1900E-06 -0.3797E-08  0.2965E-08  0.1793E-08  0.1553E-01  0.8450E-02  0.0000E+00 -0.1000E+01
   10.3734  1 15   24.3033    0.0000    0.0000    0.0000    0.9242    0.6606    0.0001   -1.0000    5.0353    3.9101  0.4226E+03  0.2191E+04 -0.1900E-06 -0.3797E-08  0.2979E-08  0.1793E-08  0.1557E-01  0.8450E-02  0.0000E+00 -0.1000E+01
   10.3804  1 15   24.3019    0.0000    0.0000    0.0000    0.9245    0.6606    0.0001   -1.0000    5.0357    3.9101  0.4218E+03  0.2191E+04 -0.1900E-06 -0.3797E-08  0.2992E-08  0.1793E-08  0.1561E-01  0.8450E-02  0.0000E+00 -0.1000E+01
   10.3874  1 15   24.3006    0.0000    0.0000    0.0000    0.9249    0.6606    0.0001   -1.0000    5.0360    3.9101  0.4211E+03  0.2191E+04 -0.1900E-06 -0.3797E-08  0.3006E-08  0.1793E-08  0.1566E-01  0.8450E-02  0.0000E+00 -0.1000E+01
   10.3944  1 15   24.2993    0.0000    0.0000    0.0000    0.9252    0.6606    0.0001   -1.0000    5.0363    3.9101  0.4204E+03  0.2191E+04 -0.1900E-06 -0.3797E-08  0.3020E-08  0.1793E-08  0.1570E-01  0.8450E-02  0.0000E+00 -0.1000E+01
   10.4014  1 15   24.2979    0.0000    0.0000    0.0000    0.9255    0.6606    0.0001   -1.0000    5.0367    3.9101  0.4196E+03  0.2191E+04 -0.1914E-06 -0.3797E-08  0.3035E-08  0.1793E-08  0.1577E-01  0.8450E-02  0.0000E+00 -0.1000E+01
   10.4085  1 15   24.2966    0.0000    0.0000    0.0000    0.9258    0.6606    0.0001   -1.0000    5.0370    3.9101  0.4188E+03  0.2191E+04 -0.1933E-06 -0.3797E-08  0.3049E-08  0.1793E-08  0.1586E-01  0.8450E-02  0.0000E+00 -0.1000E+01
   10.4155  1 15   24.2952    0.0000    0.0000    0.0000    0.9261    0.6606    0.0001   -1.0000    5.0374    3.9101  0.4181E+03  0.2191E+04 -0.1938E-06 -0.3797E-08  0.3064E-08  0.1793E-08  0.1595E-01  0.8450E-02  0.0000E+00 -0.1000E+01
   10.4225  1 15   24.2939    0.0000    0.0000    0.0000    0.9265    0.6606    0.0001   -1.0000    5.0377    3.9101  0.4173E+03  0.2191E+04 -0.1938E-06 -0.3797E-08  0.3079E-08  0.1793E-08  0.1603E-01  0.8450E-02  0.0000E+00 -0.1000E+01
   10.4295  1 15   24.2925    0.0000    0.0000    0.0000    0.9268    0.6606    0.0001   -1.0000    5.0381    3.9101  0.4166E+03  0.2191E+04 -0.1938E-06 -0.3797E-08  0.3093E-08  0.1793E-08  0.1612E-01  0.8450E-02  0.0000E+00 -0.1000E+01
   10.4365  1 15   24.2911    0.0000    0.0000    0.0000    0.9271    0.6606    0.0001   -1.0000    5.0384    3.9101  0.4158E+03  0.2191E+04 -0.1938E-06 -0.3797E-08  0.3108E-08  0.1793E-08  0.1621E-01  0.8450E-02  0.0000E+00 -0.1000E+01
   10.4435  1 15   24.2898    0.0000    0.0000    0.0000    0.9274    0.6606    0.0001   -1.0000    5.0387    3.9101  0.4151E+03  0.2191E+04 -0.1938E-06 -0.3797E-08  0.3123E-08  0.1793E-08  0.1629E-01  0.8450E-02  0.0000E+00 -0.1000E+01
   10.4505  1 15   24.2884    0.0000    0.0000    0.0000    0.9278    0.6606    0.0001   -1.0000    5.0391    3.9101  0.4143E+03  0.2191E+04 -0.1938E-06 -0.3797E-08  0.3137E-08  0.1793E-08  0.1638E-01  0.8450E-02  0.0000E+00 -0.1000E+01
   10.4575  1 15   24.2871    0.0000    0.0000    0.0000    0.9281    0.6606    0.0001   -1.0000    5.0394    3.9101  0.4136E+03  0.2191E+04 -0.1938E-06 -0.3797E-08  0.3152E-08  0.1793E-08  0.1647E-01  0.8450E-02  0.0000E+00 -0.1000E+01
   10.4645  1 15   24.2857    0.0000    0.0000    0.0000    0.9284    0.6606    0.0001   -1.0000    5.0398    3.9101  0.4128E+03  0.2191E+04 -0.1938E-06 -0.3797E-08  0.3167E-08  0.1793E-08  0.1655E-01  0.8450E-02  0.0000E+00 -0.1000E+01
   10.4715  1 15   24.2843    0.0000    0.0000    0.0000    0.9288    0.6606    0.0001   -1.0000    5.0401    3.9101  0.4121E+03  0.2191E+04 -0.1938E-06 -0.3797E-08  0.3181E-08  0.1793E-08  0.1664E-01  0.8450E-02  0.0000E+00 -0.1000E+01
   10.4785  1 15   24.2830    0.0000    0.0000    0.0000    0.9291    0.6606    0.0001   -1.0000    5.0405    3.9101  0.4113E+03  0.2191E+04 -0.1938E-06 -0.3797E-08  0.3196E-08  0.1793E-08  0.1673E-01  0.8450E-02  0.0000E+00 -0.1000E+01
   10.4855  1 15   24.2816    0.0000    0.0000    0.0000    0.9294    0.6606    0.0001   -1.0000    5.0408    3.9101  0.4106E+03  0.2191E+04 -0.1943E-06 -0.3797E-08  0.3211E-08  0.1793E-08  0.1680E-01  0.8450E-02  0.0000E+00 -0.1000E+01
   10.4925  1 15   24.2803    0.0000    0.0000    0.0000    0.9297    0.6606    0.0001   -1.0000    5.0412    3.9101  0.4098E+03  0.2191E+04 -0.1961E-06 -0.3797E-08  0.3227E-08  0.1793E-08  0.1685E-01  0.8450E-02  0.0000E+00 -0.1000E+01
   10.4995  1 15   24.2789    0.0000    0.0000    0.0000    0.9301    0.6606    0.0001   -1.0000    5.0415    3.9101  0.4090E+03  0.2191E+04 -0.1974E-06 -0.3797E-08  0.3243E-08  0.1793E-08  0.1690E-01  0.8450E-02  0.0000E+00 -0.1000E+01
   10.5065  1 15   24.2775    0.0000    0.0000    0.0000    0.9304    0.6606    0.0001   -1.0000    5.0419    3.9101  0.4083E+03  0.2191E+04 -0.1974E-06 -0.3797E-08  0.3260E-08  0.1793E-08  0.1695E-01  0.8450E-02  0.0000E+00 -0.1000E+01
   10.5136  1 15   24.2761    0.0000    0.0000    0.0000    0.9307    0.6606    0.0001   -1.0000    5.0422    3.9101  0.4075E+03  0.2191E+04 -0.1974E-06 -0.3797E-08  0.3276E-08  0.1793E-08  0.1700E-01  0.8450E-02  0.0000E+00 -0.1000E+01
   10.5206  1 15   24.2747    0.0000    0.0000    0.0000    0.9311    0.6606    0.0001   -1.0000    5.0426    3.9101  0.4067E+03  0.2191E+04 -0.1974E-06 -0.3797E-08  0.3292E-08  0.1793E-08  0.1704E-01  0.8450E-02  0.0000E+00 -0.1000E+01
   10.5276  1 15   24.2733    0.0000    0.0000    0.0000    0.9314    0.6606    0.0001   -1.0000    5.0429    3.9101  0.4060E+03  0.2191E+04 -0.1974E-06 -0.3797E-08  0.3308E-08  0.1793E-08  0.1709E-01  0.8450E-02  0.0000E+00 -0.1000E+01
   10.5346  1 15   24.2720    0.0000    0.0000    0.0000    0.9317    0.6606    0.0001   -1.0000    5.0432    3.9101  0.4052E+03  0.2191E+04 -0.1974E-06 -0.3797E-08  0.3324E-08  0.1793E-08  0.1714E-01  0.8450E-02  0.0000E+00 -0.1000E+01
   10.5416  1 15   24.2706    0.0000    0.0000    0.0000    0.9321    0.6606    0.0001   -1.0000    5.0436    3.9101  0.4045E+03  0.2191E+04 -0.1974E-06 -0.3797E-08  0.3341E-08  0.1793E-08  0.1719E-01  0.8450E-02  0.0000E+00 -0.1000E+01
   10.5486  1 15   24.2692    0.0000    0.0000    0.0000    0.9324    0.6606    0.0001   -1.0000    5.0439    3.9101  0.4037E+03  0.2191E+04 -0.1974E-06 -0.3797E-08  0.3357E-08  0.1793E-08  0.1724E-01  0.8450E-02  0.0000E+00 -0.1000E+01
   10.5556  1 15   24.2678    0.0000    0.0000    0.0000    0.9327    0.6606    0.0001   -1.0000    5.0443    3.9101  0.4030E+03  0.2191E+04 -0.1974E-06 -0.3797E-08  0.3373E-08  0.1793E-08  0.1729E-01  0.8450E-02  0.0000E+00 -0.1000E+01
   10.5626  1 15   24.2664    0.0000    0.0000    0.0000    0.9331    0.6606    0.0001   -1.0000    5.0446    3.9101  0.4022E+03  0.2191E+04 -0.1974E-06 -0.3797E-08  0.3389E-08  0.1793E-08  0.1734E-01  0.8450E-02  0.0000E+00 -0.1000E+01
   10.5696  1 15   24.2650    0.0000    0.0000    0.0000    0.9334    0.6606    0.0001   -1.0000    5.0450    3.9101  0.4015E+03  0.2191E+04 -0.1974E-06 -0.3797E-08  0.3406E-08  0.1793E-08  0.1738E-01  0.8450E-02  0.0000E+00 -0.1000E+01
   10.5766  1 15   24.2637    0.0000    0.0000    0.0000    0.9338    0.6606    0.0001   -1.0000    5.0453    3.9101  0.4007E+03  0.2191E+04 -0.1983E-06 -0.3797E-08  0.3422E-08  0.1793E-08  0.1745E-01  0.8450E-02  0.0000E+00 -0.1000E+01
   10.5836  1 15   24.2622    0.0000    0.0000    0.0000    0.9341    0.6606    0.0001   -1.0000    5.0457    3.9101  0.4000E+03  0.2191E+04 -0.2001E-06 -0.3797E-08  0.3440E-08  0.1793E-08  0.1753E-01  0.8450E-02  0.0000E+00 -0.1000E+01
   10.5906  1 15   24.2608    0.0000    0.0000    0.0000    0.9344    0.6606    0.0001   -1.0000    5.0460    3.9101  0.3992E+03  0.2191E+04 -0.2010E-06 -0.3797E-08  0.3457E-08  0.1793E-08  0.1761E-01  0.8450E-02  0.0000E+00 -0.1000E+01
   10.5976  1 15   24.2594    0.0000    0.0000    0.0000    0.9348    0.6606    0.0001   -1.0000    5.0464    3.9101  0.3984E+03  0.2191E+04 -0.2010E-06 -0.3797E-08  0.3474E-08  0.1793E-08  0.1770E-01  0.8450E-02  0.0000E+00 -0.1000E+01
   10.6046  1 15   24.2580    0.0000    0.0000    0.0000    0.9351    0.6606    0.0001   -1.0000    5.0467    3.9101  0.3977E+03  0.2191E+04 -0.2010E-06 -0.3797E-08  0.3491E-08  0.1793E-08  0.1778E-01  0.8450E-02  0.0000E+00 -0.1000E+01
   10.6116  1 15   24.2566    0.0000    0.0000    0.0000    0.9355    0.6606    0.0001   -1.0000    5.0471    3.9101  0.3969E+03  0.2191E+04 -0.2010E-06 -0.3797E-08  0.3509E-08  0.1793E-08  0.1786E-01  0.8450E-02  0.0000E+00 -0.1000E+01
   10.6187  1 15   24.2552    0.0000    0.0000    0.0000    0.9358    0.6606    0.0001   -1.0000    5.0474    3.9101  0.3962E+03  0.2191E+04 -0.2010E-06 -0.3797E-08  0.3526E-08  0.1793E-08  0.1794E-01  0.8450E-02  0.0000E+00 -0.1000E+01
   10.6257  1 15   24.2538    0.0000    0.0000    0.0000    0.9362    0.6606    0.0001   -1.0000    5.0478    3.9101  0.3954E+03  0.2191E+04 -0.2010E-06 -0.3797E-08  0.3543E-08  0.1793E-08  0.1803E-01  0.8450E-02  0.0000E+00 -0.1000E+01
   10.6327  1 15   24.2524    0.0000    0.0000    0.0000    0.9365    0.6606    0.0001   -1.0000    5.0482    3.9101  0.3946E+03  0.2191E+04 -0.2010E-06 -0.3797E-08  0.3560E-08  0.1793E-08  0.1811E-01  0.8450E-02  0.0000E+00 -0.1000E+01
   10.6397  1 15   24.2510    0.0000    0.0000    0.0000    0.9368    0.6606    0.0001   -1.0000    5.0485    3.9101  0.3939E+03  0.2191E+04 -0.2010E-06 -0.3797E-08  0.3578E-08  0.1793E-08  0.1819E-01  0.8450E-02  0.0000E+00 -0.1000E+01
   10.6467  1 15   24.2496    0.0000    0.0000    0.0000    0.9372    0.6606    0.0001   -1.0000    5.0489    3.9101  0.3931E+03  0.2191E+04 -0.2010E-06 -0.3797E-08  0.3595E-08  0.1793E-08  0.1827E-01  0.8450E-02  0.0000E+00 -0.1000E+01
   10.6537  1 15   24.2482    0.0000    0.0000    0.0000    0.9375    0.6606    0.0001   -1.0000    5.0492    3.9101  0.3924E+03  0.2191E+04 -0.2010E-06 -0.3797E-08  0.3612E-08  0.1793E-08  0.1836E-01  0.8450E-02  0.0000E+00 -0.1000E+01
   10.6607  1 15   24.2468    0.0000    0.0000    0.0000    0.9379    0.6606    0.0001   -1.0000    5.0496    3.9101  0.3916E+03  0.2191E+04 -0.2010E-06 -0.3797E-08  0.3629E-08  0.1793E-08  0.1844E-01  0.8450E-02  0.0000E+00 -0.1000E+01
   10.6677  1 15   24.2453    0.0000    0.0000    0.0000    0.9382    0.6606    0.0001   -1.0000    5.0499    3.9101  0.3909E+03  0.2191E+04 -0.2019E-06 -0.3797E-08  0.3647E-08  0.1793E-08  0.1851E-01  0.8450E-02  0.0000E+00 -0.1000E+01
   10.6747  1 15   24.2439    0.0000    0.0000    0.0000    0.9386    0.6606    0.0001   -1.0000    5.0503    3.9101  0.3901E+03  0.2191E+04 -0.2040E-06 -0.3797E-08  0.3667E-08  0.1793E-08  0.1856E-01  0.8450E-02  0.0000E+00 -0.1000E+01
   10.6817  1 15   24.2425    0.0000    0.0000    0.0000    0.9389    0.6606    0.0001   -1.0000    5.0506    3.9101  0.3893E+03  0.2191E+04 -0.2053E-06 -0.3797E-08  0.3687E-08  0.1793E-08  0.1862E-01  0.8450E-02  0.0000E+00 -0.1000E+01
   10.6887  1 15   24.2410    0.0000    0.0000    0.0000    0.9393    0.6606    0.0001   -1.0000    5.0510    3.9101  0.3886E+03  0.2191E+04 -0.2053E-06 -0.3797E-08  0.3706E-08  0.1793E-08  0.1867E-01  0.8450E-02  0.0000E+00 -0.1000E+01
   10.6957  1 15   24.2396    0.0000    0.0000    0.0000    0.9396    0.6606    0.0001   -1.0000    5.0513    3.9101  0.3878E+03  0.2191E+04 -0.2053E-06 -0.3797E-08  0.3726E-08  0.1793E-08  0.1872E-01  0.8450E-02  0.0000E+00 -0.1000E+01
   10.7027  1 15   24.2382    0.0000    0.0000    0.0000    0.9400    0.6606    0.0001   -1.0000    5.0517    3.9101  0.3870E+03  0.2191E+04 -0.2053E-06 -0.3797E-08  0.3746E-08  0.1793E-08  0.1877E-01  0.8450E-02  0.0000E+00 -0.1000E+01
   10.7097  1 15   24.2367    0.0000    0.0000    0.0000    0.9404    0.6606    0.0001   -1.0000    5.0521    3.9101  0.3863E+03  0.2191E+04 -0.2053E-06 -0.3797E-08  0.3765E-08  0.1793E-08  0.1883E-01  0.8450E-02  0.0000E+00 -0.1000E+01
   10.7167  1 15   24.2353    0.0000    0.0000    0.0000    0.9407    0.6606    0.0001   -1.0000    5.0524    3.9101  0.3855E+03  0.2191E+04 -0.2053E-06 -0.3797E-08  0.3785E-08  0.1793E-08  0.1888E-01  0.8450E-02  0.0000E+00 -0.1000E+01
   10.7237  1 15   24.2338    0.0000    0.0000    0.0000    0.9411    0.6606    0.0001   -1.0000    5.0528    3.9101  0.3848E+03  0.2191E+04 -0.2053E-06 -0.3797E-08  0.3805E-08  0.1793E-08  0.1893E-01  0.8450E-02  0.0000E+00 -0.1000E+01
   10.7308  1 15   24.2324    0.0000    0.0000    0.0000    0.9414    0.6606    0.0001   -1.0000    5.0531    3.9101  0.3840E+03  0.2191E+04 -0.2053E-06 -0.3797E-08  0.3824E-08  0.1793E-08  0.1899E-01  0.8450E-02  0.0000E+00 -0.1000E+01
   10.7378  1 15   24.2310    0.0000    0.0000    0.0000    0.9418    0.6606    0.0001   -1.0000    5.0535    3.9101  0.3832E+03  0.2191E+04 -0.2053E-06 -0.3797E-08  0.3844E-08  0.1793E-08  0.1904E-01  0.8450E-02  0.0000E+00 -0.1000E+01
   10.7448  1 15   24.2295    0.0000    0.0000    0.0000    0.9421    0.6606    0.0001   -1.0000    5.0538    3.9101  0.3825E+03  0.2191E+04 -0.2053E-06 -0.3797E-08  0.3864E-08  0.1793E-08  0.1909E-01  0.8450E-02  0.0000E+00 -0.1000E+01
   10.7518  1 15   24.2281    0.0000    0.0000    0.0000    0.9425    0.6606    0.0001   -1.0000    5.0542    3.9101  0.3817E+03  0.2191E+04 -0.2053E-06 -0.3797E-08  0.3883E-08  0.1793E-08  0.1915E-01  0.8450E-02  0.0000E+00 -0.1000E+01
   10.7588  1 15   24.2266    0.0000    0.0000    0.0000    0.9428    0.6606    0.0001   -1.0000    5.0545    3.9101  0.3810E+03  0.2191E+04 -0.2053E-06 -0.3797E-08  0.3903E-08  0.1793E-08  0.1920E-01  0.8450E-02  0.0000E+00 -0.1000E+01
   10.7658  1 15   24.2252    0.0000    0.0000    0.0000    0.9432    0.6606    0.0001   -1.0000    5.0549    3.9101  0.3802E+03  0.2191E+04 -0.2071E-06 -0.3797E-08  0.3924E-08  0.1793E-08  0.1925E-01  0.8450E-02  0.0000E+00 -0.1000E+01
   10.7728  1 15   24.2237    0.0000    0.0000    0.0000    0.9436    0.6606    0.0001   -1.0000    5.0553    3.9101  0.3794E+03  0.2191E+04 -0.2091E-06 -0.3797E-08  0.3945E-08  0.1793E-08  0.1931E-01  0.8450E-02  0.0000E+00 -0.1000E+01
   10.7798  1 15   24.2223    0.0000    0.0000    0.0000    0.9439    0.6606    0.0001   -1.0000    5.0556    3.9101  0.3787E+03  0.2191E+04 -0.2093E-06 -0.3797E-08  0.3966E-08  0.1793E-08  0.1936E-01  0.8450E-02  0.0000E+00 -0.1000E+01
   10.7868  1 15   24.2208    0.0000    0.0000    0.0000    0.9443    0.6606    0.0001   -1.0000    5.0560    3.9101  0.3779E+03  0.2191E+04 -0.2093E-06 -0.3797E-08  0.3988E-08  0.1793E-08  0.1942E-01  0.8450E-02  0.0000E+00 -0.1000E+01
   10.7938  1 15   24.2193    0.0000    0.0000    0.0000    0.9447    0.6606    0.0001   -1.0000    5.0564    3.9101  0.3771E+03  0.2191E+04 -0.2093E-06 -0.3797E-08  0.4009E-08  0.1793E-08  0.1947E-01  0.8450E-02  0.0000E+00 -0.1000E+01
   10.8008  1 15   24.2179    0.0000    0.0000    0.0000    0.9450    0.6606    0.0001   -1.0000    5.0567    3.9101  0.3764E+03  0.2191E+04 -0.2093E-06 -0.3797E-08  0.4030E-08  0.1793E-08  0.1953E-01  0.8450E-02  0.0000E+00 -0.1000E+01
   10.8078  1 15   24.2164    0.0000    0.0000    0.0000    0.9454    0.6606    0.0001   -1.0000    5.0571    3.9101  0.3756E+03  0.2191E+04 -0.2093E-06 -0.3797E-08  0.4051E-08  0.1793E-08  0.1959E-01  0.8450E-02  0.0000E+00 -0.1000E+01
   10.8148  1 15   24.2149    0.0000    0.0000    0.0000    0.9458    0.6606    0.0001   -1.0000    5.0574    3.9101  0.3748E+03  0.2191E+04 -0.2093E-06 -0.3797E-08  0.4072E-08  0.1793E-08  0.1964E-01  0.8450E-02  0.0000E+00 -0.1000E+01
   10.8218  1 15   24.2135    0.0000    0.0000    0.0000    0.9461    0.6606    0.0001   -1.0000    5.0578    3.9101  0.3741E+03  0.2191E+04 -0.2093E-06 -0.3797E-08  0.4093E-08  0.1793E-08  0.1970E-01  0.8450E-02  0.0000E+00 -0.1000E+01
   10.8288  1 15   24.2120    0.0000    0.0000    0.0000    0.9465    0.6606    0.0001   -1.0000    5.0582    3.9101  0.3733E+03  0.2191E+04 -0.2093E-06 -0.3797E-08  0.4115E-08  0.1793E-08  0.1975E-01  0.8450E-02  0.0000E+00 -0.1000E+01
   10.8359  1 15   24.2105    0.0000    0.0000    0.0000    0.9469    0.6606    0.0001   -1.0000    5.0585    3.9101  0.3726E+03  0.2191E+04 -0.2093E-06 -0.3797E-08  0.4136E-08  0.1793E-08  0.1981E-01  0.8450E-02  0.0000E+00 -0.1000E+01
   10.8429  1 15   24.2091    0.0000    0.0000    0.0000    0.9472    0.6606    0.0001   -1.0000    5.0589    3.9101  0.3718E+03  0.2191E+04 -0.2093E-06 -0.3797E-08  0.4157E-08  0.1793E-08  0.1986E-01  0.8450E-02  0.0000E+00 -0.1000E+01
   10.8499  1 15   24.2076    0.0000    0.0000    0.0000    0.9476    0.6606    0.0001   -1.0000    5.0592    3.9101  0.3711E+03  0.2191E+04 -0.2093E-06 -0.3797E-08  0.4178E-08  0.1793E-08  0.1992E-01  0.8450E-02  0.0000E+00 -0.1000E+01
   10.8569  1 15   24.2061    0.0000    0.0000    0.0000    0.9480    0.6606    0.0001   -1.0000    5.0596    3.9101  0.3703E+03  0.2191E+04 -0.2094E-06 -0.3797E-08  0.4199E-08  0.1793E-08  0.1997E-01  0.8450E-02  0.0000E+00 -0.1000E+01
   10.8639  1 15   24.2046    0.0000    0.0000    0.0000    0.9484    0.6606    0.0001   -1.0000    5.0600    3.9101  0.3695E+03  0.2191E+04 -0.2116E-06 -0.3797E-08  0.4223E-08  0.1793E-08  0.2008E-01  0.8450E-02  0.0000E+00 -0.1000E+01
   10.8709  1 15   24.2032    0.0000    0.0000    0.0000    0.9487    0.6606    0.0001   -1.0000    5.0603    3.9101  0.3688E+03  0.2191E+04 -0.2138E-06 -0.3797E-08  0.4246E-08  0.1793E-08  0.2019E-01  0.8450E-02  0.0000E+00 -0.1000E+01
   10.8779  1 15   24.2017    0.0000    0.0000    0.0000    0.9491    0.6606    0.0001   -1.0000    5.0607    3.9101  0.3680E+03  0.2191E+04 -0.2138E-06 -0.3797E-08  0.4270E-08  0.1793E-08  0.2030E-01  0.8450E-02  0.0000E+00 -0.1000E+01
   10.8849  1 15   24.2002    0.0000    0.0000    0.0000    0.9495    0.6606    0.0001   -1.0000    5.0611    3.9101  0.3672E+03  0.2191E+04 -0.2138E-06 -0.3797E-08  0.4293E-08  0.1793E-08  0.2041E-01  0.8450E-02  0.0000E+00 -0.1000E+01
   10.8919  1 15   24.1987    0.0000    0.0000    0.0000    0.9499    0.6606    0.0001   -1.0000    5.0614    3.9101  0.3664E+03  0.2191E+04 -0.2138E-06 -0.3797E-08  0.4316E-08  0.1793E-08  0.2052E-01  0.8450E-02  0.0000E+00 -0.1000E+01
   10.8989  1 15   24.1972    0.0000    0.0000    0.0000    0.9503    0.6606    0.0001   -1.0000    5.0618    3.9101  0.3657E+03  0.2191E+04 -0.2138E-06 -0.3797E-08  0.4340E-08  0.1793E-08  0.2063E-01  0.8450E-02  0.0000E+00 -0.1000E+01
   10.9059  1 15   24.1957    0.0000    0.0000    0.0000    0.9506    0.6606    0.0001   -1.0000    5.0622    3.9101  0.3649E+03  0.2191E+04 -0.2138E-06 -0.3797E-08  0.4363E-08  0.1793E-08  0.2074E-01  0.8450E-02  0.0000E+00 -0.1000E+01
   10.9129  1 15   24.1942    0.0000    0.0000    0.0000    0.9510    0.6606    0.0001   -1.0000    5.0625    3.9101  0.3641E+03  0.2191E+04 -0.2138E-06 -0.3797E-08  0.4386E-08  0.1793E-08  0.2085E-01  0.8450E-02  0.0000E+00 -0.1000E+01
   10.9199  1 15   24.1927    0.0000    0.0000    0.0000    0.9514    0.6606    0.0001   -1.0000    5.0629    3.9101  0.3634E+03  0.2191E+04 -0.2138E-06 -0.3797E-08  0.4410E-08  0.1793E-08  0.2096E-01  0.8450E-02  0.0000E+00 -0.1000E+01
   10.9269  1 15   24.1912    0.0000    0.0000    0.0000    0.9518    0.6606    0.0001   -1.0000    5.0633    3.9101  0.3626E+03  0.2191E+04 -0.2138E-06 -0.3797E-08  0.4433E-08  0.1793E-08  0.2107E-01  0.8450E-02  0.0000E+00 -0.1000E+01
   10.9339  1 15   24.1897    0.0000    0.0000    0.0000    0.9522    0.6606    0.0001   -1.0000    5.0636    3.9101  0.3618E+03  0.2191E+04 -0.2138E-06 -0.3797E-08  0.4457E-08  0.1793E-08  0.2118E-01  0.8450E-02  0.0000E+00 -0.1000E+01
   10.9409  1 15   24.1882    0.0000    0.0000    0.0000    0.9525    0.6606    0.0001   -1.0000    5.0640    3.9101  0.3611E+03  0.2191E+04 -0.2138E-06 -0.3797E-08  0.4480E-08  0.1793E-08  0.2129E-01  0.8450E-02  0.0000E+00 -0.1000E+01
   10.9480  1 15   24.1867    0.0000    0.0000    0.0000    0.9529    0.6606    0.0001   -1.0000    5.0644    3.9101  0.3603E+03  0.2191E+04 -0.2138E-06 -0.3797E-08  0.4503E-08  0.1793E-08  0.2140E-01  0.8450E-02  0.0000E+00 -0.1000E+01
   10.9550  1 15   24.1852    0.0000    0.0000    0.0000    0.9533    0.6606    0.0001   -1.0000    5.0647    3.9101  0.3596E+03  0.2191E+04 -0.2138E-06 -0.3797E-08  0.4527E-08  0.1793E-08  0.2151E-01  0.8450E-02  0.0000E+00 -0.1000E+01
   10.9620  1 15   24.1837    0.0000    0.0000    0.0000    0.9537    0.6606    0.0001   -1.0000    5.0651    3.9101  0.3588E+03  0.2191E+04 -0.2157E-06 -0.3797E-08  0.4552E-08  0.1793E-08  0.2160E-01  0.8450E-02  0.0000E+00 -0.1000E+01
   10.9690  1 15   24.1821    0.0000    0.0000    0.0000    0.9541    0.6606    0.0001   -1.0000    5.0655    3.9101  0.3580E+03  0.2191E+04 -0.2180E-06 -0.3797E-08  0.4578E-08  0.1793E-08  0.2169E-01  0.8450E-02  0.0000E+00 -0.1000E+01
   10.9760  1 15   24.1806    0.0000    0.0000    0.0000    0.9545    0.6606    0.0001   -1.0000    5.0658    3.9101  0.3572E+03  0.2191E+04 -0.2185E-06 -0.3797E-08  0.4604E-08  0.1793E-08  0.2178E-01  0.8450E-02  0.0000E+00 -0.1000E+01
   10.9830  1 15   24.1791    0.0000    0.0000    0.0000    0.9549    0.6606    0.0001   -1.0000    5.0662    3.9101  0.3565E+03  0.2191E+04 -0.2185E-06 -0.3797E-08  0.4630E-08  0.1793E-08  0.2187E-01  0.8450E-02  0.0000E+00 -0.1000E+01
   10.9900  1 15   24.1775    0.0000    0.0000    0.0000    0.9553    0.6606    0.0001   -1.0000    5.0666    3.9101  0.3557E+03  0.2191E+04 -0.2185E-06 -0.3797E-08  0.4656E-08  0.1793E-08  0.2196E-01  0.8450E-02  0.0000E+00 -0.1000E+01
   10.9970  1 15   24.1760    0.0000    0.0000    0.0000    0.9557    0.6606    0.0001   -1.0000    5.0670    3.9101  0.3549E+03  0.2191E+04 -0.2185E-06 -0.3797E-08  0.4682E-08  0.1793E-08  0.2205E-01  0.8450E-02  0.0000E+00 -0.1000E+01
   11.0040  1 15   24.1745    0.0000    0.0000    0.0000    0.9561    0.6606    0.0001   -1.0000    5.0673    3.9101  0.3541E+03  0.2191E+04 -0.2185E-06 -0.3797E-08  0.4708E-08  0.1793E-08  0.2214E-01  0.8450E-02  0.0000E+00 -0.1000E+01
   11.0110  1 15   24.1729    0.0000    0.0000    0.0000    0.9564    0.6606    0.0001   -1.0000    5.0677    3.9101  0.3534E+03  0.2191E+04 -0.2185E-06 -0.3797E-08  0.4734E-08  0.1793E-08  0.2223E-01  0.8450E-02  0.0000E+00 -0.1000E+01
   11.0180  1 15   24.1714    0.0000    0.0000    0.0000    0.9568    0.6606    0.0001   -1.0000    5.0681    3.9101  0.3526E+03  0.2191E+04 -0.2185E-06 -0.3797E-08  0.4760E-08  0.1793E-08  0.2232E-01  0.8450E-02  0.0000E+00 -0.1000E+01
   11.0250  1 15   24.1699    0.0000    0.0000    0.0000    0.9572    0.6606    0.0001   -1.0000    5.0684    3.9101  0.3518E+03  0.2191E+04 -0.2185E-06 -0.3797E-08  0.4787E-08  0.1793E-08  0.2240E-01  0.8450E-02  0.0000E+00 -0.1000E+01
   11.0320  1 15   24.1684    0.0000    0.0000    0.0000    0.9576    0.6606    0.0001   -1.0000    5.0688    3.9101  0.3511E+03  0.2191E+04 -0.2185E-06 -0.3797E-08  0.4813E-08  0.1793E-08  0.2249E-01  0.8450E-02  0.0000E+00 -0.1000E+01
   11.0390  1 15   24.1668    0.0000    0.0000    0.0000    0.9580    0.6606    0.0001   -1.0000    5.0692    3.9101  0.3503E+03  0.2191E+04 -0.2185E-06 -0.3797E-08  0.4839E-08  0.1793E-08  0.2258E-01  0.8450E-02  0.0000E+00 -0.1000E+01
   11.0460  1 15   24.1653    0.0000    0.0000    0.0000    0.9584    0.6606    0.0001   -1.0000    5.0696    3.9101  0.3496E+03  0.2191E+04 -0.2185E-06 -0.3797E-08  0.4865E-08  0.1793E-08  0.2267E-01  0.8450E-02  0.0000E+00 -0.1000E+01
   11.0531  1 15   24.1638    0.0000    0.0000    0.0000    0.9588    0.6606    0.0001   -1.0000    5.0699    3.9101  0.3488E+03  0.2191E+04 -0.2185E-06 -0.3797E-08  0.4891E-08  0.1793E-08  0.2276E-01  0.8450E-02  0.0000E+00 -0.1000E+01
   11.0601  1 15   24.1622    0.0000    0.0000    0.0000    0.9592    0.6606    0.0001   -1.0000    5.0703    3.9101  0.3480E+03  0.2191E+04 -0.2188E-06 -0.3797E-08  0.4917E-08  0.1793E-08  0.2285E-01  0.8450E-02  0.0000E+00 -0.1000E+01
   11.0671  1 15   24.1607    0.0000    0.0000    0.0000    0.9596    0.6606    0.0001   -1.0000    5.0707    3.9101  0.3472E+03  0.2191E+04 -0.2212E-06 -0.3797E-08  0.4947E-08  0.1793E-08  0.2294E-01  0.8450E-02  0.0000E+00 -0.1000E+01
   11.0741  1 15   24.1591    0.0000    0.0000    0.0000    0.9600    0.6606    0.0001   -1.0000    5.0711    3.9101  0.3465E+03  0.2191E+04 -0.2232E-06 -0.3797E-08  0.4976E-08  0.1793E-08  0.2304E-01  0.8450E-02  0.0000E+00 -0.1000E+01
   11.0811  1 15   24.1576    0.0000    0.0000    0.0000    0.9604    0.6606    0.0001   -1.0000    5.0714    3.9101  0.3457E+03  0.2191E+04 -0.2232E-06 -0.3797E-08  0.5006E-08  0.1793E-08  0.2313E-01  0.8450E-02  0.0000E+00 -0.1000E+01
   11.0881  1 15   24.1560    0.0000    0.0000    0.0000    0.9609    0.6606    0.0001   -1.0000    5.0718    3.9101  0.3449E+03  0.2191E+04 -0.2232E-06 -0.3797E-08  0.5035E-08  0.1793E-08  0.2322E-01  0.8450E-02  0.0000E+00 -0.1000E+01
   11.0951  1 15   24.1544    0.0000    0.0000    0.0000    0.9613    0.6606    0.0001   -1.0000    5.0722    3.9101  0.3441E+03  0.2191E+04 -0.2232E-06 -0.3797E-08  0.5065E-08  0.1793E-08  0.2331E-01  0.8450E-02  0.0000E+00 -0.1000E+01
   11.1021  1 15   24.1529    0.0000    0.0000    0.0000    0.9617    0.6606    0.0001   -1.0000    5.0726    3.9101  0.3434E+03  0.2191E+04 -0.2232E-06 -0.3797E-08  0.5094E-08  0.1793E-08  0.2340E-01  0.8450E-02  0.0000E+00 -0.1000E+01
   11.1091  1 15   24.1513    0.0000    0.0000    0.0000    0.9621    0.6606    0.0001   -1.0000    5.0729    3.9101  0.3426E+03  0.2191E+04 -0.2232E-06 -0.3797E-08  0.5124E-08  0.1793E-08  0.2350E-01  0.8450E-02  0.0000E+00 -0.1000E+01
   11.1161  1 15   24.1497    0.0000    0.0000    0.0000    0.9625    0.6606    0.0001   -1.0000    5.0733    3.9101  0.3418E+03  0.2191E+04 -0.2232E-06 -0.3797E-08  0.5153E-08  0.1793E-08  0.2359E-01  0.8450E-02  0.0000E+00 -0.1000E+01
   11.1231  1 15   24.1482    0.0000    0.0000    0.0000    0.9629    0.6606    0.0001   -1.0000    5.0737    3.9101  0.3410E+03  0.2191E+04 -0.2232E-06 -0.3797E-08  0.5183E-08  0.1793E-08  0.2368E-01  0.8450E-02  0.0000E+00 -0.1000E+01
   11.1301  1 15   24.1466    0.0000    0.0000    0.0000    0.9633    0.6606    0.0001   -1.0000    5.0741    3.9101  0.3403E+03  0.2191E+04 -0.2232E-06 -0.3797E-08  0.5212E-08  0.1793E-08  0.2377E-01  0.8450E-02  0.0000E+00 -0.1000E+01
   11.1371  1 15   24.1450    0.0000    0.0000    0.0000    0.9637    0.6606    0.0001   -1.0000    5.0745    3.9101  0.3395E+03  0.2191E+04 -0.2232E-06 -0.3797E-08  0.5242E-08  0.1793E-08  0.2386E-01  0.8450E-02  0.0000E+00 -0.1000E+01
   11.1441  1 15   24.1435    0.0000    0.0000    0.0000    0.9641    0.6606    0.0001   -1.0000    5.0748    3.9101  0.3387E+03  0.2191E+04 -0.2232E-06 -0.3797E-08  0.5271E-08  0.1793E-08  0.2396E-01  0.8450E-02  0.0000E+00 -0.1000E+01
   11.1511  1 15   24.1419    0.0000    0.0000    0.0000    0.9645    0.6606    0.0001   -1.0000    5.0752    3.9101  0.3380E+03  0.2191E+04 -0.2232E-06 -0.3797E-08  0.5301E-08  0.1793E-08  0.2405E-01  0.8450E-02  0.0000E+00 -0.1000E+01
   11.1582  1 15   24.1403    0.0000    0.0000    0.0000    0.9650    0.6606    0.0001   -1.0000    5.0756    3.9101  0.3372E+03  0.2191E+04 -0.2232E-06 -0.3797E-08  0.5331E-08  0.1793E-08  0.2414E-01  0.8450E-02  0.0000E+00 -0.1000E+01
   11.1652  1 15   24.1388    0.0000    0.0000    0.0000    0.9654    0.6606    0.0001   -1.0000    5.0760    3.9101  0.3365E+03  0.2191E+04 -0.2235E-06 -0.3797E-08  0.5360E-08  0.1793E-08  0.2423E-01  0.8450E-02  0.0000E+00 -0.1000E+01
   11.1722  1 15   24.1372    0.0000    0.0000    0.0000    0.9658    0.6606    0.0001   -1.0000    5.0764    3.9101  0.3357E+03  0.2191E+04 -0.2260E-06 -0.3797E-08  0.5394E-08  0.1793E-08  0.2434E-01  0.8450E-02  0.0000E+00 -0.1000E+01
   11.1792  1 15   24.1356    0.0000    0.0000    0.0000    0.9662    0.6606    0.0001   -1.0000    5.0767    3.9101  0.3349E+03  0.2191E+04 -0.2282E-06 -0.3797E-08  0.5427E-08  0.1793E-08  0.2445E-01  0.8450E-02  0.0000E+00 -0.1000E+01
   11.1862  1 15   24.1340    0.0000    0.0000    0.0000    0.9666    0.6606    0.0001   -1.0000    5.0771    3.9101  0.3341E+03  0.2191E+04 -0.2282E-06 -0.3797E-08  0.5460E-08  0.1793E-08  0.2456E-01  0.8450E-02  0.0000E+00 -0.1000E+01
   11.1932  1 15   24.1324    0.0000    0.0000    0.0000    0.9671    0.6606    0.0001   -1.0000    5.0775    3.9101  0.3333E+03  0.2191E+04 -0.2282E-06 -0.3797E-08  0.5493E-08  0.1793E-08  0.2467E-01  0.8450E-02  0.0000E+00 -0.1000E+01
   11.2002  1 15   24.1308    0.0000    0.0000    0.0000    0.9675    0.6606    0.0001   -1.0000    5.0779    3.9101  0.3325E+03  0.2191E+04 -0.2282E-06 -0.3797E-08  0.5527E-08  0.1793E-08  0.2478E-01  0.8450E-02  0.0000E+00 -0.1000E+01
   11.2072  1 15   24.1292    0.0000    0.0000    0.0000    0.9679    0.6606    0.0001   -1.0000    5.0783    3.9101  0.3318E+03  0.2191E+04 -0.2282E-06 -0.3797E-08  0.5560E-08  0.1793E-08  0.2488E-01  0.8450E-02  0.0000E+00 -0.1000E+01
   11.2142  1 15   24.1276    0.0000    0.0000    0.0000    0.9684    0.6606    0.0001   -1.0000    5.0787    3.9101  0.3310E+03  0.2191E+04 -0.2282E-06 -0.3797E-08  0.5593E-08  0.1793E-08  0.2499E-01  0.8450E-02  0.0000E+00 -0.1000E+01
   11.2212  1 15   24.1260    0.0000    0.0000    0.0000    0.9688    0.6606    0.0001   -1.0000    5.0790    3.9101  0.3302E+03  0.2191E+04 -0.2282E-06 -0.3797E-08  0.5626E-08  0.1793E-08  0.2510E-01  0.8450E-02  0.0000E+00 -0.1000E+01
   11.2282  1 15   24.1244    0.0000    0.0000    0.0000    0.9692    0.6606    0.0001   -1.0000    5.0794    3.9101  0.3294E+03  0.2191E+04 -0.2282E-06 -0.3797E-08  0.5659E-08  0.1793E-08  0.2521E-01  0.8450E-02  0.0000E+00 -0.1000E+01
   11.2352  1 15   24.1228    0.0000    0.0000    0.0000    0.9696    0.6606    0.0001   -1.0000    5.0798    3.9101  0.3287E+03  0.2191E+04 -0.2282E-06 -0.3797E-08  0.5693E-08  0.1793E-08  0.2532E-01  0.8450E-02  0.0000E+00 -0.1000E+01
   11.2422  1 15   24.1212    0.0000    0.0000    0.0000    0.9701    0.6606    0.0001   -1.0000    5.0802    3.9101  0.3279E+03  0.2191E+04 -0.2282E-06 -0.3797E-08  0.5726E-08  0.1793E-08  0.2543E-01  0.8450E-02  0.0000E+00 -0.1000E+01
   11.2492  1 15   24.1196    0.0000    0.0000    0.0000    0.9705    0.6606    0.0001   -1.0000    5.0806    3.9101  0.3271E+03  0.2191E+04 -0.2282E-06 -0.3797E-08  0.5759E-08  0.1793E-08  0.2554E-01  0.8450E-02  0.0000E+00 -0.1000E+01
   11.2562  1 15   24.1180    0.0000    0.0000    0.0000    0.9709    0.6606    0.0001   -1.0000    5.0810    3.9101  0.3264E+03  0.2191E+04 -0.2282E-06 -0.3797E-08  0.5792E-08  0.1793E-08  0.2564E-01  0.8450E-02  0.0000E+00 -0.1000E+01
   11.2632  1 15   24.1164    0.0000    0.0000    0.0000    0.9713    0.6606    0.0001   -1.0000    5.0813    3.9101  0.3256E+03  0.2191E+04 -0.2282E-06 -0.3797E-08  0.5826E-08  0.1793E-08  0.2575E-01  0.8450E-02  0.0000E+00 -0.1000E+01
   11.2703  1 15   24.1148    0.0000    0.0000    0.0000    0.9718    0.6606    0.0001   -1.0000    5.0817    3.9101  0.3248E+03  0.2191E+04 -0.2282E-06 -0.3797E-08  0.5859E-08  0.1793E-08  0.2586E-01  0.8450E-02  0.0000E+00 -0.1000E+01
   11.2773  1 15   24.1132    0.0000    0.0000    0.0000    0.9722    0.6606    0.0001   -1.0000    5.0821    3.9101  0.3241E+03  0.2191E+04 -0.2300E-06 -0.3797E-08  0.5895E-08  0.1793E-08  0.2598E-01  0.8450E-02  0.0000E+00 -0.1000E+01
   11.2843  1 15   24.1116    0.0000    0.0000    0.0000    0.9727    0.6606    0.0001   -1.0000    5.0825    3.9101  0.3233E+03  0.2191E+04 -0.2326E-06 -0.3797E-08  0.5933E-08  0.1793E-08  0.2610E-01  0.8450E-02  0.0000E+00 -0.1000E+01
   11.2913  1 15   24.1099    0.0000    0.0000    0.0000    0.9731    0.6606    0.0001   -1.0000    5.0829    3.9101  0.3225E+03  0.2191E+04 -0.2335E-06 -0.3797E-08  0.5972E-08  0.1793E-08  0.2623E-01  0.8450E-02  0.0000E+00 -0.1000E+01
   11.2983  1 15   24.1083    0.0000    0.0000    0.0000    0.9736    0.6606    0.0001   -1.0000    5.0833    3.9101  0.3217E+03  0.2191E+04 -0.2335E-06 -0.3797E-08  0.6010E-08  0.1793E-08  0.2635E-01  0.8450E-02  0.0000E+00 -0.1000E+01
   11.3053  1 15   24.1067    0.0000    0.0000    0.0000    0.9740    0.6606    0.0001   -1.0000    5.0837    3.9101  0.3209E+03  0.2191E+04 -0.2335E-06 -0.3797E-08  0.6048E-08  0.1793E-08  0.2647E-01  0.8450E-02  0.0000E+00 -0.1000E+01
   11.3123  1 15   24.1050    0.0000    0.0000    0.0000    0.9744    0.6606    0.0001   -1.0000    5.0841    3.9101  0.3201E+03  0.2191E+04 -0.2335E-06 -0.3797E-08  0.6086E-08  0.1793E-08  0.2659E-01  0.8450E-02  0.0000E+00 -0.1000E+01
   11.3193  1 15   24.1034    0.0000    0.0000    0.0000    0.9749    0.6606    0.0001   -1.0000    5.0845    3.9101  0.3193E+03  0.2191E+04 -0.2335E-06 -0.3797E-08  0.6124E-08  0.1793E-08  0.2672E-01  0.8450E-02  0.0000E+00 -0.1000E+01
   11.3263  1 15   24.1018    0.0000    0.0000    0.0000    0.9753    0.6606    0.0001   -1.0000    5.0849    3.9101  0.3186E+03  0.2191E+04 -0.2335E-06 -0.3797E-08  0.6162E-08  0.1793E-08  0.2684E-01  0.8450E-02  0.0000E+00 -0.1000E+01
   11.3333  1 15   24.1001    0.0000    0.0000    0.0000    0.9758    0.6606    0.0001   -1.0000    5.0852    3.9101  0.3178E+03  0.2191E+04 -0.2335E-06 -0.3797E-08  0.6200E-08  0.1793E-08  0.2696E-01  0.8450E-02  0.0000E+00 -0.1000E+01
   11.3403  1 15   24.0985    0.0000    0.0000    0.0000    0.9762    0.6606    0.0001   -1.0000    5.0856    3.9101  0.3170E+03  0.2191E+04 -0.2335E-06 -0.3797E-08  0.6238E-08  0.1793E-08  0.2709E-01  0.8450E-02  0.0000E+00 -0.1000E+01
   11.3473  1 15   24.0968    0.0000    0.0000    0.0000    0.9767    0.6606    0.0001   -1.0000    5.0860    3.9101  0.3162E+03  0.2191E+04 -0.2335E-06 -0.3797E-08  0.6277E-08  0.1793E-08  0.2721E-01  0.8450E-02  0.0000E+00 -0.1000E+01
   11.3543  1 15   24.0952    0.0000    0.0000    0.0000    0.9771    0.6606    0.0001   -1.0000    5.0864    3.9101  0.3155E+03  0.2191E+04 -0.2335E-06 -0.3797E-08  0.6315E-08  0.1793E-08  0.2733E-01  0.8450E-02  0.0000E+00 -0.1000E+01
   11.3613  1 15   24.0936    0.0000    0.0000    0.0000    0.9776    0.6606    0.0001   -1.0000    5.0868    3.9101  0.3147E+03  0.2191E+04 -0.2335E-06 -0.3797E-08  0.6353E-08  0.1793E-08  0.2746E-01  0.8450E-02  0.0000E+00 -0.1000E+01
   11.3683  1 15   24.0919    0.0000    0.0000    0.0000    0.9780    0.6606    0.0001   -1.0000    5.0872    3.9101  0.3139E+03  0.2191E+04 -0.2335E-06 -0.3797E-08  0.6391E-08  0.1793E-08  0.2758E-01  0.8450E-02  0.0000E+00 -0.1000E+01
   11.3754  1 15   24.0903    0.0000    0.0000    0.0000    0.9785    0.6606    0.0001   -1.0000    5.0876    3.9101  0.3132E+03  0.2191E+04 -0.2335E-06 -0.3797E-08  0.6429E-08  0.1793E-08  0.2770E-01  0.8450E-02  0.0000E+00 -0.1000E+01
   11.3824  1 15   24.0887    0.0000    0.0000    0.0000    0.9789    0.6606    0.0001   -1.0000    5.0880    3.9101  0.3124E+03  0.2191E+04 -0.2335E-06 -0.3797E-08  0.6467E-08  0.1793E-08  0.2783E-01  0.8450E-02  0.0000E+00 -0.1000E+01
   11.3894  1 15   24.0870    0.0000    0.0000    0.0000    0.9794    0.6606    0.0001   -1.0000    5.0884    3.9101  0.3116E+03  0.2191E+04 -0.2358E-06 -0.3797E-08  0.6510E-08  0.1793E-08  0.2796E-01  0.8450E-02  0.0000E+00 -0.1000E+01
   11.3964  1 15   24.0853    0.0000    0.0000    0.0000    0.9798    0.6606    0.0001   -1.0000    5.0888    3.9101  0.3108E+03  0.2191E+04 -0.2385E-06 -0.3797E-08  0.6554E-08  0.1793E-08  0.2810E-01  0.8450E-02  0.0000E+00 -0.1000E+01
   11.4034  1 15   24.0837    0.0000    0.0000    0.0000    0.9803    0.6606    0.0001   -1.0000    5.0892    3.9101  0.3100E+03  0.2191E+04 -0.2390E-06 -0.3797E-08  0.6598E-08  0.1793E-08  0.2825E-01  0.8450E-02  0.0000E+00 -0.1000E+01
   11.4104  1 15   24.0820    0.0000    0.0000    0.0000    0.9808    0.6606    0.0001   -1.0000    5.0896    3.9101  0.3092E+03  0.2191E+04 -0.2390E-06 -0.3797E-08  0.6642E-08  0.1793E-08  0.2839E-01  0.8450E-02  0.0000E+00 -0.1000E+01
   11.4174  1 15   24.0803    0.0000    0.0000    0.0000    0.9813    0.6606    0.0001   -1.0000    5.0900    3.9101  0.3084E+03  0.2191E+04 -0.2390E-06 -0.3797E-08  0.6685E-08  0.1793E-08  0.2853E-01  0.8450E-02  0.0000E+00 -0.1000E+01
   11.4244  1 15   24.0786    0.0000    0.0000    0.0000    0.9817    0.6606    0.0001   -1.0000    5.0904    3.9101  0.3077E+03  0.2191E+04 -0.2390E-06 -0.3797E-08  0.6729E-08  0.1793E-08  0.2867E-01  0.8450E-02  0.0000E+00 -0.1000E+01
   11.4314  1 15   24.0770    0.0000    0.0000    0.0000    0.9822    0.6606    0.0001   -1.0000    5.0908    3.9101  0.3069E+03  0.2191E+04 -0.2390E-06 -0.3797E-08  0.6773E-08  0.1793E-08  0.2881E-01  0.8450E-02  0.0000E+00 -0.1000E+01
   11.4384  1 15   24.0753    0.0000    0.0000    0.0000    0.9827    0.6606    0.0001   -1.0000    5.0912    3.9101  0.3061E+03  0.2191E+04 -0.2390E-06 -0.3797E-08  0.6817E-08  0.1793E-08  0.2895E-01  0.8450E-02  0.0000E+00 -0.1000E+01
   11.4454  1 15   24.0736    0.0000    0.0000    0.0000    0.9831    0.6606    0.0001   -1.0000    5.0916    3.9101  0.3053E+03  0.2191E+04 -0.2390E-06 -0.3797E-08  0.6861E-08  0.1793E-08  0.2909E-01  0.8450E-02  0.0000E+00 -0.1000E+01
   11.4524  1 15   24.0719    0.0000    0.0000    0.0000    0.9836    0.6606    0.0001   -1.0000    5.0920    3.9101  0.3045E+03  0.2191E+04 -0.2390E-06 -0.3797E-08  0.6905E-08  0.1793E-08  0.2923E-01  0.8450E-02  0.0000E+00 -0.1000E+01
   11.4594  1 15   24.0703    0.0000    0.0000    0.0000    0.9841    0.6606    0.0001   -1.0000    5.0924    3.9101  0.3038E+03  0.2191E+04 -0.2390E-06 -0.3797E-08  0.6949E-08  0.1793E-08  0.2937E-01  0.8450E-02  0.0000E+00 -0.1000E+01
   11.4664  1 15   24.0686    0.0000    0.0000    0.0000    0.9845    0.6606    0.0001   -1.0000    5.0928    3.9101  0.3030E+03  0.2191E+04 -0.2390E-06 -0.3797E-08  0.6993E-08  0.1793E-08  0.2951E-01  0.8450E-02  0.0000E+00 -0.1000E+01
   11.4734  1 15   24.0669    0.0000    0.0000    0.0000    0.9850    0.6606    0.0001   -1.0000    5.0932    3.9101  0.3022E+03  0.2191E+04 -0.2390E-06 -0.3797E-08  0.7036E-08  0.1793E-08  0.2965E-01  0.8450E-02  0.0000E+00 -0.1000E+01
   11.4805  1 15   24.0652    0.0000    0.0000    0.0000    0.9855    0.6606    0.0001   -1.0000    5.0936    3.9101  0.3014E+03  0.2191E+04 -0.2390E-06 -0.3797E-08  0.7080E-08  0.1793E-08  0.2979E-01  0.8450E-02  0.0000E+00 -0.1000E+01
   11.4875  1 15   24.0636    0.0000    0.0000    0.0000    0.9859    0.6606    0.0001   -1.0000    5.0940    3.9101  0.3007E+03  0.2191E+04 -0.2390E-06 -0.3797E-08  0.7124E-08  0.1793E-08  0.2993E-01  0.8450E-02  0.0000E+00 -0.1000E+01
   11.4945  1 15   24.0619    0.0000    0.0000    0.0000    0.9864    0.6606    0.0001   -1.0000    5.0944    3.9101  0.2999E+03  0.2191E+04 -0.2390E-06 -0.3797E-08  0.7168E-08  0.1793E-08  0.3007E-01  0.8450E-02  0.0000E+00 -0.1000E+01
   11.5015  1 15   24.0602    0.0000    0.0000    0.0000    0.9869    0.6606    0.0001   -1.0000    5.0948    3.9101  0.2991E+03  0.2191E+04 -0.2406E-06 -0.3797E-08  0.7216E-08  0.1793E-08  0.3019E-01  0.8450E-02  0.0000E+00 -0.1000E+01
   11.5085  1 15   24.0585    0.0000    0.0000    0.0000    0.9874    0.6606    0.0001   -1.0000    5.0952    3.9101  0.2983E+03  0.2191E+04 -0.2434E-06 -0.3797E-08  0.7267E-08  0.1793E-08  0.3028E-01  0.8450E-02  0.0000E+00 -0.1000E+01
   11.5155  1 15   24.0568    0.0000    0.0000    0.0000    0.9879    0.6606    0.0001   -1.0000    5.0956    3.9101  0.2975E+03  0.2191E+04 -0.2447E-06 -0.3797E-08  0.7319E-08  0.1793E-08  0.3037E-01  0.8450E-02  0.0000E+00 -0.1000E+01
   11.5225  1 15   24.0551    0.0000    0.0000    0.0000    0.9884    0.6606    0.0001   -1.0000    5.0960    3.9101  0.2967E+03  0.2191E+04 -0.2447E-06 -0.3797E-08  0.7370E-08  0.1793E-08  0.3045E-01  0.8450E-02  0.0000E+00 -0.1000E+01
   11.5295  1 15   24.0534    0.0000    0.0000    0.0000    0.9889    0.6606    0.0001   -1.0000    5.0964    3.9101  0.2959E+03  0.2191E+04 -0.2447E-06 -0.3797E-08  0.7421E-08  0.1793E-08  0.3054E-01  0.8450E-02  0.0000E+00 -0.1000E+01
   11.5365  1 15   24.0516    0.0000    0.0000    0.0000    0.9894    0.6606    0.0001   -1.0000    5.0968    3.9101  0.2951E+03  0.2191E+04 -0.2447E-06 -0.3797E-08  0.7473E-08  0.1793E-08  0.3063E-01  0.8450E-02  0.0000E+00 -0.1000E+01
   11.5435  1 15   24.0499    0.0000    0.0000    0.0000    0.9899    0.6606    0.0001   -1.0000    5.0972    3.9101  0.2944E+03  0.2191E+04 -0.2447E-06 -0.3797E-08  0.7524E-08  0.1793E-08  0.3072E-01  0.8450E-02  0.0000E+00 -0.1000E+01
   11.5505  1 15   24.0482    0.0000    0.0000    0.0000    0.9903    0.6606    0.0001   -1.0000    5.0976    3.9101  0.2936E+03  0.2191E+04 -0.2447E-06 -0.3797E-08  0.7575E-08  0.1793E-08  0.3081E-01  0.8450E-02  0.0000E+00 -0.1000E+01
   11.5575  1 15   24.0465    0.0000    0.0000    0.0000    0.9908    0.6606    0.0001   -1.0000    5.0980    3.9101  0.2928E+03  0.2191E+04 -0.2447E-06 -0.3797E-08  0.7626E-08  0.1793E-08  0.3090E-01  0.8450E-02  0.0000E+00 -0.1000E+01
   11.5645  1 15   24.0448    0.0000    0.0000    0.0000    0.9913    0.6606    0.0001   -1.0000    5.0984    3.9101  0.2920E+03  0.2191E+04 -0.2447E-06 -0.3797E-08  0.7678E-08  0.1793E-08  0.3099E-01  0.8450E-02  0.0000E+00 -0.1000E+01
   11.5715  1 15   24.0431    0.0000    0.0000    0.0000    0.9918    0.6606    0.0001   -1.0000    5.0988    3.9101  0.2912E+03  0.2191E+04 -0.2447E-06 -0.3797E-08  0.7729E-08  0.1793E-08  0.3108E-01  0.8450E-02  0.0000E+00 -0.1000E+01
   11.5785  1 15   24.0414    0.0000    0.0000    0.0000    0.9923    0.6606    0.0001   -1.0000    5.0992    3.9101  0.2904E+03  0.2191E+04 -0.2447E-06 -0.3797E-08  0.7780E-08  0.1793E-08  0.3117E-01  0.8450E-02  0.0000E+00 -0.1000E+01
   11.5855  1 15   24.0396    0.0000    0.0000    0.0000    0.9928    0.6606    0.0001   -1.0000    5.0996    3.9101  0.2897E+03  0.2191E+04 -0.2447E-06 -0.3797E-08  0.7832E-08  0.1793E-08  0.3126E-01  0.8450E-02  0.0000E+00 -0.1000E+01
   11.5926  1 15   24.0379    0.0000    0.0000    0.0000    0.9933    0.6606    0.0001   -1.0000    5.1000    3.9101  0.2889E+03  0.2191E+04 -0.2447E-06 -0.3797E-08  0.7883E-08  0.1793E-08  0.3135E-01  0.8450E-02  0.0000E+00 -0.1000E+01
   11.5996  1 15   24.0362    0.0000    0.0000    0.0000    0.9938    0.6606    0.0001   -1.0000    5.1004    3.9101  0.2881E+03  0.2191E+04 -0.2447E-06 -0.3797E-08  0.7934E-08  0.1793E-08  0.3144E-01  0.8450E-02  0.0000E+00 -0.1000E+01
   11.6066  1 15   24.0345    0.0000    0.0000    0.0000    0.9943    0.6606    0.0001   -1.0000    5.1009    3.9101  0.2874E+03  0.2191E+04 -0.2447E-06 -0.3797E-08  0.7986E-08  0.1793E-08  0.3153E-01  0.8450E-02  0.0000E+00 -0.1000E+01
   11.6136  1 15   24.0328    0.0000    0.0000    0.0000    0.9948    0.6606    0.0001   -1.0000    5.1013    3.9101  0.2866E+03  0.2191E+04 -0.2447E-06 -0.3797E-08  0.8037E-08  0.1793E-08  0.3162E-01  0.8450E-02  0.0000E+00 -0.1000E+01
   11.6206  1 15   24.0311    0.0000    0.0000    0.0000    0.9953    0.6606    0.0001   -1.0000    5.1017    3.9101  0.2858E+03  0.2191E+04 -0.2473E-06 -0.3797E-08  0.8096E-08  0.1793E-08  0.3183E-01  0.8450E-02  0.0000E+00 -0.1000E+01
   11.6276  1 15   24.0293    0.0000    0.0000    0.0000    0.9958    0.6606    0.0001   -1.0000    5.1021    3.9101  0.2850E+03  0.2191E+04 -0.2501E-06 -0.3797E-08  0.8156E-08  0.1793E-08  0.3206E-01  0.8450E-02  0.0000E+00 -0.1000E+01
   11.6346  1 15   24.0275    0.0000    0.0000    0.0000    0.9963    0.6606    0.0001   -1.0000    5.1025    3.9101  0.2842E+03  0.2191E+04 -0.2504E-06 -0.3797E-08  0.8217E-08  0.1793E-08  0.3229E-01  0.8450E-02  0.0000E+00 -0.1000E+01
   11.6416  1 15   24.0258    0.0000    0.0000    0.0000    0.9968    0.6606    0.0001   -1.0000    5.1029    3.9101  0.2834E+03  0.2191E+04 -0.2504E-06 -0.3797E-08  0.8277E-08  0.1793E-08  0.3252E-01  0.8450E-02  0.0000E+00 -0.1000E+01
   11.6486  1 15   24.0240    0.0000    0.0000    0.0000    0.9974    0.6606    0.0001   -1.0000    5.1033    3.9101  0.2826E+03  0.2191E+04 -0.2504E-06 -0.3797E-08  0.8337E-08  0.1793E-08  0.3275E-01  0.8450E-02  0.0000E+00 -0.1000E+01
   11.6556  1 15   24.0223    0.0000    0.0000    0.0000    0.9979    0.6606    0.0001   -1.0000    5.1037    3.9101  0.2818E+03  0.2191E+04 -0.2504E-06 -0.3797E-08  0.8397E-08  0.1793E-08  0.3298E-01  0.8450E-02  0.0000E+00 -0.1000E+01
   11.6626  1 15   24.0205    0.0000    0.0000    0.0000    0.9984    0.6606    0.0001   -1.0000    5.1041    3.9101  0.2810E+03  0.2191E+04 -0.2504E-06 -0.3797E-08  0.8458E-08  0.1793E-08  0.3321E-01  0.8450E-02  0.0000E+00 -0.1000E+01
   11.6696  1 15   24.0188    0.0000    0.0000    0.0000    0.9989    0.6606    0.0001   -1.0000    5.1046    3.9101  0.2803E+03  0.2191E+04 -0.2504E-06 -0.3797E-08  0.8518E-08  0.1793E-08  0.3344E-01  0.8450E-02  0.0000E+00 -0.1000E+01
   11.6766  1 15   24.0170    0.0000    0.0000    0.0000    0.9994    0.6606    0.0001   -1.0000    5.1050    3.9101  0.2795E+03  0.2191E+04 -0.2504E-06 -0.3797E-08  0.8578E-08  0.1793E-08  0.3367E-01  0.8450E-02  0.0000E+00 -0.1000E+01
   11.6836  1 15   24.0153    0.0000    0.0000    0.0000    1.0000    0.6606    0.0001   -1.0000    5.1054    3.9101  0.2787E+03  0.2191E+04 -0.2504E-06 -0.3797E-08  0.8638E-08  0.1793E-08  0.3390E-01  0.8450E-02  0.0000E+00 -0.1000E+01
   11.6906  1 15   24.0135    0.0000    0.0000    0.0000    1.0005    0.6606    0.0001   -1.0000    5.1058    3.9101  0.2779E+03  0.2191E+04 -0.2504E-06 -0.3797E-08  0.8698E-08  0.1793E-08  0.3413E-01  0.8450E-02  0.0000E+00 -0.1000E+01
   11.6977  1 15   24.0118    0.0000    0.0000    0.0000    1.0010    0.6606    0.0001   -1.0000    5.1062    3.9101  0.2771E+03  0.2191E+04 -0.2504E-06 -0.3797E-08  0.8759E-08  0.1793E-08  0.3436E-01  0.8450E-02  0.0000E+00 -0.1000E+01
   11.7047  1 15   24.0100    0.0000    0.0000    0.0000    1.0015    0.6606    0.0001   -1.0000    5.1066    3.9101  0.2764E+03  0.2191E+04 -0.2504E-06 -0.3797E-08  0.8819E-08  0.1793E-08  0.3459E-01  0.8450E-02  0.0000E+00 -0.1000E+01
   11.7117  1 15   24.0082    0.0000    0.0000    0.0000    1.0020    0.6606    0.0001   -1.0000    5.1070    3.9101  0.2756E+03  0.2191E+04 -0.2504E-06 -0.3797E-08  0.8879E-08  0.1793E-08  0.3482E-01  0.8450E-02  0.0000E+00 -0.1000E+01
   11.7187  1 15   24.0065    0.0000    0.0000    0.0000    1.0025    0.6606    0.0001   -1.0000    5.1074    3.9101  0.2748E+03  0.2191E+04 -0.2504E-06 -0.3797E-08  0.8939E-08  0.1793E-08  0.3505E-01  0.8450E-02  0.0000E+00 -0.1000E+01
   11.7257  1 15   24.0047    0.0000    0.0000    0.0000    1.0031    0.6606    0.0001   -1.0000    5.1079    3.9101  0.2741E+03  0.2191E+04 -0.2504E-06 -0.3797E-08  0.9000E-08  0.1793E-08  0.3528E-01  0.8450E-02  0.0000E+00 -0.1000E+01
   11.7327  1 15   24.0030    0.0000    0.0000    0.0000    1.0036    0.6606    0.0001   -1.0000    5.1083    3.9101  0.2733E+03  0.2191E+04 -0.2504E-06 -0.3797E-08  0.9060E-08  0.1793E-08  0.3551E-01  0.8450E-02  0.0000E+00 -0.1000E+01
   11.7397  1 15   24.0012    0.0000    0.0000    0.0000    1.0041    0.6606    0.0001   -1.0000    5.1087    3.9101  0.2725E+03  0.2191E+04 -0.2528E-06 -0.3797E-08  0.9129E-08  0.1793E-08  0.3567E-01  0.8450E-02  0.0000E+00 -0.1000E+01
   11.7467  1 15   23.9994    0.0000    0.0000    0.0000    1.0046    0.6606    0.0001   -1.0000    5.1091    3.9101  0.2717E+03  0.2191E+04 -0.2557E-06 -0.3797E-08  0.9200E-08  0.1793E-08  0.3581E-01  0.8450E-02  0.0000E+00 -0.1000E+01
   11.7537  1 15   23.9976    0.0000    0.0000    0.0000    1.0052    0.6606    0.0001   -1.0000    5.1095    3.9101  0.2709E+03  0.2191E+04 -0.2562E-06 -0.3797E-08  0.9271E-08  0.1793E-08  0.3596E-01  0.8450E-02  0.0000E+00 -0.1000E+01
   11.7607  1 15   23.9958    0.0000    0.0000    0.0000    1.0057    0.6606    0.0001   -1.0000    5.1099    3.9101  0.2701E+03  0.2191E+04 -0.2562E-06 -0.3797E-08  0.9342E-08  0.1793E-08  0.3610E-01  0.8450E-02  0.0000E+00 -0.1000E+01
   11.7677  1 15   23.9940    0.0000    0.0000    0.0000    1.0063    0.6606    0.0001   -1.0000    5.1104    3.9101  0.2693E+03  0.2191E+04 -0.2562E-06 -0.3797E-08  0.9413E-08  0.1793E-08  0.3625E-01  0.8450E-02  0.0000E+00 -0.1000E+01
   11.7747  1 15   23.9922    0.0000    0.0000    0.0000    1.0068    0.6606    0.0001   -1.0000    5.1108    3.9101  0.2686E+03  0.2191E+04 -0.2562E-06 -0.3797E-08  0.9484E-08  0.1793E-08  0.3639E-01  0.8450E-02  0.0000E+00 -0.1000E+01
   11.7817  1 15   23.9904    0.0000    0.0000    0.0000    1.0074    0.6606    0.0001   -1.0000    5.1112    3.9101  0.2678E+03  0.2191E+04 -0.2562E-06 -0.3797E-08  0.9555E-08  0.1793E-08  0.3654E-01  0.8450E-02  0.0000E+00 -0.1000E+01
   11.7887  1 15   23.9887    0.0000    0.0000    0.0000    1.0079    0.6606    0.0001   -1.0000    5.1116    3.9101  0.2670E+03  0.2191E+04 -0.2562E-06 -0.3797E-08  0.9627E-08  0.1793E-08  0.3668E-01  0.8450E-02  0.0000E+00 -0.1000E+01
   11.7957  1 15   23.9869    0.0000    0.0000    0.0000    1.0084    0.6606    0.0001   -1.0000    5.1120    3.9101  0.2662E+03  0.2191E+04 -0.2562E-06 -0.3797E-08  0.9698E-08  0.1793E-08  0.3683E-01  0.8450E-02  0.0000E+00 -0.1000E+01
   11.8027  1 15   23.9851    0.0000    0.0000    0.0000    1.0090    0.6606    0.0001   -1.0000    5.1125    3.9101  0.2654E+03  0.2191E+04 -0.2562E-06 -0.3797E-08  0.9769E-08  0.1793E-08  0.3697E-01  0.8450E-02  0.0000E+00 -0.1000E+01
   11.8098  1 15   23.9833    0.0000    0.0000    0.0000    1.0095    0.6606    0.0001   -1.0000    5.1129    3.9101  0.2647E+03  0.2191E+04 -0.2562E-06 -0.3797E-08  0.9840E-08  0.1793E-08  0.3712E-01  0.8450E-02  0.0000E+00 -0.1000E+01
   11.8168  1 15   23.9815    0.0000    0.0000    0.0000    1.0101    0.6606    0.0001   -1.0000    5.1133    3.9101  0.2639E+03  0.2191E+04 -0.2562E-06 -0.3797E-08  0.9911E-08  0.1793E-08  0.3726E-01  0.8450E-02  0.0000E+00 -0.1000E+01
   11.8238  1 15   23.9797    0.0000    0.0000    0.0000    1.0106    0.6606    0.0001   -1.0000    5.1137    3.9101  0.2631E+03  0.2191E+04 -0.2562E-06 -0.3797E-08  0.9982E-08  0.1793E-08  0.3741E-01  0.8450E-02  0.0000E+00 -0.1000E+01
   11.8308  1 15   23.9779    0.0000    0.0000    0.0000    1.0112    0.6606    0.0001   -1.0000    5.1141    3.9101  0.2624E+03  0.2191E+04 -0.2562E-06 -0.3797E-08  0.1005E-07  0.1793E-08  0.3755E-01  0.8450E-02  0.0000E+00 -0.1000E+01
   11.8378  1 15   23.9761    0.0000    0.0000    0.0000    1.0117    0.6606    0.0001   -1.0000    5.1145    3.9101  0.2616E+03  0.2191E+04 -0.2562E-06 -0.3797E-08  0.1012E-07  0.1793E-08  0.3770E-01  0.8450E-02  0.0000E+00 -0.1000E+01
   11.8448  1 15   23.9743    0.0000    0.0000    0.0000    1.0122    0.6606    0.0001   -1.0000    5.1150    3.9101  0.2608E+03  0.2191E+04 -0.2562E-06 -0.3797E-08  0.1020E-07  0.1793E-08  0.3784E-01  0.8450E-02  0.0000E+00 -0.1000E+01
   11.8518  1 15   23.9725    0.0000    0.0000    0.0000    1.0128    0.6606    0.0001   -1.0000    5.1154    3.9101  0.2601E+03  0.2191E+04 -0.2562E-06 -0.3797E-08  0.1027E-07  0.1793E-08  0.3799E-01  0.8450E-02  0.0000E+00 -0.1000E+01
   11.8588  1 15   23.9707    0.0000    0.0000    0.0000    1.0133    0.6606    0.0001   -1.0000    5.1158    3.9101  0.2593E+03  0.2191E+04 -0.2572E-06 -0.3797E-08  0.1034E-07  0.1793E-08  0.3816E-01  0.8450E-02  0.0000E+00 -0.1000E+01
   11.8658  1 15   23.9689    0.0000    0.0000    0.0000    1.0139    0.6606    0.0001   -1.0000    5.1162    3.9101  0.2585E+03  0.2191E+04 -0.2603E-06 -0.3797E-08  0.1043E-07  0.1793E-08  0.3840E-01  0.8450E-02  0.0000E+00 -0.1000E+01
   11.8728  1 15   23.9670    0.0000    0.0000    0.0000    1.0145    0.6606    0.0001   -1.0000    5.1167    3.9101  0.2577E+03  0.2191E+04 -0.2623E-06 -0.3797E-08  0.1051E-07  0.1793E-08  0.3864E-01  0.8450E-02  0.0000E+00 -0.1000E+01
   11.8798  1 15   23.9652    0.0000    0.0000    0.0000    1.0151    0.6606    0.0001   -1.0000    5.1171    3.9101  0.2569E+03  0.2191E+04 -0.2623E-06 -0.3797E-08  0.1060E-07  0.1793E-08  0.3888E-01  0.8450E-02  0.0000E+00 -0.1000E+01
   11.8868  1 15   23.9634    0.0000    0.0000    0.0000    1.0156    0.6606    0.0001   -1.0000    5.1175    3.9101  0.2561E+03  0.2191E+04 -0.2623E-06 -0.3797E-08  0.1068E-07  0.1793E-08  0.3912E-01  0.8450E-02  0.0000E+00 -0.1000E+01
   11.8938  1 15   23.9615    0.0000    0.0000    0.0000    1.0162    0.6606    0.0001   -1.0000    5.1179    3.9101  0.2553E+03  0.2191E+04 -0.2623E-06 -0.3797E-08  0.1077E-07  0.1793E-08  0.3936E-01  0.8450E-02  0.0000E+00 -0.1000E+01
   11.9008  1 15   23.9597    0.0000    0.0000    0.0000    1.0168    0.6606    0.0001   -1.0000    5.1184    3.9101  0.2546E+03  0.2191E+04 -0.2623E-06 -0.3797E-08  0.1085E-07  0.1793E-08  0.3960E-01  0.8450E-02  0.0000E+00 -0.1000E+01
   11.9078  1 15   23.9578    0.0000    0.0000    0.0000    1.0173    0.6606    0.0001   -1.0000    5.1188    3.9101  0.2538E+03  0.2191E+04 -0.2623E-06 -0.3797E-08  0.1094E-07  0.1793E-08  0.3984E-01  0.8450E-02  0.0000E+00 -0.1000E+01
   11.9149  1 15   23.9560    0.0000    0.0000    0.0000    1.0179    0.6606    0.0001   -1.0000    5.1192    3.9101  0.2530E+03  0.2191E+04 -0.2623E-06 -0.3797E-08  0.1102E-07  0.1793E-08  0.4008E-01  0.8450E-02  0.0000E+00 -0.1000E+01
   11.9219  1 15   23.9542    0.0000    0.0000    0.0000    1.0185    0.6606    0.0001   -1.0000    5.1196    3.9101  0.2522E+03  0.2191E+04 -0.2623E-06 -0.3797E-08  0.1111E-07  0.1793E-08  0.4032E-01  0.8450E-02  0.0000E+00 -0.1000E+01
   11.9289  1 15   23.9523    0.0000    0.0000    0.0000    1.0191    0.6606    0.0001   -1.0000    5.1201    3.9101  0.2514E+03  0.2191E+04 -0.2623E-06 -0.3797E-08  0.1120E-07  0.1793E-08  0.4056E-01  0.8450E-02  0.0000E+00 -0.1000E+01
   11.9359  1 15   23.9505    0.0000    0.0000    0.0000    1.0196    0.6606    0.0001   -1.0000    5.1205    3.9101  0.2507E+03  0.2191E+04 -0.2623E-06 -0.3797E-08  0.1128E-07  0.1793E-08  0.4080E-01  0.8450E-02  0.0000E+00 -0.1000E+01
   11.9429  1 15   23.9487    0.0000    0.0000    0.0000    1.0202    0.6606    0.0001   -1.0000    5.1209    3.9101  0.2499E+03  0.2191E+04 -0.2623E-06 -0.3797E-08  0.1137E-07  0.1793E-08  0.4104E-01  0.8450E-02  0.0000E+00 -0.1000E+01
   11.9499  1 15   23.9468    0.0000    0.0000    0.0000    1.0208    0.6606    0.0001   -1.0000    5.1213    3.9101  0.2491E+03  0.2191E+04 -0.2623E-06 -0.3797E-08  0.1145E-07  0.1793E-08  0.4128E-01  0.8450E-02  0.0000E+00 -0.1000E+01
   11.9569  1 15   23.9450    0.0000    0.0000    0.0000    1.0214    0.6606    0.0001   -1.0000    5.1218    3.9101  0.2484E+03  0.2191E+04 -0.2623E-06 -0.3797E-08  0.1154E-07  0.1793E-08  0.4152E-01  0.8450E-02  0.0000E+00 -0.1000E+01
   11.9639  1 15   23.9431    0.0000    0.0000    0.0000    1.0219    0.6606    0.0001   -1.0000    5.1222    3.9101  0.2476E+03  0.2191E+04 -0.2623E-06 -0.3797E-08  0.1162E-07  0.1793E-08  0.4176E-01  0.8450E-02  0.0000E+00 -0.1000E+01
   11.9709  1 15   23.9413    0.0000    0.0000    0.0000    1.0225    0.6606    0.0001   -1.0000    5.1226    3.9101  0.2468E+03  0.2191E+04 -0.2623E-06 -0.3797E-08  0.1171E-07  0.1793E-08  0.4200E-01  0.8450E-02  0.0000E+00 -0.1000E+01
   11.9779  1 15   23.9395    0.0000    0.0000    0.0000    1.0231    0.6606    0.0001   -1.0000    5.1230    3.9101  0.2461E+03  0.2191E+04 -0.2623E-06 -0.3797E-08  0.1179E-07  0.1793E-08  0.4224E-01  0.8450E-02  0.0000E+00 -0.1000E+01
   11.9849  1 15   23.9376    0.0000    0.0000    0.0000    1.0237    0.6606    0.0001   -1.0000    5.1235    3.9101  0.2453E+03  0.2191E+04 -0.2635E-06 -0.3797E-08  0.1189E-07  0.1793E-08  0.4247E-01  0.8450E-02  0.0000E+00 -0.1000E+01
   11.9919  1 15   23.9358    0.0000    0.0000    0.0000    1.0243    0.6606    0.0001   -1.0000    5.1239    3.9101  0.2445E+03  0.2191E+04 -0.2664E-06 -0.3797E-08  0.1199E-07  0.1793E-08  0.4270E-01  0.8450E-02  0.0000E+00 -0.1000E+01
   11.9989  1 15   23.9339    0.0000    0.0000    0.0000    1.0249    0.6606    0.0001   -1.0000    5.1243    3.9101  0.2437E+03  0.2191E+04 -0.2679E-06 -0.3797E-08  0.1209E-07  0.1793E-08  0.4293E-01  0.8450E-02  0.0000E+00 -0.1000E+01
   12.0059  1 15   23.9320    0.0000    0.0000    0.0000    1.0255    0.6606    0.0001   -1.0000    5.1248    3.9101  0.2430E+03  0.2191E+04 -0.2679E-06 -0.3797E-08  0.1219E-07  0.1793E-08  0.4316E-01  0.8450E-02  0.0000E+00 -0.1000E+01
   12.0129  1 15   23.9301    0.0000    0.0000    0.0000    1.0261    0.6606    0.0001   -1.0000    5.1252    3.9101  0.2422E+03  0.2191E+04 -0.2679E-06 -0.3797E-08  0.1230E-07  0.1793E-08  0.4338E-01  0.8450E-02  0.0000E+00 -0.1000E+01
   12.0200  1 15   23.9283    0.0000    0.0000    0.0000    1.0267    0.6606    0.0001   -1.0000    5.1256    3.9101  0.2414E+03  0.2191E+04 -0.2679E-06 -0.3797E-08  0.1240E-07  0.1793E-08  0.4361E-01  0.8450E-02  0.0000E+00 -0.1000E+01
   12.0270  1 15   23.9264    0.0000    0.0000    0.0000    1.0273    0.6606    0.0001   -1.0000    5.1261    3.9101  0.2406E+03  0.2191E+04 -0.2679E-06 -0.3797E-08  0.1250E-07  0.1793E-08  0.4384E-01  0.8450E-02  0.0000E+00 -0.1000E+01
   12.0340  1 15   23.9245    0.0000    0.0000    0.0000    1.0279    0.6606    0.0001   -1.0000    5.1265    3.9101  0.2398E+03  0.2191E+04 -0.2679E-06 -0.3797E-08  0.1261E-07  0.1793E-08  0.4407E-01  0.8450E-02  0.0000E+00 -0.1000E+01
   12.0410  1 15   23.9226    0.0000    0.0000    0.0000    1.0285    0.6606    0.0001   -1.0000    5.1269    3.9101  0.2391E+03  0.2191E+04 -0.2679E-06 -0.3797E-08  0.1271E-07  0.1793E-08  0.4429E-01  0.8450E-02  0.0000E+00 -0.1000E+01
   12.0480  1 15   23.9207    0.0000    0.0000    0.0000    1.0291    0.6606    0.0001   -1.0000    5.1274    3.9101  0.2383E+03  0.2191E+04 -0.2679E-06 -0.3797E-08  0.1281E-07  0.1793E-08  0.4452E-01  0.8450E-02  0.0000E+00 -0.1000E+01
   12.0550  1 15   23.9189    0.0000    0.0000    0.0000    1.0297    0.6606    0.0001   -1.0000    5.1278    3.9101  0.2375E+03  0.2191E+04 -0.2679E-06 -0.3797E-08  0.1291E-07  0.1793E-08  0.4475E-01  0.8450E-02  0.0000E+00 -0.1000E+01
   12.0620  1 15   23.9170    0.0000    0.0000    0.0000    1.0303    0.6606    0.0001   -1.0000    5.1282    3.9101  0.2368E+03  0.2191E+04 -0.2679E-06 -0.3797E-08  0.1302E-07  0.1793E-08  0.4498E-01  0.8450E-02  0.0000E+00 -0.1000E+01
   12.0690  1 15   23.9151    0.0000    0.0000    0.0000    1.0309    0.6606    0.0001   -1.0000    5.1287    3.9101  0.2360E+03  0.2191E+04 -0.2679E-06 -0.3797E-08  0.1312E-07  0.1793E-08  0.4520E-01  0.8450E-02  0.0000E+00 -0.1000E+01
   12.0760  1 15   23.9132    0.0000    0.0000    0.0000    1.0315    0.6606    0.0001   -1.0000    5.1291    3.9101  0.2352E+03  0.2191E+04 -0.2679E-06 -0.3797E-08  0.1322E-07  0.1793E-08  0.4543E-01  0.8450E-02  0.0000E+00 -0.1000E+01
   12.0830  1 15   23.9114    0.0000    0.0000    0.0000    1.0321    0.6606    0.0001   -1.0000    5.1295    3.9101  0.2345E+03  0.2191E+04 -0.2679E-06 -0.3797E-08  0.1332E-07  0.1793E-08  0.4566E-01  0.8450E-02  0.0000E+00 -0.1000E+01
   12.0900  1 15   23.9095    0.0000    0.0000    0.0000    1.0327    0.6606    0.0001   -1.0000    5.1300    3.9101  0.2337E+03  0.2191E+04 -0.2679E-06 -0.3797E-08  0.1343E-07  0.1793E-08  0.4589E-01  0.8450E-02  0.0000E+00 -0.1000E+01
   12.0970  1 15   23.9076    0.0000    0.0000    0.0000    1.0333    0.6606    0.0001   -1.0000    5.1304    3.9101  0.2330E+03  0.2191E+04 -0.2679E-06 -0.3797E-08  0.1353E-07  0.1793E-08  0.4611E-01  0.8450E-02  0.0000E+00 -0.1000E+01
   12.1040  1 15   23.9057    0.0000    0.0000    0.0000    1.0340    0.6606    0.0001   -1.0000    5.1308    3.9101  0.2322E+03  0.2191E+04 -0.2679E-06 -0.3797E-08  0.1363E-07  0.1793E-08  0.4634E-01  0.8450E-02  0.0000E+00 -0.1000E+01
   12.1110  1 15   23.9039    0.0000    0.0000    0.0000    1.0346    0.6606    0.0001   -1.0000    5.1313    3.9101  0.2314E+03  0.2191E+04 -0.2683E-06 -0.3797E-08  0.1374E-07  0.1793E-08  0.4658E-01  0.8450E-02  0.0000E+00 -0.1000E+01
   12.1180  1 15   23.9020    0.0000    0.0000    0.0000    1.0352    0.6606    0.0001   -1.0000    5.1317    3.9101  0.2307E+03  0.2191E+04 -0.2703E-06 -0.3797E-08  0.1386E-07  0.1793E-08  0.4686E-01  0.8450E-02  0.0000E+00 -0.1000E+01
   12.1250  1 15   23.9000    0.0000    0.0000    0.0000    1.0358    0.6606    0.0001   -1.0000    5.1321    3.9101  0.2299E+03  0.2191E+04 -0.2720E-06 -0.3797E-08  0.1398E-07  0.1793E-08  0.4713E-01  0.8450E-02  0.0000E+00 -0.1000E+01
   12.1321  1 15   23.8981    0.0000    0.0000    0.0000    1.0365    0.6606    0.0001   -1.0000    5.1326    3.9101  0.2291E+03  0.2191E+04 -0.2720E-06 -0.3797E-08  0.1411E-07  0.1793E-08  0.4741E-01  0.8450E-02  0.0000E+00 -0.1000E+01
   12.1391  1 15   23.8962    0.0000    0.0000    0.0000    1.0371    0.6606    0.0001   -1.0000    5.1330    3.9101  0.2284E+03  0.2191E+04 -0.2720E-06 -0.3797E-08  0.1423E-07  0.1793E-08  0.4769E-01  0.8450E-02  0.0000E+00 -0.1000E+01
   12.1461  1 15   23.8943    0.0000    0.0000    0.0000    1.0377    0.6606    0.0001   -1.0000    5.1335    3.9101  0.2276E+03  0.2191E+04 -0.2720E-06 -0.3797E-08  0.1435E-07  0.1793E-08  0.4797E-01  0.8450E-02  0.0000E+00 -0.1000E+01
   12.1531  1 15   23.8924    0.0000    0.0000    0.0000    1.0384    0.6606    0.0001   -1.0000    5.1339    3.9101  0.2268E+03  0.2191E+04 -0.2724E-06 -0.3797E-08  0.1448E-07  0.1793E-08  0.4825E-01  0.8450E-02  0.0000E+00 -0.1000E+01
   12.1601  1 15   23.8905    0.0000    0.0000    0.0000    1.0390    0.6606    0.0001   -1.0000    5.1343    3.9101  0.2260E+03  0.2191E+04 -0.2732E-06 -0.3797E-08  0.1460E-07  0.1793E-08  0.4853E-01  0.8450E-02  0.0000E+00 -0.1000E+01
   12.1671  1 15   23.8886    0.0000    0.0000    0.0000    1.0396    0.6606    0.0001   -1.0000    5.1348    3.9101  0.2253E+03  0.2191E+04 -0.2736E-06 -0.3797E-08  0.1473E-07  0.1793E-08  0.4881E-01  0.8450E-02  0.0000E+00 -0.1000E+01
   12.1741  1 15   23.8867    0.0000    0.0000    0.0000    1.0403    0.6606    0.0001   -1.0000    5.1352    3.9101  0.2245E+03  0.2191E+04 -0.2736E-06 -0.3797E-08  0.1485E-07  0.1793E-08  0.4910E-01  0.8450E-02  0.0000E+00 -0.1000E+01
   12.1811  1 15   23.8848    0.0000    0.0000    0.0000    1.0409    0.6606    0.0001   -1.0000    5.1357    3.9101  0.2237E+03  0.2191E+04 -0.2736E-06 -0.3797E-08  0.1498E-07  0.1793E-08  0.4938E-01  0.8450E-02  0.0000E+00 -0.1000E+01
   12.1881  1 15   23.8828    0.0000    0.0000    0.0000    1.0416    0.6606    0.0001   -1.0000    5.1361    3.9101  0.2230E+03  0.2191E+04 -0.2736E-06 -0.3797E-08  0.1511E-07  0.1793E-08  0.4966E-01  0.8450E-02  0.0000E+00 -0.1000E+01
   12.1951  1 15   23.8809    0.0000    0.0000    0.0000    1.0422    0.6606    0.0001   -1.0000    5.1365    3.9101  0.2222E+03  0.2191E+04 -0.2743E-06 -0.3797E-08  0.1524E-07  0.1793E-08  0.4995E-01  0.8450E-02  0.0000E+00 -0.1000E+01
   12.2021  1 15   23.8790    0.0000    0.0000    0.0000    1.0429    0.6606    0.0001   -1.0000    5.1370    3.9101  0.2214E+03  0.2191E+04 -0.2751E-06 -0.3797E-08  0.1538E-07  0.1793E-08  0.5023E-01  0.8450E-02  0.0000E+00 -0.1000E+01
   12.2091  1 15   23.8771    0.0000    0.0000    0.0000    1.0435    0.6606    0.0001   -1.0000    5.1374    3.9101  0.2207E+03  0.2191E+04 -0.2753E-06 -0.3797E-08  0.1551E-07  0.1793E-08  0.5051E-01  0.8450E-02  0.0000E+00 -0.1000E+01
   12.2161  1 15   23.8751    0.0000    0.0000    0.0000    1.0442    0.6606    0.0001   -1.0000    5.1379    3.9101  0.2199E+03  0.2191E+04 -0.2753E-06 -0.3797E-08  0.1565E-07  0.1793E-08  0.5079E-01  0.8450E-02  0.0000E+00 -0.1000E+01
   12.2231  1 15   23.8732    0.0000    0.0000    0.0000    1.0448    0.6606    0.0001   -1.0000    5.1383    3.9101  0.2191E+03  0.2191E+04 -0.2753E-06 -0.3797E-08  0.1579E-07  0.1793E-08  0.5108E-01  0.8450E-02  0.0000E+00 -0.1000E+01
   12.2301  1 15   23.8713    0.0000    0.0000    0.0000    1.0455    0.6606    0.0001   -1.0000    5.1388    3.9101  0.2184E+03  0.2191E+04 -0.2753E-06 -0.3797E-08  0.1592E-07  0.1793E-08  0.5136E-01  0.8450E-02  0.0000E+00 -0.1000E+01
   12.2372  1 15   23.8693    0.0000    0.0000    0.0000    1.0462    0.6606    0.0001   -1.0000    5.1392    3.9101  0.2176E+03  0.2191E+04 -0.2761E-06 -0.3797E-08  0.1607E-07  0.1793E-08  0.5163E-01  0.8450E-02  0.0000E+00 -0.1000E+01
   12.2442  1 15   23.8674    0.0000    0.0000    0.0000    1.0468    0.6606    0.0001   -1.0000    5.1397    3.9101  0.2168E+03  0.2191E+04 -0.2769E-06 -0.3797E-08  0.1622E-07  0.1793E-08  0.5190E-01  0.8450E-02  0.0000E+00 -0.1000E+01
   12.2512  1 15   23.8655    0.0000    0.0000    0.0000    1.0475    0.6606    0.0001   -1.0000    5.1401    3.9101  0.2161E+03  0.2191E+04 -0.2769E-06 -0.3797E-08  0.1636E-07  0.1793E-08  0.5218E-01  0.8450E-02  0.0000E+00 -0.1000E+01
   12.2582  1 15   23.8635    0.0000    0.0000    0.0000    1.0482    0.6606    0.0001   -1.0000    5.1406    3.9101  0.2153E+03  0.2191E+04 -0.2769E-06 -0.3797E-08  0.1651E-07  0.1793E-08  0.5245E-01  0.8450E-02  0.0000E+00 -0.1000E+01
   12.2652  1 15   23.8616    0.0000    0.0000    0.0000    1.0488    0.6606    0.0001   -1.0000    5.1410    3.9101  0.2146E+03  0.2191E+04 -0.2769E-06 -0.3797E-08  0.1666E-07  0.1793E-08  0.5272E-01  0.8450E-02  0.0000E+00 -0.1000E+01
   12.2722  1 15   23.8596    0.0000    0.0000    0.0000    1.0495    0.6606    0.0001   -1.0000    5.1415    3.9101  0.2138E+03  0.2191E+04 -0.2770E-06 -0.3797E-08  0.1681E-07  0.1793E-08  0.5301E-01  0.8450E-02  0.0000E+00 -0.1000E+01
   12.2792  1 15   23.8577    0.0000    0.0000    0.0000    1.0502    0.6606    0.0001   -1.0000    5.1419    3.9101  0.2130E+03  0.2191E+04 -0.2778E-06 -0.3797E-08  0.1696E-07  0.1793E-08  0.5335E-01  0.8450E-02  0.0000E+00 -0.1000E+01
   12.2862  1 15   23.8557    0.0000    0.0000    0.0000    1.0509    0.6606    0.0001   -1.0000    5.1424    3.9101  0.2123E+03  0.2191E+04 -0.2785E-06 -0.3797E-08  0.1712E-07  0.1793E-08  0.5369E-01  0.8450E-02  0.0000E+00 -0.1000E+01
   12.2932  1 15   23.8538    0.0000    0.0000    0.0000    1.0516    0.6606    0.0001   -1.0000    5.1428    3.9101  0.2115E+03  0.2191E+04 -0.2785E-06 -0.3797E-08  0.1728E-07  0.1793E-08  0.5403E-01  0.8450E-02  0.0000E+00 -0.1000E+01
   12.3002  1 15   23.8518    0.0000    0.0000    0.0000    1.0522    0.6606    0.0001   -1.0000    5.1433    3.9101  0.2107E+03  0.2191E+04 -0.2785E-06 -0.3797E-08  0.1743E-07  0.1793E-08  0.5437E-01  0.8450E-02  0.0000E+00 -0.1000E+01
   12.3072  1 15   23.8499    0.0000    0.0000    0.0000    1.0529    0.6606    0.0001   -1.0000    5.1437    3.9101  0.2100E+03  0.2191E+04 -0.2785E-06 -0.3797E-08  0.1759E-07  0.1793E-08  0.5471E-01  0.8450E-02  0.0000E+00 -0.1000E+01
   12.3142  1 15   23.8479    0.0000    0.0000    0.0000    1.0536    0.6606    0.0001   -1.0000    5.1442    3.9101  0.2092E+03  0.2191E+04 -0.2788E-06 -0.3797E-08  0.1775E-07  0.1793E-08  0.5510E-01  0.8450E-02  0.0000E+00 -0.1000E+01
   12.3212  1 15   23.8460    0.0000    0.0000    0.0000    1.0543    0.6606    0.0001   -1.0000    5.1446    3.9101  0.2084E+03  0.2191E+04 -0.2796E-06 -0.3797E-08  0.1792E-07  0.1793E-08  0.5560E-01  0.8450E-02  0.0000E+00 -0.1000E+01
   12.3282  1 15   23.8440    0.0000    0.0000    0.0000    1.0550    0.6606    0.0001   -1.0000    5.1451    3.9101  0.2077E+03  0.2191E+04 -0.2801E-06 -0.3797E-08  0.1809E-07  0.1793E-08  0.5610E-01  0.8450E-02  0.0000E+00 -0.1000E+01
   12.3352  1 15   23.8421    0.0000    0.0000    0.0000    1.0557    0.6606    0.0001   -1.0000    5.1455    3.9101  0.2069E+03  0.2191E+04 -0.2801E-06 -0.3797E-08  0.1826E-07  0.1793E-08  0.5660E-01  0.8450E-02  0.0000E+00 -0.1000E+01
   12.3423  1 15   23.8401    0.0000    0.0000    0.0000    1.0564    0.6606    0.0001   -1.0000    5.1460    3.9101  0.2061E+03  0.2191E+04 -0.2801E-06 -0.3797E-08  0.1843E-07  0.1793E-08  0.5710E-01  0.8450E-02  0.0000E+00 -0.1000E+01
   12.3493  1 15   23.8381    0.0000    0.0000    0.0000    1.0571    0.6606    0.0001   -1.0000    5.1464    3.9101  0.2054E+03  0.2191E+04 -0.2801E-06 -0.3797E-08  0.1860E-07  0.1793E-08  0.5760E-01  0.8450E-02  0.0000E+00 -0.1000E+01
   12.3563  1 15   23.8362    0.0000    0.0000    0.0000    1.0578    0.6606    0.0001   -1.0000    5.1469    3.9101  0.2046E+03  0.2191E+04 -0.2805E-06 -0.3797E-08  0.1878E-07  0.1793E-08  0.5799E-01  0.8450E-02  0.0000E+00 -0.1000E+01
   12.3633  1 15   23.8342    0.0000    0.0000    0.0000    1.0585    0.6606    0.0001   -1.0000    5.1473    3.9101  0.2039E+03  0.2191E+04 -0.2812E-06 -0.3797E-08  0.1896E-07  0.1793E-08  0.5826E-01  0.8450E-02  0.0000E+00 -0.1000E+01
   12.3703  1 15   23.8322    0.0000    0.0000    0.0000    1.0592    0.6606    0.0001   -1.0000    5.1478    3.9101  0.2031E+03  0.2191E+04 -0.2816E-06 -0.3797E-08  0.1914E-07  0.1793E-08  0.5853E-01  0.8450E-02  0.0000E+00 -0.1000E+01
   12.3773  1 15   23.8302    0.0000    0.0000    0.0000    1.0600    0.6606    0.0001   -1.0000    5.1483    3.9101  0.2023E+03  0.2191E+04 -0.2816E-06 -0.3797E-08  0.1932E-07  0.1793E-08  0.5881E-01  0.8450E-02  0.0000E+00 -0.1000E+01
   12.3843  1 15   23.8283    0.0000    0.0000    0.0000    1.0607    0.6606    0.0001   -1.0000    5.1487    3.9101  0.2016E+03  0.2191E+04 -0.2816E-06 -0.3797E-08  0.1950E-07  0.1793E-08  0.5908E-01  0.8450E-02  0.0000E+00 -0.1000E+01
   12.3913  1 15   23.8263    0.0000    0.0000    0.0000    1.0614    0.6606    0.0001   -1.0000    5.1492    3.9101  0.2008E+03  0.2191E+04 -0.2816E-06 -0.3797E-08  0.1968E-07  0.1793E-08  0.5935E-01  0.8450E-02  0.0000E+00 -0.1000E+01
   12.3983  1 15   23.8243    0.0000    0.0000    0.0000    1.0621    0.6606    0.0001   -1.0000    5.1496    3.9101  0.2001E+03  0.2191E+04 -0.2821E-06 -0.3797E-08  0.1987E-07  0.1793E-08  0.5962E-01  0.8450E-02  0.0000E+00 -0.1000E+01
   12.4053  1 15   23.8223    0.0000    0.0000    0.0000    1.0628    0.6606    0.0001   -1.0000    5.1501    3.9101  0.1993E+03  0.2191E+04 -0.2829E-06 -0.3797E-08  0.2007E-07  0.1793E-08  0.5989E-01  0.8450E-02  0.0000E+00 -0.1000E+01
   12.4123  1 15   23.8204    0.0000    0.0000    0.0000    1.0636    0.6606    0.0001   -1.0000    5.1506    3.9101  0.1985E+03  0.2191E+04 -0.2832E-06 -0.3797E-08  0.2026E-07  0.1793E-08  0.6016E-01  0.8450E-02  0.0000E+00 -0.1000E+01
   12.4193  1 15   23.8184    0.0000    0.0000    0.0000    1.0643    0.6606    0.0001   -1.0000    5.1510    3.9101  0.1978E+03  0.2191E+04 -0.2832E-06 -0.3797E-08  0.2046E-07  0.1793E-08  0.6043E-01  0.8450E-02  0.0000E+00 -0.1000E+01
   12.4263  1 15   23.8164    0.0000    0.0000    0.0000    1.0650    0.6606    0.0001   -1.0000    5.1515    3.9101  0.1970E+03  0.2191E+04 -0.2832E-06 -0.3797E-08  0.2066E-07  0.1793E-08  0.6070E-01  0.8450E-02  0.0000E+00 -0.1000E+01
   12.4333  1 15   23.8144    0.0000    0.0000    0.0000    1.0658    0.6606    0.0001   -1.0000    5.1519    3.9101  0.1963E+03  0.2191E+04 -0.2832E-06 -0.3797E-08  0.2085E-07  0.1793E-08  0.6096E-01  0.8450E-02  0.0000E+00 -0.1000E+01
   12.4403  1 15   23.8124    0.0000    0.0000    0.0000    1.0665    0.6606    0.0001   -1.0000    5.1524    3.9101  0.1955E+03  0.2191E+04 -0.2837E-06 -0.3797E-08  0.2106E-07  0.1793E-08  0.6140E-01  0.8450E-02  0.0000E+00 -0.1000E+01
   12.4473  1 15   23.8104    0.0000    0.0000    0.0000    1.0672    0.6606    0.0001   -1.0000    5.1529    3.9101  0.1947E+03  0.2191E+04 -0.2844E-06 -0.3797E-08  0.2128E-07  0.1793E-08  0.6191E-01  0.8450E-02  0.0000E+00 -0.1000E+01
   12.4544  1 15   23.8084    0.0000    0.0000    0.0000    1.0680    0.6606    0.0001   -1.0000    5.1533    3.9101  0.1940E+03  0.2191E+04 -0.2846E-06 -0.3797E-08  0.2149E-07  0.1793E-08  0.6242E-01  0.8450E-02  0.0000E+00 -0.1000E+01
   12.4614  1 15   23.8064    0.0000    0.0000    0.0000    1.0687    0.6606    0.0001   -1.0000    5.1538    3.9101  0.1932E+03  0.2191E+04 -0.2846E-06 -0.3797E-08  0.2171E-07  0.1793E-08  0.6292E-01  0.8450E-02  0.0000E+00 -0.1000E+01
   12.4684  1 15   23.8044    0.0000    0.0000    0.0000    1.0695    0.6606    0.0001   -1.0000    5.1543    3.9101  0.1925E+03  0.2191E+04 -0.2846E-06 -0.3797E-08  0.2193E-07  0.1793E-08  0.6343E-01  0.8450E-02  0.0000E+00 -0.1000E+01
   12.4754  1 15   23.8024    0.0000    0.0000    0.0000    1.0702    0.6606    0.0001   -1.0000    5.1547    3.9101  0.1917E+03  0.2191E+04 -0.2846E-06 -0.3797E-08  0.2214E-07  0.1793E-08  0.6394E-01  0.8450E-02  0.0000E+00 -0.1000E+01
   12.4824  1 15   23.8004    0.0000    0.0000    0.0000    1.0710    0.6606    0.0001   -1.0000    5.1552    3.9101  0.1909E+03  0.2191E+04 -0.2851E-06 -0.3797E-08  0.2237E-07  0.1793E-08  0.6429E-01  0.8450E-02  0.0000E+00 -0.1000E+01
   12.4894  1 15   23.7984    0.0000    0.0000    0.0000    1.0718    0.6606    0.0001   -1.0000    5.1557    3.9101  0.1902E+03  0.2191E+04 -0.2858E-06 -0.3797E-08  0.2261E-07  0.1793E-08  0.6458E-01  0.8450E-02  0.0000E+00 -0.1000E+01
   12.4964  1 15   23.7964    0.0000    0.0000    0.0000    1.0725    0.6606    0.0001   -1.0000    5.1561    3.9101  0.1894E+03  0.2191E+04 -0.2860E-06 -0.3797E-08  0.2284E-07  0.1793E-08  0.6487E-01  0.8450E-02  0.0000E+00 -0.1000E+01
   12.5034  1 15   23.7944    0.0000    0.0000    0.0000    1.0733    0.6606    0.0001   -1.0000    5.1566    3.9101  0.1887E+03  0.2191E+04 -0.2860E-06 -0.3797E-08  0.2308E-07  0.1793E-08  0.6516E-01  0.8450E-02  0.0000E+00 -0.1000E+01
   12.5104  1 15   23.7924    0.0000    0.0000    0.0000    1.0741    0.6606    0.0001   -1.0000    5.1571    3.9101  0.1879E+03  0.2191E+04 -0.2860E-06 -0.3797E-08  0.2331E-07  0.1793E-08  0.6545E-01  0.8450E-02  0.0000E+00 -0.1000E+01
   12.5174  1 15   23.7904    0.0000    0.0000    0.0000    1.0748    0.6606    0.0001   -1.0000    5.1575    3.9101  0.1872E+03  0.2191E+04 -0.2860E-06 -0.3797E-08  0.2355E-07  0.1793E-08  0.6574E-01  0.8450E-02  0.0000E+00 -0.1000E+01
   12.5244  1 15   23.7884    0.0000    0.0000    0.0000    1.0756    0.6606    0.0001   -1.0000    5.1580    3.9101  0.1864E+03  0.2191E+04 -0.2865E-06 -0.3797E-08  0.2379E-07  0.1793E-08  0.6631E-01  0.8450E-02  0.0000E+00 -0.1000E+01
   12.5314  1 15   23.7864    0.0000    0.0000    0.0000    1.0764    0.6606    0.0001   -1.0000    5.1585    3.9101  0.1856E+03  0.2191E+04 -0.2871E-06 -0.3797E-08  0.2404E-07  0.1793E-08  0.6698E-01  0.8450E-02  0.0000E+00 -0.1000E+01
   12.5384  1 15   23.7844    0.0000    0.0000    0.0000    1.0772    0.6606    0.0001   -1.0000    5.1590    3.9101  0.1849E+03  0.2191E+04 -0.2872E-06 -0.3797E-08  0.2429E-07  0.1793E-08  0.6764E-01  0.8450E-02  0.0000E+00 -0.1000E+01
   12.5454  1 15   23.7824    0.0000    0.0000    0.0000    1.0780    0.6606    0.0001   -1.0000    5.1594    3.9101  0.1841E+03  0.2191E+04 -0.2872E-06 -0.3797E-08  0.2453E-07  0.1793E-08  0.6830E-01  0.8450E-02  0.0000E+00 -0.1000E+01
   12.5524  1 15   23.7804    0.0000    0.0000    0.0000    1.0788    0.6606    0.0001   -1.0000    5.1599    3.9101  0.1834E+03  0.2191E+04 -0.2872E-06 -0.3797E-08  0.2478E-07  0.1793E-08  0.6896E-01  0.8450E-02  0.0000E+00 -0.1000E+01
   12.5595  1 15   23.7784    0.0000    0.0000    0.0000    1.0795    0.6606    0.0001   -1.0000    5.1604    3.9101  0.1826E+03  0.2191E+04 -0.2872E-06 -0.3797E-08  0.2502E-07  0.1793E-08  0.6962E-01  0.8450E-02  0.0000E+00 -0.1000E+01
   12.5665  1 15   23.7763    0.0000    0.0000    0.0000    1.0803    0.6606    0.0001   -1.0000    5.1609    3.9101  0.1819E+03  0.2191E+04 -0.2877E-06 -0.3797E-08  0.2529E-07  0.1793E-08  0.7018E-01  0.8450E-02  0.0000E+00 -0.1000E+01
   12.5735  1 15   23.7743    0.0000    0.0000    0.0000    1.0811    0.6606    0.0001   -1.0000    5.1613    3.9101  0.1811E+03  0.2191E+04 -0.2883E-06 -0.3797E-08  0.2556E-07  0.1793E-08  0.7070E-01  0.8450E-02  0.0000E+00 -0.1000E+01
   12.5805  1 15   23.7723    0.0000    0.0000    0.0000    1.0819    0.6606    0.0001   -1.0000    5.1618    3.9101  0.1803E+03  0.2191E+04 -0.2884E-06 -0.3797E-08  0.2583E-07  0.1793E-08  0.7123E-01  0.8450E-02  0.0000E+00 -0.1000E+01
   12.5875  1 15   23.7703    0.0000    0.0000    0.0000    1.0828    0.6606    0.0001   -1.0000    5.1623    3.9101  0.1796E+03  0.2191E+04 -0.2884E-06 -0.3797E-08  0.2610E-07  0.1793E-08  0.7176E-01  0.8450E-02  0.0000E+00 -0.1000E+01
   12.5945  1 15   23.7683    0.0000    0.0000    0.0000    1.0836    0.6606    0.0001   -1.0000    5.1628    3.9101  0.1788E+03  0.2191E+04 -0.2884E-06 -0.3797E-08  0.2637E-07  0.1793E-08  0.7229E-01  0.8450E-02  0.0000E+00 -0.1000E+01
   12.6015  1 15   23.7662    0.0000    0.0000    0.0000    1.0844    0.6606    0.0001   -1.0000    5.1632    3.9101  0.1781E+03  0.2191E+04 -0.2884E-06 -0.3797E-08  0.2664E-07  0.1793E-08  0.7282E-01  0.8450E-02  0.0000E+00 -0.1000E+01
   12.6085  1 15   23.7642    0.0000    0.0000    0.0000    1.0852    0.6606    0.0001   -1.0000    5.1637    3.9101  0.1773E+03  0.2191E+04 -0.2888E-06 -0.3797E-08  0.2693E-07  0.1793E-08  0.7331E-01  0.8450E-02  0.0000E+00 -0.1000E+01
   12.6155  1 15   23.7622    0.0000    0.0000    0.0000    1.0860    0.6606    0.0001   -1.0000    5.1642    3.9101  0.1766E+03  0.2191E+04 -0.2893E-06 -0.3797E-08  0.2723E-07  0.1793E-08  0.7378E-01  0.8450E-02  0.0000E+00 -0.1000E+01
   12.6225  1 15   23.7602    0.0000    0.0000    0.0000    1.0868    0.6606    0.0001   -1.0000    5.1647    3.9101  0.1758E+03  0.2191E+04 -0.2895E-06 -0.3797E-08  0.2753E-07  0.1793E-08  0.7426E-01  0.8450E-02  0.0000E+00 -0.1000E+01
   12.6295  1 15   23.7581    0.0000    0.0000    0.0000    1.0877    0.6606    0.0001   -1.0000    5.1652    3.9101  0.1751E+03  0.2191E+04 -0.2895E-06 -0.3797E-08  0.2783E-07  0.1793E-08  0.7473E-01  0.8450E-02  0.0000E+00 -0.1000E+01
   12.6365  1 15   23.7561    0.0000    0.0000    0.0000    1.0885    0.6606    0.0001   -1.0000    5.1656    3.9101  0.1743E+03  0.2191E+04 -0.2895E-06 -0.3797E-08  0.2813E-07  0.1793E-08  0.7521E-01  0.8450E-02  0.0000E+00 -0.1000E+01
   12.6435  1 15   23.7541    0.0000    0.0000    0.0000    1.0893    0.6606    0.0001   -1.0000    5.1661    3.9101  0.1736E+03  0.2191E+04 -0.2895E-06 -0.3797E-08  0.2843E-07  0.1793E-08  0.7568E-01  0.8450E-02  0.0000E+00 -0.1000E+01
   12.6505  1 15   23.7521    0.0000    0.0000    0.0000    1.0902    0.6606    0.0001   -1.0000    5.1666    3.9101  0.1728E+03  0.2191E+04 -0.2898E-06 -0.3797E-08  0.2874E-07  0.1793E-08  0.7602E-01  0.8450E-02  0.0000E+00 -0.1000E+01
   12.6575  1 15   23.7500    0.0000    0.0000    0.0000    1.0910    0.6606    0.0001   -1.0000    5.1671    3.9101  0.1721E+03  0.2191E+04 -0.2903E-06 -0.3797E-08  0.2906E-07  0.1793E-08  0.7633E-01  0.8450E-02  0.0000E+00 -0.1000E+01
   12.6645  1 15   23.7480    0.0000    0.0000    0.0000    1.0918    0.6606    0.0001   -1.0000    5.1676    3.9101  0.1713E+03  0.2191E+04 -0.2904E-06 -0.3797E-08  0.2938E-07  0.1793E-08  0.7663E-01  0.8450E-02  0.0000E+00 -0.1000E+01
   12.6716  1 15   23.7459    0.0000    0.0000    0.0000    1.0927    0.6606    0.0001   -1.0000    5.1681    3.9101  0.1706E+03  0.2191E+04 -0.2904E-06 -0.3797E-08  0.2970E-07  0.1793E-08  0.7693E-01  0.8450E-02  0.0000E+00 -0.1000E+01
   12.6786  1 15   23.7439    0.0000    0.0000    0.0000    1.0935    0.6606    0.0001   -1.0000    5.1686    3.9101  0.1698E+03  0.2191E+04 -0.2904E-06 -0.3797E-08  0.3002E-07  0.1793E-08  0.7723E-01  0.8450E-02  0.0000E+00 -0.1000E+01
   12.6856  1 15   23.7419    0.0000    0.0000    0.0000    1.0944    0.6606    0.0001   -1.0000    5.1690    3.9101  0.1691E+03  0.2191E+04 -0.2904E-06 -0.3797E-08  0.3035E-07  0.1793E-08  0.7754E-01  0.8450E-02  0.0000E+00 -0.1000E+01
   12.6926  1 15   23.7398    0.0000    0.0000    0.0000    1.0953    0.6606    0.0001   -1.0000    5.1695    3.9101  0.1683E+03  0.2191E+04 -0.2907E-06 -0.3797E-08  0.3069E-07  0.1793E-08  0.7813E-01  0.8450E-02  0.0000E+00 -0.1000E+01
   12.6996  1 15   23.7378    0.0000    0.0000    0.0000    1.0961    0.6606    0.0001   -1.0000    5.1700    3.9101  0.1676E+03  0.2191E+04 -0.2911E-06 -0.3797E-08  0.3104E-07  0.1793E-08  0.7882E-01  0.8450E-02  0.0000E+00 -0.1000E+01
   12.7066  1 15   23.7358    0.0000    0.0000    0.0000    1.0970    0.6606    0.0001   -1.0000    5.1705    3.9101  0.1668E+03  0.2191E+04 -0.2913E-06 -0.3797E-08  0.3140E-07  0.1793E-08  0.7952E-01  0.8450E-02  0.0000E+00 -0.1000E+01
   12.7136  1 15   23.7337    0.0000    0.0000    0.0000    1.0979    0.6606    0.0001   -1.0000    5.1710    3.9101  0.1661E+03  0.2191E+04 -0.2913E-06 -0.3797E-08  0.3175E-07  0.1793E-08  0.8021E-01  0.8450E-02  0.0000E+00 -0.1000E+01
   12.7206  1 15   23.7317    0.0000    0.0000    0.0000    1.0987    0.6606    0.0001   -1.0000    5.1715    3.9101  0.1653E+03  0.2191E+04 -0.2913E-06 -0.3797E-08  0.3211E-07  0.1793E-08  0.8091E-01  0.8450E-02  0.0000E+00 -0.1000E+01
   12.7276  1 15   23.7296    0.0000    0.0000    0.0000    1.0996    0.6606    0.0001   -1.0000    5.1720    3.9101  0.1646E+03  0.2191E+04 -0.2913E-06 -0.3797E-08  0.3246E-07  0.1793E-08  0.8161E-01  0.8450E-02  0.0000E+00 -0.1000E+01
   12.7346  1 15   23.7276    0.0000    0.0000    0.0000    1.1005    0.6606    0.0001   -1.0000    5.1725    3.9101  0.1638E+03  0.2191E+04 -0.2915E-06 -0.3797E-08  0.3284E-07  0.1793E-08  0.8225E-01  0.8450E-02  0.0000E+00 -0.1000E+01
   12.7416  1 15   23.7255    0.0000    0.0000    0.0000    1.1014    0.6606    0.0001   -1.0000    5.1730    3.9101  0.1631E+03  0.2191E+04 -0.2919E-06 -0.3797E-08  0.3324E-07  0.1793E-08  0.8286E-01  0.8450E-02  0.0000E+00 -0.1000E+01
   12.7486  1 15   23.7235    0.0000    0.0000    0.0000    1.1023    0.6606    0.0001   -1.0000    5.1735    3.9101  0.1623E+03  0.2191E+04 -0.2920E-06 -0.3797E-08  0.3363E-07  0.1793E-08  0.8348E-01  0.8450E-02  0.0000E+00 -0.1000E+01
   12.7556  1 15   23.7215    0.0000    0.0000    0.0000    1.1032    0.6606    0.0001   -1.0000    5.1740    3.9101  0.1616E+03  0.2191E+04 -0.2920E-06 -0.3797E-08  0.3402E-07  0.1793E-08  0.8409E-01  0.8450E-02  0.0000E+00 -0.1000E+01
   12.7626  1 15   23.7194    0.0000    0.0000    0.0000    1.1041    0.6606    0.0001   -1.0000    5.1745    3.9101  0.1608E+03  0.2191E+04 -0.2920E-06 -0.3797E-08  0.3442E-07  0.1793E-08  0.8471E-01  0.8450E-02  0.0000E+00 -0.1000E+01
   12.7696  1 15   23.7174    0.0000    0.0000    0.0000    1.1050    0.6606    0.0001   -1.0000    5.1750    3.9101  0.1601E+03  0.2191E+04 -0.2920E-06 -0.3797E-08  0.3481E-07  0.1793E-08  0.8532E-01  0.8450E-02  0.0000E+00 -0.1000E+01
   12.7767  1 15   23.7153    0.0000    0.0000    0.0000    1.1059    0.6606    0.0001   -1.0000    5.1755    3.9101  0.1593E+03  0.2191E+04 -0.2921E-06 -0.3797E-08  0.3522E-07  0.1793E-08  0.8601E-01  0.8450E-02  0.0000E+00 -0.1000E+01
   12.7837  1 15   23.7133    0.0000    0.0000    0.0000    1.1068    0.6606    0.0001   -1.0000    5.1760    3.9101  0.1586E+03  0.2191E+04 -0.2924E-06 -0.3797E-08  0.3565E-07  0.1793E-08  0.8676E-01  0.8450E-02  0.0000E+00 -0.1000E+01
   12.7907  1 15   23.7112    0.0000    0.0000    0.0000    1.1077    0.6606    0.0001   -1.0000    5.1765    3.9101  0.1578E+03  0.2191E+04 -0.2925E-06 -0.3797E-08  0.3608E-07  0.1793E-08  0.8750E-01  0.8450E-02  0.0000E+00 -0.1000E+01
   12.7977  1 15   23.7092    0.0000    0.0000    0.0000    1.1086    0.6606    0.0001   -1.0000    5.1770    3.9101  0.1571E+03  0.2191E+04 -0.2925E-06 -0.3797E-08  0.3651E-07  0.1793E-08  0.8824E-01  0.8450E-02  0.0000E+00 -0.1000E+01
   12.8047  1 15   23.7071    0.0000    0.0000    0.0000    1.1096    0.6606    0.0001   -1.0000    5.1775    3.9101  0.1564E+03  0.2191E+04 -0.2925E-06 -0.3797E-08  0.3694E-07  0.1793E-08  0.8898E-01  0.8450E-02  0.0000E+00 -0.1000E+01
   12.8117  1 15   23.7051    0.0000    0.0000    0.0000    1.1105    0.6606    0.0001   -1.0000    5.1780    3.9101  0.1556E+03  0.2191E+04 -0.2925E-06 -0.3797E-08  0.3737E-07  0.1793E-08  0.8972E-01  0.8450E-02  0.0000E+00 -0.1000E+01
   12.8187  1 15   23.7030    0.0000    0.0000    0.0000    1.1114    0.6606    0.0001   -1.0000    5.1785    3.9101  0.1549E+03  0.2191E+04 -0.2926E-06 -0.3797E-08  0.3782E-07  0.1793E-08  0.9034E-01  0.8450E-02  0.0000E+00 -0.1000E+01
   12.8257  1 15   23.7010    0.0000    0.0000    0.0000    1.1124    0.6606    0.0001   -1.0000    5.1790    3.9101  0.1541E+03  0.2191E+04 -0.2928E-06 -0.3797E-08  0.3829E-07  0.1793E-08  0.9088E-01  0.8450E-02  0.0000E+00 -0.1000E+01
   12.8327  1 15   23.6989    0.0000    0.0000    0.0000    1.1133    0.6606    0.0001   -1.0000    5.1795    3.9101  0.1534E+03  0.2191E+04 -0.2929E-06 -0.3797E-08  0.3877E-07  0.1793E-08  0.9142E-01  0.8450E-02  0.0000E+00 -0.1000E+01
   12.8397  1 15   23.6969    0.0000    0.0000    0.0000    1.1143    0.6606    0.0001   -1.0000    5.1800    3.9101  0.1526E+03  0.2191E+04 -0.2929E-06 -0.3797E-08  0.3924E-07  0.1793E-08  0.9196E-01  0.8450E-02  0.0000E+00 -0.1000E+01
   12.8467  1 15   23.6948    0.0000    0.0000    0.0000    1.1152    0.6606    0.0001   -1.0000    5.1805    3.9101  0.1519E+03  0.2191E+04 -0.2929E-06 -0.3797E-08  0.3971E-07  0.1793E-08  0.9250E-01  0.8450E-02  0.0000E+00 -0.1000E+01
   12.8537  1 15   23.6928    0.0000    0.0000    0.0000    1.1162    0.6606    0.0001   -1.0000    5.1810    3.9101  0.1512E+03  0.2191E+04 -0.2929E-06 -0.3797E-08  0.4018E-07  0.1793E-08  0.9304E-01  0.8450E-02  0.0000E+00 -0.1000E+01
   12.8607  1 15   23.6907    0.0000    0.0000    0.0000    1.1171    0.6606    0.0001   -1.0000    5.1815    3.9101  0.1504E+03  0.2191E+04 -0.2930E-06 -0.3797E-08  0.4068E-07  0.1793E-08  0.9370E-01  0.8450E-02  0.0000E+00 -0.1000E+01
   12.8677  1 15   23.6887    0.0000    0.0000    0.0000    1.1181    0.6606    0.0001   -1.0000    5.1820    3.9101  0.1497E+03  0.2191E+04 -0.2931E-06 -0.3797E-08  0.4121E-07  0.1793E-08  0.9448E-01  0.8450E-02  0.0000E+00 -0.1000E+01
   12.8747  1 15   23.6866    0.0000    0.0000    0.0000    1.1191    0.6606    0.0001   -1.0000    5.1825    3.9101  0.1489E+03  0.2191E+04 -0.2932E-06 -0.3797E-08  0.4174E-07  0.1793E-08  0.9527E-01  0.8450E-02  0.0000E+00 -0.1000E+01
   12.8818  1 15   23.6845    0.0000    0.0000    0.0000    1.1201    0.6606    0.0001   -1.0000    5.1830    3.9101  0.1482E+03  0.2191E+04 -0.2932E-06 -0.3797E-08  0.4226E-07  0.1793E-08  0.9605E-01  0.8450E-02  0.0000E+00 -0.1000E+01
   12.8888  1 15   23.6825    0.0000    0.0000    0.0000    1.1210    0.6606    0.0001   -1.0000    5.1835    3.9101  0.1474E+03  0.2191E+04 -0.2932E-06 -0.3797E-08  0.4279E-07  0.1793E-08  0.9683E-01  0.8450E-02  0.0000E+00 -0.1000E+01
   12.8958  1 15   23.6804    0.0000    0.0000    0.0000    1.1220    0.6606    0.0001   -1.0000    5.1841    3.9101  0.1467E+03  0.2191E+04 -0.2932E-06 -0.3797E-08  0.4332E-07  0.1793E-08  0.9761E-01  0.8450E-02  0.0000E+00 -0.1000E+01
   12.9028  1 15   23.6784    0.0000    0.0000    0.0000    1.1230    0.6606    0.0001   -1.0000    5.1846    3.9101  0.1460E+03  0.2191E+04 -0.2932E-06 -0.3797E-08  0.4387E-07  0.1793E-08  0.9842E-01  0.8450E-02  0.0000E+00 -0.1000E+01
   12.9098  1 15   23.6763    0.0000    0.0000    0.0000    1.1240    0.6606    0.0001   -1.0000    5.1851    3.9101  0.1452E+03  0.2191E+04 -0.2932E-06 -0.3797E-08  0.4444E-07  0.1793E-08  0.9926E-01  0.8450E-02  0.0000E+00 -0.1000E+01
   12.9168  1 15   23.6743    0.0000    0.0000    0.0000    1.1250    0.6606    0.0001   -1.0000    5.1856    3.9101  0.1445E+03  0.2191E+04 -0.2932E-06 -0.3797E-08  0.4502E-07  0.1793E-08  0.1001E+00  0.8450E-02  0.0000E+00 -0.1000E+01
   12.9238  1 15   23.6722    0.0000    0.0000    0.0000    1.1260    0.6606    0.0001   -1.0000    5.1861    3.9101  0.1437E+03  0.2191E+04 -0.2932E-06 -0.3797E-08  0.4559E-07  0.1793E-08  0.1010E+00  0.8450E-02  0.0000E+00 -0.1000E+01
   12.9308  1 15   23.6702    0.0000    0.0000    0.0000    1.1270    0.6606    0.0001   -1.0000    5.1866    3.9101  0.1430E+03  0.2191E+04 -0.2932E-06 -0.3797E-08  0.4617E-07  0.1793E-08  0.1018E+00  0.8450E-02  0.0000E+00 -0.1000E+01
   12.9378  1 15   23.6681    0.0000    0.0000    0.0000    1.1280    0.6606    0.0001   -1.0000    5.1872    3.9101  0.1423E+03  0.2191E+04 -0.2932E-06 -0.3797E-08  0.4674E-07  0.1793E-08  0.1026E+00  0.8450E-02  0.0000E+00 -0.1000E+01
   12.9448  1 15   23.6661    0.0000    0.0000    0.0000    1.1290    0.6606    0.0001   -1.0000    5.1877    3.9101  0.1415E+03  0.2191E+04 -0.2932E-06 -0.3797E-08  0.4734E-07  0.1793E-08  0.1034E+00  0.8450E-02  0.0000E+00 -0.1000E+01
   12.9518  1 15   23.6640    0.0000    0.0000    0.0000    1.1301    0.6606    0.0001   -1.0000    5.1882    3.9101  0.1408E+03  0.2191E+04 -0.2931E-06 -0.3797E-08  0.4797E-07  0.1793E-08  0.1040E+00  0.8450E-02  0.0000E+00 -0.1000E+01
   12.9588  1 15   23.6620    0.0000    0.0000    0.0000    1.1311    0.6606    0.0001   -1.0000    5.1887    3.9101  0.1401E+03  0.2191E+04 -0.2930E-06 -0.3797E-08  0.4860E-07  0.1793E-08  0.1046E+00  0.8450E-02  0.0000E+00 -0.1000E+01
   12.9658  1 15   23.6599    0.0000    0.0000    0.0000    1.1321    0.6606    0.0001   -1.0000    5.1892    3.9101  0.1393E+03  0.2191E+04 -0.2930E-06 -0.3797E-08  0.4923E-07  0.1793E-08  0.1052E+00  0.8450E-02  0.0000E+00 -0.1000E+01
   12.9728  1 15   23.6578    0.0000    0.0000    0.0000    1.1332    0.6606    0.0001   -1.0000    5.1898    3.9101  0.1386E+03  0.2191E+04 -0.2930E-06 -0.3797E-08  0.4986E-07  0.1793E-08  0.1058E+00  0.8450E-02  0.0000E+00 -0.1000E+01
   12.9798  1 15   23.6558    0.0000    0.0000    0.0000    1.1342    0.6606    0.0001   -1.0000    5.1903    3.9101  0.1379E+03  0.2191E+04 -0.2930E-06 -0.3797E-08  0.5049E-07  0.1793E-08  0.1064E+00  0.8450E-02  0.0000E+00 -0.1000E+01
   12.9868  1 15   23.6537    0.0000    0.0000    0.0000    1.1353    0.6606    0.0001   -1.0000    5.1908    3.9101  0.1371E+03  0.2191E+04 -0.2930E-06 -0.3797E-08  0.5116E-07  0.1793E-08  0.1071E+00  0.8450E-02  0.0000E+00 -0.1000E+01
   12.9939  1 15   23.6517    0.0000    0.0000    0.0000    1.1363    0.6606    0.0001   -1.0000    5.1913    3.9101  0.1364E+03  0.2191E+04 -0.2928E-06 -0.3797E-08  0.5189E-07  0.1793E-08  0.1082E+00  0.8450E-02  0.0000E+00 -0.1000E+01
   13.0009  1 15   23.6496    0.0000    0.0000    0.0000    1.1374    0.6606    0.0001   -1.0000    5.1919    3.9101  0.1357E+03  0.2191E+04 -0.2927E-06 -0.3797E-08  0.5262E-07  0.1793E-08  0.1092E+00  0.8450E-02  0.0000E+00 -0.1000E+01
   13.0079  1 15   23.6476    0.0000    0.0000    0.0000    1.1385    0.6606    0.0001   -1.0000    5.1924    3.9101  0.1349E+03  0.2191E+04 -0.2927E-06 -0.3797E-08  0.5334E-07  0.1793E-08  0.1102E+00  0.8450E-02  0.0000E+00 -0.1000E+01
   13.0149  1 15   23.6455    0.0000    0.0000    0.0000    1.1395    0.6606    0.0001   -1.0000    5.1929    3.9101  0.1342E+03  0.2191E+04 -0.2927E-06 -0.3797E-08  0.5407E-07  0.1793E-08  0.1112E+00  0.8450E-02  0.0000E+00 -0.1000E+01
   13.0219  1 15   23.6435    0.0000    0.0000    0.0000    1.1406    0.6606    0.0001   -1.0000    5.1935    3.9101  0.1335E+03  0.2191E+04 -0.2927E-06 -0.3797E-08  0.5480E-07  0.1793E-08  0.1122E+00  0.8450E-02  0.0000E+00 -0.1000E+01
   13.0289  1 15   23.6414    0.0000    0.0000    0.0000    1.1417    0.6606    0.0001   -1.0000    5.1940    3.9101  0.1327E+03  0.2191E+04 -0.2925E-06 -0.3797E-08  0.5555E-07  0.1793E-08  0.1134E+00  0.8450E-02  0.0000E+00 -0.1000E+01
   13.0359  1 15   23.6394    0.0000    0.0000    0.0000    1.1428    0.6606    0.0001   -1.0000    5.1945    3.9101  0.1320E+03  0.2191E+04 -0.2922E-06 -0.3797E-08  0.5636E-07  0.1793E-08  0.1146E+00  0.8450E-02  0.0000E+00 -0.1000E+01
   13.0429  1 15   23.6373    0.0000    0.0000    0.0000    1.1439    0.6606    0.0001   -1.0000    5.1951    3.9101  0.1313E+03  0.2191E+04 -0.2920E-06 -0.3797E-08  0.5716E-07  0.1793E-08  0.1159E+00  0.8450E-02  0.0000E+00 -0.1000E+01
   13.0499  1 15   23.6353    0.0000    0.0000    0.0000    1.1450    0.6606    0.0001   -1.0000    5.1956    3.9101  0.1305E+03  0.2191E+04 -0.2920E-06 -0.3797E-08  0.5796E-07  0.1793E-08  0.1172E+00  0.8450E-02  0.0000E+00 -0.1000E+01
   13.0569  1 15   23.6333    0.0000    0.0000    0.0000    1.1461    0.6606    0.0001   -1.0000    5.1961    3.9101  0.1298E+03  0.2191E+04 -0.2920E-06 -0.3797E-08  0.5876E-07  0.1793E-08  0.1185E+00  0.8450E-02  0.0000E+00 -0.1000E+01
   13.0639  1 15   23.6312    0.0000    0.0000    0.0000    1.1472    0.6606    0.0001   -1.0000    5.1967    3.9101  0.1291E+03  0.2191E+04 -0.2920E-06 -0.3797E-08  0.5957E-07  0.1793E-08  0.1198E+00  0.8450E-02  0.0000E+00 -0.1000E+01
   13.0709  1 15   23.6292    0.0000    0.0000    0.0000    1.1484    0.6606    0.0001   -1.0000    5.1972    3.9101  0.1284E+03  0.2191E+04 -0.2918E-06 -0.3797E-08  0.6040E-07  0.1793E-08  0.1210E+00  0.8450E-02  0.0000E+00 -0.1000E+01
   13.0779  1 15   23.6271    0.0000    0.0000    0.0000    1.1495    0.6606    0.0001   -1.0000    5.1977    3.9101  0.1276E+03  0.2191E+04 -0.2914E-06 -0.3797E-08  0.6131E-07  0.1793E-08  0.1221E+00  0.8450E-02  0.0000E+00 -0.1000E+01
   13.0849  1 15   23.6251    0.0000    0.0000    0.0000    1.1506    0.6606    0.0001   -1.0000    5.1983    3.9101  0.1269E+03  0.2191E+04 -0.2911E-06 -0.3797E-08  0.6221E-07  0.1793E-08  0.1231E+00  0.8450E-02  0.0000E+00 -0.1000E+01
   13.0919  1 15   23.6230    0.0000    0.0000    0.0000    1.1518    0.6606    0.0001   -1.0000    5.1988    3.9101  0.1262E+03  0.2191E+04 -0.2911E-06 -0.3797E-08  0.6311E-07  0.1793E-08  0.1242E+00  0.8450E-02  0.0000E+00 -0.1000E+01
   13.0990  1 15   23.6210    0.0000    0.0000    0.0000    1.1529    0.6606    0.0001   -1.0000    5.1994    3.9101  0.1254E+03  0.2191E+04 -0.2911E-06 -0.3797E-08  0.6402E-07  0.1793E-08  0.1252E+00  0.8450E-02  0.0000E+00 -0.1000E+01
   13.1060  1 15   23.6190    0.0000    0.0000    0.0000    1.1541    0.6606    0.0001   -1.0000    5.1999    3.9101  0.1247E+03  0.2191E+04 -0.2911E-06 -0.3797E-08  0.6492E-07  0.1793E-08  0.1263E+00  0.8450E-02  0.0000E+00 -0.1000E+01
   13.1130  1 15   23.6169    0.0000    0.0000    0.0000    1.1552    0.6606    0.0001   -1.0000    5.2005    3.9101  0.1240E+03  0.2191E+04 -0.2909E-06 -0.3797E-08  0.6586E-07  0.1793E-08  0.1273E+00  0.8450E-02  0.0000E+00 -0.1000E+01
   13.1200  1 15   23.6149    0.0000    0.0000    0.0000    1.1564    0.6606    0.0001   -1.0000    5.2010    3.9101  0.1233E+03  0.2191E+04 -0.2903E-06 -0.3797E-08  0.6688E-07  0.1793E-08  0.1284E+00  0.8450E-02  0.0000E+00 -0.1000E+01
   13.1270  1 15   23.6129    0.0000    0.0000    0.0000    1.1576    0.6606    0.0001   -1.0000    5.2016    3.9101  0.1225E+03  0.2191E+04 -0.2899E-06 -0.3797E-08  0.6789E-07  0.1793E-08  0.1295E+00  0.8450E-02  0.0000E+00 -0.1000E+01
   13.1340  1 15   23.6108    0.0000    0.0000    0.0000    1.1588    0.6606    0.0001   -1.0000    5.2021    3.9101  0.1218E+03  0.2191E+04 -0.2899E-06 -0.3797E-08  0.6890E-07  0.1793E-08  0.1306E+00  0.8450E-02  0.0000E+00 -0.1000E+01
   13.1410  1 15   23.6088    0.0000    0.0000    0.0000    1.1600    0.6606    0.0001   -1.0000    5.2026    3.9101  0.1211E+03  0.2191E+04 -0.2899E-06 -0.3797E-08  0.6992E-07  0.1793E-08  0.1317E+00  0.8450E-02  0.0000E+00 -0.1000E+01
   13.1480  1 15   23.6068    0.0000    0.0000    0.0000    1.1611    0.6606    0.0001   -1.0000    5.2032    3.9101  0.1204E+03  0.2191E+04 -0.2899E-06 -0.3797E-08  0.7093E-07  0.1793E-08  0.1327E+00  0.8450E-02  0.0000E+00 -0.1000E+01
   13.1550  1 15   23.6047    0.0000    0.0000    0.0000    1.1623    0.6606    0.0001   -1.0000    5.2037    3.9101  0.1196E+03  0.2191E+04 -0.2896E-06 -0.3797E-08  0.7200E-07  0.1793E-08  0.1338E+00  0.8450E-02  0.0000E+00 -0.1000E+01
   13.1620  1 15   23.6027    0.0000    0.0000    0.0000    1.1636    0.6606    0.0001   -1.0000    5.2043    3.9101  0.1189E+03  0.2191E+04 -0.2889E-06 -0.3797E-08  0.7314E-07  0.1793E-08  0.1347E+00  0.8450E-02  0.0000E+00 -0.1000E+01
   13.1690  1 15   23.6007    0.0000    0.0000    0.0000    1.1648    0.6606    0.0001   -1.0000    5.2049    3.9101  0.1182E+03  0.2191E+04 -0.2885E-06 -0.3797E-08  0.7429E-07  0.1793E-08  0.1356E+00  0.8450E-02  0.0000E+00 -0.1000E+01
   13.1760  1 15   23.5987    0.0000    0.0000    0.0000    1.1660    0.6606    0.0001   -1.0000    5.2054    3.9101  0.1175E+03  0.2191E+04 -0.2885E-06 -0.3797E-08  0.7543E-07  0.1793E-08  0.1366E+00  0.8450E-02  0.0000E+00 -0.1000E+01
   13.1830  1 15   23.5966    0.0000    0.0000    0.0000    1.1672    0.6606    0.0001   -1.0000    5.2060    3.9101  0.1168E+03  0.2191E+04 -0.2885E-06 -0.3797E-08  0.7658E-07  0.1793E-08  0.1375E+00  0.8450E-02  0.0000E+00 -0.1000E+01
   13.1900  1 15   23.5946    0.0000    0.0000    0.0000    1.1685    0.6606    0.0001   -1.0000    5.2065    3.9101  0.1160E+03  0.2191E+04 -0.2885E-06 -0.3797E-08  0.7772E-07  0.1793E-08  0.1384E+00  0.8450E-02  0.0000E+00 -0.1000E+01
   13.1970  1 15   23.5926    0.0000    0.0000    0.0000    1.1697    0.6606    0.0001   -1.0000    5.2071    3.9101  0.1153E+03  0.2191E+04 -0.2881E-06 -0.3797E-08  0.7895E-07  0.1793E-08  0.1397E+00  0.8450E-02  0.0000E+00 -0.1000E+01
   13.2041  1 15   23.5906    0.0000    0.0000    0.0000    1.1710    0.6606    0.0001   -1.0000    5.2076    3.9101  0.1146E+03  0.2191E+04 -0.2872E-06 -0.3797E-08  0.8026E-07  0.1793E-08  0.1412E+00  0.8450E-02  0.0000E+00 -0.1000E+01
   13.2111  1 15   23.5886    0.0000    0.0000    0.0000    1.1722    0.6606    0.0001   -1.0000    5.2082    3.9101  0.1139E+03  0.2191E+04 -0.2868E-06 -0.3797E-08  0.8157E-07  0.1793E-08  0.1428E+00  0.8450E-02  0.0000E+00 -0.1000E+01
   13.2181  1 15   23.5866    0.0000    0.0000    0.0000    1.1735    0.6606    0.0001   -1.0000    5.2088    3.9101  0.1132E+03  0.2191E+04 -0.2868E-06 -0.3797E-08  0.8287E-07  0.1793E-08  0.1443E+00  0.8450E-02  0.0000E+00 -0.1000E+01
   13.2251  1 15   23.5846    0.0000    0.0000    0.0000    1.1748    0.6606    0.0001   -1.0000    5.2093    3.9101  0.1124E+03  0.2191E+04 -0.2868E-06 -0.3797E-08  0.8418E-07  0.1793E-08  0.1459E+00  0.8450E-02  0.0000E+00 -0.1000E+01
   13.2321  1 15   23.5826    0.0000    0.0000    0.0000    1.1760    0.6606    0.0001   -1.0000    5.2099    3.9101  0.1117E+03  0.2191E+04 -0.2868E-06 -0.3797E-08  0.8548E-07  0.1793E-08  0.1474E+00  0.8450E-02  0.0000E+00 -0.1000E+01
   13.2391  1 15   23.5805    0.0000    0.0000    0.0000    1.1773    0.6606    0.0001   -1.0000    5.2105    3.9101  0.1110E+03  0.2191E+04 -0.2861E-06 -0.3797E-08  0.8691E-07  0.1793E-08  0.1489E+00  0.8450E-02  0.0000E+00 -0.1000E+01
   13.2461  1 15   23.5786    0.0000    0.0000    0.0000    1.1786    0.6606    0.0001   -1.0000    5.2110    3.9101  0.1103E+03  0.2191E+04 -0.2851E-06 -0.3797E-08  0.8838E-07  0.1793E-08  0.1504E+00  0.8450E-02  0.0000E+00 -0.1000E+01
   13.2531  1 15   23.5766    0.0000    0.0000    0.0000    1.1799    0.6606    0.0001   -1.0000    5.2116    3.9101  0.1096E+03  0.2191E+04 -0.2848E-06 -0.3797E-08  0.8986E-07  0.1793E-08  0.1519E+00  0.8450E-02  0.0000E+00 -0.1000E+01
   13.2601  1 15   23.5746    0.0000    0.0000    0.0000    1.1813    0.6606    0.0001   -1.0000    5.2122    3.9101  0.1089E+03  0.2191E+04 -0.2848E-06 -0.3797E-08  0.9133E-07  0.1793E-08  0.1534E+00  0.8450E-02  0.0000E+00 -0.1000E+01
   13.2671  1 15   23.5726    0.0000    0.0000    0.0000    1.1826    0.6606    0.0001   -1.0000    5.2127    3.9101  0.1082E+03  0.2191E+04 -0.2848E-06 -0.3797E-08  0.9280E-07  0.1793E-08  0.1549E+00  0.8450E-02  0.0000E+00 -0.1000E+01
   13.2741  1 15   23.5706    0.0000    0.0000    0.0000    1.1839    0.6606    0.0001   -1.0000    5.2133    3.9101  0.1075E+03  0.2191E+04 -0.2848E-06 -0.3797E-08  0.9428E-07  0.1793E-08  0.1564E+00  0.8450E-02  0.0000E+00 -0.1000E+01
   13.2811  1 15   23.5686    0.0000    0.0000    0.0000    1.1852    0.6606    0.0001   -1.0000    5.2139    3.9101  0.1067E+03  0.2191E+04 -0.2837E-06 -0.3797E-08  0.9591E-07  0.1793E-08  0.1581E+00  0.8450E-02  0.0000E+00 -0.1000E+01
   13.2881  1 15   23.5666    0.0000    0.0000    0.0000    1.1866    0.6606    0.0001   -1.0000    5.2145    3.9101  0.1060E+03  0.2191E+04 -0.2825E-06 -0.3797E-08  0.9756E-07  0.1793E-08  0.1598E+00  0.8450E-02  0.0000E+00 -0.1000E+01
   13.2951  1 15   23.5646    0.0000    0.0000    0.0000    1.1880    0.6606    0.0001   -1.0000    5.2150    3.9101  0.1053E+03  0.2191E+04 -0.2824E-06 -0.3797E-08  0.9921E-07  0.1793E-08  0.1616E+00  0.8450E-02  0.0000E+00 -0.1000E+01
   13.3021  1 15   23.5626    0.0000    0.0000    0.0000    1.1893    0.6606    0.0001   -1.0000    5.2156    3.9101  0.1046E+03  0.2191E+04 -0.2824E-06 -0.3797E-08  0.1009E-06  0.1793E-08  0.1633E+00  0.8450E-02  0.0000E+00 -0.1000E+01
   13.3091  1 15   23.5607    0.0000    0.0000    0.0000    1.1907    0.6606    0.0001   -1.0000    5.2162    3.9101  0.1039E+03  0.2191E+04 -0.2824E-06 -0.3797E-08  0.1025E-06  0.1793E-08  0.1651E+00  0.8450E-02  0.0000E+00 -0.1000E+01
   13.3162  1 15   23.5587    0.0000    0.0000    0.0000    1.1920    0.6606    0.0001   -1.0000    5.2168    3.9101  0.1032E+03  0.2191E+04 -0.2822E-06 -0.3797E-08  0.1042E-06  0.1793E-08  0.1668E+00  0.8450E-02  0.0000E+00 -0.1000E+01
   13.3232  1 15   23.5567    0.0000    0.0000    0.0000    1.1934    0.6606    0.0001   -1.0000    5.2173    3.9101  0.1025E+03  0.2191E+04 -0.2809E-06 -0.3797E-08  0.1061E-06  0.1793E-08  0.1684E+00  0.8450E-02  0.0000E+00 -0.1000E+01
   13.3302  1 15   23.5548    0.0000    0.0000    0.0000    1.1948    0.6606    0.0001   -1.0000    5.2179    3.9101  0.1018E+03  0.2191E+04 -0.2797E-06 -0.3797E-08  0.1080E-06  0.1793E-08  0.1700E+00  0.8450E-02  0.0000E+00 -0.1000E+01
   13.3372  1 15   23.5528    0.0000    0.0000    0.0000    1.1963    0.6606    0.0001   -1.0000    5.2185    3.9101  0.1011E+03  0.2191E+04 -0.2797E-06 -0.3797E-08  0.1098E-06  0.1793E-08  0.1716E+00  0.8450E-02  0.0000E+00 -0.1000E+01
   13.3442  1 15   23.5508    0.0000    0.0000    0.0000    1.1977    0.6606    0.0001   -1.0000    5.2191    3.9101  0.1004E+03  0.2191E+04 -0.2797E-06 -0.3797E-08  0.1117E-06  0.1793E-08  0.1732E+00  0.8450E-02  0.0000E+00 -0.1000E+01
   13.3512  1 15   23.5489    0.0000    0.0000    0.0000    1.1991    0.6606    0.0001   -1.0000    5.2197    3.9101  0.9968E+02  0.2191E+04 -0.2797E-06 -0.3797E-08  0.1136E-06  0.1793E-08  0.1748E+00  0.8450E-02  0.0000E+00 -0.1000E+01
   13.3582  1 15   23.5469    0.0000    0.0000    0.0000    1.2005    0.6606    0.0001   -1.0000    5.2203    3.9101  0.9898E+02  0.2191E+04 -0.2790E-06 -0.3797E-08  0.1156E-06  0.1793E-08  0.1766E+00  0.8450E-02  0.0000E+00 -0.1000E+01
   13.3652  1 15   23.5450    0.0000    0.0000    0.0000    1.2019    0.6606    0.0001   -1.0000    5.2208    3.9101  0.9828E+02  0.2191E+04 -0.2775E-06 -0.3797E-08  0.1178E-06  0.1793E-08  0.1785E+00  0.8450E-02  0.0000E+00 -0.1000E+01
   13.3722  1 15   23.5430    0.0000    0.0000    0.0000    1.2034    0.6606    0.0001   -1.0000    5.2214    3.9101  0.9758E+02  0.2191E+04 -0.2767E-06 -0.3797E-08  0.1200E-06  0.1793E-08  0.1805E+00  0.8450E-02  0.0000E+00 -0.1000E+01
   13.3792  1 15   23.5411    0.0000    0.0000    0.0000    1.2048    0.6606    0.0001   -1.0000    5.2220    3.9101  0.9688E+02  0.2191E+04 -0.2767E-06 -0.3797E-08  0.1222E-06  0.1793E-08  0.1824E+00  0.8450E-02  0.0000E+00 -0.1000E+01
   13.3862  1 15   23.5392    0.0000    0.0000    0.0000    1.2063    0.6606    0.0001   -1.0000    5.2226    3.9101  0.9619E+02  0.2191E+04 -0.2767E-06 -0.3797E-08  0.1244E-06  0.1793E-08  0.1844E+00  0.8450E-02  0.0000E+00 -0.1000E+01
   13.3932  1 15   23.5372    0.0000    0.0000    0.0000    1.2078    0.6606    0.0001   -1.0000    5.2232    3.9101  0.9551E+02  0.2191E+04 -0.2767E-06 -0.3797E-08  0.1266E-06  0.1793E-08  0.1864E+00  0.8450E-02  0.0000E+00 -0.1000E+01
   13.4002  1 15   23.5353    0.0000    0.0000    0.0000    1.2092    0.6606    0.0001   -1.0000    5.2238    3.9101  0.9481E+02  0.2191E+04 -0.2753E-06 -0.3797E-08  0.1290E-06  0.1793E-08  0.1884E+00  0.8450E-02  0.0000E+00 -0.1000E+01
   13.4072  1 15   23.5334    0.0000    0.0000    0.0000    1.2108    0.6606    0.0001   -1.0000    5.2244    3.9101  0.9411E+02  0.2191E+04 -0.2735E-06 -0.3797E-08  0.1315E-06  0.1793E-08  0.1904E+00  0.8450E-02  0.0000E+00 -0.1000E+01
   13.4142  1 15   23.5315    0.0000    0.0000    0.0000    1.2123    0.6606    0.0001   -1.0000    5.2250    3.9101  0.9341E+02  0.2191E+04 -0.2733E-06 -0.3797E-08  0.1340E-06  0.1793E-08  0.1925E+00  0.8450E-02  0.0000E+00 -0.1000E+01
   13.4213  1 15   23.5296    0.0000    0.0000    0.0000    1.2138    0.6606    0.0001   -1.0000    5.2256    3.9101  0.9273E+02  0.2191E+04 -0.2733E-06 -0.3797E-08  0.1365E-06  0.1793E-08  0.1945E+00  0.8450E-02  0.0000E+00 -0.1000E+01
   13.4283  1 15   23.5276    0.0000    0.0000    0.0000    1.2153    0.6606    0.0001   -1.0000    5.2262    3.9101  0.9204E+02  0.2191E+04 -0.2733E-06 -0.3797E-08  0.1390E-06  0.1793E-08  0.1966E+00  0.8450E-02  0.0000E+00 -0.1000E+01
   13.4353  1 15   23.5257    0.0000    0.0000    0.0000    1.2168    0.6606    0.0001   -1.0000    5.2268    3.9101  0.9136E+02  0.2191E+04 -0.2727E-06 -0.3797E-08  0.1416E-06  0.1793E-08  0.1987E+00  0.8450E-02  0.0000E+00 -0.1000E+01
   13.4423  1 15   23.5238    0.0000    0.0000    0.0000    1.2184    0.6606    0.0001   -1.0000    5.2274    3.9101  0.9066E+02  0.2191E+04 -0.2708E-06 -0.3797E-08  0.1445E-06  0.1793E-08  0.2009E+00  0.8450E-02  0.0000E+00 -0.1000E+01
   13.4493  1 15   23.5219    0.0000    0.0000    0.0000    1.2199    0.6606    0.0001   -1.0000    5.2280    3.9101  0.8997E+02  0.2191E+04 -0.2694E-06 -0.3797E-08  0.1473E-06  0.1793E-08  0.2032E+00  0.8450E-02  0.0000E+00 -0.1000E+01
   13.4563  1 15   23.5201    0.0000    0.0000    0.0000    1.2215    0.6606    0.0001   -1.0000    5.2286    3.9101  0.8929E+02  0.2191E+04 -0.2694E-06 -0.3797E-08  0.1502E-06  0.1793E-08  0.2054E+00  0.8450E-02  0.0000E+00 -0.1000E+01
   13.4633  1 15   23.5182    0.0000    0.0000    0.0000    1.2230    0.6606    0.0001   -1.0000    5.2292    3.9101  0.8861E+02  0.2191E+04 -0.2694E-06 -0.3797E-08  0.1531E-06  0.1793E-08  0.2077E+00  0.8450E-02  0.0000E+00 -0.1000E+01
   13.4703  1 15   23.5163    0.0000    0.0000    0.0000    1.2246    0.6606    0.0001   -1.0000    5.2298    3.9101  0.8793E+02  0.2191E+04 -0.2694E-06 -0.3797E-08  0.1560E-06  0.1793E-08  0.2099E+00  0.8450E-02  0.0000E+00 -0.1000E+01
   13.4773  1 15   23.5144    0.0000    0.0000    0.0000    1.2262    0.6606    0.0001   -1.0000    5.2304    3.9101  0.8725E+02  0.2191E+04 -0.2677E-06 -0.3797E-08  0.1591E-06  0.1793E-08  0.2124E+00  0.8450E-02  0.0000E+00 -0.1000E+01
   13.4843  1 15   23.5125    0.0000    0.0000    0.0000    1.2278    0.6606    0.0001   -1.0000    5.2310    3.9101  0.8656E+02  0.2191E+04 -0.2657E-06 -0.3797E-08  0.1623E-06  0.1793E-08  0.2149E+00  0.8450E-02  0.0000E+00 -0.1000E+01
   13.4913  1 15   23.5107    0.0000    0.0000    0.0000    1.2294    0.6606    0.0001   -1.0000    5.2316    3.9101  0.8588E+02  0.2191E+04 -0.2653E-06 -0.3797E-08  0.1655E-06  0.1793E-08  0.2174E+00  0.8450E-02  0.0000E+00 -0.1000E+01
   13.4983  1 15   23.5088    0.0000    0.0000    0.0000    1.2310    0.6606    0.0001   -1.0000    5.2322    3.9101  0.8521E+02  0.2191E+04 -0.2653E-06 -0.3797E-08  0.1688E-06  0.1793E-08  0.2199E+00  0.8450E-02  0.0000E+00 -0.1000E+01
   13.5053  1 15   23.5070    0.0000    0.0000    0.0000    1.2327    0.6606    0.0001   -1.0000    5.2328    3.9101  0.8454E+02  0.2191E+04 -0.2653E-06 -0.3797E-08  0.1720E-06  0.1793E-08  0.2224E+00  0.8450E-02  0.0000E+00 -0.1000E+01
   13.5123  1 15   23.5051    0.0000    0.0000    0.0000    1.2343    0.6606    0.0001   -1.0000    5.2334    3.9101  0.8387E+02  0.2191E+04 -0.2644E-06 -0.3797E-08  0.1754E-06  0.1793E-08  0.2251E+00  0.8450E-02  0.0000E+00 -0.1000E+01
   13.5193  1 15   23.5033    0.0000    0.0000    0.0000    1.2360    0.6606    0.0001   -1.0000    5.2340    3.9101  0.8319E+02  0.2191E+04 -0.2622E-06 -0.3797E-08  0.1790E-06  0.1793E-08  0.2279E+00  0.8450E-02  0.0000E+00 -0.1000E+01
   13.5264  1 15   23.5014    0.0000    0.0000    0.0000    1.2376    0.6606    0.0001   -1.0000    5.2346    3.9101  0.8251E+02  0.2191E+04 -0.2609E-06 -0.3797E-08  0.1827E-06  0.1793E-08  0.2307E+00  0.8450E-02  0.0000E+00 -0.1000E+01
   13.5334  1 15   23.4996    0.0000    0.0000    0.0000    1.2393    0.6606    0.0001   -1.0000    5.2353    3.9101  0.8185E+02  0.2191E+04 -0.2609E-06 -0.3797E-08  0.1864E-06  0.1793E-08  0.2334E+00  0.8450E-02  0.0000E+00 -0.1000E+01
   13.5404  1 15   23.4978    0.0000    0.0000    0.0000    1.2410    0.6606    0.0001   -1.0000    5.2359    3.9101  0.8118E+02  0.2191E+04 -0.2609E-06 -0.3797E-08  0.1901E-06  0.1793E-08  0.2362E+00  0.8450E-02  0.0000E+00 -0.1000E+01
   13.5474  1 15   23.4960    0.0000    0.0000    0.0000    1.2426    0.6606    0.0001   -1.0000    5.2365    3.9101  0.8052E+02  0.2191E+04 -0.2607E-06 -0.3797E-08  0.1938E-06  0.1793E-08  0.2391E+00  0.8450E-02  0.0000E+00 -0.1000E+01
   13.5544  1 15   23.4942    0.0000    0.0000    0.0000    1.2444    0.6606    0.0001   -1.0000    5.2371    3.9101  0.7985E+02  0.2191E+04 -0.2583E-06 -0.3797E-08  0.1980E-06  0.1793E-08  0.2420E+00  0.8450E-02  0.0000E+00 -0.1000E+01
   13.5614  1 15   23.4924    0.0000    0.0000    0.0000    1.2461    0.6606    0.0001   -1.0000    5.2377    3.9101  0.7918E+02  0.2191E+04 -0.2562E-06 -0.3797E-08  0.2023E-06  0.1793E-08  0.2450E+00  0.8450E-02  0.0000E+00 -0.1000E+01
   13.5684  1 15   23.4906    0.0000    0.0000    0.0000    1.2478    0.6606    0.0001   -1.0000    5.2383    3.9101  0.7852E+02  0.2191E+04 -0.2562E-06 -0.3797E-08  0.2065E-06  0.1793E-08  0.2479E+00  0.8450E-02  0.0000E+00 -0.1000E+01
   13.5754  1 15   23.4888    0.0000    0.0000    0.0000    1.2495    0.6606    0.0001   -1.0000    5.2390    3.9101  0.7787E+02  0.2191E+04 -0.2562E-06 -0.3797E-08  0.2107E-06  0.1793E-08  0.2509E+00  0.8450E-02  0.0000E+00 -0.1000E+01
   13.5824  1 15   23.4870    0.0000    0.0000    0.0000    1.2513    0.6606    0.0001   -1.0000    5.2396    3.9101  0.7722E+02  0.2191E+04 -0.2562E-06 -0.3797E-08  0.2149E-06  0.1793E-08  0.2538E+00  0.8450E-02  0.0000E+00 -0.1000E+01
   13.5894  1 15   23.4852    0.0000    0.0000    0.0000    1.2531    0.6606    0.0001   -1.0000    5.2402    3.9101  0.7655E+02  0.2191E+04 -0.2540E-06 -0.3797E-08  0.2197E-06  0.1793E-08  0.2571E+00  0.8450E-02  0.0000E+00 -0.1000E+01
   13.5964  1 15   23.4834    0.0000    0.0000    0.0000    1.2548    0.6606    0.0001   -1.0000    5.2408    3.9101  0.7589E+02  0.2191E+04 -0.2515E-06 -0.3797E-08  0.2245E-06  0.1793E-08  0.2604E+00  0.8450E-02  0.0000E+00 -0.1000E+01
   13.6034  1 15   23.4817    0.0000    0.0000    0.0000    1.2566    0.6606    0.0001   -1.0000    5.2415    3.9101  0.7524E+02  0.2191E+04 -0.2512E-06 -0.3797E-08  0.2294E-06  0.1793E-08  0.2638E+00  0.8450E-02  0.0000E+00 -0.1000E+01
   13.6104  1 15   23.4799    0.0000    0.0000    0.0000    1.2584    0.6606    0.0001   -1.0000    5.2421    3.9101  0.7459E+02  0.2191E+04 -0.2512E-06 -0.3797E-08  0.2342E-06  0.1793E-08  0.2671E+00  0.8450E-02  0.0000E+00 -0.1000E+01
   13.6174  1 15   23.4782    0.0000    0.0000    0.0000    1.2602    0.6606    0.0001   -1.0000    5.2427    3.9101  0.7395E+02  0.2191E+04 -0.2512E-06 -0.3797E-08  0.2391E-06  0.1793E-08  0.2705E+00  0.8450E-02  0.0000E+00 -0.1000E+01
   13.6244  1 15   23.4764    0.0000    0.0000    0.0000    1.2620    0.6606    0.0001   -1.0000    5.2433    3.9101  0.7329E+02  0.2191E+04 -0.2492E-06 -0.3797E-08  0.2444E-06  0.1793E-08  0.2740E+00  0.8450E-02  0.0000E+00 -0.1000E+01
   13.6314  1 15   23.4747    0.0000    0.0000    0.0000    1.2639    0.6606    0.0001   -1.0000    5.2440    3.9101  0.7264E+02  0.2191E+04 -0.2465E-06 -0.3797E-08  0.2500E-06  0.1793E-08  0.2776E+00  0.8450E-02  0.0000E+00 -0.1000E+01
   13.6385  1 15   23.4730    0.0000    0.0000    0.0000    1.2658    0.6606    0.0001   -1.0000    5.2446    3.9101  0.7199E+02  0.2191E+04 -0.2458E-06 -0.3797E-08  0.2556E-06  0.1793E-08  0.2812E+00  0.8450E-02  0.0000E+00 -0.1000E+01
   13.6455  1 15   23.4712    0.0000    0.0000    0.0000    1.2676    0.6606    0.0001   -1.0000    5.2452    3.9101  0.7135E+02  0.2191E+04 -0.2458E-06 -0.3797E-08  0.2611E-06  0.1793E-08  0.2848E+00  0.8450E-02  0.0000E+00 -0.1000E+01
   13.6525  1 15   23.4695    0.0000    0.0000    0.0000    1.2695    0.6606    0.0001   -1.0000    5.2459    3.9101  0.7072E+02  0.2191E+04 -0.2458E-06 -0.3797E-08  0.2667E-06  0.1793E-08  0.2884E+00  0.8450E-02  0.0000E+00 -0.1000E+01
   13.6595  1 15   23.4678    0.0000    0.0000    0.0000    1.2714    0.6606    0.0001   -1.0000    5.2465    3.9101  0.7007E+02  0.2191E+04 -0.2439E-06 -0.3797E-08  0.2728E-06  0.1793E-08  0.2924E+00  0.8450E-02  0.0000E+00 -0.1000E+01
   13.6665  1 15   23.4661    0.0000    0.0000    0.0000    1.2733    0.6606    0.0001   -1.0000    5.2472    3.9101  0.6943E+02  0.2191E+04 -0.2411E-06 -0.3797E-08  0.2791E-06  0.1793E-08  0.2965E+00  0.8450E-02  0.0000E+00 -0.1000E+01
   13.6735  1 15   23.4644    0.0000    0.0000    0.0000    1.2752    0.6606    0.0001   -1.0000    5.2478    3.9101  0.6879E+02  0.2191E+04 -0.2402E-06 -0.3797E-08  0.2854E-06  0.1793E-08  0.3007E+00  0.8450E-02  0.0000E+00 -0.1000E+01
   13.6805  1 15   23.4627    0.0000    0.0000    0.0000    1.2771    0.6606    0.0001   -1.0000    5.2484    3.9101  0.6816E+02  0.2191E+04 -0.2402E-06 -0.3797E-08  0.2918E-06  0.1793E-08  0.3048E+00  0.8450E-02  0.0000E+00 -0.1000E+01
   13.6875  1 15   23.4611    0.0000    0.0000    0.0000    1.2790    0.6606    0.0001   -1.0000    5.2491    3.9101  0.6753E+02  0.2191E+04 -0.2402E-06 -0.3797E-08  0.2981E-06  0.1793E-08  0.3090E+00  0.8450E-02  0.0000E+00 -0.1000E+01
   13.6945  1 15   23.4594    0.0000    0.0000    0.0000    1.2810    0.6606    0.0001   -1.0000    5.2497    3.9101  0.6689E+02  0.2191E+04 -0.2380E-06 -0.3797E-08  0.3050E-06  0.1793E-08  0.3134E+00  0.8450E-02  0.0000E+00 -0.1000E+01
   13.7015  1 15   23.4578    0.0000    0.0000    0.0000    1.2830    0.6606    0.0001   -1.0000    5.2504    3.9101  0.6626E+02  0.2191E+04 -0.2350E-06 -0.3797E-08  0.3122E-06  0.1793E-08  0.3179E+00  0.8450E-02  0.0000E+00 -0.1000E+01
   13.7085  1 15   23.4561    0.0000    0.0000    0.0000    1.2850    0.6606    0.0001   -1.0000    5.2510    3.9101  0.6563E+02  0.2191E+04 -0.2342E-06 -0.3797E-08  0.3194E-06  0.1793E-08  0.3225E+00  0.8450E-02  0.0000E+00 -0.1000E+01
   13.7155  1 15   23.4545    0.0000    0.0000    0.0000    1.2870    0.6606    0.0001   -1.0000    5.2516    3.9101  0.6500E+02  0.2191E+04 -0.2342E-06 -0.3797E-08  0.3265E-06  0.1793E-08  0.3270E+00  0.8450E-02  0.0000E+00 -0.1000E+01
   13.7225  1 15   23.4528    0.0000    0.0000    0.0000    1.2890    0.6606    0.0001   -1.0000    5.2523    3.9101  0.6438E+02  0.2191E+04 -0.2342E-06 -0.3797E-08  0.3337E-06  0.1793E-08  0.3315E+00  0.8450E-02  0.0000E+00 -0.1000E+01
   13.7295  1 15   23.4512    0.0000    0.0000    0.0000    1.2910    0.6606    0.0001   -1.0000    5.2529    3.9101  0.6375E+02  0.2191E+04 -0.2314E-06 -0.3797E-08  0.3418E-06  0.1793E-08  0.3353E+00  0.8450E-02  0.0000E+00 -0.1000E+01
   13.7365  1 15   23.4496    0.0000    0.0000    0.0000    1.2931    0.6606    0.0001   -1.0000    5.2536    3.9101  0.6313E+02  0.2191E+04 -0.2283E-06 -0.3797E-08  0.3501E-06  0.1793E-08  0.3390E+00  0.8450E-02  0.0000E+00 -0.1000E+01
   13.7436  1 15   23.4480    0.0000    0.0000    0.0000    1.2951    0.6606    0.0001   -1.0000    5.2542    3.9101  0.6251E+02  0.2191E+04 -0.2280E-06 -0.3797E-08  0.3584E-06  0.1793E-08  0.3426E+00  0.8450E-02  0.0000E+00 -0.1000E+01
   13.7506  1 15   23.4464    0.0000    0.0000    0.0000    1.2972    0.6606    0.0001   -1.0000    5.2549    3.9101  0.6190E+02  0.2191E+04 -0.2280E-06 -0.3797E-08  0.3666E-06  0.1793E-08  0.3463E+00  0.8450E-02  0.0000E+00 -0.1000E+01
   13.7576  1 15   23.4448    0.0000    0.0000    0.0000    1.2992    0.6606    0.0001   -1.0000    5.2555    3.9101  0.6128E+02  0.2191E+04 -0.2275E-06 -0.3797E-08  0.3750E-06  0.1793E-08  0.3504E+00  0.8450E-02  0.0000E+00 -0.1000E+01
   13.7646  1 15   23.4432    0.0000    0.0000    0.0000    1.3014    0.6606    0.0001   -1.0000    5.2562    3.9101  0.6066E+02  0.2191E+04 -0.2242E-06 -0.3797E-08  0.3842E-06  0.1793E-08  0.3565E+00  0.8450E-02  0.0000E+00 -0.1000E+01
   13.7716  1 15   23.4417    0.0000    0.0000    0.0000    1.3035    0.6606    0.0001   -1.0000    5.2569    3.9101  0.6005E+02  0.2191E+04 -0.2215E-06 -0.3797E-08  0.3933E-06  0.1793E-08  0.3627E+00  0.8450E-02  0.0000E+00 -0.1000E+01
   13.7786  1 15   23.4401    0.0000    0.0000    0.0000    1.3056    0.6606    0.0001   -1.0000    5.2575    3.9101  0.5944E+02  0.2191E+04 -0.2215E-06 -0.3797E-08  0.4025E-06  0.1793E-08  0.3688E+00  0.8450E-02  0.0000E+00 -0.1000E+01
   13.7856  1 15   23.4386    0.0000    0.0000    0.0000    1.3078    0.6606    0.0001   -1.0000    5.2582    3.9101  0.5883E+02  0.2191E+04 -0.2215E-06 -0.3797E-08  0.4116E-06  0.1793E-08  0.3750E+00  0.8450E-02  0.0000E+00 -0.1000E+01
   13.7926  1 15   23.4371    0.0000    0.0000    0.0000    1.3100    0.6606    0.0001   -1.0000    5.2588    3.9101  0.5823E+02  0.2191E+04 -0.2198E-06 -0.3797E-08  0.4220E-06  0.1793E-08  0.3806E+00  0.8450E-02  0.0000E+00 -0.1000E+01
   13.7996  1 15   23.4355    0.0000    0.0000    0.0000    1.3122    0.6606    0.0001   -1.0000    5.2595    3.9101  0.5762E+02  0.2191E+04 -0.2164E-06 -0.3797E-08  0.4335E-06  0.1793E-08  0.3857E+00  0.8450E-02  0.0000E+00 -0.1000E+01
   13.8066  1 15   23.4340    0.0000    0.0000    0.0000    1.3144    0.6606    0.0001   -1.0000    5.2602    3.9101  0.5701E+02  0.2191E+04 -0.2148E-06 -0.3797E-08  0.4450E-06  0.1793E-08  0.3907E+00  0.8450E-02  0.0000E+00 -0.1000E+01
   13.8136  1 15   23.4325    0.0000    0.0000    0.0000    1.3166    0.6606    0.0001   -1.0000    5.2608    3.9101  0.5641E+02  0.2191E+04 -0.2148E-06 -0.3797E-08  0.4566E-06  0.1793E-08  0.3958E+00  0.8450E-02  0.0000E+00 -0.1000E+01
   13.8206  1 15   23.4310    0.0000    0.0000    0.0000    1.3188    0.6606    0.0001   -1.0000    5.2615    3.9101  0.5582E+02  0.2191E+04 -0.2148E-06 -0.3797E-08  0.4681E-06  0.1793E-08  0.4009E+00  0.8450E-02  0.0000E+00 -0.1000E+01
   13.8276  1 15   23.4295    0.0000    0.0000    0.0000    1.3211    0.6606    0.0001   -1.0000    5.2622    3.9101  0.5522E+02  0.2191E+04 -0.2114E-06 -0.3797E-08  0.4818E-06  0.1793E-08  0.4044E+00  0.8450E-02  0.0000E+00 -0.1000E+01
   13.8346  1 15   23.4281    0.0000    0.0000    0.0000    1.3234    0.6606    0.0001   -1.0000    5.2628    3.9101  0.5462E+02  0.2191E+04 -0.2079E-06 -0.3797E-08  0.4956E-06  0.1793E-08  0.4080E+00  0.8450E-02  0.0000E+00 -0.1000E+01
   13.8416  1 15   23.4266    0.0000    0.0000    0.0000    1.3257    0.6606    0.0001   -1.0000    5.2635    3.9101  0.5403E+02  0.2191E+04 -0.2079E-06 -0.3797E-08  0.5093E-06  0.1793E-08  0.4115E+00  0.8450E-02  0.0000E+00 -0.1000E+01
   13.8486  1 15   23.4252    0.0000    0.0000    0.0000    1.3279    0.6606    0.0001   -1.0000    5.2642    3.9101  0.5344E+02  0.2191E+04 -0.2079E-06 -0.3797E-08  0.5231E-06  0.1793E-08  0.4150E+00  0.8450E-02  0.0000E+00 -0.1000E+01
   13.8557  1 15   23.4207    0.0000    0.0000    0.0000    1.3304    0.6606    0.0001   -1.0000    5.2647    3.9101  0.5279E+02  0.2191E+04 -0.6347E-06 -0.3797E-08  0.5394E-06  0.1793E-08  0.4205E+00  0.8450E-02  0.0000E+00 -0.1000E+01
   13.8627  1 15   23.4110    0.0000    0.0000    0.0000    1.3329    0.6606    0.0001   -1.0000    5.2652    3.9101  0.5205E+02  0.2191E+04 -0.1393E-05 -0.3797E-08  0.5576E-06  0.1793E-08  0.4274E+00  0.8450E-02  0.0000E+00 -0.1000E+01
   13.8697  1 15   23.3989    0.0000    0.0000    0.0000    1.3355    0.6606    0.0001   -1.0000    5.2657    3.9101  0.5129E+02  0.2191E+04 -0.1724E-05 -0.3797E-08  0.5758E-06  0.1793E-08  0.4343E+00  0.8450E-02  0.0000E+00 -0.1000E+01
   13.8767  1 15   23.3868    0.0000    0.0000    0.0000    1.3381    0.6606    0.0001   -1.0000    5.2662    3.9101  0.5054E+02  0.2191E+04 -0.1724E-05 -0.3797E-08  0.5940E-06  0.1793E-08  0.4412E+00  0.8450E-02  0.0000E+00 -0.1000E+01
   13.8837  1 15   23.3732    0.0000    0.0000    0.0000    1.3407    0.6606    0.0001   -1.0000    5.2667    3.9101  0.4975E+02  0.2191E+04 -0.1945E-05 -0.3797E-08  0.6146E-06  0.1793E-08  0.4496E+00  0.8450E-02  0.0000E+00 -0.1000E+01
   13.8907  1 15   23.3568    0.0000    0.0000    0.0000    1.3435    0.6606    0.0001   -1.0000    5.2671    3.9101  0.4892E+02  0.2191E+04 -0.2339E-05 -0.3797E-08  0.6370E-06  0.1793E-08  0.4593E+00  0.8450E-02  0.0000E+00 -0.1000E+01
   13.8977  1 15   23.3392    0.0000    0.0000    0.0000    1.3463    0.6606    0.0001   -1.0000    5.2676    3.9101  0.4809E+02  0.2191E+04 -0.2512E-05 -0.3797E-08  0.6594E-06  0.1793E-08  0.4690E+00  0.8450E-02  0.0000E+00 -0.1000E+01
   13.9047  1 15   23.3216    0.0000    0.0000    0.0000    1.3491    0.6606    0.0001   -1.0000    5.2680    3.9101  0.4727E+02  0.2191E+04 -0.2512E-05 -0.3797E-08  0.6817E-06  0.1793E-08  0.4787E+00  0.8450E-02  0.0000E+00 -0.1000E+01
   13.9117  1 15   23.3034    0.0000    0.0000    0.0000    1.3520    0.6606    0.0001   -1.0000    5.2684    3.9101  0.4644E+02  0.2191E+04 -0.2599E-05 -0.3797E-08  0.7074E-06  0.1793E-08  0.4893E+00  0.8450E-02  0.0000E+00 -0.1000E+01
   13.9187  1 15   23.2845    0.0000    0.0000    0.0000    1.3550    0.6606    0.0001   -1.0000    5.2689    3.9101  0.4560E+02  0.2191E+04 -0.2703E-05 -0.3797E-08  0.7337E-06  0.1793E-08  0.5000E+00  0.8450E-02  0.0000E+00 -0.1000E+01
   13.9257  1 15   23.2654    0.0000    0.0000    0.0000    1.3579    0.6606    0.0001   -1.0000    5.2693    3.9101  0.4478E+02  0.2191E+04 -0.2718E-05 -0.3797E-08  0.7600E-06  0.1793E-08  0.5107E+00  0.8450E-02  0.0000E+00 -0.1000E+01
   13.9327  1 15   23.2463    0.0000    0.0000    0.0000    1.3609    0.6606    0.0001   -1.0000    5.2697    3.9101  0.4396E+02  0.2191E+04 -0.2727E-05 -0.3797E-08  0.7877E-06  0.1793E-08  0.5215E+00  0.8450E-02  0.0000E+00 -0.1000E+01
   13.9397  1 15   23.2270    0.0000    0.0000    0.0000    1.3640    0.6606    0.0001   -1.0000    5.2702    3.9101  0.4314E+02  0.2191E+04 -0.2758E-05 -0.3797E-08  0.8186E-06  0.1793E-08  0.5325E+00  0.8450E-02  0.0000E+00 -0.1000E+01
   13.9467  1 15   23.2075    0.0000    0.0000    0.0000    1.3670    0.6606    0.0001   -1.0000    5.2706    3.9101  0.4234E+02  0.2191E+04 -0.2780E-05 -0.3797E-08  0.8496E-06  0.1793E-08  0.5436E+00  0.8450E-02  0.0000E+00 -0.1000E+01
   13.9537  1 15   23.1880    0.0000    0.0000    0.0000    1.3701    0.6606    0.0001   -1.0000    5.2711    3.9101  0.4155E+02  0.2191E+04 -0.2780E-05 -0.3797E-08  0.8805E-06  0.1793E-08  0.5547E+00  0.8450E-02  0.0000E+00 -0.1000E+01
   13.9608  1 15   23.1686    0.0000    0.0000    0.0000    1.3732    0.6606    0.0001   -1.0000    5.2715    3.9101  0.4075E+02  0.2191E+04 -0.2780E-05 -0.3797E-08  0.9163E-06  0.1793E-08  0.5664E+00  0.8450E-02  0.0000E+00 -0.1000E+01
   13.9678  1 15   23.1491    0.0000    0.0000    0.0000    1.3764    0.6606    0.0001   -1.0000    5.2720    3.9101  0.3997E+02  0.2191E+04 -0.2779E-05 -0.3797E-08  0.9530E-06  0.1793E-08  0.5783E+00  0.8450E-02  0.0000E+00 -0.1000E+01
   13.9748  1 15   23.1296    0.0000    0.0000    0.0000    1.3796    0.6606    0.0001   -1.0000    5.2725    3.9101  0.3920E+02  0.2191E+04 -0.2779E-05 -0.3797E-08  0.9897E-06  0.1793E-08  0.5902E+00  0.8450E-02  0.0000E+00 -0.1000E+01
   13.9818  1 15   23.1101    0.0000    0.0000    0.0000    1.3828    0.6606    0.0001   -1.0000    5.2729    3.9101  0.3844E+02  0.2191E+04 -0.2778E-05 -0.3797E-08  0.1030E-05  0.1793E-08  0.6036E+00  0.8450E-02  0.0000E+00 -0.1000E+01
   13.9888  1 15   23.0907    0.0000    0.0000    0.0000    1.3861    0.6606    0.0001   -1.0000    5.2734    3.9101  0.3768E+02  0.2191E+04 -0.2777E-05 -0.3797E-08  0.1074E-05  0.1793E-08  0.6187E+00  0.8450E-02  0.0000E+00 -0.1000E+01
   13.9958  1 15   23.0712    0.0000    0.0000    0.0000    1.3894    0.6606    0.0001   -1.0000    5.2739    3.9101  0.3693E+02  0.2191E+04 -0.2776E-05 -0.3797E-08  0.1117E-05  0.1793E-08  0.6338E+00  0.8450E-02  0.0000E+00 -0.1000E+01
   14.0028  1 15   23.0518    0.0000    0.0000    0.0000    1.3928    0.6606    0.0001   -1.0000    5.2744    3.9101  0.3619E+02  0.2191E+04 -0.2775E-05 -0.3797E-08  0.1163E-05  0.1793E-08  0.6490E+00  0.8450E-02  0.0000E+00 -0.1000E+01
   14.0098  1 15   23.0324    0.0000    0.0000    0.0000    1.3962    0.6606    0.0001   -1.0000    5.2748    3.9101  0.3546E+02  0.2191E+04 -0.2774E-05 -0.3797E-08  0.1215E-05  0.1793E-08  0.6643E+00  0.8450E-02  0.0000E+00 -0.1000E+01
   14.0168  1 15   23.0129    0.0000    0.0000    0.0000    1.3996    0.6606    0.0001   -1.0000    5.2753    3.9101  0.3473E+02  0.2191E+04 -0.2773E-05 -0.3797E-08  0.1267E-05  0.1793E-08  0.6797E+00  0.8450E-02  0.0000E+00 -0.1000E+01
   14.0238  1 15   22.9935    0.0000    0.0000    0.0000    1.4031    0.6606    0.0001   -1.0000    5.2758    3.9101  0.3402E+02  0.2191E+04 -0.2773E-05 -0.3797E-08  0.1320E-05  0.1793E-08  0.6952E+00  0.8450E-02  0.0000E+00 -0.1000E+01
   14.0308  1 15   22.9741    0.0000    0.0000    0.0000    1.4066    0.6606    0.0001   -1.0000    5.2763    3.9101  0.3331E+02  0.2191E+04 -0.2772E-05 -0.3797E-08  0.1379E-05  0.1793E-08  0.7112E+00  0.8450E-02  0.0000E+00 -0.1000E+01
   14.0378  1 15   22.9546    0.0000    0.0000    0.0000    1.4101    0.6606    0.0001   -1.0000    5.2768    3.9101  0.3262E+02  0.2191E+04 -0.2772E-05 -0.3797E-08  0.1438E-05  0.1793E-08  0.7272E+00  0.8450E-02  0.0000E+00 -0.1000E+01
   14.0448  1 15   22.9352    0.0000    0.0000    0.0000    1.4137    0.6606    0.0001   -1.0000    5.2773    3.9101  0.3194E+02  0.2191E+04 -0.2772E-05 -0.3797E-08  0.1499E-05  0.1793E-08  0.7432E+00  0.8450E-02  0.0000E+00 -0.1000E+01
   14.0518  1 15   22.9158    0.0000    0.0000    0.0000    1.4173    0.6606    0.0001   -1.0000    5.2778    3.9101  0.3126E+02  0.2191E+04 -0.2770E-05 -0.3797E-08  0.1567E-05  0.1793E-08  0.7595E+00  0.8450E-02  0.0000E+00 -0.1000E+01
   14.0588  1 15   22.8964    0.0000    0.0000    0.0000    1.4209    0.6606    0.0001   -1.0000    5.2783    3.9101  0.3059E+02  0.2191E+04 -0.2769E-05 -0.3797E-08  0.1634E-05  0.1793E-08  0.7758E+00  0.8450E-02  0.0000E+00 -0.1000E+01
   14.0659  1 15   22.8770    0.0000    0.0000    0.0000    1.4246    0.6606    0.0001   -1.0000    5.2788    3.9101  0.2994E+02  0.2191E+04 -0.2769E-05 -0.3797E-08  0.1704E-05  0.1793E-08  0.7929E+00  0.8450E-02  0.0000E+00 -0.1000E+01
   14.0729  1 15   22.8576    0.0000    0.0000    0.0000    1.4284    0.6606    0.0001   -1.0000    5.2793    3.9101  0.2928E+02  0.2191E+04 -0.2765E-05 -0.3797E-08  0.1790E-05  0.1793E-08  0.8164E+00  0.8450E-02  0.0000E+00 -0.1000E+01
   14.0799  1 15   22.8383    0.0000    0.0000    0.0000    1.4322    0.6606    0.0001   -1.0000    5.2798    3.9101  0.2863E+02  0.2191E+04 -0.2761E-05 -0.3797E-08  0.1876E-05  0.1793E-08  0.8398E+00  0.8450E-02  0.0000E+00 -0.1000E+01
   14.0869  1 15   22.8190    0.0000    0.0000    0.0000    1.4360    0.6606    0.0001   -1.0000    5.2803    3.9101  0.2800E+02  0.2191E+04 -0.2761E-05 -0.3797E-08  0.1966E-05  0.1793E-08  0.8632E+00  0.8450E-02  0.0000E+00 -0.1000E+01
   14.0939  1 15   22.7996    0.0000    0.0000    0.0000    1.4399    0.6606    0.0001   -1.0000    5.2808    3.9101  0.2737E+02  0.2191E+04 -0.2759E-05 -0.3797E-08  0.2066E-05  0.1793E-08  0.8865E+00  0.8450E-02  0.0000E+00 -0.1000E+01
   14.1009  1 15   22.7803    0.0000    0.0000    0.0000    1.4438    0.6606    0.0001   -1.0000    5.2814    3.9101  0.2675E+02  0.2191E+04 -0.2758E-05 -0.3797E-08  0.2165E-05  0.1793E-08  0.9099E+00  0.8450E-02  0.0000E+00 -0.1000E+01
   14.1079  1 15   22.7610    0.0000    0.0000    0.0000    1.4477    0.6606    0.0001   -1.0000    5.2819    3.9101  0.2614E+02  0.2191E+04 -0.2757E-05 -0.3797E-08  0.2272E-05  0.1793E-08  0.9339E+00  0.8450E-02  0.0000E+00 -0.1000E+01
   14.1149  1 15   22.7417    0.0000    0.0000    0.0000    1.4518    0.6606    0.0001   -1.0000    5.2824    3.9101  0.2554E+02  0.2191E+04 -0.2755E-05 -0.3797E-08  0.2385E-05  0.1793E-08  0.9589E+00  0.8450E-02  0.0000E+00 -0.1000E+01
   14.1219  1 15   22.7224    0.0000    0.0000    0.0000    1.4558    0.6606    0.0001   -1.0000    5.2829    3.9101  0.2495E+02  0.2191E+04 -0.2755E-05 -0.3797E-08  0.2499E-05  0.1793E-08  0.9838E+00  0.8450E-02  0.0000E+00 -0.1000E+01
   14.1289  1 15   22.7031    0.0000    0.0000    0.0000    1.4599    0.6606    0.0001   -1.0000    5.2835    3.9101  0.2436E+02  0.2191E+04 -0.2751E-05 -0.3797E-08  0.2633E-05  0.1793E-08  0.1012E+01  0.8450E-02  0.0000E+00 -0.1000E+01
   14.1324  1 15   22.6935    0.0000    0.0000    0.0000    1.4620    0.6606    0.0001   -1.0000    5.2838    3.9101  0.2407E+02  0.2191E+04 -0.2746E-05 -0.3797E-08  0.2704E-05  0.1793E-08  0.1026E+01  0.8450E-02  0.0000E+00 -0.1000E+01
   14.1359  1 15   22.6839    0.0000    0.0000    0.0000    1.4641    0.6606    0.0001   -1.0000    5.2840    3.9101  0.2379E+02  0.2191E+04 -0.2746E-05 -0.3797E-08  0.2774E-05  0.1793E-08  0.1041E+01  0.8450E-02  0.0000E+00 -0.1000E+01
   14.1394  1 15   22.6742    0.0000    0.0000    0.0000    1.4661    0.6606    0.0001   -1.0000    5.2843    3.9101  0.2350E+02  0.2191E+04 -0.2746E-05 -0.3797E-08  0.2844E-05  0.1793E-08  0.1055E+01  0.8450E-02  0.0000E+00 -0.1000E+01
   14.1429  1 15   22.6646    0.0000    0.0000    0.0000    1.4682    0.6606    0.0001   -1.0000    5.2846    3.9101  0.2322E+02  0.2191E+04 -0.2745E-05 -0.3797E-08  0.2919E-05  0.1793E-08  0.1070E+01  0.8450E-02  0.0000E+00 -0.1000E+01
   14.1464  1 15   22.6550    0.0000    0.0000    0.0000    1.4704    0.6606    0.0001   -1.0000    5.2848    3.9101  0.2293E+02  0.2191E+04 -0.2741E-05 -0.3797E-08  0.3003E-05  0.1793E-08  0.1086E+01  0.8450E-02  0.0000E+00 -0.1000E+01
   14.1499  1 15   22.6454    0.0000    0.0000    0.0000    1.4726    0.6606    0.0001   -1.0000    5.2851    3.9101  0.2265E+02  0.2191E+04 -0.2739E-05 -0.3797E-08  0.3088E-05  0.1793E-08  0.1103E+01  0.8450E-02  0.0000E+00 -0.1000E+01
   14.1534  1 15   22.6358    0.0000    0.0000    0.0000    1.4747    0.6606    0.0001   -1.0000    5.2854    3.9101  0.2238E+02  0.2191E+04 -0.2739E-05 -0.3797E-08  0.3173E-05  0.1793E-08  0.1119E+01  0.8450E-02  0.0000E+00 -0.1000E+01
   14.1569  1 15   22.6262    0.0000    0.0000    0.0000    1.4769    0.6606    0.0001   -1.0000    5.2857    3.9101  0.2210E+02  0.2191E+04 -0.2739E-05 -0.3797E-08  0.3257E-05  0.1793E-08  0.1135E+01  0.8450E-02  0.0000E+00 -0.1000E+01
   14.1604  1 15   22.6166    0.0000    0.0000    0.0000    1.4790    0.6606    0.0001   -1.0000    5.2860    3.9101  0.2183E+02  0.2191E+04 -0.2739E-05 -0.3797E-08  0.3344E-05  0.1793E-08  0.1152E+01  0.8450E-02  0.0000E+00 -0.1000E+01
   14.1639  1 15   22.6071    0.0000    0.0000    0.0000    1.4812    0.6606    0.0001   -1.0000    5.2862    3.9101  0.2156E+02  0.2191E+04 -0.2738E-05 -0.3797E-08  0.3443E-05  0.1793E-08  0.1172E+01  0.8450E-02  0.0000E+00 -0.1000E+01
   14.1674  1 15   22.5975    0.0000    0.0000    0.0000    1.4834    0.6606    0.0001   -1.0000    5.2865    3.9101  0.2129E+02  0.2191E+04 -0.2736E-05 -0.3797E-08  0.3543E-05  0.1793E-08  0.1191E+01  0.8450E-02  0.0000E+00 -0.1000E+01
   14.1709  1 15   22.5879    0.0000    0.0000    0.0000    1.4856    0.6606    0.0001   -1.0000    5.2868    3.9101  0.2102E+02  0.2191E+04 -0.2736E-05 -0.3797E-08  0.3642E-05  0.1793E-08  0.1210E+01  0.8450E-02  0.0000E+00 -0.1000E+01
   14.1745  1 15   22.5783    0.0000    0.0000    0.0000    1.4878    0.6606    0.0001   -1.0000    5.2871    3.9101  0.2076E+02  0.2191E+04 -0.2736E-05 -0.3797E-08  0.3741E-05  0.1793E-08  0.1229E+01  0.8450E-02  0.0000E+00 -0.1000E+01
   14.1780  1 15   22.5687    0.0000    0.0000    0.0000    1.4901    0.6606    0.0001   -1.0000    5.2874    3.9101  0.2050E+02  0.2191E+04 -0.2735E-05 -0.3797E-08  0.3844E-05  0.1793E-08  0.1248E+01  0.8450E-02  0.0000E+00 -0.1000E+01
   14.1815  1 15   22.5592    0.0000    0.0000    0.0000    1.4923    0.6606    0.0001   -1.0000    5.2877    3.9101  0.2024E+02  0.2191E+04 -0.2729E-05 -0.3797E-08  0.3963E-05  0.1793E-08  0.1268E+01  0.8450E-02  0.0000E+00 -0.1000E+01
   14.1850  1 15   22.5496    0.0000    0.0000    0.0000    1.4946    0.6606    0.0001   -1.0000    5.2879    3.9101  0.1998E+02  0.2191E+04 -0.2724E-05 -0.3797E-08  0.4083E-05  0.1793E-08  0.1287E+01  0.8450E-02  0.0000E+00 -0.1000E+01
   14.1885  1 15   22.5401    0.0000    0.0000    0.0000    1.4969    0.6606    0.0001   -1.0000    5.2882    3.9101  0.1972E+02  0.2191E+04 -0.2724E-05 -0.3797E-08  0.4203E-05  0.1793E-08  0.1306E+01  0.8450E-02  0.0000E+00 -0.1000E+01
   14.1920  1 15   22.5305    0.0000    0.0000    0.0000    1.4992    0.6606    0.0001   -1.0000    5.2885    3.9101  0.1947E+02  0.2191E+04 -0.2724E-05 -0.3797E-08  0.4323E-05  0.1793E-08  0.1325E+01  0.8450E-02  0.0000E+00 -0.1000E+01
   14.1955  1 15   22.5210    0.0000    0.0000    0.0000    1.5015    0.6606    0.0001   -1.0000    5.2888    3.9101  0.1922E+02  0.2191E+04 -0.2723E-05 -0.3797E-08  0.4450E-05  0.1793E-08  0.1345E+01  0.8450E-02  0.0000E+00 -0.1000E+01
   14.1990  1 15   22.5115    0.0000    0.0000    0.0000    1.5038    0.6606    0.0001   -1.0000    5.2891    3.9101  0.1897E+02  0.2191E+04 -0.2720E-05 -0.3797E-08  0.4592E-05  0.1793E-08  0.1366E+01  0.8450E-02  0.0000E+00 -0.1000E+01
   14.2025  1 15   22.5019    0.0000    0.0000    0.0000    1.5062    0.6606    0.0001   -1.0000    5.2894    3.9101  0.1872E+02  0.2191E+04 -0.2719E-05 -0.3797E-08  0.4733E-05  0.1793E-08  0.1386E+01  0.8450E-02  0.0000E+00 -0.1000E+01
   14.2060  1 15   22.4924    0.0000    0.0000    0.0000    1.5085    0.6606    0.0001   -1.0000    5.2897    3.9101  0.1847E+02  0.2191E+04 -0.2719E-05 -0.3797E-08  0.4875E-05  0.1793E-08  0.1407E+01  0.8450E-02  0.0000E+00 -0.1000E+01
   14.2095  1 15   22.4829    0.0000    0.0000    0.0000    1.5108    0.6606    0.0001   -1.0000    5.2900    3.9101  0.1823E+02  0.2191E+04 -0.2719E-05 -0.3797E-08  0.5016E-05  0.1793E-08  0.1427E+01  0.8450E-02  0.0000E+00 -0.1000E+01
   14.2130  1 15   22.4734    0.0000    0.0000    0.0000    1.5132    0.6606    0.0001   -1.0000    5.2903    3.9101  0.1799E+02  0.2191E+04 -0.2717E-05 -0.3797E-08  0.5180E-05  0.1793E-08  0.1451E+01  0.8450E-02  0.0000E+00 -0.1000E+01
   14.2165  1 15   22.4639    0.0000    0.0000    0.0000    1.5156    0.6606    0.0001   -1.0000    5.2906    3.9101  0.1775E+02  0.2191E+04 -0.2713E-05 -0.3797E-08  0.5356E-05  0.1793E-08  0.1476E+01  0.8450E-02  0.0000E+00 -0.1000E+01
   14.2200  1 15   22.4544    0.0000    0.0000    0.0000    1.5180    0.6606    0.0001   -1.0000    5.2909    3.9101  0.1751E+02  0.2191E+04 -0.2711E-05 -0.3797E-08  0.5533E-05  0.1793E-08  0.1501E+01  0.8450E-02  0.0000E+00 -0.1000E+01
   14.2235  1 15   22.4449    0.0000    0.0000    0.0000    1.5204    0.6606    0.0001   -1.0000    5.2912    3.9101  0.1728E+02  0.2191E+04 -0.2711E-05 -0.3797E-08  0.5709E-05  0.1793E-08  0.1526E+01  0.8450E-02  0.0000E+00 -0.1000E+01
   14.2270  1 15   22.4354    0.0000    0.0000    0.0000    1.5228    0.6606    0.0001   -1.0000    5.2915    3.9101  0.1705E+02  0.2191E+04 -0.2711E-05 -0.3797E-08  0.5887E-05  0.1793E-08  0.1551E+01  0.8450E-02  0.0000E+00 -0.1000E+01
   14.2305  1 15   22.4259    0.0000    0.0000    0.0000    1.5253    0.6606    0.0001   -1.0000    5.2918    3.9101  0.1682E+02  0.2191E+04 -0.2706E-05 -0.3797E-08  0.6126E-05  0.1793E-08  0.1581E+01  0.8450E-02  0.0000E+00 -0.1000E+01
   14.2340  1 15   22.4164    0.0000    0.0000    0.0000    1.5277    0.6606    0.0001   -1.0000    5.2921    3.9101  0.1659E+02  0.2191E+04 -0.2701E-05 -0.3797E-08  0.6365E-05  0.1793E-08  0.1611E+01  0.8450E-02  0.0000E+00 -0.1000E+01
   14.2375  1 15   22.4070    0.0000    0.0000    0.0000    1.5302    0.6606    0.0001   -1.0000    5.2924    3.9101  0.1636E+02  0.2191E+04 -0.2701E-05 -0.3797E-08  0.6604E-05  0.1793E-08  0.1641E+01  0.8450E-02  0.0000E+00 -0.1000E+01
   14.2410  1 15   22.3975    0.0000    0.0000    0.0000    1.5326    0.6606    0.0001   -1.0000    5.2927    3.9101  0.1614E+02  0.2191E+04 -0.2701E-05 -0.3797E-08  0.6843E-05  0.1793E-08  0.1671E+01  0.8450E-02  0.0000E+00 -0.1000E+01
   14.2445  1 15   22.3880    0.0000    0.0000    0.0000    1.5351    0.6606    0.0001   -1.0000    5.2930    3.9101  0.1592E+02  0.2191E+04 -0.2700E-05 -0.3797E-08  0.7589E-05  0.1793E-08  0.1708E+01  0.8450E-02  0.0000E+00 -0.1000E+01
   14.2480  1 15   22.3786    0.0000    0.0000    0.0000    1.5376    0.6606    0.0001   -1.0000    5.2933    3.9101  0.1570E+02  0.2191E+04 -0.2698E-05 -0.3797E-08  0.8760E-05  0.1793E-08  0.1749E+01  0.8450E-02  0.0000E+00 -0.1000E+01
   14.2515  1 15   22.3691    0.0000    0.0000    0.0000    1.5401    0.6606    0.0001   -1.0000    5.2936    3.9101  0.1548E+02  0.2191E+04 -0.2698E-05 -0.3797E-08  0.9931E-05  0.1793E-08  0.1791E+01  0.8450E-02  0.0000E+00 -0.1000E+01
   14.2550  1 15   22.3597    0.0000    0.0000    0.0000    1.5426    0.6606    0.0001   -1.0000    5.2939    3.9101  0.1527E+02  0.2191E+04 -0.2698E-05 -0.3797E-08  0.1110E-04  0.1793E-08  0.1833E+01  0.8450E-02  0.0000E+00 -0.1000E+01
   14.2585  1 15   22.3502    0.0000    0.0000    0.0000    1.5451    0.6606    0.0001   -1.0000    5.2943    3.9101  0.1506E+02  0.2191E+04 -0.2697E-05 -0.3797E-08  0.1834E-04  0.1793E-08  0.1947E+01  0.8450E-02  0.0000E+00 -0.1000E+01
   14.2620  1 15   22.3408    0.0000    0.0000    0.0000    1.5477    0.6606    0.0001   -1.0000    5.2946    3.9101  0.1484E+02  0.2191E+04 -0.2689E-05 -0.3797E-08  0.7730E-04  0.1793E-08  0.2678E+01  0.8450E-02  0.0000E+00 -0.1000E+01
   14.2655  1 15   22.3314    0.0000    0.0000    0.0000    1.5502    0.6606    0.0001   -1.0000    5.2949    3.9101  0.1463E+02  0.2191E+04 -0.2683E-05 -0.3797E-08  0.1363E-03  0.1793E-08  0.3409E+01  0.8450E-02  0.0000E+00 -0.1000E+01
   14.2690  1 15   22.3220    0.0000    0.0000    0.0000    1.5528    0.6606    0.0001   -1.0000    5.2952    3.9101  0.1443E+02  0.2191E+04 -0.2683E-05 -0.3797E-08  0.1952E-03  0.1793E-08  0.4140E+01  0.8450E-02  0.0000E+00 -0.1000E+01
   14.2725  1 15   22.3126    0.0000    0.0000    0.0000    1.5554    0.6606    0.0001   -1.0000    5.2955    3.9101  0.1422E+02  0.2191E+04 -0.2683E-05 -0.3797E-08  0.2542E-03  0.1793E-08  0.4871E+01  0.8450E-02  0.0000E+00 -0.1000E+01
   14.2760  1 15   22.3032    0.0000    0.0000    0.0000    1.5580    0.6606    0.0001   -1.0000    5.2959    3.9101  0.1402E+02  0.2191E+04 -0.2681E-05 -0.3797E-08  0.3094E-03  0.1793E-08  0.5555E+01  0.8450E-02  0.0000E+00 -0.1000E+01
   14.2795  1 15   22.2938    0.0000    0.0000    0.0000    1.5606    0.6606    0.0001   -1.0000    5.2962    3.9101  0.1382E+02  0.2191E+04 -0.2680E-05 -0.3797E-08  0.3639E-03  0.1793E-08  0.6230E+01  0.8450E-02  0.0000E+00 -0.1000E+01
   14.2831  1 15   22.2845    0.0000    0.0000    0.0000    1.5632    0.6606    0.0001   -1.0000    5.2965    3.9101  0.1362E+02  0.2191E+04 -0.2679E-05 -0.3797E-08  0.4184E-03  0.1793E-08  0.6905E+01  0.8450E-02  0.0000E+00 -0.1000E+01
   14.2866  1 15   22.2751    0.0000    0.0000    0.0000    1.5659    0.6606    0.0001   -1.0000    5.2968    3.9101  0.1342E+02  0.2191E+04 -0.2679E-05 -0.3797E-08  0.4728E-03  0.1793E-08  0.7579E+01  0.8450E-02  0.0000E+00 -0.1000E+01
   14.2901  1 15   22.2657    0.0000    0.0000    0.0000    1.5685    0.6606    0.0001   -1.0000    5.2972    3.9101  0.1323E+02  0.2191E+04 -0.2675E-05 -0.3797E-08  0.5009E-03  0.1793E-08  0.7914E+01  0.8450E-02  0.0000E+00 -0.1000E+01
   14.2936  1 15   22.2564    0.0000    0.0000    0.0000    1.5713    0.6606    0.0001   -1.0000    5.2975    3.9101  0.1303E+02  0.2191E+04 -0.2669E-05 -0.3797E-08  0.5113E-03  0.1793E-08  0.8022E+01  0.8450E-02  0.0000E+00 -0.1000E+01
   14.2971  1 15   22.2470    0.0000    0.0000    0.0000    1.5740    0.6606    0.0001   -1.0000    5.2978    3.9101  0.1284E+02  0.2191E+04 -0.2666E-05 -0.3797E-08  0.5217E-03  0.1793E-08  0.8130E+01  0.8450E-02  0.0000E+00 -0.1000E+01
   14.3006  1 15   22.2377    0.0000    0.0000    0.0000    1.5767    0.6606    0.0001   -1.0000    5.2982    3.9101  0.1265E+02  0.2191E+04 -0.2666E-05 -0.3797E-08  0.5321E-03  0.1793E-08  0.8238E+01  0.8450E-02  0.0000E+00 -0.1000E+01
   14.3041  1 15   22.2283    0.0000    0.0000    0.0000    1.5794    0.6606    0.0001   -1.0000    5.2985    3.9101  0.1246E+02  0.2191E+04 -0.2664E-05 -0.3797E-08  0.5432E-03  0.1793E-08  0.8348E+01  0.8450E-02  0.0000E+00 -0.1000E+01
   14.3076  1 15   22.2190    0.0000    0.0000    0.0000    1.5822    0.6606    0.0001   -1.0000    5.2989    3.9101  0.1228E+02  0.2191E+04 -0.2661E-05 -0.3797E-08  0.5549E-03  0.1793E-08  0.8459E+01  0.8450E-02  0.0000E+00 -0.1000E+01
   14.3111  1 15   22.2097    0.0000    0.0000    0.0000    1.5849    0.6606    0.0001   -1.0000    5.2992    3.9101  0.1209E+02  0.2191E+04 -0.2659E-05 -0.3797E-08  0.5667E-03  0.1793E-08  0.8570E+01  0.8450E-02  0.0000E+00 -0.1000E+01
   14.3146  1 15   22.2004    0.0000    0.0000    0.0000    1.5877    0.6606    0.0001   -1.0000    5.2995    3.9101  0.1191E+02  0.2191E+04 -0.2659E-05 -0.3797E-08  0.5784E-03  0.1793E-08  0.8682E+01  0.8450E-02  0.0000E+00 -0.1000E+01
   14.3181  1 15   22.1911    0.0000    0.0000    0.0000    1.5904    0.6606    0.0001   -1.0000    5.2999    3.9101  0.1173E+02  0.2191E+04 -0.2657E-05 -0.3797E-08  0.5911E-03  0.1793E-08  0.8796E+01  0.8450E-02  0.0000E+00 -0.1000E+01
   14.3216  1 15   22.1818    0.0000    0.0000    0.0000    1.5932    0.6606    0.0001   -1.0000    5.3002    3.9101  0.1156E+02  0.2191E+04 -0.2652E-05 -0.3797E-08  0.6048E-03  0.1793E-08  0.8912E+01  0.8450E-02  0.0000E+00 -0.1000E+01
   14.3251  1 15   22.1725    0.0000    0.0000    0.0000    1.5960    0.6606    0.0001   -1.0000    5.3006    3.9101  0.1138E+02  0.2191E+04 -0.2650E-05 -0.3797E-08  0.6185E-03  0.1793E-08  0.9028E+01  0.8450E-02  0.0000E+00 -0.1000E+01
   14.3286  1 15   22.1632    0.0000    0.0000    0.0000    1.5988    0.6606    0.0001   -1.0000    5.3010    3.9101  0.1121E+02  0.2191E+04 -0.2650E-05 -0.3797E-08  0.6322E-03  0.1793E-08  0.9145E+01  0.8450E-02  0.0000E+00 -0.1000E+01
   14.3321  1 15   22.1540    0.0000    0.0000    0.0000    1.6016    0.6606    0.0001   -1.0000    5.3013    3.9101  0.1104E+02  0.2191E+04 -0.2647E-05 -0.3797E-08  0.6466E-03  0.1793E-08  0.9263E+01  0.8450E-02  0.0000E+00 -0.1000E+01
   14.3356  1 15   22.1447    0.0000    0.0000    0.0000    1.6044    0.6606    0.0001   -1.0000    5.3017    3.9101  0.1087E+02  0.2191E+04 -0.2643E-05 -0.3797E-08  0.6615E-03  0.1793E-08  0.9383E+01  0.8450E-02  0.0000E+00 -0.1000E+01
   14.3391  1 15   22.1354    0.0000    0.0000    0.0000    1.6073    0.6606    0.0001   -1.0000    5.3020    3.9101  0.1070E+02  0.2191E+04 -0.2640E-05 -0.3797E-08  0.6764E-03  0.1793E-08  0.9503E+01  0.8450E-02  0.0000E+00 -0.1000E+01
   14.3426  1 15   22.1262    0.0000    0.0000    0.0000    1.6101    0.6606    0.0001   -1.0000    5.3024    3.9101  0.1054E+02  0.2191E+04 -0.2640E-05 -0.3797E-08  0.6913E-03  0.1793E-08  0.9623E+01  0.8450E-02  0.0000E+00 -0.1000E+01
   14.3461  1 15   22.1170    0.0000    0.0000    0.0000    1.6129    0.6606    0.0001   -1.0000    5.3028    3.9101  0.1038E+02  0.2191E+04 -0.2638E-05 -0.3797E-08  0.7068E-03  0.1793E-08  0.9746E+01  0.8450E-02  0.0000E+00 -0.1000E+01
   14.3496  1 15   22.1077    0.0000    0.0000    0.0000    1.6158    0.6606    0.0001   -1.0000    5.3032    3.9101  0.1022E+02  0.2191E+04 -0.2634E-05 -0.3797E-08  0.7226E-03  0.1793E-08  0.9869E+01  0.8450E-02  0.0000E+00 -0.1000E+01
   14.3531  1 15   22.0985    0.0000    0.0000    0.0000    1.6187    0.6606    0.0001   -1.0000    5.3035    3.9101  0.1006E+02  0.2191E+04 -0.2633E-05 -0.3797E-08  0.7384E-03  0.1793E-08  0.9992E+01  0.8450E-02  0.0000E+00 -0.1000E+01
   14.3566  1 15   22.0893    0.0000    0.0000    0.0000    1.6215    0.6606    0.0001   -1.0000    5.3039    3.9101  0.9906E+01  0.2191E+04 -0.2633E-05 -0.3797E-08  0.7543E-03  0.1793E-08  0.1012E+02  0.8450E-02  0.0000E+00 -0.1000E+01
   14.3601  1 15   22.0801    0.0000    0.0000    0.0000    1.6244    0.6606    0.0001   -1.0000    5.3043    3.9101  0.9754E+01  0.2191E+04 -0.2629E-05 -0.3797E-08  0.7711E-03  0.1793E-08  0.1025E+02  0.8450E-02  0.0000E+00 -0.1000E+01
   14.3636  1 15   22.0709    0.0000    0.0000    0.0000    1.6272    0.6606    0.0001   -1.0000    5.3047    3.9101  0.9605E+01  0.2191E+04 -0.2625E-05 -0.3797E-08  0.7881E-03  0.1793E-08  0.1038E+02  0.8450E-02  0.0000E+00 -0.1000E+01
   14.3671  1 15   22.0617    0.0000    0.0000    0.0000    1.6300    0.6606    0.0001   -1.0000    5.3051    3.9101  0.9459E+01  0.2191E+04 -0.2624E-05 -0.3797E-08  0.8052E-03  0.1793E-08  0.1051E+02  0.8450E-02  0.0000E+00 -0.1000E+01
   14.3706  1 15   22.0525    0.0000    0.0000    0.0000    1.6329    0.6606    0.0001   -1.0000    5.3055    3.9101  0.9314E+01  0.2191E+04 -0.2624E-05 -0.3797E-08  0.8222E-03  0.1793E-08  0.1065E+02  0.8450E-02  0.0000E+00 -0.1000E+01
   14.3741  1 15   22.0433    0.0000    0.0000    0.0000    1.6357    0.6606    0.0001   -1.0000    5.3059    3.9101  0.9173E+01  0.2191E+04 -0.2622E-05 -0.3797E-08  0.8392E-03  0.1793E-08  0.1078E+02  0.8450E-02  0.0000E+00 -0.1000E+01
   14.3776  1 15   22.0341    0.0000    0.0000    0.0000    1.6385    0.6606    0.0001   -1.0000    5.3063    3.9101  0.9034E+01  0.2191E+04 -0.2619E-05 -0.3797E-08  0.8561E-03  0.1793E-08  0.1092E+02  0.8450E-02  0.0000E+00 -0.1000E+01
   14.3811  1 15   22.0249    0.0000    0.0000    0.0000    1.6413    0.6606    0.0001   -1.0000    5.3067    3.9101  0.8896E+01  0.2191E+04 -0.2619E-05 -0.3797E-08  0.8731E-03  0.1793E-08  0.1106E+02  0.8450E-02  0.0000E+00 -0.1000E+01
   14.3846  1 15   22.0158    0.0000    0.0000    0.0000    1.6441    0.6606    0.0001   -1.0000    5.3071    3.9101  0.8762E+01  0.2191E+04 -0.2619E-05 -0.3797E-08  0.8907E-03  0.1793E-08  0.1119E+02  0.8450E-02  0.0000E+00 -0.1000E+01
   14.3882  1 15   22.0066    0.0000    0.0000    0.0000    1.6467    0.6606    0.0001   -1.0000    5.3076    3.9101  0.8637E+01  0.2191E+04 -0.2616E-05 -0.3797E-08  0.9130E-03  0.1793E-08  0.1132E+02  0.8450E-02  0.0000E+00 -0.1000E+01
   14.3917  1 15   21.9975    0.0000    0.0000    0.0000    1.6493    0.6606    0.0001   -1.0000    5.3080    3.9101  0.8513E+01  0.2191E+04 -0.2613E-05 -0.3797E-08  0.9353E-03  0.1793E-08  0.1145E+02  0.8450E-02  0.0000E+00 -0.1000E+01
   14.3952  1 15   21.9883    0.0000    0.0000    0.0000    1.6519    0.6606    0.0001   -1.0000    5.3084    3.9101  0.8392E+01  0.2191E+04 -0.2613E-05 -0.3797E-08  0.9576E-03  0.1793E-08  0.1158E+02  0.8450E-02  0.0000E+00 -0.1000E+01
   14.3987  1 15   21.9791    0.0000    0.0365    0.0000    1.6545    0.6606    0.0001   -1.0000    5.3089    3.9101  0.8286E+01  0.2191E+04 -0.2613E-05 -0.3797E-08  0.9801E-03  0.1793E-08  0.1171E+02  0.8450E-02  0.0000E+00 -0.1000E+01
   14.4022  1 15   21.9700    0.0000    0.3296    0.0000    1.6570    0.6606    0.0001   -1.0000    5.3093    3.9101  0.8283E+01  0.2191E+04 -0.2614E-05 -0.3797E-08  0.1004E-02  0.1793E-08  0.1185E+02  0.8450E-02  0.0000E+00 -0.1000E+01
   14.4057  1 15   21.9608    0.0000    0.6228    0.0000    1.6595    0.6606    0.0001   -1.0000    5.3098    3.9101  0.8281E+01  0.2191E+04 -0.2614E-05 -0.3797E-08  0.1029E-02  0.1793E-08  0.1198E+02  0.8450E-02  0.0000E+00 -0.1000E+01
   14.4092  1 15   21.9517    0.0000    0.9160    0.0000    1.6620    0.6606    0.0001   -1.0000    5.3103    3.9101  0.8281E+01  0.2191E+04 -0.2614E-05 -0.3797E-08  0.1053E-02  0.1793E-08  0.1211E+02  0.8450E-02  0.0000E+00 -0.1000E+01
   14.4127  1 15   21.9425    0.0000    1.2548    0.0000    1.6645    0.6606    0.0001   -1.0000    5.3107    3.9101  0.8301E+01  0.2191E+04 -0.2614E-05 -0.3797E-08  0.1077E-02  0.1793E-08  0.1225E+02  0.8450E-02  0.0000E+00 -0.1000E+01
   14.4162  1 15   21.9334    0.0000    2.9256    0.0000    1.6665    0.6606    0.0001   -1.0000    5.3113    3.9101  0.8922E+01  0.2191E+04 -0.2615E-05 -0.3797E-08  0.1104E-02  0.1793E-08  0.1240E+02  0.8450E-02  0.0000E+00 -0.1000E+01
   14.4197  1 15   21.9242    0.0000    4.5963    0.0000    1.6686    0.6606    0.0001   -1.0000    5.3118    3.9101  0.9661E+01  0.2191E+04 -0.2617E-05 -0.3797E-08  0.1131E-02  0.1793E-08  0.1256E+02  0.8450E-02  0.0000E+00 -0.1000E+01
   14.4232  1 15   21.9150    0.0000    6.2671    0.0000    1.6707    0.6606    0.0001   -1.0000    5.3123    3.9101  0.1056E+02  0.2191E+04 -0.2617E-05 -0.3797E-08  0.1158E-02  0.1793E-08  0.1272E+02  0.8450E-02  0.0000E+00 -0.1000E+01
   14.4267  1 15   21.9059    0.0000    7.9378    0.0000    1.6727    0.6606    0.0001   -1.0000    5.3128    3.9101  0.1166E+02  0.2191E+04 -0.2617E-05 -0.3797E-08  0.1185E-02  0.1793E-08  0.1287E+02  0.8450E-02  0.0000E+00 -0.1000E+01
   14.4302  1 15   21.8967    0.0000    8.5967    0.0000    1.6743    0.6606    0.0001   -1.0000    5.3134    3.9101  0.1211E+02  0.2191E+04 -0.2620E-05 -0.3797E-08  0.1211E-02  0.1793E-08  0.1301E+02  0.8450E-02  0.0000E+00 -0.1000E+01
   14.4337  1 15   21.8875    0.0000    8.7635    0.0000    1.6755    0.6606    0.0001   -1.0000    5.3141    3.9101  0.1214E+02  0.2191E+04 -0.2624E-05 -0.3797E-08  0.1237E-02  0.1793E-08  0.1313E+02  0.8450E-02  0.0000E+00 -0.1000E+01
   14.4372  1 15   21.8783    0.0000    8.9302    0.0000    1.6768    0.6606    0.0001   -1.0000    5.3147    3.9101  0.1218E+02  0.2191E+04 -0.2625E-05 -0.3797E-08  0.1264E-02  0.1793E-08  0.1325E+02  0.8450E-02  0.0000E+00 -0.1000E+01
   14.4407  1 15   21.8691    0.0000    9.0970    0.0000    1.6780    0.6606    0.0001   -1.0000    5.3153    3.9101  0.1221E+02  0.2191E+04 -0.2625E-05 -0.3797E-08  0.1290E-02  0.1793E-08  0.1338E+02  0.8450E-02  0.0000E+00 -0.1000E+01
   14.4442  1 15   21.8599    0.0000    9.2299    0.0000    1.6787    0.6606    0.0001   -1.0000    5.3160    3.9101  0.1225E+02  0.2191E+04 -0.2623E-05 -0.3797E-08  0.1310E-02  0.1793E-08  0.1346E+02  0.8450E-02  0.0000E+00 -0.1000E+01
   14.4477  1 15   21.8507    0.0000    9.3034    0.0000    1.6784    0.6606    0.0001   -1.0000    5.3169    3.9101  0.1229E+02  0.2191E+04 -0.2616E-05 -0.3797E-08  0.1319E-02  0.1793E-08  0.1346E+02  0.8450E-02  0.0000E+00 -0.1000E+01
   14.4512  1 15   21.8416    0.0000    9.3769    0.0000    1.6781    0.6606    0.0001   -1.0000    5.3177    3.9101  0.1233E+02  0.2191E+04 -0.2612E-05 -0.3797E-08  0.1327E-02  0.1793E-08  0.1347E+02  0.8450E-02  0.0000E+00 -0.1000E+01
   14.4547  1 15   21.8325    0.0000    9.4936    0.0000    1.6773    0.6606    0.0001   -1.0000    5.3186    3.9101  0.1244E+02  0.2191E+04 -0.2607E-05 -0.3797E-08  0.1333E-02  0.1793E-08  0.1343E+02  0.8450E-02  0.0000E+00 -0.1000E+01
   14.4582  1 15   21.8234    0.0000    9.7269    0.0000    1.6750    0.6606    0.0001   -1.0000    5.3197    3.9101  0.1276E+02  0.2191E+04 -0.2587E-05 -0.3797E-08  0.1329E-02  0.1793E-08  0.1329E+02  0.8450E-02  0.0000E+00 -0.1000E+01
   14.4617  1 15   21.8144    0.0000    9.8870    0.0000    1.6721    0.6606    0.0001   -1.0000    5.3209    3.9101  0.1305E+02  0.2191E+04 -0.2571E-05 -0.3797E-08  0.1324E-02  0.1793E-08  0.1311E+02  0.8450E-02  0.0000E+00 -0.1000E+01
   14.4652  1 15   21.8054    0.0000    9.8857    0.0000    1.6676    0.6606    0.0001   -1.0000    5.3223    3.9101  0.1326E+02  0.2191E+04 -0.2567E-05 -0.3797E-08  0.1317E-02  0.1793E-08  0.1283E+02  0.8450E-02  0.0000E+00 -0.1000E+01
   14.4687  1 15   21.7963    0.0000    9.8867    0.0000    1.6585    0.6606    0.0001   -1.0000    5.3247    3.9101  0.1377E+02  0.2191E+04 -0.2587E-05 -0.3797E-08  0.1301E-02  0.1793E-08  0.1247E+02  0.8450E-02  0.0000E+00 -0.1000E+01
   14.4722  1 15   21.7870    0.0000    9.8913    0.0000    1.6399    0.6606    0.0001   -1.0000    5.3292    3.9101  0.1495E+02  0.2191E+04 -0.2659E-05 -0.3797E-08  0.1262E-02  0.1793E-08  0.1200E+02  0.8450E-02  0.0000E+00 -0.1000E+01
   14.4757  1 15   21.7775    0.0000    9.8925    0.0000    1.6325    0.6606    0.0001   -1.0000    5.3310    3.9101  0.1539E+02  0.2191E+04 -0.2719E-05 -0.3797E-08  0.1354E-02  0.1793E-08  0.1215E+02  0.8450E-02  0.0000E+00 -0.1000E+01
   14.4774  2 15   21.7723    0.0000    9.8958    0.0000    1.6162    0.6606    0.0001   -1.0000    5.3453    3.9101  0.1656E+02  0.2191E+04 -0.3143E-05 -0.3797E-08  0.1529E-02  0.1793E-08  0.1293E+02  0.8450E-02  0.0000E+00 -0.1000E+01
   14.4775  2 15   21.7720    0.0000    9.8959    0.0000    1.6147    0.6606    0.0001   -1.0000    5.3464    3.9101  0.1667E+02  0.2191E+04 -0.3306E-05 -0.3797E-08  0.1519E-02  0.1793E-08  0.1288E+02  0.8450E-02  0.0000E+00 -0.1000E+01
   14.4776  2 15   21.7717    0.0000    9.8959    0.0000    1.6132    0.6606    0.0001   -1.0000    5.3476    3.9101  0.1679E+02  0.2191E+04 -0.3329E-05 -0.3797E-08  0.1509E-02  0.1793E-08  0.1282E+02  0.8450E-02  0.0000E+00 -0.1000E+01
   14.4777  2 15   21.7714    0.0000    9.8959    0.0000    1.6118    0.6606    0.0001   -1.0000    5.3488    3.9101  0.1690E+02  0.2191E+04 -0.3331E-05 -0.3797E-08  0.1500E-02  0.1793E-08  0.1277E+02  0.8450E-02  0.0000E+00 -0.1000E+01
   14.4777  2 15   21.7711    0.0000    9.8959    0.0000    1.6102    0.6606    0.0001   -1.0000    5.3500    3.9101  0.1702E+02  0.2191E+04 -0.3345E-05 -0.3797E-08  0.1490E-02  0.1793E-08  0.1271E+02  0.8450E-02  0.0000E+00 -0.1000E+01
   14.4778  2 15   21.7708    0.0000    9.8959    0.0000    1.6087    0.6606    0.0001   -1.0000    5.3512    3.9101  0.1713E+02  0.2191E+04 -0.3356E-05 -0.3797E-08  0.1480E-02  0.1793E-08  0.1266E+02  0.8450E-02  0.0000E+00 -0.1000E+01
   14.4779  2 15   21.7705    0.0000    9.8959    0.0000    1.6071    0.6606    0.0001   -1.0000    5.3524    3.9101  0.1726E+02  0.2191E+04 -0.3376E-05 -0.3797E-08  0.1469E-02  0.1793E-08  0.1260E+02  0.8450E-02  0.0000E+00 -0.1000E+01
   14.4780  2 15   21.7702    0.0000    9.8959    0.0000    1.6055    0.6606    0.0001   -1.0000    5.3536    3.9101  0.1739E+02  0.2191E+04 -0.3424E-05 -0.3797E-08  0.1458E-02  0.1793E-08  0.1254E+02  0.8450E-02  0.0000E+00 -0.1000E+01
   14.4781  2 15   21.7699    0.0000    9.8959    0.0000    1.6038    0.6606    0.0001   -1.0000    5.3549    3.9101  0.1752E+02  0.2191E+04 -0.3453E-05 -0.3797E-08  0.1447E-02  0.1793E-08  0.1248E+02  0.8450E-02  0.0000E+00 -0.1000E+01
   14.4782  2 15   21.7696    0.0000    9.8959    0.0000    1.6020    0.6606    0.0001   -1.0000    5.3561    3.9101  0.1766E+02  0.2191E+04 -0.3478E-05 -0.3797E-08  0.1435E-02  0.1793E-08  0.1241E+02  0.8450E-02  0.0000E+00 -0.1000E+01
   14.4783  2 15   21.7693    0.0000    9.8959    0.0000    1.6002    0.6606    0.0001   -1.0000    5.3573    3.9101  0.1781E+02  0.2191E+04 -0.3505E-05 -0.3797E-08  0.1424E-02  0.1793E-08  0.1234E+02  0.8450E-02  0.0000E+00 -0.1000E+01
   14.4784  2 15   21.7689    0.0000    9.8959    0.0000    1.5985    0.6606    0.0001   -1.0000    5.3585    3.9101  0.1794E+02  0.2191E+04 -0.3539E-05 -0.3797E-08  0.1412E-02  0.1793E-08  0.1226E+02  0.8450E-02  0.0000E+00 -0.1000E+01
   14.4785  2 15   21.7686    0.0000    9.8959    0.0000    1.5969    0.6606    0.0001   -1.0000    5.3596    3.9101  0.1808E+02  0.2191E+04 -0.3598E-05 -0.3797E-08  0.1401E-02  0.1793E-08  0.1218E+02  0.8450E-02  0.0000E+00 -0.1000E+01
   14.4785  2 15   21.7683    0.0000    9.8960    0.0000    1.5952    0.6606    0.0001   -1.0000    5.3607    3.9101  0.1822E+02  0.2191E+04 -0.3628E-05 -0.3797E-08  0.1390E-02  0.1793E-08  0.1210E+02  0.8450E-02  0.0000E+00 -0.1000E+01
   14.4786  2 15   21.7680    0.0000    9.8960    0.0000    1.5937    0.6606    0.0001   -1.0000    5.3616    3.9101  0.1834E+02  0.2191E+04 -0.3666E-05 -0.3797E-08  0.1380E-02  0.1793E-08  0.1203E+02  0.8450E-02  0.0000E+00 -0.1000E+01
   14.4787  2 15   21.7676    0.0000    9.8960    0.0000    1.5922    0.6606    0.0001   -1.0000    5.3625    3.9101  0.1847E+02  0.2191E+04 -0.3701E-05 -0.3797E-08  0.1370E-02  0.1793E-08  0.1195E+02  0.8450E-02  0.0000E+00 -0.1000E+01
   14.4788  2 15   21.7673    0.0000    9.8960    0.0000    1.5908    0.6606    0.0001   -1.0000    5.3634    3.9101  0.1858E+02  0.2191E+04 -0.3720E-05 -0.3797E-08  0.1360E-02  0.1793E-08  0.1189E+02  0.8450E-02  0.0000E+00 -0.1000E+01
   14.4789  2 15   21.7670    0.0000    9.8960    0.0000    1.5895    0.6606    0.0001   -1.0000    5.3641    3.9101  0.1869E+02  0.2191E+04 -0.3760E-05 -0.3797E-08  0.1351E-02  0.1793E-08  0.1184E+02  0.8450E-02  0.0000E+00 -0.1000E+01
   14.4790  2 15   21.7666    0.0000    9.8960    0.0000    1.5882    0.6606    0.0001   -1.0000    5.3648    3.9101  0.1880E+02  0.2191E+04 -0.3781E-05 -0.3797E-08  0.1342E-02  0.1793E-08  0.1178E+02  0.8450E-02  0.0000E+00 -0.1000E+01
   14.4791  2 15   21.7663    0.0000    9.8960    0.0000    1.5873    0.6606    0.0001   -1.0000    5.3654    3.9101  0.1888E+02  0.2191E+04 -0.3812E-05 -0.3797E-08  0.1335E-02  0.1793E-08  0.1174E+02  0.8450E-02  0.0000E+00 -0.1000E+01
   14.4792  2 15   21.7659    0.0000    9.8960    0.0000    1.5864    0.6606    0.0001   -1.0000    5.3658    3.9101  0.1895E+02  0.2191E+04 -0.3856E-05 -0.3797E-08  0.1329E-02  0.1793E-08  0.1172E+02  0.8450E-02  0.0000E+00 -0.1000E+01
   14.4793  2 15   21.7656    0.0000    9.8960    0.0000    1.5856    0.6606    0.0001   -1.0000    5.3663    3.9101  0.1902E+02  0.2191E+04 -0.3869E-05 -0.3797E-08  0.1322E-02  0.1793E-08  0.1169E+02  0.8450E-02  0.0000E+00 -0.1000E+01
   14.4794  2 15   21.7652    0.0000    9.8960    0.0000    1.5851    0.6606    0.0001   -1.0000    5.3665    3.9101  0.1906E+02  0.2191E+04 -0.3920E-05 -0.3797E-08  0.1318E-02  0.1793E-08  0.1167E+02  0.8450E-02  0.0000E+00 -0.1000E+01
   14.4794  2 15   21.7649    0.0000    9.8960    0.0000    1.5849    0.6606    0.0001   -1.0000    5.3666    3.9101  0.1908E+02  0.2191E+04 -0.4008E-05 -0.3797E-08  0.1315E-02  0.1793E-08  0.1165E+02  0.8450E-02  0.0000E+00 -0.1000E+01
   14.4795  2 15   21.7645    0.0000    9.8960    0.0000    1.5846    0.6606    0.0001   -1.0000    5.3667    3.9101  0.1909E+02  0.2191E+04 -0.4044E-05 -0.3797E-08  0.1312E-02  0.1793E-08  0.1163E+02  0.8450E-02  0.0000E+00 -0.1000E+01
   14.4796  2 15   21.7642    0.0000    9.8964    0.0000    1.5846    0.6606    0.0001   -1.0000    5.3667    3.9101  0.1910E+02  0.2191E+04 -0.4042E-05 -0.3797E-08  0.1310E-02  0.1793E-08  0.1162E+02  0.8450E-02  0.0000E+00 -0.1000E+01
   14.4797  2 15   21.7638    0.0000    9.8979    0.0000    1.5851    0.6606    0.0001   -1.0000    5.3664    3.9101  0.1905E+02  0.2191E+04 -0.4035E-05 -0.3797E-08  0.1311E-02  0.1793E-08  0.1163E+02  0.8450E-02  0.0000E+00 -0.1000E+01
   14.4798  2 15   21.7634    0.0000    9.8995    0.0000    1.5856    0.6606    0.0001   -1.0000    5.3661    3.9101  0.1901E+02  0.2191E+04 -0.4029E-05 -0.3797E-08  0.1311E-02  0.1793E-08  0.1163E+02  0.8450E-02  0.0000E+00 -0.1000E+01
   14.4799  2 15   21.7631    0.0000    9.9010    0.0000    1.5861    0.6606    0.0001   -1.0000    5.3659    3.9101  0.1896E+02  0.2191E+04 -0.4029E-05 -0.3797E-08  0.1312E-02  0.1793E-08  0.1164E+02  0.8450E-02  0.0000E+00 -0.1000E+01
   14.4800  2 15   21.7627    0.0000    9.9026    0.0000    1.5868    0.6606    0.0001   -1.0000    5.3655    3.9101  0.1890E+02  0.2191E+04 -0.4016E-05 -0.3797E-08  0.1315E-02  0.1793E-08  0.1166E+02  0.8450E-02  0.0000E+00 -0.1000E+01
   14.4801  2 15   21.7624    0.0000    9.9041    0.0000    1.5881    0.6606    0.0001   -1.0000    5.3649    3.9101  0.1879E+02  0.2191E+04 -0.3977E-05 -0.3797E-08  0.1321E-02  0.1793E-08  0.1170E+02  0.8450E-02  0.0000E+00 -0.1000E+01
   14.4802  2 15   21.7620    0.0000    9.9057    0.0000    1.5894    0.6606    0.0001   -1.0000    5.3643    3.9101  0.1868E+02  0.2191E+04 -0.3951E-05 -0.3797E-08  0.1328E-02  0.1793E-08  0.1175E+02  0.8450E-02  0.0000E+00 -0.1000E+01
   14.4802  2 15   21.7617    0.0000    9.9072    0.0000    1.5906    0.6606    0.0001   -1.0000    5.3637    3.9101  0.1857E+02  0.2191E+04 -0.3951E-05 -0.3797E-08  0.1334E-02  0.1793E-08  0.1180E+02  0.8450E-02  0.0000E+00 -0.1000E+01
   14.4803  2 15   21.7613    0.0000    9.9084    0.0000    1.5921    0.6606    0.0001   -1.0000    5.3631    3.9101  0.1844E+02  0.2191E+04 -0.3941E-05 -0.3797E-08  0.1342E-02  0.1793E-08  0.1185E+02  0.8450E-02  0.0000E+00 -0.1000E+01
   14.4804  2 15   21.7610    0.0000    9.9084    0.0000    1.5942    0.6606    0.0001   -1.0000    5.3623    3.9101  0.1826E+02  0.2191E+04 -0.3899E-05 -0.3797E-08  0.1356E-02  0.1793E-08  0.1193E+02  0.8450E-02  0.0000E+00 -0.1000E+01
   14.4805  2 15   21.7606    0.0000    9.9083    0.0000    1.5964    0.6606    0.0001   -1.0000    5.3614    3.9101  0.1808E+02  0.2191E+04 -0.3867E-05 -0.3797E-08  0.1370E-02  0.1793E-08  0.1200E+02  0.8450E-02  0.0000E+00 -0.1000E+01
   14.4806  2 15   21.7603    0.0000    9.9083    0.0000    1.5985    0.6606    0.0001   -1.0000    5.3606    3.9101  0.1790E+02  0.2191E+04 -0.3867E-05 -0.3797E-08  0.1383E-02  0.1793E-08  0.1207E+02  0.8450E-02  0.0000E+00 -0.1000E+01
   14.4807  2 15   21.7599    0.0000    9.9087    0.0000    1.6011    0.6606    0.0001   -1.0000    5.3597    3.9101  0.1769E+02  0.2191E+04 -0.3842E-05 -0.3797E-08  0.1402E-02  0.1793E-08  0.1217E+02  0.8450E-02  0.0000E+00 -0.1000E+01
   14.4808  2 15   21.7596    0.0000    9.9096    0.0000    1.6042    0.6606    0.0001   -1.0000    5.3587    3.9101  0.1743E+02  0.2191E+04 -0.3791E-05 -0.3797E-08  0.1426E-02  0.1793E-08  0.1232E+02  0.8450E-02  0.0000E+00 -0.1000E+01
   14.4809  2 15   21.7592    0.0000    9.9105    0.0000    1.6073    0.6606    0.0001   -1.0000    5.3577    3.9101  0.1718E+02  0.2191E+04 -0.3764E-05 -0.3797E-08  0.1450E-02  0.1793E-08  0.1246E+02  0.8450E-02  0.0000E+00 -0.1000E+01
   14.4810  2 15   21.7589    0.0000    9.9122    0.0000    1.6107    0.6606    0.0001   -1.0000    5.3567    3.9101  0.1692E+02  0.2191E+04 -0.3751E-05 -0.3797E-08  0.1476E-02  0.1793E-08  0.1260E+02  0.8450E-02  0.0000E+00 -0.1000E+01
   14.4811  2 15   21.7586    0.0000    9.9166    0.0000    1.6146    0.6606    0.0001   -1.0000    5.3556    3.9101  0.1661E+02  0.2191E+04 -0.3695E-05 -0.3797E-08  0.1507E-02  0.1793E-08  0.1277E+02  0.8450E-02  0.0000E+00 -0.1000E+01
   14.4811  2 15   21.7582    0.0000    9.9209    0.0000    1.6186    0.6606    0.0001   -1.0000    5.3545    3.9101  0.1632E+02  0.2191E+04 -0.3651E-05 -0.3797E-08  0.1538E-02  0.1793E-08  0.1294E+02  0.8450E-02  0.0000E+00 -0.1000E+01
   14.4812  2 15   21.7579    0.0000    9.9238    0.0000    1.6231    0.6606    0.0001   -1.0000    5.3533    3.9101  0.1599E+02  0.2191E+04 -0.3630E-05 -0.3797E-08  0.1574E-02  0.1793E-08  0.1314E+02  0.8450E-02  0.0000E+00 -0.1000E+01
   14.4813  2 15   21.7576    0.0000    9.9245    0.0000    1.6281    0.6606    0.0001   -1.0000    5.3521    3.9101  0.1562E+02  0.2191E+04 -0.3574E-05 -0.3797E-08  0.1617E-02  0.1793E-08  0.1337E+02  0.8450E-02  0.0000E+00 -0.1000E+01
   14.4814  2 15   21.7573    0.0000    9.9251    0.0000    1.6332    0.6606    0.0001   -1.0000    5.3508    3.9101  0.1525E+02  0.2191E+04 -0.3539E-05 -0.3797E-08  0.1659E-02  0.1793E-08  0.1361E+02  0.8450E-02  0.0000E+00 -0.1000E+01
   14.4815  2 15   21.7570    0.0000    9.9250    0.0000    1.6394    0.6606    0.0001   -1.0000    5.3496    3.9101  0.1483E+02  0.2191E+04 -0.3490E-05 -0.3797E-08  0.1716E-02  0.1793E-08  0.1389E+02  0.8450E-02  0.0000E+00 -0.1000E+01
   14.4816  2 15   21.7567    0.0000    9.9250    0.0000    1.6456    0.6606    0.0001   -1.0000    5.3483    3.9101  0.1441E+02  0.2191E+04 -0.3438E-05 -0.3797E-08  0.1773E-02  0.1793E-08  0.1417E+02  0.8450E-02  0.0000E+00 -0.1000E+01
   14.4817  2 15   21.7564    0.0000    9.9249    0.0000    1.6529    0.6606    0.0001   -1.0000    5.3470    3.9101  0.1393E+02  0.2191E+04 -0.3396E-05 -0.3797E-08  0.1844E-02  0.1793E-08  0.1453E+02  0.8450E-02  0.0000E+00 -0.1000E+01
   14.4818  2 15   21.7561    0.0000    9.9249    0.0000    1.6603    0.6606    0.0001   -1.0000    5.3457    3.9101  0.1346E+02  0.2191E+04 -0.3348E-05 -0.3797E-08  0.1918E-02  0.1793E-08  0.1490E+02  0.8450E-02  0.0000E+00 -0.1000E+01
   14.4819  2 15   21.7558    0.0000    9.9248    0.0000    1.6690    0.6606    0.0001   -1.0000    5.3444    3.9101  0.1293E+02  0.2191E+04 -0.3297E-05 -0.3797E-08  0.2011E-02  0.1793E-08  0.1536E+02  0.8450E-02  0.0000E+00 -0.1000E+01
   14.4819  2 15   21.7555    0.0000    9.9262    0.0000    1.6781    0.6606    0.0001   -1.0000    5.3432    3.9101  0.1240E+02  0.2191E+04 -0.3236E-05 -0.3797E-08  0.2114E-02  0.1793E-08  0.1587E+02  0.8450E-02  0.0000E+00 -0.1000E+01
   14.4820  2 15   21.7552    0.0000    9.9299    0.0000    1.6881    0.6606    0.0001   -1.0000    5.3419    3.9101  0.1184E+02  0.2191E+04 -0.3190E-05 -0.3797E-08  0.2231E-02  0.1793E-08  0.1646E+02  0.8450E-02  0.0000E+00 -0.1000E+01
   14.4821  2 15   21.7549    0.0000    9.9371    0.0000    1.6994    0.6606    0.0001   -1.0000    5.3408    3.9101  0.1125E+02  0.2191E+04 -0.3120E-05 -0.3797E-08  0.2377E-02  0.1793E-08  0.1718E+02  0.8450E-02  0.0000E+00 -0.1000E+01
   14.4822  2 15   21.7546    0.0000    9.9403    0.0000    1.7112    0.6606    0.0001   -1.0000    5.3397    3.9101  0.1066E+02  0.2191E+04 -0.3056E-05 -0.3797E-08  0.2537E-02  0.1793E-08  0.1792E+02  0.8450E-02  0.0000E+00 -0.1000E+01
   14.4823  2 15   21.7544    0.0000    9.9409    0.0000    1.7239    0.6606    0.0001   -1.0000    5.3386    3.9101  0.1005E+02  0.2191E+04 -0.3003E-05 -0.3797E-08  0.2725E-02  0.1793E-08  0.1875E+02  0.8450E-02  0.0000E+00 -0.1000E+01
   14.4824  2 15   21.7541    0.0000    9.9409    0.0000    1.7378    0.6606    0.0001   -1.0000    5.3377    3.9101  0.9426E+01  0.2191E+04 -0.2933E-05 -0.3797E-08  0.2948E-02  0.1793E-08  0.1971E+02  0.8450E-02  0.0000E+00 -0.1000E+01
   14.4825  2 15   21.7538    0.0000    9.9408    0.0000    1.7525    0.6606    0.0001   -1.0000    5.3367    3.9101  0.8809E+01  0.2191E+04 -0.2867E-05 -0.3797E-08  0.3203E-02  0.1793E-08  0.2082E+02  0.8450E-02  0.0000E+00 -0.1000E+01
   14.4826  2 15   21.7536    0.0000    9.9406    0.0000    1.7680    0.6606    0.0001   -1.0000    5.3359    3.9101  0.8199E+01  0.2191E+04 -0.2804E-05 -0.3797E-08  0.3508E-02  0.1793E-08  0.2206E+02  0.8450E-02  0.0000E+00 -0.1000E+01
   14.4827  2 15   21.7534    0.0000    9.9424    0.0000    1.7843    0.6606    0.0001   -1.0000    5.3350    3.9101  0.7606E+01  0.2191E+04 -0.2736E-05 -0.3797E-08  0.3873E-02  0.1793E-08  0.2340E+02  0.8450E-02  0.0000E+00 -0.1000E+01
   14.4828  2 15   21.7531    0.0000    9.9485    0.0000    1.8017    0.6606    0.0001   -1.0000    5.3343    3.9101  0.7024E+01  0.2191E+04 -0.2668E-05 -0.3797E-08  0.4180E-02  0.1793E-08  0.2425E+02  0.8450E-02  0.0000E+00 -0.1000E+01
   14.4828  2 15   21.7529    0.0000    9.9525    0.0000    1.8202    0.6606    0.0001   -1.0000    5.3335    3.9101  0.6453E+01  0.2191E+04 -0.2598E-05 -0.3797E-08  0.4343E-02  0.1793E-08  0.2447E+02  0.8450E-02  0.0000E+00 -0.1000E+01
   14.4829  2 15   21.7527    0.0000    9.9529    0.0000    1.8394    0.6606    0.0001   -1.0000    5.3328    3.9101  0.5906E+01  0.2191E+04 -0.2530E-05 -0.3797E-08  0.4795E-02  0.1793E-08  0.2589E+02  0.8450E-02  0.0000E+00 -0.1000E+01
   14.4830  2 15   21.7524    0.0000    9.9549    0.0000    1.8596    0.6606    0.0001   -1.0000    5.3321    3.9101  0.5383E+01  0.2191E+04 -0.2457E-05 -0.3797E-08  0.5443E-02  0.1793E-08  0.2782E+02  0.8450E-02  0.0000E+00 -0.1000E+01
   14.4831  2 15   21.7522    0.0000    9.9601    0.0000    1.8811    0.6606    0.0001   -1.0000    5.3314    3.9101  0.4876E+01  0.2191E+04 -0.2384E-05 -0.3797E-08  0.6193E-02  0.1793E-08  0.3003E+02  0.8450E-02  0.0000E+00 -0.1000E+01
   14.4832  2 15   21.7520    0.0000    9.9625    0.0000    1.9039    0.6606    0.0001   -1.0000    5.3307    3.9101  0.4390E+01  0.2191E+04 -0.2315E-05 -0.3797E-08  0.7081E-02  0.1793E-08  0.3263E+02  0.8450E-02  0.0000E+00 -0.1000E+01
   14.4833  2 15   21.7518    0.0000    9.9631    0.0000    1.9276    0.6606    0.0001   -1.0000    5.3300    3.9101  0.3937E+01  0.2191E+04 -0.2241E-05 -0.3797E-08  0.8168E-02  0.1793E-08  0.3549E+02  0.8450E-02  0.0000E+00 -0.1000E+01
   14.4834  2 15   21.7516    0.0000    9.9651    0.0000    1.9534    0.6606    0.0001   -1.0000    5.3292    3.9101  0.3495E+01  0.2191E+04 -0.2167E-05 -0.3797E-08  0.9430E-02  0.1793E-08  0.3895E+02  0.8450E-02  0.0000E+00 -0.1000E+01
   14.4835  2 15   21.7514    0.0000    9.9729    0.0000    1.9816    0.6606    0.0001   -1.0000    5.3284    3.9101  0.3072E+01  0.2191E+04 -0.2089E-05 -0.3797E-08  0.1098E-01  0.1793E-08  0.4313E+02  0.8450E-02  0.0000E+00 -0.1000E+01
   14.4836  2 15   21.7513    0.0000    9.9728    0.0000    2.0121    0.6606    0.0001   -1.0000    5.3276    3.9101  0.2670E+01  0.2191E+04 -0.2006E-05 -0.3797E-08  0.1290E-01  0.1793E-08  0.4805E+02  0.8450E-02  0.0000E+00 -0.1000E+01
   14.4837  2 15   21.7511    0.0000    9.9729    0.0000    2.0450    0.6606    0.0001   -1.0000    5.3266    3.9101  0.2294E+01  0.2191E+04 -0.1923E-05 -0.3797E-08  0.1524E-01  0.1793E-08  0.5365E+02  0.8450E-02  0.0000E+00 -0.1000E+01
   14.4837  2 15   21.7509    0.0000    9.9744    0.0000    2.0793    0.6606    0.0001   -1.0000    5.3256    3.9101  0.1959E+01  0.2191E+04 -0.1836E-05 -0.3797E-08  0.1823E-01  0.1793E-08  0.6050E+02  0.8450E-02  0.0000E+00 -0.1000E+01
   14.4838  2 15   21.7508    0.0000    9.9749    0.0000    2.1172    0.6606    0.0001   -1.0000    5.3244    3.9101  0.1645E+01  0.2191E+04 -0.1761E-05 -0.3797E-08  0.2176E-01  0.1793E-08  0.6866E+02  0.8450E-02  0.0000E+00 -0.1000E+01
   14.4839  2 15   21.7506    0.0000    9.9870    0.0000    2.1560    0.6606    0.0001   -1.0000    5.3231    3.9101  0.1377E+01  0.2191E+04 -0.1913E-05 -0.3797E-08  0.1808E-02  0.1793E-08  0.1043E+02  0.8450E-02  0.0000E+00 -0.1000E+01
   14.4840  2 15   21.7504    0.0000    9.9876    0.0000    2.1968    0.6606    0.0001   -1.0000    5.3216    3.9101  0.1141E+01  0.2191E+04 -0.2558E-05 -0.3797E-08  0.1435E-04  0.1793E-08  0.6447E+01  0.8450E-02  0.0000E+00 -0.1000E+01
   14.4841  2 15   21.7501    0.0000    9.9874    0.0000    2.2384    0.6606    0.0001   -1.0000    5.3199    3.9101  0.9420E+00  0.2191E+04 -0.3375E-05 -0.3797E-08  0.2123E-04  0.1793E-08  0.8094E+01  0.8450E-02  0.0000E+00 -0.1000E+01
   14.4842  2 15   21.7497    0.0000    9.9874    0.0000    2.2745    0.6606    0.0001   -1.0000    5.3182    3.9101  0.7976E+00  0.2191E+04 -0.3884E-05 -0.3797E-08  0.7109E-02  0.1793E-08  0.2450E+02  0.8450E-02  0.0000E+00 -0.1000E+01
   14.4843  2 15   21.7493    0.0000    9.9876    0.0000    2.3053    0.6606    0.0001   -1.0000    5.3163    3.9101  0.6920E+00  0.2191E+04 -0.4159E-05 -0.3797E-08  0.5365E-01  0.1793E-08  0.1177E+03  0.8450E-02  0.0000E+00 -0.1000E+01
   14.4844  2 15   21.7489    0.0000    9.9896    0.0000    2.3361    0.6606    0.0001   -1.0000    5.3138    3.9101  0.6007E+00  0.2191E+04 -0.4377E-05 -0.3797E-08  0.6781E-01  0.1793E-08  0.1352E+03  0.8450E-02  0.0000E+00 -0.1000E+01
   14.4845  2 15   21.7485    0.0000   10.0019    0.0000    2.3721    0.6606    0.0001   -1.0000    5.3105    3.9101  0.5092E+00  0.2191E+04 -0.4587E-05 -0.3797E-08  0.8495E-01  0.1793E-08  0.1529E+03  0.8450E-02  0.0000E+00 -0.1000E+01
   14.4845  2 15   21.7481    0.0000   10.0025    0.0000    2.4213    0.6606    0.0001   -1.0000    5.3057    3.9101  0.4060E+00  0.2191E+04 -0.4846E-05 -0.3797E-08  0.1090E+00  0.1793E-08  0.1774E+03  0.8450E-02  0.0000E+00 -0.1000E+01
   14.4846  2 15   21.7476    0.0000   10.0029    0.0000    2.4832    0.6606    0.0001   -1.0000    5.2996    3.9101  0.3052E+00  0.2191E+04 -0.5239E-05 -0.3797E-08  0.1476E+00  0.1793E-08  0.2140E+03  0.8450E-02  0.0000E+00 -0.1000E+01
   14.4847  2 15   21.7471    0.0000   10.0043    0.0000    2.5395    0.6606    0.0001   -1.0000    5.2944    3.9101  0.2354E+00  0.2191E+04 -0.5803E-05 -0.3797E-08  0.1952E+00  0.1793E-08  0.2515E+03  0.8450E-02  0.0000E+00 -0.1000E+01
   14.4848  2 15   21.7465    0.0000   10.0073    0.0000    2.5721    0.6606    0.0001   -1.0000    5.2913    3.9101  0.2026E+00  0.2191E+04 -0.6353E-05 -0.3797E-08  0.2613E+00  0.1793E-08  0.2834E+03  0.8450E-02  0.0000E+00 -0.1000E+01
   14.4849  2 15   21.7459    0.0000   10.0178    0.0000    2.5964    0.6606    0.0001   -1.0000    5.2865    3.9101  0.1813E+00  0.2191E+04 -0.6751E-05 -0.3797E-08  0.3148E+00  0.1793E-08  0.2990E+03  0.8450E-02  0.0000E+00 -0.1000E+01
   14.4850  2 15   21.7453    0.0000   10.0179    0.0000    2.6265    0.6606    0.0001   -1.0000    5.2777    3.9101  0.1578E+00  0.2191E+04 -0.7019E-05 -0.3797E-08  0.3812E+00  0.1793E-08  0.3190E+03  0.8450E-02  0.0000E+00 -0.1000E+01
   14.4851  2 15   21.7447    0.0000   10.0196    0.0000    2.6651    0.6606    0.0001   -1.0000    5.2647    3.9101  0.1321E+00  0.2191E+04 -0.7228E-05 -0.3797E-08  0.4952E+00  0.1793E-08  0.3528E+03  0.8450E-02  0.0000E+00 -0.1000E+01
   14.4852  2 15   21.7440    0.0000   10.0196    0.0000    2.7038    0.6606    0.0001   -1.0000    5.2505    3.9101  0.1105E+00  0.2191E+04 -0.7464E-05 -0.3797E-08  0.6723E+00  0.1793E-08  0.3955E+03  0.8450E-02  0.0000E+00 -0.1000E+01
   14.4853  2 15   21.7433    0.0000   10.0190    0.0000    2.7388    0.6606    0.0001   -1.0000    5.2356    3.9101  0.9399E-01  0.2191E+04 -0.7748E-05 -0.3797E-08  0.8781E+00  0.1793E-08  0.4318E+03  0.8450E-02  0.0000E+00 -0.1000E+01
   14.4854  2 15   21.7426    0.0000   10.0293    0.0000    2.7675    0.6606    0.0001   -1.0000    5.2209    3.9101  0.8240E-01  0.2191E+04 -0.7951E-05 -0.3797E-08  0.1107E+01  0.1793E-08  0.4576E+03  0.8450E-02  0.0000E+00 -0.1000E+01
   14.4854  2 15   21.7419    0.0000   10.0347    0.0000    2.7957    0.6606    0.0001   -1.0000    5.2050    3.9101  0.7238E-01  0.2191E+04 -0.7994E-05 -0.3797E-08  0.1431E+01  0.1793E-08  0.4892E+03  0.8450E-02  0.0000E+00 -0.1000E+01
   14.4855  2 15   21.7411    0.0000   10.0351    0.0000    2.8248    0.6606    0.0001   -1.0000    5.1896    3.9101  0.6327E-01  0.2191E+04 -0.8067E-05 -0.3797E-08  0.1898E+01  0.1793E-08  0.5293E+03  0.8450E-02  0.0000E+00 -0.1000E+01
   14.4856  2 15   21.7404    0.0000   10.0349    0.0000    2.8537    0.6606    0.0001   -1.0000    5.1792    3.9101  0.5536E-01  0.2191E+04 -0.8153E-05 -0.3797E-08  0.2492E+01  0.1793E-08  0.5704E+03  0.8450E-02  0.0000E+00 -0.1000E+01
   14.4857  2 15   21.7397    0.0000   10.0346    0.0000    2.8866    0.6606    0.0001   -1.0000    5.1806    3.9101  0.4757E-01  0.2191E+04 -0.8286E-05 -0.3797E-08  0.3278E+01  0.1793E-08  0.6258E+03  0.8450E-02  0.0000E+00 -0.1000E+01
   14.4858  2 15   21.7389    0.0000   10.0492    0.0000    2.9307    0.6606    0.0001   -1.0000    5.2035    3.9101  0.3885E-01  0.2191E+04 -0.8818E-05 -0.3797E-08  0.4327E+01  0.1793E-08  0.7170E+03  0.8450E-02  0.0000E+00 -0.1000E+01
   14.4859  2 15   21.7380    0.0000   10.0497    0.0000    2.9835    0.6606    0.0001   -1.0000    5.2477    3.9101  0.3045E-01  0.2191E+04 -0.1017E-04 -0.3797E-08  0.5416E+01  0.1793E-08  0.8422E+03  0.8450E-02  0.0000E+00 -0.1000E+01
   14.4860  2 15   21.7368    0.0000   10.0497    0.0000    3.0392    0.6606    0.0001   -1.0000    5.3036    3.9101  0.2356E-01  0.2191E+04 -0.1276E-04 -0.3797E-08  0.6319E+01  0.1793E-08  0.9914E+03  0.8450E-02  0.0000E+00 -0.1000E+01
   14.4861  2 15   21.7353    0.0000   10.0496    0.0000    3.0834    0.6606    0.0001   -1.0000    5.3512    3.9101  0.1921E-01  0.2191E+04 -0.1667E-04 -0.3797E-08  0.6885E+01  0.1793E-08  0.1122E+04  0.8450E-02  0.0000E+00 -0.1000E+01
   14.4862  2 15   21.7335    0.0000   10.0529    0.0000    3.1046    0.6606    0.0001   -1.0000    5.3813    3.9101  0.1740E-01  0.2191E+04 -0.2103E-04 -0.3797E-08  0.7139E+01  0.1793E-08  0.1194E+04  0.8450E-02  0.0000E+00 -0.1000E+01
   14.4862  2 15   21.7312    0.0000   10.0654    0.0000    3.1153    0.6606    0.0001   -1.0000    5.4027    3.9101  0.1656E-01  0.2191E+04 -0.2471E-04 -0.3797E-08  0.6984E+01  0.1793E-08  0.1186E+04  0.8450E-02  0.0000E+00 -0.1000E+01
   14.4863  2 15   21.7288    0.0000   10.0665    0.0000    3.1239    0.6606    0.0001   -1.0000    5.4198    3.9101  0.1591E-01  0.2191E+04 -0.2726E-04 -0.3797E-08  0.7486E+01  0.1793E-08  0.1267E+04  0.8450E-02  0.0000E+00 -0.1000E+01
   14.4863  4 15   21.7288    0.0000   10.0665    0.0000    3.1240    0.6606    0.0001   -1.0000    5.4200    3.9101  0.1590E-01  0.2191E+04  0.0000E+00 -0.3797E-08  0.7489E+01  0.1793E-08  0.1268E+04  0.8450E-02  0.0000E+00 -0.1000E+01
   14.4916  4 15   21.6213    0.0000   10.2402    0.0000    3.0445    0.6606    0.0001   -1.0000    5.5235    3.9101  0.2206E-01  0.2191E+04 -0.2048E-04 -0.3797E-08  0.8846E+01  0.1793E-08  0.1075E+04  0.8450E-02  0.0000E+00 -0.1000E+01
   14.4968  4 15   21.4365    0.0000   10.3867    0.0000    3.0588    0.6606    0.0001   -1.0000    5.5280    3.9101  0.1896E-01  0.2191E+04 -0.3522E-04 -0.3797E-08  0.8969E+01  0.1793E-08  0.1128E+04  0.8450E-02  0.0000E+00 -0.1000E+01
   14.5021  4 15   21.2474    0.0000   10.5239    0.0000    3.0587    0.6606    0.0001   -1.0000    5.5343    3.9101  0.1732E-01  0.2191E+04 -0.3603E-04 -0.3797E-08  0.8852E+01  0.1793E-08  0.1129E+04  0.8450E-02  0.0000E+00 -0.1000E+01
   14.5073  4 15   21.0542    0.0000   10.6302    0.0000    3.0671    0.6606    0.0001   -1.0000    5.5342    3.9101  0.1508E-01  0.2191E+04 -0.3681E-04 -0.3797E-08  0.8673E+01  0.1793E-08  0.1151E+04  0.8450E-02  0.0000E+00 -0.1000E+01
   14.5126  4 15   20.8604    0.0000   10.7159    0.0000    3.0590    0.6606    0.0001   -1.0000    5.5307    3.9101  0.1409E-01  0.2191E+04 -0.3693E-04 -0.3797E-08  0.8476E+01  0.1793E-08  0.1131E+04  0.8450E-02  0.0000E+00 -0.1000E+01
   14.5178  4 15   20.6664    0.0000   10.8016    0.0000    3.0509    0.6606    0.0001   -1.0000    5.5271    3.9101  0.1312E-01  0.2191E+04 -0.3696E-04 -0.3797E-08  0.8279E+01  0.1793E-08  0.1111E+04  0.8450E-02  0.0000E+00 -0.1000E+01
   14.5231  4 15   20.4763    0.0000   10.8768    0.0000    3.0330    0.6606    0.0001   -1.0000    5.5232    3.9101  0.1277E-01  0.2191E+04 -0.3621E-04 -0.3797E-08  0.8099E+01  0.1793E-08  0.1068E+04  0.8450E-02  0.0000E+00 -0.1000E+01
   14.5283  4 15   20.2929    0.0000   10.9423    0.0000    3.0235    0.6606    0.0001   -1.0000    5.5198    3.9101  0.1195E-01  0.2191E+04 -0.3496E-04 -0.3797E-08  0.7915E+01  0.1793E-08  0.1045E+04  0.8450E-02  0.0000E+00 -0.1000E+01
   14.5336  4 15   20.1140    0.0000   10.9999    0.0000    3.0247    0.6606    0.0001   -1.0000    5.5170    3.9101  0.1064E-01  0.2191E+04 -0.3408E-04 -0.3797E-08  0.7723E+01  0.1793E-08  0.1047E+04  0.8450E-02  0.0000E+00 -0.1000E+01
   14.5388  4 15   19.9371    0.0000   11.0575    0.0000    3.0258    0.6606    0.0001   -1.0000    5.5141    3.9101  0.9454E-02  0.2191E+04 -0.3372E-04 -0.3797E-08  0.7530E+01  0.1793E-08  0.1049E+04  0.8450E-02  0.0000E+00 -0.1000E+01
   14.5441  4 15   19.7610    0.0000   11.1100    0.0000    3.0263    0.6606    0.0001   -1.0000    5.5112    3.9101  0.8403E-02  0.2191E+04 -0.3354E-04 -0.3797E-08  0.7342E+01  0.1793E-08  0.1049E+04  0.8450E-02  0.0000E+00 -0.1000E+01
   14.5493  4 15   19.5871    0.0000   11.1560    0.0000    3.0259    0.6606    0.0001   -1.0000    5.5083    3.9101  0.7480E-02  0.2191E+04 -0.3314E-04 -0.3797E-08  0.7158E+01  0.1793E-08  0.1048E+04  0.8450E-02  0.0000E+00 -0.1000E+01
   14.5546  4 15   19.4144    0.0000   11.2020    0.0000    3.0255    0.6606    0.0001   -1.0000    5.5053    3.9101  0.6642E-02  0.2191E+04 -0.3292E-04 -0.3797E-08  0.6975E+01  0.1793E-08  0.1047E+04  0.8450E-02  0.0000E+00 -0.1000E+01
   14.5598  4 15   19.2424    0.0000   11.2455    0.0000    3.0252    0.6606    0.0001   -1.0000    5.5024    3.9101  0.5878E-02  0.2191E+04 -0.3276E-04 -0.3797E-08  0.6791E+01  0.1793E-08  0.1046E+04  0.8450E-02  0.0000E+00 -0.1000E+01
   14.5651  4 15   19.0732    0.0000   11.2828    0.0000    3.0250    0.6606    0.0001   -1.0000    5.4996    3.9101  0.5188E-02  0.2191E+04 -0.3223E-04 -0.3797E-08  0.6607E+01  0.1793E-08  0.1045E+04  0.8450E-02  0.0000E+00 -0.1000E+01
   14.5703  4 15   18.9060    0.0000   11.3201    0.0000    3.0247    0.6606    0.0001   -1.0000    5.4968    3.9101  0.4570E-02  0.2191E+04 -0.3186E-04 -0.3797E-08  0.6424E+01  0.1793E-08  0.1045E+04  0.8450E-02  0.0000E+00 -0.1000E+01
   14.5756  4 15   18.7396    0.0000   11.3573    0.0000    3.0239    0.6606    0.0001   -1.0000    5.4941    3.9101  0.4025E-02  0.2191E+04 -0.3171E-04 -0.3797E-08  0.6244E+01  0.1793E-08  0.1042E+04  0.8450E-02  0.0000E+00 -0.1000E+01
   14.5808  4 15   18.5760    0.0000   11.3941    0.0000    3.0214    0.6606    0.0001   -1.0000    5.4914    3.9101  0.3566E-02  0.2191E+04 -0.3118E-04 -0.3797E-08  0.6076E+01  0.1793E-08  0.1036E+04  0.8450E-02  0.0000E+00 -0.1000E+01
   14.5861  4 15   18.4159    0.0000   11.4240    0.0000    3.0171    0.6606    0.0001   -1.0000    5.4892    3.9101  0.3182E-02  0.2191E+04 -0.3051E-04 -0.3797E-08  0.5915E+01  0.1793E-08  0.1026E+04  0.8450E-02  0.0000E+00 -0.1000E+01
   14.5913  4 15   18.2573    0.0000   11.4537    0.0000    3.0127    0.6606    0.0001   -1.0000    5.4871    3.9101  0.2832E-02  0.2191E+04 -0.3022E-04 -0.3797E-08  0.5755E+01  0.1793E-08  0.1016E+04  0.8450E-02  0.0000E+00 -0.1000E+01
   14.5966  4 15   18.0998    0.0000   11.4827    0.0000    3.0120    0.6606    0.0001   -1.0000    5.4846    3.9101  0.2470E-02  0.2191E+04 -0.3001E-04 -0.3797E-08  0.5592E+01  0.1793E-08  0.1014E+04  0.8450E-02  0.0000E+00 -0.1000E+01
   14.6018  4 15   17.9443    0.0000   11.5099    0.0000    3.0112    0.6606    0.0001   -1.0000    5.4821    3.9101  0.2150E-02  0.2191E+04 -0.2963E-04 -0.3797E-08  0.5431E+01  0.1793E-08  0.1012E+04  0.8450E-02  0.0000E+00 -0.1000E+01
   14.6070  4 15   17.7900    0.0000   11.5359    0.0000    3.0075    0.6606    0.0001   -1.0000    5.4800    3.9101  0.1891E-02  0.2191E+04 -0.2940E-04 -0.3797E-08  0.5272E+01  0.1793E-08  0.1003E+04  0.8450E-02  0.0000E+00 -0.1000E+01
   14.6123  4 15   17.6357    0.0000   11.5615    0.0000    3.0041    0.6606    0.0001   -1.0000    5.4777    3.9101  0.1652E-02  0.2191E+04 -0.2939E-04 -0.3797E-08  0.5115E+01  0.1793E-08  0.9950E+03  0.8450E-02  0.0000E+00 -0.1000E+01
   14.6175  4 15   17.4810    0.0000   11.5861    0.0000    2.9999    0.6606    0.0001   -1.0000    5.4756    3.9101  0.1441E-02  0.2191E+04 -0.2949E-04 -0.3797E-08  0.4958E+01  0.1793E-08  0.9852E+03  0.8450E-02  0.0000E+00 -0.1000E+01
   14.6228  4 15   17.3252    0.0000   11.6091    0.0000    2.9919    0.6606    0.0001   -1.0000    5.4742    3.9101  0.1270E-02  0.2191E+04 -0.2968E-04 -0.3797E-08  0.4791E+01  0.1793E-08  0.9677E+03  0.8450E-02  0.0000E+00 -0.1000E+01
   14.6280  4 15   17.1693    0.0000   11.6305    0.0000    2.9883    0.6606    0.0001   -1.0000    5.4722    3.9101  0.1091E-02  0.2191E+04 -0.2972E-04 -0.3797E-08  0.4641E+01  0.1793E-08  0.9599E+03  0.8450E-02  0.0000E+00 -0.1000E+01
   14.6333  4 15   17.0139    0.0000   11.6510    0.0000    2.9869    0.6606    0.0001   -1.0000    5.4699    3.9101  0.9213E-03  0.2191E+04 -0.2960E-04 -0.3797E-08  0.4500E+01  0.1793E-08  0.9570E+03  0.8450E-02  0.0000E+00 -0.1000E+01
   14.6385  4 15   16.8640    0.0000   11.6706    0.0000    2.9838    0.6606    0.0001   -1.0000    5.4680    3.9101  0.7855E-03  0.2191E+04 -0.2856E-04 -0.3797E-08  0.4351E+01  0.1793E-08  0.9500E+03  0.8450E-02  0.0000E+00 -0.1000E+01
   14.6438  4 15   16.7256    0.0000   11.6894    0.0000    2.9785    0.6606    0.0001   -1.0000    5.4667    3.9101  0.6824E-03  0.2191E+04 -0.2638E-04 -0.3797E-08  0.4193E+01  0.1793E-08  0.9383E+03  0.8450E-02  0.0000E+00 -0.1000E+01
   14.6490  4 15   16.5924    0.0000   11.7079    0.0000    2.9748    0.6606    0.0001   -1.0000    5.4650    3.9101  0.5895E-03  0.2191E+04 -0.2538E-04 -0.3797E-08  0.4021E+01  0.1793E-08  0.9293E+03  0.8450E-02  0.0000E+00 -0.1000E+01
   14.6543  4 15   16.4579    0.0000   11.7249    0.0000    2.9716    0.6606    0.0001   -1.0000    5.4637    3.9101  0.5041E-03  0.2191E+04 -0.2562E-04 -0.3797E-08  0.3862E+01  0.1793E-08  0.9214E+03  0.8450E-02  0.0000E+00 -0.1000E+01
   14.6595  4 15   16.3239    0.0000   11.7402    0.0000    2.9670    0.6606    0.0001   -1.0000    5.4628    3.9101  0.4313E-03  0.2191E+04 -0.2553E-04 -0.3797E-08  0.3736E+01  0.1793E-08  0.9111E+03  0.8450E-02  0.0000E+00 -0.1000E+01
   14.6648  4 15   16.1907    0.0000   11.7556    0.0000    2.9624    0.6606    0.0001   -1.0000    5.4620    3.9101  0.3670E-03  0.2191E+04 -0.2539E-04 -0.3797E-08  0.3610E+01  0.1793E-08  0.9009E+03  0.8450E-02  0.0000E+00 -0.1000E+01
   14.6700  4 15   16.0574    0.0000   11.7709    0.0000    2.9579    0.6606    0.0001   -1.0000    5.4612    3.9101  0.3102E-03  0.2191E+04 -0.2539E-04 -0.3797E-08  0.3484E+01  0.1793E-08  0.8906E+03  0.8450E-02  0.0000E+00 -0.1000E+01
   14.6753  4 15   15.9286    0.0000   11.7840    0.0000    2.9541    0.6606    0.0001   -1.0000    5.4605    3.9101  0.2610E-03  0.2191E+04 -0.2454E-04 -0.3797E-08  0.3359E+01  0.1793E-08  0.8822E+03  0.8450E-02  0.0000E+00 -0.1000E+01
   14.6805  4 15   15.8061    0.0000   11.7961    0.0000    2.9507    0.6606    0.0001   -1.0000    5.4598    3.9101  0.2200E-03  0.2191E+04 -0.2334E-04 -0.3797E-08  0.3235E+01  0.1793E-08  0.8746E+03  0.8450E-02  0.0000E+00 -0.1000E+01
   14.6858  4 15   15.6856    0.0000   11.8082    0.0000    2.9473    0.6606    0.0001   -1.0000    5.4592    3.9101  0.1848E-03  0.2191E+04 -0.2297E-04 -0.3797E-08  0.3110E+01  0.1793E-08  0.8671E+03  0.8450E-02  0.0000E+00 -0.1000E+01
   14.6910  4 15   15.5650    0.0000   11.8203    0.0000    2.9439    0.6606    0.0001   -1.0000    5.4585    3.9101  0.1541E-03  0.2191E+04 -0.2297E-04 -0.3797E-08  0.2986E+01  0.1793E-08  0.8595E+03  0.8450E-02  0.0000E+00 -0.1000E+01
   14.6963  4 15   15.4445    0.0000   11.8324    0.0000    2.9405    0.6606    0.0001   -1.0000    5.4579    3.9101  0.1275E-03  0.2191E+04 -0.2297E-04 -0.3797E-08  0.2862E+01  0.1793E-08  0.8519E+03  0.8450E-02  0.0000E+00 -0.1000E+01
   14.7015  4 15   15.3239    0.0000   11.8445    0.0000    2.9371    0.6606    0.0001   -1.0000    5.4572    3.9101  0.1045E-03  0.2191E+04 -0.2297E-04 -0.3797E-08  0.2738E+01  0.1793E-08  0.8443E+03  0.8450E-02  0.0000E+00 -0.1000E+01
   14.7068  4 15   15.2037    0.0000   11.8564    0.0000    2.9336    0.6606    0.0001   -1.0000    5.4566    3.9101  0.8496E-04  0.2191E+04 -0.2290E-04 -0.3797E-08  0.2614E+01  0.1793E-08  0.8365E+03  0.8450E-02  0.0000E+00 -0.1000E+01
   14.7120  4 15   15.0885    0.0000   11.8658    0.0000    2.9290    0.6606    0.0001   -1.0000    5.4566    3.9101  0.6945E-04  0.2191E+04 -0.2196E-04 -0.3797E-08  0.2488E+01  0.1793E-08  0.8264E+03  0.8450E-02  0.0000E+00 -0.1000E+01
   14.7173  4 15   14.9778    0.0000   11.8752    0.0000    2.9243    0.6606    0.0001   -1.0000    5.4566    3.9101  0.5682E-04  0.2191E+04 -0.2109E-04 -0.3797E-08  0.2363E+01  0.1793E-08  0.8163E+03  0.8450E-02  0.0000E+00 -0.1000E+01
   14.7225  4 15   14.8671    0.0000   11.8846    0.0000    2.9197    0.6606    0.0001   -1.0000    5.4566    3.9101  0.4602E-04  0.2191E+04 -0.2109E-04 -0.3797E-08  0.2238E+01  0.1793E-08  0.8062E+03  0.8450E-02  0.0000E+00 -0.1000E+01
   14.7278  4 15   14.7564    0.0000   11.8941    0.0000    2.9151    0.6606    0.0001   -1.0000    5.4565    3.9101  0.3686E-04  0.2191E+04 -0.2109E-04 -0.3797E-08  0.2113E+01  0.1793E-08  0.7961E+03  0.8450E-02  0.0000E+00 -0.1000E+01
   14.7330  4 15   14.6457    0.0000   11.9035    0.0000    2.9105    0.6606    0.0001   -1.0000    5.4565    3.9101  0.2917E-04  0.2191E+04 -0.2109E-04 -0.3797E-08  0.1988E+01  0.1793E-08  0.7860E+03  0.8450E-02  0.0000E+00 -0.1000E+01
   14.7383  4 15   14.5351    0.0000   11.9129    0.0000    2.9059    0.6606    0.0001   -1.0000    5.4565    3.9101  0.2278E-04  0.2191E+04 -0.2109E-04 -0.3797E-08  0.1862E+01  0.1793E-08  0.7759E+03  0.8450E-02  0.0000E+00 -0.1000E+01
   14.7435  4 15   14.4244    0.0000   11.9223    0.0000    2.9012    0.6606    0.0001   -1.0000    5.4564    3.9101  0.1752E-04  0.2191E+04 -0.2109E-04 -0.3797E-08  0.1737E+01  0.1793E-08  0.7658E+03  0.8450E-02  0.0000E+00 -0.1000E+01
   14.7488  4 15   14.3137    0.0000   11.9317    0.0000    2.8966    0.6606    0.0001   -1.0000    5.4564    3.9101  0.1326E-04  0.2191E+04 -0.2109E-04 -0.3797E-08  0.1612E+01  0.1793E-08  0.7557E+03  0.8450E-02  0.0000E+00 -0.1000E+01
   14.7540  4 15   14.2032    0.0000   11.9410    0.0000    2.8919    0.6606    0.0001   -1.0000    5.4564    3.9101  0.9854E-05  0.2191E+04 -0.2106E-04 -0.3797E-08  0.1488E+01  0.1793E-08  0.7456E+03  0.8450E-02  0.0000E+00 -0.1000E+01
   14.7592  4 15   14.0960    0.0000   11.9478    0.0000    2.8859    0.6606    0.0001   -1.0000    5.4569    3.9101  0.7297E-05  0.2191E+04 -0.2043E-04 -0.3797E-08  0.1380E+01  0.1793E-08  0.7348E+03  0.8450E-02  0.0000E+00 -0.1000E+01
   14.7645  4 15   13.9918    0.0000   11.9545    0.0000    2.8799    0.6606    0.0001   -1.0000    5.4574    3.9101  0.5353E-05  0.2191E+04 -0.1984E-04 -0.3797E-08  0.1272E+01  0.1793E-08  0.7240E+03  0.8450E-02  0.0000E+00 -0.1000E+01
   14.7697  4 15   13.8877    0.0000   11.9613    0.0000    2.8739    0.6606    0.0001   -1.0000    5.4578    3.9101  0.3837E-05  0.2191E+04 -0.1984E-04 -0.3797E-08  0.1164E+01  0.1793E-08  0.7132E+03  0.8450E-02  0.0000E+00 -0.1000E+01
   14.7750  4 15   13.7835    0.0000   11.9680    0.0000    2.8679    0.6606    0.0001   -1.0000    5.4583    3.9101  0.2677E-05  0.2191E+04 -0.1984E-04 -0.3797E-08  0.1056E+01  0.1793E-08  0.7025E+03  0.8450E-02  0.0000E+00 -0.1000E+01
   14.7802  4 15   13.6794    0.0000   11.9748    0.0000    2.8619    0.6606    0.0001   -1.0000    5.4588    3.9101  0.1810E-05  0.2191E+04 -0.1984E-04 -0.3797E-08  0.9483E+00  0.1793E-08  0.6917E+03  0.8450E-02  0.0000E+00 -0.1000E+01
   14.7855  4 15   13.5752    0.0000   11.9816    0.0000    2.8558    0.6606    0.0001   -1.0000    5.4593    3.9101  0.1180E-05  0.2191E+04 -0.1984E-04 -0.3797E-08  0.8404E+00  0.1793E-08  0.6809E+03  0.8450E-02  0.0000E+00 -0.1000E+01
   14.7907  4 15   13.4711    0.0000   11.9883    0.0000    2.8498    0.6606    0.0001   -1.0000    5.4597    3.9101  0.7356E-06  0.2191E+04 -0.1984E-04 -0.3797E-08  0.7325E+00  0.1793E-08  0.6701E+03  0.8450E-02  0.0000E+00 -0.1000E+01
   14.7960  4 15   13.3683    0.0000   11.9953    0.0000    2.8328    0.6606    0.0001   -1.0000    5.4604    3.9101  0.4621E-06  0.2191E+04 -0.1958E-04 -0.3797E-08  0.6492E+00  0.1793E-08  0.6447E+03  0.8450E-02  0.0000E+00 -0.1000E+01
   14.8012  4 15   13.2671    0.0000   12.0023    0.0000    2.8144    0.6606    0.0001   -1.0000    5.4610    3.9101  0.2777E-06  0.2191E+04 -0.1929E-04 -0.3797E-08  0.5691E+00  0.1793E-08  0.6174E+03  0.8450E-02  0.0000E+00 -0.1000E+01
   14.8065  4 15   13.1676    0.0000   12.0083    0.0000    2.7940    0.6606    0.0001   -1.0000    5.4617    3.9101  0.1583E-06  0.2191E+04 -0.1895E-04 -0.3797E-08  0.4890E+00  0.1793E-08  0.5885E+03  0.8450E-02  0.0000E+00 -0.1000E+01
   14.8117  4 15   13.0719    0.0000   12.0128    0.0000    2.7707    0.6606    0.0001   -1.0000    5.4625    3.9101  0.8673E-07  0.2191E+04 -0.1824E-04 -0.3797E-08  0.4088E+00  0.1793E-08  0.5576E+03  0.8450E-02  0.0000E+00 -0.1000E+01
   14.8170  4 15   12.9808    0.0000   12.0181    0.0000    2.7411    0.6606    0.0001   -1.0000    5.4632    3.9101  0.4665E-07  0.2191E+04 -0.1736E-04 -0.3797E-08  0.3315E+00  0.1793E-08  0.5205E+03  0.8450E-02  0.0000E+00 -0.1000E+01
   14.8222  4 15   12.8956    0.0000   12.0238    0.0000    2.7002    0.6606    0.0001   -1.0000    5.4640    3.9101  0.2551E-07  0.2191E+04 -0.1623E-04 -0.3797E-08  0.2604E+00  0.1793E-08  0.4731E+03  0.8450E-02  0.0000E+00 -0.1000E+01
   14.8275  4 15   12.8187    0.0000   12.0303    0.0000    2.6355    0.6606    0.0001   -1.0000    5.4648    3.9101  0.1564E-07  0.2191E+04 -0.1466E-04 -0.3797E-08  0.2027E+00  0.1793E-08  0.4055E+03  0.8450E-02  0.0000E+00 -0.1000E+01
   14.8327  4 15   12.7517    0.0000   12.0335    0.0000    2.5750    0.6606    0.0001   -1.0000    5.4656    3.9101  0.9842E-08  0.2191E+04 -0.1276E-04 -0.3797E-08  0.1600E+00  0.1793E-08  0.3540E+03  0.8450E-02  0.0000E+00 -0.1000E+01
   14.8380  4 15   12.6931    0.0000   12.0388    0.0000    2.5457    0.6606    0.0001   -1.0000    5.4662    3.9101  0.5643E-08  0.2191E+04 -0.1116E-04 -0.3797E-08  0.1253E+00  0.1793E-08  0.3365E+03  0.8450E-02  0.0000E+00 -0.1000E+01
   14.8432  4 15   12.6274    0.0000   12.0445    0.0000    2.5102    0.6606    0.0001   -1.0000    5.4669    3.9101  0.2464E-08  0.2191E+04 -0.1253E-04 -0.3797E-08  0.8971E-01  0.1793E-08  0.3149E+03  0.8450E-02  0.0000E+00 -0.1000E+01
   14.8485  4 15   12.5416    0.0000   12.0496    0.0000    2.4582    0.6606    0.0001   -1.0000    5.4677    3.9101  0.6895E-10  0.2191E+04 -0.1635E-04 -0.3797E-08  0.5329E-01  0.1793E-08  0.2818E+03  0.8450E-02  0.0000E+00 -0.1000E+01
   14.8537  4 15   12.4548    0.0000   12.0534    0.0000    2.3305    0.6606    0.0001   -1.0000    5.4686    3.9101  0.5435E-13  0.2191E+04 -0.1653E-04 -0.3797E-08  0.2059E-01  0.1793E-08  0.2122E+03  0.8450E-02  0.0000E+00 -0.1000E+01
   14.8590  4 15   12.3920    0.0000   12.0588    0.0000    2.0605    0.6606    0.0001   -1.0000    5.4696    3.9101  0.2267E-12  0.2191E+04 -0.1197E-04 -0.3797E-08  0.5181E-02  0.1793E-08  0.1003E+03  0.8450E-02  0.0000E+00 -0.1000E+01
   14.8642  4 15   12.3459    0.0000   12.0633    0.0000    1.4076    0.6606    0.0001   -1.0000    5.4704    3.9101  0.5143E-11  0.2191E+04 -0.8784E-05 -0.3797E-08  0.4014E-03  0.1793E-08  0.1177E+02  0.8450E-02  0.0000E+00 -0.1000E+01
   14.8695  4 15   12.3174    0.0000   12.0667    0.0000    1.3180    0.6606    0.0001   -1.0000    5.4714    3.9101  0.8458E-11  0.2191E+04 -0.5426E-05 -0.3797E-08  0.2381E-03  0.1793E-08  0.8611E+01  0.8450E-02  0.0000E+00 -0.1000E+01
   14.8747  4 15   12.3025    0.0000   12.0709    0.0000    1.1965    0.6606    0.0001   -1.0000    5.4723    3.9101  0.1492E-10  0.2191E+04 -0.2846E-05 -0.3797E-08  0.1014E-03  0.1793E-08  0.5751E+01  0.8450E-02  0.0000E+00 -0.1000E+01
   14.8800  4 15   12.2851    0.0000   12.0754    0.0000    1.0420    0.6606    0.0001   -1.0000    5.4733    3.9101  0.2841E-10  0.2191E+04 -0.3309E-05 -0.3797E-08  0.3240E-04  0.1793E-08  0.3124E+01  0.8450E-02  0.0000E+00 -0.1000E+01
   14.8852  4 15   12.2634    0.0000   12.0797    0.0000    0.5950    0.6606    0.0001   -1.0000    5.4729    3.9101  0.7942E-10  0.2191E+04 -0.4139E-05 -0.3797E-08  0.1078E-05  0.1793E-08  0.2873E+00  0.8450E-02  0.0000E+00 -0.1000E+01
   14.8905  4 15   12.2299    0.0000   12.0821    0.0000    0.5633    0.6606    0.0001   -1.0000    5.4710    3.9101  0.8525E-10  0.2191E+04 -0.6376E-05 -0.3797E-08  0.8866E-06  0.1793E-08  0.2518E+00  0.8450E-02  0.0000E+00 -0.1000E+01
   14.8957  4 15   12.1890    0.0000   12.0846    0.0000    0.5327    0.6606    0.0001   -1.0000    5.4693    3.9101  0.9108E-10  0.2191E+04 -0.7808E-05 -0.3797E-08  0.7119E-06  0.1793E-08  0.2186E+00  0.8450E-02  0.0000E+00 -0.1000E+01
   14.9009  4 15   12.1477    0.0000   12.0872    0.0000    0.5040    0.6606    0.0001   -1.0000    5.4679    3.9101  0.9609E-10  0.2191E+04 -0.7873E-05 -0.3797E-08  0.5630E-06  0.1793E-08  0.1889E+00  0.8450E-02  0.0000E+00 -0.1000E+01
   14.9062  4 15   12.1059    0.0000   12.0892    0.0000    0.4771    0.6606    0.0001   -1.0000    5.4667    3.9101  0.1003E-09  0.2191E+04 -0.7949E-05 -0.3797E-08  0.4444E-06  0.1793E-08  0.1642E+00  0.8450E-02  0.0000E+00 -0.1000E+01
   14.9083  7 15   12.0892    0.0000    0.0000    0.0000    0.0318    0.6606    0.0001   -1.0000    5.4010    3.9101  0.7144E-10  0.2191E+04 -0.8014E-05 -0.3797E-08  0.4795E-08  0.1793E-08  0.1105E-01  0.8450E-02  0.0000E+00 -0.1000E+01
   14.9088  7 15   12.0793    0.0000    0.0000    0.0000    0.0315    0.6606    0.0001   -1.0000    5.4005    3.9101  0.7159E-10  0.2191E+04 -0.1992E-04 -0.3797E-08  0.4802E-08  0.1793E-08  0.1105E-01  0.8450E-02  0.0000E+00 -0.1000E+01
   14.9093  7 15   12.0676    0.0000    0.0000    0.0000    0.0313    0.6606    0.0001   -1.0000    5.3999    3.9101  0.7176E-10  0.2191E+04 -0.2359E-04 -0.3797E-08  0.4809E-08  0.1793E-08  0.1105E-01  0.8450E-02  0.0000E+00 -0.1000E+01
   14.9098  7 15   12.0558    0.0000    0.0000    0.0000    0.0310    0.6606    0.0001   -1.0000    5.3994    3.9101  0.7192E-10  0.2191E+04 -0.2359E-04 -0.3797E-08  0.4817E-08  0.1793E-08  0.1105E-01  0.8450E-02  0.0000E+00 -0.1000E+01
   14.9103  7 15   12.0441    0.0000    0.0000    0.0000    0.0307    0.6606    0.0001   -1.0000    5.3988    3.9101  0.7209E-10  0.2191E+04 -0.2359E-04 -0.3797E-08  0.4824E-08  0.1793E-08  0.1105E-01  0.8450E-02  0.0000E+00 -0.1000E+01
   14.9108  7 15   12.0324    0.0000    0.0000    0.0000    0.0304    0.6606    0.0001   -1.0000    5.3983    3.9101  0.7226E-10  0.2191E+04 -0.2359E-04 -0.3797E-08  0.4831E-08  0.1793E-08  0.1105E-01  0.8450E-02  0.0000E+00 -0.1000E+01
   14.9113  7 15   12.0207    0.0000    0.0000    0.0000    0.0301    0.6606    0.0001   -1.0000    5.3977    3.9101  0.7243E-10  0.2191E+04 -0.2359E-04 -0.3797E-08  0.4839E-08  0.1793E-08  0.1105E-01  0.8450E-02  0.0000E+00 -0.1000E+01
   14.9118  7 15   12.0089    0.0000    0.0000    0.0000    0.0298    0.6606    0.0001   -1.0000    5.3971    3.9101  0.7260E-10  0.2191E+04 -0.2359E-04 -0.3797E-08  0.4846E-08  0.1793E-08  0.1106E-01  0.8450E-02  0.0000E+00 -0.1000E+01
   14.9123  7 15   11.9972    0.0000    0.0000    0.0000    0.0295    0.6606    0.0001   -1.0000    5.3966    3.9101  0.7277E-10  0.2191E+04 -0.2359E-04 -0.3797E-08  0.4853E-08  0.1793E-08  0.1106E-01  0.8450E-02  0.0000E+00 -0.1000E+01
   14.9128  7 15   11.9855    0.0000    0.0000    0.0000    0.0292    0.6606    0.0001   -1.0000    5.3960    3.9101  0.7294E-10  0.2191E+04 -0.2359E-04 -0.3797E-08  0.4861E-08  0.1793E-08  0.1106E-01  0.8450E-02  0.0000E+00 -0.1000E+01
   14.9133  7 15   11.9738    0.0000    0.0000    0.0000    0.0289    0.6606    0.0001   -1.0000    5.3955    3.9101  0.7311E-10  0.2191E+04 -0.2359E-04 -0.3797E-08  0.4868E-08  0.1793E-08  0.1106E-01  0.8450E-02  0.0000E+00 -0.1000E+01
   14.9138  7 15   11.9620    0.0000    0.0000    0.0000    0.0286    0.6606    0.0001   -1.0000    5.3949    3.9101  0.7328E-10  0.2191E+04 -0.2359E-04 -0.3797E-08  0.4876E-08  0.1793E-08  0.1106E-01  0.8450E-02  0.0000E+00 -0.1000E+01
   14.9143  7 15   11.9503    0.0000    0.0000    0.0000    0.0283    0.6606    0.0001   -1.0000    5.3944    3.9101  0.7345E-10  0.2191E+04 -0.2359E-04 -0.3797E-08  0.4883E-08  0.1793E-08  0.1106E-01  0.8450E-02  0.0000E+00 -0.1000E+01
   14.9147  7 15   11.9386    0.0000    0.0000    0.0000    0.0280    0.6606    0.0001   -1.0000    5.3938    3.9101  0.7362E-10  0.2191E+04 -0.2359E-04 -0.3797E-08  0.4890E-08  0.1793E-08  0.1106E-01  0.8450E-02  0.0000E+00 -0.1000E+01
   14.9152  7 15   11.9269    0.0000    0.0000    0.0000    0.0277    0.6606    0.0001   -1.0000    5.3933    3.9101  0.7379E-10  0.2191E+04 -0.2359E-04 -0.3797E-08  0.4898E-08  0.1793E-08  0.1107E-01  0.8450E-02  0.0000E+00 -0.1000E+01
   14.9157  7 15   11.9151    0.0000    0.0000    0.0000    0.0274    0.6606    0.0001   -1.0000    5.3927    3.9101  0.7396E-10  0.2191E+04 -0.2359E-04 -0.3797E-08  0.4905E-08  0.1793E-08  0.1107E-01  0.8450E-02  0.0000E+00 -0.1000E+01
   14.9162  7 15   11.9034    0.0000    0.0000    0.0000    0.0272    0.6606    0.0001   -1.0000    5.3921    3.9101  0.7414E-10  0.2191E+04 -0.2359E-04 -0.3797E-08  0.4912E-08  0.1793E-08  0.1107E-01  0.8450E-02  0.0000E+00 -0.1000E+01
   14.9167  7 15   11.8917    0.0000    0.0000    0.0000    0.0269    0.6606    0.0001   -1.0000    5.3916    3.9101  0.7431E-10  0.2191E+04 -0.2359E-04 -0.3797E-08  0.4920E-08  0.1793E-08  0.1107E-01  0.8450E-02  0.0000E+00 -0.1000E+01
   14.9172  7 15   11.8799    0.0000    0.0000    0.0000    0.0266    0.6606    0.0001   -1.0000    5.3910    3.9101  0.7448E-10  0.2191E+04 -0.2359E-04 -0.3797E-08  0.4927E-08  0.1793E-08  0.1107E-01  0.8450E-02  0.0000E+00 -0.1000E+01
   14.9177  7 15   11.8682    0.0000    0.0000    0.0000    0.0263    0.6606    0.0001   -1.0000    5.3905    3.9101  0.7466E-10  0.2191E+04 -0.2359E-04 -0.3797E-08  0.4934E-08  0.1793E-08  0.1107E-01  0.8450E-02  0.0000E+00 -0.1000E+01
   14.9182  7 15   11.8565    0.0000    0.0000    0.0000    0.0260    0.6606    0.0001   -1.0000    5.3899    3.9101  0.7483E-10  0.2191E+04 -0.2359E-04 -0.3797E-08  0.4942E-08  0.1793E-08  0.1107E-01  0.8450E-02  0.0000E+00 -0.1000E+01
   14.9187  7 15   11.8448    0.0000    0.0000    0.0000    0.0257    0.6606    0.0001   -1.0000    5.3894    3.9101  0.7501E-10  0.2191E+04 -0.2359E-04 -0.3797E-08  0.4949E-08  0.1793E-08  0.1107E-01  0.8450E-02  0.0000E+00 -0.1000E+01
   14.9192  7 15   11.8330    0.0000    0.0000    0.0000    0.0254    0.6606    0.0001   -1.0000    5.3888    3.9101  0.7518E-10  0.2191E+04 -0.2359E-04 -0.3797E-08  0.4957E-08  0.1793E-08  0.1108E-01  0.8450E-02  0.0000E+00 -0.1000E+01
   14.9197  7 15   11.8213    0.0000    0.0000    0.0000    0.0251    0.6606    0.0001   -1.0000    5.3882    3.9101  0.7536E-10  0.2191E+04 -0.2359E-04 -0.3797E-08  0.4964E-08  0.1793E-08  0.1108E-01  0.8450E-02  0.0000E+00 -0.1000E+01
   14.9202  7 15   11.8096    0.0000    0.0000    0.0000    0.0248    0.6606    0.0001   -1.0000    5.3877    3.9101  0.7554E-10  0.2191E+04 -0.2359E-04 -0.3797E-08  0.4971E-08  0.1793E-08  0.1108E-01  0.8450E-02  0.0000E+00 -0.1000E+01
   14.9207  7 15   11.7979    0.0000    0.0000    0.0000    0.0245    0.6606    0.0001   -1.0000    5.3871    3.9101  0.7571E-10  0.2191E+04 -0.2359E-04 -0.3797E-08  0.4979E-08  0.1793E-08  0.1108E-01  0.8450E-02  0.0000E+00 -0.1000E+01
   14.9212  7 15   11.7861    0.0000    0.0000    0.0000    0.0242    0.6606    0.0001   -1.0000    5.3866    3.9101  0.7589E-10  0.2191E+04 -0.2359E-04 -0.3797E-08  0.4986E-08  0.1793E-08  0.1108E-01  0.8450E-02  0.0000E+00 -0.1000E+01
   14.9217  7 15   11.7744    0.0000    0.0000    0.0000    0.0239    0.6606    0.0001   -1.0000    5.3860    3.9101  0.7607E-10  0.2191E+04 -0.2359E-04 -0.3797E-08  0.4993E-08  0.1793E-08  0.1108E-01  0.8450E-02  0.0000E+00 -0.1000E+01
   14.9222  7 15   11.7627    0.0000    0.0000    0.0000    0.0236    0.6606    0.0001   -1.0000    5.3855    3.9101  0.7625E-10  0.2191E+04 -0.2359E-04 -0.3797E-08  0.5001E-08  0.1793E-08  0.1108E-01  0.8450E-02  0.0000E+00 -0.1000E+01
   14.9227  7 15   11.7510    0.0000    0.0000    0.0000    0.0233    0.6606    0.0001   -1.0000    5.3849    3.9101  0.7643E-10  0.2191E+04 -0.2359E-04 -0.3797E-08  0.5008E-08  0.1793E-08  0.1109E-01  0.8450E-02  0.0000E+00 -0.1000E+01
   14.9232  7 15   11.7392    0.0000    0.0000    0.0000    0.0230    0.6606    0.0001   -1.0000    5.3844    3.9101  0.7661E-10  0.2191E+04 -0.2359E-04 -0.3797E-08  0.5015E-08  0.1793E-08  0.1109E-01  0.8450E-02  0.0000E+00 -0.1000E+01
   14.9237  7 15   11.7275    0.0000    0.0000    0.0000    0.0228    0.6606    0.0001   -1.0000    5.3838    3.9101  0.7679E-10  0.2191E+04 -0.2359E-04 -0.3797E-08  0.5023E-08  0.1793E-08  0.1109E-01  0.8450E-02  0.0000E+00 -0.1000E+01
   14.9242  7 15   11.7158    0.0000    0.0000    0.0000    0.0225    0.6606    0.0001   -1.0000    5.3832    3.9101  0.7697E-10  0.2191E+04 -0.2359E-04 -0.3797E-08  0.5030E-08  0.1793E-08  0.1109E-01  0.8450E-02  0.0000E+00 -0.1000E+01
   14.9247  7 15   11.7040    0.0000    0.0000    0.0000    0.0222    0.6606    0.0001   -1.0000    5.3827    3.9101  0.7715E-10  0.2191E+04 -0.2359E-04 -0.3797E-08  0.5038E-08  0.1793E-08  0.1109E-01  0.8450E-02  0.0000E+00 -0.1000E+01
   14.9252  7 15   11.6923    0.0000    0.0000    0.0000    0.0219    0.6606    0.0001   -1.0000    5.3821    3.9101  0.7733E-10  0.2191E+04 -0.2371E-04 -0.3797E-08  0.5044E-08  0.1793E-08  0.1109E-01  0.8450E-02  0.0000E+00 -0.1000E+01
   14.9257  7 15   11.6799    0.0000    0.0000    0.0000    0.0215    0.6606    0.0001   -1.0000    5.3815    3.9101  0.7756E-10  0.2191E+04 -0.2487E-04 -0.3797E-08  0.5048E-08  0.1793E-08  0.1109E-01  0.8450E-02  0.0000E+00 -0.1000E+01
   14.9262  7 15   11.6670    0.0000    0.0000    0.0000    0.0211    0.6606    0.0001   -1.0000    5.3809    3.9101  0.7778E-10  0.2191E+04 -0.2590E-04 -0.3797E-08  0.5052E-08  0.1793E-08  0.1109E-01  0.8450E-02  0.0000E+00 -0.1000E+01
   14.9267  7 15   11.6541    0.0000    0.0000    0.0000    0.0207    0.6606    0.0001   -1.0000    5.3802    3.9101  0.7801E-10  0.2191E+04 -0.2590E-04 -0.3797E-08  0.5056E-08  0.1793E-08  0.1108E-01  0.8450E-02  0.0000E+00 -0.1000E+01
   14.9272  7 15   11.6413    0.0000    0.0000    0.0000    0.0203    0.6606    0.0001   -1.0000    5.3796    3.9101  0.7824E-10  0.2191E+04 -0.2590E-04 -0.3797E-08  0.5059E-08  0.1793E-08  0.1108E-01  0.8450E-02  0.0000E+00 -0.1000E+01
   14.9277  7 15   11.6284    0.0000    0.0000    0.0000    0.0199    0.6606    0.0001   -1.0000    5.3790    3.9101  0.7847E-10  0.2191E+04 -0.2590E-04 -0.3797E-08  0.5063E-08  0.1793E-08  0.1108E-01  0.8450E-02  0.0000E+00 -0.1000E+01
   14.9282  7 15   11.6155    0.0000    0.0000    0.0000    0.0195    0.6606    0.0001   -1.0000    5.3784    3.9101  0.7870E-10  0.2191E+04 -0.2590E-04 -0.3797E-08  0.5067E-08  0.1793E-08  0.1107E-01  0.8450E-02  0.0000E+00 -0.1000E+01
   14.9287  7 15   11.6026    0.0000    0.0000    0.0000    0.0191    0.6606    0.0001   -1.0000    5.3777    3.9101  0.7893E-10  0.2191E+04 -0.2590E-04 -0.3797E-08  0.5070E-08  0.1793E-08  0.1107E-01  0.8450E-02  0.0000E+00 -0.1000E+01
   14.9292  7 15   11.5897    0.0000    0.0000    0.0000    0.0187    0.6606    0.0001   -1.0000    5.3771    3.9101  0.7916E-10  0.2191E+04 -0.2590E-04 -0.3797E-08  0.5074E-08  0.1793E-08  0.1107E-01  0.8450E-02  0.0000E+00 -0.1000E+01
   14.9297  7 15   11.5769    0.0000    0.0000    0.0000    0.0183    0.6606    0.0001   -1.0000    5.3765    3.9101  0.7939E-10  0.2191E+04 -0.2590E-04 -0.3797E-08  0.5078E-08  0.1793E-08  0.1106E-01  0.8450E-02  0.0000E+00 -0.1000E+01
   14.9302  7 15   11.5640    0.0000    0.0000    0.0000    0.0179    0.6606    0.0001   -1.0000    5.3759    3.9101  0.7962E-10  0.2191E+04 -0.2590E-04 -0.3797E-08  0.5081E-08  0.1793E-08  0.1106E-01  0.8450E-02  0.0000E+00 -0.1000E+01
   14.9307  7 15   11.5511    0.0000    0.0000    0.0000    0.0175    0.6606    0.0001   -1.0000    5.3752    3.9101  0.7986E-10  0.2191E+04 -0.2590E-04 -0.3797E-08  0.5085E-08  0.1793E-08  0.1106E-01  0.8450E-02  0.0000E+00 -0.1000E+01
   14.9312  7 15   11.5382    0.0000    0.0000    0.0000    0.0171    0.6606    0.0001   -1.0000    5.3746    3.9101  0.8009E-10  0.2191E+04 -0.2590E-04 -0.3797E-08  0.5089E-08  0.1793E-08  0.1106E-01  0.8450E-02  0.0000E+00 -0.1000E+01
   14.9317  7 15   11.5254    0.0000    0.0000    0.0000    0.0167    0.6606    0.0001   -1.0000    5.3740    3.9101  0.8032E-10  0.2191E+04 -0.2590E-04 -0.3797E-08  0.5093E-08  0.1793E-08  0.1105E-01  0.8450E-02  0.0000E+00 -0.1000E+01
   14.9321  7 15   11.5125    0.0000    0.0000    0.0000    0.0164    0.6606    0.0001   -1.0000    5.3734    3.9101  0.8056E-10  0.2191E+04 -0.2590E-04 -0.3797E-08  0.5096E-08  0.1793E-08  0.1105E-01  0.8450E-02  0.0000E+00 -0.1000E+01
   14.9326  7 15   11.4996    0.0000    0.0000    0.0000    0.0160    0.6606    0.0001   -1.0000    5.3727    3.9101  0.8080E-10  0.2191E+04 -0.2590E-04 -0.3797E-08  0.5100E-08  0.1793E-08  0.1105E-01  0.8450E-02  0.0000E+00 -0.1000E+01
   14.9331  7 15   11.4867    0.0000    0.0000    0.0000    0.0156    0.6606    0.0001   -1.0000    5.3721    3.9101  0.8103E-10  0.2191E+04 -0.2590E-04 -0.3797E-08  0.5104E-08  0.1793E-08  0.1104E-01  0.8450E-02  0.0000E+00 -0.1000E+01
   14.9336  7 15   11.4739    0.0000    0.0000    0.0000    0.0152    0.6606    0.0001   -1.0000    5.3715    3.9101  0.8127E-10  0.2191E+04 -0.2590E-04 -0.3797E-08  0.5107E-08  0.1793E-08  0.1104E-01  0.8450E-02  0.0000E+00 -0.1000E+01
   14.9341  7 15   11.4610    0.0000    0.0000    0.0000    0.0148    0.6606    0.0001   -1.0000    5.3709    3.9101  0.8151E-10  0.2191E+04 -0.2590E-04 -0.3797E-08  0.5111E-08  0.1793E-08  0.1104E-01  0.8450E-02  0.0000E+00 -0.1000E+01
   14.9346  7 15   11.4481    0.0000    0.0000    0.0000    0.0144    0.6606    0.0001   -1.0000    5.3702    3.9101  0.8175E-10  0.2191E+04 -0.2590E-04 -0.3797E-08  0.5115E-08  0.1793E-08  0.1104E-01  0.8450E-02  0.0000E+00 -0.1000E+01
   14.9351  7 15   11.4352    0.0000    0.0000    0.0000    0.0140    0.6606    0.0001   -1.0000    5.3696    3.9101  0.8199E-10  0.2191E+04 -0.2590E-04 -0.3797E-08  0.5118E-08  0.1793E-08  0.1103E-01  0.8450E-02  0.0000E+00 -0.1000E+01
   14.9356  7 15   11.4223    0.0000    0.0000    0.0000    0.0136    0.6606    0.0001   -1.0000    5.3690    3.9101  0.8223E-10  0.2191E+04 -0.2590E-04 -0.3797E-08  0.5122E-08  0.1793E-08  0.1103E-01  0.8450E-02  0.0000E+00 -0.1000E+01
   14.9361  7 15   11.4095    0.0000    0.0000    0.0000    0.0132    0.6606    0.0001   -1.0000    5.3683    3.9101  0.8247E-10  0.2191E+04 -0.2590E-04 -0.3797E-08  0.5126E-08  0.1793E-08  0.1103E-01  0.8450E-02  0.0000E+00 -0.1000E+01
   14.9366  7 15   11.3966    0.0000    0.0000    0.0000    0.0128    0.6606    0.0001   -1.0000    5.3677    3.9101  0.8272E-10  0.2191E+04 -0.2590E-04 -0.3797E-08  0.5129E-08  0.1793E-08  0.1102E-01  0.8450E-02  0.0000E+00 -0.1000E+01
   14.9371  7 15   11.3837    0.0000    0.0000    0.0000    0.0124    0.6606    0.0001   -1.0000    5.3671    3.9101  0.8296E-10  0.2191E+04 -0.2590E-04 -0.3797E-08  0.5133E-08  0.1793E-08  0.1102E-01  0.8450E-02  0.0000E+00 -0.1000E+01
   14.9376  7 15   11.3708    0.0000    0.0000    0.0000    0.0120    0.6606    0.0001   -1.0000    5.3665    3.9101  0.8321E-10  0.2191E+04 -0.2590E-04 -0.3797E-08  0.5137E-08  0.1793E-08  0.1102E-01  0.8450E-02  0.0000E+00 -0.1000E+01
   14.9381  7 15   11.3580    0.0000    0.0000    0.0000    0.0116    0.6606    0.0001   -1.0000    5.3658    3.9101  0.8345E-10  0.2191E+04 -0.2590E-04 -0.3797E-08  0.5141E-08  0.1793E-08  0.1101E-01  0.8450E-02  0.0000E+00 -0.1000E+01
   14.9386  7 15   11.3451    0.0000    0.0000    0.0000    0.0112    0.6606    0.0001   -1.0000    5.3652    3.9101  0.8370E-10  0.2191E+04 -0.2590E-04 -0.3797E-08  0.5144E-08  0.1793E-08  0.1101E-01  0.8450E-02  0.0000E+00 -0.1000E+01
   14.9391  7 15   11.3322    0.0000    0.0000    0.0000    0.0108    0.6606    0.0001   -1.0000    5.3646    3.9101  0.8394E-10  0.2191E+04 -0.2590E-04 -0.3797E-08  0.5148E-08  0.1793E-08  0.1101E-01  0.8450E-02  0.0000E+00 -0.1000E+01
   14.9396  7 15   11.3193    0.0000    0.0000    0.0000    0.0105    0.6606    0.0001   -1.0000    5.3640    3.9101  0.8419E-10  0.2191E+04 -0.2590E-04 -0.3797E-08  0.5152E-08  0.1793E-08  0.1101E-01  0.8450E-02  0.0000E+00 -0.1000E+01
   14.9401  7 15   11.3064    0.0000    0.0000    0.0000    0.0101    0.6606    0.0001   -1.0000    5.3633    3.9101  0.8444E-10  0.2191E+04 -0.2590E-04 -0.3797E-08  0.5155E-08  0.1793E-08  0.1100E-01  0.8450E-02  0.0000E+00 -0.1000E+01
   14.9406  7 15   11.2936    0.0000    0.0000    0.0000    0.0097    0.6606    0.0001   -1.0000    5.3627    3.9101  0.8469E-10  0.2191E+04 -0.2590E-04 -0.3797E-08  0.5159E-08  0.1793E-08  0.1100E-01  0.8450E-02  0.0000E+00 -0.1000E+01
   14.9411  7 15   11.2807    0.0000    0.0000    0.0000    0.0093    0.6606    0.0001   -1.0000    5.3621    3.9101  0.8494E-10  0.2191E+04 -0.2590E-04 -0.3797E-08  0.5163E-08  0.1793E-08  0.1100E-01  0.8450E-02  0.0000E+00 -0.1000E+01
   14.9416  7 15   11.2678    0.0000    0.0000    0.0000    0.0089    0.6606    0.0001   -1.0000    5.3615    3.9101  0.8519E-10  0.2191E+04 -0.2590E-04 -0.3797E-08  0.5166E-08  0.1793E-08  0.1099E-01  0.8450E-02  0.0000E+00 -0.1000E+01
   14.9421  7 15   11.2549    0.0000    0.0000    0.0000    0.0085    0.6606    0.0001   -1.0000    5.3608    3.9101  0.8545E-10  0.2191E+04 -0.2590E-04 -0.3797E-08  0.5170E-08  0.1793E-08  0.1099E-01  0.8450E-02  0.0000E+00 -0.1000E+01
   14.9426  7 15   11.2421    0.0000    0.0000    0.0000    0.0081    0.6606    0.0001   -1.0000    5.3602    3.9101  0.8570E-10  0.2191E+04 -0.2590E-04 -0.3797E-08  0.5174E-08  0.1793E-08  0.1099E-01  0.8450E-02  0.0000E+00 -0.1000E+01
   14.9431  7 15   11.2293    0.0000    0.0000    0.0000    0.0077    0.6606    0.0001   -1.0000    5.3596    3.9101  0.8595E-10  0.2191E+04 -0.2571E-04 -0.3797E-08  0.5178E-08  0.1793E-08  0.1098E-01  0.8450E-02  0.0000E+00 -0.1000E+01
   14.9436  7 15   11.2171    0.0000    0.0000    0.0000    0.0073    0.6606    0.0001   -1.0000    5.3590    3.9101  0.8619E-10  0.2191E+04 -0.2446E-04 -0.3797E-08  0.5186E-08  0.1793E-08  0.1099E-01  0.8450E-02  0.0000E+00 -0.1000E+01
   14.9441  7 15   11.2055    0.0000    0.0000    0.0000    0.0070    0.6606    0.0001   -1.0000    5.3585    3.9101  0.8643E-10  0.2191E+04 -0.2340E-04 -0.3797E-08  0.5193E-08  0.1793E-08  0.1099E-01  0.8450E-02  0.0000E+00 -0.1000E+01
   14.9446  7 15   11.1938    0.0000    0.0000    0.0000    0.0066    0.6606    0.0001   -1.0000    5.3579    3.9101  0.8666E-10  0.2191E+04 -0.2340E-04 -0.3797E-08  0.5201E-08  0.1793E-08  0.1099E-01  0.8450E-02  0.0000E+00 -0.1000E+01
   14.9451  7 15   11.1822    0.0000    0.0000    0.0000    0.0062    0.6606    0.0001   -1.0000    5.3573    3.9101  0.8690E-10  0.2191E+04 -0.2340E-04 -0.3797E-08  0.5208E-08  0.1793E-08  0.1099E-01  0.8450E-02  0.0000E+00 -0.1000E+01
   14.9456  7 15   11.1706    0.0000    0.0000    0.0000    0.0059    0.6606    0.0001   -1.0000    5.3568    3.9101  0.8714E-10  0.2191E+04 -0.2340E-04 -0.3797E-08  0.5216E-08  0.1793E-08  0.1099E-01  0.8450E-02  0.0000E+00 -0.1000E+01
   14.9461  7 15   11.1589    0.0000    0.0000    0.0000    0.0055    0.6606    0.0001   -1.0000    5.3562    3.9101  0.8738E-10  0.2191E+04 -0.2340E-04 -0.3797E-08  0.5224E-08  0.1793E-08  0.1099E-01  0.8450E-02  0.0000E+00 -0.1000E+01
   14.9466  7 15   11.1473    0.0000    0.0000    0.0000    0.0051    0.6606    0.0001   -1.0000    5.3557    3.9101  0.8762E-10  0.2191E+04 -0.2340E-04 -0.3797E-08  0.5231E-08  0.1793E-08  0.1099E-01  0.8450E-02  0.0000E+00 -0.1000E+01
   14.9471  7 15   11.1357    0.0000    0.0000    0.0000    0.0048    0.6606    0.0001   -1.0000    5.3551    3.9101  0.8786E-10  0.2191E+04 -0.2340E-04 -0.3797E-08  0.5239E-08  0.1793E-08  0.1099E-01  0.8450E-02  0.0000E+00 -0.1000E+01
   14.9476  7 15   11.1240    0.0000    0.0000    0.0000    0.0044    0.6606    0.0001   -1.0000    5.3545    3.9101  0.8810E-10  0.2191E+04 -0.2340E-04 -0.3797E-08  0.5246E-08  0.1793E-08  0.1099E-01  0.8450E-02  0.0000E+00 -0.1000E+01
   14.9481  7 15   11.1124    0.0000    0.0000    0.0000    0.0040    0.6606    0.0001   -1.0000    5.3540    3.9101  0.8834E-10  0.2191E+04 -0.2340E-04 -0.3797E-08  0.5254E-08  0.1793E-08  0.1099E-01  0.8450E-02  0.0000E+00 -0.1000E+01
   14.9486  7 15   11.1008    0.0000    0.0000    0.0000    0.0036    0.6606    0.0001   -1.0000    5.3534    3.9101  0.8858E-10  0.2191E+04 -0.2340E-04 -0.3797E-08  0.5261E-08  0.1793E-08  0.1099E-01  0.8450E-02  0.0000E+00 -0.1000E+01
   14.9491  7 15   11.0891    0.0000    0.0000    0.0000    0.0033    0.6606    0.0001   -1.0000    5.3528    3.9101  0.8883E-10  0.2191E+04 -0.2340E-04 -0.3797E-08  0.5269E-08  0.1793E-08  0.1099E-01  0.8450E-02  0.0000E+00 -0.1000E+01
   14.9496  7 15   11.0775    0.0000    0.0000    0.0000    0.0029    0.6606    0.0001   -1.0000    5.3523    3.9101  0.8907E-10  0.2191E+04 -0.2340E-04 -0.3797E-08  0.5276E-08  0.1793E-08  0.1099E-01  0.8450E-02  0.0000E+00 -0.1000E+01
   14.9500  7 15   11.0659    0.0000    0.0000    0.0000    0.0025    0.6606    0.0001   -1.0000    5.3517    3.9101  0.8932E-10  0.2191E+04 -0.2340E-04 -0.3797E-08  0.5284E-08  0.1793E-08  0.1099E-01  0.8450E-02  0.0000E+00 -0.1000E+01
   14.9505  7 15   11.0542    0.0000    0.0000    0.0000    0.0022    0.6606    0.0001   -1.0000    5.3512    3.9101  0.8956E-10  0.2191E+04 -0.2340E-04 -0.3797E-08  0.5292E-08  0.1793E-08  0.1099E-01  0.8450E-02  0.0000E+00 -0.1000E+01
   14.9510  7 15   11.0426    0.0000    0.0000    0.0000    0.0018    0.6606    0.0001   -1.0000    5.3506    3.9101  0.8981E-10  0.2191E+04 -0.2340E-04 -0.3797E-08  0.5299E-08  0.1793E-08  0.1099E-01  0.8450E-02  0.0000E+00 -0.1000E+01
   14.9515  7 15   11.0309    0.0000    0.0000    0.0000    0.0014    0.6606    0.0001   -1.0000    5.3500    3.9101  0.9006E-10  0.2191E+04 -0.2340E-04 -0.3797E-08  0.5307E-08  0.1793E-08  0.1099E-01  0.8450E-02  0.0000E+00 -0.1000E+01
   14.9520  7 15   11.0193    0.0000    0.0000    0.0000    0.0011    0.6606    0.0001   -1.0000    5.3495    3.9101  0.9031E-10  0.2191E+04 -0.2340E-04 -0.3797E-08  0.5314E-08  0.1793E-08  0.1099E-01  0.8450E-02  0.0000E+00 -0.1000E+01
   14.9525  7 15   11.0077    0.0000    0.0000    0.0000    0.0007    0.6606    0.0001   -1.0000    5.3489    3.9101  0.9056E-10  0.2191E+04 -0.2340E-04 -0.3797E-08  0.5322E-08  0.1793E-08  0.1099E-01  0.8450E-02  0.0000E+00 -0.1000E+01
   14.9530  7 15   10.9960    0.0000    0.0000    0.0000    0.0003    0.6606    0.0001   -1.0000    5.3483    3.9101  0.9081E-10  0.2191E+04 -0.2340E-04 -0.3797E-08  0.5329E-08  0.1793E-08  0.1099E-01  0.8450E-02  0.0000E+00 -0.1000E+01
   14.9535  7 15   10.9844    0.0000    0.0000    0.0000   -0.0000    0.6606    0.0001   -1.0000    5.3478    3.9101  0.9106E-10  0.2191E+04 -0.2340E-04 -0.3797E-08  0.5337E-08  0.1793E-08  0.1099E-01  0.8450E-02  0.0000E+00 -0.1000E+01
   14.9540  7 15   10.9728    0.0000    0.0000    0.0000   -0.0004    0.6606    0.0001   -1.0000    5.3472    3.9101  0.9131E-10  0.2191E+04 -0.2340E-04 -0.3797E-08  0.5345E-08  0.1793E-08  0.1099E-01  0.8450E-02  0.0000E+00 -0.1000E+01
   14.9545  7 15   10.9611    0.0000    0.0000    0.0000   -0.0008    0.6606    0.0001   -1.0000    5.3467    3.9101  0.9156E-10  0.2191E+04 -0.2340E-04 -0.3797E-08  0.5352E-08  0.1793E-08  0.1099E-01  0.8450E-02  0.0000E+00 -0.1000E+01
   14.9550  7 15   10.9495    0.0000    0.0000    0.0000   -0.0012    0.6606    0.0001   -1.0000    5.3461    3.9101  0.9181E-10  0.2191E+04 -0.2340E-04 -0.3797E-08  0.5360E-08  0.1793E-08  0.1099E-01  0.8450E-02  0.0000E+00 -0.1000E+01
   14.9555  7 15   10.9379    0.0000    0.0000    0.0000   -0.0015    0.6606    0.0001   -1.0000    5.3455    3.9101  0.9207E-10  0.2191E+04 -0.2340E-04 -0.3797E-08  0.5367E-08  0.1793E-08  0.1099E-01  0.8450E-02  0.0000E+00 -0.1000E+01
   14.9560  7 15   10.9262    0.0000    0.0000    0.0000   -0.0019    0.6606    0.0001   -1.0000    5.3450    3.9101  0.9232E-10  0.2191E+04 -0.2340E-04 -0.3797E-08  0.5375E-08  0.1793E-08  0.1099E-01  0.8450E-02  0.0000E+00 -0.1000E+01
   14.9565  7 15   10.9146    0.0000    0.0000    0.0000   -0.0023    0.6606    0.0001   -1.0000    5.3444    3.9101  0.9258E-10  0.2191E+04 -0.2340E-04 -0.3797E-08  0.5382E-08  0.1793E-08  0.1099E-01  0.8450E-02  0.0000E+00 -0.1000E+01
   14.9570  7 15   10.9030    0.0000    0.0000    0.0000   -0.0026    0.6606    0.0001   -1.0000    5.3438    3.9101  0.9283E-10  0.2191E+04 -0.2340E-04 -0.3797E-08  0.5390E-08  0.1793E-08  0.1099E-01  0.8450E-02  0.0000E+00 -0.1000E+01
   14.9575  7 15   10.8913    0.0000    0.0000    0.0000   -0.0030    0.6606    0.0001   -1.0000    5.3433    3.9101  0.9309E-10  0.2191E+04 -0.2340E-04 -0.3797E-08  0.5397E-08  0.1793E-08  0.1099E-01  0.8450E-02  0.0000E+00 -0.1000E+01
   14.9580  7 15   10.8797    0.0000    0.0000    0.0000   -0.0034    0.6606    0.0001   -1.0000    5.3427    3.9101  0.9335E-10  0.2191E+04 -0.2340E-04 -0.3797E-08  0.5405E-08  0.1793E-08  0.1099E-01  0.8450E-02  0.0000E+00 -0.1000E+01
   14.9585  7 15   10.8680    0.0000    0.0000    0.0000   -0.0037    0.6606    0.0001   -1.0000    5.3422    3.9101  0.9361E-10  0.2191E+04 -0.2340E-04 -0.3797E-08  0.5413E-08  0.1793E-08  0.1099E-01  0.8450E-02  0.0000E+00 -0.1000E+01
   14.9590  7 15   10.8564    0.0000    0.0000    0.0000   -0.0041    0.6606    0.0001   -1.0000    5.3416    3.9101  0.9387E-10  0.2191E+04 -0.2340E-04 -0.3797E-08  0.5420E-08  0.1793E-08  0.1099E-01  0.8450E-02  0.0000E+00 -0.1000E+01
   14.9595  7 15   10.8448    0.0000    0.0000    0.0000   -0.0045    0.6606    0.0001   -1.0000    5.3410    3.9101  0.9413E-10  0.2191E+04 -0.2340E-04 -0.3797E-08  0.5428E-08  0.1793E-08  0.1099E-01  0.8450E-02  0.0000E+00 -0.1000E+01
   14.9600  7 15   10.8331    0.0000    0.0000    0.0000   -0.0048    0.6606    0.0001   -1.0000    5.3405    3.9101  0.9439E-10  0.2191E+04 -0.2340E-04 -0.3797E-08  0.5435E-08  0.1793E-08  0.1099E-01  0.8450E-02  0.0000E+00 -0.1000E+01
   14.9605  7 15   10.8215    0.0000    0.0000    0.0000   -0.0052    0.6606    0.0001   -1.0000    5.3399    3.9101  0.9465E-10  0.2191E+04 -0.2340E-04 -0.3797E-08  0.5443E-08  0.1793E-08  0.1099E-01  0.8450E-02  0.0000E+00 -0.1000E+01
   14.9610  7 15   10.8099    0.0000    0.0000    0.0000   -0.0056    0.6606    0.0001   -1.0000    5.3393    3.9101  0.9491E-10  0.2191E+04 -0.2340E-04 -0.3797E-08  0.5450E-08  0.1793E-08  0.1099E-01  0.8450E-02  0.0000E+00 -0.1000E+01
   14.9615  7 15   10.7982    0.0000    0.0000    0.0000   -0.0059    0.6606    0.0001   -1.0000    5.3388    3.9101  0.9518E-10  0.2191E+04 -0.2340E-04 -0.3797E-08  0.5458E-08  0.1793E-08  0.1099E-01  0.8450E-02  0.0000E+00 -0.1000E+01
   14.9620  7 15   10.7866    0.0000    0.0000    0.0000   -0.0063    0.6606    0.0001   -1.0000    5.3382    3.9101  0.9544E-10  0.2191E+04 -0.2340E-04 -0.3797E-08  0.5466E-08  0.1793E-08  0.1099E-01  0.8450E-02  0.0000E+00 -0.1000E+01
   14.9625  7 15   10.7754    0.0000    0.0000    0.0000   -0.0067    0.6606    0.0001   -1.0000    5.3377    3.9101  0.9570E-10  0.2191E+04 -0.2252E-04 -0.3797E-08  0.5469E-08  0.1793E-08  0.1099E-01  0.8450E-02  0.0000E+00 -0.1000E+01
   14.9630  7 15   10.7648    0.0000    0.0000    0.0000   -0.0070    0.6606    0.0001   -1.0000    5.3371    3.9101  0.9595E-10  0.2191E+04 -0.2126E-04 -0.3797E-08  0.5472E-08  0.1793E-08  0.1099E-01  0.8450E-02  0.0000E+00 -0.1000E+01
   14.9635  7 15   10.7544    0.0000    0.0000    0.0000   -0.0074    0.6606    0.0001   -1.0000    5.3366    3.9101  0.9620E-10  0.2191E+04 -0.2089E-04 -0.3797E-08  0.5474E-08  0.1793E-08  0.1099E-01  0.8450E-02  0.0000E+00 -0.1000E+01
   14.9640  7 15   10.7441    0.0000    0.0000    0.0000   -0.0077    0.6606    0.0001   -1.0000    5.3360    3.9101  0.9645E-10  0.2191E+04 -0.2089E-04 -0.3797E-08  0.5477E-08  0.1793E-08  0.1098E-01  0.8450E-02  0.0000E+00 -0.1000E+01
   14.9645  7 15   10.7337    0.0000    0.0000    0.0000   -0.0081    0.6606    0.0001   -1.0000    5.3355    3.9101  0.9670E-10  0.2191E+04 -0.2089E-04 -0.3797E-08  0.5479E-08  0.1793E-08  0.1098E-01  0.8450E-02  0.0000E+00 -0.1000E+01
   14.9650  7 15   10.7233    0.0000    0.0000    0.0000   -0.0084    0.6606    0.0001   -1.0000    5.3350    3.9101  0.9695E-10  0.2191E+04 -0.2089E-04 -0.3797E-08  0.5481E-08  0.1793E-08  0.1098E-01  0.8450E-02  0.0000E+00 -0.1000E+01
   14.9655  7 15   10.7129    0.0000    0.0000    0.0000   -0.0088    0.6606    0.0001   -1.0000    5.3344    3.9101  0.9720E-10  0.2191E+04 -0.2089E-04 -0.3797E-08  0.5484E-08  0.1793E-08  0.1098E-01  0.8450E-02  0.0000E+00 -0.1000E+01
   14.9660  7 15   10.7025    0.0000    0.0000    0.0000   -0.0091    0.6606    0.0001   -1.0000    5.3339    3.9101  0.9745E-10  0.2191E+04 -0.2089E-04 -0.3797E-08  0.5486E-08  0.1793E-08  0.1098E-01  0.8450E-02  0.0000E+00 -0.1000E+01
   14.9665  7 15   10.6921    0.0000    0.0000    0.0000   -0.0095    0.6606    0.0001   -1.0000    5.3333    3.9101  0.9771E-10  0.2191E+04 -0.2089E-04 -0.3797E-08  0.5489E-08  0.1793E-08  0.1097E-01  0.8450E-02  0.0000E+00 -0.1000E+01
   14.9670  7 15   10.6817    0.0000    0.0000    0.0000   -0.0098    0.6606    0.0001   -1.0000    5.3328    3.9101  0.9796E-10  0.2191E+04 -0.2089E-04 -0.3797E-08  0.5491E-08  0.1793E-08  0.1097E-01  0.8450E-02  0.0000E+00 -0.1000E+01
   14.9674  7 15   10.6713    0.0000    0.0000    0.0000   -0.0102    0.6606    0.0001   -1.0000    5.3323    3.9101  0.9822E-10  0.2191E+04 -0.2089E-04 -0.3797E-08  0.5493E-08  0.1793E-08  0.1097E-01  0.8450E-02  0.0000E+00 -0.1000E+01
   14.9679  7 15   10.6609    0.0000    0.0000    0.0000   -0.0106    0.6606    0.0001   -1.0000    5.3317    3.9101  0.9847E-10  0.2191E+04 -0.2089E-04 -0.3797E-08  0.5496E-08  0.1793E-08  0.1097E-01  0.8450E-02  0.0000E+00 -0.1000E+01
   14.9684  7 15   10.6506    0.0000    0.0000    0.0000   -0.0109    0.6606    0.0001   -1.0000    5.3312    3.9101  0.9873E-10  0.2191E+04 -0.2089E-04 -0.3797E-08  0.5498E-08  0.1793E-08  0.1097E-01  0.8450E-02  0.0000E+00 -0.1000E+01
   14.9689  7 15   10.6402    0.0000    0.0000    0.0000   -0.0113    0.6606    0.0001   -1.0000    5.3306    3.9101  0.9898E-10  0.2191E+04 -0.2089E-04 -0.3797E-08  0.5501E-08  0.1793E-08  0.1096E-01  0.8450E-02  0.0000E+00 -0.1000E+01
   14.9694  7 15   10.6298    0.0000    0.0000    0.0000   -0.0116    0.6606    0.0001   -1.0000    5.3301    3.9101  0.9924E-10  0.2191E+04 -0.2089E-04 -0.3797E-08  0.5503E-08  0.1793E-08  0.1096E-01  0.8450E-02  0.0000E+00 -0.1000E+01
   14.9699  7 15   10.6194    0.0000    0.0000    0.0000   -0.0120    0.6606    0.0001   -1.0000    5.3295    3.9101  0.9950E-10  0.2191E+04 -0.2089E-04 -0.3797E-08  0.5505E-08  0.1793E-08  0.1096E-01  0.8450E-02  0.0000E+00 -0.1000E+01
   14.9704  7 15   10.6090    0.0000    0.0000    0.0000   -0.0123    0.6606    0.0001   -1.0000    5.3290    3.9101  0.9976E-10  0.2191E+04 -0.2089E-04 -0.3797E-08  0.5508E-08  0.1793E-08  0.1096E-01  0.8450E-02  0.0000E+00 -0.1000E+01
   14.9709  7 15   10.5986    0.0000    0.0000    0.0000   -0.0127    0.6606    0.0001   -1.0000    5.3285    3.9101  0.1000E-09  0.2191E+04 -0.2089E-04 -0.3797E-08  0.5510E-08  0.1793E-08  0.1096E-01  0.8450E-02  0.0000E+00 -0.1000E+01
   14.9714  7 15   10.5882    0.0000    0.0000    0.0000   -0.0130    0.6606    0.0001   -1.0000    5.3279    3.9101  0.1003E-09  0.2191E+04 -0.2089E-04 -0.3797E-08  0.5513E-08  0.1793E-08  0.1095E-01  0.8450E-02  0.0000E+00 -0.1000E+01
   14.9719  7 15   10.5778    0.0000    0.0000    0.0000   -0.0134    0.6606    0.0001   -1.0000    5.3274    3.9101  0.1005E-09  0.2191E+04 -0.2089E-04 -0.3797E-08  0.5515E-08  0.1793E-08  0.1095E-01  0.8450E-02  0.0000E+00 -0.1000E+01
   14.9724  7 15   10.5675    0.0000    0.0000    0.0000   -0.0137    0.6606    0.0001   -1.0000    5.3268    3.9101  0.1008E-09  0.2191E+04 -0.2089E-04 -0.3797E-08  0.5517E-08  0.1793E-08  0.1095E-01  0.8450E-02  0.0000E+00 -0.1000E+01
   14.9729  7 15   10.5571    0.0000    0.0000    0.0000   -0.0141    0.6606    0.0001   -1.0000    5.3263    3.9101  0.1011E-09  0.2191E+04 -0.2089E-04 -0.3797E-08  0.5520E-08  0.1793E-08  0.1095E-01  0.8450E-02  0.0000E+00 -0.1000E+01
   14.9734  7 15   10.5467    0.0000    0.0000    0.0000   -0.0144    0.6606    0.0001   -1.0000    5.3258    3.9101  0.1013E-09  0.2191E+04 -0.2089E-04 -0.3797E-08  0.5522E-08  0.1793E-08  0.1095E-01  0.8450E-02  0.0000E+00 -0.1000E+01
   14.9739  7 15   10.5363    0.0000    0.0000    0.0000   -0.0148    0.6606    0.0001   -1.0000    5.3252    3.9101  0.1016E-09  0.2191E+04 -0.2089E-04 -0.3797E-08  0.5525E-08  0.1793E-08  0.1094E-01  0.8450E-02  0.0000E+00 -0.1000E+01
   14.9744  7 15   10.5259    0.0000    0.0000    0.0000   -0.0151    0.6606    0.0001   -1.0000    5.3247    3.9101  0.1019E-09  0.2191E+04 -0.2089E-04 -0.3797E-08  0.5527E-08  0.1793E-08  0.1094E-01  0.8450E-02  0.0000E+00 -0.1000E+01
   14.9749  7 15   10.5155    0.0000    0.0000    0.0000   -0.0155    0.6606    0.0001   -1.0000    5.3241    3.9101  0.1021E-09  0.2191E+04 -0.2089E-04 -0.3797E-08  0.5529E-08  0.1793E-08  0.1094E-01  0.8450E-02  0.0000E+00 -0.1000E+01
   14.9754  7 15   10.5051    0.0000    0.0000    0.0000   -0.0158    0.6606    0.0001   -1.0000    5.3236    3.9101  0.1024E-09  0.2191E+04 -0.2089E-04 -0.3797E-08  0.5532E-08  0.1793E-08  0.1094E-01  0.8450E-02  0.0000E+00 -0.1000E+01
   14.9759  7 15   10.4947    0.0000    0.0000    0.0000   -0.0162    0.6606    0.0001   -1.0000    5.3230    3.9101  0.1027E-09  0.2191E+04 -0.2089E-04 -0.3797E-08  0.5534E-08  0.1793E-08  0.1094E-01  0.8450E-02  0.0000E+00 -0.1000E+01
   14.9764  7 15   10.4844    0.0000    0.0000    0.0000   -0.0166    0.6606    0.0001   -1.0000    5.3225    3.9101  0.1029E-09  0.2191E+04 -0.2089E-04 -0.3797E-08  0.5537E-08  0.1793E-08  0.1093E-01  0.8450E-02  0.0000E+00 -0.1000E+01
   14.9769  7 15   10.4740    0.0000    0.0000    0.0000   -0.0169    0.6606    0.0001   -1.0000    5.3220    3.9101  0.1032E-09  0.2191E+04 -0.2089E-04 -0.3797E-08  0.5539E-08  0.1793E-08  0.1093E-01  0.8450E-02  0.0000E+00 -0.1000E+01
   14.9774  7 15   10.4636    0.0000    0.0000    0.0000   -0.0173    0.6606    0.0001   -1.0000    5.3214    3.9101  0.1035E-09  0.2191E+04 -0.2089E-04 -0.3797E-08  0.5541E-08  0.1793E-08  0.1093E-01  0.8450E-02  0.0000E+00 -0.1000E+01
   14.9779  7 15   10.4532    0.0000    0.0000    0.0000   -0.0176    0.6606    0.0001   -1.0000    5.3209    3.9101  0.1037E-09  0.2191E+04 -0.2089E-04 -0.3797E-08  0.5544E-08  0.1793E-08  0.1093E-01  0.8450E-02  0.0000E+00 -0.1000E+01
   14.9784  7 15   10.4428    0.0000    0.0000    0.0000   -0.0180    0.6606    0.0001   -1.0000    5.3203    3.9101  0.1040E-09  0.2191E+04 -0.2089E-04 -0.3797E-08  0.5546E-08  0.1793E-08  0.1093E-01  0.8450E-02  0.0000E+00 -0.1000E+01
   14.9789  7 15   10.4324    0.0000    0.0000    0.0000   -0.0183    0.6606    0.0001   -1.0000    5.3198    3.9101  0.1043E-09  0.2191E+04 -0.2089E-04 -0.3797E-08  0.5549E-08  0.1793E-08  0.1092E-01  0.8450E-02  0.0000E+00 -0.1000E+01
   14.9794  7 15   10.4220    0.0000    0.0000    0.0000   -0.0187    0.6606    0.0001   -1.0000    5.3193    3.9101  0.1046E-09  0.2191E+04 -0.2089E-04 -0.3797E-08  0.5551E-08  0.1793E-08  0.1092E-01  0.8450E-02  0.0000E+00 -0.1000E+01
   14.9799  7 15   10.4116    0.0000    0.0000    0.0000   -0.0190    0.6606    0.0001   -1.0000    5.3187    3.9101  0.1048E-09  0.2191E+04 -0.2089E-04 -0.3797E-08  0.5553E-08  0.1793E-08  0.1092E-01  0.8450E-02  0.0000E+00 -0.1000E+01
   14.9804  7 15   10.4012    0.0000    0.0000    0.0000   -0.0194    0.6606    0.0001   -1.0000    5.3182    3.9101  0.1051E-09  0.2191E+04 -0.2089E-04 -0.3797E-08  0.5556E-08  0.1793E-08  0.1092E-01  0.8450E-02  0.0000E+00 -0.1000E+01
   14.9809  7 15   10.3909    0.0000    0.0000    0.0000   -0.0197    0.6606    0.0001   -1.0000    5.3176    3.9101  0.1054E-09  0.2191E+04 -0.2089E-04 -0.3797E-08  0.5558E-08  0.1793E-08  0.1092E-01  0.8450E-02  0.0000E+00 -0.1000E+01
   14.9814  7 15   10.3805    0.0000    0.0000    0.0000   -0.0201    0.6606    0.0001   -1.0000    5.3171    3.9101  0.1057E-09  0.2191E+04 -0.2089E-04 -0.3797E-08  0.5560E-08  0.1793E-08  0.1091E-01  0.8450E-02  0.0000E+00 -0.1000E+01
   14.9819  7 15   10.3701    0.0000    0.0000    0.0000   -0.0204    0.6606    0.0001   -1.0000    5.3165    3.9101  0.1059E-09  0.2191E+04 -0.2089E-04 -0.3797E-08  0.5563E-08  0.1793E-08  0.1091E-01  0.8450E-02  0.0000E+00 -0.1000E+01
   14.9824  7 15   10.3597    0.0000    0.0000    0.0000   -0.0208    0.6606    0.0001   -1.0000    5.3160    3.9101  0.1062E-09  0.2191E+04 -0.2089E-04 -0.3797E-08  0.5565E-08  0.1793E-08  0.1091E-01  0.8450E-02  0.0000E+00 -0.1000E+01
   14.9829  7 15   10.3496    0.0000    0.0000    0.0000   -0.0211    0.6606    0.0001   -1.0000    5.3155    3.9101  0.1065E-09  0.2191E+04 -0.2022E-04 -0.3797E-08  0.5567E-08  0.1793E-08  0.1091E-01  0.8450E-02  0.0000E+00 -0.1000E+01
   14.9834  7 15   10.3403    0.0000    0.0000    0.0000   -0.0214    0.6606    0.0001   -1.0000    5.3150    3.9101  0.1067E-09  0.2191E+04 -0.1869E-04 -0.3797E-08  0.5568E-08  0.1793E-08  0.1091E-01  0.8450E-02  0.0000E+00 -0.1000E+01
   14.9839  7 15   10.3315    0.0000    0.0000    0.0000   -0.0218    0.6606    0.0001   -1.0000    5.3146    3.9101  0.1070E-09  0.2191E+04 -0.1783E-04 -0.3797E-08  0.5569E-08  0.1793E-08  0.1091E-01  0.8450E-02  0.0000E+00 -0.1000E+01
   14.9844  7 15   10.3226    0.0000    0.0000    0.0000   -0.0221    0.6606    0.0001   -1.0000    5.3141    3.9101  0.1072E-09  0.2191E+04 -0.1783E-04 -0.3797E-08  0.5571E-08  0.1793E-08  0.1091E-01  0.8450E-02  0.0000E+00 -0.1000E+01
   14.9848  7 15   10.3137    0.0000    0.0000    0.0000   -0.0224    0.6606    0.0001   -1.0000    5.3136    3.9101  0.1075E-09  0.2191E+04 -0.1783E-04 -0.3797E-08  0.5572E-08  0.1793E-08  0.1091E-01  0.8450E-02  0.0000E+00 -0.1000E+01
   14.9853  7 15   10.3049    0.0000    0.0000    0.0000   -0.0227    0.6606    0.0001   -1.0000    5.3132    3.9101  0.1077E-09  0.2191E+04 -0.1783E-04 -0.3797E-08  0.5573E-08  0.1793E-08  0.1091E-01  0.8450E-02  0.0000E+00 -0.1000E+01
   14.9858  7 15   10.2960    0.0000    0.0000    0.0000   -0.0230    0.6606    0.0001   -1.0000    5.3127    3.9101  0.1080E-09  0.2191E+04 -0.1783E-04 -0.3797E-08  0.5574E-08  0.1793E-08  0.1091E-01  0.8450E-02  0.0000E+00 -0.1000E+01
   14.9863  7 15   10.2871    0.0000    0.0000    0.0000   -0.0233    0.6606    0.0001   -1.0000    5.3123    3.9101  0.1082E-09  0.2191E+04 -0.1783E-04 -0.3797E-08  0.5575E-08  0.1793E-08  0.1091E-01  0.8450E-02  0.0000E+00 -0.1000E+01
   14.9868  7 15   10.2783    0.0000    0.0000    0.0000   -0.0237    0.6606    0.0001   -1.0000    5.3118    3.9101  0.1085E-09  0.2191E+04 -0.1783E-04 -0.3797E-08  0.5576E-08  0.1793E-08  0.1091E-01  0.8450E-02  0.0000E+00 -0.1000E+01
   14.9873  7 15   10.2694    0.0000    0.0000    0.0000   -0.0240    0.6606    0.0001   -1.0000    5.3113    3.9101  0.1087E-09  0.2191E+04 -0.1783E-04 -0.3797E-08  0.5577E-08  0.1793E-08  0.1091E-01  0.8450E-02  0.0000E+00 -0.1000E+01
   14.9878  7 15   10.2605    0.0000    0.0000    0.0000   -0.0243    0.6606    0.0001   -1.0000    5.3109    3.9101  0.1090E-09  0.2191E+04 -0.1783E-04 -0.3797E-08  0.5579E-08  0.1793E-08  0.1090E-01  0.8450E-02  0.0000E+00 -0.1000E+01
   14.9883  7 15   10.2517    0.0000    0.0000    0.0000   -0.0246    0.6606    0.0001   -1.0000    5.3104    3.9101  0.1093E-09  0.2191E+04 -0.1783E-04 -0.3797E-08  0.5580E-08  0.1793E-08  0.1090E-01  0.8450E-02  0.0000E+00 -0.1000E+01
   14.9888  7 15   10.2428    0.0000    0.0000    0.0000   -0.0249    0.6606    0.0001   -1.0000    5.3100    3.9101  0.1095E-09  0.2191E+04 -0.1783E-04 -0.3797E-08  0.5581E-08  0.1793E-08  0.1090E-01  0.8450E-02  0.0000E+00 -0.1000E+01
   14.9893  7 15   10.2339    0.0000    0.0000    0.0000   -0.0252    0.6606    0.0001   -1.0000    5.3095    3.9101  0.1098E-09  0.2191E+04 -0.1783E-04 -0.3797E-08  0.5582E-08  0.1793E-08  0.1090E-01  0.8450E-02  0.0000E+00 -0.1000E+01
   14.9898  7 15   10.2251    0.0000    0.0000    0.0000   -0.0256    0.6606    0.0001   -1.0000    5.3090    3.9101  0.1100E-09  0.2191E+04 -0.1783E-04 -0.3797E-08  0.5583E-08  0.1793E-08  0.1090E-01  0.8450E-02  0.0000E+00 -0.1000E+01
   14.9903  7 15   10.2162    0.0000    0.0000    0.0000   -0.0259    0.6606    0.0001   -1.0000    5.3086    3.9101  0.1103E-09  0.2191E+04 -0.1783E-04 -0.3797E-08  0.5584E-08  0.1793E-08  0.1090E-01  0.8450E-02  0.0000E+00 -0.1000E+01
   14.9908  7 15   10.2073    0.0000    0.0000    0.0000   -0.0262    0.6606    0.0001   -1.0000    5.3081    3.9101  0.1105E-09  0.2191E+04 -0.1783E-04 -0.3797E-08  0.5586E-08  0.1793E-08  0.1090E-01  0.8450E-02  0.0000E+00 -0.1000E+01
   14.9913  7 15   10.1985    0.0000    0.0000    0.0000   -0.0265    0.6606    0.0001   -1.0000    5.3076    3.9101  0.1108E-09  0.2191E+04 -0.1783E-04 -0.3797E-08  0.5587E-08  0.1793E-08  0.1090E-01  0.8450E-02  0.0000E+00 -0.1000E+01
   14.9918  7 15   10.1896    0.0000    0.0000    0.0000   -0.0268    0.6606    0.0001   -1.0000    5.3072    3.9101  0.1110E-09  0.2191E+04 -0.1783E-04 -0.3797E-08  0.5588E-08  0.1793E-08  0.1090E-01  0.8450E-02  0.0000E+00 -0.1000E+01
   14.9923  7 15   10.1807    0.0000    0.0000    0.0000   -0.0271    0.6606    0.0001   -1.0000    5.3067    3.9101  0.1113E-09  0.2191E+04 -0.1783E-04 -0.3797E-08  0.5589E-08  0.1793E-08  0.1090E-01  0.8450E-02  0.0000E+00 -0.1000E+01
   14.9928  7 15   10.1719    0.0000    0.0000    0.0000   -0.0275    0.6606    0.0001   -1.0000    5.3063    3.9101  0.1116E-09  0.2191E+04 -0.1783E-04 -0.3797E-08  0.5590E-08  0.1793E-08  0.1090E-01  0.8450E-02  0.0000E+00 -0.1000E+01
   14.9933  7 15   10.1630    0.0000    0.0000    0.0000   -0.0278    0.6606    0.0001   -1.0000    5.3058    3.9101  0.1118E-09  0.2191E+04 -0.1783E-04 -0.3797E-08  0.5591E-08  0.1793E-08  0.1090E-01  0.8450E-02  0.0000E+00 -0.1000E+01
   14.9938  7 15   10.1541    0.0000    0.0000    0.0000   -0.0281    0.6606    0.0001   -1.0000    5.3053    3.9101  0.1121E-09  0.2191E+04 -0.1783E-04 -0.3797E-08  0.5592E-08  0.1793E-08  0.1090E-01  0.8450E-02  0.0000E+00 -0.1000E+01
   14.9943  7 15   10.1453    0.0000    0.0000    0.0000   -0.0284    0.6606    0.0001   -1.0000    5.3049    3.9101  0.1124E-09  0.2191E+04 -0.1783E-04 -0.3797E-08  0.5594E-08  0.1793E-08  0.1090E-01  0.8450E-02  0.0000E+00 -0.1000E+01
   14.9948  7 15   10.1364    0.0000    0.0000    0.0000   -0.0287    0.6606    0.0001   -1.0000    5.3044    3.9101  0.1126E-09  0.2191E+04 -0.1783E-04 -0.3797E-08  0.5595E-08  0.1793E-08  0.1090E-01  0.8450E-02  0.0000E+00 -0.1000E+01
   14.9953  7 15   10.1275    0.0000    0.0000    0.0000   -0.0291    0.6606    0.0001   -1.0000    5.3039    3.9101  0.1129E-09  0.2191E+04 -0.1783E-04 -0.3797E-08  0.5596E-08  0.1793E-08  0.1090E-01  0.8450E-02  0.0000E+00 -0.1000E+01
   14.9958  7 15   10.1187    0.0000    0.0000    0.0000   -0.0294    0.6606    0.0001   -1.0000    5.3035    3.9101  0.1131E-09  0.2191E+04 -0.1783E-04 -0.3797E-08  0.5597E-08  0.1793E-08  0.1090E-01  0.8450E-02  0.0000E+00 -0.1000E+01
   14.9963  7 15   10.1098    0.0000    0.0000    0.0000   -0.0297    0.6606    0.0001   -1.0000    5.3030    3.9101  0.1134E-09  0.2191E+04 -0.1783E-04 -0.3797E-08  0.5598E-08  0.1793E-08  0.1090E-01  0.8450E-02  0.0000E+00 -0.1000E+01
   14.9968  7 15   10.1009    0.0000    0.0000    0.0000   -0.0300    0.6606    0.0001   -1.0000    5.3026    3.9101  0.1137E-09  0.2191E+04 -0.1783E-04 -0.3797E-08  0.5599E-08  0.1793E-08  0.1090E-01  0.8450E-02  0.0000E+00 -0.1000E+01
   14.9973  7 15   10.0921    0.0000    0.0000    0.0000   -0.0303    0.6606    0.0001   -1.0000    5.3021    3.9101  0.1139E-09  0.2191E+04 -0.1783E-04 -0.3797E-08  0.5601E-08  0.1793E-08  0.1090E-01  0.8450E-02  0.0000E+00 -0.1000E+01
   14.9978  7 15   10.0832    0.0000    0.0000    0.0000   -0.0306    0.6606    0.0001   -1.0000    5.3016    3.9101  0.1142E-09  0.2191E+04 -0.1783E-04 -0.3797E-08  0.5602E-08  0.1793E-08  0.1090E-01  0.8450E-02  0.0000E+00 -0.1000E+01
   14.9983  7 15   10.0743    0.0000    0.0000    0.0000   -0.0310    0.6606    0.0001   -1.0000    5.3012    3.9101  0.1145E-09  0.2191E+04 -0.1783E-04 -0.3797E-08  0.5603E-08  0.1793E-08  0.1090E-01  0.8450E-02  0.0000E+00 -0.1000E+01
   14.9988  7 15   10.0655    0.0000    0.0000    0.0000   -0.0313    0.6606    0.0001   -1.0000    5.3007    3.9101  0.1147E-09  0.2191E+04 -0.1783E-04 -0.3797E-08  0.5604E-08  0.1793E-08  0.1090E-01  0.8450E-02  0.0000E+00 -0.1000E+01
   14.9993  7 15   10.0566    0.0000    0.0000    0.0000   -0.0316    0.6606    0.0001   -1.0000    5.3003    3.9101  0.1150E-09  0.2191E+04 -0.1783E-04 -0.3797E-08  0.5605E-08  0.1793E-08  0.1089E-01  0.8450E-02  0.0000E+00 -0.1000E+01
   14.9998  7 15   10.0477    0.0000    0.0000    0.0000   -0.0319    0.6606    0.0001   -1.0000    5.2998    3.9101  0.1153E-09  0.2191E+04 -0.1783E-04 -0.3797E-08  0.5606E-08  0.1793E-08  0.1089E-01  0.8450E-02  0.0000E+00 -0.1000E+01
   15.0003  7 15   10.0389    0.0000    0.0000    0.0000   -0.0322    0.6606    0.0001   -1.0000    5.2993    3.9101  0.1155E-09  0.2191E+04 -0.1783E-04 -0.3797E-08  0.5607E-08  0.1793E-08  0.1089E-01  0.8450E-02  0.0000E+00 -0.1000E+01
   15.0008  7 15   10.0300    0.0000    0.0000    0.0000   -0.0325    0.6606    0.0001   -1.0000    5.2989    3.9101  0.1158E-09  0.2191E+04 -0.1783E-04 -0.3797E-08  0.5609E-08  0.1793E-08  0.1089E-01  0.8450E-02  0.0000E+00 -0.1000E+01
   15.0013  7 15   10.0211    0.0000    0.0000    0.0000   -0.0329    0.6606    0.0001   -1.0000    5.2984    3.9101  0.1161E-09  0.2191E+04 -0.1783E-04 -0.3797E-08  0.5610E-08  0.1793E-08  0.1089E-01  0.8450E-02  0.0000E+00 -0.1000E+01
   15.0018  7 15   10.0123    0.0000    0.0000    0.0000   -0.0332    0.6606    0.0001   -1.0000    5.2979    3.9101  0.1164E-09  0.2191E+04 -0.1783E-04 -0.3797E-08  0.5611E-08  0.1793E-08  0.1089E-01  0.8450E-02  0.0000E+00 -0.1000E+01
   15.0023  7 15   10.0034    0.0000    0.0000    0.0000   -0.0335    0.6606    0.0001   -1.0000    5.2975    3.9101  0.1166E-09  0.2191E+04 -0.1783E-04 -0.3797E-08  0.5612E-08  0.1793E-08  0.1089E-01  0.8450E-02  0.0000E+00 -0.1000E+01
   15.0027  7 15    9.9945    0.0000    0.0000    0.0000   -0.0338    0.6606    0.0001   -1.0000    5.2970    3.9101  0.1169E-09  0.2191E+04 -0.1783E-04 -0.3797E-08  0.5613E-08  0.1793E-08  0.1089E-01  0.8450E-02  0.0000E+00 -0.1000E+01
   15.0032  7 15    9.9857    0.0000    0.0000    0.0000   -0.0341    0.6606    0.0001   -1.0000    5.2966    3.9101  0.1172E-09  0.2191E+04 -0.1783E-04 -0.3797E-08  0.5614E-08  0.1793E-08  0.1089E-01  0.8450E-02  0.0000E+00 -0.1000E+01
   15.0037  7 15    9.9768    0.0000    0.0000    0.0000   -0.0344    0.6606    0.0001   -1.0000    5.2961    3.9101  0.1175E-09  0.2191E+04 -0.1783E-04 -0.3797E-08  0.5616E-08  0.1793E-08  0.1089E-01  0.8450E-02  0.0000E+00 -0.1000E+01
   15.0042  7 15    9.9679    0.0000    0.0000    0.0000   -0.0348    0.6606    0.0001   -1.0000    5.2956    3.9101  0.1177E-09  0.2191E+04 -0.1783E-04 -0.3797E-08  0.5617E-08  0.1793E-08  0.1089E-01  0.8450E-02  0.0000E+00 -0.1000E+01
   15.0047  7 15    9.9591    0.0000    0.0000    0.0000   -0.0351    0.6606    0.0001   -1.0000    5.2952    3.9101  0.1180E-09  0.2191E+04 -0.1783E-04 -0.3797E-08  0.5618E-08  0.1793E-08  0.1089E-01  0.8450E-02  0.0000E+00 -0.1000E+01
   15.0052  7 15    9.9510    0.0000    0.0000    0.0000   -0.0354    0.6606    0.0001   -1.0000    5.2948    3.9101  0.1183E-09  0.2191E+04 -0.1621E-04 -0.3797E-08  0.5618E-08  0.1793E-08  0.1089E-01  0.8450E-02  0.0000E+00 -0.1000E+01
   15.0057  7 15    9.9438    0.0000    0.0000    0.0000   -0.0357    0.6606    0.0001   -1.0000    5.2944    3.9101  0.1185E-09  0.2191E+04 -0.1449E-04 -0.3797E-08  0.5618E-08  0.1793E-08  0.1088E-01  0.8450E-02  0.0000E+00 -0.1000E+01
   15.0062  7 15    9.9367    0.0000    0.0000    0.0000   -0.0359    0.6606    0.0001   -1.0000    5.2941    3.9101  0.1188E-09  0.2191E+04 -0.1439E-04 -0.3797E-08  0.5618E-08  0.1793E-08  0.1088E-01  0.8450E-02  0.0000E+00 -0.1000E+01
   15.0067  7 15    9.9295    0.0000    0.0000    0.0000   -0.0362    0.6606    0.0001   -1.0000    5.2937    3.9101  0.1190E-09  0.2191E+04 -0.1439E-04 -0.3797E-08  0.5618E-08  0.1793E-08  0.1087E-01  0.8450E-02  0.0000E+00 -0.1000E+01
   15.0072  7 15    9.9223    0.0000    0.0000    0.0000   -0.0365    0.6606    0.0001   -1.0000    5.2934    3.9101  0.1192E-09  0.2191E+04 -0.1439E-04 -0.3797E-08  0.5618E-08  0.1793E-08  0.1087E-01  0.8450E-02  0.0000E+00 -0.1000E+01
   15.0077  7 15    9.9152    0.0000    0.0000    0.0000   -0.0368    0.6606    0.0001   -1.0000    5.2930    3.9101  0.1195E-09  0.2191E+04 -0.1439E-04 -0.3797E-08  0.5618E-08  0.1793E-08  0.1087E-01  0.8450E-02  0.0000E+00 -0.1000E+01
   15.0082  7 15    9.9080    0.0000    0.0000    0.0000   -0.0371    0.6606    0.0001   -1.0000    5.2926    3.9101  0.1197E-09  0.2191E+04 -0.1439E-04 -0.3797E-08  0.5618E-08  0.1793E-08  0.1086E-01  0.8450E-02  0.0000E+00 -0.1000E+01
   15.0087  7 15    9.9009    0.0000    0.0000    0.0000   -0.0374    0.6606    0.0001   -1.0000    5.2923    3.9101  0.1200E-09  0.2191E+04 -0.1439E-04 -0.3797E-08  0.5618E-08  0.1793E-08  0.1086E-01  0.8450E-02  0.0000E+00 -0.1000E+01
   15.0092  7 15    9.8937    0.0000    0.0000    0.0000   -0.0377    0.6606    0.0001   -1.0000    5.2919    3.9101  0.1202E-09  0.2191E+04 -0.1439E-04 -0.3797E-08  0.5618E-08  0.1793E-08  0.1085E-01  0.8450E-02  0.0000E+00 -0.1000E+01
   15.0097  7 15    9.8866    0.0000    0.0000    0.0000   -0.0379    0.6606    0.0001   -1.0000    5.2916    3.9101  0.1205E-09  0.2191E+04 -0.1439E-04 -0.3797E-08  0.5618E-08  0.1793E-08  0.1085E-01  0.8450E-02  0.0000E+00 -0.1000E+01
   15.0102  7 15    9.8794    0.0000    0.0000    0.0000   -0.0382    0.6606    0.0001   -1.0000    5.2912    3.9101  0.1207E-09  0.2191E+04 -0.1439E-04 -0.3797E-08  0.5618E-08  0.1793E-08  0.1085E-01  0.8450E-02  0.0000E+00 -0.1000E+01
   15.0107  7 15    9.8722    0.0000    0.0000    0.0000   -0.0385    0.6606    0.0001   -1.0000    5.2908    3.9101  0.1209E-09  0.2191E+04 -0.1439E-04 -0.3797E-08  0.5618E-08  0.1793E-08  0.1084E-01  0.8450E-02  0.0000E+00 -0.1000E+01
   15.0112  7 15    9.8651    0.0000    0.0000    0.0000   -0.0388    0.6606    0.0001   -1.0000    5.2905    3.9101  0.1212E-09  0.2191E+04 -0.1439E-04 -0.3797E-08  0.5618E-08  0.1793E-08  0.1084E-01  0.8450E-02  0.0000E+00 -0.1000E+01
   15.0117  7 15    9.8579    0.0000    0.0000    0.0000   -0.0391    0.6606    0.0001   -1.0000    5.2901    3.9101  0.1214E-09  0.2191E+04 -0.1439E-04 -0.3797E-08  0.5618E-08  0.1793E-08  0.1084E-01  0.8450E-02  0.0000E+00 -0.1000E+01
   15.0122  7 15    9.8508    0.0000    0.0000    0.0000   -0.0394    0.6606    0.0001   -1.0000    5.2897    3.9101  0.1217E-09  0.2191E+04 -0.1439E-04 -0.3797E-08  0.5618E-08  0.1793E-08  0.1083E-01  0.8450E-02  0.0000E+00 -0.1000E+01
   15.0127  7 15    9.8436    0.0000    0.0000    0.0000   -0.0397    0.6606    0.0001   -1.0000    5.2894    3.9101  0.1219E-09  0.2191E+04 -0.1439E-04 -0.3797E-08  0.5618E-08  0.1793E-08  0.1083E-01  0.8450E-02  0.0000E+00 -0.1000E+01
   15.0132  7 15    9.8365    0.0000    0.0000    0.0000   -0.0399    0.6606    0.0001   -1.0000    5.2890    3.9101  0.1222E-09  0.2191E+04 -0.1439E-04 -0.3797E-08  0.5618E-08  0.1793E-08  0.1082E-01  0.8450E-02  0.0000E+00 -0.1000E+01
   15.0137  7 15    9.8293    0.0000    0.0000    0.0000   -0.0402    0.6606    0.0001   -1.0000    5.2887    3.9101  0.1224E-09  0.2191E+04 -0.1439E-04 -0.3797E-08  0.5618E-08  0.1793E-08  0.1082E-01  0.8450E-02  0.0000E+00 -0.1000E+01
   15.0142  7 15    9.8222    0.0000    0.0000    0.0000   -0.0405    0.6606    0.0001   -1.0000    5.2883    3.9101  0.1227E-09  0.2191E+04 -0.1439E-04 -0.3797E-08  0.5618E-08  0.1793E-08  0.1082E-01  0.8450E-02  0.0000E+00 -0.1000E+01
   15.0147  7 15    9.8150    0.0000    0.0000    0.0000   -0.0408    0.6606    0.0001   -1.0000    5.2879    3.9101  0.1229E-09  0.2191E+04 -0.1439E-04 -0.3797E-08  0.5618E-08  0.1793E-08  0.1081E-01  0.8450E-02  0.0000E+00 -0.1000E+01
   15.0152  7 15    9.8078    0.0000    0.0000    0.0000   -0.0411    0.6606    0.0001   -1.0000    5.2876    3.9101  0.1232E-09  0.2191E+04 -0.1439E-04 -0.3797E-08  0.5618E-08  0.1793E-08  0.1081E-01  0.8450E-02  0.0000E+00 -0.1000E+01
   15.0157  7 15    9.8007    0.0000    0.0000    0.0000   -0.0414    0.6606    0.0001   -1.0000    5.2872    3.9101  0.1234E-09  0.2191E+04 -0.1439E-04 -0.3797E-08  0.5618E-08  0.1793E-08  0.1080E-01  0.8450E-02  0.0000E+00 -0.1000E+01
   15.0162  7 15    9.7935    0.0000    0.0000    0.0000   -0.0416    0.6606    0.0001   -1.0000    5.2869    3.9101  0.1237E-09  0.2191E+04 -0.1439E-04 -0.3797E-08  0.5618E-08  0.1793E-08  0.1080E-01  0.8450E-02  0.0000E+00 -0.1000E+01
   15.0167  7 15    9.7864    0.0000    0.0000    0.0000   -0.0419    0.6606    0.0001   -1.0000    5.2865    3.9101  0.1240E-09  0.2191E+04 -0.1439E-04 -0.3797E-08  0.5618E-08  0.1793E-08  0.1080E-01  0.8450E-02  0.0000E+00 -0.1000E+01
   15.0172  7 15    9.7792    0.0000    0.0000    0.0000   -0.0422    0.6606    0.0001   -1.0000    5.2861    3.9101  0.1242E-09  0.2191E+04 -0.1439E-04 -0.3797E-08  0.5618E-08  0.1793E-08  0.1079E-01  0.8450E-02  0.0000E+00 -0.1000E+01
   15.0177  7 15    9.7721    0.0000    0.0000    0.0000   -0.0425    0.6606    0.0001   -1.0000    5.2858    3.9101  0.1245E-09  0.2191E+04 -0.1439E-04 -0.3797E-08  0.5618E-08  0.1793E-08  0.1079E-01  0.8450E-02  0.0000E+00 -0.1000E+01
   15.0182  7 15    9.7649    0.0000    0.0000    0.0000   -0.0428    0.6606    0.0001   -1.0000    5.2854    3.9101  0.1247E-09  0.2191E+04 -0.1439E-04 -0.3797E-08  0.5618E-08  0.1793E-08  0.1078E-01  0.8450E-02  0.0000E+00 -0.1000E+01
   15.0187  7 15    9.7577    0.0000    0.0000    0.0000   -0.0431    0.6606    0.0001   -1.0000    5.2850    3.9101  0.1250E-09  0.2191E+04 -0.1439E-04 -0.3797E-08  0.5618E-08  0.1793E-08  0.1078E-01  0.8450E-02  0.0000E+00 -0.1000E+01
   15.0192  7 15    9.7506    0.0000    0.0000    0.0000   -0.0434    0.6606    0.0001   -1.0000    5.2847    3.9101  0.1252E-09  0.2191E+04 -0.1439E-04 -0.3797E-08  0.5618E-08  0.1793E-08  0.1078E-01  0.8450E-02  0.0000E+00 -0.1000E+01
   15.0197  7 15    9.7434    0.0000    0.0000    0.0000   -0.0436    0.6606    0.0001   -1.0000    5.2843    3.9101  0.1255E-09  0.2191E+04 -0.1439E-04 -0.3797E-08  0.5618E-08  0.1793E-08  0.1077E-01  0.8450E-02  0.0000E+00 -0.1000E+01
   15.0201  7 15    9.7363    0.0000    0.0000    0.0000   -0.0439    0.6606    0.0001   -1.0000    5.2840    3.9101  0.1257E-09  0.2191E+04 -0.1439E-04 -0.3797E-08  0.5618E-08  0.1793E-08  0.1077E-01  0.8450E-02  0.0000E+00 -0.1000E+01
   15.0206  7 15    9.7291    0.0000    0.0000    0.0000   -0.0442    0.6606    0.0001   -1.0000    5.2836    3.9101  0.1260E-09  0.2191E+04 -0.1439E-04 -0.3797E-08  0.5618E-08  0.1793E-08  0.1077E-01  0.8450E-02  0.0000E+00 -0.1000E+01
   15.0211  7 15    9.7220    0.0000    0.0000    0.0000   -0.0445    0.6606    0.0001   -1.0000    5.2832    3.9101  0.1263E-09  0.2191E+04 -0.1439E-04 -0.3797E-08  0.5618E-08  0.1793E-08  0.1076E-01  0.8450E-02  0.0000E+00 -0.1000E+01
   15.0216  7 15    9.7148    0.0000    0.0000    0.0000   -0.0448    0.6606    0.0001   -1.0000    5.2829    3.9101  0.1265E-09  0.2191E+04 -0.1439E-04 -0.3797E-08  0.5618E-08  0.1793E-08  0.1076E-01  0.8450E-02  0.0000E+00 -0.1000E+01
   15.0221  7 15    9.7077    0.0000    0.0000    0.0000   -0.0451    0.6606    0.0001   -1.0000    5.2825    3.9101  0.1268E-09  0.2191E+04 -0.1439E-04 -0.3797E-08  0.5618E-08  0.1793E-08  0.1075E-01  0.8450E-02  0.0000E+00 -0.1000E+01
   15.0226  7 15    9.7005    0.0000    0.0000    0.0000   -0.0454    0.6606    0.0001   -1.0000    5.2822    3.9101  0.1270E-09  0.2191E+04 -0.1439E-04 -0.3797E-08  0.5618E-08  0.1793E-08  0.1075E-01  0.8450E-02  0.0000E+00 -0.1000E+01
   15.0231  7 15    9.6933    0.0000    0.0000    0.0000   -0.0456    0.6606    0.0001   -1.0000    5.2818    3.9101  0.1273E-09  0.2191E+04 -0.1439E-04 -0.3797E-08  0.5618E-08  0.1793E-08  0.1075E-01  0.8450E-02  0.0000E+00 -0.1000E+01
   15.0236  7 15    9.6862    0.0000    0.0000    0.0000   -0.0459    0.6606    0.0001   -1.0000    5.2814    3.9101  0.1276E-09  0.2191E+04 -0.1439E-04 -0.3797E-08  0.5618E-08  0.1793E-08  0.1074E-01  0.8450E-02  0.0000E+00 -0.1000E+01
   15.0241  7 15    9.6790    0.0000    0.0000    0.0000   -0.0462    0.6606    0.0001   -1.0000    5.2811    3.9101  0.1278E-09  0.2191E+04 -0.1439E-04 -0.3797E-08  0.5618E-08  0.1793E-08  0.1074E-01  0.8450E-02  0.0000E+00 -0.1000E+01
   15.0246  7 15    9.6719    0.0000    0.0000    0.0000   -0.0465    0.6606    0.0001   -1.0000    5.2807    3.9101  0.1281E-09  0.2191E+04 -0.1439E-04 -0.3797E-08  0.5618E-08  0.1793E-08  0.1073E-01  0.8450E-02  0.0000E+00 -0.1000E+01
   15.0251  7 15    9.6647    0.0000    0.0000    0.0000   -0.0468    0.6606    0.0001   -1.0000    5.2803    3.9101  0.1283E-09  0.2191E+04 -0.1439E-04 -0.3797E-08  0.5618E-08  0.1793E-08  0.1073E-01  0.8450E-02  0.0000E+00 -0.1000E+01
   15.0256  7 15    9.6576    0.0000    0.0000    0.0000   -0.0471    0.6606    0.0001   -1.0000    5.2800    3.9101  0.1286E-09  0.2191E+04 -0.1439E-04 -0.3797E-08  0.5618E-08  0.1793E-08  0.1073E-01  0.8450E-02  0.0000E+00 -0.1000E+01
   15.0261  7 15    9.6504    0.0000    0.0000    0.0000   -0.0474    0.6606    0.0001   -1.0000    5.2796    3.9101  0.1289E-09  0.2191E+04 -0.1439E-04 -0.3797E-08  0.5618E-08  0.1793E-08  0.1072E-01  0.8450E-02  0.0000E+00 -0.1000E+01
   15.0266  7 15    9.6432    0.0000    0.0000    0.0000   -0.0476    0.6606    0.0001   -1.0000    5.2793    3.9101  0.1291E-09  0.2191E+04 -0.1439E-04 -0.3797E-08  0.5618E-08  0.1793E-08  0.1072E-01  0.8450E-02  0.0000E+00 -0.1000E+01
   15.0271  7 15    9.6361    0.0000    0.0000    0.0000   -0.0479    0.6606    0.0001   -1.0000    5.2789    3.9101  0.1294E-09  0.2191E+04 -0.1439E-04 -0.3797E-08  0.5618E-08  0.1793E-08  0.1071E-01  0.8450E-02  0.0000E+00 -0.1000E+01
   15.0276  7 15    9.6289    0.0000    0.0000    0.0000   -0.0482    0.6606    0.0001   -1.0000    5.2785    3.9101  0.1297E-09  0.2191E+04 -0.1439E-04 -0.3797E-08  0.5618E-08  0.1793E-08  0.1071E-01  0.8450E-02  0.0000E+00 -0.1000E+01
   15.0281  7 15    9.6218    0.0000    0.0000    0.0000   -0.0485    0.6606    0.0001   -1.0000    5.2782    3.9101  0.1299E-09  0.2191E+04 -0.1439E-04 -0.3797E-08  0.5618E-08  0.1793E-08  0.1071E-01  0.8450E-02  0.0000E+00 -0.1000E+01
   15.0286  7 15    9.6146    0.0000    0.0000    0.0000   -0.0488    0.6606    0.0001   -1.0000    5.2778    3.9101  0.1302E-09  0.2191E+04 -0.1439E-04 -0.3797E-08  0.5618E-08  0.1793E-08  0.1070E-01  0.8450E-02  0.0000E+00 -0.1000E+01
   15.0291  7 15    9.6082    0.0000    0.0000    0.0000   -0.0490    0.6606    0.0001   -1.0000    5.2775    3.9101  0.1304E-09  0.2191E+04 -0.1294E-04 -0.3797E-08  0.5614E-08  0.1793E-08  0.1070E-01  0.8450E-02  0.0000E+00 -0.1000E+01
   15.0296  7 15    9.6025    0.0000    0.0000    0.0000   -0.0493    0.6606    0.0001   -1.0000    5.2773    3.9101  0.1307E-09  0.2191E+04 -0.1134E-04 -0.3797E-08  0.5610E-08  0.1793E-08  0.1069E-01  0.8450E-02  0.0000E+00 -0.1000E+01
   15.0301  7 15    9.5970    0.0000    0.0000    0.0000   -0.0495    0.6606    0.0001   -1.0000    5.2770    3.9101  0.1309E-09  0.2191E+04 -0.1121E-04 -0.3797E-08  0.5606E-08  0.1793E-08  0.1069E-01  0.8450E-02  0.0000E+00 -0.1000E+01
   15.0306  7 15    9.5914    0.0000    0.0000    0.0000   -0.0498    0.6606    0.0001   -1.0000    5.2768    3.9101  0.1311E-09  0.2191E+04 -0.1121E-04 -0.3797E-08  0.5601E-08  0.1793E-08  0.1068E-01  0.8450E-02  0.0000E+00 -0.1000E+01
   15.0311  7 15    9.5858    0.0000    0.0000    0.0000   -0.0500    0.6606    0.0001   -1.0000    5.2765    3.9101  0.1314E-09  0.2191E+04 -0.1121E-04 -0.3797E-08  0.5597E-08  0.1793E-08  0.1068E-01  0.8450E-02  0.0000E+00 -0.1000E+01
   15.0316  7 15    9.5803    0.0000    0.0000    0.0000   -0.0503    0.6606    0.0001   -1.0000    5.2762    3.9101  0.1316E-09  0.2191E+04 -0.1121E-04 -0.3797E-08  0.5592E-08  0.1793E-08  0.1067E-01  0.8450E-02  0.0000E+00 -0.1000E+01
   15.0321  7 15    9.5747    0.0000    0.0000    0.0000   -0.0505    0.6606    0.0001   -1.0000    5.2760    3.9101  0.1318E-09  0.2191E+04 -0.1121E-04 -0.3797E-08  0.5588E-08  0.1793E-08  0.1067E-01  0.8450E-02  0.0000E+00 -0.1000E+01
   15.0326  7 15    9.5691    0.0000    0.0000    0.0000   -0.0508    0.6606    0.0001   -1.0000    5.2757    3.9101  0.1320E-09  0.2191E+04 -0.1121E-04 -0.3797E-08  0.5584E-08  0.1793E-08  0.1066E-01  0.8450E-02  0.0000E+00 -0.1000E+01
   15.0331  7 15    9.5635    0.0000    0.0000    0.0000   -0.0510    0.6606    0.0001   -1.0000    5.2754    3.9101  0.1323E-09  0.2191E+04 -0.1121E-04 -0.3797E-08  0.5579E-08  0.1793E-08  0.1066E-01  0.8450E-02  0.0000E+00 -0.1000E+01
   15.0336  7 15    9.5580    0.0000    0.0000    0.0000   -0.0513    0.6606    0.0001   -1.0000    5.2752    3.9101  0.1325E-09  0.2191E+04 -0.1121E-04 -0.3797E-08  0.5575E-08  0.1793E-08  0.1065E-01  0.8450E-02  0.0000E+00 -0.1000E+01
   15.0341  7 15    9.5524    0.0000    0.0000    0.0000   -0.0515    0.6606    0.0001   -1.0000    5.2749    3.9101  0.1327E-09  0.2191E+04 -0.1121E-04 -0.3797E-08  0.5571E-08  0.1793E-08  0.1065E-01  0.8450E-02  0.0000E+00 -0.1000E+01
   15.0346  7 15    9.5468    0.0000    0.0000    0.0000   -0.0518    0.6606    0.0001   -1.0000    5.2746    3.9101  0.1330E-09  0.2191E+04 -0.1121E-04 -0.3797E-08  0.5566E-08  0.1793E-08  0.1064E-01  0.8450E-02  0.0000E+00 -0.1000E+01
   15.0351  7 15    9.5412    0.0000    0.0000    0.0000   -0.0520    0.6606    0.0001   -1.0000    5.2744    3.9101  0.1332E-09  0.2191E+04 -0.1121E-04 -0.3797E-08  0.5562E-08  0.1793E-08  0.1063E-01  0.8450E-02  0.0000E+00 -0.1000E+01
   15.0356  7 15    9.5357    0.0000    0.0000    0.0000   -0.0523    0.6606    0.0001   -1.0000    5.2741    3.9101  0.1334E-09  0.2191E+04 -0.1121E-04 -0.3797E-08  0.5557E-08  0.1793E-08  0.1063E-01  0.8450E-02  0.0000E+00 -0.1000E+01
   15.0361  7 15    9.5301    0.0000    0.0000    0.0000   -0.0525    0.6606    0.0001   -1.0000    5.2739    3.9101  0.1337E-09  0.2191E+04 -0.1121E-04 -0.3797E-08  0.5553E-08  0.1793E-08  0.1062E-01  0.8450E-02  0.0000E+00 -0.1000E+01
   15.0366  7 15    9.5245    0.0000    0.0000    0.0000   -0.0528    0.6606    0.0001   -1.0000    5.2736    3.9101  0.1339E-09  0.2191E+04 -0.1121E-04 -0.3797E-08  0.5549E-08  0.1793E-08  0.1062E-01  0.8450E-02  0.0000E+00 -0.1000E+01
   15.0371  7 15    9.5189    0.0000    0.0000    0.0000   -0.0530    0.6606    0.0001   -1.0000    5.2733    3.9101  0.1341E-09  0.2191E+04 -0.1121E-04 -0.3797E-08  0.5544E-08  0.1793E-08  0.1061E-01  0.8450E-02  0.0000E+00 -0.1000E+01
   15.0376  7 15    9.5134    0.0000    0.0000    0.0000   -0.0533    0.6606    0.0001   -1.0000    5.2731    3.9101  0.1344E-09  0.2191E+04 -0.1121E-04 -0.3797E-08  0.5540E-08  0.1793E-08  0.1061E-01  0.8450E-02  0.0000E+00 -0.1000E+01
   15.0380  7 15    9.5078    0.0000    0.0000    0.0000   -0.0535    0.6606    0.0001   -1.0000    5.2728    3.9101  0.1346E-09  0.2191E+04 -0.1121E-04 -0.3797E-08  0.5536E-08  0.1793E-08  0.1060E-01  0.8450E-02  0.0000E+00 -0.1000E+01
   15.0385  7 15    9.5022    0.0000    0.0000    0.0000   -0.0538    0.6606    0.0001   -1.0000    5.2725    3.9101  0.1348E-09  0.2191E+04 -0.1121E-04 -0.3797E-08  0.5531E-08  0.1793E-08  0.1060E-01  0.8450E-02  0.0000E+00 -0.1000E+01
   15.0390  7 15    9.4966    0.0000    0.0000    0.0000   -0.0540    0.6606    0.0001   -1.0000    5.2723    3.9101  0.1351E-09  0.2191E+04 -0.1121E-04 -0.3797E-08  0.5527E-08  0.1793E-08  0.1059E-01  0.8450E-02  0.0000E+00 -0.1000E+01
   15.0395  7 15    9.4911    0.0000    0.0000    0.0000   -0.0543    0.6606    0.0001   -1.0000    5.2720    3.9101  0.1353E-09  0.2191E+04 -0.1121E-04 -0.3797E-08  0.5522E-08  0.1793E-08  0.1059E-01  0.8450E-02  0.0000E+00 -0.1000E+01
   15.0400  7 15    9.4855    0.0000    0.0000    0.0000   -0.0545    0.6606    0.0001   -1.0000    5.2717    3.9101  0.1355E-09  0.2191E+04 -0.1121E-04 -0.3797E-08  0.5518E-08  0.1793E-08  0.1058E-01  0.8450E-02  0.0000E+00 -0.1000E+01
   15.0405  7 15    9.4799    0.0000    0.0000    0.0000   -0.0548    0.6606    0.0001   -1.0000    5.2715    3.9101  0.1358E-09  0.2191E+04 -0.1121E-04 -0.3797E-08  0.5514E-08  0.1793E-08  0.1058E-01  0.8450E-02  0.0000E+00 -0.1000E+01
   15.0410  7 15    9.4744    0.0000    0.0000    0.0000   -0.0550    0.6606    0.0001   -1.0000    5.2712    3.9101  0.1360E-09  0.2191E+04 -0.1121E-04 -0.3797E-08  0.5509E-08  0.1793E-08  0.1057E-01  0.8450E-02  0.0000E+00 -0.1000E+01
   15.0415  7 15    9.4688    0.0000    0.0000    0.0000   -0.0553    0.6606    0.0001   -1.0000    5.2710    3.9101  0.1362E-09  0.2191E+04 -0.1121E-04 -0.3797E-08  0.5505E-08  0.1793E-08  0.1057E-01  0.8450E-02  0.0000E+00 -0.1000E+01
   15.0420  7 15    9.4632    0.0000    0.0000    0.0000   -0.0555    0.6606    0.0001   -1.0000    5.2707    3.9101  0.1365E-09  0.2191E+04 -0.1121E-04 -0.3797E-08  0.5500E-08  0.1793E-08  0.1056E-01  0.8450E-02  0.0000E+00 -0.1000E+01
   15.0425  7 15    9.4576    0.0000    0.0000    0.0000   -0.0558    0.6606    0.0001   -1.0000    5.2704    3.9101  0.1367E-09  0.2191E+04 -0.1121E-04 -0.3797E-08  0.5496E-08  0.1793E-08  0.1056E-01  0.8450E-02  0.0000E+00 -0.1000E+01
   15.0430  7 15    9.4521    0.0000    0.0000    0.0000   -0.0560    0.6606    0.0001   -1.0000    5.2702    3.9101  0.1370E-09  0.2191E+04 -0.1121E-04 -0.3797E-08  0.5492E-08  0.1793E-08  0.1055E-01  0.8450E-02  0.0000E+00 -0.1000E+01
   15.0435  7 15    9.4465    0.0000    0.0000    0.0000   -0.0563    0.6606    0.0001   -1.0000    5.2699    3.9101  0.1372E-09  0.2191E+04 -0.1121E-04 -0.3797E-08  0.5487E-08  0.1793E-08  0.1054E-01  0.8450E-02  0.0000E+00 -0.1000E+01
   15.0440  7 15    9.4409    0.0000    0.0000    0.0000   -0.0565    0.6606    0.0001   -1.0000    5.2696    3.9101  0.1374E-09  0.2191E+04 -0.1121E-04 -0.3797E-08  0.5483E-08  0.1793E-08  0.1054E-01  0.8450E-02  0.0000E+00 -0.1000E+01
   15.0445  7 15    9.4353    0.0000    0.0000    0.0000   -0.0568    0.6606    0.0001   -1.0000    5.2694    3.9101  0.1377E-09  0.2191E+04 -0.1121E-04 -0.3797E-08  0.5479E-08  0.1793E-08  0.1053E-01  0.8450E-02  0.0000E+00 -0.1000E+01
   15.0450  7 15    9.4298    0.0000    0.0000    0.0000   -0.0570    0.6606    0.0001   -1.0000    5.2691    3.9101  0.1379E-09  0.2191E+04 -0.1121E-04 -0.3797E-08  0.5474E-08  0.1793E-08  0.1053E-01  0.8450E-02  0.0000E+00 -0.1000E+01
   15.0455  7 15    9.4242    0.0000    0.0000    0.0000   -0.0573    0.6606    0.0001   -1.0000    5.2688    3.9101  0.1382E-09  0.2191E+04 -0.1121E-04 -0.3797E-08  0.5470E-08  0.1793E-08  0.1052E-01  0.8450E-02  0.0000E+00 -0.1000E+01
   15.0460  7 15    9.4186    0.0000    0.0000    0.0000   -0.0575    0.6606    0.0001   -1.0000    5.2686    3.9101  0.1384E-09  0.2191E+04 -0.1121E-04 -0.3797E-08  0.5465E-08  0.1793E-08  0.1052E-01  0.8450E-02  0.0000E+00 -0.1000E+01
   15.0465  7 15    9.4130    0.0000    0.0000    0.0000   -0.0578    0.6606    0.0001   -1.0000    5.2683    3.9101  0.1386E-09  0.2191E+04 -0.1121E-04 -0.3797E-08  0.5461E-08  0.1793E-08  0.1051E-01  0.8450E-02  0.0000E+00 -0.1000E+01
   15.0470  7 15    9.4075    0.0000    0.0000    0.0000   -0.0581    0.6606    0.0001   -1.0000    5.2681    3.9101  0.1389E-09  0.2191E+04 -0.1121E-04 -0.3797E-08  0.5457E-08  0.1793E-08  0.1051E-01  0.8450E-02  0.0000E+00 -0.1000E+01
   15.0475  7 15    9.4019    0.0000    0.0000    0.0000   -0.0583    0.6606    0.0001   -1.0000    5.2678    3.9101  0.1391E-09  0.2191E+04 -0.1121E-04 -0.3797E-08  0.5452E-08  0.1793E-08  0.1050E-01  0.8450E-02  0.0000E+00 -0.1000E+01
   15.0480  7 15    9.3963    0.0000    0.0000    0.0000   -0.0586    0.6606    0.0001   -1.0000    5.2675    3.9101  0.1394E-09  0.2191E+04 -0.1121E-04 -0.3797E-08  0.5448E-08  0.1793E-08  0.1050E-01  0.8450E-02  0.0000E+00 -0.1000E+01
   15.0485  7 15    9.3907    0.0000    0.0000    0.0000   -0.0588    0.6606    0.0001   -1.0000    5.2673    3.9101  0.1396E-09  0.2191E+04 -0.1121E-04 -0.3797E-08  0.5444E-08  0.1793E-08  0.1049E-01  0.8450E-02  0.0000E+00 -0.1000E+01
   15.0490  7 15    9.3852    0.0000    0.0000    0.0000   -0.0591    0.6606    0.0001   -1.0000    5.2670    3.9101  0.1398E-09  0.2191E+04 -0.1121E-04 -0.3797E-08  0.5439E-08  0.1793E-08  0.1049E-01  0.8450E-02  0.0000E+00 -0.1000E+01
   15.0495  7 15    9.3796    0.0000    0.0000    0.0000   -0.0593    0.6606    0.0001   -1.0000    5.2667    3.9101  0.1401E-09  0.2191E+04 -0.1121E-04 -0.3797E-08  0.5435E-08  0.1793E-08  0.1048E-01  0.8450E-02  0.0000E+00 -0.1000E+01
   15.0500  7 15    9.3740    0.0000    0.0000    0.0000   -0.0596    0.6606    0.0001   -1.0000    5.2665    3.9101  0.1403E-09  0.2191E+04 -0.1121E-04 -0.3797E-08  0.5430E-08  0.1793E-08  0.1048E-01  0.8450E-02  0.0000E+00 -0.1000E+01
   15.0505  7 15    9.3685    0.0000    0.0000    0.0000   -0.0598    0.6606    0.0001   -1.0000    5.2662    3.9101  0.1406E-09  0.2191E+04 -0.1121E-04 -0.3797E-08  0.5426E-08  0.1793E-08  0.1047E-01  0.8450E-02  0.0000E+00 -0.1000E+01
   15.0510  7 15    9.3629    0.0000    0.0000    0.0000   -0.0601    0.6606    0.0001   -1.0000    5.2659    3.9101  0.1408E-09  0.2191E+04 -0.1121E-04 -0.3797E-08  0.5422E-08  0.1793E-08  0.1047E-01  0.8450E-02  0.0000E+00 -0.1000E+01
   15.0515  7 15    9.3573    0.0000    0.0000    0.0000   -0.0603    0.6606    0.0001   -1.0000    5.2657    3.9101  0.1411E-09  0.2191E+04 -0.1121E-04 -0.3797E-08  0.5417E-08  0.1793E-08  0.1046E-01  0.8450E-02  0.0000E+00 -0.1000E+01
   15.0520  7 15    9.3517    0.0000    0.0000    0.0000   -0.0606    0.6606    0.0001   -1.0000    5.2654    3.9101  0.1413E-09  0.2191E+04 -0.1121E-04 -0.3797E-08  0.5413E-08  0.1793E-08  0.1046E-01  0.8450E-02  0.0000E+00 -0.1000E+01
   15.0525  7 15    9.3462    0.0000    0.0000    0.0000   -0.0608    0.6606    0.0001   -1.0000    5.2652    3.9101  0.1416E-09  0.2191E+04 -0.1121E-04 -0.3797E-08  0.5409E-08  0.1793E-08  0.1045E-01  0.8450E-02  0.0000E+00 -0.1000E+01
   15.0530  7 15    9.3406    0.0000    0.0000    0.0000   -0.0611    0.6606    0.0001   -1.0000    5.2649    3.9101  0.1418E-09  0.2191E+04 -0.1121E-04 -0.3797E-08  0.5404E-08  0.1793E-08  0.1044E-01  0.8450E-02  0.0000E+00 -0.1000E+01
   15.0535  7 15    9.3350    0.0000    0.0000    0.0000   -0.0613    0.6606    0.0001   -1.0000    5.2646    3.9101  0.1421E-09  0.2191E+04 -0.1121E-04 -0.3797E-08  0.5400E-08  0.1793E-08  0.1044E-01  0.8450E-02  0.0000E+00 -0.1000E+01
   15.0540  7 15    9.3294    0.0000    0.0000    0.0000   -0.0616    0.6606    0.0001   -1.0000    5.2644    3.9101  0.1423E-09  0.2191E+04 -0.1121E-04 -0.3797E-08  0.5395E-08  0.1793E-08  0.1043E-01  0.8450E-02  0.0000E+00 -0.1000E+01
   15.0545  7 15    9.3239    0.0000    0.0000    0.0000   -0.0618    0.6606    0.0001   -1.0000    5.2641    3.9101  0.1426E-09  0.2191E+04 -0.1121E-04 -0.3797E-08  0.5391E-08  0.1793E-08  0.1043E-01  0.8450E-02  0.0000E+00 -0.1000E+01
   15.0550  7 15    9.3183    0.0000    0.0000    0.0000   -0.0621    0.6606    0.0001   -1.0000    5.2638    3.9101  0.1428E-09  0.2191E+04 -0.1121E-04 -0.3797E-08  0.5387E-08  0.1793E-08  0.1042E-01  0.8450E-02  0.0000E+00 -0.1000E+01
   15.0554  7 15    9.3131    0.0000    0.0000    0.0000   -0.0623    0.6606    0.0001   -1.0000    5.2636    3.9101  0.1431E-09  0.2191E+04 -0.1049E-04 -0.3797E-08  0.5380E-08  0.1793E-08  0.1042E-01  0.8450E-02  0.0000E+00 -0.1000E+01
   15.0559  7 15    9.3083    0.0000    0.0000    0.0000   -0.0625    0.6606    0.0001   -1.0000    5.2634    3.9101  0.1433E-09  0.2191E+04 -0.9546E-05 -0.3797E-08  0.5372E-08  0.1793E-08  0.1041E-01  0.8450E-02  0.0000E+00 -0.1000E+01
   15.0564  7 15    9.3037    0.0000    0.0000    0.0000   -0.0628    0.6606    0.0001   -1.0000    5.2632    3.9101  0.1435E-09  0.2191E+04 -0.9322E-05 -0.3797E-08  0.5364E-08  0.1793E-08  0.1041E-01  0.8450E-02  0.0000E+00 -0.1000E+01
   15.0569  7 15    9.2991    0.0000    0.0000    0.0000   -0.0630    0.6606    0.0001   -1.0000    5.2630    3.9101  0.1437E-09  0.2191E+04 -0.9322E-05 -0.3797E-08  0.5357E-08  0.1793E-08  0.1040E-01  0.8450E-02  0.0000E+00 -0.1000E+01
   15.0574  7 15    9.2944    0.0000    0.0000    0.0000   -0.0632    0.6606    0.0001   -1.0000    5.2628    3.9101  0.1440E-09  0.2191E+04 -0.9322E-05 -0.3797E-08  0.5349E-08  0.1793E-08  0.1040E-01  0.8450E-02  0.0000E+00 -0.1000E+01
   15.0579  7 15    9.2898    0.0000    0.0000    0.0000   -0.0635    0.6606    0.0001   -1.0000    5.2626    3.9101  0.1442E-09  0.2191E+04 -0.9322E-05 -0.3797E-08  0.5341E-08  0.1793E-08  0.1039E-01  0.8450E-02  0.0000E+00 -0.1000E+01
   15.0584  7 15    9.2852    0.0000    0.0000    0.0000   -0.0637    0.6606    0.0001   -1.0000    5.2624    3.9101  0.1444E-09  0.2191E+04 -0.9322E-05 -0.3797E-08  0.5334E-08  0.1793E-08  0.1038E-01  0.8450E-02  0.0000E+00 -0.1000E+01
   15.0589  7 15    9.2805    0.0000    0.0000    0.0000   -0.0640    0.6606    0.0001   -1.0000    5.2622    3.9101  0.1447E-09  0.2191E+04 -0.9322E-05 -0.3797E-08  0.5326E-08  0.1793E-08  0.1038E-01  0.8450E-02  0.0000E+00 -0.1000E+01
   15.0594  7 15    9.2759    0.0000    0.0000    0.0000   -0.0642    0.6606    0.0001   -1.0000    5.2620    3.9101  0.1449E-09  0.2191E+04 -0.9322E-05 -0.3797E-08  0.5318E-08  0.1793E-08  0.1037E-01  0.8450E-02  0.0000E+00 -0.1000E+01
   15.0599  7 15    9.2712    0.0000    0.0000    0.0000   -0.0644    0.6606    0.0001   -1.0000    5.2618    3.9101  0.1451E-09  0.2191E+04 -0.9322E-05 -0.3797E-08  0.5311E-08  0.1793E-08  0.1037E-01  0.8450E-02  0.0000E+00 -0.1000E+01
   15.0604  7 15    9.2666    0.0000    0.0000    0.0000   -0.0647    0.6606    0.0001   -1.0000    5.2616    3.9101  0.1453E-09  0.2191E+04 -0.9322E-05 -0.3797E-08  0.5303E-08  0.1793E-08  0.1036E-01  0.8450E-02  0.0000E+00 -0.1000E+01
   15.0609  7 15    9.2620    0.0000    0.0000    0.0000   -0.0649    0.6606    0.0001   -1.0000    5.2614    3.9101  0.1456E-09  0.2191E+04 -0.9322E-05 -0.3797E-08  0.5295E-08  0.1793E-08  0.1036E-01  0.8450E-02  0.0000E+00 -0.1000E+01
   15.0614  7 15    9.2573    0.0000    0.0000    0.0000   -0.0651    0.6606    0.0001   -1.0000    5.2612    3.9101  0.1458E-09  0.2191E+04 -0.9322E-05 -0.3797E-08  0.5288E-08  0.1793E-08  0.1035E-01  0.8450E-02  0.0000E+00 -0.1000E+01
   15.0619  7 15    9.2527    0.0000    0.0000    0.0000   -0.0654    0.6606    0.0001   -1.0000    5.2610    3.9101  0.1460E-09  0.2191E+04 -0.9322E-05 -0.3797E-08  0.5280E-08  0.1793E-08  0.1035E-01  0.8450E-02  0.0000E+00 -0.1000E+01
   15.0624  7 15    9.2481    0.0000    0.0000    0.0000   -0.0656    0.6606    0.0001   -1.0000    5.2608    3.9101  0.1463E-09  0.2191E+04 -0.9322E-05 -0.3797E-08  0.5272E-08  0.1793E-08  0.1034E-01  0.8450E-02  0.0000E+00 -0.1000E+01
   15.0629  7 15    9.2434    0.0000    0.0000    0.0000   -0.0658    0.6606    0.0001   -1.0000    5.2606    3.9101  0.1465E-09  0.2191E+04 -0.9322E-05 -0.3797E-08  0.5265E-08  0.1793E-08  0.1033E-01  0.8450E-02  0.0000E+00 -0.1000E+01
   15.0634  7 15    9.2388    0.0000    0.0000    0.0000   -0.0661    0.6606    0.0001   -1.0000    5.2604    3.9101  0.1467E-09  0.2191E+04 -0.9322E-05 -0.3797E-08  0.5257E-08  0.1793E-08  0.1033E-01  0.8450E-02  0.0000E+00 -0.1000E+01
   15.0639  7 15    9.2342    0.0000    0.0000    0.0000   -0.0663    0.6606    0.0001   -1.0000    5.2602    3.9101  0.1470E-09  0.2191E+04 -0.9322E-05 -0.3797E-08  0.5249E-08  0.1793E-08  0.1032E-01  0.8450E-02  0.0000E+00 -0.1000E+01
   15.0644  7 15    9.2295    0.0000    0.0000    0.0000   -0.0666    0.6606    0.0001   -1.0000    5.2600    3.9101  0.1472E-09  0.2191E+04 -0.9322E-05 -0.3797E-08  0.5242E-08  0.1793E-08  0.1032E-01  0.8450E-02  0.0000E+00 -0.1000E+01
   15.0649  7 15    9.2249    0.0000    0.0000    0.0000   -0.0668    0.6606    0.0001   -1.0000    5.2598    3.9101  0.1474E-09  0.2191E+04 -0.9322E-05 -0.3797E-08  0.5234E-08  0.1793E-08  0.1031E-01  0.8450E-02  0.0000E+00 -0.1000E+01
   15.0654  7 15    9.2203    0.0000    0.0000    0.0000   -0.0670    0.6606    0.0001   -1.0000    5.2596    3.9101  0.1477E-09  0.2191E+04 -0.9322E-05 -0.3797E-08  0.5226E-08  0.1793E-08  0.1031E-01  0.8450E-02  0.0000E+00 -0.1000E+01
   15.0659  7 15    9.2156    0.0000    0.0000    0.0000   -0.0673    0.6606    0.0001   -1.0000    5.2594    3.9101  0.1479E-09  0.2191E+04 -0.9322E-05 -0.3797E-08  0.5219E-08  0.1793E-08  0.1030E-01  0.8450E-02  0.0000E+00 -0.1000E+01
   15.0664  7 15    9.2110    0.0000    0.0000    0.0000   -0.0675    0.6606    0.0001   -1.0000    5.2592    3.9101  0.1482E-09  0.2191E+04 -0.9322E-05 -0.3797E-08  0.5211E-08  0.1793E-08  0.1029E-01  0.8450E-02  0.0000E+00 -0.1000E+01
   15.0669  7 15    9.2064    0.0000    0.0000    0.0000   -0.0677    0.6606    0.0001   -1.0000    5.2590    3.9101  0.1484E-09  0.2191E+04 -0.9322E-05 -0.3797E-08  0.5203E-08  0.1793E-08  0.1029E-01  0.8450E-02  0.0000E+00 -0.1000E+01
   15.0674  7 15    9.2017    0.0000    0.0000    0.0000   -0.0680    0.6606    0.0001   -1.0000    5.2588    3.9101  0.1486E-09  0.2191E+04 -0.9322E-05 -0.3797E-08  0.5196E-08  0.1793E-08  0.1028E-01  0.8450E-02  0.0000E+00 -0.1000E+01
   15.0679  7 15    9.1971    0.0000    0.0000    0.0000   -0.0682    0.6606    0.0001   -1.0000    5.2586    3.9101  0.1489E-09  0.2191E+04 -0.9322E-05 -0.3797E-08  0.5188E-08  0.1793E-08  0.1028E-01  0.8450E-02  0.0000E+00 -0.1000E+01
   15.0684  7 15    9.1925    0.0000    0.0000    0.0000   -0.0685    0.6606    0.0001   -1.0000    5.2584    3.9101  0.1491E-09  0.2191E+04 -0.9322E-05 -0.3797E-08  0.5180E-08  0.1793E-08  0.1027E-01  0.8450E-02  0.0000E+00 -0.1000E+01
   15.0689  7 15    9.1878    0.0000    0.0000    0.0000   -0.0687    0.6606    0.0001   -1.0000    5.2582    3.9101  0.1493E-09  0.2191E+04 -0.9322E-05 -0.3797E-08  0.5173E-08  0.1793E-08  0.1027E-01  0.8450E-02  0.0000E+00 -0.1000E+01
   15.0694  7 15    9.1832    0.0000    0.0000    0.0000   -0.0689    0.6606    0.0001   -1.0000    5.2580    3.9101  0.1496E-09  0.2191E+04 -0.9322E-05 -0.3797E-08  0.5165E-08  0.1793E-08  0.1026E-01  0.8450E-02  0.0000E+00 -0.1000E+01
   15.0699  7 15    9.1785    0.0000    0.0000    0.0000   -0.0692    0.6606    0.0001   -1.0000    5.2578    3.9101  0.1498E-09  0.2191E+04 -0.9322E-05 -0.3797E-08  0.5157E-08  0.1793E-08  0.1026E-01  0.8450E-02  0.0000E+00 -0.1000E+01
   15.0704  7 15    9.1739    0.0000    0.0000    0.0000   -0.0694    0.6606    0.0001   -1.0000    5.2575    3.9101  0.1501E-09  0.2191E+04 -0.9322E-05 -0.3797E-08  0.5150E-08  0.1793E-08  0.1025E-01  0.8450E-02  0.0000E+00 -0.1000E+01
   15.0709  7 15    9.1693    0.0000    0.0000    0.0000   -0.0696    0.6606    0.0001   -1.0000    5.2573    3.9101  0.1503E-09  0.2191E+04 -0.9322E-05 -0.3797E-08  0.5142E-08  0.1793E-08  0.1024E-01  0.8450E-02  0.0000E+00 -0.1000E+01
   15.0714  7 15    9.1646    0.0000    0.0000    0.0000   -0.0699    0.6606    0.0001   -1.0000    5.2571    3.9101  0.1505E-09  0.2191E+04 -0.9322E-05 -0.3797E-08  0.5134E-08  0.1793E-08  0.1024E-01  0.8450E-02  0.0000E+00 -0.1000E+01
   15.0719  7 15    9.1600    0.0000    0.0000    0.0000   -0.0701    0.6606    0.0001   -1.0000    5.2569    3.9101  0.1508E-09  0.2191E+04 -0.9322E-05 -0.3797E-08  0.5127E-08  0.1793E-08  0.1023E-01  0.8450E-02  0.0000E+00 -0.1000E+01
   15.0724  7 15    9.1554    0.0000    0.0000    0.0000   -0.0704    0.6606    0.0001   -1.0000    5.2567    3.9101  0.1510E-09  0.2191E+04 -0.9322E-05 -0.3797E-08  0.5119E-08  0.1793E-08  0.1023E-01  0.8450E-02  0.0000E+00 -0.1000E+01
   15.0729  7 15    9.1507    0.0000    0.0000    0.0000   -0.0706    0.6606    0.0001   -1.0000    5.2565    3.9101  0.1513E-09  0.2191E+04 -0.9322E-05 -0.3797E-08  0.5111E-08  0.1793E-08  0.1022E-01  0.8450E-02  0.0000E+00 -0.1000E+01
   15.0733  7 15    9.1461    0.0000    0.0000    0.0000   -0.0708    0.6606    0.0001   -1.0000    5.2563    3.9101  0.1515E-09  0.2191E+04 -0.9322E-05 -0.3797E-08  0.5104E-08  0.1793E-08  0.1022E-01  0.8450E-02  0.0000E+00 -0.1000E+01
   15.0738  7 15    9.1415    0.0000    0.0000    0.0000   -0.0711    0.6606    0.0001   -1.0000    5.2561    3.9101  0.1517E-09  0.2191E+04 -0.9322E-05 -0.3797E-08  0.5096E-08  0.1793E-08  0.1021E-01  0.8450E-02  0.0000E+00 -0.1000E+01
   15.0743  7 15    9.1368    0.0000    0.0000    0.0000   -0.0713    0.6606    0.0001   -1.0000    5.2559    3.9101  0.1520E-09  0.2191E+04 -0.9322E-05 -0.3797E-08  0.5088E-08  0.1793E-08  0.1020E-01  0.8450E-02  0.0000E+00 -0.1000E+01
   15.0748  7 15    9.1322    0.0000    0.0000    0.0000   -0.0715    0.6606    0.0001   -1.0000    5.2557    3.9101  0.1522E-09  0.2191E+04 -0.9322E-05 -0.3797E-08  0.5081E-08  0.1793E-08  0.1020E-01  0.8450E-02  0.0000E+00 -0.1000E+01
   15.0753  7 15    9.1276    0.0000    0.0000    0.0000   -0.0718    0.6606    0.0001   -1.0000    5.2555    3.9101  0.1525E-09  0.2191E+04 -0.9322E-05 -0.3797E-08  0.5073E-08  0.1793E-08  0.1019E-01  0.8450E-02  0.0000E+00 -0.1000E+01
   15.0758  7 15    9.1229    0.0000    0.0000    0.0000   -0.0720    0.6606    0.0001   -1.0000    5.2553    3.9101  0.1527E-09  0.2191E+04 -0.9322E-05 -0.3797E-08  0.5065E-08  0.1793E-08  0.1019E-01  0.8450E-02  0.0000E+00 -0.1000E+01
   15.0763  7 15    9.1183    0.0000    0.0000    0.0000   -0.0722    0.6606    0.0001   -1.0000    5.2551    3.9101  0.1530E-09  0.2191E+04 -0.9322E-05 -0.3797E-08  0.5058E-08  0.1793E-08  0.1018E-01  0.8450E-02  0.0000E+00 -0.1000E+01
   15.0768  7 15    9.1137    0.0000    0.0000    0.0000   -0.0725    0.6606    0.0001   -1.0000    5.2549    3.9101  0.1532E-09  0.2191E+04 -0.9322E-05 -0.3797E-08  0.5050E-08  0.1793E-08  0.1018E-01  0.8450E-02  0.0000E+00 -0.1000E+01
   15.0773  7 15    9.1090    0.0000    0.0000    0.0000   -0.0727    0.6606    0.0001   -1.0000    5.2547    3.9101  0.1535E-09  0.2191E+04 -0.9322E-05 -0.3797E-08  0.5042E-08  0.1793E-08  0.1017E-01  0.8450E-02  0.0000E+00 -0.1000E+01
   15.0778  7 15    9.1044    0.0000    0.0000    0.0000   -0.0730    0.6606    0.0001   -1.0000    5.2545    3.9101  0.1537E-09  0.2191E+04 -0.9322E-05 -0.3797E-08  0.5035E-08  0.1793E-08  0.1017E-01  0.8450E-02  0.0000E+00 -0.1000E+01
   15.0783  7 15    9.0998    0.0000    0.0000    0.0000   -0.0732    0.6606    0.0001   -1.0000    5.2543    3.9101  0.1539E-09  0.2191E+04 -0.9322E-05 -0.3797E-08  0.5027E-08  0.1793E-08  0.1016E-01  0.8450E-02  0.0000E+00 -0.1000E+01
   15.0788  7 15    9.0951    0.0000    0.0000    0.0000   -0.0734    0.6606    0.0001   -1.0000    5.2541    3.9101  0.1542E-09  0.2191E+04 -0.9322E-05 -0.3797E-08  0.5019E-08  0.1793E-08  0.1015E-01  0.8450E-02  0.0000E+00 -0.1000E+01
   15.0793  7 15    9.0905    0.0000    0.0000    0.0000   -0.0737    0.6606    0.0001   -1.0000    5.2539    3.9101  0.1544E-09  0.2191E+04 -0.9322E-05 -0.3797E-08  0.5012E-08  0.1793E-08  0.1015E-01  0.8450E-02  0.0000E+00 -0.1000E+01
   15.0798  7 15    9.0859    0.0000    0.0000    0.0000   -0.0739    0.6606    0.0001   -1.0000    5.2537    3.9101  0.1547E-09  0.2191E+04 -0.9322E-05 -0.3797E-08  0.5004E-08  0.1793E-08  0.1014E-01  0.8450E-02  0.0000E+00 -0.1000E+01
   15.0803  7 15    9.0812    0.0000    0.0000    0.0000   -0.0741    0.6606    0.0001   -1.0000    5.2535    3.9101  0.1549E-09  0.2191E+04 -0.9322E-05 -0.3797E-08  0.4996E-08  0.1793E-08  0.1014E-01  0.8450E-02  0.0000E+00 -0.1000E+01
   15.0808  7 15    9.0766    0.0000    0.0000    0.0000   -0.0744    0.6606    0.0001   -1.0000    5.2533    3.9101  0.1552E-09  0.2191E+04 -0.9322E-05 -0.3797E-08  0.4989E-08  0.1793E-08  0.1013E-01  0.8450E-02  0.0000E+00 -0.1000E+01
   15.0813  7 15    9.0719    0.0000    0.0000    0.0000   -0.0746    0.6606    0.0001   -1.0000    5.2531    3.9101  0.1554E-09  0.2191E+04 -0.9322E-05 -0.3797E-08  0.4981E-08  0.1793E-08  0.1013E-01  0.8450E-02  0.0000E+00 -0.1000E+01
   15.0818  7 15    9.0673    0.0000    0.0000    0.0000   -0.0749    0.6606    0.0001   -1.0000    5.2529    3.9101  0.1557E-09  0.2191E+04 -0.9322E-05 -0.3797E-08  0.4973E-08  0.1793E-08  0.1012E-01  0.8450E-02  0.0000E+00 -0.1000E+01
   15.0823  7 15    9.0627    0.0000    0.0000    0.0000   -0.0751    0.6606    0.0001   -1.0000    5.2527    3.9101  0.1559E-09  0.2191E+04 -0.9322E-05 -0.3797E-08  0.4966E-08  0.1793E-08  0.1012E-01  0.8450E-02  0.0000E+00 -0.1000E+01
   15.0828  7 15    9.0580    0.0000    0.0000    0.0000   -0.0753    0.6606    0.0001   -1.0000    5.2525    3.9101  0.1562E-09  0.2191E+04 -0.9322E-05 -0.3797E-08  0.4958E-08  0.1793E-08  0.1011E-01  0.8450E-02  0.0000E+00 -0.1000E+01
   15.0833  7 15    9.0534    0.0000    0.0000    0.0000   -0.0756    0.6606    0.0001   -1.0000    5.2523    3.9101  0.1564E-09  0.2191E+04 -0.9322E-05 -0.3797E-08  0.4950E-08  0.1793E-08  0.1010E-01  0.8450E-02  0.0000E+00 -0.1000E+01
   15.0838  7 15    9.0490    0.0000    0.0000    0.0000   -0.0758    0.6606    0.0001   -1.0000    5.2521    3.9101  0.1567E-09  0.2191E+04 -0.8916E-05 -0.3797E-08  0.4941E-08  0.1793E-08  0.1010E-01  0.8450E-02  0.0000E+00 -0.1000E+01
   15.0843  7 15    9.0449    0.0000    0.0000    0.0000   -0.0761    0.6606    0.0001   -1.0000    5.2520    3.9101  0.1570E-09  0.2191E+04 -0.8235E-05 -0.3797E-08  0.4931E-08  0.1793E-08  0.1009E-01  0.8450E-02  0.0000E+00 -0.1000E+01
   15.0848  7 15    9.0409    0.0000    0.0000    0.0000   -0.0764    0.6606    0.0001   -1.0000    5.2518    3.9101  0.1572E-09  0.2191E+04 -0.7959E-05 -0.3797E-08  0.4920E-08  0.1793E-08  0.1008E-01  0.8450E-02  0.0000E+00 -0.1000E+01
   15.0853  7 15    9.0370    0.0000    0.0000    0.0000   -0.0766    0.6606    0.0001   -1.0000    5.2517    3.9101  0.1575E-09  0.2191E+04 -0.7959E-05 -0.3797E-08  0.4910E-08  0.1793E-08  0.1007E-01  0.8450E-02  0.0000E+00 -0.1000E+01
   15.0858  7 15    9.0330    0.0000    0.0000    0.0000   -0.0769    0.6606    0.0001   -1.0000    5.2515    3.9101  0.1577E-09  0.2191E+04 -0.7959E-05 -0.3797E-08  0.4900E-08  0.1793E-08  0.1007E-01  0.8450E-02  0.0000E+00 -0.1000E+01
   15.0863  7 15    9.0291    0.0000    0.0000    0.0000   -0.0772    0.6606    0.0001   -1.0000    5.2514    3.9101  0.1580E-09  0.2191E+04 -0.7959E-05 -0.3797E-08  0.4889E-08  0.1793E-08  0.1006E-01  0.8450E-02  0.0000E+00 -0.1000E+01
   15.0868  7 15    9.0251    0.0000    0.0000    0.0000   -0.0774    0.6606    0.0001   -1.0000    5.2512    3.9101  0.1583E-09  0.2191E+04 -0.7959E-05 -0.3797E-08  0.4879E-08  0.1793E-08  0.1005E-01  0.8450E-02  0.0000E+00 -0.1000E+01
   15.0873  7 15    9.0211    0.0000    0.0000    0.0000   -0.0777    0.6606    0.0001   -1.0000    5.2510    3.9101  0.1585E-09  0.2191E+04 -0.7959E-05 -0.3797E-08  0.4868E-08  0.1793E-08  0.1004E-01  0.8450E-02  0.0000E+00 -0.1000E+01
   15.0878  7 15    9.0172    0.0000    0.0000    0.0000   -0.0780    0.6606    0.0001   -1.0000    5.2509    3.9101  0.1588E-09  0.2191E+04 -0.7959E-05 -0.3797E-08  0.4858E-08  0.1793E-08  0.1004E-01  0.8450E-02  0.0000E+00 -0.1000E+01
   15.0883  7 15    9.0132    0.0000    0.0000    0.0000   -0.0782    0.6606    0.0001   -1.0000    5.2507    3.9101  0.1591E-09  0.2191E+04 -0.7959E-05 -0.3797E-08  0.4848E-08  0.1793E-08  0.1003E-01  0.8450E-02  0.0000E+00 -0.1000E+01
   15.0888  7 15    9.0093    0.0000    0.0000    0.0000   -0.0785    0.6606    0.0001   -1.0000    5.2506    3.9101  0.1593E-09  0.2191E+04 -0.7959E-05 -0.3797E-08  0.4837E-08  0.1793E-08  0.1002E-01  0.8450E-02  0.0000E+00 -0.1000E+01
   15.0893  7 15    9.0053    0.0000    0.0000    0.0000   -0.0788    0.6606    0.0001   -1.0000    5.2504    3.9101  0.1596E-09  0.2191E+04 -0.7959E-05 -0.3797E-08  0.4827E-08  0.1793E-08  0.1001E-01  0.8450E-02  0.0000E+00 -0.1000E+01
   15.0898  7 15    9.0014    0.0000    0.0000    0.0000   -0.0791    0.6606    0.0001   -1.0000    5.2503    3.9101  0.1599E-09  0.2191E+04 -0.7959E-05 -0.3797E-08  0.4816E-08  0.1793E-08  0.1001E-01  0.8450E-02  0.0000E+00 -0.1000E+01
   15.0903  7 15    8.9974    0.0000    0.0000    0.0000   -0.0793    0.6606    0.0001   -1.0000    5.2501    3.9101  0.1602E-09  0.2191E+04 -0.7959E-05 -0.3797E-08  0.4806E-08  0.1793E-08  0.9998E-02  0.8450E-02  0.0000E+00 -0.1000E+01
   15.0907  7 15    8.9934    0.0000    0.0000    0.0000   -0.0796    0.6606    0.0001   -1.0000    5.2500    3.9101  0.1604E-09  0.2191E+04 -0.7959E-05 -0.3797E-08  0.4796E-08  0.1793E-08  0.9991E-02  0.8450E-02  0.0000E+00 -0.1000E+01
   15.0912  7 15    8.9895    0.0000    0.0000    0.0000   -0.0799    0.6606    0.0001   -1.0000    5.2498    3.9101  0.1607E-09  0.2191E+04 -0.7959E-05 -0.3797E-08  0.4785E-08  0.1793E-08  0.9983E-02  0.8450E-02  0.0000E+00 -0.1000E+01
   15.0917  7 15    8.9855    0.0000    0.0000    0.0000   -0.0801    0.6606    0.0001   -1.0000    5.2497    3.9101  0.1610E-09  0.2191E+04 -0.7959E-05 -0.3797E-08  0.4775E-08  0.1793E-08  0.9976E-02  0.8450E-02  0.0000E+00 -0.1000E+01
   15.0922  7 15    8.9816    0.0000    0.0000    0.0000   -0.0804    0.6606    0.0001   -1.0000    5.2495    3.9101  0.1612E-09  0.2191E+04 -0.7959E-05 -0.3797E-08  0.4764E-08  0.1793E-08  0.9968E-02  0.8450E-02  0.0000E+00 -0.1000E+01
   15.0927  7 15    8.9776    0.0000    0.0000    0.0000   -0.0807    0.6606    0.0001   -1.0000    5.2494    3.9101  0.1615E-09  0.2191E+04 -0.7959E-05 -0.3797E-08  0.4754E-08  0.1793E-08  0.9960E-02  0.8450E-02  0.0000E+00 -0.1000E+01
   15.0932  7 15    8.9737    0.0000    0.0000    0.0000   -0.0809    0.6606    0.0001   -1.0000    5.2492    3.9101  0.1618E-09  0.2191E+04 -0.7959E-05 -0.3797E-08  0.4744E-08  0.1793E-08  0.9953E-02  0.8450E-02  0.0000E+00 -0.1000E+01
   15.0937  7 15    8.9697    0.0000    0.0000    0.0000   -0.0812    0.6606    0.0001   -1.0000    5.2491    3.9101  0.1620E-09  0.2191E+04 -0.7959E-05 -0.3797E-08  0.4733E-08  0.1793E-08  0.9945E-02  0.8450E-02  0.0000E+00 -0.1000E+01
   15.0942  7 15    8.9657    0.0000    0.0000    0.0000   -0.0815    0.6606    0.0001   -1.0000    5.2489    3.9101  0.1623E-09  0.2191E+04 -0.7959E-05 -0.3797E-08  0.4723E-08  0.1793E-08  0.9937E-02  0.8450E-02  0.0000E+00 -0.1000E+01
   15.0947  7 15    8.9618    0.0000    0.0000    0.0000   -0.0817    0.6606    0.0001   -1.0000    5.2488    3.9101  0.1626E-09  0.2191E+04 -0.7959E-05 -0.3797E-08  0.4712E-08  0.1793E-08  0.9930E-02  0.8450E-02  0.0000E+00 -0.1000E+01
   15.0952  7 15    8.9578    0.0000    0.0000    0.0000   -0.0820    0.6606    0.0001   -1.0000    5.2486    3.9101  0.1629E-09  0.2191E+04 -0.7959E-05 -0.3797E-08  0.4702E-08  0.1793E-08  0.9922E-02  0.8450E-02  0.0000E+00 -0.1000E+01
   15.0957  7 15    8.9539    0.0000    0.0000    0.0000   -0.0823    0.6606    0.0001   -1.0000    5.2485    3.9101  0.1631E-09  0.2191E+04 -0.7959E-05 -0.3797E-08  0.4692E-08  0.1793E-08  0.9915E-02  0.8450E-02  0.0000E+00 -0.1000E+01
   15.0962  7 15    8.9499    0.0000    0.0000    0.0000   -0.0826    0.6606    0.0001   -1.0000    5.2483    3.9101  0.1634E-09  0.2191E+04 -0.7959E-05 -0.3797E-08  0.4681E-08  0.1793E-08  0.9907E-02  0.8450E-02  0.0000E+00 -0.1000E+01
   15.0967  7 15    8.9460    0.0000    0.0000    0.0000   -0.0828    0.6606    0.0001   -1.0000    5.2481    3.9101  0.1637E-09  0.2191E+04 -0.7959E-05 -0.3797E-08  0.4671E-08  0.1793E-08  0.9899E-02  0.8450E-02  0.0000E+00 -0.1000E+01
   15.0972  7 15    8.9420    0.0000    0.0000    0.0000   -0.0831    0.6606    0.0001   -1.0000    5.2480    3.9101  0.1640E-09  0.2191E+04 -0.7959E-05 -0.3797E-08  0.4661E-08  0.1793E-08  0.9892E-02  0.8450E-02  0.0000E+00 -0.1000E+01
   15.0977  7 15    8.9380    0.0000    0.0000    0.0000   -0.0834    0.6606    0.0001   -1.0000    5.2478    3.9101  0.1642E-09  0.2191E+04 -0.7959E-05 -0.3797E-08  0.4650E-08  0.1793E-08  0.9884E-02  0.8450E-02  0.0000E+00 -0.1000E+01
   15.0982  7 15    8.9341    0.0000    0.0000    0.0000   -0.0836    0.6606    0.0001   -1.0000    5.2477    3.9101  0.1645E-09  0.2191E+04 -0.7959E-05 -0.3797E-08  0.4640E-08  0.1793E-08  0.9877E-02  0.8450E-02  0.0000E+00 -0.1000E+01
   15.0987  7 15    8.9301    0.0000    0.0000    0.0000   -0.0839    0.6606    0.0001   -1.0000    5.2475    3.9101  0.1648E-09  0.2191E+04 -0.7959E-05 -0.3797E-08  0.4629E-08  0.1793E-08  0.9869E-02  0.8450E-02  0.0000E+00 -0.1000E+01
   15.0992  7 15    8.9262    0.0000    0.0000    0.0000   -0.0842    0.6606    0.0001   -1.0000    5.2474    3.9101  0.1651E-09  0.2191E+04 -0.7959E-05 -0.3797E-08  0.4619E-08  0.1793E-08  0.9861E-02  0.8450E-02  0.0000E+00 -0.1000E+01
   15.0997  7 15    8.9222    0.0000    0.0000    0.0000   -0.0844    0.6606    0.0001   -1.0000    5.2472    3.9101  0.1654E-09  0.2191E+04 -0.7959E-05 -0.3797E-08  0.4609E-08  0.1793E-08  0.9854E-02  0.8450E-02  0.0000E+00 -0.1000E+01
   15.1002  7 15    8.9183    0.0000    0.0000    0.0000   -0.0847    0.6606    0.0001   -1.0000    5.2471    3.9101  0.1656E-09  0.2191E+04 -0.7959E-05 -0.3797E-08  0.4598E-08  0.1793E-08  0.9846E-02  0.8450E-02  0.0000E+00 -0.1000E+01
   15.1007  7 15    8.9143    0.0000    0.0000    0.0000   -0.0850    0.6606    0.0001   -1.0000    5.2469    3.9101  0.1659E-09  0.2191E+04 -0.7959E-05 -0.3797E-08  0.4588E-08  0.1793E-08  0.9839E-02  0.8450E-02  0.0000E+00 -0.1000E+01
   15.1012  7 15    8.9103    0.0000    0.0000    0.0000   -0.0852    0.6606    0.0001   -1.0000    5.2468    3.9101  0.1662E-09  0.2191E+04 -0.7959E-05 -0.3797E-08  0.4577E-08  0.1793E-08  0.9831E-02  0.8450E-02  0.0000E+00 -0.1000E+01
   15.1017  7 15    8.9064    0.0000    0.0000    0.0000   -0.0855    0.6606    0.0001   -1.0000    5.2466    3.9101  0.1665E-09  0.2191E+04 -0.7959E-05 -0.3797E-08  0.4567E-08  0.1793E-08  0.9823E-02  0.8450E-02  0.0000E+00 -0.1000E+01
   15.1022  7 15    8.9024    0.0000    0.0000    0.0000   -0.0858    0.6606    0.0001   -1.0000    5.2465    3.9101  0.1668E-09  0.2191E+04 -0.7959E-05 -0.3797E-08  0.4557E-08  0.1793E-08  0.9816E-02  0.8450E-02  0.0000E+00 -0.1000E+01
   15.1027  7 15    8.8985    0.0000    0.0000    0.0000   -0.0861    0.6606    0.0001   -1.0000    5.2463    3.9101  0.1670E-09  0.2191E+04 -0.7959E-05 -0.3797E-08  0.4546E-08  0.1793E-08  0.9808E-02  0.8450E-02  0.0000E+00 -0.1000E+01
   15.1032  7 15    8.8945    0.0000    0.0000    0.0000   -0.0863    0.6606    0.0001   -1.0000    5.2462    3.9101  0.1673E-09  0.2191E+04 -0.7959E-05 -0.3797E-08  0.4536E-08  0.1793E-08  0.9801E-02  0.8450E-02  0.0000E+00 -0.1000E+01
   15.1037  7 15    8.8905    0.0000    0.0000    0.0000   -0.0866    0.6606    0.0001   -1.0000    5.2460    3.9101  0.1676E-09  0.2191E+04 -0.7959E-05 -0.3797E-08  0.4525E-08  0.1793E-08  0.9793E-02  0.8450E-02  0.0000E+00 -0.1000E+01
   15.1042  7 15    8.8866    0.0000    0.0000    0.0000   -0.0869    0.6606    0.0001   -1.0000    5.2459    3.9101  0.1679E-09  0.2191E+04 -0.7959E-05 -0.3797E-08  0.4515E-08  0.1793E-08  0.9785E-02  0.8450E-02  0.0000E+00 -0.1000E+01
   15.1047  7 15    8.8826    0.0000    0.0000    0.0000   -0.0871    0.6606    0.0001   -1.0000    5.2457    3.9101  0.1682E-09  0.2191E+04 -0.7959E-05 -0.3797E-08  0.4505E-08  0.1793E-08  0.9778E-02  0.8450E-02  0.0000E+00 -0.1000E+01
   15.1052  7 15    8.8787    0.0000    0.0000    0.0000   -0.0874    0.6606    0.0001   -1.0000    5.2456    3.9101  0.1684E-09  0.2191E+04 -0.7959E-05 -0.3797E-08  0.4494E-08  0.1793E-08  0.9770E-02  0.8450E-02  0.0000E+00 -0.1000E+01
   15.1057  7 15    8.8747    0.0000    0.0000    0.0000   -0.0877    0.6606    0.0001   -1.0000    5.2454    3.9101  0.1687E-09  0.2191E+04 -0.7959E-05 -0.3797E-08  0.4484E-08  0.1793E-08  0.9763E-02  0.8450E-02  0.0000E+00 -0.1000E+01
   15.1062  7 15    8.8708    0.0000    0.0000    0.0000   -0.0879    0.6606    0.0001   -1.0000    5.2452    3.9101  0.1690E-09  0.2191E+04 -0.7959E-05 -0.3797E-08  0.4473E-08  0.1793E-08  0.9755E-02  0.8450E-02  0.0000E+00 -0.1000E+01
   15.1067  7 15    8.8668    0.0000    0.0000    0.0000   -0.0882    0.6606    0.0001   -1.0000    5.2451    3.9101  0.1693E-09  0.2191E+04 -0.7959E-05 -0.3797E-08  0.4463E-08  0.1793E-08  0.9747E-02  0.8450E-02  0.0000E+00 -0.1000E+01
   15.1072  7 15    8.8628    0.0000    0.0000    0.0000   -0.0885    0.6606    0.0001   -1.0000    5.2449    3.9101  0.1696E-09  0.2191E+04 -0.7959E-05 -0.3797E-08  0.4453E-08  0.1793E-08  0.9740E-02  0.8450E-02  0.0000E+00 -0.1000E+01
   15.1077  7 15    8.8589    0.0000    0.0000    0.0000   -0.0888    0.6606    0.0001   -1.0000    5.2448    3.9101  0.1699E-09  0.2191E+04 -0.7959E-05 -0.3797E-08  0.4442E-08  0.1793E-08  0.9732E-02  0.8450E-02  0.0000E+00 -0.1000E+01
   15.1081  7 15    8.8549    0.0000    0.0000    0.0000   -0.0890    0.6606    0.0001   -1.0000    5.2446    3.9101  0.1702E-09  0.2191E+04 -0.7959E-05 -0.3797E-08  0.4432E-08  0.1793E-08  0.9725E-02  0.8450E-02  0.0000E+00 -0.1000E+01
   15.1086  7 15    8.8510    0.0000    0.0000    0.0000   -0.0893    0.6606    0.0001   -1.0000    5.2445    3.9101  0.1704E-09  0.2191E+04 -0.7959E-05 -0.3797E-08  0.4422E-08  0.1793E-08  0.9717E-02  0.8450E-02  0.0000E+00 -0.1000E+01
   15.1091  7 15    8.8470    0.0000    0.0000    0.0000   -0.0896    0.6606    0.0001   -1.0000    5.2443    3.9101  0.1707E-09  0.2191E+04 -0.7959E-05 -0.3797E-08  0.4411E-08  0.1793E-08  0.9709E-02  0.8450E-02  0.0000E+00 -0.1000E+01
   15.1096  7 15    8.8431    0.0000    0.0000    0.0000   -0.0898    0.6606    0.0001   -1.0000    5.2442    3.9101  0.1710E-09  0.2191E+04 -0.7959E-05 -0.3797E-08  0.4401E-08  0.1793E-08  0.9702E-02  0.8450E-02  0.0000E+00 -0.1000E+01
   15.1101  7 15    8.8391    0.0000    0.0000    0.0000   -0.0901    0.6606    0.0001   -1.0000    5.2440    3.9101  0.1713E-09  0.2191E+04 -0.7959E-05 -0.3797E-08  0.4390E-08  0.1793E-08  0.9694E-02  0.8450E-02  0.0000E+00 -0.1000E+01
   15.1106  7 15    8.8351    0.0000    0.0000    0.0000   -0.0904    0.6606    0.0001   -1.0000    5.2439    3.9101  0.1716E-09  0.2191E+04 -0.7959E-05 -0.3797E-08  0.4380E-08  0.1793E-08  0.9686E-02  0.8450E-02  0.0000E+00 -0.1000E+01
   15.1111  7 15    8.8312    0.0000    0.0000    0.0000   -0.0906    0.6606    0.0001   -1.0000    5.2437    3.9101  0.1719E-09  0.2191E+04 -0.7959E-05 -0.3797E-08  0.4370E-08  0.1793E-08  0.9679E-02  0.8450E-02  0.0000E+00 -0.1000E+01
   15.1116  7 15    8.8272    0.0000    0.0000    0.0000   -0.0909    0.6606    0.0001   -1.0000    5.2436    3.9101  0.1722E-09  0.2191E+04 -0.7959E-05 -0.3797E-08  0.4359E-08  0.1793E-08  0.9671E-02  0.8450E-02  0.0000E+00 -0.1000E+01
   15.1121  7 15    8.8233    0.0000    0.0000    0.0000   -0.0912    0.6606    0.0001   -1.0000    5.2434    3.9101  0.1725E-09  0.2191E+04 -0.7959E-05 -0.3797E-08  0.4349E-08  0.1793E-08  0.9664E-02  0.8450E-02  0.0000E+00 -0.1000E+01
   15.1126  7 15    8.8193    0.0000    0.0000    0.0000   -0.0914    0.6606    0.0001   -1.0000    5.2433    3.9101  0.1728E-09  0.2191E+04 -0.7959E-05 -0.3797E-08  0.4338E-08  0.1793E-08  0.9656E-02  0.8450E-02  0.0000E+00 -0.1000E+01
   15.1131  7 15    8.8154    0.0000    0.0000    0.0000   -0.0917    0.6606    0.0001   -1.0000    5.2431    3.9101  0.1731E-09  0.2191E+04 -0.7959E-05 -0.3797E-08  0.4328E-08  0.1793E-08  0.9648E-02  0.8450E-02  0.0000E+00 -0.1000E+01
   15.1136  7 15    8.8114    0.0000    0.0000    0.0000   -0.0920    0.6606    0.0001   -1.0000    5.2430    3.9101  0.1734E-09  0.2191E+04 -0.7959E-05 -0.3797E-08  0.4318E-08  0.1793E-08  0.9641E-02  0.8450E-02  0.0000E+00 -0.1000E+01
   15.1141  7 15    8.8076    0.0000    0.0000    0.0000   -0.0923    0.6606    0.0001   -1.0000    5.2428    3.9101  0.1737E-09  0.2191E+04 -0.7610E-05 -0.3797E-08  0.4305E-08  0.1793E-08  0.9630E-02  0.8450E-02  0.0000E+00 -0.1000E+01
   15.1146  7 15    8.8041    0.0000    0.0000    0.0000   -0.0927    0.6606    0.0001   -1.0000    5.2427    3.9101  0.1741E-09  0.2191E+04 -0.7079E-05 -0.3797E-08  0.4291E-08  0.1793E-08  0.9618E-02  0.8450E-02  0.0000E+00 -0.1000E+01
   15.1151  7 15    8.8007    0.0000    0.0000    0.0000   -0.0931    0.6606    0.0001   -1.0000    5.2427    3.9101  0.1744E-09  0.2191E+04 -0.6897E-05 -0.3797E-08  0.4277E-08  0.1793E-08  0.9606E-02  0.8450E-02  0.0000E+00 -0.1000E+01
   15.1156  7 15    8.7972    0.0000    0.0000    0.0000   -0.0934    0.6606    0.0001   -1.0000    5.2426    3.9101  0.1748E-09  0.2191E+04 -0.6897E-05 -0.3797E-08  0.4263E-08  0.1793E-08  0.9594E-02  0.8450E-02  0.0000E+00 -0.1000E+01
   15.1161  7 15    8.7938    0.0000    0.0000    0.0000   -0.0938    0.6606    0.0001   -1.0000    5.2425    3.9101  0.1752E-09  0.2191E+04 -0.6897E-05 -0.3797E-08  0.4249E-08  0.1793E-08  0.9582E-02  0.8450E-02  0.0000E+00 -0.1000E+01
   15.1166  7 15    8.7904    0.0000    0.0000    0.0000   -0.0942    0.6606    0.0001   -1.0000    5.2424    3.9101  0.1755E-09  0.2191E+04 -0.6897E-05 -0.3797E-08  0.4235E-08  0.1793E-08  0.9570E-02  0.8450E-02  0.0000E+00 -0.1000E+01
   15.1171  7 15    8.7870    0.0000    0.0000    0.0000   -0.0946    0.6606    0.0001   -1.0000    5.2423    3.9101  0.1759E-09  0.2191E+04 -0.6897E-05 -0.3797E-08  0.4221E-08  0.1793E-08  0.9558E-02  0.8450E-02  0.0000E+00 -0.1000E+01
   15.1176  7 15    8.7835    0.0000    0.0000    0.0000   -0.0949    0.6606    0.0001   -1.0000    5.2422    3.9101  0.1763E-09  0.2191E+04 -0.6897E-05 -0.3797E-08  0.4207E-08  0.1793E-08  0.9546E-02  0.8450E-02  0.0000E+00 -0.1000E+01
   15.1181  7 15    8.7801    0.0000    0.0000    0.0000   -0.0953    0.6606    0.0001   -1.0000    5.2421    3.9101  0.1767E-09  0.2191E+04 -0.6897E-05 -0.3797E-08  0.4193E-08  0.1793E-08  0.9534E-02  0.8450E-02  0.0000E+00 -0.1000E+01
   15.1186  7 15    8.7767    0.0000    0.0000    0.0000   -0.0957    0.6606    0.0001   -1.0000    5.2420    3.9101  0.1770E-09  0.2191E+04 -0.6897E-05 -0.3797E-08  0.4179E-08  0.1793E-08  0.9522E-02  0.8450E-02  0.0000E+00 -0.1000E+01
   15.1191  7 15    8.7732    0.0000    0.0000    0.0000   -0.0961    0.6606    0.0001   -1.0000    5.2419    3.9101  0.1774E-09  0.2191E+04 -0.6897E-05 -0.3797E-08  0.4165E-08  0.1793E-08  0.9510E-02  0.8450E-02  0.0000E+00 -0.1000E+01
   15.1196  7 15    8.7698    0.0000    0.0000    0.0000   -0.0964    0.6606    0.0001   -1.0000    5.2418    3.9101  0.1778E-09  0.2191E+04 -0.6897E-05 -0.3797E-08  0.4151E-08  0.1793E-08  0.9497E-02  0.8450E-02  0.0000E+00 -0.1000E+01
   15.1201  7 15    8.7664    0.0000    0.0000    0.0000   -0.0968    0.6606    0.0001   -1.0000    5.2417    3.9101  0.1782E-09  0.2191E+04 -0.6897E-05 -0.3797E-08  0.4137E-08  0.1793E-08  0.9485E-02  0.8450E-02  0.0000E+00 -0.1000E+01
   15.1206  7 15    8.7629    0.0000    0.0000    0.0000   -0.0972    0.6606    0.0001   -1.0000    5.2416    3.9101  0.1785E-09  0.2191E+04 -0.6897E-05 -0.3797E-08  0.4123E-08  0.1793E-08  0.9473E-02  0.8450E-02  0.0000E+00 -0.1000E+01
   15.1211  7 15    8.7595    0.0000    0.0000    0.0000   -0.0976    0.6606    0.0001   -1.0000    5.2415    3.9101  0.1789E-09  0.2191E+04 -0.6897E-05 -0.3797E-08  0.4109E-08  0.1793E-08  0.9461E-02  0.8450E-02  0.0000E+00 -0.1000E+01
   15.1216  7 15    8.7561    0.0000    0.0000    0.0000   -0.0979    0.6606    0.0001   -1.0000    5.2414    3.9101  0.1793E-09  0.2191E+04 -0.6897E-05 -0.3797E-08  0.4095E-08  0.1793E-08  0.9449E-02  0.8450E-02  0.0000E+00 -0.1000E+01
   15.1221  7 15    8.7527    0.0000    0.0000    0.0000   -0.0983    0.6606    0.0001   -1.0000    5.2413    3.9101  0.1797E-09  0.2191E+04 -0.6897E-05 -0.3797E-08  0.4081E-08  0.1793E-08  0.9437E-02  0.8450E-02  0.0000E+00 -0.1000E+01
   15.1226  7 15    8.7492    0.0000    0.0000    0.0000   -0.0987    0.6606    0.0001   -1.0000    5.2412    3.9101  0.1801E-09  0.2191E+04 -0.6897E-05 -0.3797E-08  0.4067E-08  0.1793E-08  0.9425E-02  0.8450E-02  0.0000E+00 -0.1000E+01
   15.1231  7 15    8.7458    0.0000    0.0000    0.0000   -0.0991    0.6606    0.0001   -1.0000    5.2411    3.9101  0.1804E-09  0.2191E+04 -0.6897E-05 -0.3797E-08  0.4053E-08  0.1793E-08  0.9413E-02  0.8450E-02  0.0000E+00 -0.1000E+01
   15.1236  7 15    8.7424    0.0000    0.0000    0.0000   -0.0995    0.6606    0.0001   -1.0000    5.2410    3.9101  0.1808E-09  0.2191E+04 -0.6897E-05 -0.3797E-08  0.4039E-08  0.1793E-08  0.9401E-02  0.8450E-02  0.0000E+00 -0.1000E+01
   15.1241  7 15    8.7389    0.0000    0.0000    0.0000   -0.0998    0.6606    0.0001   -1.0000    5.2410    3.9101  0.1812E-09  0.2191E+04 -0.6897E-05 -0.3797E-08  0.4025E-08  0.1793E-08  0.9389E-02  0.8450E-02  0.0000E+00 -0.1000E+01
   15.1246  7 15    8.7355    0.0000    0.0000    0.0000   -0.1002    0.6606    0.0001   -1.0000    5.2409    3.9101  0.1816E-09  0.2191E+04 -0.6897E-05 -0.3797E-08  0.4011E-08  0.1793E-08  0.9377E-02  0.8450E-02  0.0000E+00 -0.1000E+01
   15.1251  7 15    8.7321    0.0000    0.0000    0.0000   -0.1006    0.6606    0.0001   -1.0000    5.2408    3.9101  0.1820E-09  0.2191E+04 -0.6897E-05 -0.3797E-08  0.3997E-08  0.1793E-08  0.9365E-02  0.8450E-02  0.0000E+00 -0.1000E+01
   15.1256  7 15    8.7287    0.0000    0.0000    0.0000   -0.1010    0.6606    0.0001   -1.0000    5.2407    3.9101  0.1824E-09  0.2191E+04 -0.6897E-05 -0.3797E-08  0.3983E-08  0.1793E-08  0.9353E-02  0.8450E-02  0.0000E+00 -0.1000E+01
   15.1260  7 15    8.7252    0.0000    0.0000    0.0000   -0.1013    0.6606    0.0001   -1.0000    5.2406    3.9101  0.1828E-09  0.2191E+04 -0.6897E-05 -0.3797E-08  0.3969E-08  0.1793E-08  0.9341E-02  0.8450E-02  0.0000E+00 -0.1000E+01
   15.1265  7 15    8.7218    0.0000    0.0000    0.0000   -0.1017    0.6606    0.0001   -1.0000    5.2405    3.9101  0.1831E-09  0.2191E+04 -0.6897E-05 -0.3797E-08  0.3955E-08  0.1793E-08  0.9328E-02  0.8450E-02  0.0000E+00 -0.1000E+01
   15.1270  7 15    8.7184    0.0000    0.0000    0.0000   -0.1021    0.6606    0.0001   -1.0000    5.2404    3.9101  0.1835E-09  0.2191E+04 -0.6897E-05 -0.3797E-08  0.3941E-08  0.1793E-08  0.9316E-02  0.8450E-02  0.0000E+00 -0.1000E+01
   15.1275  7 15    8.7149    0.0000    0.0000    0.0000   -0.1025    0.6606    0.0001   -1.0000    5.2403    3.9101  0.1839E-09  0.2191E+04 -0.6897E-05 -0.3797E-08  0.3928E-08  0.1793E-08  0.9304E-02  0.8450E-02  0.0000E+00 -0.1000E+01
   15.1280  7 15    8.7115    0.0000    0.0000    0.0000   -0.1028    0.6606    0.0001   -1.0000    5.2402    3.9101  0.1843E-09  0.2191E+04 -0.6897E-05 -0.3797E-08  0.3914E-08  0.1793E-08  0.9292E-02  0.8450E-02  0.0000E+00 -0.1000E+01
   15.1285  7 15    8.7081    0.0000    0.0000    0.0000   -0.1032    0.6606    0.0001   -1.0000    5.2401    3.9101  0.1847E-09  0.2191E+04 -0.6897E-05 -0.3797E-08  0.3900E-08  0.1793E-08  0.9280E-02  0.8450E-02  0.0000E+00 -0.1000E+01
   15.1290  7 15    8.7047    0.0000    0.0000    0.0000   -0.1036    0.6606    0.0001   -1.0000    5.2400    3.9101  0.1851E-09  0.2191E+04 -0.6897E-05 -0.3797E-08  0.3886E-08  0.1793E-08  0.9268E-02  0.8450E-02  0.0000E+00 -0.1000E+01
   15.1295  7 15    8.7012    0.0000    0.0000    0.0000   -0.1040    0.6606    0.0001   -1.0000    5.2399    3.9101  0.1855E-09  0.2191E+04 -0.6897E-05 -0.3797E-08  0.3872E-08  0.1793E-08  0.9256E-02  0.8450E-02  0.0000E+00 -0.1000E+01
   15.1300  7 15    8.6978    0.0000    0.0000    0.0000   -0.1043    0.6606    0.0001   -1.0000    5.2398    3.9101  0.1859E-09  0.2191E+04 -0.6897E-05 -0.3797E-08  0.3858E-08  0.1793E-08  0.9244E-02  0.8450E-02  0.0000E+00 -0.1000E+01
   15.1305  7 15    8.6944    0.0000    0.0000    0.0000   -0.1047    0.6606    0.0001   -1.0000    5.2397    3.9101  0.1863E-09  0.2191E+04 -0.6897E-05 -0.3797E-08  0.3844E-08  0.1793E-08  0.9232E-02  0.8450E-02  0.0000E+00 -0.1000E+01
   15.1310  7 15    8.6909    0.0000    0.0000    0.0000   -0.1051    0.6606    0.0001   -1.0000    5.2396    3.9101  0.1867E-09  0.2191E+04 -0.6897E-05 -0.3797E-08  0.3830E-08  0.1793E-08  0.9220E-02  0.8450E-02  0.0000E+00 -0.1000E+01
   15.1315  7 15    8.6875    0.0000    0.0000    0.0000   -0.1055    0.6606    0.0001   -1.0000    5.2395    3.9101  0.1871E-09  0.2191E+04 -0.6897E-05 -0.3797E-08  0.3816E-08  0.1793E-08  0.9208E-02  0.8450E-02  0.0000E+00 -0.1000E+01
   15.1320  7 15    8.6841    0.0000    0.0000    0.0000   -0.1058    0.6606    0.0001   -1.0000    5.2394    3.9101  0.1875E-09  0.2191E+04 -0.6897E-05 -0.3797E-08  0.3802E-08  0.1793E-08  0.9196E-02  0.8450E-02  0.0000E+00 -0.1000E+01
   15.1325  7 15    8.6806    0.0000    0.0000    0.0000   -0.1062    0.6606    0.0001   -1.0000    5.2393    3.9101  0.1879E-09  0.2191E+04 -0.6897E-05 -0.3797E-08  0.3788E-08  0.1793E-08  0.9184E-02  0.8450E-02  0.0000E+00 -0.1000E+01
   15.1330  7 15    8.6772    0.0000    0.0000    0.0000   -0.1066    0.6606    0.0001   -1.0000    5.2392    3.9101  0.1883E-09  0.2191E+04 -0.6897E-05 -0.3797E-08  0.3774E-08  0.1793E-08  0.9171E-02  0.8450E-02  0.0000E+00 -0.1000E+01
   15.1335  7 15    8.6738    0.0000    0.0000    0.0000   -0.1070    0.6606    0.0001   -1.0000    5.2392    3.9101  0.1887E-09  0.2191E+04 -0.6897E-05 -0.3797E-08  0.3760E-08  0.1793E-08  0.9159E-02  0.8450E-02  0.0000E+00 -0.1000E+01
   15.1340  7 15    8.6704    0.0000    0.0000    0.0000   -0.1073    0.6606    0.0001   -1.0000    5.2391    3.9101  0.1891E-09  0.2191E+04 -0.6897E-05 -0.3797E-08  0.3746E-08  0.1793E-08  0.9147E-02  0.8450E-02  0.0000E+00 -0.1000E+01
   15.1345  7 15    8.6669    0.0000    0.0000    0.0000   -0.1077    0.6606    0.0001   -1.0000    5.2390    3.9101  0.1895E-09  0.2191E+04 -0.6897E-05 -0.3797E-08  0.3732E-08  0.1793E-08  0.9135E-02  0.8450E-02  0.0000E+00 -0.1000E+01
   15.1350  7 15    8.6635    0.0000    0.0000    0.0000   -0.1081    0.6606    0.0001   -1.0000    5.2389    3.9101  0.1899E-09  0.2191E+04 -0.6897E-05 -0.3797E-08  0.3718E-08  0.1793E-08  0.9123E-02  0.8450E-02  0.0000E+00 -0.1000E+01
   15.1355  7 15    8.6601    0.0000    0.0000    0.0000   -0.1085    0.6606    0.0001   -1.0000    5.2388    3.9101  0.1903E-09  0.2191E+04 -0.6897E-05 -0.3797E-08  0.3704E-08  0.1793E-08  0.9111E-02  0.8450E-02  0.0000E+00 -0.1000E+01
   15.1360  7 15    8.6566    0.0000    0.0000    0.0000   -0.1088    0.6606    0.0001   -1.0000    5.2387    3.9101  0.1907E-09  0.2191E+04 -0.6897E-05 -0.3797E-08  0.3690E-08  0.1793E-08  0.9099E-02  0.8450E-02  0.0000E+00 -0.1000E+01
   15.1365  7 15    8.6532    0.0000    0.0000    0.0000   -0.1092    0.6606    0.0001   -1.0000    5.2386    3.9101  0.1911E-09  0.2191E+04 -0.6897E-05 -0.3797E-08  0.3676E-08  0.1793E-08  0.9087E-02  0.8450E-02  0.0000E+00 -0.1000E+01
   15.1370  7 15    8.6498    0.0000    0.0000    0.0000   -0.1096    0.6606    0.0001   -1.0000    5.2385    3.9101  0.1915E-09  0.2191E+04 -0.6897E-05 -0.3797E-08  0.3662E-08  0.1793E-08  0.9075E-02  0.8450E-02  0.0000E+00 -0.1000E+01
   15.1375  7 15    8.6464    0.0000    0.0000    0.0000   -0.1100    0.6606    0.0001   -1.0000    5.2384    3.9101  0.1919E-09  0.2191E+04 -0.6897E-05 -0.3797E-08  0.3648E-08  0.1793E-08  0.9063E-02  0.8450E-02  0.0000E+00 -0.1000E+01
   15.1380  7 15    8.6429    0.0000    0.0000    0.0000   -0.1103    0.6606    0.0001   -1.0000    5.2383    3.9101  0.1923E-09  0.2191E+04 -0.6897E-05 -0.3797E-08  0.3634E-08  0.1793E-08  0.9051E-02  0.8450E-02  0.0000E+00 -0.1000E+01
   15.1385  7 15    8.6395    0.0000    0.0000    0.0000   -0.1107    0.6606    0.0001   -1.0000    5.2382    3.9101  0.1927E-09  0.2191E+04 -0.6897E-05 -0.3797E-08  0.3620E-08  0.1793E-08  0.9039E-02  0.8450E-02  0.0000E+00 -0.1000E+01
   15.1390  7 15    8.6361    0.0000    0.0000    0.0000   -0.1111    0.6606    0.0001   -1.0000    5.2381    3.9101  0.1931E-09  0.2191E+04 -0.6897E-05 -0.3797E-08  0.3606E-08  0.1793E-08  0.9027E-02  0.8450E-02  0.0000E+00 -0.1000E+01
   15.1395  7 15    8.6326    0.0000    0.0000    0.0000   -0.1115    0.6606    0.0001   -1.0000    5.2380    3.9101  0.1935E-09  0.2191E+04 -0.6897E-05 -0.3797E-08  0.3592E-08  0.1793E-08  0.9015E-02  0.8450E-02  0.0000E+00 -0.1000E+01
   15.1400  7 15    8.6292    0.0000    0.0000    0.0000   -0.1118    0.6606    0.0001   -1.0000    5.2379    3.9101  0.1939E-09  0.2191E+04 -0.6897E-05 -0.3797E-08  0.3578E-08  0.1793E-08  0.9002E-02  0.8450E-02  0.0000E+00 -0.1000E+01
   15.1405  7 15    8.6258    0.0000    0.0000    0.0000   -0.1122    0.6606    0.0001   -1.0000    5.2378    3.9101  0.1944E-09  0.2191E+04 -0.6897E-05 -0.3797E-08  0.3564E-08  0.1793E-08  0.8990E-02  0.8450E-02  0.0000E+00 -0.1000E+01
   15.1410  7 15    8.6224    0.0000    0.0000    0.0000   -0.1126    0.6606    0.0001   -1.0000    5.2377    3.9101  0.1948E-09  0.2191E+04 -0.6897E-05 -0.3797E-08  0.3550E-08  0.1793E-08  0.8978E-02  0.8450E-02  0.0000E+00 -0.1000E+01
   15.1415  7 15    8.6189    0.0000    0.0000    0.0000   -0.1130    0.6606    0.0001   -1.0000    5.2376    3.9101  0.1952E-09  0.2191E+04 -0.6897E-05 -0.3797E-08  0.3536E-08  0.1793E-08  0.8966E-02  0.8450E-02  0.0000E+00 -0.1000E+01
   15.1420  7 15    8.6155    0.0000    0.0000    0.0000   -0.1133    0.6606    0.0001   -1.0000    5.2375    3.9101  0.1956E-09  0.2191E+04 -0.6897E-05 -0.3797E-08  0.3522E-08  0.1793E-08  0.8954E-02  0.8450E-02  0.0000E+00 -0.1000E+01
   15.1425  7 15    8.6121    0.0000    0.0000    0.0000   -0.1137    0.6606    0.0001   -1.0000    5.2375    3.9101  0.1960E-09  0.2191E+04 -0.6897E-05 -0.3797E-08  0.3508E-08  0.1793E-08  0.8942E-02  0.8450E-02  0.0000E+00 -0.1000E+01
   15.1430  7 15    8.6086    0.0000    0.0000    0.0000   -0.1141    0.6606    0.0001   -1.0000    5.2374    3.9101  0.1964E-09  0.2191E+04 -0.6897E-05 -0.3797E-08  0.3494E-08  0.1793E-08  0.8930E-02  0.8450E-02  0.0000E+00 -0.1000E+01
   15.1434  7 15    8.6052    0.0000    0.0000    0.0000   -0.1145    0.6606    0.0001   -1.0000    5.2373    3.9101  0.1969E-09  0.2191E+04 -0.6897E-05 -0.3797E-08  0.3480E-08  0.1793E-08  0.8918E-02  0.8450E-02  0.0000E+00 -0.1000E+01
   15.1439  7 15    8.6018    0.0000    0.0000    0.0000   -0.1148    0.6606    0.0001   -1.0000    5.2372    3.9101  0.1973E-09  0.2191E+04 -0.6897E-05 -0.3797E-08  0.3466E-08  0.1793E-08  0.8906E-02  0.8450E-02  0.0000E+00 -0.1000E+01
   15.1444  7 15    8.5983    0.0000    0.0000    0.0000   -0.1152    0.6606    0.0001   -1.0000    5.2371    3.9101  0.1977E-09  0.2191E+04 -0.6897E-05 -0.3797E-08  0.3452E-08  0.1793E-08  0.8894E-02  0.8450E-02  0.0000E+00 -0.1000E+01
   15.1449  7 15    8.5949    0.0000    0.0000    0.0000   -0.1156    0.6606    0.0001   -1.0000    5.2370    3.9101  0.1981E-09  0.2191E+04 -0.6897E-05 -0.3797E-08  0.3438E-08  0.1793E-08  0.8882E-02  0.8450E-02  0.0000E+00 -0.1000E+01
   15.1454  7 15    8.5915    0.0000    0.0548    0.0000   -0.1162    0.6606    0.0001   -1.0000    5.2370    3.9101  0.2000E-09  0.2191E+04 -0.6794E-05 -0.3797E-08  0.3419E-08  0.1793E-08  0.8863E-02  0.8450E-02  0.0000E+00 -0.1000E+01
   15.1459  7 15    8.5883    0.0000    0.1886    0.0000   -0.1171    0.6606    0.0001   -1.0000    5.2370    3.9101  0.2041E-09  0.2191E+04 -0.6542E-05 -0.3797E-08  0.3391E-08  0.1793E-08  0.8835E-02  0.8450E-02  0.0000E+00 -0.1000E+01
   15.1464  7 15    8.5851    0.0000    0.3224    0.0000   -0.1180    0.6606    0.0001   -1.0000    5.2371    3.9101  0.2083E-09  0.2191E+04 -0.6394E-05 -0.3797E-08  0.3364E-08  0.1793E-08  0.8806E-02  0.8450E-02  0.0000E+00 -0.1000E+01
   15.1469  7 15    8.5819    0.0000    0.4562    0.0000   -0.1188    0.6606    0.0001   -1.0000    5.2372    3.9101  0.2127E-09  0.2191E+04 -0.6394E-05 -0.3797E-08  0.3336E-08  0.1793E-08  0.8778E-02  0.8450E-02  0.0000E+00 -0.1000E+01
   15.1474  7 15    8.5787    0.0000    0.5900    0.0000   -0.1197    0.6606    0.0001   -1.0000    5.2372    3.9101  0.2172E-09  0.2191E+04 -0.6394E-05 -0.3797E-08  0.3308E-08  0.1793E-08  0.8750E-02  0.8450E-02  0.0000E+00 -0.1000E+01
   15.1479  7 15    8.5756    0.0000    0.7239    0.0000   -0.1206    0.6606    0.0001   -1.0000    5.2373    3.9101  0.2219E-09  0.2191E+04 -0.6394E-05 -0.3797E-08  0.3281E-08  0.1793E-08  0.8721E-02  0.8450E-02  0.0000E+00 -0.1000E+01
   15.1484  7 15    8.5724    0.0000    0.8577    0.0000   -0.1215    0.6606    0.0001   -1.0000    5.2374    3.9101  0.2268E-09  0.2191E+04 -0.6394E-05 -0.3797E-08  0.3253E-08  0.1793E-08  0.8693E-02  0.8450E-02  0.0000E+00 -0.1000E+01
   15.1489  7 15    8.5692    0.0000    0.9915    0.0000   -0.1224    0.6606    0.0001   -1.0000    5.2375    3.9101  0.2317E-09  0.2191E+04 -0.6394E-05 -0.3797E-08  0.3226E-08  0.1793E-08  0.8665E-02  0.8450E-02  0.0000E+00 -0.1000E+01
   15.1494  7 15    8.5660    0.0000    1.1253    0.0000   -0.1233    0.6606    0.0001   -1.0000    5.2375    3.9101  0.2369E-09  0.2191E+04 -0.6394E-05 -0.3797E-08  0.3198E-08  0.1793E-08  0.8636E-02  0.8450E-02  0.0000E+00 -0.1000E+01
   15.1499  7 15    8.5629    0.0000    1.2591    0.0000   -0.1242    0.6606    0.0001   -1.0000    5.2376    3.9101  0.2422E-09  0.2191E+04 -0.6394E-05 -0.3797E-08  0.3170E-08  0.1793E-08  0.8608E-02  0.8450E-02  0.0000E+00 -0.1000E+01
   15.1504  7 15    8.5597    0.0000    1.3929    0.0000   -0.1251    0.6606    0.0001   -1.0000    5.2377    3.9101  0.2477E-09  0.2191E+04 -0.6394E-05 -0.3797E-08  0.3143E-08  0.1793E-08  0.8580E-02  0.8450E-02  0.0000E+00 -0.1000E+01
   15.1509  7 15    8.5565    0.0000    1.5267    0.0000   -0.1260    0.6606    0.0001   -1.0000    5.2377    3.9101  0.2534E-09  0.2191E+04 -0.6394E-05 -0.3797E-08  0.3115E-08  0.1793E-08  0.8551E-02  0.8450E-02  0.0000E+00 -0.1000E+01
   15.1514  7 15    8.5533    0.0000    1.6605    0.0000   -0.1269    0.6606    0.0001   -1.0000    5.2378    3.9101  0.2593E-09  0.2191E+04 -0.6394E-05 -0.3797E-08  0.3087E-08  0.1793E-08  0.8523E-02  0.8450E-02  0.0000E+00 -0.1000E+01
   15.1519  7 15    8.5501    0.0000    1.7943    0.0000   -0.1278    0.6606    0.0001   -1.0000    5.2379    3.9101  0.2654E-09  0.2191E+04 -0.6394E-05 -0.3797E-08  0.3060E-08  0.1793E-08  0.8495E-02  0.8450E-02  0.0000E+00 -0.1000E+01
   15.1524  7 15    8.5470    0.0000    1.9281    0.0000   -0.1287    0.6606    0.0001   -1.0000    5.2380    3.9101  0.2716E-09  0.2191E+04 -0.6394E-05 -0.3797E-08  0.3032E-08  0.1793E-08  0.8466E-02  0.8450E-02  0.0000E+00 -0.1000E+01
   15.1529  7 15    8.5438    0.0000    2.0619    0.0000   -0.1296    0.6606    0.0001   -1.0000    5.2380    3.9101  0.2781E-09  0.2191E+04 -0.6394E-05 -0.3797E-08  0.3005E-08  0.1793E-08  0.8438E-02  0.8450E-02  0.0000E+00 -0.1000E+01
   15.1534  7 15    8.5406    0.0000    2.1957    0.0000   -0.1305    0.6606    0.0001   -1.0000    5.2381    3.9101  0.2847E-09  0.2191E+04 -0.6394E-05 -0.3797E-08  0.2977E-08  0.1793E-08  0.8410E-02  0.8450E-02  0.0000E+00 -0.1000E+01
   15.1539  7 15    8.5374    0.0000    2.3295    0.0000   -0.1314    0.6606    0.0001   -1.0000    5.2382    3.9101  0.2916E-09  0.2191E+04 -0.6394E-05 -0.3797E-08  0.2949E-08  0.1793E-08  0.8381E-02  0.8450E-02  0.0000E+00 -0.1000E+01
   15.1544  7 15    8.5342    0.0000    2.4633    0.0000   -0.1323    0.6606    0.0001   -1.0000    5.2383    3.9101  0.2987E-09  0.2191E+04 -0.6394E-05 -0.3797E-08  0.2922E-08  0.1793E-08  0.8353E-02  0.8450E-02  0.0000E+00 -0.1000E+01
   15.1549  7 15    8.5311    0.0000    2.5971    0.0000   -0.1332    0.6606    0.0001   -1.0000    5.2383    3.9101  0.3060E-09  0.2191E+04 -0.6394E-05 -0.3797E-08  0.2894E-08  0.1793E-08  0.8324E-02  0.8450E-02  0.0000E+00 -0.1000E+01
   15.1554  7 15    8.5279    0.0000    2.7309    0.0000   -0.1341    0.6606    0.0001   -1.0000    5.2384    3.9101  0.3135E-09  0.2191E+04 -0.6394E-05 -0.3797E-08  0.2867E-08  0.1793E-08  0.8296E-02  0.8450E-02  0.0000E+00 -0.1000E+01
   15.1559  7 15    8.5247    0.0000    2.8647    0.0000   -0.1350    0.6606    0.0001   -1.0000    5.2385    3.9101  0.3212E-09  0.2191E+04 -0.6394E-05 -0.3797E-08  0.2839E-08  0.1793E-08  0.8268E-02  0.8450E-02  0.0000E+00 -0.1000E+01
   15.1564  7 15    8.5215    0.0000    2.9986    0.0000   -0.1359    0.6606    0.0001   -1.0000    5.2385    3.9101  0.3292E-09  0.2191E+04 -0.6394E-05 -0.3797E-08  0.2811E-08  0.1793E-08  0.8239E-02  0.8450E-02  0.0000E+00 -0.1000E+01
   15.1569  7 15    8.5184    0.0000    3.1324    0.0000   -0.1367    0.6606    0.0001   -1.0000    5.2386    3.9101  0.3373E-09  0.2191E+04 -0.6394E-05 -0.3797E-08  0.2784E-08  0.1793E-08  0.8211E-02  0.8450E-02  0.0000E+00 -0.1000E+01
   15.1574  7 15    8.5152    0.0000    3.2662    0.0000   -0.1376    0.6606    0.0001   -1.0000    5.2387    3.9101  0.3457E-09  0.2191E+04 -0.6394E-05 -0.3797E-08  0.2756E-08  0.1793E-08  0.8183E-02  0.8450E-02  0.0000E+00 -0.1000E+01
   15.1579  7 15    8.5120    0.0000    3.4000    0.0000   -0.1385    0.6606    0.0001   -1.0000    5.2388    3.9101  0.3542E-09  0.2191E+04 -0.6394E-05 -0.3797E-08  0.2728E-08  0.1793E-08  0.8154E-02  0.8450E-02  0.0000E+00 -0.1000E+01
   15.1584  7 15    8.5088    0.0000    3.5338    0.0000   -0.1394    0.6606    0.0001   -1.0000    5.2388    3.9101  0.3630E-09  0.2191E+04 -0.6394E-05 -0.3797E-08  0.2701E-08  0.1793E-08  0.8126E-02  0.8450E-02  0.0000E+00 -0.1000E+01
   15.1589  7 15    8.5056    0.0000    3.6676    0.0000   -0.1403    0.6606    0.0001   -1.0000    5.2389    3.9101  0.3720E-09  0.2191E+04 -0.6394E-05 -0.3797E-08  0.2673E-08  0.1793E-08  0.8098E-02  0.8450E-02  0.0000E+00 -0.1000E+01
   15.1594  7 15    8.5025    0.0000    3.8014    0.0000   -0.1412    0.6606    0.0001   -1.0000    5.2390    3.9101  0.3811E-09  0.2191E+04 -0.6394E-05 -0.3797E-08  0.2646E-08  0.1793E-08  0.8069E-02  0.8450E-02  0.0000E+00 -0.1000E+01
   15.1599  7 15    8.4993    0.0000    3.9352    0.0000   -0.1421    0.6606    0.0001   -1.0000    5.2391    3.9101  0.3905E-09  0.2191E+04 -0.6394E-05 -0.3797E-08  0.2618E-08  0.1793E-08  0.8041E-02  0.8450E-02  0.0000E+00 -0.1000E+01
   15.1604  7 15    8.4961    0.0000    4.0690    0.0000   -0.1430    0.6606    0.0001   -1.0000    5.2391    3.9101  0.3999E-09  0.2191E+04 -0.6394E-05 -0.3797E-08  0.2590E-08  0.1793E-08  0.8013E-02  0.8450E-02  0.0000E+00 -0.1000E+01
   15.1609  7 15    8.4929    0.0000    4.2028    0.0000   -0.1439    0.6606    0.0001   -1.0000    5.2392    3.9101  0.4096E-09  0.2191E+04 -0.6394E-05 -0.3797E-08  0.2563E-08  0.1793E-08  0.7984E-02  0.8450E-02  0.0000E+00 -0.1000E+01
   15.1613  7 15    8.4897    0.0000    4.3366    0.0000   -0.1448    0.6606    0.0001   -1.0000    5.2393    3.9101  0.4193E-09  0.2191E+04 -0.6394E-05 -0.3797E-08  0.2535E-08  0.1793E-08  0.7956E-02  0.8450E-02  0.0000E+00 -0.1000E+01
   15.1618  7 15    8.4866    0.0000    4.4704    0.0000   -0.1457    0.6606    0.0001   -1.0000    5.2393    3.9101  0.4291E-09  0.2191E+04 -0.6394E-05 -0.3797E-08  0.2508E-08  0.1793E-08  0.7928E-02  0.8450E-02  0.0000E+00 -0.1000E+01
   15.1623  7 15    8.4834    0.0000    4.6042    0.0000   -0.1466    0.6606    0.0001   -1.0000    5.2394    3.9101  0.4390E-09  0.2191E+04 -0.6394E-05 -0.3797E-08  0.2480E-08  0.1793E-08  0.7899E-02  0.8450E-02  0.0000E+00 -0.1000E+01
   15.1628  7 15    8.4802    0.0000    4.7380    0.0000   -0.1475    0.6606    0.0001   -1.0000    5.2395    3.9101  0.4490E-09  0.2191E+04 -0.6394E-05 -0.3797E-08  0.2452E-08  0.1793E-08  0.7871E-02  0.8450E-02  0.0000E+00 -0.1000E+01
   15.1633  7 15    8.4770    0.0000    4.8718    0.0000   -0.1484    0.6606    0.0001   -1.0000    5.2396    3.9101  0.4589E-09  0.2191E+04 -0.6394E-05 -0.3797E-08  0.2425E-08  0.1793E-08  0.7843E-02  0.8450E-02  0.0000E+00 -0.1000E+01
   15.1638  7 15    8.4739    0.0000    5.0056    0.0000   -0.1493    0.6606    0.0001   -1.0000    5.2396    3.9101  0.4688E-09  0.2191E+04 -0.6394E-05 -0.3797E-08  0.2397E-08  0.1793E-08  0.7814E-02  0.8450E-02  0.0000E+00 -0.1000E+01
   15.1643  7 15    8.4707    0.0000    5.1394    0.0000   -0.1502    0.6606    0.0001   -1.0000    5.2397    3.9101  0.4786E-09  0.2191E+04 -0.6394E-05 -0.3797E-08  0.2369E-08  0.1793E-08  0.7786E-02  0.8450E-02  0.0000E+00 -0.1000E+01
   15.1648  7 15    8.4675    0.0000    5.2733    0.0000   -0.1511    0.6606    0.0001   -1.0000    5.2398    3.9101  0.4883E-09  0.2191E+04 -0.6394E-05 -0.3797E-08  0.2342E-08  0.1793E-08  0.7758E-02  0.8450E-02  0.0000E+00 -0.1000E+01
   15.1653  7 15    8.4643    0.0000    5.4071    0.0000   -0.1520    0.6606    0.0001   -1.0000    5.2398    3.9101  0.4978E-09  0.2191E+04 -0.6394E-05 -0.3797E-08  0.2314E-08  0.1793E-08  0.7729E-02  0.8450E-02  0.0000E+00 -0.1000E+01
   15.1658  7 15    8.4611    0.0000    5.5409    0.0000   -0.1529    0.6606    0.0001   -1.0000    5.2399    3.9101  0.5071E-09  0.2191E+04 -0.6394E-05 -0.3797E-08  0.2287E-08  0.1793E-08  0.7701E-02  0.8450E-02  0.0000E+00 -0.1000E+01
   15.1663  7 15    8.4580    0.0000    5.6747    0.0000   -0.1537    0.6606    0.0001   -1.0000    5.2400    3.9101  0.5161E-09  0.2191E+04 -0.6394E-05 -0.3797E-08  0.2259E-08  0.1793E-08  0.7673E-02  0.8450E-02  0.0000E+00 -0.1000E+01
   15.1668  7 15    8.4548    0.0000    5.8085    0.0000   -0.1546    0.6606    0.0001   -1.0000    5.2401    3.9101  0.5247E-09  0.2191E+04 -0.6394E-05 -0.3797E-08  0.2231E-08  0.1793E-08  0.7644E-02  0.8450E-02  0.0000E+00 -0.1000E+01
   15.1673  7 15    8.4516    0.0000    5.9423    0.0000   -0.1555    0.6606    0.0001   -1.0000    5.2401    3.9101  0.5329E-09  0.2191E+04 -0.6394E-05 -0.3797E-08  0.2204E-08  0.1793E-08  0.7616E-02  0.8450E-02  0.0000E+00 -0.1000E+01
   15.1678  7 15    8.4484    0.0000    6.0761    0.0000   -0.1564    0.6606    0.0001   -1.0000    5.2402    3.9101  0.5406E-09  0.2191E+04 -0.6394E-05 -0.3797E-08  0.2176E-08  0.1793E-08  0.7588E-02  0.8450E-02  0.0000E+00 -0.1000E+01
   15.1683  7 15    8.4452    0.0000    6.2099    0.0000   -0.1573    0.6606    0.0001   -1.0000    5.2403    3.9101  0.5477E-09  0.2191E+04 -0.6394E-05 -0.3797E-08  0.2149E-08  0.1793E-08  0.7559E-02  0.8450E-02  0.0000E+00 -0.1000E+01
   15.1688  7 15    8.4421    0.0000    6.3437    0.0000   -0.1582    0.6606    0.0001   -1.0000    5.2404    3.9101  0.5542E-09  0.2191E+04 -0.6394E-05 -0.3797E-08  0.2121E-08  0.1793E-08  0.7531E-02  0.8450E-02  0.0000E+00 -0.1000E+01
   15.1693  7 15    8.4389    0.0000    6.4775    0.0000   -0.1591    0.6606    0.0001   -1.0000    5.2404    3.9101  0.5601E-09  0.2191E+04 -0.6394E-05 -0.3797E-08  0.2093E-08  0.1793E-08  0.7503E-02  0.8450E-02  0.0000E+00 -0.1000E+01
   15.1698  7 15    8.4357    0.0000    6.5260    0.0000   -0.1622    0.6606    0.0001   -1.0000    5.2416    3.9101  0.5700E-09  0.2191E+04 -0.6365E-05 -0.3797E-08  0.2031E-08  0.1793E-08  0.7415E-02  0.8450E-02  0.0000E+00 -0.1000E+01
   15.1703  7 15    8.4326    0.0000    6.5264    0.0000   -0.1666    0.6606    0.0001   -1.0000    5.2435    3.9101  0.5827E-09  0.2191E+04 -0.6320E-05 -0.3797E-08  0.1950E-08  0.1793E-08  0.7295E-02  0.8450E-02  0.0000E+00 -0.1000E+01
   15.1708  7 15    8.4294    0.0000    6.5268    0.0000   -0.1710    0.6606    0.0001   -1.0000    5.2453    3.9101  0.5957E-09  0.2191E+04 -0.6304E-05 -0.3797E-08  0.1868E-08  0.1793E-08  0.7175E-02  0.8450E-02  0.0000E+00 -0.1000E+01
   15.1713  7 15    8.4263    0.0000    6.5273    0.0000   -0.1753    0.6606    0.0001   -1.0000    5.2471    3.9101  0.6091E-09  0.2191E+04 -0.6304E-05 -0.3797E-08  0.1787E-08  0.1793E-08  0.7054E-02  0.8450E-02  0.0000E+00 -0.1000E+01
   15.1718  7 15    8.4232    0.0000    6.5277    0.0000   -0.1797    0.6606    0.0001   -1.0000    5.2489    3.9101  0.6230E-09  0.2191E+04 -0.6304E-05 -0.3797E-08  0.1705E-08  0.1793E-08  0.6934E-02  0.8450E-02  0.0000E+00 -0.1000E+01
   15.1723  7 15    8.4200    0.0000    6.5281    0.0000   -0.1840    0.6606    0.0001   -1.0000    5.2508    3.9101  0.6372E-09  0.2191E+04 -0.6304E-05 -0.3797E-08  0.1624E-08  0.1793E-08  0.6814E-02  0.8450E-02  0.0000E+00 -0.1000E+01
   15.1728  7 15    8.4169    0.0000    6.5285    0.0000   -0.1884    0.6606    0.0001   -1.0000    5.2526    3.9101  0.6518E-09  0.2191E+04 -0.6304E-05 -0.3797E-08  0.1542E-08  0.1793E-08  0.6693E-02  0.8450E-02  0.0000E+00 -0.1000E+01
   15.1733  7 15    8.4138    0.0000    6.5289    0.0000   -0.1928    0.6606    0.0001   -1.0000    5.2544    3.9101  0.6668E-09  0.2191E+04 -0.6304E-05 -0.3797E-08  0.1460E-08  0.1793E-08  0.6573E-02  0.8450E-02  0.0000E+00 -0.1000E+01
   15.1738  7 15    8.4106    0.0000    6.5293    0.0000   -0.1971    0.6606    0.0001   -1.0000    5.2562    3.9101  0.6823E-09  0.2191E+04 -0.6304E-05 -0.3797E-08  0.1379E-08  0.1793E-08  0.6452E-02  0.8450E-02  0.0000E+00 -0.1000E+01
   15.1743  7 15    8.4075    0.0000    6.5297    0.0000   -0.2015    0.6606    0.0001   -1.0000    5.2581    3.9101  0.6982E-09  0.2191E+04 -0.6304E-05 -0.3797E-08  0.1297E-08  0.1793E-08  0.6332E-02  0.8450E-02  0.0000E+00 -0.1000E+01
   15.1748  7 15    8.4044    0.0000    6.5302    0.0000   -0.2059    0.6606    0.0001   -1.0000    5.2599    3.9101  0.7146E-09  0.2191E+04 -0.6304E-05 -0.3797E-08  0.1216E-08  0.1793E-08  0.6212E-02  0.8450E-02  0.0000E+00 -0.1000E+01
   15.1753  7 15    8.4012    0.0000    6.5306    0.0000   -0.2102    0.6606    0.0001   -1.0000    5.2617    3.9101  0.7316E-09  0.2191E+04 -0.6304E-05 -0.3797E-08  0.1134E-08  0.1793E-08  0.6091E-02  0.8450E-02  0.0000E+00 -0.1000E+01
   15.1754  7 15    8.4006    0.0000    6.5307    0.0000   -0.2112    0.6606    0.0001   -1.0000    5.2621    3.9101  0.7353E-09  0.2191E+04 -0.6304E-05 -0.3797E-08  0.1117E-08  0.1793E-08  0.6065E-02  0.8450E-02  0.0000E+00 -0.1000E+01
   15.1754  8 15    8.4006    0.0000    6.5307    0.0000   -0.2112    0.6606    0.0001   -1.0000    5.2621    3.9101  0.7354E-09  0.2191E+04  0.0000E+00 -0.3797E-08  0.1116E-08  0.1793E-08  0.6064E-02  0.8450E-02  0.0000E+00 -0.1000E+01
   15.1755  8 15    8.4001    0.0000    6.5307    0.0000   -0.2131    0.6606    0.0001   -1.0000    5.2632    3.9101  0.7431E-09  0.2191E+04 -0.6407E-05 -0.3797E-08  0.1105E-08  0.1793E-08  0.6026E-02  0.8450E-02  0.0000E+00 -0.1000E+01
   15.1755  8 15    8.3995    0.0000    6.5307    0.0000   -0.2152    0.6606    0.0001   -1.0000    5.2644    3.9101  0.7513E-09  0.2191E+04 -0.6515E-05 -0.3797E-08  0.1085E-08  0.1793E-08  0.6006E-02  0.8450E-02  0.0000E+00 -0.1000E+01
   15.1756  8 15    8.3990    0.0000    6.5307    0.0000   -0.2173    0.6606    0.0001   -1.0000    5.2657    3.9101  0.7600E-09  0.2191E+04 -0.6533E-05 -0.3797E-08  0.1070E-08  0.1793E-08  0.5981E-02  0.8450E-02  0.0000E+00 -0.1000E+01
   15.1757  8 15    8.3985    0.0000    6.5307    0.0000   -0.2196    0.6606    0.0001   -1.0000    5.2670    3.9101  0.7692E-09  0.2191E+04 -0.6553E-05 -0.3797E-08  0.1048E-08  0.1793E-08  0.5910E-02  0.8450E-02  0.0000E+00 -0.1000E+01
   15.1758  8 15    8.3980    0.0000    6.5307    0.0000   -0.2218    0.6606    0.0001   -1.0000    5.2683    3.9101  0.7788E-09  0.2191E+04 -0.6575E-05 -0.3797E-08  0.1030E-08  0.1793E-08  0.5854E-02  0.8450E-02  0.0000E+00 -0.1000E+01
   15.1758  8 15    8.3975    0.0000    6.5307    0.0000   -0.2242    0.6606    0.0001   -1.0000    5.2697    3.9101  0.7887E-09  0.2191E+04 -0.6596E-05 -0.3797E-08  0.1005E-08  0.1793E-08  0.5822E-02  0.8450E-02  0.0000E+00 -0.1000E+01
   15.1759  8 15    8.3970    0.0000    6.5307    0.0000   -0.2266    0.6606    0.0001   -1.0000    5.2711    3.9101  0.7989E-09  0.2191E+04 -0.6620E-05 -0.3797E-08  0.9805E-09  0.1793E-08  0.5783E-02  0.8450E-02  0.0000E+00 -0.1000E+01
   15.1760  8 15    8.3964    0.0000    6.5307    0.0000   -0.2290    0.6606    0.0001   -1.0000    5.2725    3.9101  0.8093E-09  0.2191E+04 -0.6645E-05 -0.3797E-08  0.9644E-09  0.1793E-08  0.5742E-02  0.8450E-02  0.0000E+00 -0.1000E+01
   15.1761  8 15    8.3959    0.0000    6.5307    0.0000   -0.2314    0.6606    0.0001   -1.0000    5.2740    3.9101  0.8198E-09  0.2191E+04 -0.6671E-05 -0.3797E-08  0.9435E-09  0.1793E-08  0.5687E-02  0.8450E-02  0.0000E+00 -0.1000E+01
   15.1762  8 15    8.3954    0.0000    6.5307    0.0000   -0.2337    0.6606    0.0001   -1.0000    5.2754    3.9101  0.8305E-09  0.2191E+04 -0.6695E-05 -0.3797E-08  0.9229E-09  0.1793E-08  0.5662E-02  0.8450E-02  0.0000E+00 -0.1000E+01
   15.1762  8 15    8.3948    0.0000    6.5307    0.0000   -0.2361    0.6606    0.0001   -1.0000    5.2768    3.9101  0.8412E-09  0.2191E+04 -0.6720E-05 -0.3797E-08  0.9062E-09  0.1793E-08  0.5633E-02  0.8450E-02  0.0000E+00 -0.1000E+01
   15.1763  8 15    8.3943    0.0000    6.5307    0.0000   -0.2385    0.6606    0.0001   -1.0000    5.2782    3.9101  0.8521E-09  0.2191E+04 -0.6744E-05 -0.3797E-08  0.8897E-09  0.1793E-08  0.5591E-02  0.8450E-02  0.0000E+00 -0.1000E+01
   15.1764  8 15    8.3938    0.0000    6.5307    0.0000   -0.2409    0.6606    0.0001   -1.0000    5.2796    3.9101  0.8631E-09  0.2191E+04 -0.6769E-05 -0.3797E-08  0.8704E-09  0.1793E-08  0.5542E-02  0.8450E-02  0.0000E+00 -0.1000E+01
   15.1765  8 15    8.3932    0.0000    6.5307    0.0000   -0.2432    0.6606    0.0001   -1.0000    5.2810    3.9101  0.8742E-09  0.2191E+04 -0.6794E-05 -0.3797E-08  0.8507E-09  0.1793E-08  0.5501E-02  0.8450E-02  0.0000E+00 -0.1000E+01
   15.1766  8 15    8.3927    0.0000    6.5307    0.0000   -0.2456    0.6606    0.0001   -1.0000    5.2824    3.9101  0.8853E-09  0.2191E+04 -0.6820E-05 -0.3797E-08  0.8260E-09  0.1793E-08  0.5440E-02  0.8450E-02  0.0000E+00 -0.1000E+01
   15.1766  8 15    8.3922    0.0000    6.5307    0.0000   -0.2479    0.6606    0.0001   -1.0000    5.2838    3.9101  0.8967E-09  0.2191E+04 -0.6850E-05 -0.3797E-08  0.8012E-09  0.1793E-08  0.5360E-02  0.8450E-02  0.0000E+00 -0.1000E+01
   15.1767  8 15    8.3916    0.0000    6.5305    0.0000   -0.2502    0.6606    0.0001   -1.0000    5.2852    3.9101  0.9081E-09  0.2191E+04 -0.6877E-05 -0.3797E-08  0.7857E-09  0.1793E-08  0.5303E-02  0.8450E-02  0.0000E+00 -0.1000E+01
   15.1768  8 15    8.3911    0.0000    6.5291    0.0000   -0.2526    0.6606    0.0001   -1.0000    5.2865    3.9101  0.9195E-09  0.2191E+04 -0.6905E-05 -0.3797E-08  0.7666E-09  0.1793E-08  0.5247E-02  0.8450E-02  0.0000E+00 -0.1000E+01
   15.1769  8 15    8.3905    0.0000    6.5282    0.0000   -0.2549    0.6606    0.0001   -1.0000    5.2879    3.9101  0.9311E-09  0.2191E+04 -0.6932E-05 -0.3797E-08  0.7486E-09  0.1793E-08  0.5190E-02  0.8450E-02  0.0000E+00 -0.1000E+01
   15.1770  8 15    8.3900    0.0000    6.5282    0.0000   -0.2572    0.6606    0.0001   -1.0000    5.2892    3.9101  0.9429E-09  0.2191E+04 -0.6957E-05 -0.3797E-08  0.7321E-09  0.1793E-08  0.5140E-02  0.8450E-02  0.0000E+00 -0.1000E+01
   15.1770  8 15    8.3894    0.0000    6.5282    0.0000   -0.2596    0.6606    0.0001   -1.0000    5.2906    3.9101  0.9547E-09  0.2191E+04 -0.6983E-05 -0.3797E-08  0.7148E-09  0.1793E-08  0.5100E-02  0.8450E-02  0.0000E+00 -0.1000E+01
   15.1771  8 15    8.3889    0.0000    6.5282    0.0000   -0.2619    0.6606    0.0001   -1.0000    5.2919    3.9101  0.9667E-09  0.2191E+04 -0.7008E-05 -0.3797E-08  0.7009E-09  0.1793E-08  0.5053E-02  0.8450E-02  0.0000E+00 -0.1000E+01
   15.1772  8 15    8.3883    0.0000    6.5282    0.0000   -0.2642    0.6606    0.0001   -1.0000    5.2933    3.9101  0.9789E-09  0.2191E+04 -0.7034E-05 -0.3797E-08  0.6899E-09  0.1793E-08  0.5001E-02  0.8450E-02  0.0000E+00 -0.1000E+01
   15.1773  8 15    8.3878    0.0000    6.5282    0.0000   -0.2665    0.6606    0.0001   -1.0000    5.2946    3.9101  0.9911E-09  0.2191E+04 -0.7060E-05 -0.3797E-08  0.6803E-09  0.1793E-08  0.4970E-02  0.8450E-02  0.0000E+00 -0.1000E+01
   15.1773  8 15    8.3872    0.0000    6.5282    0.0000   -0.2688    0.6606    0.0001   -1.0000    5.2959    3.9101  0.1003E-08  0.2191E+04 -0.7087E-05 -0.3797E-08  0.6680E-09  0.1793E-08  0.4940E-02  0.8450E-02  0.0000E+00 -0.1000E+01
   15.1774  8 15    8.3867    0.0000    6.5282    0.0000   -0.2711    0.6606    0.0001   -1.0000    5.2972    3.9101  0.1016E-08  0.2191E+04 -0.7111E-05 -0.3797E-08  0.6499E-09  0.1793E-08  0.4891E-02  0.8450E-02  0.0000E+00 -0.1000E+01
   15.1775  8 15    8.3861    0.0000    6.5282    0.0000   -0.2734    0.6606    0.0001   -1.0000    5.2985    3.9101  0.1029E-08  0.2191E+04 -0.7138E-05 -0.3797E-08  0.6372E-09  0.1793E-08  0.4814E-02  0.8450E-02  0.0000E+00 -0.1000E+01
   15.1776  8 15    8.3855    0.0000    6.5282    0.0000   -0.2757    0.6606    0.0001   -1.0000    5.2998    3.9101  0.1041E-08  0.2191E+04 -0.7164E-05 -0.3797E-08  0.6271E-09  0.1793E-08  0.4749E-02  0.8450E-02  0.0000E+00 -0.1000E+01
   15.1777  8 15    8.3850    0.0000    6.5282    0.0000   -0.2780    0.6606    0.0001   -1.0000    5.3011    3.9101  0.1054E-08  0.2191E+04 -0.7221E-05 -0.3797E-08  0.6159E-09  0.1793E-08  0.4725E-02  0.8450E-02  0.0000E+00 -0.1000E+01
   15.1777  8 15    8.3844    0.0000    6.5282    0.0000   -0.2802    0.6606    0.0001   -1.0000    5.3024    3.9101  0.1067E-08  0.2191E+04 -0.7215E-05 -0.3797E-08  0.6049E-09  0.1793E-08  0.4677E-02  0.8450E-02  0.0000E+00 -0.1000E+01
   15.1778  8 15    8.3838    0.0000    6.5282    0.0000   -0.2825    0.6606    0.0001   -1.0000    5.3036    3.9101  0.1080E-08  0.2191E+04 -0.7206E-05 -0.3797E-08  0.5939E-09  0.1793E-08  0.4613E-02  0.8450E-02  0.0000E+00 -0.1000E+01
   15.1779  8 15    8.3833    0.0000    6.5282    0.0000   -0.2847    0.6606    0.0001   -1.0000    5.3049    3.9101  0.1094E-08  0.2191E+04 -0.7265E-05 -0.3797E-08  0.5822E-09  0.1793E-08  0.4584E-02  0.8450E-02  0.0000E+00 -0.1000E+01
   15.1780  8 15    8.3827    0.0000    6.5282    0.0000   -0.2870    0.6606    0.0001   -1.0000    5.3062    3.9101  0.1107E-08  0.2191E+04 -0.7291E-05 -0.3797E-08  0.5709E-09  0.1793E-08  0.4557E-02  0.8450E-02  0.0000E+00 -0.1000E+01
   15.1781  8 15    8.3821    0.0000    6.5282    0.0000   -0.2893    0.6606    0.0001   -1.0000    5.3074    3.9101  0.1120E-08  0.2191E+04 -0.7316E-05 -0.3797E-08  0.5617E-09  0.1793E-08  0.4518E-02  0.8450E-02  0.0000E+00 -0.1000E+01
   15.1781  8 15    8.3815    0.0000    6.5282    0.0000   -0.2915    0.6606    0.0001   -1.0000    5.3087    3.9101  0.1134E-08  0.2191E+04 -0.7342E-05 -0.3797E-08  0.5522E-09  0.1793E-08  0.4478E-02  0.8450E-02  0.0000E+00 -0.1000E+01
   15.1782  8 15    8.3809    0.0000    6.5282    0.0000   -0.2938    0.6606    0.0001   -1.0000    5.3099    3.9101  0.1148E-08  0.2191E+04 -0.7366E-05 -0.3797E-08  0.5437E-09  0.1793E-08  0.4439E-02  0.8450E-02  0.0000E+00 -0.1000E+01
   15.1783  8 15    8.3804    0.0000    6.5282    0.0000   -0.2960    0.6606    0.0001   -1.0000    5.3111    3.9101  0.1162E-08  0.2191E+04 -0.7392E-05 -0.3797E-08  0.5366E-09  0.1793E-08  0.4399E-02  0.8450E-02  0.0000E+00 -0.1000E+01
   15.1784  8 15    8.3798    0.0000    6.5282    0.0000   -0.2982    0.6606    0.0001   -1.0000    5.3124    3.9101  0.1176E-08  0.2191E+04 -0.7417E-05 -0.3797E-08  0.5280E-09  0.1793E-08  0.4347E-02  0.8450E-02  0.0000E+00 -0.1000E+01
   15.1784  8 15    8.3792    0.0000    6.5282    0.0000   -0.3005    0.6606    0.0001   -1.0000    5.3136    3.9101  0.1190E-08  0.2191E+04 -0.7442E-05 -0.3797E-08  0.5187E-09  0.1793E-08  0.4292E-02  0.8450E-02  0.0000E+00 -0.1000E+01
   15.1785  8 15    8.3786    0.0000    6.5282    0.0000   -0.3027    0.6606    0.0001   -1.0000    5.3148    3.9101  0.1205E-08  0.2191E+04 -0.7466E-05 -0.3797E-08  0.5108E-09  0.1793E-08  0.4256E-02  0.8450E-02  0.0000E+00 -0.1000E+01
   15.1786  8 15    8.3780    0.0000    6.5282    0.0000   -0.3049    0.6606    0.0001   -1.0000    5.3161    3.9101  0.1219E-08  0.2191E+04 -0.7490E-05 -0.3797E-08  0.5029E-09  0.1793E-08  0.4226E-02  0.8450E-02  0.0000E+00 -0.1000E+01
   15.1787  8 15    8.3774    0.0000    6.5282    0.0000   -0.3071    0.6606    0.0001   -1.0000    5.3173    3.9101  0.1234E-08  0.2191E+04 -0.7516E-05 -0.3797E-08  0.4947E-09  0.1793E-08  0.4185E-02  0.8450E-02  0.0000E+00 -0.1000E+01
   15.1788  8 15    8.3768    0.0000    6.5282    0.0000   -0.3093    0.6606    0.0001   -1.0000    5.3185    3.9101  0.1248E-08  0.2191E+04 -0.7541E-05 -0.3797E-08  0.4896E-09  0.1793E-08  0.4156E-02  0.8450E-02  0.0000E+00 -0.1000E+01
   15.1788  8 15    8.3762    0.0000    6.5282    0.0000   -0.3115    0.6606    0.0001   -1.0000    5.3197    3.9101  0.1263E-08  0.2191E+04 -0.7568E-05 -0.3797E-08  0.4854E-09  0.1793E-08  0.4154E-02  0.8450E-02  0.0000E+00 -0.1000E+01
   15.1789  8 15    8.3756    0.0000    6.5282    0.0000   -0.3136    0.6606    0.0001   -1.0000    5.3209    3.9101  0.1278E-08  0.2191E+04 -0.7594E-05 -0.3797E-08  0.4778E-09  0.1793E-08  0.4168E-02  0.8450E-02  0.0000E+00 -0.1000E+01
   15.1790  8 15    8.3750    0.0000    6.5282    0.0000   -0.3158    0.6606    0.0001   -1.0000    5.3221    3.9101  0.1293E-08  0.2191E+04 -0.7619E-05 -0.3797E-08  0.4631E-09  0.1793E-08  0.4118E-02  0.8450E-02  0.0000E+00 -0.1000E+01
   15.1791  8 15    8.3744    0.0000    6.5282    0.0000   -0.3180    0.6606    0.0001   -1.0000    5.3233    3.9101  0.1309E-08  0.2191E+04 -0.7643E-05 -0.3797E-08  0.4460E-09  0.1793E-08  0.4027E-02  0.8450E-02  0.0000E+00 -0.1000E+01
   15.1792  8 15    8.3738    0.0000    6.5282    0.0000   -0.3201    0.6606    0.0001   -1.0000    5.3245    3.9101  0.1324E-08  0.2191E+04 -0.7666E-05 -0.3797E-08  0.4350E-09  0.1793E-08  0.3957E-02  0.8450E-02  0.0000E+00 -0.1000E+01
   15.1792  8 15    8.3732    0.0000    6.5282    0.0000   -0.3223    0.6606    0.0001   -1.0000    5.3258    3.9101  0.1340E-08  0.2191E+04 -0.7691E-05 -0.3797E-08  0.4281E-09  0.1793E-08  0.3919E-02  0.8450E-02  0.0000E+00 -0.1000E+01
   15.1793  8 15    8.3726    0.0000    6.5282    0.0000   -0.3245    0.6606    0.0001   -1.0000    5.3270    3.9101  0.1356E-08  0.2191E+04 -0.7715E-05 -0.3797E-08  0.4229E-09  0.1793E-08  0.3902E-02  0.8450E-02  0.0000E+00 -0.1000E+01
   15.1794  8 15    8.3720    0.0000    6.5282    0.0000   -0.3266    0.6606    0.0001   -1.0000    5.3282    3.9101  0.1372E-08  0.2191E+04 -0.7740E-05 -0.3797E-08  0.4192E-09  0.1793E-08  0.3881E-02  0.8450E-02  0.0000E+00 -0.1000E+01
   15.1795  8 15    8.3714    0.0000    6.5282    0.0000   -0.3288    0.6606    0.0001   -1.0000    5.3294    3.9101  0.1388E-08  0.2191E+04 -0.7766E-05 -0.3797E-08  0.4160E-09  0.1793E-08  0.3858E-02  0.8450E-02  0.0000E+00 -0.1000E+01
   15.1796  8 15    8.3708    0.0000    6.5282    0.0000   -0.3309    0.6606    0.0001   -1.0000    5.3306    3.9101  0.1404E-08  0.2191E+04 -0.7790E-05 -0.3797E-08  0.4098E-09  0.1793E-08  0.3828E-02  0.8450E-02  0.0000E+00 -0.1000E+01
   15.1796  8 15    8.3702    0.0000    6.5282    0.0000   -0.3330    0.6606    0.0001   -1.0000    5.3318    3.9101  0.1421E-08  0.2191E+04 -0.7816E-05 -0.3797E-08  0.4041E-09  0.1793E-08  0.3797E-02  0.8450E-02  0.0000E+00 -0.1000E+01
   15.1797  8 15    8.3695    0.0000    6.5282    0.0000   -0.3351    0.6606    0.0001   -1.0000    5.3330    3.9101  0.1437E-08  0.2191E+04 -0.7839E-05 -0.3797E-08  0.4009E-09  0.1793E-08  0.3775E-02  0.8450E-02  0.0000E+00 -0.1000E+01
   15.1798  8 15    8.3689    0.0000    6.5282    0.0000   -0.3373    0.6606    0.0001   -1.0000    5.3342    3.9101  0.1454E-08  0.2191E+04 -0.7865E-05 -0.3797E-08  0.3947E-09  0.1793E-08  0.3729E-02  0.8450E-02  0.0000E+00 -0.1000E+01
   15.1799  8 15    8.3683    0.0000    6.5282    0.0000   -0.3394    0.6606    0.0001   -1.0000    5.3354    3.9101  0.1471E-08  0.2191E+04 -0.7893E-05 -0.3797E-08  0.3886E-09  0.1793E-08  0.3684E-02  0.8450E-02  0.0000E+00 -0.1000E+01
   15.1799  8 15    8.3677    0.0000    6.5281    0.0000   -0.3414    0.6606    0.0001   -1.0000    5.3366    3.9101  0.1488E-08  0.2191E+04 -0.7916E-05 -0.3797E-08  0.3841E-09  0.1793E-08  0.3654E-02  0.8450E-02  0.0000E+00 -0.1000E+01
   15.1800  8 15    8.3671    0.0000    6.5293    0.0000   -0.3435    0.6606    0.0001   -1.0000    5.3378    3.9101  0.1505E-08  0.2191E+04 -0.7941E-05 -0.3797E-08  0.3818E-09  0.1793E-08  0.3644E-02  0.8450E-02  0.0000E+00 -0.1000E+01
   15.1801  8 15    8.3664    0.0000    6.5314    0.0000   -0.3456    0.6606    0.0001   -1.0000    5.3390    3.9101  0.1523E-08  0.2191E+04 -0.7965E-05 -0.3797E-08  0.3805E-09  0.1793E-08  0.3642E-02  0.8450E-02  0.0000E+00 -0.1000E+01
   15.1802  8 15    8.3658    0.0000    6.5321    0.0000   -0.3476    0.6606    0.0001   -1.0000    5.3402    3.9101  0.1541E-08  0.2191E+04 -0.7991E-05 -0.3797E-08  0.3739E-09  0.1793E-08  0.3584E-02  0.8450E-02  0.0000E+00 -0.1000E+01
   15.1803  8 15    8.3652    0.0000    6.5321    0.0000   -0.3497    0.6606    0.0001   -1.0000    5.3414    3.9101  0.1558E-08  0.2191E+04 -0.8018E-05 -0.3797E-08  0.3687E-09  0.1793E-08  0.3527E-02  0.8450E-02  0.0000E+00 -0.1000E+01
   15.1803  8 15    8.3645    0.0000    6.5321    0.0000   -0.3518    0.6606    0.0001   -1.0000    5.3426    3.9101  0.1576E-08  0.2191E+04 -0.8036E-05 -0.3797E-08  0.3665E-09  0.1793E-08  0.3488E-02  0.8450E-02  0.0000E+00 -0.1000E+01
   15.1804  8 15    8.3639    0.0000    6.5321    0.0000   -0.3538    0.6606    0.0001   -1.0000    5.3438    3.9101  0.1594E-08  0.2191E+04 -0.8091E-05 -0.3797E-08  0.3736E-09  0.1793E-08  0.3483E-02  0.8450E-02  0.0000E+00 -0.1000E+01
   15.1805  8 15    8.3633    0.0000    6.5321    0.0000   -0.3557    0.6606    0.0001   -1.0000    5.3450    3.9101  0.1612E-08  0.2191E+04 -0.8092E-05 -0.3797E-08  0.3698E-09  0.1793E-08  0.3490E-02  0.8450E-02  0.0000E+00 -0.1000E+01
   15.1806  8 15    8.3626    0.0000    6.5320    0.0000   -0.3577    0.6606    0.0001   -1.0000    5.3463    3.9101  0.1630E-08  0.2191E+04 -0.8090E-05 -0.3797E-08  0.3665E-09  0.1793E-08  0.3461E-02  0.8450E-02  0.0000E+00 -0.1000E+01
   15.1807  8 15    8.3620    0.0000    6.5320    0.0000   -0.3596    0.6606    0.0001   -1.0000    5.3475    3.9101  0.1648E-08  0.2191E+04 -0.8143E-05 -0.3797E-08  0.3629E-09  0.1793E-08  0.3447E-02  0.8450E-02  0.0000E+00 -0.1000E+01
   15.1807  8 15    8.3613    0.0000    6.5324    0.0000   -0.3615    0.6606    0.0001   -1.0000    5.3487    3.9101  0.1666E-08  0.2191E+04 -0.8163E-05 -0.3797E-08  0.3587E-09  0.1793E-08  0.3441E-02  0.8450E-02  0.0000E+00 -0.1000E+01
   15.1808  8 15    8.3607    0.0000    6.5326    0.0000   -0.3633    0.6606    0.0001   -1.0000    5.3499    3.9101  0.1685E-08  0.2191E+04 -0.8189E-05 -0.3797E-08  0.3544E-09  0.1793E-08  0.3427E-02  0.8450E-02  0.0000E+00 -0.1000E+01
   15.1809  8 15    8.3600    0.0000    6.5326    0.0000   -0.3652    0.6606    0.0001   -1.0000    5.3511    3.9101  0.1703E-08  0.2191E+04 -0.8215E-05 -0.3797E-08  0.3508E-09  0.1793E-08  0.3395E-02  0.8450E-02  0.0000E+00 -0.1000E+01
   15.1810  8 15    8.3594    0.0000    6.5332    0.0000   -0.3670    0.6606    0.0001   -1.0000    5.3524    3.9101  0.1721E-08  0.2191E+04 -0.8239E-05 -0.3797E-08  0.3501E-09  0.1793E-08  0.3360E-02  0.8450E-02  0.0000E+00 -0.1000E+01
   15.1810  8 15    8.3587    0.0000    6.5352    0.0000   -0.3687    0.6606    0.0001   -1.0000    5.3536    3.9101  0.1740E-08  0.2191E+04 -0.8263E-05 -0.3797E-08  0.3496E-09  0.1793E-08  0.3349E-02  0.8450E-02  0.0000E+00 -0.1000E+01
   15.1811  8 15    8.3581    0.0000    6.5371    0.0000   -0.3705    0.6606    0.0001   -1.0000    5.3548    3.9101  0.1759E-08  0.2191E+04 -0.8285E-05 -0.3797E-08  0.3479E-09  0.1793E-08  0.3341E-02  0.8450E-02  0.0000E+00 -0.1000E+01
   15.1812  8 15    8.3574    0.0000    6.5371    0.0000   -0.3721    0.6606    0.0001   -1.0000    5.3561    3.9101  0.1777E-08  0.2191E+04 -0.8310E-05 -0.3797E-08  0.3435E-09  0.1793E-08  0.3314E-02  0.8450E-02  0.0000E+00 -0.1000E+01
   15.1813  8 15    8.3568    0.0000    6.5372    0.0000   -0.3737    0.6606    0.0001   -1.0000    5.3573    3.9101  0.1795E-08  0.2191E+04 -0.8334E-05 -0.3797E-08  0.3413E-09  0.1793E-08  0.3293E-02  0.8450E-02  0.0000E+00 -0.1000E+01
   15.1814  8 15    8.3561    0.0000    6.5381    0.0000   -0.3753    0.6606    0.0001   -1.0000    5.3586    3.9101  0.1813E-08  0.2191E+04 -0.8357E-05 -0.3797E-08  0.3410E-09  0.1793E-08  0.3276E-02  0.8450E-02  0.0000E+00 -0.1000E+01
   15.1814  8 15    8.3555    0.0000    6.5402    0.0000   -0.3768    0.6606    0.0001   -1.0000    5.3598    3.9101  0.1831E-08  0.2191E+04 -0.8381E-05 -0.3797E-08  0.3405E-09  0.1793E-08  0.3254E-02  0.8450E-02  0.0000E+00 -0.1000E+01
   15.1815  8 15    8.3548    0.0000    6.5424    0.0000   -0.3782    0.6606    0.0001   -1.0000    5.3611    3.9101  0.1849E-08  0.2191E+04 -0.8405E-05 -0.3797E-08  0.3391E-09  0.1793E-08  0.3247E-02  0.8450E-02  0.0000E+00 -0.1000E+01
   15.1816  8 15    8.3541    0.0000    6.5445    0.0000   -0.3796    0.6606    0.0001   -1.0000    5.3623    3.9101  0.1867E-08  0.2191E+04 -0.8429E-05 -0.3797E-08  0.3375E-09  0.1793E-08  0.3253E-02  0.8450E-02  0.0000E+00 -0.1000E+01
   15.1817  8 15    8.3535    0.0000    6.5464    0.0000   -0.3808    0.6606    0.0001   -1.0000    5.3636    3.9101  0.1885E-08  0.2191E+04 -0.8456E-05 -0.3797E-08  0.3390E-09  0.1793E-08  0.3248E-02  0.8450E-02  0.0000E+00 -0.1000E+01
   15.1818  8 15    8.3528    0.0000    6.5482    0.0000   -0.3820    0.6606    0.0001   -1.0000    5.3649    3.9101  0.1902E-08  0.2191E+04 -0.8482E-05 -0.3797E-08  0.3397E-09  0.1793E-08  0.3230E-02  0.8450E-02  0.0000E+00 -0.1000E+01
   15.1818  8 15    8.3521    0.0000    6.5506    0.0000   -0.3831    0.6606    0.0001   -1.0000    5.3662    3.9101  0.1919E-08  0.2191E+04 -0.8510E-05 -0.3797E-08  0.3366E-09  0.1793E-08  0.3195E-02  0.8450E-02  0.0000E+00 -0.1000E+01
   15.1819  8 15    8.3515    0.0000    6.5538    0.0000   -0.3841    0.6606    0.0001   -1.0000    5.3675    3.9101  0.1936E-08  0.2191E+04 -0.8541E-05 -0.3797E-08  0.3361E-09  0.1793E-08  0.3198E-02  0.8450E-02  0.0000E+00 -0.1000E+01
   15.1820  8 15    8.3508    0.0000    6.5571    0.0000   -0.3850    0.6606    0.0001   -1.0000    5.3689    3.9101  0.1953E-08  0.2191E+04 -0.8571E-05 -0.3797E-08  0.3376E-09  0.1793E-08  0.3218E-02  0.8450E-02  0.0000E+00 -0.1000E+01
   15.1821  8 15    8.3501    0.0000    6.5597    0.0000   -0.3858    0.6606    0.0001   -1.0000    5.3703    3.9101  0.1969E-08  0.2191E+04 -0.8603E-05 -0.3797E-08  0.3395E-09  0.1793E-08  0.3217E-02  0.8450E-02  0.0000E+00 -0.1000E+01
   15.1822  8 15    8.3494    0.0000    6.5628    0.0000   -0.3865    0.6606    0.0001   -1.0000    5.3717    3.9101  0.1985E-08  0.2191E+04 -0.8635E-05 -0.3797E-08  0.3399E-09  0.1793E-08  0.3184E-02  0.8450E-02  0.0000E+00 -0.1000E+01
   15.1822  8 15    8.3487    0.0000    6.5669    0.0000   -0.3870    0.6606    0.0001   -1.0000    5.3731    3.9101  0.2001E-08  0.2191E+04 -0.8671E-05 -0.3797E-08  0.3389E-09  0.1793E-08  0.3136E-02  0.8450E-02  0.0000E+00 -0.1000E+01
   15.1823  8 15    8.3481    0.0000    6.5711    0.0000   -0.3875    0.6606    0.0001   -1.0000    5.3746    3.9101  0.2017E-08  0.2191E+04 -0.8708E-05 -0.3797E-08  0.3400E-09  0.1793E-08  0.3175E-02  0.8450E-02  0.0000E+00 -0.1000E+01
   15.1824  8 15    8.3474    0.0000    6.5754    0.0000   -0.3879    0.6606    0.0001   -1.0000    5.3762    3.9101  0.2033E-08  0.2191E+04 -0.8745E-05 -0.3797E-08  0.3426E-09  0.1793E-08  0.3207E-02  0.8450E-02  0.0000E+00 -0.1000E+01
   15.1825  8 15    8.3467    0.0000    6.5801    0.0000   -0.3883    0.6606    0.0001   -1.0000    5.3778    3.9101  0.2049E-08  0.2191E+04 -0.8781E-05 -0.3797E-08  0.3462E-09  0.1793E-08  0.3193E-02  0.8450E-02  0.0000E+00 -0.1000E+01
   15.1825  8 15    8.3460    0.0000    6.5869    0.0000   -0.3886    0.6606    0.0001   -1.0000    5.3795    3.9101  0.2066E-08  0.2191E+04 -0.8823E-05 -0.3797E-08  0.3480E-09  0.1793E-08  0.3213E-02  0.8450E-02  0.0000E+00 -0.1000E+01
   15.1826  8 15    8.3453    0.0000    6.5930    0.0000   -0.3888    0.6606    0.0001   -1.0000    5.3813    3.9101  0.2084E-08  0.2191E+04 -0.8868E-05 -0.3797E-08  0.3512E-09  0.1793E-08  0.3252E-02  0.8450E-02  0.0000E+00 -0.1000E+01
   15.1827  8 15    8.3446    0.0000    6.6005    0.0000   -0.3886    0.6606    0.0001   -1.0000    5.3832    3.9101  0.2101E-08  0.2191E+04 -0.8910E-05 -0.3797E-08  0.3578E-09  0.1793E-08  0.3297E-02  0.8450E-02  0.0000E+00 -0.1000E+01
   15.1828  8 15    8.3439    0.0000    6.6080    0.0000   -0.3888    0.6606    0.0001   -1.0000    5.3852    3.9101  0.2122E-08  0.2191E+04 -0.8953E-05 -0.3797E-08  0.3640E-09  0.1793E-08  0.3303E-02  0.8450E-02  0.0000E+00 -0.1000E+01
   15.1829  8 15    8.3432    0.0000    6.6175    0.0000   -0.3892    0.6606    0.0001   -1.0000    5.3874    3.9101  0.2147E-08  0.2191E+04 -0.9001E-05 -0.3797E-08  0.3674E-09  0.1793E-08  0.3344E-02  0.8450E-02  0.0000E+00 -0.1000E+01
   15.1829  8 15    8.3425    0.0000    6.6278    0.0000   -0.3897    0.6606    0.0001   -1.0000    5.3900    3.9101  0.2178E-08  0.2191E+04 -0.9055E-05 -0.3797E-08  0.3758E-09  0.1793E-08  0.3373E-02  0.8450E-02  0.0000E+00 -0.1000E+01
   15.1830  8 15    8.3417    0.0000    6.6408    0.0000   -0.3902    0.6606    0.0001   -1.0000    5.3926    3.9101  0.2215E-08  0.2191E+04 -0.9119E-05 -0.3797E-08  0.3815E-09  0.1793E-08  0.3398E-02  0.8450E-02  0.0000E+00 -0.1000E+01
   15.1831  8 15    8.3410    0.0000    6.6584    0.0000   -0.3912    0.6606    0.0001   -1.0000    5.3958    3.9101  0.2269E-08  0.2191E+04 -0.9199E-05 -0.3797E-08  0.3863E-09  0.1793E-08  0.3397E-02  0.8450E-02  0.0000E+00 -0.1000E+01
   15.1832  8 15    8.3403    0.0000    6.6859    0.0000   -0.3946    0.6606    0.0001   -1.0000    5.4002    3.9101  0.2376E-08  0.2191E+04 -0.9269E-05 -0.3797E-08  0.3943E-09  0.1793E-08  0.3408E-02  0.8450E-02  0.0000E+00 -0.1000E+01
   15.1832  8 15    8.2569    0.0000    6.7015    0.0000   -0.3965    0.6606    0.0001   -1.0000    5.4026    3.9101  0.2527E-08  0.2191E+04 -0.2664E-02 -0.3797E-08  0.4030E-09  0.1793E-08  0.3381E-02  0.8450E-02  0.0000E+00 -0.1000E+01
   15.1832  8 15    8.1743    0.0000    6.7100    0.0000   -0.3966    0.6606    0.0001   -1.0000    5.4033    3.9101  0.2639E-08  0.2191E+04 -0.6282E-02 -0.3797E-08  0.4054E-09  0.1793E-08  0.3402E-02  0.8450E-02  0.0000E+00 -0.1000E+01
   15.1832  8 15    8.0926    0.0000    6.7158    0.0000   -0.3968    0.6606    0.0001   -1.0000    5.4037    3.9101  0.2751E-08  0.2191E+04 -0.1131E-01 -0.3797E-08  0.4027E-09  0.1793E-08  0.3421E-02  0.8450E-02  0.0000E+00 -0.1000E+01
   15.1832  8 15    8.0116    0.0000    6.7177    0.0000   -0.3975    0.6606    0.0001   -1.0000    5.4041    3.9101  0.2874E-08  0.2191E+04 -0.1770E-01 -0.3797E-08  0.4078E-09  0.1793E-08  0.3420E-02  0.8450E-02  0.0000E+00 -0.1000E+01
   15.1832  8 15    7.9315    0.0000    6.7215    0.0000   -0.3980    0.6606    0.0001   -1.0000    5.4044    3.9101  0.3000E-08  0.2191E+04 -0.2541E-01 -0.3797E-08  0.4159E-09  0.1793E-08  0.3557E-02  0.8450E-02  0.0000E+00 -0.1000E+01
   15.1832  8 15    7.8522    0.0000    6.7224    0.0000   -0.3981    0.6606    0.0001   -1.0000    5.4046    3.9101  0.3130E-08  0.2191E+04 -0.3438E-01 -0.3797E-08  0.4138E-09  0.1793E-08  0.3544E-02  0.8450E-02  0.0000E+00 -0.1000E+01
   15.1832  8 15    7.7737    0.0000    6.7224    0.0000   -0.3981    0.6606    0.0001   -1.0000    5.4046    3.9101  0.3258E-08  0.2191E+04 -0.4459E-01 -0.3797E-08  0.4138E-09  0.1793E-08  0.3544E-02  0.8450E-02  0.0000E+00 -0.1000E+01
   15.1832  8 15    7.6960    0.0000    6.7270    0.0000   -0.3982    0.6606    0.0001   -1.0000    5.4049    3.9101  0.3412E-08  0.2191E+04 -0.5599E-01 -0.3797E-08  0.4125E-09  0.1793E-08  0.3483E-02  0.8450E-02  0.0000E+00 -0.1000E+01
   15.1832  8 15    7.6190    0.0000    6.7270    0.0000   -0.3982    0.6606    0.0001   -1.0000    5.4049    3.9101  0.3562E-08  0.2191E+04 -0.6855E-01 -0.3797E-08  0.4125E-09  0.1793E-08  0.3483E-02  0.8450E-02  0.0000E+00 -0.1000E+01
   15.1832  8 15    7.5428    0.0000    6.7269    0.0000   -0.3984    0.6606    0.0001   -1.0000    5.4051    3.9101  0.3739E-08  0.2191E+04 -0.8221E-01 -0.3797E-08  0.4165E-09  0.1793E-08  0.3504E-02  0.8450E-02  0.0000E+00 -0.1000E+01
   15.1832  8 15    7.4674    0.0000    6.7269    0.0000   -0.3984    0.6606    0.0001   -1.0000    5.4051    3.9101  0.3916E-08  0.2191E+04 -0.9695E-01 -0.3797E-08  0.4165E-09  0.1793E-08  0.3504E-02  0.8450E-02  0.0000E+00 -0.1000E+01
   15.1832  8 15    7.3927    0.0000    6.7308    0.0000   -0.3987    0.6606    0.0001   -1.0000    5.4054    3.9101  0.4130E-08  0.2191E+04 -0.1127E+00 -0.3797E-08  0.4111E-09  0.1793E-08  0.3496E-02  0.8450E-02  0.0000E+00 -0.1000E+01
   15.1832  8 15    7.3188    0.0000    6.7308    0.0000   -0.3987    0.6606    0.0001   -1.0000    5.4054    3.9101  0.4342E-08  0.2191E+04 -0.1295E+00 -0.3797E-08  0.4111E-09  0.1793E-08  0.3496E-02  0.8450E-02  0.0000E+00 -0.1000E+01
   15.1832  8 15    7.2456    0.0000    6.7308    0.0000   -0.3987    0.6606    0.0001   -1.0000    5.4054    3.9101  0.4574E-08  0.2191E+04 -0.1473E+00 -0.3797E-08  0.4111E-09  0.1793E-08  0.3496E-02  0.8450E-02  0.0000E+00 -0.1000E+01
   15.1832  8 15    7.1731    0.0000    6.7308    0.0000   -0.3987    0.6606    0.0001   -1.0000    5.4054    3.9101  0.4829E-08  0.2191E+04 -0.1660E+00 -0.3797E-08  0.4111E-09  0.1793E-08  0.3496E-02  0.8450E-02  0.0000E+00 -0.1000E+01
   15.1832  8 15    7.1014    0.0000    6.7318    0.0000   -0.3989    0.6606    0.0001   -1.0000    5.4056    3.9101  0.5140E-08  0.2191E+04 -0.1856E+00 -0.3797E-08  0.4104E-09  0.1793E-08  0.3436E-02  0.8450E-02  0.0000E+00 -0.1000E+01
   15.1832  8 15    7.0304    0.0000    6.7318    0.0000   -0.3989    0.6606    0.0001   -1.0000    5.4056    3.9101  0.5458E-08  0.2191E+04 -0.2061E+00 -0.3797E-08  0.4104E-09  0.1793E-08  0.3436E-02  0.8450E-02  0.0000E+00 -0.1000E+01
   15.1832  8 15    6.9601    0.0000    6.7318    0.0000   -0.3989    0.6606    0.0001   -1.0000    5.4056    3.9101  0.5813E-08  0.2191E+04 -0.2274E+00 -0.3797E-08  0.4104E-09  0.1793E-08  0.3436E-02  0.8450E-02  0.0000E+00 -0.1000E+01
   15.1832  8 15    6.8905    0.0000    6.7318    0.0000   -0.3989    0.6606    0.0001   -1.0000    5.4056    3.9101  0.6213E-08  0.2191E+04 -0.2495E+00 -0.3797E-08  0.4104E-09  0.1793E-08  0.3436E-02  0.8450E-02  0.0000E+00 -0.1000E+01
   15.1832  8 15    6.8216    0.0000    6.7318    0.0000   -0.3989    0.6606    0.0001   -1.0000    5.4056    3.9101  0.6668E-08  0.2191E+04 -0.2725E+00 -0.3797E-08  0.4104E-09  0.1793E-08  0.3436E-02  0.8450E-02  0.0000E+00 -0.1000E+01
   15.1832  8 15    6.7534    0.0000    6.7318    0.0000   -0.3989    0.6606    0.0001   -1.0000    5.4056    3.9101  0.7189E-08  0.2191E+04 -0.2962E+00 -0.3797E-08  0.4104E-09  0.1793E-08  0.3436E-02  0.8450E-02  0.0000E+00 -0.1000E+01
   15.1832 14 15    4.7522    0.0000    4.7522    0.0000   -4.6957    0.6606    0.0001   -1.0000  -10.0000    3.9101  0.2000E+09  0.2191E+04 -0.3206E+00 -0.3797E-08  0.1000E-09  0.1793E-08  0.1000E-09  0.8450E-02  0.0000E+00 -0.1000E+01
   25.1832 14 15    4.7522    0.0000    4.7522    0.0000   -4.6957    0.6606    0.0001   -1.0000  -10.0000    3.9101  0.2000E+09  0.2191E+04  0.0000E+00 -0.3797E-08  0.1000E-09  0.1793E-08  0.1000E-09  0.8450E-02  0.0000E+00 -0.1000E+01
   35.1832 14 15    4.7522    0.0000    4.7522    0.0000   -4.6957    0.6606    0.0001   -1.0000  -10.0000    3.9101  0.2000E+09  0.2191E+04  0.0000E+00 -0.3797E-08  0.1000E-09  0.1793E-08  0.1000E-09  0.8450E-02  0.0000E+00 -0.1000E+01
   45.1832 14 15    4.7522    0.0000    4.7522    0.0000   -4.6957    0.6606    0.0001   -1.0000  -10.0000    3.9101  0.2000E+09  0.2191E+04  0.0000E+00 -0.3797E-08  0.1000E-09  0.1793E-08  0.1000E-09  0.8450E-02  0.0000E+00 -0.1000E+01
   55.1832 14 15    4.7522    0.0000    4.7522    0.0000   -4.6957    0.6606    0.0001   -1.0000  -10.0000    3.9101  0.2000E+09  0.2191E+04  0.0000E+00 -0.3797E-08  0.1000E-09  0.1793E-08  0.1000E-09  0.8450E-02  0.0000E+00 -0.1000E+01
   65.1833 14 15    4.7522    0.0000    4.7522    0.0000   -4.6957    0.6606    0.0001   -1.0000  -10.0000    3.9101  0.2000E+09  0.2191E+04  0.0000E+00 -0.3797E-08  0.1000E-09  0.1793E-08  0.1000E-09  0.8450E-02  0.0000E+00 -0.1000E+01
   75.1833 14 15    4.7522    0.0000    4.7522    0.0000   -4.6957    0.6606    0.0001   -1.0000  -10.0000    3.9101  0.2000E+09  0.2191E+04  0.0000E+00 -0.3797E-08  0.1000E-09  0.1793E-08  0.1000E-09  0.8450E-02  0.0000E+00 -0.1000E+01
   85.1833 14 15    4.7522    0.0000    4.7522    0.0000   -4.6957    0.6606    0.0001   -1.0000  -10.0000    3.9101  0.2000E+09  0.2191E+04  0.0000E+00 -0.3797E-08  0.1000E-09  0.1793E-08  0.1000E-09  0.8450E-02  0.0000E+00 -0.1000E+01
   95.1833 14 15    4.7522    0.0000    4.7522    0.0000   -4.6957    0.6606    0.0001   -1.0000  -10.0000    3.9101  0.2000E+09  0.2191E+04  0.0000E+00 -0.3797E-08  0.1000E-09  0.1793E-08  0.1000E-09  0.8450E-02  0.0000E+00 -0.1000E+01
  105.1833 14 15    4.7522    0.0000    4.7522    0.0000   -4.6957    0.6606    0.0001   -1.0000  -10.0000    3.9101  0.2000E+09  0.2191E+04  0.0000E+00 -0.3797E-08  0.1000E-09  0.1793E-08  0.1000E-09  0.8450E-02  0.0000E+00 -0.1000E+01
  115.1833 14 15    4.7522    0.0000    4.7522    0.0000   -4.6957    0.6606    0.0001   -1.0000  -10.0000    3.9101  0.2000E+09  0.2191E+04  0.0000E+00 -0.3797E-08  0.1000E-09  0.1793E-08  0.1000E-09  0.8450E-02  0.0000E+00 -0.1000E+01
  125.1833 14 15    4.7522    0.0000    4.7522    0.0000   -4.6957    0.6606    0.0001   -1.0000  -10.0000    3.9101  0.2000E+09  0.2191E+04  0.0000E+00 -0.3797E-08  0.1000E-09  0.1793E-08  0.1000E-09  0.8450E-02  0.0000E+00 -0.1000E+01
  135.1832 14 15    4.7522    0.0000    4.7522    0.0000   -4.6957    0.6606    0.0001   -1.0000  -10.0000    3.9101  0.2000E+09  0.2191E+04  0.0000E+00 -0.3797E-08  0.1000E-09  0.1793E-08  0.1000E-09  0.8450E-02  0.0000E+00 -0.1000E+01
  145.1832 14 15    4.7522    0.0000    4.7522    0.0000   -4.6957    0.6606    0.0001   -1.0000  -10.0000    3.9101  0.2000E+09  0.2191E+04  0.0000E+00 -0.3797E-08  0.1000E-09  0.1793E-08  0.1000E-09  0.8450E-02  0.0000E+00 -0.1000E+01
  155.1832 14 15    4.7522    0.0000    4.7522    0.0000   -4.6957    0.6606    0.0001   -1.0000  -10.0000    3.9101  0.2000E+09  0.2191E+04  0.0000E+00 -0.3797E-08  0.1000E-09  0.1793E-08  0.1000E-09  0.8450E-02  0.0000E+00 -0.1000E+01
  165.1832 14 15    4.7522    0.0000    4.7522    0.0000   -4.6957    0.6606    0.0001   -1.0000  -10.0000    3.9101  0.2000E+09  0.2191E+04  0.0000E+00 -0.3797E-08  0.1000E-09  0.1793E-08  0.1000E-09  0.8450E-02  0.0000E+00 -0.1000E+01
  175.1832 14 15    4.7522    0.0000    4.7522    0.0000   -4.6957    0.6606    0.0001   -1.0000  -10.0000    3.9101  0.2000E+09  0.2191E+04  0.0000E+00 -0.3797E-08  0.1000E-09  0.1793E-08  0.1000E-09  0.8450E-02  0.0000E+00 -0.1000E+01
  185.1832 14 15    4.7522    0.0000    4.7522    0.0000   -4.6957    0.6606    0.0001   -1.0000  -10.0000    3.9101  0.2000E+09  0.2191E+04  0.0000E+00 -0.3797E-08  0.1000E-09  0.1793E-08  0.1000E-09  0.8450E-02  0.0000E+00 -0.1000E+01
  195.1832 14 15    4.7522    0.0000    4.7522    0.0000   -4.6957    0.6606    0.0001   -1.0000  -10.0000    3.9101  0.2000E+09  0.2191E+04  0.0000E+00 -0.3797E-08  0.1000E-09  0.1793E-08  0.1000E-09  0.8450E-02  0.0000E+00 -0.1000E+01
  205.1832 14 15    4.7522    0.0000    4.7522    0.0000   -4.6957    0.6606    0.0001   -1.0000  -10.0000    3.9101  0.2000E+09  0.2191E+04  0.0000E+00 -0.3797E-08  0.1000E-09  0.1793E-08  0.1000E-09  0.8450E-02  0.0000E+00 -0.1000E+01
  215.1832 14 15    4.7522    0.0000    4.7522    0.0000   -4.6957    0.6606    0.0001   -1.0000  -10.0000    3.9101  0.2000E+09  0.2191E+04  0.0000E+00 -0.3797E-08  0.1000E-09  0.1793E-08  0.1000E-09  0.8450E-02  0.0000E+00 -0.1000E+01
  225.1832 14 15    4.7522    0.0000    4.7522    0.0000   -4.6957    0.6606    0.0001   -1.0000  -10.0000    3.9101  0.2000E+09  0.2191E+04  0.0000E+00 -0.3797E-08  0.1000E-09  0.1793E-08  0.1000E-09  0.8450E-02  0.0000E+00 -0.1000E+01
  235.1832 14 15    4.7522    0.0000    4.7522    0.0000   -4.6957    0.6606    0.0001   -1.0000  -10.0000    3.9101  0.2000E+09  0.2191E+04  0.0000E+00 -0.3797E-08  0.1000E-09  0.1793E-08  0.1000E-09  0.8450E-02  0.0000E+00 -0.1000E+01
  245.1832 14 15    4.7522    0.0000    4.7522    0.0000   -4.6957    0.6606    0.0001   -1.0000  -10.0000    3.9101  0.2000E+09  0.2191E+04  0.0000E+00 -0.3797E-08  0.1000E-09  0.1793E-08  0.1000E-09  0.8450E-02  0.0000E+00 -0.1000E+01
  255.1832 14 15    4.7522    0.0000    4.7522    0.0000   -4.6957    0.6606    0.0001   -1.0000  -10.0000    3.9101  0.2000E+09  0.2191E+04  0.0000E+00 -0.3797E-08  0.1000E-09  0.1793E-08  0.1000E-09  0.8450E-02  0.0000E+00 -0.1000E+01
  265.1833 14 15    4.7522    0.0000    4.7522    0.0000   -4.6957    0.6606    0.0001   -1.0000  -10.0000    3.9101  0.2000E+09  0.2191E+04  0.0000E+00 -0.3797E-08  0.1000E-09  0.1793E-08  0.1000E-09  0.8450E-02  0.0000E+00 -0.1000E+01
  275.1833 14 15    4.7522    0.0000    4.7522    0.0000   -4.6957    0.6606    0.0001   -1.0000  -10.0000    3.9101  0.2000E+09  0.2191E+04  0.0000E+00 -0.3797E-08  0.1000E-09  0.1793E-08  0.1000E-09  0.8450E-02  0.0000E+00 -0.1000E+01
  285.1833 14 15    4.7522    0.0000    4.7522    0.0000   -4.6957    0.6606    0.0001   -1.0000  -10.0000    3.9101  0.2000E+09  0.2191E+04  0.0000E+00 -0.3797E-08  0.1000E-09  0.1793E-08  0.1000E-09  0.8450E-02  0.0000E+00 -0.1000E+01
  295.1833 14 15    4.7522    0.0000    4.7522    0.0000   -4.6957    0.6606    0.0001   -1.0000  -10.0000    3.9101  0.2000E+09  0.2191E+04  0.0000E+00 -0.3797E-08  0.1000E-09  0.1793E-08  0.1000E-09  0.8450E-02  0.0000E+00 -0.1000E+01
  305.1833 14 15    4.7522    0.0000    4.7522    0.0000   -4.6957    0.6606    0.0001   -1.0000  -10.0000    3.9101  0.2000E+09  0.2191E+04  0.0000E+00 -0.3797E-08  0.1000E-09  0.1793E-08  0.1000E-09  0.8450E-02  0.0000E+00 -0.1000E+01
  315.1833 14 15    4.7522    0.0000    4.7522    0.0000   -4.6957    0.6606    0.0001   -1.0000  -10.0000    3.9101  0.2000E+09  0.2191E+04  0.0000E+00 -0.3797E-08  0.1000E-09  0.1793E-08  0.1000E-09  0.8450E-02  0.0000E+00 -0.1000E+01
  325.1833 14 15    4.7522    0.0000    4.7522    0.0000   -4.6957    0.6606    0.0001   -1.0000  -10.0000    3.9101  0.2000E+09  0.2191E+04  0.0000E+00 -0.3797E-08  0.1000E-09  0.1793E-08  0.1000E-09  0.8450E-02  0.0000E+00 -0.1000E+01
  335.1833 14 15    4.7522    0.0000    4.7522    0.0000   -4.6957    0.6606    0.0001   -1.0000  -10.0000    3.9101  0.2000E+09  0.2191E+04  0.0000E+00 -0.3797E-08  0.1000E-09  0.1793E-08  0.1000E-09  0.8450E-02  0.0000E+00 -0.1000E+01
  345.1833 14 15    4.7522    0.0000    4.7522    0.0000   -4.6957    0.6606    0.0001   -1.0000  -10.0000    3.9101  0.2000E+09  0.2191E+04  0.0000E+00 -0.3797E-08  0.1000E-09  0.1793E-08  0.1000E-09  0.8450E-02  0.0000E+00 -0.1000E+01
  355.1833 14 15    4.7522    0.0000    4.7522    0.0000   -4.6957    0.6606    0.0001   -1.0000  -10.0000    3.9101  0.2000E+09  0.2191E+04  0.0000E+00 -0.3797E-08  0.1000E-09  0.1793E-08  0.1000E-09  0.8450E-02  0.0000E+00 -0.1000E+01
  365.1833 14 15    4.7522    0.0000    4.7522    0.0000   -4.6957    0.6606    0.0001   -1.0000  -10.0000    3.9101  0.2000E+09  0.2191E+04  0.0000E+00 -0.3797E-08  0.1000E-09  0.1793E-08  0.1000E-09  0.8450E-02  0.0000E+00 -0.1000E+01
  375.1833 14 15    4.7522    0.0000    4.7522    0.0000   -4.6957    0.6606    0.0001   -1.0000  -10.0000    3.9101  0.2000E+09  0.2191E+04  0.0000E+00 -0.3797E-08  0.1000E-09  0.1793E-08  0.1000E-09  0.8450E-02  0.0000E+00 -0.1000E+01
  385.1833 14 15    4.7522    0.0000    4.7522    0.0000   -4.6957    0.6606    0.0001   -1.0000  -10.0000    3.9101  0.2000E+09  0.2191E+04  0.0000E+00 -0.3797E-08  0.1000E-09  0.1793E-08  0.1000E-09  0.8450E-02  0.0000E+00 -0.1000E+01
  395.1833 14 15    4.7522    0.0000    4.7522    0.0000   -4.6957    0.6606    0.0001   -1.0000  -10.0000    3.9101  0.2000E+09  0.2191E+04  0.0000E+00 -0.3797E-08  0.1000E-09  0.1793E-08  0.1000E-09  0.8450E-02  0.0000E+00 -0.1000E+01
  405.1833 14 15    4.7522    0.0000    4.7522    0.0000   -4.6957    0.6606    0.0001   -1.0000  -10.0000    3.9101  0.2000E+09  0.2191E+04  0.0000E+00 -0.3797E-08  0.1000E-09  0.1793E-08  0.1000E-09  0.8450E-02  0.0000E+00 -0.1000E+01
  415.1833 14 15    4.7522    0.0000    4.7522    0.0000   -4.6957    0.6606    0.0001   -1.0000  -10.0000    3.9101  0.2000E+09  0.2191E+04  0.0000E+00 -0.3797E-08  0.1000E-09  0.1793E-08  0.1000E-09  0.8450E-02  0.0000E+00 -0.1000E+01
  425.1833 14 15    4.7522    0.0000    4.7522    0.0000   -4.6957    0.6606    0.0001   -1.0000  -10.0000    3.9101  0.2000E+09  0.2191E+04  0.0000E+00 -0.3797E-08  0.1000E-09  0.1793E-08  0.1000E-09  0.8450E-02  0.0000E+00 -0.1000E+01
  435.1833 14 15    4.7522    0.0000    4.7522    0.0000   -4.6957    0.6606    0.0001   -1.0000  -10.0000    3.9101  0.2000E+09  0.2191E+04  0.0000E+00 -0.3797E-08  0.1000E-09  0.1793E-08  0.1000E-09  0.8450E-02  0.0000E+00 -0.1000E+01
  445.1833 14 15    4.7522    0.0000    4.7522    0.0000   -4.6957    0.6606    0.0001   -1.0000  -10.0000    3.9101  0.2000E+09  0.2191E+04  0.0000E+00 -0.3797E-08  0.1000E-09  0.1793E-08  0.1000E-09  0.8450E-02  0.0000E+00 -0.1000E+01
  455.1833 14 15    4.7522    0.0000    4.7522    0.0000   -4.6957    0.6606    0.0001   -1.0000  -10.0000    3.9101  0.2000E+09  0.2191E+04  0.0000E+00 -0.3797E-08  0.1000E-09  0.1793E-08  0.1000E-09  0.8450E-02  0.0000E+00 -0.1000E+01
  465.1833 14 15    4.7522    0.0000    4.7522    0.0000   -4.6957    0.6606    0.0001   -1.0000  -10.0000    3.9101  0.2000E+09  0.2191E+04  0.0000E+00 -0.3797E-08  0.1000E-09  0.1793E-08  0.1000E-09  0.8450E-02  0.0000E+00 -0.1000E+01
  475.1833 14 15    4.7522    0.0000    4.7522    0.0000   -4.6957    0.6606    0.0001   -1.0000  -10.0000    3.9101  0.2000E+09  0.2191E+04  0.0000E+00 -0.3797E-08  0.1000E-09  0.1793E-08  0.1000E-09  0.8450E-02  0.0000E+00 -0.1000E+01
  485.1833 14 15    4.7522    0.0000    4.7522    0.0000   -4.6957    0.6606    0.0001   -1.0000  -10.0000    3.9101  0.2000E+09  0.2191E+04  0.0000E+00 -0.3797E-08  0.1000E-09  0.1793E-08  0.1000E-09  0.8450E-02  0.0000E+00 -0.1000E+01
  495.1833 14 15    4.7522    0.0000    4.7522    0.0000   -4.6957    0.6606    0.0001   -1.0000  -10.0000    3.9101  0.2000E+09  0.2191E+04  0.0000E+00 -0.3797E-08  0.1000E-09  0.1793E-08  0.1000E-09  0.8450E-02  0.0000E+00 -0.1000E+01
  505.1833 14 15    4.7522    0.0000    4.7522    0.0000   -4.6957    0.6606    0.0001   -1.0000  -10.0000    3.9101  0.2000E+09  0.2191E+04  0.0000E+00 -0.3797E-08  0.1000E-09  0.1793E-08  0.1000E-09  0.8450E-02  0.0000E+00 -0.1000E+01
  515.1832 14 15    4.7522    0.0000    4.7522    0.0000   -4.6957    0.6606    0.0001   -1.0000  -10.0000    3.9101  0.2000E+09  0.2191E+04  0.0000E+00 -0.3797E-08  0.1000E-09  0.1793E-08  0.1000E-09  0.8450E-02  0.0000E+00 -0.1000E+01
  525.1832 14 15    4.7522    0.0000    4.7522    0.0000   -4.6957    0.6606    0.0001   -1.0000  -10.0000    3.9101  0.2000E+09  0.2191E+04  0.0000E+00 -0.3797E-08  0.1000E-09  0.1793E-08  0.1000E-09  0.8450E-02  0.0000E+00 -0.1000E+01
  535.1832 14 15    4.7522    0.0000    4.7522    0.0000   -4.6957    0.6606    0.0001   -1.0000  -10.0000    3.9101  0.2000E+09  0.2191E+04  0.0000E+00 -0.3797E-08  0.1000E-09  0.1793E-08  0.1000E-09  0.8450E-02  0.0000E+00 -0.1000E+01
  545.1832 14 15    4.7522    0.0000    4.7522    0.0000   -4.6957    0.6606    0.0001   -1.0000  -10.0000    3.9101  0.2000E+09  0.2191E+04  0.0000E+00 -0.3797E-08  0.1000E-09  0.1793E-08  0.1000E-09  0.8450E-02  0.0000E+00 -0.1000E+01
  555.1832 14 15    4.7522    0.0000    4.7522    0.0000   -4.6957    0.6606    0.0001   -1.0000  -10.0000    3.9101  0.2000E+09  0.2191E+04  0.0000E+00 -0.3797E-08  0.1000E-09  0.1793E-08  0.1000E-09  0.8450E-02  0.0000E+00 -0.1000E+01
  565.1832 14 15    4.7522    0.0000    4.7522    0.0000   -4.6957    0.6606    0.0001   -1.0000  -10.0000    3.9101  0.2000E+09  0.2191E+04  0.0000E+00 -0.3797E-08  0.1000E-09  0.1793E-08  0.1000E-09  0.8450E-02  0.0000E+00 -0.1000E+01
  575.1832 14 15    4.7522    0.0000    4.7522    0.0000   -4.6957    0.6606    0.0001   -1.0000  -10.0000    3.9101  0.2000E+09  0.2191E+04  0.0000E+00 -0.3797E-08  0.1000E-09  0.1793E-08  0.1000E-09  0.8450E-02  0.0000E+00 -0.1000E+01
  585.1832 14 15    4.7522    0.0000    4.7522    0.0000   -4.6957    0.6606    0.0001   -1.0000  -10.0000    3.9101  0.2000E+09  0.2191E+04  0.0000E+00 -0.3797E-08  0.1000E-09  0.1793E-08  0.1000E-09  0.8450E-02  0.0000E+00 -0.1000E+01
  595.1832 14 15    4.7522    0.0000    4.7522    0.0000   -4.6957    0.6606    0.0001   -1.0000  -10.0000    3.9101  0.2000E+09  0.2191E+04  0.0000E+00 -0.3797E-08  0.1000E-09  0.1793E-08  0.1000E-09  0.8450E-02  0.0000E+00 -0.1000E+01
  605.1832 14 15    4.7522    0.0000    4.7522    0.0000   -4.6957    0.6606    0.0001   -1.0000  -10.0000    3.9101  0.2000E+09  0.2191E+04  0.0000E+00 -0.3797E-08  0.1000E-09  0.1793E-08  0.1000E-09  0.8450E-02  0.0000E+00 -0.1000E+01
  615.1832 14 15    4.7522    0.0000    4.7522    0.0000   -4.6957    0.6606    0.0001   -1.0000  -10.0000    3.9101  0.2000E+09  0.2191E+04  0.0000E+00 -0.3797E-08  0.1000E-09  0.1793E-08  0.1000E-09  0.8450E-02  0.0000E+00 -0.1000E+01
  625.1832 14 15    4.7522    0.0000    4.7522    0.0000   -4.6957    0.6606    0.0001   -1.0000  -10.0000    3.9101  0.2000E+09  0.2191E+04  0.0000E+00 -0.3797E-08  0.1000E-09  0.1793E-08  0.1000E-09  0.8450E-02  0.0000E+00 -0.1000E+01
  635.1832 14 15    4.7522    0.0000    4.7522    0.0000   -4.6957    0.6606    0.0001   -1.0000  -10.0000    3.9101  0.2000E+09  0.2191E+04  0.0000E+00 -0.3797E-08  0.1000E-09  0.1793E-08  0.1000E-09  0.8450E-02  0.0000E+00 -0.1000E+01
  645.1832 14 15    4.7522    0.0000    4.7522    0.0000   -4.6957    0.6606    0.0001   -1.0000  -10.0000    3.9101  0.2000E+09  0.2191E+04  0.0000E+00 -0.3797E-08  0.1000E-09  0.1793E-08  0.1000E-09  0.8450E-02  0.0000E+00 -0.1000E+01
  655.1832 14 15    4.7522    0.0000    4.7522    0.0000   -4.6957    0.6606    0.0001   -1.0000  -10.0000    3.9101  0.2000E+09  0.2191E+04  0.0000E+00 -0.3797E-08  0.1000E-09  0.1793E-08  0.1000E-09  0.8450E-02  0.0000E+00 -0.1000E+01
  665.1832 14 15    4.7522    0.0000    4.7522    0.0000   -4.6957    0.6606    0.0001   -1.0000  -10.0000    3.9101  0.2000E+09  0.2191E+04  0.0000E+00 -0.3797E-08  0.1000E-09  0.1793E-08  0.1000E-09  0.8450E-02  0.0000E+00 -0.1000E+01
  675.1832 14 15    4.7522    0.0000    4.7522    0.0000   -4.6957    0.6606    0.0001   -1.0000  -10.0000    3.9101  0.2000E+09  0.2191E+04  0.0000E+00 -0.3797E-08  0.1000E-09  0.1793E-08  0.1000E-09  0.8450E-02  0.0000E+00 -0.1000E+01
  685.1832 14 15    4.7522    0.0000    4.7522    0.0000   -4.6957    0.6606    0.0001   -1.0000  -10.0000    3.9101  0.2000E+09  0.2191E+04  0.0000E+00 -0.3797E-08  0.1000E-09  0.1793E-08  0.1000E-09  0.8450E-02  0.0000E+00 -0.1000E+01
  695.1832 14 15    4.7522    0.0000    4.7522    0.0000   -4.6957    0.6606    0.0001   -1.0000  -10.0000    3.9101  0.2000E+09  0.2191E+04  0.0000E+00 -0.3797E-08  0.1000E-09  0.1793E-08  0.1000E-09  0.8450E-02  0.0000E+00 -0.1000E+01
  705.1832 14 15    4.7522    0.0000    4.7522    0.0000   -4.6957    0.6606    0.0001   -1.0000  -10.0000    3.9101  0.2000E+09  0.2191E+04  0.0000E+00 -0.3797E-08  0.1000E-09  0.1793E-08  0.1000E-09  0.8450E-02  0.0000E+00 -0.1000E+01
  715.1832 14 15    4.7522    0.0000    4.7522    0.0000   -4.6957    0.6606    0.0001   -1.0000  -10.0000    3.9101  0.2000E+09  0.2191E+04  0.0000E+00 -0.3797E-08  0.1000E-09  0.1793E-08  0.1000E-09  0.8450E-02  0.0000E+00 -0.1000E+01
  725.1832 14 15    4.7522    0.0000    4.7522    0.0000   -4.6957    0.6606    0.0001   -1.0000  -10.0000    3.9101  0.2000E+09  0.2191E+04  0.0000E+00 -0.3797E-08  0.1000E-09  0.1793E-08  0.1000E-09  0.8450E-02  0.0000E+00 -0.1000E+01
  735.1832 14 15    4.7522    0.0000    4.7522    0.0000   -4.6957    0.6606    0.0001   -1.0000  -10.0000    3.9101  0.2000E+09  0.2191E+04  0.0000E+00 -0.3797E-08  0.1000E-09  0.1793E-08  0.1000E-09  0.8450E-02  0.0000E+00 -0.1000E+01
  745.1832 14 15    4.7522    0.0000    4.7522    0.0000   -4.6957    0.6606    0.0001   -1.0000  -10.0000    3.9101  0.2000E+09  0.2191E+04  0.0000E+00 -0.3797E-08  0.1000E-09  0.1793E-08  0.1000E-09  0.8450E-02  0.0000E+00 -0.1000E+01
  755.1832 14 15    4.7522    0.0000    4.7522    0.0000   -4.6957    0.6606    0.0001   -1.0000  -10.0000    3.9101  0.2000E+09  0.2191E+04  0.0000E+00 -0.3797E-08  0.1000E-09  0.1793E-08  0.1000E-09  0.8450E-02  0.0000E+00 -0.1000E+01
  765.1832 14 15    4.7522    0.0000    4.7522    0.0000   -4.6957    0.6606    0.0001   -1.0000  -10.0000    3.9101  0.2000E+09  0.2191E+04  0.0000E+00 -0.3797E-08  0.1000E-09  0.1793E-08  0.1000E-09  0.8450E-02  0.0000E+00 -0.1000E+01
  775.1832 14 15    4.7522    0.0000    4.7522    0.0000   -4.6957    0.6606    0.0001   -1.0000  -10.0000    3.9101  0.2000E+09  0.2191E+04  0.0000E+00 -0.3797E-08  0.1000E-09  0.1793E-08  0.1000E-09  0.8450E-02  0.0000E+00 -0.1000E+01
  785.1832 14 15    4.7522    0.0000    4.7522    0.0000   -4.6957    0.6606    0.0001   -1.0000  -10.0000    3.9101  0.2000E+09  0.2191E+04  0.0000E+00 -0.3797E-08  0.1000E-09  0.1793E-08  0.1000E-09  0.8450E-02  0.0000E+00 -0.1000E+01
  795.1832 14 15    4.7522    0.0000    4.7522    0.0000   -4.6957    0.6606    0.0001   -1.0000  -10.0000    3.9101  0.2000E+09  0.2191E+04  0.0000E+00 -0.3797E-08  0.1000E-09  0.1793E-08  0.1000E-09  0.8450E-02  0.0000E+00 -0.1000E+01
  805.1832 14 15    4.7522    0.0000    4.7522    0.0000   -4.6957    0.6606    0.0001   -1.0000  -10.0000    3.9101  0.2000E+09  0.2191E+04  0.0000E+00 -0.3797E-08  0.1000E-09  0.1793E-08  0.1000E-09  0.8450E-02  0.0000E+00 -0.1000E+01
  815.1832 14 15    4.7522    0.0000    4.7522    0.0000   -4.6957    0.6606    0.0001   -1.0000  -10.0000    3.9101  0.2000E+09  0.2191E+04  0.0000E+00 -0.3797E-08  0.1000E-09  0.1793E-08  0.1000E-09  0.8450E-02  0.0000E+00 -0.1000E+01
  825.1832 14 15    4.7522    0.0000    4.7522    0.0000   -4.6957    0.6606    0.0001   -1.0000  -10.0000    3.9101  0.2000E+09  0.2191E+04  0.0000E+00 -0.3797E-08  0.1000E-09  0.1793E-08  0.1000E-09  0.8450E-02  0.0000E+00 -0.1000E+01
  835.1832 14 15    4.7522    0.0000    4.7522    0.0000   -4.6957    0.6606    0.0001   -1.0000  -10.0000    3.9101  0.2000E+09  0.2191E+04  0.0000E+00 -0.3797E-08  0.1000E-09  0.1793E-08  0.1000E-09  0.8450E-02  0.0000E+00 -0.1000E+01
  845.1832 14 15    4.7522    0.0000    4.7522    0.0000   -4.6957    0.6606    0.0001   -1.0000  -10.0000    3.9101  0.2000E+09  0.2191E+04  0.0000E+00 -0.3797E-08  0.1000E-09  0.1793E-08  0.1000E-09  0.8450E-02  0.0000E+00 -0.1000E+01
  855.1832 14 15    4.7522    0.0000    4.7522    0.0000   -4.6957    0.6606    0.0001   -1.0000  -10.0000    3.9101  0.2000E+09  0.2191E+04  0.0000E+00 -0.3797E-08  0.1000E-09  0.1793E-08  0.1000E-09  0.8450E-02  0.0000E+00 -0.1000E+01
  865.1832 14 15    4.7522    0.0000    4.7522    0.0000   -4.6957    0.6606    0.0001   -1.0000  -10.0000    3.9101  0.2000E+09  0.2191E+04  0.0000E+00 -0.3797E-08  0.1000E-09  0.1793E-08  0.1000E-09  0.8450E-02  0.0000E+00 -0.1000E+01
  875.1832 14 15    4.7522    0.0000    4.7522    0.0000   -4.6957    0.6606    0.0001   -1.0000  -10.0000    3.9101  0.2000E+09  0.2191E+04  0.0000E+00 -0.3797E-08  0.1000E-09  0.1793E-08  0.1000E-09  0.8450E-02  0.0000E+00 -0.1000E+01
  885.1832 14 15    4.7522    0.0000    4.7522    0.0000   -4.6957    0.6606    0.0001   -1.0000  -10.0000    3.9101  0.2000E+09  0.2191E+04  0.0000E+00 -0.3797E-08  0.1000E-09  0.1793E-08  0.1000E-09  0.8450E-02  0.0000E+00 -0.1000E+01
  895.1832 14 15    4.7522    0.0000    4.7522    0.0000   -4.6957    0.6606    0.0001   -1.0000  -10.0000    3.9101  0.2000E+09  0.2191E+04  0.0000E+00 -0.3797E-08  0.1000E-09  0.1793E-08  0.1000E-09  0.8450E-02  0.0000E+00 -0.1000E+01
  905.1832 14 15    4.7522    0.0000    4.7522    0.0000   -4.6957    0.6606    0.0001   -1.0000  -10.0000    3.9101  0.2000E+09  0.2191E+04  0.0000E+00 -0.3797E-08  0.1000E-09  0.1793E-08  0.1000E-09  0.8450E-02  0.0000E+00 -0.1000E+01
  915.1832 14 15    4.7522    0.0000    4.7522    0.0000   -4.6957    0.6606    0.0001   -1.0000  -10.0000    3.9101  0.2000E+09  0.2191E+04  0.0000E+00 -0.3797E-08  0.1000E-09  0.1793E-08  0.1000E-09  0.8450E-02  0.0000E+00 -0.1000E+01
  925.1832 14 15    4.7522    0.0000    4.7522    0.0000   -4.6957    0.6606    0.0001   -1.0000  -10.0000    3.9101  0.2000E+09  0.2191E+04  0.0000E+00 -0.3797E-08  0.1000E-09  0.1793E-08  0.1000E-09  0.8450E-02  0.0000E+00 -0.1000E+01
  935.1832 14 15    4.7522    0.0000    4.7522    0.0000   -4.6957    0.6606    0.0001   -1.0000  -10.0000    3.9101  0.2000E+09  0.2191E+04  0.0000E+00 -0.3797E-08  0.1000E-09  0.1793E-08  0.1000E-09  0.8450E-02  0.0000E+00 -0.1000E+01
  945.1832 14 15    4.7522    0.0000    4.7522    0.0000   -4.6957    0.6606    0.0001   -1.0000  -10.0000    3.9101  0.2000E+09  0.2191E+04  0.0000E+00 -0.3797E-08  0.1000E-09  0.1793E-08  0.1000E-09  0.8450E-02  0.0000E+00 -0.1000E+01
  955.1832 14 15    4.7522    0.0000    4.7522    0.0000   -4.6957    0.6606    0.0001   -1.0000  -10.0000    3.9101  0.2000E+09  0.2191E+04  0.0000E+00 -0.3797E-08  0.1000E-09  0.1793E-08  0.1000E-09  0.8450E-02  0.0000E+00 -0.1000E+01
  965.1832 14 15    4.7522    0.0000    4.7522    0.0000   -4.6957    0.6606    0.0001   -1.0000  -10.0000    3.9101  0.2000E+09  0.2191E+04  0.0000E+00 -0.3797E-08  0.1000E-09  0.1793E-08  0.1000E-09  0.8450E-02  0.0000E+00 -0.1000E+01
  975.1832 14 15    4.7522    0.0000    4.7522    0.0000   -4.6957    0.6606    0.0001   -1.0000  -10.0000    3.9101  0.2000E+09  0.2191E+04  0.0000E+00 -0.3797E-08  0.1000E-09  0.1793E-08  0.1000E-09  0.8450E-02  0.0000E+00 -0.1000E+01
  985.1832 14 15    4.7522    0.0000    4.7522    0.0000   -4.6957    0.6606    0.0001   -1.0000  -10.0000    3.9101  0.2000E+09  0.2191E+04  0.0000E+00 -0.3797E-08  0.1000E-09  0.1793E-08  0.1000E-09  0.8450E-02  0.0000E+00 -0.1000E+01
  995.1832 14 15    4.7522    0.0000    4.7522    0.0000   -4.6957    0.6606    0.0001   -1.0000  -10.0000    3.9101  0.2000E+09  0.2191E+04  0.0000E+00 -0.3797E-08  0.1000E-09  0.1793E-08  0.1000E-09  0.8450E-02  0.0000E+00 -0.1000E+01
 1005.1832 14 15    4.7522    0.0000    4.7522    0.0000   -4.6957    0.6606    0.0001   -1.0000  -10.0000    3.9101  0.2000E+09  0.2191E+04  0.0000E+00 -0.3797E-08  0.1000E-09  0.1793E-08  0.1000E-09  0.8450E-02  0.0000E+00 -0.1000E+01
 1015.1832 14 15    4.7522    0.0000    4.7522    0.0000   -4.6957    0.6606    0.0001   -1.0000  -10.0000    3.9101  0.2000E+09  0.2191E+04  0.0000E+00 -0.3797E-08  0.1000E-09  0.1793E-08  0.1000E-09  0.8450E-02  0.0000E+00 -0.1000E+01
 1025.1832 14 15    4.7522    0.0000    4.7522    0.0000   -4.6957    0.6606    0.0001   -1.0000  -10.0000    3.9101  0.2000E+09  0.2191E+04  0.0000E+00 -0.3797E-08  0.1000E-09  0.1793E-08  0.1000E-09  0.8450E-02  0.0000E+00 -0.1000E+01
 1035.1832 14 15    4.7522    0.0000    4.7522    0.0000   -4.6957    0.6606    0.0001   -1.0000  -10.0000    3.9101  0.2000E+09  0.2191E+04  0.0000E+00 -0.3797E-08  0.1000E-09  0.1793E-08  0.1000E-09  0.8450E-02  0.0000E+00 -0.1000E+01
 1045.1832 14 15    4.7522    0.0000    4.7522    0.0000   -4.6957    0.6606    0.0001   -1.0000  -10.0000    3.9101  0.2000E+09  0.2191E+04  0.0000E+00 -0.3797E-08  0.1000E-09  0.1793E-08  0.1000E-09  0.8450E-02  0.0000E+00 -0.1000E+01
 1055.1832 14 15    4.7522    0.0000    4.7522    0.0000   -4.6957    0.6606    0.0001   -1.0000  -10.0000    3.9101  0.2000E+09  0.2191E+04  0.0000E+00 -0.3797E-08  0.1000E-09  0.1793E-08  0.1000E-09  0.8450E-02  0.0000E+00 -0.1000E+01
 1065.1832 14 15    4.7522    0.0000    4.7522    0.0000   -4.6957    0.6606    0.0001   -1.0000  -10.0000    3.9101  0.2000E+09  0.2191E+04  0.0000E+00 -0.3797E-08  0.1000E-09  0.1793E-08  0.1000E-09  0.8450E-02  0.0000E+00 -0.1000E+01
 1075.1832 14 15    4.7522    0.0000    4.7522    0.0000   -4.6957    0.6606    0.0001   -1.0000  -10.0000    3.9101  0.2000E+09  0.2191E+04  0.0000E+00 -0.3797E-08  0.1000E-09  0.1793E-08  0.1000E-09  0.8450E-02  0.0000E+00 -0.1000E+01
 1085.1832 14 15    4.7522    0.0000    4.7522    0.0000   -4.6957    0.6606    0.0001   -1.0000  -10.0000    3.9101  0.2000E+09  0.2191E+04  0.0000E+00 -0.3797E-08  0.1000E-09  0.1793E-08  0.1000E-09  0.8450E-02  0.0000E+00 -0.1000E+01
 1095.1832 14 15    4.7522    0.0000    4.7522    0.0000   -4.6957    0.6606    0.0001   -1.0000  -10.0000    3.9101  0.2000E+09  0.2191E+04  0.0000E+00 -0.3797E-08  0.1000E-09  0.1793E-08  0.1000E-09  0.8450E-02  0.0000E+00 -0.1000E+01
 1105.1832 14 15    4.7522    0.0000    4.7522    0.0000   -4.6957    0.6606    0.0001   -1.0000  -10.0000    3.9101  0.2000E+09  0.2191E+04  0.0000E+00 -0.3797E-08  0.1000E-09  0.1793E-08  0.1000E-09  0.8450E-02  0.0000E+00 -0.1000E+01
 1115.1832 14 15    4.7522    0.0000    4.7522    0.0000   -4.6957    0.6606    0.0001   -1.0000  -10.0000    3.9101  0.2000E+09  0.2191E+04  0.0000E+00 -0.3797E-08  0.1000E-09  0.1793E-08  0.1000E-09  0.8450E-02  0.0000E+00 -0.1000E+01
 1125.1832 14 15    4.7522    0.0000    4.7522    0.0000   -4.6957    0.6606    0.0001   -1.0000  -10.0000    3.9101  0.2000E+09  0.2191E+04  0.0000E+00 -0.3797E-08  0.1000E-09  0.1793E-08  0.1000E-09  0.8450E-02  0.0000E+00 -0.1000E+01
 1135.1832 14 15    4.7522    0.0000    4.7522    0.0000   -4.6957    0.6606    0.0001   -1.0000  -10.0000    3.9101  0.2000E+09  0.2191E+04  0.0000E+00 -0.3797E-08  0.1000E-09  0.1793E-08  0.1000E-09  0.8450E-02  0.0000E+00 -0.1000E+01
 1145.1832 14 15    4.7522    0.0000    4.7522    0.0000   -4.6957    0.6606    0.0001   -1.0000  -10.0000    3.9101  0.2000E+09  0.2191E+04  0.0000E+00 -0.3797E-08  0.1000E-09  0.1793E-08  0.1000E-09  0.8450E-02  0.0000E+00 -0.1000E+01
 1155.1832 14 15    4.7522    0.0000    4.7522    0.0000   -4.6957    0.6606    0.0001   -1.0000  -10.0000    3.9101  0.2000E+09  0.2191E+04  0.0000E+00 -0.3797E-08  0.1000E-09  0.1793E-08  0.1000E-09  0.8450E-02  0.0000E+00 -0.1000E+01
 1165.1832 14 15    4.7522    0.0000    4.7522    0.0000   -4.6957    0.6606    0.0001   -1.0000  -10.0000    3.9101  0.2000E+09  0.2191E+04  0.0000E+00 -0.3797E-08  0.1000E-09  0.1793E-08  0.1000E-09  0.8450E-02  0.0000E+00 -0.1000E+01
 1175.1832 14 15    4.7522    0.0000    4.7522    0.0000   -4.6957    0.6606    0.0001   -1.0000  -10.0000    3.9101  0.2000E+09  0.2191E+04  0.0000E+00 -0.3797E-08  0.1000E-09  0.1793E-08  0.1000E-09  0.8450E-02  0.0000E+00 -0.1000E+01
 1185.1832 14 15    4.7522    0.0000    4.7522    0.0000   -4.6957    0.6606    0.0001   -1.0000  -10.0000    3.9101  0.2000E+09  0.2191E+04  0.0000E+00 -0.3797E-08  0.1000E-09  0.1793E-08  0.1000E-09  0.8450E-02  0.0000E+00 -0.1000E+01
 1195.1832 14 15    4.7522    0.0000    4.7522    0.0000   -4.6957    0.6606    0.0001   -1.0000  -10.0000    3.9101  0.2000E+09  0.2191E+04  0.0000E+00 -0.3797E-08  0.1000E-09  0.1793E-08  0.1000E-09  0.8450E-02  0.0000E+00 -0.1000E+01
 1205.1832 14 15    4.7522    0.0000    4.7522    0.0000   -4.6957    0.6606    0.0001   -1.0000  -10.0000    3.9101  0.2000E+09  0.2191E+04  0.0000E+00 -0.3797E-08  0.1000E-09  0.1793E-08  0.1000E-09  0.8450E-02  0.0000E+00 -0.1000E+01
 1215.1832 14 15    4.7522    0.0000    4.7522    0.0000   -4.6957    0.6606    0.0001   -1.0000  -10.0000    3.9101  0.2000E+09  0.2191E+04  0.0000E+00 -0.3797E-08  0.1000E-09  0.1793E-08  0.1000E-09  0.8450E-02  0.0000E+00 -0.1000E+01
 1225.1832 14 15    4.7522    0.0000    4.7522    0.0000   -4.6957    0.6606    0.0001   -1.0000  -10.0000    3.9101  0.2000E+09  0.2191E+04  0.0000E+00 -0.3797E-08  0.1000E-09  0.1793E-08  0.1000E-09  0.8450E-02  0.0000E+00 -0.1000E+01
 1235.1832 14 15    4.7522    0.0000    4.7522    0.0000   -4.6957    0.6606    0.0001   -1.0000  -10.0000    3.9101  0.2000E+09  0.2191E+04  0.0000E+00 -0.3797E-08  0.1000E-09  0.1793E-08  0.1000E-09  0.8450E-02  0.0000E+00 -0.1000E+01
 1245.1832 14 15    4.7522    0.0000    4.7522    0.0000   -4.6957    0.6606    0.0001   -1.0000  -10.0000    3.9101  0.2000E+09  0.2191E+04  0.0000E+00 -0.3797E-08  0.1000E-09  0.1793E-08  0.1000E-09  0.8450E-02  0.0000E+00 -0.1000E+01
 1255.1832 14 15    4.7522    0.0000    4.7522    0.0000   -4.6957    0.6606    0.0001   -1.0000  -10.0000    3.9101  0.2000E+09  0.2191E+04  0.0000E+00 -0.3797E-08  0.1000E-09  0.1793E-08  0.1000E-09  0.8450E-02  0.0000E+00 -0.1000E+01
 1265.1832 14 15    4.7522    0.0000    4.7522    0.0000   -4.6957    0.6606    0.0001   -1.0000  -10.0000    3.9101  0.2000E+09  0.2191E+04  0.0000E+00 -0.3797E-08  0.1000E-09  0.1793E-08  0.1000E-09  0.8450E-02  0.0000E+00 -0.1000E+01
 1275.1832 14 15    4.7522    0.0000    4.7522    0.0000   -4.6957    0.6606    0.0001   -1.0000  -10.0000    3.9101  0.2000E+09  0.2191E+04  0.0000E+00 -0.3797E-08  0.1000E-09  0.1793E-08  0.1000E-09  0.8450E-02  0.0000E+00 -0.1000E+01
 1285.1832 14 15    4.7522    0.0000    4.7522    0.0000   -4.6957    0.6606    0.0001   -1.0000  -10.0000    3.9101  0.2000E+09  0.2191E+04  0.0000E+00 -0.3797E-08  0.1000E-09  0.1793E-08  0.1000E-09  0.8450E-02  0.0000E+00 -0.1000E+01
 1295.1832 14 15    4.7522    0.0000    4.7522    0.0000   -4.6957    0.6606    0.0001   -1.0000  -10.0000    3.9101  0.2000E+09  0.2191E+04  0.0000E+00 -0.3797E-08  0.1000E-09  0.1793E-08  0.1000E-09  0.8450E-02  0.0000E+00 -0.1000E+01
 1305.1832 14 15    4.7522    0.0000    4.7522    0.0000   -4.6957    0.6606    0.0001   -1.0000  -10.0000    3.9101  0.2000E+09  0.2191E+04  0.0000E+00 -0.3797E-08  0.1000E-09  0.1793E-08  0.1000E-09  0.8450E-02  0.0000E+00 -0.1000E+01
 1315.1832 14 15    4.7522    0.0000    4.7522    0.0000   -4.6957    0.6606    0.0001   -1.0000  -10.0000    3.9101  0.2000E+09  0.2191E+04  0.0000E+00 -0.3797E-08  0.1000E-09  0.1793E-08  0.1000E-09  0.8450E-02  0.0000E+00 -0.1000E+01
 1325.1832 14 15    4.7522    0.0000    4.7522    0.0000   -4.6957    0.6606    0.0001   -1.0000  -10.0000    3.9101  0.2000E+09  0.2191E+04  0.0000E+00 -0.3797E-08  0.1000E-09  0.1793E-08  0.1000E-09  0.8450E-02  0.0000E+00 -0.1000E+01
 1335.1832 14 15    4.7522    0.0000    4.7522    0.0000   -4.6957    0.6606    0.0001   -1.0000  -10.0000    3.9101  0.2000E+09  0.2191E+04  0.0000E+00 -0.3797E-08  0.1000E-09  0.1793E-08  0.1000E-09  0.8450E-02  0.0000E+00 -0.1000E+01
 1345.1832 14 15    4.7522    0.0000    4.7522    0.0000   -4.6957    0.6606    0.0001   -1.0000  -10.0000    3.9101  0.2000E+09  0.2191E+04  0.0000E+00 -0.3797E-08  0.1000E-09  0.1793E-08  0.1000E-09  0.8450E-02  0.0000E+00 -0.1000E+01
 1355.1832 14 15    4.7522    0.0000    4.7522    0.0000   -4.6957    0.6606    0.0001   -1.0000  -10.0000    3.9101  0.2000E+09  0.2191E+04  0.0000E+00 -0.3797E-08  0.1000E-09  0.1793E-08  0.1000E-09  0.8450E-02  0.0000E+00 -0.1000E+01
 1365.1832 14 15    4.7522    0.0000    4.7522    0.0000   -4.6957    0.6606    0.0001   -1.0000  -10.0000    3.9101  0.2000E+09  0.2191E+04  0.0000E+00 -0.3797E-08  0.1000E-09  0.1793E-08  0.1000E-09  0.8450E-02  0.0000E+00 -0.1000E+01
 1375.1832 14 15    4.7522    0.0000    4.7522    0.0000   -4.6957    0.6606    0.0001   -1.0000  -10.0000    3.9101  0.2000E+09  0.2191E+04  0.0000E+00 -0.3797E-08  0.1000E-09  0.1793E-08  0.1000E-09  0.8450E-02  0.0000E+00 -0.1000E+01
 1385.1832 14 15    4.7522    0.0000    4.7522    0.0000   -4.6957    0.6606    0.0001   -1.0000  -10.0000    3.9101  0.2000E+09  0.2191E+04  0.0000E+00 -0.3797E-08  0.1000E-09  0.1793E-08  0.1000E-09  0.8450E-02  0.0000E+00 -0.1000E+01
 1395.1832 14 15    4.7522    0.0000    4.7522    0.0000   -4.6957    0.6606    0.0001   -1.0000  -10.0000    3.9101  0.2000E+09  0.2191E+04  0.0000E+00 -0.3797E-08  0.1000E-09  0.1793E-08  0.1000E-09  0.8450E-02  0.0000E+00 -0.1000E+01
 1405.1832 14 15    4.7522    0.0000    4.7522    0.0000   -4.6957    0.6606    0.0001   -1.0000  -10.0000    3.9101  0.2000E+09  0.2191E+04  0.0000E+00 -0.3797E-08  0.1000E-09  0.1793E-08  0.1000E-09  0.8450E-02  0.0000E+00 -0.1000E+01
 1415.1832 14 15    4.7522    0.0000    4.7522    0.0000   -4.6957    0.6606    0.0001   -1.0000  -10.0000    3.9101  0.2000E+09  0.2191E+04  0.0000E+00 -0.3797E-08  0.1000E-09  0.1793E-08  0.1000E-09  0.8450E-02  0.0000E+00 -0.1000E+01
 1425.1832 14 15    4.7522    0.0000    4.7522    0.0000   -4.6957    0.6606    0.0001   -1.0000  -10.0000    3.9101  0.2000E+09  0.2191E+04  0.0000E+00 -0.3797E-08  0.1000E-09  0.1793E-08  0.1000E-09  0.8450E-02  0.0000E+00 -0.1000E+01
 1435.1832 14 15    4.7522    0.0000    4.7522    0.0000   -4.6957    0.6606    0.0001   -1.0000  -10.0000    3.9101  0.2000E+09  0.2191E+04  0.0000E+00 -0.3797E-08  0.1000E-09  0.1793E-08  0.1000E-09  0.8450E-02  0.0000E+00 -0.1000E+01
 1445.1832 14 15    4.7522    0.0000    4.7522    0.0000   -4.6957    0.6606    0.0001   -1.0000  -10.0000    3.9101  0.2000E+09  0.2191E+04  0.0000E+00 -0.3797E-08  0.1000E-09  0.1793E-08  0.1000E-09  0.8450E-02  0.0000E+00 -0.1000E+01
 1455.1832 14 15    4.7522    0.0000    4.7522    0.0000   -4.6957    0.6606    0.0001   -1.0000  -10.0000    3.9101  0.2000E+09  0.2191E+04  0.0000E+00 -0.3797E-08  0.1000E-09  0.1793E-08  0.1000E-09  0.8450E-02  0.0000E+00 -0.1000E+01
 1465.1832 14 15    4.7522    0.0000    4.7522    0.0000   -4.6957    0.6606    0.0001   -1.0000  -10.0000    3.9101  0.2000E+09  0.2191E+04  0.0000E+00 -0.3797E-08  0.1000E-09  0.1793E-08  0.1000E-09  0.8450E-02  0.0000E+00 -0.1000E+01
 1475.1832 14 15    4.7522    0.0000    4.7522    0.0000   -4.6957    0.6606    0.0001   -1.0000  -10.0000    3.9101  0.2000E+09  0.2191E+04  0.0000E+00 -0.3797E-08  0.1000E-09  0.1793E-08  0.1000E-09  0.8450E-02  0.0000E+00 -0.1000E+01
 1485.1832 14 15    4.7522    0.0000    4.7522    0.0000   -4.6957    0.6606    0.0001   -1.0000  -10.0000    3.9101  0.2000E+09  0.2191E+04  0.0000E+00 -0.3797E-08  0.1000E-09  0.1793E-08  0.1000E-09  0.8450E-02  0.0000E+00 -0.1000E+01
 1495.1832 14 15    4.7522    0.0000    4.7522    0.0000   -4.6957    0.6606    0.0001   -1.0000  -10.0000    3.9101  0.2000E+09  0.2191E+04  0.0000E+00 -0.3797E-08  0.1000E-09  0.1793E-08  0.1000E-09  0.8450E-02  0.0000E+00 -0.1000E+01
 1505.1832 14 15    4.7522    0.0000    4.7522    0.0000   -4.6957    0.6606    0.0001   -1.0000  -10.0000    3.9101  0.2000E+09  0.2191E+04  0.0000E+00 -0.3797E-08  0.1000E-09  0.1793E-08  0.1000E-09  0.8450E-02  0.0000E+00 -0.1000E+01
 1515.1832 14 15    4.7522    0.0000    4.7522    0.0000   -4.6957    0.6606    0.0001   -1.0000  -10.0000    3.9101  0.2000E+09  0.2191E+04  0.0000E+00 -0.3797E-08  0.1000E-09  0.1793E-08  0.1000E-09  0.8450E-02  0.0000E+00 -0.1000E+01
 1525.1832 14 15    4.7522    0.0000    4.7522    0.0000   -4.6957    0.6606    0.0001   -1.0000  -10.0000    3.9101  0.2000E+09  0.2191E+04  0.0000E+00 -0.3797E-08  0.1000E-09  0.1793E-08  0.1000E-09  0.8450E-02  0.0000E+00 -0.1000E+01
 1535.1832 14 15    4.7522    0.0000    4.7522    0.0000   -4.6957    0.6606    0.0001   -1.0000  -10.0000    3.9101  0.2000E+09  0.2191E+04  0.0000E+00 -0.3797E-08  0.1000E-09  0.1793E-08  0.1000E-09  0.8450E-02  0.0000E+00 -0.1000E+01
 1545.1832 14 15    4.7522    0.0000    4.7522    0.0000   -4.6957    0.6606    0.0001   -1.0000  -10.0000    3.9101  0.2000E+09  0.2191E+04  0.0000E+00 -0.3797E-08  0.1000E-09  0.1793E-08  0.1000E-09  0.8450E-02  0.0000E+00 -0.1000E+01
 1555.1832 14 15    4.7522    0.0000    4.7522    0.0000   -4.6957    0.6606    0.0001   -1.0000  -10.0000    3.9101  0.2000E+09  0.2191E+04  0.0000E+00 -0.3797E-08  0.1000E-09  0.1793E-08  0.1000E-09  0.8450E-02  0.0000E+00 -0.1000E+01
 1565.1832 14 15    4.7522    0.0000    4.7522    0.0000   -4.6957    0.6606    0.0001   -1.0000  -10.0000    3.9101  0.2000E+09  0.2191E+04  0.0000E+00 -0.3797E-08  0.1000E-09  0.1793E-08  0.1000E-09  0.8450E-02  0.0000E+00 -0.1000E+01
 1575.1832 14 15    4.7522    0.0000    4.7522    0.0000   -4.6957    0.6606    0.0001   -1.0000  -10.0000    3.9101  0.2000E+09  0.2191E+04  0.0000E+00 -0.3797E-08  0.1000E-09  0.1793E-08  0.1000E-09  0.8450E-02  0.0000E+00 -0.1000E+01
 1585.1832 14 15    4.7522    0.0000    4.7522    0.0000   -4.6957    0.6606    0.0001   -1.0000  -10.0000    3.9101  0.2000E+09  0.2191E+04  0.0000E+00 -0.3797E-08  0.1000E-09  0.1793E-08  0.1000E-09  0.8450E-02  0.0000E+00 -0.1000E+01
 1595.1832 14 15    4.7522    0.0000    4.7522    0.0000   -4.6957    0.6606    0.0001   -1.0000  -10.0000    3.9101  0.2000E+09  0.2191E+04  0.0000E+00 -0.3797E-08  0.1000E-09  0.1793E-08  0.1000E-09  0.8450E-02  0.0000E+00 -0.1000E+01
 1605.1832 14 15    4.7522    0.0000    4.7522    0.0000   -4.6957    0.6606    0.0001   -1.0000  -10.0000    3.9101  0.2000E+09  0.2191E+04  0.0000E+00 -0.3797E-08  0.1000E-09  0.1793E-08  0.1000E-09  0.8450E-02  0.0000E+00 -0.1000E+01
 1615.1832 14 15    4.7522    0.0000    4.7522    0.0000   -4.6957    0.6606    0.0001   -1.0000  -10.0000    3.9101  0.2000E+09  0.2191E+04  0.0000E+00 -0.3797E-08  0.1000E-09  0.1793E-08  0.1000E-09  0.8450E-02  0.0000E+00 -0.1000E+01
 1625.1832 14 15    4.7522    0.0000    4.7522    0.0000   -4.6957    0.6606    0.0001   -1.0000  -10.0000    3.9101  0.2000E+09  0.2191E+04  0.0000E+00 -0.3797E-08  0.1000E-09  0.1793E-08  0.1000E-09  0.8450E-02  0.0000E+00 -0.1000E+01
 1635.1832 14 15    4.7522    0.0000    4.7522    0.0000   -4.6957    0.6606    0.0001   -1.0000  -10.0000    3.9101  0.2000E+09  0.2191E+04  0.0000E+00 -0.3797E-08  0.1000E-09  0.1793E-08  0.1000E-09  0.8450E-02  0.0000E+00 -0.1000E+01
 1645.1832 14 15    4.7522    0.0000    4.7522    0.0000   -4.6957    0.6606    0.0001   -1.0000  -10.0000    3.9101  0.2000E+09  0.2191E+04  0.0000E+00 -0.3797E-08  0.1000E-09  0.1793E-08  0.1000E-09  0.8450E-02  0.0000E+00 -0.1000E+01
 1655.1832 14 15    4.7522    0.0000    4.7522    0.0000   -4.6957    0.6606    0.0001   -1.0000  -10.0000    3.9101  0.2000E+09  0.2191E+04  0.0000E+00 -0.3797E-08  0.1000E-09  0.1793E-08  0.1000E-09  0.8450E-02  0.0000E+00 -0.1000E+01
 1665.1832 14 15    4.7522    0.0000    4.7522    0.0000   -4.6957    0.6606    0.0001   -1.0000  -10.0000    3.9101  0.2000E+09  0.2191E+04  0.0000E+00 -0.3797E-08  0.1000E-09  0.1793E-08  0.1000E-09  0.8450E-02  0.0000E+00 -0.1000E+01
 1675.1832 14 15    4.7522    0.0000    4.7522    0.0000   -4.6957    0.6606    0.0001   -1.0000  -10.0000    3.9101  0.2000E+09  0.2191E+04  0.0000E+00 -0.3797E-08  0.1000E-09  0.1793E-08  0.1000E-09  0.8450E-02  0.0000E+00 -0.1000E+01
 1685.1832 14 15    4.7522    0.0000    4.7522    0.0000   -4.6957    0.6606    0.0001   -1.0000  -10.0000    3.9101  0.2000E+09  0.2191E+04  0.0000E+00 -0.3797E-08  0.1000E-09  0.1793E-08  0.1000E-09  0.8450E-02  0.0000E+00 -0.1000E+01
 1695.1832 14 15    4.7522    0.0000    4.7522    0.0000   -4.6957    0.6606    0.0001   -1.0000  -10.0000    3.9101  0.2000E+09  0.2191E+04  0.0000E+00 -0.3797E-08  0.1000E-09  0.1793E-08  0.1000E-09  0.8450E-02  0.0000E+00 -0.1000E+01
 1705.1832 14 15    4.7522    0.0000    4.7522    0.0000   -4.6957    0.6606    0.0001   -1.0000  -10.0000    3.9101  0.2000E+09  0.2191E+04  0.0000E+00 -0.3797E-08  0.1000E-09  0.1793E-08  0.1000E-09  0.8450E-02  0.0000E+00 -0.1000E+01
 1715.1832 14 15    4.7522    0.0000    4.7522    0.0000   -4.6957    0.6606    0.0001   -1.0000  -10.0000    3.9101  0.2000E+09  0.2191E+04  0.0000E+00 -0.3797E-08  0.1000E-09  0.1793E-08  0.1000E-09  0.8450E-02  0.0000E+00 -0.1000E+01
 1725.1832 14 15    4.7522    0.0000    4.7522    0.0000   -4.6957    0.6606    0.0001   -1.0000  -10.0000    3.9101  0.2000E+09  0.2191E+04  0.0000E+00 -0.3797E-08  0.1000E-09  0.1793E-08  0.1000E-09  0.8450E-02  0.0000E+00 -0.1000E+01
 1735.1832 14 15    4.7522    0.0000    4.7522    0.0000   -4.6957    0.6606    0.0001   -1.0000  -10.0000    3.9101  0.2000E+09  0.2191E+04  0.0000E+00 -0.3797E-08  0.1000E-09  0.1793E-08  0.1000E-09  0.8450E-02  0.0000E+00 -0.1000E+01
 1745.1832 14 15    4.7522    0.0000    4.7522    0.0000   -4.6957    0.6606    0.0001   -1.0000  -10.0000    3.9101  0.2000E+09  0.2191E+04  0.0000E+00 -0.3797E-08  0.1000E-09  0.1793E-08  0.1000E-09  0.8450E-02  0.0000E+00 -0.1000E+01
 1755.1832 14 15    4.7522    0.0000    4.7522    0.0000   -4.6957    0.6606    0.0001   -1.0000  -10.0000    3.9101  0.2000E+09  0.2191E+04  0.0000E+00 -0.3797E-08  0.1000E-09  0.1793E-08  0.1000E-09  0.8450E-02  0.0000E+00 -0.1000E+01
 1765.1832 14 15    4.7522    0.0000    4.7522    0.0000   -4.6957    0.6606    0.0001   -1.0000  -10.0000    3.9101  0.2000E+09  0.2191E+04  0.0000E+00 -0.3797E-08  0.1000E-09  0.1793E-08  0.1000E-09  0.8450E-02  0.0000E+00 -0.1000E+01
 1775.1832 14 15    4.7522    0.0000    4.7522    0.0000   -4.6957    0.6606    0.0001   -1.0000  -10.0000    3.9101  0.2000E+09  0.2191E+04  0.0000E+00 -0.3797E-08  0.1000E-09  0.1793E-08  0.1000E-09  0.8450E-02  0.0000E+00 -0.1000E+01
 1785.1832 14 15    4.7522    0.0000    4.7522    0.0000   -4.6957    0.6606    0.0001   -1.0000  -10.0000    3.9101  0.2000E+09  0.2191E+04  0.0000E+00 -0.3797E-08  0.1000E-09  0.1793E-08  0.1000E-09  0.8450E-02  0.0000E+00 -0.1000E+01
 1795.1832 14 15    4.7522    0.0000    4.7522    0.0000   -4.6957    0.6606    0.0001   -1.0000  -10.0000    3.9101  0.2000E+09  0.2191E+04  0.0000E+00 -0.3797E-08  0.1000E-09  0.1793E-08  0.1000E-09  0.8450E-02  0.0000E+00 -0.1000E+01
 1805.1832 14 15    4.7522    0.0000    4.7522    0.0000   -4.6957    0.6606    0.0001   -1.0000  -10.0000    3.9101  0.2000E+09  0.2191E+04  0.0000E+00 -0.3797E-08  0.1000E-09  0.1793E-08  0.1000E-09  0.8450E-02  0.0000E+00 -0.1000E+01
 1815.1832 14 15    4.7522    0.0000    4.7522    0.0000   -4.6957    0.6606    0.0001   -1.0000  -10.0000    3.9101  0.2000E+09  0.2191E+04  0.0000E+00 -0.3797E-08  0.1000E-09  0.1793E-08  0.1000E-09  0.8450E-02  0.0000E+00 -0.1000E+01
 1825.1832 14 15    4.7522    0.0000    4.7522    0.0000   -4.6957    0.6606    0.0001   -1.0000  -10.0000    3.9101  0.2000E+09  0.2191E+04  0.0000E+00 -0.3797E-08  0.1000E-09  0.1793E-08  0.1000E-09  0.8450E-02  0.0000E+00 -0.1000E+01
 1835.1832 14 15    4.7522    0.0000    4.7522    0.0000   -4.6957    0.6606    0.0001   -1.0000  -10.0000    3.9101  0.2000E+09  0.2191E+04  0.0000E+00 -0.3797E-08  0.1000E-09  0.1793E-08  0.1000E-09  0.8450E-02  0.0000E+00 -0.1000E+01
 1845.1832 14 15    4.7522    0.0000    4.7522    0.0000   -4.6957    0.6606    0.0001   -1.0000  -10.0000    3.9101  0.2000E+09  0.2191E+04  0.0000E+00 -0.3797E-08  0.1000E-09  0.1793E-08  0.1000E-09  0.8450E-02  0.0000E+00 -0.1000E+01
 1855.1832 14 15    4.7522    0.0000    4.7522    0.0000   -4.6957    0.6606    0.0001   -1.0000  -10.0000    3.9101  0.2000E+09  0.2191E+04  0.0000E+00 -0.3797E-08  0.1000E-09  0.1793E-08  0.1000E-09  0.8450E-02  0.0000E+00 -0.1000E+01
 1865.1832 14 15    4.7522    0.0000    4.7522    0.0000   -4.6957    0.6606    0.0001   -1.0000  -10.0000    3.9101  0.2000E+09  0.2191E+04  0.0000E+00 -0.3797E-08  0.1000E-09  0.1793E-08  0.1000E-09  0.8450E-02  0.0000E+00 -0.1000E+01
 1875.1832 14 15    4.7522    0.0000    4.7522    0.0000   -4.6957    0.6606    0.0001   -1.0000  -10.0000    3.9101  0.2000E+09  0.2191E+04  0.0000E+00 -0.3797E-08  0.1000E-09  0.1793E-08  0.1000E-09  0.8450E-02  0.0000E+00 -0.1000E+01
 1885.1832 14 15    4.7522    0.0000    4.7522    0.0000   -4.6957    0.6606    0.0001   -1.0000  -10.0000    3.9101  0.2000E+09  0.2191E+04  0.0000E+00 -0.3797E-08  0.1000E-09  0.1793E-08  0.1000E-09  0.8450E-02  0.0000E+00 -0.1000E+01
 1895.1832 14 15    4.7522    0.0000    4.7522    0.0000   -4.6957    0.6606    0.0001   -1.0000  -10.0000    3.9101  0.2000E+09  0.2191E+04  0.0000E+00 -0.3797E-08  0.1000E-09  0.1793E-08  0.1000E-09  0.8450E-02  0.0000E+00 -0.1000E+01
 1905.1832 14 15    4.7522    0.0000    4.7522    0.0000   -4.6957    0.6606    0.0001   -1.0000  -10.0000    3.9101  0.2000E+09  0.2191E+04  0.0000E+00 -0.3797E-08  0.1000E-09  0.1793E-08  0.1000E-09  0.8450E-02  0.0000E+00 -0.1000E+01
 1915.1832 14 15    4.7522    0.0000    4.7522    0.0000   -4.6957    0.6606    0.0001   -1.0000  -10.0000    3.9101  0.2000E+09  0.2191E+04  0.0000E+00 -0.3797E-08  0.1000E-09  0.1793E-08  0.1000E-09  0.8450E-02  0.0000E+00 -0.1000E+01
 1925.1832 14 15    4.7522    0.0000    4.7522    0.0000   -4.6957    0.6606    0.0001   -1.0000  -10.0000    3.9101  0.2000E+09  0.2191E+04  0.0000E+00 -0.3797E-08  0.1000E-09  0.1793E-08  0.1000E-09  0.8450E-02  0.0000E+00 -0.1000E+01
 1935.1832 14 15    4.7522    0.0000    4.7522    0.0000   -4.6957    0.6606    0.0001   -1.0000  -10.0000    3.9101  0.2000E+09  0.2191E+04  0.0000E+00 -0.3797E-08  0.1000E-09  0.1793E-08  0.1000E-09  0.8450E-02  0.0000E+00 -0.1000E+01
 1945.1832 14 15    4.7522    0.0000    4.7522    0.0000   -4.6957    0.6606    0.0001   -1.0000  -10.0000    3.9101  0.2000E+09  0.2191E+04  0.0000E+00 -0.3797E-08  0.1000E-09  0.1793E-08  0.1000E-09  0.8450E-02  0.0000E+00 -0.1000E+01
 1955.1832 14 15    4.7522    0.0000    4.7522    0.0000   -4.6957    0.6606    0.0001   -1.0000  -10.0000    3.9101  0.2000E+09  0.2191E+04  0.0000E+00 -0.3797E-08  0.1000E-09  0.1793E-08  0.1000E-09  0.8450E-02  0.0000E+00 -0.1000E+01
 1965.1832 14 15    4.7522    0.0000    4.7522    0.0000   -4.6957    0.6606    0.0001   -1.0000  -10.0000    3.9101  0.2000E+09  0.2191E+04  0.0000E+00 -0.3797E-08  0.1000E-09  0.1793E-08  0.1000E-09  0.8450E-02  0.0000E+00 -0.1000E+01
 1975.1832 14 15    4.7522    0.0000    4.7522    0.0000   -4.6957    0.6606    0.0001   -1.0000  -10.0000    3.9101  0.2000E+09  0.2191E+04  0.0000E+00 -0.3797E-08  0.1000E-09  0.1793E-08  0.1000E-09  0.8450E-02  0.0000E+00 -0.1000E+01
 1985.1832 14 15    4.7522    0.0000    4.7522    0.0000   -4.6957    0.6606    0.0001   -1.0000  -10.0000    3.9101  0.2000E+09  0.2191E+04  0.0000E+00 -0.3797E-08  0.1000E-09  0.1793E-08  0.1000E-09  0.8450E-02  0.0000E+00 -0.1000E+01
 1995.1832 14 15    4.7522    0.0000    4.7522    0.0000   -4.6957    0.6606    0.0001   -1.0000  -10.0000    3.9101  0.2000E+09  0.2191E+04  0.0000E+00 -0.3797E-08  0.1000E-09  0.1793E-08  0.1000E-09  0.8450E-02  0.0000E+00 -0.1000E+01
 2005.1832 14 15    4.7522    0.0000    4.7522    0.0000   -4.6957    0.6606    0.0001   -1.0000  -10.0000    3.9101  0.2000E+09  0.2191E+04  0.0000E+00 -0.3797E-08  0.1000E-09  0.1793E-08  0.1000E-09  0.8450E-02  0.0000E+00 -0.1000E+01
 2015.1832 14 15    4.7522    0.0000    4.7522    0.0000   -4.6957    0.6606    0.0001   -1.0000  -10.0000    3.9101  0.2000E+09  0.2191E+04  0.0000E+00 -0.3797E-08  0.1000E-09  0.1793E-08  0.1000E-09  0.8450E-02  0.0000E+00 -0.1000E+01
 2025.1832 14 15    4.7522    0.0000    4.7522    0.0000   -4.6957    0.6606    0.0001   -1.0000  -10.0000    3.9101  0.2000E+09  0.2191E+04  0.0000E+00 -0.3797E-08  0.1000E-09  0.1793E-08  0.1000E-09  0.8450E-02  0.0000E+00 -0.1000E+01
 2035.1832 14 15    4.7522    0.0000    4.7522    0.0000   -4.6957    0.6606    0.0001   -1.0000  -10.0000    3.9101  0.2000E+09  0.2191E+04  0.0000E+00 -0.3797E-08  0.1000E-09  0.1793E-08  0.1000E-09  0.8450E-02  0.0000E+00 -0.1000E+01
 2045.1832 14 15    4.7522    0.0000    4.7522    0.0000   -4.6957    0.6606    0.0001   -1.0000  -10.0000    3.9101  0.2000E+09  0.2191E+04  0.0000E+00 -0.3797E-08  0.1000E-09  0.1793E-08  0.1000E-09  0.8450E-02  0.0000E+00 -0.1000E+01
 2055.1833 14 15    4.7522    0.0000    4.7522    0.0000   -4.6957    0.6606    0.0001   -1.0000  -10.0000    3.9101  0.2000E+09  0.2191E+04  0.0000E+00 -0.3797E-08  0.1000E-09  0.1793E-08  0.1000E-09  0.8450E-02  0.0000E+00 -0.1000E+01
 2065.1833 14 15    4.7522    0.0000    4.7522    0.0000   -4.6957    0.6606    0.0001   -1.0000  -10.0000    3.9101  0.2000E+09  0.2191E+04  0.0000E+00 -0.3797E-08  0.1000E-09  0.1793E-08  0.1000E-09  0.8450E-02  0.0000E+00 -0.1000E+01
 2075.1833 14 15    4.7522    0.0000    4.7522    0.0000   -4.6957    0.6606    0.0001   -1.0000  -10.0000    3.9101  0.2000E+09  0.2191E+04  0.0000E+00 -0.3797E-08  0.1000E-09  0.1793E-08  0.1000E-09  0.8450E-02  0.0000E+00 -0.1000E+01
 2085.1833 14 15    4.7522    0.0000    4.7522    0.0000   -4.6957    0.6606    0.0001   -1.0000  -10.0000    3.9101  0.2000E+09  0.2191E+04  0.0000E+00 -0.3797E-08  0.1000E-09  0.1793E-08  0.1000E-09  0.8450E-02  0.0000E+00 -0.1000E+01
 2095.1833 14 15    4.7522    0.0000    4.7522    0.0000   -4.6957    0.6606    0.0001   -1.0000  -10.0000    3.9101  0.2000E+09  0.2191E+04  0.0000E+00 -0.3797E-08  0.1000E-09  0.1793E-08  0.1000E-09  0.8450E-02  0.0000E+00 -0.1000E+01
 2105.1833 14 15    4.7522    0.0000    4.7522    0.0000   -4.6957    0.6606    0.0001   -1.0000  -10.0000    3.9101  0.2000E+09  0.2191E+04  0.0000E+00 -0.3797E-08  0.1000E-09  0.1793E-08  0.1000E-09  0.8450E-02  0.0000E+00 -0.1000E+01
 2115.1833 14 15    4.7522    0.0000    4.7522    0.0000   -4.6957    0.6606    0.0001   -1.0000  -10.0000    3.9101  0.2000E+09  0.2191E+04  0.0000E+00 -0.3797E-08  0.1000E-09  0.1793E-08  0.1000E-09  0.8450E-02  0.0000E+00 -0.1000E+01
 2125.1833 14 15    4.7522    0.0000    4.7522    0.0000   -4.6957    0.6606    0.0001   -1.0000  -10.0000    3.9101  0.2000E+09  0.2191E+04  0.0000E+00 -0.3797E-08  0.1000E-09  0.1793E-08  0.1000E-09  0.8450E-02  0.0000E+00 -0.1000E+01
 2135.1833 14 15    4.7522    0.0000    4.7522    0.0000   -4.6957    0.6606    0.0001   -1.0000  -10.0000    3.9101  0.2000E+09  0.2191E+04  0.0000E+00 -0.3797E-08  0.1000E-09  0.1793E-08  0.1000E-09  0.8450E-02  0.0000E+00 -0.1000E+01
 2145.1833 14 15    4.7522    0.0000    4.7522    0.0000   -4.6957    0.6606    0.0001   -1.0000  -10.0000    3.9101  0.2000E+09  0.2191E+04  0.0000E+00 -0.3797E-08  0.1000E-09  0.1793E-08  0.1000E-09  0.8450E-02  0.0000E+00 -0.1000E+01
 2155.1833 14 15    4.7522    0.0000    4.7522    0.0000   -4.6957    0.6606    0.0001   -1.0000  -10.0000    3.9101  0.2000E+09  0.2191E+04  0.0000E+00 -0.3797E-08  0.1000E-09  0.1793E-08  0.1000E-09  0.8450E-02  0.0000E+00 -0.1000E+01
 2165.1833 14 15    4.7522    0.0000    4.7522    0.0000   -4.6957    0.6606    0.0001   -1.0000  -10.0000    3.9101  0.2000E+09  0.2191E+04  0.0000E+00 -0.3797E-08  0.1000E-09  0.1793E-08  0.1000E-09  0.8450E-02  0.0000E+00 -0.1000E+01
 2175.1833 14 15    4.7522    0.0000    4.7522    0.0000   -4.6957    0.6606    0.0001   -1.0000  -10.0000    3.9101  0.2000E+09  0.2191E+04  0.0000E+00 -0.3797E-08  0.1000E-09  0.1793E-08  0.1000E-09  0.8450E-02  0.0000E+00 -0.1000E+01
 2185.1833 14 15    4.7522    0.0000    4.7522    0.0000   -4.6957    0.6606    0.0001   -1.0000  -10.0000    3.9101  0.2000E+09  0.2191E+04  0.0000E+00 -0.3797E-08  0.1000E-09  0.1793E-08  0.1000E-09  0.8450E-02  0.0000E+00 -0.1000E+01
 2195.1833 14 15    4.7522    0.0000    4.7522    0.0000   -4.6957    0.6606    0.0001   -1.0000  -10.0000    3.9101  0.2000E+09  0.2191E+04  0.0000E+00 -0.3797E-08  0.1000E-09  0.1793E-08  0.1000E-09  0.8450E-02  0.0000E+00 -0.1000E+01
 2205.1833 14 15    4.7522    0.0000    4.7522    0.0000   -4.6957    0.6606    0.0001   -1.0000  -10.0000    3.9101  0.2000E+09  0.2191E+04  0.0000E+00 -0.3797E-08  0.1000E-09  0.1793E-08  0.1000E-09  0.8450E-02  0.0000E+00 -0.1000E+01
 2215.1833 14 15    4.7522    0.0000    4.7522    0.0000   -4.6957    0.6606    0.0001   -1.0000  -10.0000    3.9101  0.2000E+09  0.2191E+04  0.0000E+00 -0.3797E-08  0.1000E-09  0.1793E-08  0.1000E-09  0.8450E-02  0.0000E+00 -0.1000E+01
 2225.1833 14 15    4.7522    0.0000    4.7522    0.0000   -4.6957    0.6606    0.0001   -1.0000  -10.0000    3.9101  0.2000E+09  0.2191E+04  0.0000E+00 -0.3797E-08  0.1000E-09  0.1793E-08  0.1000E-09  0.8450E-02  0.0000E+00 -0.1000E+01
 2235.1833 14 15    4.7522    0.0000    4.7522    0.0000   -4.6957    0.6606    0.0001   -1.0000  -10.0000    3.9101  0.2000E+09  0.2191E+04  0.0000E+00 -0.3797E-08  0.1000E-09  0.1793E-08  0.1000E-09  0.8450E-02  0.0000E+00 -0.1000E+01
 2245.1833 14 15    4.7522    0.0000    4.7522    0.0000   -4.6957    0.6606    0.0001   -1.0000  -10.0000    3.9101  0.2000E+09  0.2191E+04  0.0000E+00 -0.3797E-08  0.1000E-09  0.1793E-08  0.1000E-09  0.8450E-02  0.0000E+00 -0.1000E+01
 2255.1833 14 15    4.7522    0.0000    4.7522    0.0000   -4.6957    0.6606    0.0001   -1.0000  -10.0000    3.9101  0.2000E+09  0.2191E+04  0.0000E+00 -0.3797E-08  0.1000E-09  0.1793E-08  0.1000E-09  0.8450E-02  0.0000E+00 -0.1000E+01
 2265.1833 14 15    4.7522    0.0000    4.7522    0.0000   -4.6957    0.6606    0.0001   -1.0000  -10.0000    3.9101  0.2000E+09  0.2191E+04  0.0000E+00 -0.3797E-08  0.1000E-09  0.1793E-08  0.1000E-09  0.8450E-02  0.0000E+00 -0.1000E+01
 2275.1833 14 15    4.7522    0.0000    4.7522    0.0000   -4.6957    0.6606    0.0001   -1.0000  -10.0000    3.9101  0.2000E+09  0.2191E+04  0.0000E+00 -0.3797E-08  0.1000E-09  0.1793E-08  0.1000E-09  0.8450E-02  0.0000E+00 -0.1000E+01
 2285.1833 14 15    4.7522    0.0000    4.7522    0.0000   -4.6957    0.6606    0.0001   -1.0000  -10.0000    3.9101  0.2000E+09  0.2191E+04  0.0000E+00 -0.3797E-08  0.1000E-09  0.1793E-08  0.1000E-09  0.8450E-02  0.0000E+00 -0.1000E+01
 2295.1833 14 15    4.7522    0.0000    4.7522    0.0000   -4.6957    0.6606    0.0001   -1.0000  -10.0000    3.9101  0.2000E+09  0.2191E+04  0.0000E+00 -0.3797E-08  0.1000E-09  0.1793E-08  0.1000E-09  0.8450E-02  0.0000E+00 -0.1000E+01
 2305.1833 14 15    4.7522    0.0000    4.7522    0.0000   -4.6957    0.6606    0.0001   -1.0000  -10.0000    3.9101  0.2000E+09  0.2191E+04  0.0000E+00 -0.3797E-08  0.1000E-09  0.1793E-08  0.1000E-09  0.8450E-02  0.0000E+00 -0.1000E+01
 2315.1833 14 15    4.7522    0.0000    4.7522    0.0000   -4.6957    0.6606    0.0001   -1.0000  -10.0000    3.9101  0.2000E+09  0.2191E+04  0.0000E+00 -0.3797E-08  0.1000E-09  0.1793E-08  0.1000E-09  0.8450E-02  0.0000E+00 -0.1000E+01
 2325.1833 14 15    4.7522    0.0000    4.7522    0.0000   -4.6957    0.6606    0.0001   -1.0000  -10.0000    3.9101  0.2000E+09  0.2191E+04  0.0000E+00 -0.3797E-08  0.1000E-09  0.1793E-08  0.1000E-09  0.8450E-02  0.0000E+00 -0.1000E+01
 2335.1833 14 15    4.7522    0.0000    4.7522    0.0000   -4.6957    0.6606    0.0001   -1.0000  -10.0000    3.9101  0.2000E+09  0.2191E+04  0.0000E+00 -0.3797E-08  0.1000E-09  0.1793E-08  0.1000E-09  0.8450E-02  0.0000E+00 -0.1000E+01
 2345.1833 14 15    4.7522    0.0000    4.7522    0.0000   -4.6957    0.6606    0.0001   -1.0000  -10.0000    3.9101  0.2000E+09  0.2191E+04  0.0000E+00 -0.3797E-08  0.1000E-09  0.1793E-08  0.1000E-09  0.8450E-02  0.0000E+00 -0.1000E+01
 2355.1833 14 15    4.7522    0.0000    4.7522    0.0000   -4.6957    0.6606    0.0001   -1.0000  -10.0000    3.9101  0.2000E+09  0.2191E+04  0.0000E+00 -0.3797E-08  0.1000E-09  0.1793E-08  0.1000E-09  0.8450E-02  0.0000E+00 -0.1000E+01
 2365.1833 14 15    4.7522    0.0000    4.7522    0.0000   -4.6957    0.6606    0.0001   -1.0000  -10.0000    3.9101  0.2000E+09  0.2191E+04  0.0000E+00 -0.3797E-08  0.1000E-09  0.1793E-08  0.1000E-09  0.8450E-02  0.0000E+00 -0.1000E+01
 2375.1833 14 15    4.7522    0.0000    4.7522    0.0000   -4.6957    0.6606    0.0001   -1.0000  -10.0000    3.9101  0.2000E+09  0.2191E+04  0.0000E+00 -0.3797E-08  0.1000E-09  0.1793E-08  0.1000E-09  0.8450E-02  0.0000E+00 -0.1000E+01
 2385.1833 14 15    4.7522    0.0000    4.7522    0.0000   -4.6957    0.6606    0.0001   -1.0000  -10.0000    3.9101  0.2000E+09  0.2191E+04  0.0000E+00 -0.3797E-08  0.1000E-09  0.1793E-08  0.1000E-09  0.8450E-02  0.0000E+00 -0.1000E+01
 2395.1833 14 15    4.7522    0.0000    4.7522    0.0000   -4.6957    0.6606    0.0001   -1.0000  -10.0000    3.9101  0.2000E+09  0.2191E+04  0.0000E+00 -0.3797E-08  0.1000E-09  0.1793E-08  0.1000E-09  0.8450E-02  0.0000E+00 -0.1000E+01
 2405.1833 14 15    4.7522    0.0000    4.7522    0.0000   -4.6957    0.6606    0.0001   -1.0000  -10.0000    3.9101  0.2000E+09  0.2191E+04  0.0000E+00 -0.3797E-08  0.1000E-09  0.1793E-08  0.1000E-09  0.8450E-02  0.0000E+00 -0.1000E+01
 2415.1833 14 15    4.7522    0.0000    4.7522    0.0000   -4.6957    0.6606    0.0001   -1.0000  -10.0000    3.9101  0.2000E+09  0.2191E+04  0.0000E+00 -0.3797E-08  0.1000E-09  0.1793E-08  0.1000E-09  0.8450E-02  0.0000E+00 -0.1000E+01
 2425.1833 14 15    4.7522    0.0000    4.7522    0.0000   -4.6957    0.6606    0.0001   -1.0000  -10.0000    3.9101  0.2000E+09  0.2191E+04  0.0000E+00 -0.3797E-08  0.1000E-09  0.1793E-08  0.1000E-09  0.8450E-02  0.0000E+00 -0.1000E+01
 2435.1833 14 15    4.7522    0.0000    4.7522    0.0000   -4.6957    0.6606    0.0001   -1.0000  -10.0000    3.9101  0.2000E+09  0.2191E+04  0.0000E+00 -0.3797E-08  0.1000E-09  0.1793E-08  0.1000E-09  0.8450E-02  0.0000E+00 -0.1000E+01
 2445.1833 14 15    4.7522    0.0000    4.7522    0.0000   -4.6957    0.6606    0.0001   -1.0000  -10.0000    3.9101  0.2000E+09  0.2191E+04  0.0000E+00 -0.3797E-08  0.1000E-09  0.1793E-08  0.1000E-09  0.8450E-02  0.0000E+00 -0.1000E+01
 2455.1833 14 15    4.7522    0.0000    4.7522    0.0000   -4.6957    0.6606    0.0001   -1.0000  -10.0000    3.9101  0.2000E+09  0.2191E+04  0.0000E+00 -0.3797E-08  0.1000E-09  0.1793E-08  0.1000E-09  0.8450E-02  0.0000E+00 -0.1000E+01
 2465.1833 14 15    4.7522    0.0000    4.7522    0.0000   -4.6957    0.6606    0.0001   -1.0000  -10.0000    3.9101  0.2000E+09  0.2191E+04  0.0000E+00 -0.3797E-08  0.1000E-09  0.1793E-08  0.1000E-09  0.8450E-02  0.0000E+00 -0.1000E+01
 2475.1833 14 15    4.7522    0.0000    4.7522    0.0000   -4.6957    0.6606    0.0001   -1.0000  -10.0000    3.9101  0.2000E+09  0.2191E+04  0.0000E+00 -0.3797E-08  0.1000E-09  0.1793E-08  0.1000E-09  0.8450E-02  0.0000E+00 -0.1000E+01
 2485.1833 14 15    4.7522    0.0000    4.7522    0.0000   -4.6957    0.6606    0.0001   -1.0000  -10.0000    3.9101  0.2000E+09  0.2191E+04  0.0000E+00 -0.3797E-08  0.1000E-09  0.1793E-08  0.1000E-09  0.8450E-02  0.0000E+00 -0.1000E+01
 2495.1833 14 15    4.7522    0.0000    4.7522    0.0000   -4.6957    0.6606    0.0001   -1.0000  -10.0000    3.9101  0.2000E+09  0.2191E+04  0.0000E+00 -0.3797E-08  0.1000E-09  0.1793E-08  0.1000E-09  0.8450E-02  0.0000E+00 -0.1000E+01
 2505.1833 14 15    4.7522    0.0000    4.7522    0.0000   -4.6957    0.6606    0.0001   -1.0000  -10.0000    3.9101  0.2000E+09  0.2191E+04  0.0000E+00 -0.3797E-08  0.1000E-09  0.1793E-08  0.1000E-09  0.8450E-02  0.0000E+00 -0.1000E+01
 2515.1833 14 15    4.7522    0.0000    4.7522    0.0000   -4.6957    0.6606    0.0001   -1.0000  -10.0000    3.9101  0.2000E+09  0.2191E+04  0.0000E+00 -0.3797E-08  0.1000E-09  0.1793E-08  0.1000E-09  0.8450E-02  0.0000E+00 -0.1000E+01
 2525.1833 14 15    4.7522    0.0000    4.7522    0.0000   -4.6957    0.6606    0.0001   -1.0000  -10.0000    3.9101  0.2000E+09  0.2191E+04  0.0000E+00 -0.3797E-08  0.1000E-09  0.1793E-08  0.1000E-09  0.8450E-02  0.0000E+00 -0.1000E+01
 2535.1833 14 15    4.7522    0.0000    4.7522    0.0000   -4.6957    0.6606    0.0001   -1.0000  -10.0000    3.9101  0.2000E+09  0.2191E+04  0.0000E+00 -0.3797E-08  0.1000E-09  0.1793E-08  0.1000E-09  0.8450E-02  0.0000E+00 -0.1000E+01
 2545.1833 14 15    4.7522    0.0000    4.7522    0.0000   -4.6957    0.6606    0.0001   -1.0000  -10.0000    3.9101  0.2000E+09  0.2191E+04  0.0000E+00 -0.3797E-08  0.1000E-09  0.1793E-08  0.1000E-09  0.8450E-02  0.0000E+00 -0.1000E+01
 2555.1833 14 15    4.7522    0.0000    4.7522    0.0000   -4.6957    0.6606    0.0001   -1.0000  -10.0000    3.9101  0.2000E+09  0.2191E+04  0.0000E+00 -0.3797E-08  0.1000E-09  0.1793E-08  0.1000E-09  0.8450E-02  0.0000E+00 -0.1000E+01
 2565.1833 14 15    4.7522    0.0000    4.7522    0.0000   -4.6957    0.6606    0.0001   -1.0000  -10.0000    3.9101  0.2000E+09  0.2191E+04  0.0000E+00 -0.3797E-08  0.1000E-09  0.1793E-08  0.1000E-09  0.8450E-02  0.0000E+00 -0.1000E+01
 2575.1833 14 15    4.7522    0.0000    4.7522    0.0000   -4.6957    0.6606    0.0001   -1.0000  -10.0000    3.9101  0.2000E+09  0.2191E+04  0.0000E+00 -0.3797E-08  0.1000E-09  0.1793E-08  0.1000E-09  0.8450E-02  0.0000E+00 -0.1000E+01
 2585.1833 14 15    4.7522    0.0000    4.7522    0.0000   -4.6957    0.6606    0.0001   -1.0000  -10.0000    3.9101  0.2000E+09  0.2191E+04  0.0000E+00 -0.3797E-08  0.1000E-09  0.1793E-08  0.1000E-09  0.8450E-02  0.0000E+00 -0.1000E+01
 2595.1833 14 15    4.7522    0.0000    4.7522    0.0000   -4.6957    0.6606    0.0001   -1.0000  -10.0000    3.9101  0.2000E+09  0.2191E+04  0.0000E+00 -0.3797E-08  0.1000E-09  0.1793E-08  0.1000E-09  0.8450E-02  0.0000E+00 -0.1000E+01
 2605.1833 14 15    4.7522    0.0000    4.7522    0.0000   -4.6957    0.6606    0.0001   -1.0000  -10.0000    3.9101  0.2000E+09  0.2191E+04  0.0000E+00 -0.3797E-08  0.1000E-09  0.1793E-08  0.1000E-09  0.8450E-02  0.0000E+00 -0.1000E+01
 2615.1833 14 15    4.7522    0.0000    4.7522    0.0000   -4.6957    0.6606    0.0001   -1.0000  -10.0000    3.9101  0.2000E+09  0.2191E+04  0.0000E+00 -0.3797E-08  0.1000E-09  0.1793E-08  0.1000E-09  0.8450E-02  0.0000E+00 -0.1000E+01
 2625.1833 14 15    4.7522    0.0000    4.7522    0.0000   -4.6957    0.6606    0.0001   -1.0000  -10.0000    3.9101  0.2000E+09  0.2191E+04  0.0000E+00 -0.3797E-08  0.1000E-09  0.1793E-08  0.1000E-09  0.8450E-02  0.0000E+00 -0.1000E+01
 2635.1833 14 15    4.7522    0.0000    4.7522    0.0000   -4.6957    0.6606    0.0001   -1.0000  -10.0000    3.9101  0.2000E+09  0.2191E+04  0.0000E+00 -0.3797E-08  0.1000E-09  0.1793E-08  0.1000E-09  0.8450E-02  0.0000E+00 -0.1000E+01
 2645.1833 14 15    4.7522    0.0000    4.7522    0.0000   -4.6957    0.6606    0.0001   -1.0000  -10.0000    3.9101  0.2000E+09  0.2191E+04  0.0000E+00 -0.3797E-08  0.1000E-09  0.1793E-08  0.1000E-09  0.8450E-02  0.0000E+00 -0.1000E+01
 2655.1833 14 15    4.7522    0.0000    4.7522    0.0000   -4.6957    0.6606    0.0001   -1.0000  -10.0000    3.9101  0.2000E+09  0.2191E+04  0.0000E+00 -0.3797E-08  0.1000E-09  0.1793E-08  0.1000E-09  0.8450E-02  0.0000E+00 -0.1000E+01
 2665.1833 14 15    4.7522    0.0000    4.7522    0.0000   -4.6957    0.6606    0.0001   -1.0000  -10.0000    3.9101  0.2000E+09  0.2191E+04  0.0000E+00 -0.3797E-08  0.1000E-09  0.1793E-08  0.1000E-09  0.8450E-02  0.0000E+00 -0.1000E+01
 2675.1833 14 15    4.7522    0.0000    4.7522    0.0000   -4.6957    0.6606    0.0001   -1.0000  -10.0000    3.9101  0.2000E+09  0.2191E+04  0.0000E+00 -0.3797E-08  0.1000E-09  0.1793E-08  0.1000E-09  0.8450E-02  0.0000E+00 -0.1000E+01
 2685.1833 14 15    4.7522    0.0000    4.7522    0.0000   -4.6957    0.6606    0.0001   -1.0000  -10.0000    3.9101  0.2000E+09  0.2191E+04  0.0000E+00 -0.3797E-08  0.1000E-09  0.1793E-08  0.1000E-09  0.8450E-02  0.0000E+00 -0.1000E+01
 2695.1833 14 15    4.7522    0.0000    4.7522    0.0000   -4.6957    0.6606    0.0001   -1.0000  -10.0000    3.9101  0.2000E+09  0.2191E+04  0.0000E+00 -0.3797E-08  0.1000E-09  0.1793E-08  0.1000E-09  0.8450E-02  0.0000E+00 -0.1000E+01
 2705.1833 14 15    4.7522    0.0000    4.7522    0.0000   -4.6957    0.6606    0.0001   -1.0000  -10.0000    3.9101  0.2000E+09  0.2191E+04  0.0000E+00 -0.3797E-08  0.1000E-09  0.1793E-08  0.1000E-09  0.8450E-02  0.0000E+00 -0.1000E+01
 2715.1833 14 15    4.7522    0.0000    4.7522    0.0000   -4.6957    0.6606    0.0001   -1.0000  -10.0000    3.9101  0.2000E+09  0.2191E+04  0.0000E+00 -0.3797E-08  0.1000E-09  0.1793E-08  0.1000E-09  0.8450E-02  0.0000E+00 -0.1000E+01
 2725.1833 14 15    4.7522    0.0000    4.7522    0.0000   -4.6957    0.6606    0.0001   -1.0000  -10.0000    3.9101  0.2000E+09  0.2191E+04  0.0000E+00 -0.3797E-08  0.1000E-09  0.1793E-08  0.1000E-09  0.8450E-02  0.0000E+00 -0.1000E+01
 2735.1833 14 15    4.7522    0.0000    4.7522    0.0000   -4.6957    0.6606    0.0001   -1.0000  -10.0000    3.9101  0.2000E+09  0.2191E+04  0.0000E+00 -0.3797E-08  0.1000E-09  0.1793E-08  0.1000E-09  0.8450E-02  0.0000E+00 -0.1000E+01
 2745.1833 14 15    4.7522    0.0000    4.7522    0.0000   -4.6957    0.6606    0.0001   -1.0000  -10.0000    3.9101  0.2000E+09  0.2191E+04  0.0000E+00 -0.3797E-08  0.1000E-09  0.1793E-08  0.1000E-09  0.8450E-02  0.0000E+00 -0.1000E+01
 2755.1833 14 15    4.7522    0.0000    4.7522    0.0000   -4.6957    0.6606    0.0001   -1.0000  -10.0000    3.9101  0.2000E+09  0.2191E+04  0.0000E+00 -0.3797E-08  0.1000E-09  0.1793E-08  0.1000E-09  0.8450E-02  0.0000E+00 -0.1000E+01
 2765.1833 14 15    4.7522    0.0000    4.7522    0.0000   -4.6957    0.6606    0.0001   -1.0000  -10.0000    3.9101  0.2000E+09  0.2191E+04  0.0000E+00 -0.3797E-08  0.1000E-09  0.1793E-08  0.1000E-09  0.8450E-02  0.0000E+00 -0.1000E+01
 2775.1833 14 15    4.7522    0.0000    4.7522    0.0000   -4.6957    0.6606    0.0001   -1.0000  -10.0000    3.9101  0.2000E+09  0.2191E+04  0.0000E+00 -0.3797E-08  0.1000E-09  0.1793E-08  0.1000E-09  0.8450E-02  0.0000E+00 -0.1000E+01
 2785.1833 14 15    4.7522    0.0000    4.7522    0.0000   -4.6957    0.6606    0.0001   -1.0000  -10.0000    3.9101  0.2000E+09  0.2191E+04  0.0000E+00 -0.3797E-08  0.1000E-09  0.1793E-08  0.1000E-09  0.8450E-02  0.0000E+00 -0.1000E+01
 2795.1833 14 15    4.7522    0.0000    4.7522    0.0000   -4.6957    0.6606    0.0001   -1.0000  -10.0000    3.9101  0.2000E+09  0.2191E+04  0.0000E+00 -0.3797E-08  0.1000E-09  0.1793E-08  0.1000E-09  0.8450E-02  0.0000E+00 -0.1000E+01
 2805.1833 14 15    4.7522    0.0000    4.7522    0.0000   -4.6957    0.6606    0.0001   -1.0000  -10.0000    3.9101  0.2000E+09  0.2191E+04  0.0000E+00 -0.3797E-08  0.1000E-09  0.1793E-08  0.1000E-09  0.8450E-02  0.0000E+00 -0.1000E+01
 2815.1833 14 15    4.7522    0.0000    4.7522    0.0000   -4.6957    0.6606    0.0001   -1.0000  -10.0000    3.9101  0.2000E+09  0.2191E+04  0.0000E+00 -0.3797E-08  0.1000E-09  0.1793E-08  0.1000E-09  0.8450E-02  0.0000E+00 -0.1000E+01
 2825.1833 14 15    4.7522    0.0000    4.7522    0.0000   -4.6957    0.6606    0.0001   -1.0000  -10.0000    3.9101  0.2000E+09  0.2191E+04  0.0000E+00 -0.3797E-08  0.1000E-09  0.1793E-08  0.1000E-09  0.8450E-02  0.0000E+00 -0.1000E+01
 2835.1833 14 15    4.7522    0.0000    4.7522    0.0000   -4.6957    0.6606    0.0001   -1.0000  -10.0000    3.9101  0.2000E+09  0.2191E+04  0.0000E+00 -0.3797E-08  0.1000E-09  0.1793E-08  0.1000E-09  0.8450E-02  0.0000E+00 -0.1000E+01
 2845.1833 14 15    4.7522    0.0000    4.7522    0.0000   -4.6957    0.6606    0.0001   -1.0000  -10.0000    3.9101  0.2000E+09  0.2191E+04  0.0000E+00 -0.3797E-08  0.1000E-09  0.1793E-08  0.1000E-09  0.8450E-02  0.0000E+00 -0.1000E+01
 2855.1833 14 15    4.7522    0.0000    4.7522    0.0000   -4.6957    0.6606    0.0001   -1.0000  -10.0000    3.9101  0.2000E+09  0.2191E+04  0.0000E+00 -0.3797E-08  0.1000E-09  0.1793E-08  0.1000E-09  0.8450E-02  0.0000E+00 -0.1000E+01
 2865.1833 14 15    4.7522    0.0000    4.7522    0.0000   -4.6957    0.6606    0.0001   -1.0000  -10.0000    3.9101  0.2000E+09  0.2191E+04  0.0000E+00 -0.3797E-08  0.1000E-09  0.1793E-08  0.1000E-09  0.8450E-02  0.0000E+00 -0.1000E+01
 2875.1833 14 15    4.7522    0.0000    4.7522    0.0000   -4.6957    0.6606    0.0001   -1.0000  -10.0000    3.9101  0.2000E+09  0.2191E+04  0.0000E+00 -0.3797E-08  0.1000E-09  0.1793E-08  0.1000E-09  0.8450E-02  0.0000E+00 -0.1000E+01
 2885.1833 14 15    4.7522    0.0000    4.7522    0.0000   -4.6957    0.6606    0.0001   -1.0000  -10.0000    3.9101  0.2000E+09  0.2191E+04  0.0000E+00 -0.3797E-08  0.1000E-09  0.1793E-08  0.1000E-09  0.8450E-02  0.0000E+00 -0.1000E+01
 2895.1833 14 15    4.7522    0.0000    4.7522    0.0000   -4.6957    0.6606    0.0001   -1.0000  -10.0000    3.9101  0.2000E+09  0.2191E+04  0.0000E+00 -0.3797E-08  0.1000E-09  0.1793E-08  0.1000E-09  0.8450E-02  0.0000E+00 -0.1000E+01
 2905.1833 14 15    4.7522    0.0000    4.7522    0.0000   -4.6957    0.6606    0.0001   -1.0000  -10.0000    3.9101  0.2000E+09  0.2191E+04  0.0000E+00 -0.3797E-08  0.1000E-09  0.1793E-08  0.1000E-09  0.8450E-02  0.0000E+00 -0.1000E+01
 2915.1833 14 15    4.7522    0.0000    4.7522    0.0000   -4.6957    0.6606    0.0001   -1.0000  -10.0000    3.9101  0.2000E+09  0.2191E+04  0.0000E+00 -0.3797E-08  0.1000E-09  0.1793E-08  0.1000E-09  0.8450E-02  0.0000E+00 -0.1000E+01
 2925.1833 14 15    4.7522    0.0000    4.7522    0.0000   -4.6957    0.6606    0.0001   -1.0000  -10.0000    3.9101  0.2000E+09  0.2191E+04  0.0000E+00 -0.3797E-08  0.1000E-09  0.1793E-08  0.1000E-09  0.8450E-02  0.0000E+00 -0.1000E+01
 2935.1833 14 15    4.7522    0.0000    4.7522    0.0000   -4.6957    0.6606    0.0001   -1.0000  -10.0000    3.9101  0.2000E+09  0.2191E+04  0.0000E+00 -0.3797E-08  0.1000E-09  0.1793E-08  0.1000E-09  0.8450E-02  0.0000E+00 -0.1000E+01
 2945.1833 14 15    4.7522    0.0000    4.7522    0.0000   -4.6957    0.6606    0.0001   -1.0000  -10.0000    3.9101  0.2000E+09  0.2191E+04  0.0000E+00 -0.3797E-08  0.1000E-09  0.1793E-08  0.1000E-09  0.8450E-02  0.0000E+00 -0.1000E+01
 2955.1833 14 15    4.7522    0.0000    4.7522    0.0000   -4.6957    0.6606    0.0001   -1.0000  -10.0000    3.9101  0.2000E+09  0.2191E+04  0.0000E+00 -0.3797E-08  0.1000E-09  0.1793E-08  0.1000E-09  0.8450E-02  0.0000E+00 -0.1000E+01
 2965.1833 14 15    4.7522    0.0000    4.7522    0.0000   -4.6957    0.6606    0.0001   -1.0000  -10.0000    3.9101  0.2000E+09  0.2191E+04  0.0000E+00 -0.3797E-08  0.1000E-09  0.1793E-08  0.1000E-09  0.8450E-02  0.0000E+00 -0.1000E+01
 2975.1833 14 15    4.7522    0.0000    4.7522    0.0000   -4.6957    0.6606    0.0001   -1.0000  -10.0000    3.9101  0.2000E+09  0.2191E+04  0.0000E+00 -0.3797E-08  0.1000E-09  0.1793E-08  0.1000E-09  0.8450E-02  0.0000E+00 -0.1000E+01
 2985.1833 14 15    4.7522    0.0000    4.7522    0.0000   -4.6957    0.6606    0.0001   -1.0000  -10.0000    3.9101  0.2000E+09  0.2191E+04  0.0000E+00 -0.3797E-08  0.1000E-09  0.1793E-08  0.1000E-09  0.8450E-02  0.0000E+00 -0.1000E+01
 2995.1833 14 15    4.7522    0.0000    4.7522    0.0000   -4.6957    0.6606    0.0001   -1.0000  -10.0000    3.9101  0.2000E+09  0.2191E+04  0.0000E+00 -0.3797E-08  0.1000E-09  0.1793E-08  0.1000E-09  0.8450E-02  0.0000E+00 -0.1000E+01
 3005.1833 14 15    4.7522    0.0000    4.7522    0.0000   -4.6957    0.6606    0.0001   -1.0000  -10.0000    3.9101  0.2000E+09  0.2191E+04  0.0000E+00 -0.3797E-08  0.1000E-09  0.1793E-08  0.1000E-09  0.8450E-02  0.0000E+00 -0.1000E+01
 3015.1833 14 15    4.7522    0.0000    4.7522    0.0000   -4.6957    0.6606    0.0001   -1.0000  -10.0000    3.9101  0.2000E+09  0.2191E+04  0.0000E+00 -0.3797E-08  0.1000E-09  0.1793E-08  0.1000E-09  0.8450E-02  0.0000E+00 -0.1000E+01
 3025.1833 14 15    4.7522    0.0000    4.7522    0.0000   -4.6957    0.6606    0.0001   -1.0000  -10.0000    3.9101  0.2000E+09  0.2191E+04  0.0000E+00 -0.3797E-08  0.1000E-09  0.1793E-08  0.1000E-09  0.8450E-02  0.0000E+00 -0.1000E+01
 3035.1833 14 15    4.7522    0.0000    4.7522    0.0000   -4.6957    0.6606    0.0001   -1.0000  -10.0000    3.9101  0.2000E+09  0.2191E+04  0.0000E+00 -0.3797E-08  0.1000E-09  0.1793E-08  0.1000E-09  0.8450E-02  0.0000E+00 -0.1000E+01
 3045.1833 14 15    4.7522    0.0000    4.7522    0.0000   -4.6957    0.6606    0.0001   -1.0000  -10.0000    3.9101  0.2000E+09  0.2191E+04  0.0000E+00 -0.3797E-08  0.1000E-09  0.1793E-08  0.1000E-09  0.8450E-02  0.0000E+00 -0.1000E+01
 3055.1833 14 15    4.7522    0.0000    4.7522    0.0000   -4.6957    0.6606    0.0001   -1.0000  -10.0000    3.9101  0.2000E+09  0.2191E+04  0.0000E+00 -0.3797E-08  0.1000E-09  0.1793E-08  0.1000E-09  0.8450E-02  0.0000E+00 -0.1000E+01
 3065.1833 14 15    4.7522    0.0000    4.7522    0.0000   -4.6957    0.6606    0.0001   -1.0000  -10.0000    3.9101  0.2000E+09  0.2191E+04  0.0000E+00 -0.3797E-08  0.1000E-09  0.1793E-08  0.1000E-09  0.8450E-02  0.0000E+00 -0.1000E+01
 3075.1833 14 15    4.7522    0.0000    4.7522    0.0000   -4.6957    0.6606    0.0001   -1.0000  -10.0000    3.9101  0.2000E+09  0.2191E+04  0.0000E+00 -0.3797E-08  0.1000E-09  0.1793E-08  0.1000E-09  0.8450E-02  0.0000E+00 -0.1000E+01
 3085.1833 14 15    4.7522    0.0000    4.7522    0.0000   -4.6957    0.6606    0.0001   -1.0000  -10.0000    3.9101  0.2000E+09  0.2191E+04  0.0000E+00 -0.3797E-08  0.1000E-09  0.1793E-08  0.1000E-09  0.8450E-02  0.0000E+00 -0.1000E+01
 3095.1833 14 15    4.7522    0.0000    4.7522    0.0000   -4.6957    0.6606    0.0001   -1.0000  -10.0000    3.9101  0.2000E+09  0.2191E+04  0.0000E+00 -0.3797E-08  0.1000E-09  0.1793E-08  0.1000E-09  0.8450E-02  0.0000E+00 -0.1000E+01
 3105.1833 14 15    4.7522    0.0000    4.7522    0.0000   -4.6957    0.6606    0.0001   -1.0000  -10.0000    3.9101  0.2000E+09  0.2191E+04  0.0000E+00 -0.3797E-08  0.1000E-09  0.1793E-08  0.1000E-09  0.8450E-02  0.0000E+00 -0.1000E+01
 3115.1833 14 15    4.7522    0.0000    4.7522    0.0000   -4.6957    0.6606    0.0001   -1.0000  -10.0000    3.9101  0.2000E+09  0.2191E+04  0.0000E+00 -0.3797E-08  0.1000E-09  0.1793E-08  0.1000E-09  0.8450E-02  0.0000E+00 -0.1000E+01
 3125.1833 14 15    4.7522    0.0000    4.7522    0.0000   -4.6957    0.6606    0.0001   -1.0000  -10.0000    3.9101  0.2000E+09  0.2191E+04  0.0000E+00 -0.3797E-08  0.1000E-09  0.1793E-08  0.1000E-09  0.8450E-02  0.0000E+00 -0.1000E+01
 3135.1833 14 15    4.7522    0.0000    4.7522    0.0000   -4.6957    0.6606    0.0001   -1.0000  -10.0000    3.9101  0.2000E+09  0.2191E+04  0.0000E+00 -0.3797E-08  0.1000E-09  0.1793E-08  0.1000E-09  0.8450E-02  0.0000E+00 -0.1000E+01
 3145.1833 14 15    4.7522    0.0000    4.7522    0.0000   -4.6957    0.6606    0.0001   -1.0000  -10.0000    3.9101  0.2000E+09  0.2191E+04  0.0000E+00 -0.3797E-08  0.1000E-09  0.1793E-08  0.1000E-09  0.8450E-02  0.0000E+00 -0.1000E+01
 3155.1833 14 15    4.7522    0.0000    4.7522    0.0000   -4.6957    0.6606    0.0001   -1.0000  -10.0000    3.9101  0.2000E+09  0.2191E+04  0.0000E+00 -0.3797E-08  0.1000E-09  0.1793E-08  0.1000E-09  0.8450E-02  0.0000E+00 -0.1000E+01
 3165.1833 14 15    4.7522    0.0000    4.7522    0.0000   -4.6957    0.6606    0.0001   -1.0000  -10.0000    3.9101  0.2000E+09  0.2191E+04  0.0000E+00 -0.3797E-08  0.1000E-09  0.1793E-08  0.1000E-09  0.8450E-02  0.0000E+00 -0.1000E+01
 3175.1833 14 15    4.7522    0.0000    4.7522    0.0000   -4.6957    0.6606    0.0001   -1.0000  -10.0000    3.9101  0.2000E+09  0.2191E+04  0.0000E+00 -0.3797E-08  0.1000E-09  0.1793E-08  0.1000E-09  0.8450E-02  0.0000E+00 -0.1000E+01
 3185.1833 14 15    4.7522    0.0000    4.7522    0.0000   -4.6957    0.6606    0.0001   -1.0000  -10.0000    3.9101  0.2000E+09  0.2191E+04  0.0000E+00 -0.3797E-08  0.1000E-09  0.1793E-08  0.1000E-09  0.8450E-02  0.0000E+00 -0.1000E+01
 3195.1833 14 15    4.7522    0.0000    4.7522    0.0000   -4.6957    0.6606    0.0001   -1.0000  -10.0000    3.9101  0.2000E+09  0.2191E+04  0.0000E+00 -0.3797E-08  0.1000E-09  0.1793E-08  0.1000E-09  0.8450E-02  0.0000E+00 -0.1000E+01
 3205.1833 14 15    4.7522    0.0000    4.7522    0.0000   -4.6957    0.6606    0.0001   -1.0000  -10.0000    3.9101  0.2000E+09  0.2191E+04  0.0000E+00 -0.3797E-08  0.1000E-09  0.1793E-08  0.1000E-09  0.8450E-02  0.0000E+00 -0.1000E+01
 3215.1833 14 15    4.7522    0.0000    4.7522    0.0000   -4.6957    0.6606    0.0001   -1.0000  -10.0000    3.9101  0.2000E+09  0.2191E+04  0.0000E+00 -0.3797E-08  0.1000E-09  0.1793E-08  0.1000E-09  0.8450E-02  0.0000E+00 -0.1000E+01
 3225.1833 14 15    4.7522    0.0000    4.7522    0.0000   -4.6957    0.6606    0.0001   -1.0000  -10.0000    3.9101  0.2000E+09  0.2191E+04  0.0000E+00 -0.3797E-08  0.1000E-09  0.1793E-08  0.1000E-09  0.8450E-02  0.0000E+00 -0.1000E+01
 3235.1833 14 15    4.7522    0.0000    4.7522    0.0000   -4.6957    0.6606    0.0001   -1.0000  -10.0000    3.9101  0.2000E+09  0.2191E+04  0.0000E+00 -0.3797E-08  0.1000E-09  0.1793E-08  0.1000E-09  0.8450E-02  0.0000E+00 -0.1000E+01
 3245.1833 14 15    4.7522    0.0000    4.7522    0.0000   -4.6957    0.6606    0.0001   -1.0000  -10.0000    3.9101  0.2000E+09  0.2191E+04  0.0000E+00 -0.3797E-08  0.1000E-09  0.1793E-08  0.1000E-09  0.8450E-02  0.0000E+00 -0.1000E+01
 3255.1833 14 15    4.7522    0.0000    4.7522    0.0000   -4.6957    0.6606    0.0001   -1.0000  -10.0000    3.9101  0.2000E+09  0.2191E+04  0.0000E+00 -0.3797E-08  0.1000E-09  0.1793E-08  0.1000E-09  0.8450E-02  0.0000E+00 -0.1000E+01
 3265.1833 14 15    4.7522    0.0000    4.7522    0.0000   -4.6957    0.6606    0.0001   -1.0000  -10.0000    3.9101  0.2000E+09  0.2191E+04  0.0000E+00 -0.3797E-08  0.1000E-09  0.1793E-08  0.1000E-09  0.8450E-02  0.0000E+00 -0.1000E+01
 3275.1833 14 15    4.7522    0.0000    4.7522    0.0000   -4.6957    0.6606    0.0001   -1.0000  -10.0000    3.9101  0.2000E+09  0.2191E+04  0.0000E+00 -0.3797E-08  0.1000E-09  0.1793E-08  0.1000E-09  0.8450E-02  0.0000E+00 -0.1000E+01
 3285.1833 14 15    4.7522    0.0000    4.7522    0.0000   -4.6957    0.6606    0.0001   -1.0000  -10.0000    3.9101  0.2000E+09  0.2191E+04  0.0000E+00 -0.3797E-08  0.1000E-09  0.1793E-08  0.1000E-09  0.8450E-02  0.0000E+00 -0.1000E+01
 3295.1833 14 15    4.7522    0.0000    4.7522    0.0000   -4.6957    0.6606    0.0001   -1.0000  -10.0000    3.9101  0.2000E+09  0.2191E+04  0.0000E+00 -0.3797E-08  0.1000E-09  0.1793E-08  0.1000E-09  0.8450E-02  0.0000E+00 -0.1000E+01
 3305.1833 14 15    4.7522    0.0000    4.7522    0.0000   -4.6957    0.6606    0.0001   -1.0000  -10.0000    3.9101  0.2000E+09  0.2191E+04  0.0000E+00 -0.3797E-08  0.1000E-09  0.1793E-08  0.1000E-09  0.8450E-02  0.0000E+00 -0.1000E+01
 3315.1833 14 15    4.7522    0.0000    4.7522    0.0000   -4.6957    0.6606    0.0001   -1.0000  -10.0000    3.9101  0.2000E+09  0.2191E+04  0.0000E+00 -0.3797E-08  0.1000E-09  0.1793E-08  0.1000E-09  0.8450E-02  0.0000E+00 -0.1000E+01
 3325.1833 14 15    4.7522    0.0000    4.7522    0.0000   -4.6957    0.6606    0.0001   -1.0000  -10.0000    3.9101  0.2000E+09  0.2191E+04  0.0000E+00 -0.3797E-08  0.1000E-09  0.1793E-08  0.1000E-09  0.8450E-02  0.0000E+00 -0.1000E+01
 3335.1833 14 15    4.7522    0.0000    4.7522    0.0000   -4.6957    0.6606    0.0001   -1.0000  -10.0000    3.9101  0.2000E+09  0.2191E+04  0.0000E+00 -0.3797E-08  0.1000E-09  0.1793E-08  0.1000E-09  0.8450E-02  0.0000E+00 -0.1000E+01
 3345.1833 14 15    4.7522    0.0000    4.7522    0.0000   -4.6957    0.6606    0.0001   -1.0000  -10.0000    3.9101  0.2000E+09  0.2191E+04  0.0000E+00 -0.3797E-08  0.1000E-09  0.1793E-08  0.1000E-09  0.8450E-02  0.0000E+00 -0.1000E+01
 3355.1833 14 15    4.7522    0.0000    4.7522    0.0000   -4.6957    0.6606    0.0001   -1.0000  -10.0000    3.9101  0.2000E+09  0.2191E+04  0.0000E+00 -0.3797E-08  0.1000E-09  0.1793E-08  0.1000E-09  0.8450E-02  0.0000E+00 -0.1000E+01
 3365.1833 14 15    4.7522    0.0000    4.7522    0.0000   -4.6957    0.6606    0.0001   -1.0000  -10.0000    3.9101  0.2000E+09  0.2191E+04  0.0000E+00 -0.3797E-08  0.1000E-09  0.1793E-08  0.1000E-09  0.8450E-02  0.0000E+00 -0.1000E+01
 3375.1833 14 15    4.7522    0.0000    4.7522    0.0000   -4.6957    0.6606    0.0001   -1.0000  -10.0000    3.9101  0.2000E+09  0.2191E+04  0.0000E+00 -0.3797E-08  0.1000E-09  0.1793E-08  0.1000E-09  0.8450E-02  0.0000E+00 -0.1000E+01
 3385.1833 14 15    4.7522    0.0000    4.7522    0.0000   -4.6957    0.6606    0.0001   -1.0000  -10.0000    3.9101  0.2000E+09  0.2191E+04  0.0000E+00 -0.3797E-08  0.1000E-09  0.1793E-08  0.1000E-09  0.8450E-02  0.0000E+00 -0.1000E+01
 3395.1833 14 15    4.7522    0.0000    4.7522    0.0000   -4.6957    0.6606    0.0001   -1.0000  -10.0000    3.9101  0.2000E+09  0.2191E+04  0.0000E+00 -0.3797E-08  0.1000E-09  0.1793E-08  0.1000E-09  0.8450E-02  0.0000E+00 -0.1000E+01
 3405.1833 14 15    4.7522    0.0000    4.7522    0.0000   -4.6957    0.6606    0.0001   -1.0000  -10.0000    3.9101  0.2000E+09  0.2191E+04  0.0000E+00 -0.3797E-08  0.1000E-09  0.1793E-08  0.1000E-09  0.8450E-02  0.0000E+00 -0.1000E+01
 3415.1833 14 15    4.7522    0.0000    4.7522    0.0000   -4.6957    0.6606    0.0001   -1.0000  -10.0000    3.9101  0.2000E+09  0.2191E+04  0.0000E+00 -0.3797E-08  0.1000E-09  0.1793E-08  0.1000E-09  0.8450E-02  0.0000E+00 -0.1000E+01
 3425.1833 14 15    4.7522    0.0000    4.7522    0.0000   -4.6957    0.6606    0.0001   -1.0000  -10.0000    3.9101  0.2000E+09  0.2191E+04  0.0000E+00 -0.3797E-08  0.1000E-09  0.1793E-08  0.1000E-09  0.8450E-02  0.0000E+00 -0.1000E+01
 3435.1833 14 15    4.7522    0.0000    4.7522    0.0000   -4.6957    0.6606    0.0001   -1.0000  -10.0000    3.9101  0.2000E+09  0.2191E+04  0.0000E+00 -0.3797E-08  0.1000E-09  0.1793E-08  0.1000E-09  0.8450E-02  0.0000E+00 -0.1000E+01
 3445.1833 14 15    4.7522    0.0000    4.7522    0.0000   -4.6957    0.6606    0.0001   -1.0000  -10.0000    3.9101  0.2000E+09  0.2191E+04  0.0000E+00 -0.3797E-08  0.1000E-09  0.1793E-08  0.1000E-09  0.8450E-02  0.0000E+00 -0.1000E+01
 3455.1833 14 15    4.7522    0.0000    4.7522    0.0000   -4.6957    0.6606    0.0001   -1.0000  -10.0000    3.9101  0.2000E+09  0.2191E+04  0.0000E+00 -0.3797E-08  0.1000E-09  0.1793E-08  0.1000E-09  0.8450E-02  0.0000E+00 -0.1000E+01
 3465.1833 14 15    4.7522    0.0000    4.7522    0.0000   -4.6957    0.6606    0.0001   -1.0000  -10.0000    3.9101  0.2000E+09  0.2191E+04  0.0000E+00 -0.3797E-08  0.1000E-09  0.1793E-08  0.1000E-09  0.8450E-02  0.0000E+00 -0.1000E+01
 3475.1833 14 15    4.7522    0.0000    4.7522    0.0000   -4.6957    0.6606    0.0001   -1.0000  -10.0000    3.9101  0.2000E+09  0.2191E+04  0.0000E+00 -0.3797E-08  0.1000E-09  0.1793E-08  0.1000E-09  0.8450E-02  0.0000E+00 -0.1000E+01
 3485.1833 14 15    4.7522    0.0000    4.7522    0.0000   -4.6957    0.6606    0.0001   -1.0000  -10.0000    3.9101  0.2000E+09  0.2191E+04  0.0000E+00 -0.3797E-08  0.1000E-09  0.1793E-08  0.1000E-09  0.8450E-02  0.0000E+00 -0.1000E+01
 3495.1833 14 15    4.7522    0.0000    4.7522    0.0000   -4.6957    0.6606    0.0001   -1.0000  -10.0000    3.9101  0.2000E+09  0.2191E+04  0.0000E+00 -0.3797E-08  0.1000E-09  0.1793E-08  0.1000E-09  0.8450E-02  0.0000E+00 -0.1000E+01
 3505.1833 14 15    4.7522    0.0000    4.7522    0.0000   -4.6957    0.6606    0.0001   -1.0000  -10.0000    3.9101  0.2000E+09  0.2191E+04  0.0000E+00 -0.3797E-08  0.1000E-09  0.1793E-08  0.1000E-09  0.8450E-02  0.0000E+00 -0.1000E+01
 3515.1833 14 15    4.7522    0.0000    4.7522    0.0000   -4.6957    0.6606    0.0001   -1.0000  -10.0000    3.9101  0.2000E+09  0.2191E+04  0.0000E+00 -0.3797E-08  0.1000E-09  0.1793E-08  0.1000E-09  0.8450E-02  0.0000E+00 -0.1000E+01
 3525.1833 14 15    4.7522    0.0000    4.7522    0.0000   -4.6957    0.6606    0.0001   -1.0000  -10.0000    3.9101  0.2000E+09  0.2191E+04  0.0000E+00 -0.3797E-08  0.1000E-09  0.1793E-08  0.1000E-09  0.8450E-02  0.0000E+00 -0.1000E+01
 3535.1833 14 15    4.7522    0.0000    4.7522    0.0000   -4.6957    0.6606    0.0001   -1.0000  -10.0000    3.9101  0.2000E+09  0.2191E+04  0.0000E+00 -0.3797E-08  0.1000E-09  0.1793E-08  0.1000E-09  0.8450E-02  0.0000E+00 -0.1000E+01
 3545.1833 14 15    4.7522    0.0000    4.7522    0.0000   -4.6957    0.6606    0.0001   -1.0000  -10.0000    3.9101  0.2000E+09  0.2191E+04  0.0000E+00 -0.3797E-08  0.1000E-09  0.1793E-08  0.1000E-09  0.8450E-02  0.0000E+00 -0.1000E+01
 3555.1833 14 15    4.7522    0.0000    4.7522    0.0000   -4.6957    0.6606    0.0001   -1.0000  -10.0000    3.9101  0.2000E+09  0.2191E+04  0.0000E+00 -0.3797E-08  0.1000E-09  0.1793E-08  0.1000E-09  0.8450E-02  0.0000E+00 -0.1000E+01
 3565.1833 14 15    4.7522    0.0000    4.7522    0.0000   -4.6957    0.6606    0.0001   -1.0000  -10.0000    3.9101  0.2000E+09  0.2191E+04  0.0000E+00 -0.3797E-08  0.1000E-09  0.1793E-08  0.1000E-09  0.8450E-02  0.0000E+00 -0.1000E+01
 3575.1833 14 15    4.7522    0.0000    4.7522    0.0000   -4.6957    0.6606    0.0001   -1.0000  -10.0000    3.9101  0.2000E+09  0.2191E+04  0.0000E+00 -0.3797E-08  0.1000E-09  0.1793E-08  0.1000E-09  0.8450E-02  0.0000E+00 -0.1000E+01
 3585.1833 14 15    4.7522    0.0000    4.7522    0.0000   -4.6957    0.6606    0.0001   -1.0000  -10.0000    3.9101  0.2000E+09  0.2191E+04  0.0000E+00 -0.3797E-08  0.1000E-09  0.1793E-08  0.1000E-09  0.8450E-02  0.0000E+00 -0.1000E+01
 3595.1833 14 15    4.7522    0.0000    4.7522    0.0000   -4.6957    0.6606    0.0001   -1.0000  -10.0000    3.9101  0.2000E+09  0.2191E+04  0.0000E+00 -0.3797E-08  0.1000E-09  0.1793E-08  0.1000E-09  0.8450E-02  0.0000E+00 -0.1000E+01
 3605.1833 14 15    4.7522    0.0000    4.7522    0.0000   -4.6957    0.6606    0.0001   -1.0000  -10.0000    3.9101  0.2000E+09  0.2191E+04  0.0000E+00 -0.3797E-08  0.1000E-09  0.1793E-08  0.1000E-09  0.8450E-02  0.0000E+00 -0.1000E+01
 3615.1833 14 15    4.7522    0.0000    4.7522    0.0000   -4.6957    0.6606    0.0001   -1.0000  -10.0000    3.9101  0.2000E+09  0.2191E+04  0.0000E+00 -0.3797E-08  0.1000E-09  0.1793E-08  0.1000E-09  0.8450E-02  0.0000E+00 -0.1000E+01
 3625.1833 14 15    4.7522    0.0000    4.7522    0.0000   -4.6957    0.6606    0.0001   -1.0000  -10.0000    3.9101  0.2000E+09  0.2191E+04  0.0000E+00 -0.3797E-08  0.1000E-09  0.1793E-08  0.1000E-09  0.8450E-02  0.0000E+00 -0.1000E+01
 3635.1833 14 15    4.7522    0.0000    4.7522    0.0000   -4.6957    0.6606    0.0001   -1.0000  -10.0000    3.9101  0.2000E+09  0.2191E+04  0.0000E+00 -0.3797E-08  0.1000E-09  0.1793E-08  0.1000E-09  0.8450E-02  0.0000E+00 -0.1000E+01
 3645.1833 14 15    4.7522    0.0000    4.7522    0.0000   -4.6957    0.6606    0.0001   -1.0000  -10.0000    3.9101  0.2000E+09  0.2191E+04  0.0000E+00 -0.3797E-08  0.1000E-09  0.1793E-08  0.1000E-09  0.8450E-02  0.0000E+00 -0.1000E+01
 3655.1833 14 15    4.7522    0.0000    4.7522    0.0000   -4.6957    0.6606    0.0001   -1.0000  -10.0000    3.9101  0.2000E+09  0.2191E+04  0.0000E+00 -0.3797E-08  0.1000E-09  0.1793E-08  0.1000E-09  0.8450E-02  0.0000E+00 -0.1000E+01
 3665.1833 14 15    4.7522    0.0000    4.7522    0.0000   -4.6957    0.6606    0.0001   -1.0000  -10.0000    3.9101  0.2000E+09  0.2191E+04  0.0000E+00 -0.3797E-08  0.1000E-09  0.1793E-08  0.1000E-09  0.8450E-02  0.0000E+00 -0.1000E+01
 3675.1833 14 15    4.7522    0.0000    4.7522    0.0000   -4.6957    0.6606    0.0001   -1.0000  -10.0000    3.9101  0.2000E+09  0.2191E+04  0.0000E+00 -0.3797E-08  0.1000E-09  0.1793E-08  0.1000E-09  0.8450E-02  0.0000E+00 -0.1000E+01
 3685.1833 14 15    4.7522    0.0000    4.7522    0.0000   -4.6957    0.6606    0.0001   -1.0000  -10.0000    3.9101  0.2000E+09  0.2191E+04  0.0000E+00 -0.3797E-08  0.1000E-09  0.1793E-08  0.1000E-09  0.8450E-02  0.0000E+00 -0.1000E+01
 3695.1833 14 15    4.7522    0.0000    4.7522    0.0000   -4.6957    0.6606    0.0001   -1.0000  -10.0000    3.9101  0.2000E+09  0.2191E+04  0.0000E+00 -0.3797E-08  0.1000E-09  0.1793E-08  0.1000E-09  0.8450E-02  0.0000E+00 -0.1000E+01
 3705.1833 14 15    4.7522    0.0000    4.7522    0.0000   -4.6957    0.6606    0.0001   -1.0000  -10.0000    3.9101  0.2000E+09  0.2191E+04  0.0000E+00 -0.3797E-08  0.1000E-09  0.1793E-08  0.1000E-09  0.8450E-02  0.0000E+00 -0.1000E+01
 3715.1833 14 15    4.7522    0.0000    4.7522    0.0000   -4.6957    0.6606    0.0001   -1.0000  -10.0000    3.9101  0.2000E+09  0.2191E+04  0.0000E+00 -0.3797E-08  0.1000E-09  0.1793E-08  0.1000E-09  0.8450E-02  0.0000E+00 -0.1000E+01
 3725.1833 14 15    4.7522    0.0000    4.7522    0.0000   -4.6957    0.6606    0.0001   -1.0000  -10.0000    3.9101  0.2000E+09  0.2191E+04  0.0000E+00 -0.3797E-08  0.1000E-09  0.1793E-08  0.1000E-09  0.8450E-02  0.0000E+00 -0.1000E+01
 3735.1833 14 15    4.7522    0.0000    4.7522    0.0000   -4.6957    0.6606    0.0001   -1.0000  -10.0000    3.9101  0.2000E+09  0.2191E+04  0.0000E+00 -0.3797E-08  0.1000E-09  0.1793E-08  0.1000E-09  0.8450E-02  0.0000E+00 -0.1000E+01
 3745.1833 14 15    4.7522    0.0000    4.7522    0.0000   -4.6957    0.6606    0.0001   -1.0000  -10.0000    3.9101  0.2000E+09  0.2191E+04  0.0000E+00 -0.3797E-08  0.1000E-09  0.1793E-08  0.1000E-09  0.8450E-02  0.0000E+00 -0.1000E+01
 3755.1833 14 15    4.7522    0.0000    4.7522    0.0000   -4.6957    0.6606    0.0001   -1.0000  -10.0000    3.9101  0.2000E+09  0.2191E+04  0.0000E+00 -0.3797E-08  0.1000E-09  0.1793E-08  0.1000E-09  0.8450E-02  0.0000E+00 -0.1000E+01
 3765.1833 14 15    4.7522    0.0000    4.7522    0.0000   -4.6957    0.6606    0.0001   -1.0000  -10.0000    3.9101  0.2000E+09  0.2191E+04  0.0000E+00 -0.3797E-08  0.1000E-09  0.1793E-08  0.1000E-09  0.8450E-02  0.0000E+00 -0.1000E+01
 3775.1833 14 15    4.7522    0.0000    4.7522    0.0000   -4.6957    0.6606    0.0001   -1.0000  -10.0000    3.9101  0.2000E+09  0.2191E+04  0.0000E+00 -0.3797E-08  0.1000E-09  0.1793E-08  0.1000E-09  0.8450E-02  0.0000E+00 -0.1000E+01
 3785.1833 14 15    4.7522    0.0000    4.7522    0.0000   -4.6957    0.6606    0.0001   -1.0000  -10.0000    3.9101  0.2000E+09  0.2191E+04  0.0000E+00 -0.3797E-08  0.1000E-09  0.1793E-08  0.1000E-09  0.8450E-02  0.0000E+00 -0.1000E+01
 3795.1833 14 15    4.7522    0.0000    4.7522    0.0000   -4.6957    0.6606    0.0001   -1.0000  -10.0000    3.9101  0.2000E+09  0.2191E+04  0.0000E+00 -0.3797E-08  0.1000E-09  0.1793E-08  0.1000E-09  0.8450E-02  0.0000E+00 -0.1000E+01
 3805.1833 14 15    4.7522    0.0000    4.7522    0.0000   -4.6957    0.6606    0.0001   -1.0000  -10.0000    3.9101  0.2000E+09  0.2191E+04  0.0000E+00 -0.3797E-08  0.1000E-09  0.1793E-08  0.1000E-09  0.8450E-02  0.0000E+00 -0.1000E+01
 3815.1833 14 15    4.7522    0.0000    4.7522    0.0000   -4.6957    0.6606    0.0001   -1.0000  -10.0000    3.9101  0.2000E+09  0.2191E+04  0.0000E+00 -0.3797E-08  0.1000E-09  0.1793E-08  0.1000E-09  0.8450E-02  0.0000E+00 -0.1000E+01
 3825.1833 14 15    4.7522    0.0000    4.7522    0.0000   -4.6957    0.6606    0.0001   -1.0000  -10.0000    3.9101  0.2000E+09  0.2191E+04  0.0000E+00 -0.3797E-08  0.1000E-09  0.1793E-08  0.1000E-09  0.8450E-02  0.0000E+00 -0.1000E+01
 3835.1833 14 15    4.7522    0.0000    4.7522    0.0000   -4.6957    0.6606    0.0001   -1.0000  -10.0000    3.9101  0.2000E+09  0.2191E+04  0.0000E+00 -0.3797E-08  0.1000E-09  0.1793E-08  0.1000E-09  0.8450E-02  0.0000E+00 -0.1000E+01
 3845.1833 14 15    4.7522    0.0000    4.7522    0.0000   -4.6957    0.6606    0.0001   -1.0000  -10.0000    3.9101  0.2000E+09  0.2191E+04  0.0000E+00 -0.3797E-08  0.1000E-09  0.1793E-08  0.1000E-09  0.8450E-02  0.0000E+00 -0.1000E+01
 3855.1833 14 15    4.7522    0.0000    4.7522    0.0000   -4.6957    0.6606    0.0001   -1.0000  -10.0000    3.9101  0.2000E+09  0.2191E+04  0.0000E+00 -0.3797E-08  0.1000E-09  0.1793E-08  0.1000E-09  0.8450E-02  0.0000E+00 -0.1000E+01
 3865.1833 14 15    4.7522    0.0000    4.7522    0.0000   -4.6957    0.6606    0.0001   -1.0000  -10.0000    3.9101  0.2000E+09  0.2191E+04  0.0000E+00 -0.3797E-08  0.1000E-09  0.1793E-08  0.1000E-09  0.8450E-02  0.0000E+00 -0.1000E+01
 3875.1833 14 15    4.7522    0.0000    4.7522    0.0000   -4.6957    0.6606    0.0001   -1.0000  -10.0000    3.9101  0.2000E+09  0.2191E+04  0.0000E+00 -0.3797E-08  0.1000E-09  0.1793E-08  0.1000E-09  0.8450E-02  0.0000E+00 -0.1000E+01
 3885.1833 14 15    4.7522    0.0000    4.7522    0.0000   -4.6957    0.6606    0.0001   -1.0000  -10.0000    3.9101  0.2000E+09  0.2191E+04  0.0000E+00 -0.3797E-08  0.1000E-09  0.1793E-08  0.1000E-09  0.8450E-02  0.0000E+00 -0.1000E+01
 3895.1833 14 15    4.7522    0.0000    4.7522    0.0000   -4.6957    0.6606    0.0001   -1.0000  -10.0000    3.9101  0.2000E+09  0.2191E+04  0.0000E+00 -0.3797E-08  0.1000E-09  0.1793E-08  0.1000E-09  0.8450E-02  0.0000E+00 -0.1000E+01
 3905.1833 14 15    4.7522    0.0000    4.7522    0.0000   -4.6957    0.6606    0.0001   -1.0000  -10.0000    3.9101  0.2000E+09  0.2191E+04  0.0000E+00 -0.3797E-08  0.1000E-09  0.1793E-08  0.1000E-09  0.8450E-02  0.0000E+00 -0.1000E+01
 3915.1833 14 15    4.7522    0.0000    4.7522    0.0000   -4.6957    0.6606    0.0001   -1.0000  -10.0000    3.9101  0.2000E+09  0.2191E+04  0.0000E+00 -0.3797E-08  0.1000E-09  0.1793E-08  0.1000E-09  0.8450E-02  0.0000E+00 -0.1000E+01
 3925.1833 14 15    4.7522    0.0000    4.7522    0.0000   -4.6957    0.6606    0.0001   -1.0000  -10.0000    3.9101  0.2000E+09  0.2191E+04  0.0000E+00 -0.3797E-08  0.1000E-09  0.1793E-08  0.1000E-09  0.8450E-02  0.0000E+00 -0.1000E+01
 3935.1833 14 15    4.7522    0.0000    4.7522    0.0000   -4.6957    0.6606    0.0001   -1.0000  -10.0000    3.9101  0.2000E+09  0.2191E+04  0.0000E+00 -0.3797E-08  0.1000E-09  0.1793E-08  0.1000E-09  0.8450E-02  0.0000E+00 -0.1000E+01
 3945.1833 14 15    4.7522    0.0000    4.7522    0.0000   -4.6957    0.6606    0.0001   -1.0000  -10.0000    3.9101  0.2000E+09  0.2191E+04  0.0000E+00 -0.3797E-08  0.1000E-09  0.1793E-08  0.1000E-09  0.8450E-02  0.0000E+00 -0.1000E+01
 3955.1833 14 15    4.7522    0.0000    4.7522    0.0000   -4.6957    0.6606    0.0001   -1.0000  -10.0000    3.9101  0.2000E+09  0.2191E+04  0.0000E+00 -0.3797E-08  0.1000E-09  0.1793E-08  0.1000E-09  0.8450E-02  0.0000E+00 -0.1000E+01
 3965.1833 14 15    4.7522    0.0000    4.7522    0.0000   -4.6957    0.6606    0.0001   -1.0000  -10.0000    3.9101  0.2000E+09  0.2191E+04  0.0000E+00 -0.3797E-08  0.1000E-09  0.1793E-08  0.1000E-09  0.8450E-02  0.0000E+00 -0.1000E+01
 3975.1833 14 15    4.7522    0.0000    4.7522    0.0000   -4.6957    0.6606    0.0001   -1.0000  -10.0000    3.9101  0.2000E+09  0.2191E+04  0.0000E+00 -0.3797E-08  0.1000E-09  0.1793E-08  0.1000E-09  0.8450E-02  0.0000E+00 -0.1000E+01
 3985.1833 14 15    4.7522    0.0000    4.7522    0.0000   -4.6957    0.6606    0.0001   -1.0000  -10.0000    3.9101  0.2000E+09  0.2191E+04  0.0000E+00 -0.3797E-08  0.1000E-09  0.1793E-08  0.1000E-09  0.8450E-02  0.0000E+00 -0.1000E+01
 3995.1833 14 15    4.7522    0.0000    4.7522    0.0000   -4.6957    0.6606    0.0001   -1.0000  -10.0000    3.9101  0.2000E+09  0.2191E+04  0.0000E+00 -0.3797E-08  0.1000E-09  0.1793E-08  0.1000E-09  0.8450E-02  0.0000E+00 -0.1000E+01
 4005.1833 14 15    4.7522    0.0000    4.7522    0.0000   -4.6957    0.6606    0.0001   -1.0000  -10.0000    3.9101  0.2000E+09  0.2191E+04  0.0000E+00 -0.3797E-08  0.1000E-09  0.1793E-08  0.1000E-09  0.8450E-02  0.0000E+00 -0.1000E+01
 4015.1833 14 15    4.7522    0.0000    4.7522    0.0000   -4.6957    0.6606    0.0001   -1.0000  -10.0000    3.9101  0.2000E+09  0.2191E+04  0.0000E+00 -0.3797E-08  0.1000E-09  0.1793E-08  0.1000E-09  0.8450E-02  0.0000E+00 -0.1000E+01
 4025.1833 14 15    4.7522    0.0000    4.7522    0.0000   -4.6957    0.6606    0.0001   -1.0000  -10.0000    3.9101  0.2000E+09  0.2191E+04  0.0000E+00 -0.3797E-08  0.1000E-09  0.1793E-08  0.1000E-09  0.8450E-02  0.0000E+00 -0.1000E+01
 4035.1833 14 15    4.7522    0.0000    4.7522    0.0000   -4.6957    0.6606    0.0001   -1.0000  -10.0000    3.9101  0.2000E+09  0.2191E+04  0.0000E+00 -0.3797E-08  0.1000E-09  0.1793E-08  0.1000E-09  0.8450E-02  0.0000E+00 -0.1000E+01
 4045.1833 14 15    4.7522    0.0000    4.7522    0.0000   -4.6957    0.6606    0.0001   -1.0000  -10.0000    3.9101  0.2000E+09  0.2191E+04  0.0000E+00 -0.3797E-08  0.1000E-09  0.1793E-08  0.1000E-09  0.8450E-02  0.0000E+00 -0.1000E+01
 4055.1833 14 15    4.7522    0.0000    4.7522    0.0000   -4.6957    0.6606    0.0001   -1.0000  -10.0000    3.9101  0.2000E+09  0.2191E+04  0.0000E+00 -0.3797E-08  0.1000E-09  0.1793E-08  0.1000E-09  0.8450E-02  0.0000E+00 -0.1000E+01
 4065.1833 14 15    4.7522    0.0000    4.7522    0.0000   -4.6957    0.6606    0.0001   -1.0000  -10.0000    3.9101  0.2000E+09  0.2191E+04  0.0000E+00 -0.3797E-08  0.1000E-09  0.1793E-08  0.1000E-09  0.8450E-02  0.0000E+00 -0.1000E+01
 4075.1833 14 15    4.7522    0.0000    4.7522    0.0000   -4.6957    0.6606    0.0001   -1.0000  -10.0000    3.9101  0.2000E+09  0.2191E+04  0.0000E+00 -0.3797E-08  0.1000E-09  0.1793E-08  0.1000E-09  0.8450E-02  0.0000E+00 -0.1000E+01
 4085.1833 14 15    4.7522    0.0000    4.7522    0.0000   -4.6957    0.6606    0.0001   -1.0000  -10.0000    3.9101  0.2000E+09  0.2191E+04  0.0000E+00 -0.3797E-08  0.1000E-09  0.1793E-08  0.1000E-09  0.8450E-02  0.0000E+00 -0.1000E+01
 4095.1833 14 15    4.7522    0.0000    4.7522    0.0000   -4.6957    0.6606    0.0001   -1.0000  -10.0000    3.9101  0.2000E+09  0.2191E+04  0.0000E+00 -0.3797E-08  0.1000E-09  0.1793E-08  0.1000E-09  0.8450E-02  0.0000E+00 -0.1000E+01
 4105.1831 14 15    4.7522    0.0000    4.7522    0.0000   -4.6957    0.6606    0.0001   -1.0000  -10.0000    3.9101  0.2000E+09  0.2191E+04  0.0000E+00 -0.3797E-08  0.1000E-09  0.1793E-08  0.1000E-09  0.8450E-02  0.0000E+00 -0.1000E+01
 4115.1831 14 15    4.7522    0.0000    4.7522    0.0000   -4.6957    0.6606    0.0001   -1.0000  -10.0000    3.9101  0.2000E+09  0.2191E+04  0.0000E+00 -0.3797E-08  0.1000E-09  0.1793E-08  0.1000E-09  0.8450E-02  0.0000E+00 -0.1000E+01
 4125.1831 14 15    4.7522    0.0000    4.7522    0.0000   -4.6957    0.6606    0.0001   -1.0000  -10.0000    3.9101  0.2000E+09  0.2191E+04  0.0000E+00 -0.3797E-08  0.1000E-09  0.1793E-08  0.1000E-09  0.8450E-02  0.0000E+00 -0.1000E+01
 4135.1831 14 15    4.7522    0.0000    4.7522    0.0000   -4.6957    0.6606    0.0001   -1.0000  -10.0000    3.9101  0.2000E+09  0.2191E+04  0.0000E+00 -0.3797E-08  0.1000E-09  0.1793E-08  0.1000E-09  0.8450E-02  0.0000E+00 -0.1000E+01
 4145.1831 14 15    4.7522    0.0000    4.7522    0.0000   -4.6957    0.6606    0.0001   -1.0000  -10.0000    3.9101  0.2000E+09  0.2191E+04  0.0000E+00 -0.3797E-08  0.1000E-09  0.1793E-08  0.1000E-09  0.8450E-02  0.0000E+00 -0.1000E+01
 4155.1831 14 15    4.7522    0.0000    4.7522    0.0000   -4.6957    0.6606    0.0001   -1.0000  -10.0000    3.9101  0.2000E+09  0.2191E+04  0.0000E+00 -0.3797E-08  0.1000E-09  0.1793E-08  0.1000E-09  0.8450E-02  0.0000E+00 -0.1000E+01
 4165.1831 14 15    4.7522    0.0000    4.7522    0.0000   -4.6957    0.6606    0.0001   -1.0000  -10.0000    3.9101  0.2000E+09  0.2191E+04  0.0000E+00 -0.3797E-08  0.1000E-09  0.1793E-08  0.1000E-09  0.8450E-02  0.0000E+00 -0.1000E+01
 4175.1831 14 15    4.7522    0.0000    4.7522    0.0000   -4.6957    0.6606    0.0001   -1.0000  -10.0000    3.9101  0.2000E+09  0.2191E+04  0.0000E+00 -0.3797E-08  0.1000E-09  0.1793E-08  0.1000E-09  0.8450E-02  0.0000E+00 -0.1000E+01
 4185.1831 14 15    4.7522    0.0000    4.7522    0.0000   -4.6957    0.6606    0.0001   -1.0000  -10.0000    3.9101  0.2000E+09  0.2191E+04  0.0000E+00 -0.3797E-08  0.1000E-09  0.1793E-08  0.1000E-09  0.8450E-02  0.0000E+00 -0.1000E+01
 4195.1831 14 15    4.7522    0.0000    4.7522    0.0000   -4.6957    0.6606    0.0001   -1.0000  -10.0000    3.9101  0.2000E+09  0.2191E+04  0.0000E+00 -0.3797E-08  0.1000E-09  0.1793E-08  0.1000E-09  0.8450E-02  0.0000E+00 -0.1000E+01
 4205.1831 14 15    4.7522    0.0000    4.7522    0.0000   -4.6957    0.6606    0.0001   -1.0000  -10.0000    3.9101  0.2000E+09  0.2191E+04  0.0000E+00 -0.3797E-08  0.1000E-09  0.1793E-08  0.1000E-09  0.8450E-02  0.0000E+00 -0.1000E+01
 4215.1831 14 15    4.7522    0.0000    4.7522    0.0000   -4.6957    0.6606    0.0001   -1.0000  -10.0000    3.9101  0.2000E+09  0.2191E+04  0.0000E+00 -0.3797E-08  0.1000E-09  0.1793E-08  0.1000E-09  0.8450E-02  0.0000E+00 -0.1000E+01
 4225.1831 14 15    4.7522    0.0000    4.7522    0.0000   -4.6957    0.6606    0.0001   -1.0000  -10.0000    3.9101  0.2000E+09  0.2191E+04  0.0000E+00 -0.3797E-08  0.1000E-09  0.1793E-08  0.1000E-09  0.8450E-02  0.0000E+00 -0.1000E+01
 4235.1831 14 15    4.7522    0.0000    4.7522    0.0000   -4.6957    0.6606    0.0001   -1.0000  -10.0000    3.9101  0.2000E+09  0.2191E+04  0.0000E+00 -0.3797E-08  0.1000E-09  0.1793E-08  0.1000E-09  0.8450E-02  0.0000E+00 -0.1000E+01
 4245.1831 14 15    4.7522    0.0000    4.7522    0.0000   -4.6957    0.6606    0.0001   -1.0000  -10.0000    3.9101  0.2000E+09  0.2191E+04  0.0000E+00 -0.3797E-08  0.1000E-09  0.1793E-08  0.1000E-09  0.8450E-02  0.0000E+00 -0.1000E+01
 4255.1831 14 15    4.7522    0.0000    4.7522    0.0000   -4.6957    0.6606    0.0001   -1.0000  -10.0000    3.9101  0.2000E+09  0.2191E+04  0.0000E+00 -0.3797E-08  0.1000E-09  0.1793E-08  0.1000E-09  0.8450E-02  0.0000E+00 -0.1000E+01
 4265.1831 14 15    4.7522    0.0000    4.7522    0.0000   -4.6957    0.6606    0.0001   -1.0000  -10.0000    3.9101  0.2000E+09  0.2191E+04  0.0000E+00 -0.3797E-08  0.1000E-09  0.1793E-08  0.1000E-09  0.8450E-02  0.0000E+00 -0.1000E+01
 4275.1831 14 15    4.7522    0.0000    4.7522    0.0000   -4.6957    0.6606    0.0001   -1.0000  -10.0000    3.9101  0.2000E+09  0.2191E+04  0.0000E+00 -0.3797E-08  0.1000E-09  0.1793E-08  0.1000E-09  0.8450E-02  0.0000E+00 -0.1000E+01
 4285.1831 14 15    4.7522    0.0000    4.7522    0.0000   -4.6957    0.6606    0.0001   -1.0000  -10.0000    3.9101  0.2000E+09  0.2191E+04  0.0000E+00 -0.3797E-08  0.1000E-09  0.1793E-08  0.1000E-09  0.8450E-02  0.0000E+00 -0.1000E+01
 4295.1831 14 15    4.7522    0.0000    4.7522    0.0000   -4.6957    0.6606    0.0001   -1.0000  -10.0000    3.9101  0.2000E+09  0.2191E+04  0.0000E+00 -0.3797E-08  0.1000E-09  0.1793E-08  0.1000E-09  0.8450E-02  0.0000E+00 -0.1000E+01
 4305.1831 14 15    4.7522    0.0000    4.7522    0.0000   -4.6957    0.6606    0.0001   -1.0000  -10.0000    3.9101  0.2000E+09  0.2191E+04  0.0000E+00 -0.3797E-08  0.1000E-09  0.1793E-08  0.1000E-09  0.8450E-02  0.0000E+00 -0.1000E+01
 4315.1831 14 15    4.7522    0.0000    4.7522    0.0000   -4.6957    0.6606    0.0001   -1.0000  -10.0000    3.9101  0.2000E+09  0.2191E+04  0.0000E+00 -0.3797E-08  0.1000E-09  0.1793E-08  0.1000E-09  0.8450E-02  0.0000E+00 -0.1000E+01
 4325.1831 14 15    4.7522    0.0000    4.7522    0.0000   -4.6957    0.6606    0.0001   -1.0000  -10.0000    3.9101  0.2000E+09  0.2191E+04  0.0000E+00 -0.3797E-08  0.1000E-09  0.1793E-08  0.1000E-09  0.8450E-02  0.0000E+00 -0.1000E+01
 4335.1831 14 15    4.7522    0.0000    4.7522    0.0000   -4.6957    0.6606    0.0001   -1.0000  -10.0000    3.9101  0.2000E+09  0.2191E+04  0.0000E+00 -0.3797E-08  0.1000E-09  0.1793E-08  0.1000E-09  0.8450E-02  0.0000E+00 -0.1000E+01
 4345.1831 14 15    4.7522    0.0000    4.7522    0.0000   -4.6957    0.6606    0.0001   -1.0000  -10.0000    3.9101  0.2000E+09  0.2191E+04  0.0000E+00 -0.3797E-08  0.1000E-09  0.1793E-08  0.1000E-09  0.8450E-02  0.0000E+00 -0.1000E+01
 4355.1831 14 15    4.7522    0.0000    4.7522    0.0000   -4.6957    0.6606    0.0001   -1.0000  -10.0000    3.9101  0.2000E+09  0.2191E+04  0.0000E+00 -0.3797E-08  0.1000E-09  0.1793E-08  0.1000E-09  0.8450E-02  0.0000E+00 -0.1000E+01
 4365.1831 14 15    4.7522    0.0000    4.7522    0.0000   -4.6957    0.6606    0.0001   -1.0000  -10.0000    3.9101  0.2000E+09  0.2191E+04  0.0000E+00 -0.3797E-08  0.1000E-09  0.1793E-08  0.1000E-09  0.8450E-02  0.0000E+00 -0.1000E+01
 4375.1831 14 15    4.7522    0.0000    4.7522    0.0000   -4.6957    0.6606    0.0001   -1.0000  -10.0000    3.9101  0.2000E+09  0.2191E+04  0.0000E+00 -0.3797E-08  0.1000E-09  0.1793E-08  0.1000E-09  0.8450E-02  0.0000E+00 -0.1000E+01
 4385.1831 14 15    4.7522    0.0000    4.7522    0.0000   -4.6957    0.6606    0.0001   -1.0000  -10.0000    3.9101  0.2000E+09  0.2191E+04  0.0000E+00 -0.3797E-08  0.1000E-09  0.1793E-08  0.1000E-09  0.8450E-02  0.0000E+00 -0.1000E+01
 4395.1831 14 15    4.7522    0.0000    4.7522    0.0000   -4.6957    0.6606    0.0001   -1.0000  -10.0000    3.9101  0.2000E+09  0.2191E+04  0.0000E+00 -0.3797E-08  0.1000E-09  0.1793E-08  0.1000E-09  0.8450E-02  0.0000E+00 -0.1000E+01
 4405.1831 14 15    4.7522    0.0000    4.7522    0.0000   -4.6957    0.6606    0.0001   -1.0000  -10.0000    3.9101  0.2000E+09  0.2191E+04  0.0000E+00 -0.3797E-08  0.1000E-09  0.1793E-08  0.1000E-09  0.8450E-02  0.0000E+00 -0.1000E+01
 4415.1831 14 15    4.7522    0.0000    4.7522    0.0000   -4.6957    0.6606    0.0001   -1.0000  -10.0000    3.9101  0.2000E+09  0.2191E+04  0.0000E+00 -0.3797E-08  0.1000E-09  0.1793E-08  0.1000E-09  0.8450E-02  0.0000E+00 -0.1000E+01
 4425.1831 14 15    4.7522    0.0000    4.7522    0.0000   -4.6957    0.6606    0.0001   -1.0000  -10.0000    3.9101  0.2000E+09  0.2191E+04  0.0000E+00 -0.3797E-08  0.1000E-09  0.1793E-08  0.1000E-09  0.8450E-02  0.0000E+00 -0.1000E+01
 4435.1831 14 15    4.7522    0.0000    4.7522    0.0000   -4.6957    0.6606    0.0001   -1.0000  -10.0000    3.9101  0.2000E+09  0.2191E+04  0.0000E+00 -0.3797E-08  0.1000E-09  0.1793E-08  0.1000E-09  0.8450E-02  0.0000E+00 -0.1000E+01
 4445.1831 14 15    4.7522    0.0000    4.7522    0.0000   -4.6957    0.6606    0.0001   -1.0000  -10.0000    3.9101  0.2000E+09  0.2191E+04  0.0000E+00 -0.3797E-08  0.1000E-09  0.1793E-08  0.1000E-09  0.8450E-02  0.0000E+00 -0.1000E+01
 4455.1831 14 15    4.7522    0.0000    4.7522    0.0000   -4.6957    0.6606    0.0001   -1.0000  -10.0000    3.9101  0.2000E+09  0.2191E+04  0.0000E+00 -0.3797E-08  0.1000E-09  0.1793E-08  0.1000E-09  0.8450E-02  0.0000E+00 -0.1000E+01
 4465.1831 14 15    4.7522    0.0000    4.7522    0.0000   -4.6957    0.6606    0.0001   -1.0000  -10.0000    3.9101  0.2000E+09  0.2191E+04  0.0000E+00 -0.3797E-08  0.1000E-09  0.1793E-08  0.1000E-09  0.8450E-02  0.0000E+00 -0.1000E+01
 4475.1831 14 15    4.7522    0.0000    4.7522    0.0000   -4.6957    0.6606    0.0001   -1.0000  -10.0000    3.9101  0.2000E+09  0.2191E+04  0.0000E+00 -0.3797E-08  0.1000E-09  0.1793E-08  0.1000E-09  0.8450E-02  0.0000E+00 -0.1000E+01
 4485.1831 14 15    4.7522    0.0000    4.7522    0.0000   -4.6957    0.6606    0.0001   -1.0000  -10.0000    3.9101  0.2000E+09  0.2191E+04  0.0000E+00 -0.3797E-08  0.1000E-09  0.1793E-08  0.1000E-09  0.8450E-02  0.0000E+00 -0.1000E+01
 4495.1831 14 15    4.7522    0.0000    4.7522    0.0000   -4.6957    0.6606    0.0001   -1.0000  -10.0000    3.9101  0.2000E+09  0.2191E+04  0.0000E+00 -0.3797E-08  0.1000E-09  0.1793E-08  0.1000E-09  0.8450E-02  0.0000E+00 -0.1000E+01
 4505.1831 14 15    4.7522    0.0000    4.7522    0.0000   -4.6957    0.6606    0.0001   -1.0000  -10.0000    3.9101  0.2000E+09  0.2191E+04  0.0000E+00 -0.3797E-08  0.1000E-09  0.1793E-08  0.1000E-09  0.8450E-02  0.0000E+00 -0.1000E+01
 4515.1831 14 15    4.7522    0.0000    4.7522    0.0000   -4.6957    0.6606    0.0001   -1.0000  -10.0000    3.9101  0.2000E+09  0.2191E+04  0.0000E+00 -0.3797E-08  0.1000E-09  0.1793E-08  0.1000E-09  0.8450E-02  0.0000E+00 -0.1000E+01
 4525.1831 14 15    4.7522    0.0000    4.7522    0.0000   -4.6957    0.6606    0.0001   -1.0000  -10.0000    3.9101  0.2000E+09  0.2191E+04  0.0000E+00 -0.3797E-08  0.1000E-09  0.1793E-08  0.1000E-09  0.8450E-02  0.0000E+00 -0.1000E+01
 4535.1831 14 15    4.7522    0.0000    4.7522    0.0000   -4.6957    0.6606    0.0001   -1.0000  -10.0000    3.9101  0.2000E+09  0.2191E+04  0.0000E+00 -0.3797E-08  0.1000E-09  0.1793E-08  0.1000E-09  0.8450E-02  0.0000E+00 -0.1000E+01
 4545.1831 14 15    4.7522    0.0000    4.7522    0.0000   -4.6957    0.6606    0.0001   -1.0000  -10.0000    3.9101  0.2000E+09  0.2191E+04  0.0000E+00 -0.3797E-08  0.1000E-09  0.1793E-08  0.1000E-09  0.8450E-02  0.0000E+00 -0.1000E+01
 4555.1831 14 15    4.7522    0.0000    4.7522    0.0000   -4.6957    0.6606    0.0001   -1.0000  -10.0000    3.9101  0.2000E+09  0.2191E+04  0.0000E+00 -0.3797E-08  0.1000E-09  0.1793E-08  0.1000E-09  0.8450E-02  0.0000E+00 -0.1000E+01
 4565.1831 14 15    4.7522    0.0000    4.7522    0.0000   -4.6957    0.6606    0.0001   -1.0000  -10.0000    3.9101  0.2000E+09  0.2191E+04  0.0000E+00 -0.3797E-08  0.1000E-09  0.1793E-08  0.1000E-09  0.8450E-02  0.0000E+00 -0.1000E+01
 4575.1831 14 15    4.7522    0.0000    4.7522    0.0000   -4.6957    0.6606    0.0001   -1.0000  -10.0000    3.9101  0.2000E+09  0.2191E+04  0.0000E+00 -0.3797E-08  0.1000E-09  0.1793E-08  0.1000E-09  0.8450E-02  0.0000E+00 -0.1000E+01
 4585.1831 14 15    4.7522    0.0000    4.7522    0.0000   -4.6957    0.6606    0.0001   -1.0000  -10.0000    3.9101  0.2000E+09  0.2191E+04  0.0000E+00 -0.3797E-08  0.1000E-09  0.1793E-08  0.1000E-09  0.8450E-02  0.0000E+00 -0.1000E+01
 4595.1831 14 15    4.7522    0.0000    4.7522    0.0000   -4.6957    0.6606    0.0001   -1.0000  -10.0000    3.9101  0.2000E+09  0.2191E+04  0.0000E+00 -0.3797E-08  0.1000E-09  0.1793E-08  0.1000E-09  0.8450E-02  0.0000E+00 -0.1000E+01
 4605.1831 14 15    4.7522    0.0000    4.7522    0.0000   -4.6957    0.6606    0.0001   -1.0000  -10.0000    3.9101  0.2000E+09  0.2191E+04  0.0000E+00 -0.3797E-08  0.1000E-09  0.1793E-08  0.1000E-09  0.8450E-02  0.0000E+00 -0.1000E+01
 4615.1831 14 15    4.7522    0.0000    4.7522    0.0000   -4.6957    0.6606    0.0001   -1.0000  -10.0000    3.9101  0.2000E+09  0.2191E+04  0.0000E+00 -0.3797E-08  0.1000E-09  0.1793E-08  0.1000E-09  0.8450E-02  0.0000E+00 -0.1000E+01
 4625.1831 14 15    4.7522    0.0000    4.7522    0.0000   -4.6957    0.6606    0.0001   -1.0000  -10.0000    3.9101  0.2000E+09  0.2191E+04  0.0000E+00 -0.3797E-08  0.1000E-09  0.1793E-08  0.1000E-09  0.8450E-02  0.0000E+00 -0.1000E+01
 4635.1831 14 15    4.7522    0.0000    4.7522    0.0000   -4.6957    0.6606    0.0001   -1.0000  -10.0000    3.9101  0.2000E+09  0.2191E+04  0.0000E+00 -0.3797E-08  0.1000E-09  0.1793E-08  0.1000E-09  0.8450E-02  0.0000E+00 -0.1000E+01
 4645.1831 14 15    4.7522    0.0000    4.7522    0.0000   -4.6957    0.6606    0.0001   -1.0000  -10.0000    3.9101  0.2000E+09  0.2191E+04  0.0000E+00 -0.3797E-08  0.1000E-09  0.1793E-08  0.1000E-09  0.8450E-02  0.0000E+00 -0.1000E+01
 4655.1831 14 15    4.7522    0.0000    4.7522    0.0000   -4.6957    0.6606    0.0001   -1.0000  -10.0000    3.9101  0.2000E+09  0.2191E+04  0.0000E+00 -0.3797E-08  0.1000E-09  0.1793E-08  0.1000E-09  0.8450E-02  0.0000E+00 -0.1000E+01
 4665.1831 14 15    4.7522    0.0000    4.7522    0.0000   -4.6957    0.6606    0.0001   -1.0000  -10.0000    3.9101  0.2000E+09  0.2191E+04  0.0000E+00 -0.3797E-08  0.1000E-09  0.1793E-08  0.1000E-09  0.8450E-02  0.0000E+00 -0.1000E+01
 4675.1831 14 15    4.7522    0.0000    4.7522    0.0000   -4.6957    0.6606    0.0001   -1.0000  -10.0000    3.9101  0.2000E+09  0.2191E+04  0.0000E+00 -0.3797E-08  0.1000E-09  0.1793E-08  0.1000E-09  0.8450E-02  0.0000E+00 -0.1000E+01
 4685.1831 14 15    4.7522    0.0000    4.7522    0.0000   -4.6957    0.6606    0.0001   -1.0000  -10.0000    3.9101  0.2000E+09  0.2191E+04  0.0000E+00 -0.3797E-08  0.1000E-09  0.1793E-08  0.1000E-09  0.8450E-02  0.0000E+00 -0.1000E+01
 4695.1831 14 15    4.7522    0.0000    4.7522    0.0000   -4.6957    0.6606    0.0001   -1.0000  -10.0000    3.9101  0.2000E+09  0.2191E+04  0.0000E+00 -0.3797E-08  0.1000E-09  0.1793E-08  0.1000E-09  0.8450E-02  0.0000E+00 -0.1000E+01
 4705.1831 14 15    4.7522    0.0000    4.7522    0.0000   -4.6957    0.6606    0.0001   -1.0000  -10.0000    3.9101  0.2000E+09  0.2191E+04  0.0000E+00 -0.3797E-08  0.1000E-09  0.1793E-08  0.1000E-09  0.8450E-02  0.0000E+00 -0.1000E+01
 4715.1831 14 15    4.7522    0.0000    4.7522    0.0000   -4.6957    0.6606    0.0001   -1.0000  -10.0000    3.9101  0.2000E+09  0.2191E+04  0.0000E+00 -0.3797E-08  0.1000E-09  0.1793E-08  0.1000E-09  0.8450E-02  0.0000E+00 -0.1000E+01
 4725.1831 14 15    4.7522    0.0000    4.7522    0.0000   -4.6957    0.6606    0.0001   -1.0000  -10.0000    3.9101  0.2000E+09  0.2191E+04  0.0000E+00 -0.3797E-08  0.1000E-09  0.1793E-08  0.1000E-09  0.8450E-02  0.0000E+00 -0.1000E+01
 4735.1831 14 15    4.7522    0.0000    4.7522    0.0000   -4.6957    0.6606    0.0001   -1.0000  -10.0000    3.9101  0.2000E+09  0.2191E+04  0.0000E+00 -0.3797E-08  0.1000E-09  0.1793E-08  0.1000E-09  0.8450E-02  0.0000E+00 -0.1000E+01
 4745.1831 14 15    4.7522    0.0000    4.7522    0.0000   -4.6957    0.6606    0.0001   -1.0000  -10.0000    3.9101  0.2000E+09  0.2191E+04  0.0000E+00 -0.3797E-08  0.1000E-09  0.1793E-08  0.1000E-09  0.8450E-02  0.0000E+00 -0.1000E+01
 4755.1831 14 15    4.7522    0.0000    4.7522    0.0000   -4.6957    0.6606    0.0001   -1.0000  -10.0000    3.9101  0.2000E+09  0.2191E+04  0.0000E+00 -0.3797E-08  0.1000E-09  0.1793E-08  0.1000E-09  0.8450E-02  0.0000E+00 -0.1000E+01
 4765.1831 14 15    4.7522    0.0000    4.7522    0.0000   -4.6957    0.6606    0.0001   -1.0000  -10.0000    3.9101  0.2000E+09  0.2191E+04  0.0000E+00 -0.3797E-08  0.1000E-09  0.1793E-08  0.1000E-09  0.8450E-02  0.0000E+00 -0.1000E+01
 4775.1831 14 15    4.7522    0.0000    4.7522    0.0000   -4.6957    0.6606    0.0001   -1.0000  -10.0000    3.9101  0.2000E+09  0.2191E+04  0.0000E+00 -0.3797E-08  0.1000E-09  0.1793E-08  0.1000E-09  0.8450E-02  0.0000E+00 -0.1000E+01
 4785.1831 14 15    4.7522    0.0000    4.7522    0.0000   -4.6957    0.6606    0.0001   -1.0000  -10.0000    3.9101  0.2000E+09  0.2191E+04  0.0000E+00 -0.3797E-08  0.1000E-09  0.1793E-08  0.1000E-09  0.8450E-02  0.0000E+00 -0.1000E+01
 4795.1831 14 15    4.7522    0.0000    4.7522    0.0000   -4.6957    0.6606    0.0001   -1.0000  -10.0000    3.9101  0.2000E+09  0.2191E+04  0.0000E+00 -0.3797E-08  0.1000E-09  0.1793E-08  0.1000E-09  0.8450E-02  0.0000E+00 -0.1000E+01
 4805.1831 14 15    4.7522    0.0000    4.7522    0.0000   -4.6957    0.6606    0.0001   -1.0000  -10.0000    3.9101  0.2000E+09  0.2191E+04  0.0000E+00 -0.3797E-08  0.1000E-09  0.1793E-08  0.1000E-09  0.8450E-02  0.0000E+00 -0.1000E+01
 4815.1831 14 15    4.7522    0.0000    4.7522    0.0000   -4.6957    0.6606    0.0001   -1.0000  -10.0000    3.9101  0.2000E+09  0.2191E+04  0.0000E+00 -0.3797E-08  0.1000E-09  0.1793E-08  0.1000E-09  0.8450E-02  0.0000E+00 -0.1000E+01
 4825.1831 14 15    4.7522    0.0000    4.7522    0.0000   -4.6957    0.6606    0.0001   -1.0000  -10.0000    3.9101  0.2000E+09  0.2191E+04  0.0000E+00 -0.3797E-08  0.1000E-09  0.1793E-08  0.1000E-09  0.8450E-02  0.0000E+00 -0.1000E+01
 4835.1831 14 15    4.7522    0.0000    4.7522    0.0000   -4.6957    0.6606    0.0001   -1.0000  -10.0000    3.9101  0.2000E+09  0.2191E+04  0.0000E+00 -0.3797E-08  0.1000E-09  0.1793E-08  0.1000E-09  0.8450E-02  0.0000E+00 -0.1000E+01
 4845.1831 14 15    4.7522    0.0000    4.7522    0.0000   -4.6957    0.6606    0.0001   -1.0000  -10.0000    3.9101  0.2000E+09  0.2191E+04  0.0000E+00 -0.3797E-08  0.1000E-09  0.1793E-08  0.1000E-09  0.8450E-02  0.0000E+00 -0.1000E+01
 4855.1831 14 15    4.7522    0.0000    4.7522    0.0000   -4.6957    0.6606    0.0001   -1.0000  -10.0000    3.9101  0.2000E+09  0.2191E+04  0.0000E+00 -0.3797E-08  0.1000E-09  0.1793E-08  0.1000E-09  0.8450E-02  0.0000E+00 -0.1000E+01
 4865.1831 14 15    4.7522    0.0000    4.7522    0.0000   -4.6957    0.6606    0.0001   -1.0000  -10.0000    3.9101  0.2000E+09  0.2191E+04  0.0000E+00 -0.3797E-08  0.1000E-09  0.1793E-08  0.1000E-09  0.8450E-02  0.0000E+00 -0.1000E+01
 4875.1831 14 15    4.7522    0.0000    4.7522    0.0000   -4.6957    0.6606    0.0001   -1.0000  -10.0000    3.9101  0.2000E+09  0.2191E+04  0.0000E+00 -0.3797E-08  0.1000E-09  0.1793E-08  0.1000E-09  0.8450E-02  0.0000E+00 -0.1000E+01
 4885.1831 14 15    4.7522    0.0000    4.7522    0.0000   -4.6957    0.6606    0.0001   -1.0000  -10.0000    3.9101  0.2000E+09  0.2191E+04  0.0000E+00 -0.3797E-08  0.1000E-09  0.1793E-08  0.1000E-09  0.8450E-02  0.0000E+00 -0.1000E+01
 4895.1831 14 15    4.7522    0.0000    4.7522    0.0000   -4.6957    0.6606    0.0001   -1.0000  -10.0000    3.9101  0.2000E+09  0.2191E+04  0.0000E+00 -0.3797E-08  0.1000E-09  0.1793E-08  0.1000E-09  0.8450E-02  0.0000E+00 -0.1000E+01
 4905.1831 14 15    4.7522    0.0000    4.7522    0.0000   -4.6957    0.6606    0.0001   -1.0000  -10.0000    3.9101  0.2000E+09  0.2191E+04  0.0000E+00 -0.3797E-08  0.1000E-09  0.1793E-08  0.1000E-09  0.8450E-02  0.0000E+00 -0.1000E+01
 4915.1831 14 15    4.7522    0.0000    4.7522    0.0000   -4.6957    0.6606    0.0001   -1.0000  -10.0000    3.9101  0.2000E+09  0.2191E+04  0.0000E+00 -0.3797E-08  0.1000E-09  0.1793E-08  0.1000E-09  0.8450E-02  0.0000E+00 -0.1000E+01
 4925.1831 14 15    4.7522    0.0000    4.7522    0.0000   -4.6957    0.6606    0.0001   -1.0000  -10.0000    3.9101  0.2000E+09  0.2191E+04  0.0000E+00 -0.3797E-08  0.1000E-09  0.1793E-08  0.1000E-09  0.8450E-02  0.0000E+00 -0.1000E+01
 4935.1831 14 15    4.7522    0.0000    4.7522    0.0000   -4.6957    0.6606    0.0001   -1.0000  -10.0000    3.9101  0.2000E+09  0.2191E+04  0.0000E+00 -0.3797E-08  0.1000E-09  0.1793E-08  0.1000E-09  0.8450E-02  0.0000E+00 -0.1000E+01
 4945.1831 14 15    4.7522    0.0000    4.7522    0.0000   -4.6957    0.6606    0.0001   -1.0000  -10.0000    3.9101  0.2000E+09  0.2191E+04  0.0000E+00 -0.3797E-08  0.1000E-09  0.1793E-08  0.1000E-09  0.8450E-02  0.0000E+00 -0.1000E+01
 4955.1831 14 15    4.7522    0.0000    4.7522    0.0000   -4.6957    0.6606    0.0001   -1.0000  -10.0000    3.9101  0.2000E+09  0.2191E+04  0.0000E+00 -0.3797E-08  0.1000E-09  0.1793E-08  0.1000E-09  0.8450E-02  0.0000E+00 -0.1000E+01
 4965.1831 14 15    4.7522    0.0000    4.7522    0.0000   -4.6957    0.6606    0.0001   -1.0000  -10.0000    3.9101  0.2000E+09  0.2191E+04  0.0000E+00 -0.3797E-08  0.1000E-09  0.1793E-08  0.1000E-09  0.8450E-02  0.0000E+00 -0.1000E+01
 4975.1831 14 15    4.7522    0.0000    4.7522    0.0000   -4.6957    0.6606    0.0001   -1.0000  -10.0000    3.9101  0.2000E+09  0.2191E+04  0.0000E+00 -0.3797E-08  0.1000E-09  0.1793E-08  0.1000E-09  0.8450E-02  0.0000E+00 -0.1000E+01
 4985.1831 14 15    4.7522    0.0000    4.7522    0.0000   -4.6957    0.6606    0.0001   -1.0000  -10.0000    3.9101  0.2000E+09  0.2191E+04  0.0000E+00 -0.3797E-08  0.1000E-09  0.1793E-08  0.1000E-09  0.8450E-02  0.0000E+00 -0.1000E+01
 4995.1831 14 15    4.7522    0.0000    4.7522    0.0000   -4.6957    0.6606    0.0001   -1.0000  -10.0000    3.9101  0.2000E+09  0.2191E+04  0.0000E+00 -0.3797E-08  0.1000E-09  0.1793E-08  0.1000E-09  0.8450E-02  0.0000E+00 -0.1000E+01
 5005.1831 14 15    4.7522    0.0000    4.7522    0.0000   -4.6957    0.6606    0.0001   -1.0000  -10.0000    3.9101  0.2000E+09  0.2191E+04  0.0000E+00 -0.3797E-08  0.1000E-09  0.1793E-08  0.1000E-09  0.8450E-02  0.0000E+00 -0.1000E+01
 5015.1831 14 15    4.7522    0.0000    4.7522    0.0000   -4.6957    0.6606    0.0001   -1.0000  -10.0000    3.9101  0.2000E+09  0.2191E+04  0.0000E+00 -0.3797E-08  0.1000E-09  0.1793E-08  0.1000E-09  0.8450E-02  0.0000E+00 -0.1000E+01
 5025.1831 14 15    4.7522    0.0000    4.7522    0.0000   -4.6957    0.6606    0.0001   -1.0000  -10.0000    3.9101  0.2000E+09  0.2191E+04  0.0000E+00 -0.3797E-08  0.1000E-09  0.1793E-08  0.1000E-09  0.8450E-02  0.0000E+00 -0.1000E+01
 5035.1831 14 15    4.7522    0.0000    4.7522    0.0000   -4.6957    0.6606    0.0001   -1.0000  -10.0000    3.9101  0.2000E+09  0.2191E+04  0.0000E+00 -0.3797E-08  0.1000E-09  0.1793E-08  0.1000E-09  0.8450E-02  0.0000E+00 -0.1000E+01
 5045.1831 14 15    4.7522    0.0000    4.7522    0.0000   -4.6957    0.6606    0.0001   -1.0000  -10.0000    3.9101  0.2000E+09  0.2191E+04  0.0000E+00 -0.3797E-08  0.1000E-09  0.1793E-08  0.1000E-09  0.8450E-02  0.0000E+00 -0.1000E+01
 5055.1831 14 15    4.7522    0.0000    4.7522    0.0000   -4.6957    0.6606    0.0001   -1.0000  -10.0000    3.9101  0.2000E+09  0.2191E+04  0.0000E+00 -0.3797E-08  0.1000E-09  0.1793E-08  0.1000E-09  0.8450E-02  0.0000E+00 -0.1000E+01
 5065.1831 14 15    4.7522    0.0000    4.7522    0.0000   -4.6957    0.6606    0.0001   -1.0000  -10.0000    3.9101  0.2000E+09  0.2191E+04  0.0000E+00 -0.3797E-08  0.1000E-09  0.1793E-08  0.1000E-09  0.8450E-02  0.0000E+00 -0.1000E+01
 5075.1831 14 15    4.7522    0.0000    4.7522    0.0000   -4.6957    0.6606    0.0001   -1.0000  -10.0000    3.9101  0.2000E+09  0.2191E+04  0.0000E+00 -0.3797E-08  0.1000E-09  0.1793E-08  0.1000E-09  0.8450E-02  0.0000E+00 -0.1000E+01
 5085.1831 14 15    4.7522    0.0000    4.7522    0.0000   -4.6957    0.6606    0.0001   -1.0000  -10.0000    3.9101  0.2000E+09  0.2191E+04  0.0000E+00 -0.3797E-08  0.1000E-09  0.1793E-08  0.1000E-09  0.8450E-02  0.0000E+00 -0.1000E+01
 5095.1831 14 15    4.7522    0.0000    4.7522    0.0000   -4.6957    0.6606    0.0001   -1.0000  -10.0000    3.9101  0.2000E+09  0.2191E+04  0.0000E+00 -0.3797E-08  0.1000E-09  0.1793E-08  0.1000E-09  0.8450E-02  0.0000E+00 -0.1000E+01
 5105.1831 14 15    4.7522    0.0000    4.7522    0.0000   -4.6957    0.6606    0.0001   -1.0000  -10.0000    3.9101  0.2000E+09  0.2191E+04  0.0000E+00 -0.3797E-08  0.1000E-09  0.1793E-08  0.1000E-09  0.8450E-02  0.0000E+00 -0.1000E+01
 5115.1831 14 15    4.7522    0.0000    4.7522    0.0000   -4.6957    0.6606    0.0001   -1.0000  -10.0000    3.9101  0.2000E+09  0.2191E+04  0.0000E+00 -0.3797E-08  0.1000E-09  0.1793E-08  0.1000E-09  0.8450E-02  0.0000E+00 -0.1000E+01
 5125.1831 14 15    4.7522    0.0000    4.7522    0.0000   -4.6957    0.6606    0.0001   -1.0000  -10.0000    3.9101  0.2000E+09  0.2191E+04  0.0000E+00 -0.3797E-08  0.1000E-09  0.1793E-08  0.1000E-09  0.8450E-02  0.0000E+00 -0.1000E+01
 5135.1831 14 15    4.7522    0.0000    4.7522    0.0000   -4.6957    0.6606    0.0001   -1.0000  -10.0000    3.9101  0.2000E+09  0.2191E+04  0.0000E+00 -0.3797E-08  0.1000E-09  0.1793E-08  0.1000E-09  0.8450E-02  0.0000E+00 -0.1000E+01
 5145.1831 14 15    4.7522    0.0000    4.7522    0.0000   -4.6957    0.6606    0.0001   -1.0000  -10.0000    3.9101  0.2000E+09  0.2191E+04  0.0000E+00 -0.3797E-08  0.1000E-09  0.1793E-08  0.1000E-09  0.8450E-02  0.0000E+00 -0.1000E+01
 5155.1831 14 15    4.7522    0.0000    4.7522    0.0000   -4.6957    0.6606    0.0001   -1.0000  -10.0000    3.9101  0.2000E+09  0.2191E+04  0.0000E+00 -0.3797E-08  0.1000E-09  0.1793E-08  0.1000E-09  0.8450E-02  0.0000E+00 -0.1000E+01
 5165.1831 14 15    4.7522    0.0000    4.7522    0.0000   -4.6957    0.6606    0.0001   -1.0000  -10.0000    3.9101  0.2000E+09  0.2191E+04  0.0000E+00 -0.3797E-08  0.1000E-09  0.1793E-08  0.1000E-09  0.8450E-02  0.0000E+00 -0.1000E+01
 5175.1831 14 15    4.7522    0.0000    4.7522    0.0000   -4.6957    0.6606    0.0001   -1.0000  -10.0000    3.9101  0.2000E+09  0.2191E+04  0.0000E+00 -0.3797E-08  0.1000E-09  0.1793E-08  0.1000E-09  0.8450E-02  0.0000E+00 -0.1000E+01
 5185.1831 14 15    4.7522    0.0000    4.7522    0.0000   -4.6957    0.6606    0.0001   -1.0000  -10.0000    3.9101  0.2000E+09  0.2191E+04  0.0000E+00 -0.3797E-08  0.1000E-09  0.1793E-08  0.1000E-09  0.8450E-02  0.0000E+00 -0.1000E+01
 5195.1831 14 15    4.7522    0.0000    4.7522    0.0000   -4.6957    0.6606    0.0001   -1.0000  -10.0000    3.9101  0.2000E+09  0.2191E+04  0.0000E+00 -0.3797E-08  0.1000E-09  0.1793E-08  0.1000E-09  0.8450E-02  0.0000E+00 -0.1000E+01
 5205.1831 14 15    4.7522    0.0000    4.7522    0.0000   -4.6957    0.6606    0.0001   -1.0000  -10.0000    3.9101  0.2000E+09  0.2191E+04  0.0000E+00 -0.3797E-08  0.1000E-09  0.1793E-08  0.1000E-09  0.8450E-02  0.0000E+00 -0.1000E+01
 5215.1831 14 15    4.7522    0.0000    4.7522    0.0000   -4.6957    0.6606    0.0001   -1.0000  -10.0000    3.9101  0.2000E+09  0.2191E+04  0.0000E+00 -0.3797E-08  0.1000E-09  0.1793E-08  0.1000E-09  0.8450E-02  0.0000E+00 -0.1000E+01
 5225.1831 14 15    4.7522    0.0000    4.7522    0.0000   -4.6957    0.6606    0.0001   -1.0000  -10.0000    3.9101  0.2000E+09  0.2191E+04  0.0000E+00 -0.3797E-08  0.1000E-09  0.1793E-08  0.1000E-09  0.8450E-02  0.0000E+00 -0.1000E+01
 5235.1831 14 15    4.7522    0.0000    4.7522    0.0000   -4.6957    0.6606    0.0001   -1.0000  -10.0000    3.9101  0.2000E+09  0.2191E+04  0.0000E+00 -0.3797E-08  0.1000E-09  0.1793E-08  0.1000E-09  0.8450E-02  0.0000E+00 -0.1000E+01
 5245.1831 14 15    4.7522    0.0000    4.7522    0.0000   -4.6957    0.6606    0.0001   -1.0000  -10.0000    3.9101  0.2000E+09  0.2191E+04  0.0000E+00 -0.3797E-08  0.1000E-09  0.1793E-08  0.1000E-09  0.8450E-02  0.0000E+00 -0.1000E+01
 5255.1831 14 15    4.7522    0.0000    4.7522    0.0000   -4.6957    0.6606    0.0001   -1.0000  -10.0000    3.9101  0.2000E+09  0.2191E+04  0.0000E+00 -0.3797E-08  0.1000E-09  0.1793E-08  0.1000E-09  0.8450E-02  0.0000E+00 -0.1000E+01
 5265.1831 14 15    4.7522    0.0000    4.7522    0.0000   -4.6957    0.6606    0.0001   -1.0000  -10.0000    3.9101  0.2000E+09  0.2191E+04  0.0000E+00 -0.3797E-08  0.1000E-09  0.1793E-08  0.1000E-09  0.8450E-02  0.0000E+00 -0.1000E+01
 5275.1831 14 15    4.7522    0.0000    4.7522    0.0000   -4.6957    0.6606    0.0001   -1.0000  -10.0000    3.9101  0.2000E+09  0.2191E+04  0.0000E+00 -0.3797E-08  0.1000E-09  0.1793E-08  0.1000E-09  0.8450E-02  0.0000E+00 -0.1000E+01
 5285.1831 14 15    4.7522    0.0000    4.7522    0.0000   -4.6957    0.6606    0.0001   -1.0000  -10.0000    3.9101  0.2000E+09  0.2191E+04  0.0000E+00 -0.3797E-08  0.1000E-09  0.1793E-08  0.1000E-09  0.8450E-02  0.0000E+00 -0.1000E+01
 5295.1831 14 15    4.7522    0.0000    4.7522    0.0000   -4.6957    0.6606    0.0001   -1.0000  -10.0000    3.9101  0.2000E+09  0.2191E+04  0.0000E+00 -0.3797E-08  0.1000E-09  0.1793E-08  0.1000E-09  0.8450E-02  0.0000E+00 -0.1000E+01
 5305.1831 14 15    4.7522    0.0000    4.7522    0.0000   -4.6957    0.6606    0.0001   -1.0000  -10.0000    3.9101  0.2000E+09  0.2191E+04  0.0000E+00 -0.3797E-08  0.1000E-09  0.1793E-08  0.1000E-09  0.8450E-02  0.0000E+00 -0.1000E+01
 5315.1831 14 15    4.7522    0.0000    4.7522    0.0000   -4.6957    0.6606    0.0001   -1.0000  -10.0000    3.9101  0.2000E+09  0.2191E+04  0.0000E+00 -0.3797E-08  0.1000E-09  0.1793E-08  0.1000E-09  0.8450E-02  0.0000E+00 -0.1000E+01
 5325.1831 14 15    4.7522    0.0000    4.7522    0.0000   -4.6957    0.6606    0.0001   -1.0000  -10.0000    3.9101  0.2000E+09  0.2191E+04  0.0000E+00 -0.3797E-08  0.1000E-09  0.1793E-08  0.1000E-09  0.8450E-02  0.0000E+00 -0.1000E+01
 5335.1831 14 15    4.7522    0.0000    4.7522    0.0000   -4.6957    0.6606    0.0001   -1.0000  -10.0000    3.9101  0.2000E+09  0.2191E+04  0.0000E+00 -0.3797E-08  0.1000E-09  0.1793E-08  0.1000E-09  0.8450E-02  0.0000E+00 -0.1000E+01
 5345.1831 14 15    4.7522    0.0000    4.7522    0.0000   -4.6957    0.6606    0.0001   -1.0000  -10.0000    3.9101  0.2000E+09  0.2191E+04  0.0000E+00 -0.3797E-08  0.1000E-09  0.1793E-08  0.1000E-09  0.8450E-02  0.0000E+00 -0.1000E+01
 5355.1831 14 15    4.7522    0.0000    4.7522    0.0000   -4.6957    0.6606    0.0001   -1.0000  -10.0000    3.9101  0.2000E+09  0.2191E+04  0.0000E+00 -0.3797E-08  0.1000E-09  0.1793E-08  0.1000E-09  0.8450E-02  0.0000E+00 -0.1000E+01
 5365.1831 14 15    4.7522    0.0000    4.7522    0.0000   -4.6957    0.6606    0.0001   -1.0000  -10.0000    3.9101  0.2000E+09  0.2191E+04  0.0000E+00 -0.3797E-08  0.1000E-09  0.1793E-08  0.1000E-09  0.8450E-02  0.0000E+00 -0.1000E+01
 5375.1831 14 15    4.7522    0.0000    4.7522    0.0000   -4.6957    0.6606    0.0001   -1.0000  -10.0000    3.9101  0.2000E+09  0.2191E+04  0.0000E+00 -0.3797E-08  0.1000E-09  0.1793E-08  0.1000E-09  0.8450E-02  0.0000E+00 -0.1000E+01
 5385.1831 14 15    4.7522    0.0000    4.7522    0.0000   -4.6957    0.6606    0.0001   -1.0000  -10.0000    3.9101  0.2000E+09  0.2191E+04  0.0000E+00 -0.3797E-08  0.1000E-09  0.1793E-08  0.1000E-09  0.8450E-02  0.0000E+00 -0.1000E+01
 5395.1831 14 15    4.7522    0.0000    4.7522    0.0000   -4.6957    0.6606    0.0001   -1.0000  -10.0000    3.9101  0.2000E+09  0.2191E+04  0.0000E+00 -0.3797E-08  0.1000E-09  0.1793E-08  0.1000E-09  0.8450E-02  0.0000E+00 -0.1000E+01
 5405.1831 14 15    4.7522    0.0000    4.7522    0.0000   -4.6957    0.6606    0.0001   -1.0000  -10.0000    3.9101  0.2000E+09  0.2191E+04  0.0000E+00 -0.3797E-08  0.1000E-09  0.1793E-08  0.1000E-09  0.8450E-02  0.0000E+00 -0.1000E+01
 5415.1831 14 15    4.7522    0.0000    4.7522    0.0000   -4.6957    0.6606    0.0001   -1.0000  -10.0000    3.9101  0.2000E+09  0.2191E+04  0.0000E+00 -0.3797E-08  0.1000E-09  0.1793E-08  0.1000E-09  0.8450E-02  0.0000E+00 -0.1000E+01
 5425.1831 14 15    4.7522    0.0000    4.7522    0.0000   -4.6957    0.6606    0.0001   -1.0000  -10.0000    3.9101  0.2000E+09  0.2191E+04  0.0000E+00 -0.3797E-08  0.1000E-09  0.1793E-08  0.1000E-09  0.8450E-02  0.0000E+00 -0.1000E+01
 5435.1831 14 15    4.7522    0.0000    4.7522    0.0000   -4.6957    0.6606    0.0001   -1.0000  -10.0000    3.9101  0.2000E+09  0.2191E+04  0.0000E+00 -0.3797E-08  0.1000E-09  0.1793E-08  0.1000E-09  0.8450E-02  0.0000E+00 -0.1000E+01
 5445.1831 14 15    4.7522    0.0000    4.7522    0.0000   -4.6957    0.6606    0.0001   -1.0000  -10.0000    3.9101  0.2000E+09  0.2191E+04  0.0000E+00 -0.3797E-08  0.1000E-09  0.1793E-08  0.1000E-09  0.8450E-02  0.0000E+00 -0.1000E+01
 5455.1831 14 15    4.7522    0.0000    4.7522    0.0000   -4.6957    0.6606    0.0001   -1.0000  -10.0000    3.9101  0.2000E+09  0.2191E+04  0.0000E+00 -0.3797E-08  0.1000E-09  0.1793E-08  0.1000E-09  0.8450E-02  0.0000E+00 -0.1000E+01
 5465.1831 14 15    4.7522    0.0000    4.7522    0.0000   -4.6957    0.6606    0.0001   -1.0000  -10.0000    3.9101  0.2000E+09  0.2191E+04  0.0000E+00 -0.3797E-08  0.1000E-09  0.1793E-08  0.1000E-09  0.8450E-02  0.0000E+00 -0.1000E+01
 5475.1831 14 15    4.7522    0.0000    4.7522    0.0000   -4.6957    0.6606    0.0001   -1.0000  -10.0000    3.9101  0.2000E+09  0.2191E+04  0.0000E+00 -0.3797E-08  0.1000E-09  0.1793E-08  0.1000E-09  0.8450E-02  0.0000E+00 -0.1000E+01
 5485.1831 14 15    4.7522    0.0000    4.7522    0.0000   -4.6957    0.6606    0.0001   -1.0000  -10.0000    3.9101  0.2000E+09  0.2191E+04  0.0000E+00 -0.3797E-08  0.1000E-09  0.1793E-08  0.1000E-09  0.8450E-02  0.0000E+00 -0.1000E+01
 5495.1831 14 15    4.7522    0.0000    4.7522    0.0000   -4.6957    0.6606    0.0001   -1.0000  -10.0000    3.9101  0.2000E+09  0.2191E+04  0.0000E+00 -0.3797E-08  0.1000E-09  0.1793E-08  0.1000E-09  0.8450E-02  0.0000E+00 -0.1000E+01
 5505.1831 14 15    4.7522    0.0000    4.7522    0.0000   -4.6957    0.6606    0.0001   -1.0000  -10.0000    3.9101  0.2000E+09  0.2191E+04  0.0000E+00 -0.3797E-08  0.1000E-09  0.1793E-08  0.1000E-09  0.8450E-02  0.0000E+00 -0.1000E+01
 5515.1831 14 15    4.7522    0.0000    4.7522    0.0000   -4.6957    0.6606    0.0001   -1.0000  -10.0000    3.9101  0.2000E+09  0.2191E+04  0.0000E+00 -0.3797E-08  0.1000E-09  0.1793E-08  0.1000E-09  0.8450E-02  0.0000E+00 -0.1000E+01
 5525.1831 14 15    4.7522    0.0000    4.7522    0.0000   -4.6957    0.6606    0.0001   -1.0000  -10.0000    3.9101  0.2000E+09  0.2191E+04  0.0000E+00 -0.3797E-08  0.1000E-09  0.1793E-08  0.1000E-09  0.8450E-02  0.0000E+00 -0.1000E+01
 5535.1831 14 15    4.7522    0.0000    4.7522    0.0000   -4.6957    0.6606    0.0001   -1.0000  -10.0000    3.9101  0.2000E+09  0.2191E+04  0.0000E+00 -0.3797E-08  0.1000E-09  0.1793E-08  0.1000E-09  0.8450E-02  0.0000E+00 -0.1000E+01
 5545.1831 14 15    4.7522    0.0000    4.7522    0.0000   -4.6957    0.6606    0.0001   -1.0000  -10.0000    3.9101  0.2000E+09  0.2191E+04  0.0000E+00 -0.3797E-08  0.1000E-09  0.1793E-08  0.1000E-09  0.8450E-02  0.0000E+00 -0.1000E+01
 5555.1831 14 15    4.7522    0.0000    4.7522    0.0000   -4.6957    0.6606    0.0001   -1.0000  -10.0000    3.9101  0.2000E+09  0.2191E+04  0.0000E+00 -0.3797E-08  0.1000E-09  0.1793E-08  0.1000E-09  0.8450E-02  0.0000E+00 -0.1000E+01
 5565.1831 14 15    4.7522    0.0000    4.7522    0.0000   -4.6957    0.6606    0.0001   -1.0000  -10.0000    3.9101  0.2000E+09  0.2191E+04  0.0000E+00 -0.3797E-08  0.1000E-09  0.1793E-08  0.1000E-09  0.8450E-02  0.0000E+00 -0.1000E+01
 5575.1831 14 15    4.7522    0.0000    4.7522    0.0000   -4.6957    0.6606    0.0001   -1.0000  -10.0000    3.9101  0.2000E+09  0.2191E+04  0.0000E+00 -0.3797E-08  0.1000E-09  0.1793E-08  0.1000E-09  0.8450E-02  0.0000E+00 -0.1000E+01
 5585.1831 14 15    4.7522    0.0000    4.7522    0.0000   -4.6957    0.6606    0.0001   -1.0000  -10.0000    3.9101  0.2000E+09  0.2191E+04  0.0000E+00 -0.3797E-08  0.1000E-09  0.1793E-08  0.1000E-09  0.8450E-02  0.0000E+00 -0.1000E+01
 5595.1831 14 15    4.7522    0.0000    4.7522    0.0000   -4.6957    0.6606    0.0001   -1.0000  -10.0000    3.9101  0.2000E+09  0.2191E+04  0.0000E+00 -0.3797E-08  0.1000E-09  0.1793E-08  0.1000E-09  0.8450E-02  0.0000E+00 -0.1000E+01
 5605.1831 14 15    4.7522    0.0000    4.7522    0.0000   -4.6957    0.6606    0.0001   -1.0000  -10.0000    3.9101  0.2000E+09  0.2191E+04  0.0000E+00 -0.3797E-08  0.1000E-09  0.1793E-08  0.1000E-09  0.8450E-02  0.0000E+00 -0.1000E+01
 5615.1831 14 15    4.7522    0.0000    4.7522    0.0000   -4.6957    0.6606    0.0001   -1.0000  -10.0000    3.9101  0.2000E+09  0.2191E+04  0.0000E+00 -0.3797E-08  0.1000E-09  0.1793E-08  0.1000E-09  0.8450E-02  0.0000E+00 -0.1000E+01
 5625.1831 14 15    4.7522    0.0000    4.7522    0.0000   -4.6957    0.6606    0.0001   -1.0000  -10.0000    3.9101  0.2000E+09  0.2191E+04  0.0000E+00 -0.3797E-08  0.1000E-09  0.1793E-08  0.1000E-09  0.8450E-02  0.0000E+00 -0.1000E+01
 5635.1831 14 15    4.7522    0.0000    4.7522    0.0000   -4.6957    0.6606    0.0001   -1.0000  -10.0000    3.9101  0.2000E+09  0.2191E+04  0.0000E+00 -0.3797E-08  0.1000E-09  0.1793E-08  0.1000E-09  0.8450E-02  0.0000E+00 -0.1000E+01
 5645.1831 14 15    4.7522    0.0000    4.7522    0.0000   -4.6957    0.6606    0.0001   -1.0000  -10.0000    3.9101  0.2000E+09  0.2191E+04  0.0000E+00 -0.3797E-08  0.1000E-09  0.1793E-08  0.1000E-09  0.8450E-02  0.0000E+00 -0.1000E+01
 5655.1831 14 15    4.7522    0.0000    4.7522    0.0000   -4.6957    0.6606    0.0001   -1.0000  -10.0000    3.9101  0.2000E+09  0.2191E+04  0.0000E+00 -0.3797E-08  0.1000E-09  0.1793E-08  0.1000E-09  0.8450E-02  0.0000E+00 -0.1000E+01
 5665.1831 14 15    4.7522    0.0000    4.7522    0.0000   -4.6957    0.6606    0.0001   -1.0000  -10.0000    3.9101  0.2000E+09  0.2191E+04  0.0000E+00 -0.3797E-08  0.1000E-09  0.1793E-08  0.1000E-09  0.8450E-02  0.0000E+00 -0.1000E+01
 5675.1831 14 15    4.7522    0.0000    4.7522    0.0000   -4.6957    0.6606    0.0001   -1.0000  -10.0000    3.9101  0.2000E+09  0.2191E+04  0.0000E+00 -0.3797E-08  0.1000E-09  0.1793E-08  0.1000E-09  0.8450E-02  0.0000E+00 -0.1000E+01
 5685.1831 14 15    4.7522    0.0000    4.7522    0.0000   -4.6957    0.6606    0.0001   -1.0000  -10.0000    3.9101  0.2000E+09  0.2191E+04  0.0000E+00 -0.3797E-08  0.1000E-09  0.1793E-08  0.1000E-09  0.8450E-02  0.0000E+00 -0.1000E+01
 5695.1831 14 15    4.7522    0.0000    4.7522    0.0000   -4.6957    0.6606    0.0001   -1.0000  -10.0000    3.9101  0.2000E+09  0.2191E+04  0.0000E+00 -0.3797E-08  0.1000E-09  0.1793E-08  0.1000E-09  0.8450E-02  0.0000E+00 -0.1000E+01
 5705.1831 14 15    4.7522    0.0000    4.7522    0.0000   -4.6957    0.6606    0.0001   -1.0000  -10.0000    3.9101  0.2000E+09  0.2191E+04  0.0000E+00 -0.3797E-08  0.1000E-09  0.1793E-08  0.1000E-09  0.8450E-02  0.0000E+00 -0.1000E+01
 5715.1831 14 15    4.7522    0.0000    4.7522    0.0000   -4.6957    0.6606    0.0001   -1.0000  -10.0000    3.9101  0.2000E+09  0.2191E+04  0.0000E+00 -0.3797E-08  0.1000E-09  0.1793E-08  0.1000E-09  0.8450E-02  0.0000E+00 -0.1000E+01
 5725.1831 14 15    4.7522    0.0000    4.7522    0.0000   -4.6957    0.6606    0.0001   -1.0000  -10.0000    3.9101  0.2000E+09  0.2191E+04  0.0000E+00 -0.3797E-08  0.1000E-09  0.1793E-08  0.1000E-09  0.8450E-02  0.0000E+00 -0.1000E+01
 5735.1831 14 15    4.7522    0.0000    4.7522    0.0000   -4.6957    0.6606    0.0001   -1.0000  -10.0000    3.9101  0.2000E+09  0.2191E+04  0.0000E+00 -0.3797E-08  0.1000E-09  0.1793E-08  0.1000E-09  0.8450E-02  0.0000E+00 -0.1000E+01
 5745.1831 14 15    4.7522    0.0000    4.7522    0.0000   -4.6957    0.6606    0.0001   -1.0000  -10.0000    3.9101  0.2000E+09  0.2191E+04  0.0000E+00 -0.3797E-08  0.1000E-09  0.1793E-08  0.1000E-09  0.8450E-02  0.0000E+00 -0.1000E+01
 5755.1831 14 15    4.7522    0.0000    4.7522    0.0000   -4.6957    0.6606    0.0001   -1.0000  -10.0000    3.9101  0.2000E+09  0.2191E+04  0.0000E+00 -0.3797E-08  0.1000E-09  0.1793E-08  0.1000E-09  0.8450E-02  0.0000E+00 -0.1000E+01
 5765.1831 14 15    4.7522    0.0000    4.7522    0.0000   -4.6957    0.6606    0.0001   -1.0000  -10.0000    3.9101  0.2000E+09  0.2191E+04  0.0000E+00 -0.3797E-08  0.1000E-09  0.1793E-08  0.1000E-09  0.8450E-02  0.0000E+00 -0.1000E+01
 5775.1831 14 15    4.7522    0.0000    4.7522    0.0000   -4.6957    0.6606    0.0001   -1.0000  -10.0000    3.9101  0.2000E+09  0.2191E+04  0.0000E+00 -0.3797E-08  0.1000E-09  0.1793E-08  0.1000E-09  0.8450E-02  0.0000E+00 -0.1000E+01
 5785.1831 14 15    4.7522    0.0000    4.7522    0.0000   -4.6957    0.6606    0.0001   -1.0000  -10.0000    3.9101  0.2000E+09  0.2191E+04  0.0000E+00 -0.3797E-08  0.1000E-09  0.1793E-08  0.1000E-09  0.8450E-02  0.0000E+00 -0.1000E+01
 5795.1831 14 15    4.7522    0.0000    4.7522    0.0000   -4.6957    0.6606    0.0001   -1.0000  -10.0000    3.9101  0.2000E+09  0.2191E+04  0.0000E+00 -0.3797E-08  0.1000E-09  0.1793E-08  0.1000E-09  0.8450E-02  0.0000E+00 -0.1000E+01
 5805.1831 14 15    4.7522    0.0000    4.7522    0.0000   -4.6957    0.6606    0.0001   -1.0000  -10.0000    3.9101  0.2000E+09  0.2191E+04  0.0000E+00 -0.3797E-08  0.1000E-09  0.1793E-08  0.1000E-09  0.8450E-02  0.0000E+00 -0.1000E+01
 5815.1831 14 15    4.7522    0.0000    4.7522    0.0000   -4.6957    0.6606    0.0001   -1.0000  -10.0000    3.9101  0.2000E+09  0.2191E+04  0.0000E+00 -0.3797E-08  0.1000E-09  0.1793E-08  0.1000E-09  0.8450E-02  0.0000E+00 -0.1000E+01
 5825.1831 14 15    4.7522    0.0000    4.7522    0.0000   -4.6957    0.6606    0.0001   -1.0000  -10.0000    3.9101  0.2000E+09  0.2191E+04  0.0000E+00 -0.3797E-08  0.1000E-09  0.1793E-08  0.1000E-09  0.8450E-02  0.0000E+00 -0.1000E+01
 5835.1831 14 15    4.7522    0.0000    4.7522    0.0000   -4.6957    0.6606    0.0001   -1.0000  -10.0000    3.9101  0.2000E+09  0.2191E+04  0.0000E+00 -0.3797E-08  0.1000E-09  0.1793E-08  0.1000E-09  0.8450E-02  0.0000E+00 -0.1000E+01
 5845.1831 14 15    4.7522    0.0000    4.7522    0.0000   -4.6957    0.6606    0.0001   -1.0000  -10.0000    3.9101  0.2000E+09  0.2191E+04  0.0000E+00 -0.3797E-08  0.1000E-09  0.1793E-08  0.1000E-09  0.8450E-02  0.0000E+00 -0.1000E+01
 5855.1831 14 15    4.7522    0.0000    4.7522    0.0000   -4.6957    0.6606    0.0001   -1.0000  -10.0000    3.9101  0.2000E+09  0.2191E+04  0.0000E+00 -0.3797E-08  0.1000E-09  0.1793E-08  0.1000E-09  0.8450E-02  0.0000E+00 -0.1000E+01
 5865.1831 14 15    4.7522    0.0000    4.7522    0.0000   -4.6957    0.6606    0.0001   -1.0000  -10.0000    3.9101  0.2000E+09  0.2191E+04  0.0000E+00 -0.3797E-08  0.1000E-09  0.1793E-08  0.1000E-09  0.8450E-02  0.0000E+00 -0.1000E+01
 5875.1831 14 15    4.7522    0.0000    4.7522    0.0000   -4.6957    0.6606    0.0001   -1.0000  -10.0000    3.9101  0.2000E+09  0.2191E+04  0.0000E+00 -0.3797E-08  0.1000E-09  0.1793E-08  0.1000E-09  0.8450E-02  0.0000E+00 -0.1000E+01
 5885.1831 14 15    4.7522    0.0000    4.7522    0.0000   -4.6957    0.6606    0.0001   -1.0000  -10.0000    3.9101  0.2000E+09  0.2191E+04  0.0000E+00 -0.3797E-08  0.1000E-09  0.1793E-08  0.1000E-09  0.8450E-02  0.0000E+00 -0.1000E+01
 5895.1831 14 15    4.7522    0.0000    4.7522    0.0000   -4.6957    0.6606    0.0001   -1.0000  -10.0000    3.9101  0.2000E+09  0.2191E+04  0.0000E+00 -0.3797E-08  0.1000E-09  0.1793E-08  0.1000E-09  0.8450E-02  0.0000E+00 -0.1000E+01
 5905.1831 14 15    4.7522    0.0000    4.7522    0.0000   -4.6957    0.6606    0.0001   -1.0000  -10.0000    3.9101  0.2000E+09  0.2191E+04  0.0000E+00 -0.3797E-08  0.1000E-09  0.1793E-08  0.1000E-09  0.8450E-02  0.0000E+00 -0.1000E+01
 5915.1831 14 15    4.7522    0.0000    4.7522    0.0000   -4.6957    0.6606    0.0001   -1.0000  -10.0000    3.9101  0.2000E+09  0.2191E+04  0.0000E+00 -0.3797E-08  0.1000E-09  0.1793E-08  0.1000E-09  0.8450E-02  0.0000E+00 -0.1000E+01
 5925.1831 14 15    4.7522    0.0000    4.7522    0.0000   -4.6957    0.6606    0.0001   -1.0000  -10.0000    3.9101  0.2000E+09  0.2191E+04  0.0000E+00 -0.3797E-08  0.1000E-09  0.1793E-08  0.1000E-09  0.8450E-02  0.0000E+00 -0.1000E+01
 5935.1831 14 15    4.7522    0.0000    4.7522    0.0000   -4.6957    0.6606    0.0001   -1.0000  -10.0000    3.9101  0.2000E+09  0.2191E+04  0.0000E+00 -0.3797E-08  0.1000E-09  0.1793E-08  0.1000E-09  0.8450E-02  0.0000E+00 -0.1000E+01
 5945.1831 14 15    4.7522    0.0000    4.7522    0.0000   -4.6957    0.6606    0.0001   -1.0000  -10.0000    3.9101  0.2000E+09  0.2191E+04  0.0000E+00 -0.3797E-08  0.1000E-09  0.1793E-08  0.1000E-09  0.8450E-02  0.0000E+00 -0.1000E+01
 5955.1831 14 15    4.7522    0.0000    4.7522    0.0000   -4.6957    0.6606    0.0001   -1.0000  -10.0000    3.9101  0.2000E+09  0.2191E+04  0.0000E+00 -0.3797E-08  0.1000E-09  0.1793E-08  0.1000E-09  0.8450E-02  0.0000E+00 -0.1000E+01
 5965.1831 14 15    4.7522    0.0000    4.7522    0.0000   -4.6957    0.6606    0.0001   -1.0000  -10.0000    3.9101  0.2000E+09  0.2191E+04  0.0000E+00 -0.3797E-08  0.1000E-09  0.1793E-08  0.1000E-09  0.8450E-02  0.0000E+00 -0.1000E+01
 5975.1831 14 15    4.7522    0.0000    4.7522    0.0000   -4.6957    0.6606    0.0001   -1.0000  -10.0000    3.9101  0.2000E+09  0.2191E+04  0.0000E+00 -0.3797E-08  0.1000E-09  0.1793E-08  0.1000E-09  0.8450E-02  0.0000E+00 -0.1000E+01
 5985.1831 14 15    4.7522    0.0000    4.7522    0.0000   -4.6957    0.6606    0.0001   -1.0000  -10.0000    3.9101  0.2000E+09  0.2191E+04  0.0000E+00 -0.3797E-08  0.1000E-09  0.1793E-08  0.1000E-09  0.8450E-02  0.0000E+00 -0.1000E+01
 5995.1831 14 15    4.7522    0.0000    4.7522    0.0000   -4.6957    0.6606    0.0001   -1.0000  -10.0000    3.9101  0.2000E+09  0.2191E+04  0.0000E+00 -0.3797E-08  0.1000E-09  0.1793E-08  0.1000E-09  0.8450E-02  0.0000E+00 -0.1000E+01
 6005.1831 14 15    4.7522    0.0000    4.7522    0.0000   -4.6957    0.6606    0.0001   -1.0000  -10.0000    3.9101  0.2000E+09  0.2191E+04  0.0000E+00 -0.3797E-08  0.1000E-09  0.1793E-08  0.1000E-09  0.8450E-02  0.0000E+00 -0.1000E+01
 6015.1831 14 15    4.7522    0.0000    4.7522    0.0000   -4.6957    0.6606    0.0001   -1.0000  -10.0000    3.9101  0.2000E+09  0.2191E+04  0.0000E+00 -0.3797E-08  0.1000E-09  0.1793E-08  0.1000E-09  0.8450E-02  0.0000E+00 -0.1000E+01
 6025.1831 14 15    4.7522    0.0000    4.7522    0.0000   -4.6957    0.6606    0.0001   -1.0000  -10.0000    3.9101  0.2000E+09  0.2191E+04  0.0000E+00 -0.3797E-08  0.1000E-09  0.1793E-08  0.1000E-09  0.8450E-02  0.0000E+00 -0.1000E+01
 6035.1831 14 15    4.7522    0.0000    4.7522    0.0000   -4.6957    0.6606    0.0001   -1.0000  -10.0000    3.9101  0.2000E+09  0.2191E+04  0.0000E+00 -0.3797E-08  0.1000E-09  0.1793E-08  0.1000E-09  0.8450E-02  0.0000E+00 -0.1000E+01
 6045.1831 14 15    4.7522    0.0000    4.7522    0.0000   -4.6957    0.6606    0.0001   -1.0000  -10.0000    3.9101  0.2000E+09  0.2191E+04  0.0000E+00 -0.3797E-08  0.1000E-09  0.1793E-08  0.1000E-09  0.8450E-02  0.0000E+00 -0.1000E+01
 6055.1831 14 15    4.7522    0.0000    4.7522    0.0000   -4.6957    0.6606    0.0001   -1.0000  -10.0000    3.9101  0.2000E+09  0.2191E+04  0.0000E+00 -0.3797E-08  0.1000E-09  0.1793E-08  0.1000E-09  0.8450E-02  0.0000E+00 -0.1000E+01
 6065.1831 14 15    4.7522    0.0000    4.7522    0.0000   -4.6957    0.6606    0.0001   -1.0000  -10.0000    3.9101  0.2000E+09  0.2191E+04  0.0000E+00 -0.3797E-08  0.1000E-09  0.1793E-08  0.1000E-09  0.8450E-02  0.0000E+00 -0.1000E+01
 6075.1831 14 15    4.7522    0.0000    4.7522    0.0000   -4.6957    0.6606    0.0001   -1.0000  -10.0000    3.9101  0.2000E+09  0.2191E+04  0.0000E+00 -0.3797E-08  0.1000E-09  0.1793E-08  0.1000E-09  0.8450E-02  0.0000E+00 -0.1000E+01
 6085.1831 14 15    4.7522    0.0000    4.7522    0.0000   -4.6957    0.6606    0.0001   -1.0000  -10.0000    3.9101  0.2000E+09  0.2191E+04  0.0000E+00 -0.3797E-08  0.1000E-09  0.1793E-08  0.1000E-09  0.8450E-02  0.0000E+00 -0.1000E+01
 6095.1831 14 15    4.7522    0.0000    4.7522    0.0000   -4.6957    0.6606    0.0001   -1.0000  -10.0000    3.9101  0.2000E+09  0.2191E+04  0.0000E+00 -0.3797E-08  0.1000E-09  0.1793E-08  0.1000E-09  0.8450E-02  0.0000E+00 -0.1000E+01
 6105.1831 14 15    4.7522    0.0000    4.7522    0.0000   -4.6957    0.6606    0.0001   -1.0000  -10.0000    3.9101  0.2000E+09  0.2191E+04  0.0000E+00 -0.3797E-08  0.1000E-09  0.1793E-08  0.1000E-09  0.8450E-02  0.0000E+00 -0.1000E+01
 6115.1831 14 15    4.7522    0.0000    4.7522    0.0000   -4.6957    0.6606    0.0001   -1.0000  -10.0000    3.9101  0.2000E+09  0.2191E+04  0.0000E+00 -0.3797E-08  0.1000E-09  0.1793E-08  0.1000E-09  0.8450E-02  0.0000E+00 -0.1000E+01
 6125.1831 14 15    4.7522    0.0000    4.7522    0.0000   -4.6957    0.6606    0.0001   -1.0000  -10.0000    3.9101  0.2000E+09  0.2191E+04  0.0000E+00 -0.3797E-08  0.1000E-09  0.1793E-08  0.1000E-09  0.8450E-02  0.0000E+00 -0.1000E+01
 6135.1831 14 15    4.7522    0.0000    4.7522    0.0000   -4.6957    0.6606    0.0001   -1.0000  -10.0000    3.9101  0.2000E+09  0.2191E+04  0.0000E+00 -0.3797E-08  0.1000E-09  0.1793E-08  0.1000E-09  0.8450E-02  0.0000E+00 -0.1000E+01
 6145.1831 14 15    4.7522    0.0000    4.7522    0.0000   -4.6957    0.6606    0.0001   -1.0000  -10.0000    3.9101  0.2000E+09  0.2191E+04  0.0000E+00 -0.3797E-08  0.1000E-09  0.1793E-08  0.1000E-09  0.8450E-02  0.0000E+00 -0.1000E+01
 6155.1831 14 15    4.7522    0.0000    4.7522    0.0000   -4.6957    0.6606    0.0001   -1.0000  -10.0000    3.9101  0.2000E+09  0.2191E+04  0.0000E+00 -0.3797E-08  0.1000E-09  0.1793E-08  0.1000E-09  0.8450E-02  0.0000E+00 -0.1000E+01
 6165.1831 14 15    4.7522    0.0000    4.7522    0.0000   -4.6957    0.6606    0.0001   -1.0000  -10.0000    3.9101  0.2000E+09  0.2191E+04  0.0000E+00 -0.3797E-08  0.1000E-09  0.1793E-08  0.1000E-09  0.8450E-02  0.0000E+00 -0.1000E+01
 6175.1831 14 15    4.7522    0.0000    4.7522    0.0000   -4.6957    0.6606    0.0001   -1.0000  -10.0000    3.9101  0.2000E+09  0.2191E+04  0.0000E+00 -0.3797E-08  0.1000E-09  0.1793E-08  0.1000E-09  0.8450E-02  0.0000E+00 -0.1000E+01
 6185.1831 14 15    4.7522    0.0000    4.7522    0.0000   -4.6957    0.6606    0.0001   -1.0000  -10.0000    3.9101  0.2000E+09  0.2191E+04  0.0000E+00 -0.3797E-08  0.1000E-09  0.1793E-08  0.1000E-09  0.8450E-02  0.0000E+00 -0.1000E+01
 6195.1831 14 15    4.7522    0.0000    4.7522    0.0000   -4.6957    0.6606    0.0001   -1.0000  -10.0000    3.9101  0.2000E+09  0.2191E+04  0.0000E+00 -0.3797E-08  0.1000E-09  0.1793E-08  0.1000E-09  0.8450E-02  0.0000E+00 -0.1000E+01
 6205.1831 14 15    4.7522    0.0000    4.7522    0.0000   -4.6957    0.6606    0.0001   -1.0000  -10.0000    3.9101  0.2000E+09  0.2191E+04  0.0000E+00 -0.3797E-08  0.1000E-09  0.1793E-08  0.1000E-09  0.8450E-02  0.0000E+00 -0.1000E+01
 6215.1831 14 15    4.7522    0.0000    4.7522    0.0000   -4.6957    0.6606    0.0001   -1.0000  -10.0000    3.9101  0.2000E+09  0.2191E+04  0.0000E+00 -0.3797E-08  0.1000E-09  0.1793E-08  0.1000E-09  0.8450E-02  0.0000E+00 -0.1000E+01
 6225.1831 14 15    4.7522    0.0000    4.7522    0.0000   -4.6957    0.6606    0.0001   -1.0000  -10.0000    3.9101  0.2000E+09  0.2191E+04  0.0000E+00 -0.3797E-08  0.1000E-09  0.1793E-08  0.1000E-09  0.8450E-02  0.0000E+00 -0.1000E+01
 6235.1831 14 15    4.7522    0.0000    4.7522    0.0000   -4.6957    0.6606    0.0001   -1.0000  -10.0000    3.9101  0.2000E+09  0.2191E+04  0.0000E+00 -0.3797E-08  0.1000E-09  0.1793E-08  0.1000E-09  0.8450E-02  0.0000E+00 -0.1000E+01
 6245.1831 14 15    4.7522    0.0000    4.7522    0.0000   -4.6957    0.6606    0.0001   -1.0000  -10.0000    3.9101  0.2000E+09  0.2191E+04  0.0000E+00 -0.3797E-08  0.1000E-09  0.1793E-08  0.1000E-09  0.8450E-02  0.0000E+00 -0.1000E+01
 6255.1831 14 15    4.7522    0.0000    4.7522    0.0000   -4.6957    0.6606    0.0001   -1.0000  -10.0000    3.9101  0.2000E+09  0.2191E+04  0.0000E+00 -0.3797E-08  0.1000E-09  0.1793E-08  0.1000E-09  0.8450E-02  0.0000E+00 -0.1000E+01
 6265.1831 14 15    4.7522    0.0000    4.7522    0.0000   -4.6957    0.6606    0.0001   -1.0000  -10.0000    3.9101  0.2000E+09  0.2191E+04  0.0000E+00 -0.3797E-08  0.1000E-09  0.1793E-08  0.1000E-09  0.8450E-02  0.0000E+00 -0.1000E+01
 6275.1831 14 15    4.7522    0.0000    4.7522    0.0000   -4.6957    0.6606    0.0001   -1.0000  -10.0000    3.9101  0.2000E+09  0.2191E+04  0.0000E+00 -0.3797E-08  0.1000E-09  0.1793E-08  0.1000E-09  0.8450E-02  0.0000E+00 -0.1000E+01
 6285.1831 14 15    4.7522    0.0000    4.7522    0.0000   -4.6957    0.6606    0.0001   -1.0000  -10.0000    3.9101  0.2000E+09  0.2191E+04  0.0000E+00 -0.3797E-08  0.1000E-09  0.1793E-08  0.1000E-09  0.8450E-02  0.0000E+00 -0.1000E+01
 6295.1831 14 15    4.7522    0.0000    4.7522    0.0000   -4.6957    0.6606    0.0001   -1.0000  -10.0000    3.9101  0.2000E+09  0.2191E+04  0.0000E+00 -0.3797E-08  0.1000E-09  0.1793E-08  0.1000E-09  0.8450E-02  0.0000E+00 -0.1000E+01
 6305.1831 14 15    4.7522    0.0000    4.7522    0.0000   -4.6957    0.6606    0.0001   -1.0000  -10.0000    3.9101  0.2000E+09  0.2191E+04  0.0000E+00 -0.3797E-08  0.1000E-09  0.1793E-08  0.1000E-09  0.8450E-02  0.0000E+00 -0.1000E+01
 6315.1831 14 15    4.7522    0.0000    4.7522    0.0000   -4.6957    0.6606    0.0001   -1.0000  -10.0000    3.9101  0.2000E+09  0.2191E+04  0.0000E+00 -0.3797E-08  0.1000E-09  0.1793E-08  0.1000E-09  0.8450E-02  0.0000E+00 -0.1000E+01
 6325.1831 14 15    4.7522    0.0000    4.7522    0.0000   -4.6957    0.6606    0.0001   -1.0000  -10.0000    3.9101  0.2000E+09  0.2191E+04  0.0000E+00 -0.3797E-08  0.1000E-09  0.1793E-08  0.1000E-09  0.8450E-02  0.0000E+00 -0.1000E+01
 6335.1831 14 15    4.7522    0.0000    4.7522    0.0000   -4.6957    0.6606    0.0001   -1.0000  -10.0000    3.9101  0.2000E+09  0.2191E+04  0.0000E+00 -0.3797E-08  0.1000E-09  0.1793E-08  0.1000E-09  0.8450E-02  0.0000E+00 -0.1000E+01
 6345.1831 14 15    4.7522    0.0000    4.7522    0.0000   -4.6957    0.6606    0.0001   -1.0000  -10.0000    3.9101  0.2000E+09  0.2191E+04  0.0000E+00 -0.3797E-08  0.1000E-09  0.1793E-08  0.1000E-09  0.8450E-02  0.0000E+00 -0.1000E+01
 6355.1831 14 15    4.7522    0.0000    4.7522    0.0000   -4.6957    0.6606    0.0001   -1.0000  -10.0000    3.9101  0.2000E+09  0.2191E+04  0.0000E+00 -0.3797E-08  0.1000E-09  0.1793E-08  0.1000E-09  0.8450E-02  0.0000E+00 -0.1000E+01
 6365.1831 14 15    4.7522    0.0000    4.7522    0.0000   -4.6957    0.6606    0.0001   -1.0000  -10.0000    3.9101  0.2000E+09  0.2191E+04  0.0000E+00 -0.3797E-08  0.1000E-09  0.1793E-08  0.1000E-09  0.8450E-02  0.0000E+00 -0.1000E+01
 6375.1831 14 15    4.7522    0.0000    4.7522    0.0000   -4.6957    0.6606    0.0001   -1.0000  -10.0000    3.9101  0.2000E+09  0.2191E+04  0.0000E+00 -0.3797E-08  0.1000E-09  0.1793E-08  0.1000E-09  0.8450E-02  0.0000E+00 -0.1000E+01
 6385.1831 14 15    4.7522    0.0000    4.7522    0.0000   -4.6957    0.6606    0.0001   -1.0000  -10.0000    3.9101  0.2000E+09  0.2191E+04  0.0000E+00 -0.3797E-08  0.1000E-09  0.1793E-08  0.1000E-09  0.8450E-02  0.0000E+00 -0.1000E+01
 6395.1831 14 15    4.7522    0.0000    4.7522    0.0000   -4.6957    0.6606    0.0001   -1.0000  -10.0000    3.9101  0.2000E+09  0.2191E+04  0.0000E+00 -0.3797E-08  0.1000E-09  0.1793E-08  0.1000E-09  0.8450E-02  0.0000E+00 -0.1000E+01
 6405.1831 14 15    4.7522    0.0000    4.7522    0.0000   -4.6957    0.6606    0.0001   -1.0000  -10.0000    3.9101  0.2000E+09  0.2191E+04  0.0000E+00 -0.3797E-08  0.1000E-09  0.1793E-08  0.1000E-09  0.8450E-02  0.0000E+00 -0.1000E+01
 6415.1831 14 15    4.7522    0.0000    4.7522    0.0000   -4.6957    0.6606    0.0001   -1.0000  -10.0000    3.9101  0.2000E+09  0.2191E+04  0.0000E+00 -0.3797E-08  0.1000E-09  0.1793E-08  0.1000E-09  0.8450E-02  0.0000E+00 -0.1000E+01
 6425.1831 14 15    4.7522    0.0000    4.7522    0.0000   -4.6957    0.6606    0.0001   -1.0000  -10.0000    3.9101  0.2000E+09  0.2191E+04  0.0000E+00 -0.3797E-08  0.1000E-09  0.1793E-08  0.1000E-09  0.8450E-02  0.0000E+00 -0.1000E+01
 6435.1831 14 15    4.7522    0.0000    4.7522    0.0000   -4.6957    0.6606    0.0001   -1.0000  -10.0000    3.9101  0.2000E+09  0.2191E+04  0.0000E+00 -0.3797E-08  0.1000E-09  0.1793E-08  0.1000E-09  0.8450E-02  0.0000E+00 -0.1000E+01
 6445.1831 14 15    4.7522    0.0000    4.7522    0.0000   -4.6957    0.6606    0.0001   -1.0000  -10.0000    3.9101  0.2000E+09  0.2191E+04  0.0000E+00 -0.3797E-08  0.1000E-09  0.1793E-08  0.1000E-09  0.8450E-02  0.0000E+00 -0.1000E+01
 6455.1831 14 15    4.7522    0.0000    4.7522    0.0000   -4.6957    0.6606    0.0001   -1.0000  -10.0000    3.9101  0.2000E+09  0.2191E+04  0.0000E+00 -0.3797E-08  0.1000E-09  0.1793E-08  0.1000E-09  0.8450E-02  0.0000E+00 -0.1000E+01
 6465.1831 14 15    4.7522    0.0000    4.7522    0.0000   -4.6957    0.6606    0.0001   -1.0000  -10.0000    3.9101  0.2000E+09  0.2191E+04  0.0000E+00 -0.3797E-08  0.1000E-09  0.1793E-08  0.1000E-09  0.8450E-02  0.0000E+00 -0.1000E+01
 6475.1831 14 15    4.7522    0.0000    4.7522    0.0000   -4.6957    0.6606    0.0001   -1.0000  -10.0000    3.9101  0.2000E+09  0.2191E+04  0.0000E+00 -0.3797E-08  0.1000E-09  0.1793E-08  0.1000E-09  0.8450E-02  0.0000E+00 -0.1000E+01
 6485.1831 14 15    4.7522    0.0000    4.7522    0.0000   -4.6957    0.6606    0.0001   -1.0000  -10.0000    3.9101  0.2000E+09  0.2191E+04  0.0000E+00 -0.3797E-08  0.1000E-09  0.1793E-08  0.1000E-09  0.8450E-02  0.0000E+00 -0.1000E+01
 6495.1831 14 15    4.7522    0.0000    4.7522    0.0000   -4.6957    0.6606    0.0001   -1.0000  -10.0000    3.9101  0.2000E+09  0.2191E+04  0.0000E+00 -0.3797E-08  0.1000E-09  0.1793E-08  0.1000E-09  0.8450E-02  0.0000E+00 -0.1000E+01
 6505.1831 14 15    4.7522    0.0000    4.7522    0.0000   -4.6957    0.6606    0.0001   -1.0000  -10.0000    3.9101  0.2000E+09  0.2191E+04  0.0000E+00 -0.3797E-08  0.1000E-09  0.1793E-08  0.1000E-09  0.8450E-02  0.0000E+00 -0.1000E+01
 6515.1831 14 15    4.7522    0.0000    4.7522    0.0000   -4.6957    0.6606    0.0001   -1.0000  -10.0000    3.9101  0.2000E+09  0.2191E+04  0.0000E+00 -0.3797E-08  0.1000E-09  0.1793E-08  0.1000E-09  0.8450E-02  0.0000E+00 -0.1000E+01
 6525.1831 14 15    4.7522    0.0000    4.7522    0.0000   -4.6957    0.6606    0.0001   -1.0000  -10.0000    3.9101  0.2000E+09  0.2191E+04  0.0000E+00 -0.3797E-08  0.1000E-09  0.1793E-08  0.1000E-09  0.8450E-02  0.0000E+00 -0.1000E+01
 6535.1831 14 15    4.7522    0.0000    4.7522    0.0000   -4.6957    0.6606    0.0001   -1.0000  -10.0000    3.9101  0.2000E+09  0.2191E+04  0.0000E+00 -0.3797E-08  0.1000E-09  0.1793E-08  0.1000E-09  0.8450E-02  0.0000E+00 -0.1000E+01
 6545.1831 14 15    4.7522    0.0000    4.7522    0.0000   -4.6957    0.6606    0.0001   -1.0000  -10.0000    3.9101  0.2000E+09  0.2191E+04  0.0000E+00 -0.3797E-08  0.1000E-09  0.1793E-08  0.1000E-09  0.8450E-02  0.0000E+00 -0.1000E+01
 6555.1831 14 15    4.7522    0.0000    4.7522    0.0000   -4.6957    0.6606    0.0001   -1.0000  -10.0000    3.9101  0.2000E+09  0.2191E+04  0.0000E+00 -0.3797E-08  0.1000E-09  0.1793E-08  0.1000E-09  0.8450E-02  0.0000E+00 -0.1000E+01
 6565.1831 14 15    4.7522    0.0000    4.7522    0.0000   -4.6957    0.6606    0.0001   -1.0000  -10.0000    3.9101  0.2000E+09  0.2191E+04  0.0000E+00 -0.3797E-08  0.1000E-09  0.1793E-08  0.1000E-09  0.8450E-02  0.0000E+00 -0.1000E+01
 6575.1831 14 15    4.7522    0.0000    4.7522    0.0000   -4.6957    0.6606    0.0001   -1.0000  -10.0000    3.9101  0.2000E+09  0.2191E+04  0.0000E+00 -0.3797E-08  0.1000E-09  0.1793E-08  0.1000E-09  0.8450E-02  0.0000E+00 -0.1000E+01
 6585.1831 14 15    4.7522    0.0000    4.7522    0.0000   -4.6957    0.6606    0.0001   -1.0000  -10.0000    3.9101  0.2000E+09  0.2191E+04  0.0000E+00 -0.3797E-08  0.1000E-09  0.1793E-08  0.1000E-09  0.8450E-02  0.0000E+00 -0.1000E+01
 6595.1831 14 15    4.7522    0.0000    4.7522    0.0000   -4.6957    0.6606    0.0001   -1.0000  -10.0000    3.9101  0.2000E+09  0.2191E+04  0.0000E+00 -0.3797E-08  0.1000E-09  0.1793E-08  0.1000E-09  0.8450E-02  0.0000E+00 -0.1000E+01
 6605.1831 14 15    4.7522    0.0000    4.7522    0.0000   -4.6957    0.6606    0.0001   -1.0000  -10.0000    3.9101  0.2000E+09  0.2191E+04  0.0000E+00 -0.3797E-08  0.1000E-09  0.1793E-08  0.1000E-09  0.8450E-02  0.0000E+00 -0.1000E+01
 6615.1831 14 15    4.7522    0.0000    4.7522    0.0000   -4.6957    0.6606    0.0001   -1.0000  -10.0000    3.9101  0.2000E+09  0.2191E+04  0.0000E+00 -0.3797E-08  0.1000E-09  0.1793E-08  0.1000E-09  0.8450E-02  0.0000E+00 -0.1000E+01
 6625.1831 14 15    4.7522    0.0000    4.7522    0.0000   -4.6957    0.6606    0.0001   -1.0000  -10.0000    3.9101  0.2000E+09  0.2191E+04  0.0000E+00 -0.3797E-08  0.1000E-09  0.1793E-08  0.1000E-09  0.8450E-02  0.0000E+00 -0.1000E+01
 6635.1831 14 15    4.7522    0.0000    4.7522    0.0000   -4.6957    0.6606    0.0001   -1.0000  -10.0000    3.9101  0.2000E+09  0.2191E+04  0.0000E+00 -0.3797E-08  0.1000E-09  0.1793E-08  0.1000E-09  0.8450E-02  0.0000E+00 -0.1000E+01
 6645.1831 14 15    4.7522    0.0000    4.7522    0.0000   -4.6957    0.6606    0.0001   -1.0000  -10.0000    3.9101  0.2000E+09  0.2191E+04  0.0000E+00 -0.3797E-08  0.1000E-09  0.1793E-08  0.1000E-09  0.8450E-02  0.0000E+00 -0.1000E+01
 6655.1831 14 15    4.7522    0.0000    4.7522    0.0000   -4.6957    0.6606    0.0001   -1.0000  -10.0000    3.9101  0.2000E+09  0.2191E+04  0.0000E+00 -0.3797E-08  0.1000E-09  0.1793E-08  0.1000E-09  0.8450E-02  0.0000E+00 -0.1000E+01
 6665.1831 14 15    4.7522    0.0000    4.7522    0.0000   -4.6957    0.6606    0.0001   -1.0000  -10.0000    3.9101  0.2000E+09  0.2191E+04  0.0000E+00 -0.3797E-08  0.1000E-09  0.1793E-08  0.1000E-09  0.8450E-02  0.0000E+00 -0.1000E+01
 6675.1831 14 15    4.7522    0.0000    4.7522    0.0000   -4.6957    0.6606    0.0001   -1.0000  -10.0000    3.9101  0.2000E+09  0.2191E+04  0.0000E+00 -0.3797E-08  0.1000E-09  0.1793E-08  0.1000E-09  0.8450E-02  0.0000E+00 -0.1000E+01
 6685.1831 14 15    4.7522    0.0000    4.7522    0.0000   -4.6957    0.6606    0.0001   -1.0000  -10.0000    3.9101  0.2000E+09  0.2191E+04  0.0000E+00 -0.3797E-08  0.1000E-09  0.1793E-08  0.1000E-09  0.8450E-02  0.0000E+00 -0.1000E+01
 6695.1831 14 15    4.7522    0.0000    4.7522    0.0000   -4.6957    0.6606    0.0001   -1.0000  -10.0000    3.9101  0.2000E+09  0.2191E+04  0.0000E+00 -0.3797E-08  0.1000E-09  0.1793E-08  0.1000E-09  0.8450E-02  0.0000E+00 -0.1000E+01
 6705.1831 14 15    4.7522    0.0000    4.7522    0.0000   -4.6957    0.6606    0.0001   -1.0000  -10.0000    3.9101  0.2000E+09  0.2191E+04  0.0000E+00 -0.3797E-08  0.1000E-09  0.1793E-08  0.1000E-09  0.8450E-02  0.0000E+00 -0.1000E+01
 6715.1831 14 15    4.7522    0.0000    4.7522    0.0000   -4.6957    0.6606    0.0001   -1.0000  -10.0000    3.9101  0.2000E+09  0.2191E+04  0.0000E+00 -0.3797E-08  0.1000E-09  0.1793E-08  0.1000E-09  0.8450E-02  0.0000E+00 -0.1000E+01
 6725.1831 14 15    4.7522    0.0000    4.7522    0.0000   -4.6957    0.6606    0.0001   -1.0000  -10.0000    3.9101  0.2000E+09  0.2191E+04  0.0000E+00 -0.3797E-08  0.1000E-09  0.1793E-08  0.1000E-09  0.8450E-02  0.0000E+00 -0.1000E+01
 6735.1831 14 15    4.7522    0.0000    4.7522    0.0000   -4.6957    0.6606    0.0001   -1.0000  -10.0000    3.9101  0.2000E+09  0.2191E+04  0.0000E+00 -0.3797E-08  0.1000E-09  0.1793E-08  0.1000E-09  0.8450E-02  0.0000E+00 -0.1000E+01
 6745.1831 14 15    4.7522    0.0000    4.7522    0.0000   -4.6957    0.6606    0.0001   -1.0000  -10.0000    3.9101  0.2000E+09  0.2191E+04  0.0000E+00 -0.3797E-08  0.1000E-09  0.1793E-08  0.1000E-09  0.8450E-02  0.0000E+00 -0.1000E+01
 6755.1831 14 15    4.7522    0.0000    4.7522    0.0000   -4.6957    0.6606    0.0001   -1.0000  -10.0000    3.9101  0.2000E+09  0.2191E+04  0.0000E+00 -0.3797E-08  0.1000E-09  0.1793E-08  0.1000E-09  0.8450E-02  0.0000E+00 -0.1000E+01
 6765.1831 14 15    4.7522    0.0000    4.7522    0.0000   -4.6957    0.6606    0.0001   -1.0000  -10.0000    3.9101  0.2000E+09  0.2191E+04  0.0000E+00 -0.3797E-08  0.1000E-09  0.1793E-08  0.1000E-09  0.8450E-02  0.0000E+00 -0.1000E+01
 6775.1831 14 15    4.7522    0.0000    4.7522    0.0000   -4.6957    0.6606    0.0001   -1.0000  -10.0000    3.9101  0.2000E+09  0.2191E+04  0.0000E+00 -0.3797E-08  0.1000E-09  0.1793E-08  0.1000E-09  0.8450E-02  0.0000E+00 -0.1000E+01
 6785.1831 14 15    4.7522    0.0000    4.7522    0.0000   -4.6957    0.6606    0.0001   -1.0000  -10.0000    3.9101  0.2000E+09  0.2191E+04  0.0000E+00 -0.3797E-08  0.1000E-09  0.1793E-08  0.1000E-09  0.8450E-02  0.0000E+00 -0.1000E+01
 6795.1831 14 15    4.7522    0.0000    4.7522    0.0000   -4.6957    0.6606    0.0001   -1.0000  -10.0000    3.9101  0.2000E+09  0.2191E+04  0.0000E+00 -0.3797E-08  0.1000E-09  0.1793E-08  0.1000E-09  0.8450E-02  0.0000E+00 -0.1000E+01
 6805.1831 14 15    4.7522    0.0000    4.7522    0.0000   -4.6957    0.6606    0.0001   -1.0000  -10.0000    3.9101  0.2000E+09  0.2191E+04  0.0000E+00 -0.3797E-08  0.1000E-09  0.1793E-08  0.1000E-09  0.8450E-02  0.0000E+00 -0.1000E+01
 6815.1831 14 15    4.7522    0.0000    4.7522    0.0000   -4.6957    0.6606    0.0001   -1.0000  -10.0000    3.9101  0.2000E+09  0.2191E+04  0.0000E+00 -0.3797E-08  0.1000E-09  0.1793E-08  0.1000E-09  0.8450E-02  0.0000E+00 -0.1000E+01
 6825.1831 14 15    4.7522    0.0000    4.7522    0.0000   -4.6957    0.6606    0.0001   -1.0000  -10.0000    3.9101  0.2000E+09  0.2191E+04  0.0000E+00 -0.3797E-08  0.1000E-09  0.1793E-08  0.1000E-09  0.8450E-02  0.0000E+00 -0.1000E+01
 6835.1831 14 15    4.7522    0.0000    4.7522    0.0000   -4.6957    0.6606    0.0001   -1.0000  -10.0000    3.9101  0.2000E+09  0.2191E+04  0.0000E+00 -0.3797E-08  0.1000E-09  0.1793E-08  0.1000E-09  0.8450E-02  0.0000E+00 -0.1000E+01
 6845.1831 14 15    4.7522    0.0000    4.7522    0.0000   -4.6957    0.6606    0.0001   -1.0000  -10.0000    3.9101  0.2000E+09  0.2191E+04  0.0000E+00 -0.3797E-08  0.1000E-09  0.1793E-08  0.1000E-09  0.8450E-02  0.0000E+00 -0.1000E+01
 6855.1831 14 15    4.7522    0.0000    4.7522    0.0000   -4.6957    0.6606    0.0001   -1.0000  -10.0000    3.9101  0.2000E+09  0.2191E+04  0.0000E+00 -0.3797E-08  0.1000E-09  0.1793E-08  0.1000E-09  0.8450E-02  0.0000E+00 -0.1000E+01
 6865.1831 14 15    4.7522    0.0000    4.7522    0.0000   -4.6957    0.6606    0.0001   -1.0000  -10.0000    3.9101  0.2000E+09  0.2191E+04  0.0000E+00 -0.3797E-08  0.1000E-09  0.1793E-08  0.1000E-09  0.8450E-02  0.0000E+00 -0.1000E+01
 6875.1831 14 15    4.7522    0.0000    4.7522    0.0000   -4.6957    0.6606    0.0001   -1.0000  -10.0000    3.9101  0.2000E+09  0.2191E+04  0.0000E+00 -0.3797E-08  0.1000E-09  0.1793E-08  0.1000E-09  0.8450E-02  0.0000E+00 -0.1000E+01
 6885.1831 14 15    4.7522    0.0000    4.7522    0.0000   -4.6957    0.6606    0.0001   -1.0000  -10.0000    3.9101  0.2000E+09  0.2191E+04  0.0000E+00 -0.3797E-08  0.1000E-09  0.1793E-08  0.1000E-09  0.8450E-02  0.0000E+00 -0.1000E+01
 6895.1831 14 15    4.7522    0.0000    4.7522    0.0000   -4.6957    0.6606    0.0001   -1.0000  -10.0000    3.9101  0.2000E+09  0.2191E+04  0.0000E+00 -0.3797E-08  0.1000E-09  0.1793E-08  0.1000E-09  0.8450E-02  0.0000E+00 -0.1000E+01
 6905.1831 14 15    4.7522    0.0000    4.7522    0.0000   -4.6957    0.6606    0.0001   -1.0000  -10.0000    3.9101  0.2000E+09  0.2191E+04  0.0000E+00 -0.3797E-08  0.1000E-09  0.1793E-08  0.1000E-09  0.8450E-02  0.0000E+00 -0.1000E+01
 6915.1831 14 15    4.7522    0.0000    4.7522    0.0000   -4.6957    0.6606    0.0001   -1.0000  -10.0000    3.9101  0.2000E+09  0.2191E+04  0.0000E+00 -0.3797E-08  0.1000E-09  0.1793E-08  0.1000E-09  0.8450E-02  0.0000E+00 -0.1000E+01
 6925.1831 14 15    4.7522    0.0000    4.7522    0.0000   -4.6957    0.6606    0.0001   -1.0000  -10.0000    3.9101  0.2000E+09  0.2191E+04  0.0000E+00 -0.3797E-08  0.1000E-09  0.1793E-08  0.1000E-09  0.8450E-02  0.0000E+00 -0.1000E+01
 6935.1831 14 15    4.7522    0.0000    4.7522    0.0000   -4.6957    0.6606    0.0001   -1.0000  -10.0000    3.9101  0.2000E+09  0.2191E+04  0.0000E+00 -0.3797E-08  0.1000E-09  0.1793E-08  0.1000E-09  0.8450E-02  0.0000E+00 -0.1000E+01
 6945.1831 14 15    4.7522    0.0000    4.7522    0.0000   -4.6957    0.6606    0.0001   -1.0000  -10.0000    3.9101  0.2000E+09  0.2191E+04  0.0000E+00 -0.3797E-08  0.1000E-09  0.1793E-08  0.1000E-09  0.8450E-02  0.0000E+00 -0.1000E+01
 6955.1831 14 15    4.7522    0.0000    4.7522    0.0000   -4.6957    0.6606    0.0001   -1.0000  -10.0000    3.9101  0.2000E+09  0.2191E+04  0.0000E+00 -0.3797E-08  0.1000E-09  0.1793E-08  0.1000E-09  0.8450E-02  0.0000E+00 -0.1000E+01
 6965.1831 14 15    4.7522    0.0000    4.7522    0.0000   -4.6957    0.6606    0.0001   -1.0000  -10.0000    3.9101  0.2000E+09  0.2191E+04  0.0000E+00 -0.3797E-08  0.1000E-09  0.1793E-08  0.1000E-09  0.8450E-02  0.0000E+00 -0.1000E+01
 6975.1831 14 15    4.7522    0.0000    4.7522    0.0000   -4.6957    0.6606    0.0001   -1.0000  -10.0000    3.9101  0.2000E+09  0.2191E+04  0.0000E+00 -0.3797E-08  0.1000E-09  0.1793E-08  0.1000E-09  0.8450E-02  0.0000E+00 -0.1000E+01
 6985.1831 14 15    4.7522    0.0000    4.7522    0.0000   -4.6957    0.6606    0.0001   -1.0000  -10.0000    3.9101  0.2000E+09  0.2191E+04  0.0000E+00 -0.3797E-08  0.1000E-09  0.1793E-08  0.1000E-09  0.8450E-02  0.0000E+00 -0.1000E+01
 6995.1831 14 15    4.7522    0.0000    4.7522    0.0000   -4.6957    0.6606    0.0001   -1.0000  -10.0000    3.9101  0.2000E+09  0.2191E+04  0.0000E+00 -0.3797E-08  0.1000E-09  0.1793E-08  0.1000E-09  0.8450E-02  0.0000E+00 -0.1000E+01
 7005.1831 14 15    4.7522    0.0000    4.7522    0.0000   -4.6957    0.6606    0.0001   -1.0000  -10.0000    3.9101  0.2000E+09  0.2191E+04  0.0000E+00 -0.3797E-08  0.1000E-09  0.1793E-08  0.1000E-09  0.8450E-02  0.0000E+00 -0.1000E+01
 7015.1831 14 15    4.7522    0.0000    4.7522    0.0000   -4.6957    0.6606    0.0001   -1.0000  -10.0000    3.9101  0.2000E+09  0.2191E+04  0.0000E+00 -0.3797E-08  0.1000E-09  0.1793E-08  0.1000E-09  0.8450E-02  0.0000E+00 -0.1000E+01
 7025.1831 14 15    4.7522    0.0000    4.7522    0.0000   -4.6957    0.6606    0.0001   -1.0000  -10.0000    3.9101  0.2000E+09  0.2191E+04  0.0000E+00 -0.3797E-08  0.1000E-09  0.1793E-08  0.1000E-09  0.8450E-02  0.0000E+00 -0.1000E+01
 7035.1831 14 15    4.7522    0.0000    4.7522    0.0000   -4.6957    0.6606    0.0001   -1.0000  -10.0000    3.9101  0.2000E+09  0.2191E+04  0.0000E+00 -0.3797E-08  0.1000E-09  0.1793E-08  0.1000E-09  0.8450E-02  0.0000E+00 -0.1000E+01
 7045.1831 14 15    4.7522    0.0000    4.7522    0.0000   -4.6957    0.6606    0.0001   -1.0000  -10.0000    3.9101  0.2000E+09  0.2191E+04  0.0000E+00 -0.3797E-08  0.1000E-09  0.1793E-08  0.1000E-09  0.8450E-02  0.0000E+00 -0.1000E+01
 7055.1831 14 15    4.7522    0.0000    4.7522    0.0000   -4.6957    0.6606    0.0001   -1.0000  -10.0000    3.9101  0.2000E+09  0.2191E+04  0.0000E+00 -0.3797E-08  0.1000E-09  0.1793E-08  0.1000E-09  0.8450E-02  0.0000E+00 -0.1000E+01
 7065.1831 14 15    4.7522    0.0000    4.7522    0.0000   -4.6957    0.6606    0.0001   -1.0000  -10.0000    3.9101  0.2000E+09  0.2191E+04  0.0000E+00 -0.3797E-08  0.1000E-09  0.1793E-08  0.1000E-09  0.8450E-02  0.0000E+00 -0.1000E+01
 7075.1831 14 15    4.7522    0.0000    4.7522    0.0000   -4.6957    0.6606    0.0001   -1.0000  -10.0000    3.9101  0.2000E+09  0.2191E+04  0.0000E+00 -0.3797E-08  0.1000E-09  0.1793E-08  0.1000E-09  0.8450E-02  0.0000E+00 -0.1000E+01
 7085.1831 14 15    4.7522    0.0000    4.7522    0.0000   -4.6957    0.6606    0.0001   -1.0000  -10.0000    3.9101  0.2000E+09  0.2191E+04  0.0000E+00 -0.3797E-08  0.1000E-09  0.1793E-08  0.1000E-09  0.8450E-02  0.0000E+00 -0.1000E+01
 7095.1831 14 15    4.7522    0.0000    4.7522    0.0000   -4.6957    0.6606    0.0001   -1.0000  -10.0000    3.9101  0.2000E+09  0.2191E+04  0.0000E+00 -0.3797E-08  0.1000E-09  0.1793E-08  0.1000E-09  0.8450E-02  0.0000E+00 -0.1000E+01
 7105.1831 14 15    4.7522    0.0000    4.7522    0.0000   -4.6957    0.6606    0.0001   -1.0000  -10.0000    3.9101  0.2000E+09  0.2191E+04  0.0000E+00 -0.3797E-08  0.1000E-09  0.1793E-08  0.1000E-09  0.8450E-02  0.0000E+00 -0.1000E+01
 7115.1831 14 15    4.7522    0.0000    4.7522    0.0000   -4.6957    0.6606    0.0001   -1.0000  -10.0000    3.9101  0.2000E+09  0.2191E+04  0.0000E+00 -0.3797E-08  0.1000E-09  0.1793E-08  0.1000E-09  0.8450E-02  0.0000E+00 -0.1000E+01
 7125.1831 14 15    4.7522    0.0000    4.7522    0.0000   -4.6957    0.6606    0.0001   -1.0000  -10.0000    3.9101  0.2000E+09  0.2191E+04  0.0000E+00 -0.3797E-08  0.1000E-09  0.1793E-08  0.1000E-09  0.8450E-02  0.0000E+00 -0.1000E+01
 7135.1831 14 15    4.7522    0.0000    4.7522    0.0000   -4.6957    0.6606    0.0001   -1.0000  -10.0000    3.9101  0.2000E+09  0.2191E+04  0.0000E+00 -0.3797E-08  0.1000E-09  0.1793E-08  0.1000E-09  0.8450E-02  0.0000E+00 -0.1000E+01
 7145.1831 14 15    4.7522    0.0000    4.7522    0.0000   -4.6957    0.6606    0.0001   -1.0000  -10.0000    3.9101  0.2000E+09  0.2191E+04  0.0000E+00 -0.3797E-08  0.1000E-09  0.1793E-08  0.1000E-09  0.8450E-02  0.0000E+00 -0.1000E+01
 7155.1831 14 15    4.7522    0.0000    4.7522    0.0000   -4.6957    0.6606    0.0001   -1.0000  -10.0000    3.9101  0.2000E+09  0.2191E+04  0.0000E+00 -0.3797E-08  0.1000E-09  0.1793E-08  0.1000E-09  0.8450E-02  0.0000E+00 -0.1000E+01
 7165.1831 14 15    4.7522    0.0000    4.7522    0.0000   -4.6957    0.6606    0.0001   -1.0000  -10.0000    3.9101  0.2000E+09  0.2191E+04  0.0000E+00 -0.3797E-08  0.1000E-09  0.1793E-08  0.1000E-09  0.8450E-02  0.0000E+00 -0.1000E+01
 7175.1831 14 15    4.7522    0.0000    4.7522    0.0000   -4.6957    0.6606    0.0001   -1.0000  -10.0000    3.9101  0.2000E+09  0.2191E+04  0.0000E+00 -0.3797E-08  0.1000E-09  0.1793E-08  0.1000E-09  0.8450E-02  0.0000E+00 -0.1000E+01
 7185.1831 14 15    4.7522    0.0000    4.7522    0.0000   -4.6957    0.6606    0.0001   -1.0000  -10.0000    3.9101  0.2000E+09  0.2191E+04  0.0000E+00 -0.3797E-08  0.1000E-09  0.1793E-08  0.1000E-09  0.8450E-02  0.0000E+00 -0.1000E+01
 7195.1831 14 15    4.7522    0.0000    4.7522    0.0000   -4.6957    0.6606    0.0001   -1.0000  -10.0000    3.9101  0.2000E+09  0.2191E+04  0.0000E+00 -0.3797E-08  0.1000E-09  0.1793E-08  0.1000E-09  0.8450E-02  0.0000E+00 -0.1000E+01
 7205.1831 14 15    4.7522    0.0000    4.7522    0.0000   -4.6957    0.6606    0.0001   -1.0000  -10.0000    3.9101  0.2000E+09  0.2191E+04  0.0000E+00 -0.3797E-08  0.1000E-09  0.1793E-08  0.1000E-09  0.8450E-02  0.0000E+00 -0.1000E+01
 7215.1831 14 15    4.7522    0.0000    4.7522    0.0000   -4.6957    0.6606    0.0001   -1.0000  -10.0000    3.9101  0.2000E+09  0.2191E+04  0.0000E+00 -0.3797E-08  0.1000E-09  0.1793E-08  0.1000E-09  0.8450E-02  0.0000E+00 -0.1000E+01
 7225.1831 14 15    4.7522    0.0000    4.7522    0.0000   -4.6957    0.6606    0.0001   -1.0000  -10.0000    3.9101  0.2000E+09  0.2191E+04  0.0000E+00 -0.3797E-08  0.1000E-09  0.1793E-08  0.1000E-09  0.8450E-02  0.0000E+00 -0.1000E+01
 7235.1831 14 15    4.7522    0.0000    4.7522    0.0000   -4.6957    0.6606    0.0001   -1.0000  -10.0000    3.9101  0.2000E+09  0.2191E+04  0.0000E+00 -0.3797E-08  0.1000E-09  0.1793E-08  0.1000E-09  0.8450E-02  0.0000E+00 -0.1000E+01
 7245.1831 14 15    4.7522    0.0000    4.7522    0.0000   -4.6957    0.6606    0.0001   -1.0000  -10.0000    3.9101  0.2000E+09  0.2191E+04  0.0000E+00 -0.3797E-08  0.1000E-09  0.1793E-08  0.1000E-09  0.8450E-02  0.0000E+00 -0.1000E+01
 7255.1831 14 15    4.7522    0.0000    4.7522    0.0000   -4.6957    0.6606    0.0001   -1.0000  -10.0000    3.9101  0.2000E+09  0.2191E+04  0.0000E+00 -0.3797E-08  0.1000E-09  0.1793E-08  0.1000E-09  0.8450E-02  0.0000E+00 -0.1000E+01
 7265.1831 14 15    4.7522    0.0000    4.7522    0.0000   -4.6957    0.6606    0.0001   -1.0000  -10.0000    3.9101  0.2000E+09  0.2191E+04  0.0000E+00 -0.3797E-08  0.1000E-09  0.1793E-08  0.1000E-09  0.8450E-02  0.0000E+00 -0.1000E+01
 7275.1831 14 15    4.7522    0.0000    4.7522    0.0000   -4.6957    0.6606    0.0001   -1.0000  -10.0000    3.9101  0.2000E+09  0.2191E+04  0.0000E+00 -0.3797E-08  0.1000E-09  0.1793E-08  0.1000E-09  0.8450E-02  0.0000E+00 -0.1000E+01
 7285.1831 14 15    4.7522    0.0000    4.7522    0.0000   -4.6957    0.6606    0.0001   -1.0000  -10.0000    3.9101  0.2000E+09  0.2191E+04  0.0000E+00 -0.3797E-08  0.1000E-09  0.1793E-08  0.1000E-09  0.8450E-02  0.0000E+00 -0.1000E+01
 7295.1831 14 15    4.7522    0.0000    4.7522    0.0000   -4.6957    0.6606    0.0001   -1.0000  -10.0000    3.9101  0.2000E+09  0.2191E+04  0.0000E+00 -0.3797E-08  0.1000E-09  0.1793E-08  0.1000E-09  0.8450E-02  0.0000E+00 -0.1000E+01
 7305.1831 14 15    4.7522    0.0000    4.7522    0.0000   -4.6957    0.6606    0.0001   -1.0000  -10.0000    3.9101  0.2000E+09  0.2191E+04  0.0000E+00 -0.3797E-08  0.1000E-09  0.1793E-08  0.1000E-09  0.8450E-02  0.0000E+00 -0.1000E+01
 7315.1831 14 15    4.7522    0.0000    4.7522    0.0000   -4.6957    0.6606    0.0001   -1.0000  -10.0000    3.9101  0.2000E+09  0.2191E+04  0.0000E+00 -0.3797E-08  0.1000E-09  0.1793E-08  0.1000E-09  0.8450E-02  0.0000E+00 -0.1000E+01
 7325.1831 14 15    4.7522    0.0000    4.7522    0.0000   -4.6957    0.6606    0.0001   -1.0000  -10.0000    3.9101  0.2000E+09  0.2191E+04  0.0000E+00 -0.3797E-08  0.1000E-09  0.1793E-08  0.1000E-09  0.8450E-02  0.0000E+00 -0.1000E+01
 7335.1831 14 15    4.7522    0.0000    4.7522    0.0000   -4.6957    0.6606    0.0001   -1.0000  -10.0000    3.9101  0.2000E+09  0.2191E+04  0.0000E+00 -0.3797E-08  0.1000E-09  0.1793E-08  0.1000E-09  0.8450E-02  0.0000E+00 -0.1000E+01
 7345.1831 14 15    4.7522    0.0000    4.7522    0.0000   -4.6957    0.6606    0.0001   -1.0000  -10.0000    3.9101  0.2000E+09  0.2191E+04  0.0000E+00 -0.3797E-08  0.1000E-09  0.1793E-08  0.1000E-09  0.8450E-02  0.0000E+00 -0.1000E+01
 7355.1831 14 15    4.7522    0.0000    4.7522    0.0000   -4.6957    0.6606    0.0001   -1.0000  -10.0000    3.9101  0.2000E+09  0.2191E+04  0.0000E+00 -0.3797E-08  0.1000E-09  0.1793E-08  0.1000E-09  0.8450E-02  0.0000E+00 -0.1000E+01
 7365.1831 14 15    4.7522    0.0000    4.7522    0.0000   -4.6957    0.6606    0.0001   -1.0000  -10.0000    3.9101  0.2000E+09  0.2191E+04  0.0000E+00 -0.3797E-08  0.1000E-09  0.1793E-08  0.1000E-09  0.8450E-02  0.0000E+00 -0.1000E+01
 7375.1831 14 15    4.7522    0.0000    4.7522    0.0000   -4.6957    0.6606    0.0001   -1.0000  -10.0000    3.9101  0.2000E+09  0.2191E+04  0.0000E+00 -0.3797E-08  0.1000E-09  0.1793E-08  0.1000E-09  0.8450E-02  0.0000E+00 -0.1000E+01
 7385.1831 14 15    4.7522    0.0000    4.7522    0.0000   -4.6957    0.6606    0.0001   -1.0000  -10.0000    3.9101  0.2000E+09  0.2191E+04  0.0000E+00 -0.3797E-08  0.1000E-09  0.1793E-08  0.1000E-09  0.8450E-02  0.0000E+00 -0.1000E+01
 7395.1831 14 15    4.7522    0.0000    4.7522    0.0000   -4.6957    0.6606    0.0001   -1.0000  -10.0000    3.9101  0.2000E+09  0.2191E+04  0.0000E+00 -0.3797E-08  0.1000E-09  0.1793E-08  0.1000E-09  0.8450E-02  0.0000E+00 -0.1000E+01
 7405.1831 14 15    4.7522    0.0000    4.7522    0.0000   -4.6957    0.6606    0.0001   -1.0000  -10.0000    3.9101  0.2000E+09  0.2191E+04  0.0000E+00 -0.3797E-08  0.1000E-09  0.1793E-08  0.1000E-09  0.8450E-02  0.0000E+00 -0.1000E+01
 7415.1831 14 15    4.7522    0.0000    4.7522    0.0000   -4.6957    0.6606    0.0001   -1.0000  -10.0000    3.9101  0.2000E+09  0.2191E+04  0.0000E+00 -0.3797E-08  0.1000E-09  0.1793E-08  0.1000E-09  0.8450E-02  0.0000E+00 -0.1000E+01
 7425.1831 14 15    4.7522    0.0000    4.7522    0.0000   -4.6957    0.6606    0.0001   -1.0000  -10.0000    3.9101  0.2000E+09  0.2191E+04  0.0000E+00 -0.3797E-08  0.1000E-09  0.1793E-08  0.1000E-09  0.8450E-02  0.0000E+00 -0.1000E+01
 7435.1831 14 15    4.7522    0.0000    4.7522    0.0000   -4.6957    0.6606    0.0001   -1.0000  -10.0000    3.9101  0.2000E+09  0.2191E+04  0.0000E+00 -0.3797E-08  0.1000E-09  0.1793E-08  0.1000E-09  0.8450E-02  0.0000E+00 -0.1000E+01
 7445.1831 14 15    4.7522    0.0000    4.7522    0.0000   -4.6957    0.6606    0.0001   -1.0000  -10.0000    3.9101  0.2000E+09  0.2191E+04  0.0000E+00 -0.3797E-08  0.1000E-09  0.1793E-08  0.1000E-09  0.8450E-02  0.0000E+00 -0.1000E+01
 7455.1831 14 15    4.7522    0.0000    4.7522    0.0000   -4.6957    0.6606    0.0001   -1.0000  -10.0000    3.9101  0.2000E+09  0.2191E+04  0.0000E+00 -0.3797E-08  0.1000E-09  0.1793E-08  0.1000E-09  0.8450E-02  0.0000E+00 -0.1000E+01
 7465.1831 14 15    4.7522    0.0000    4.7522    0.0000   -4.6957    0.6606    0.0001   -1.0000  -10.0000    3.9101  0.2000E+09  0.2191E+04  0.0000E+00 -0.3797E-08  0.1000E-09  0.1793E-08  0.1000E-09  0.8450E-02  0.0000E+00 -0.1000E+01
 7475.1831 14 15    4.7522    0.0000    4.7522    0.0000   -4.6957    0.6606    0.0001   -1.0000  -10.0000    3.9101  0.2000E+09  0.2191E+04  0.0000E+00 -0.3797E-08  0.1000E-09  0.1793E-08  0.1000E-09  0.8450E-02  0.0000E+00 -0.1000E+01
 7485.1831 14 15    4.7522    0.0000    4.7522    0.0000   -4.6957    0.6606    0.0001   -1.0000  -10.0000    3.9101  0.2000E+09  0.2191E+04  0.0000E+00 -0.3797E-08  0.1000E-09  0.1793E-08  0.1000E-09  0.8450E-02  0.0000E+00 -0.1000E+01
 7495.1831 14 15    4.7522    0.0000    4.7522    0.0000   -4.6957    0.6606    0.0001   -1.0000  -10.0000    3.9101  0.2000E+09  0.2191E+04  0.0000E+00 -0.3797E-08  0.1000E-09  0.1793E-08  0.1000E-09  0.8450E-02  0.0000E+00 -0.1000E+01
 7505.1831 14 15    4.7522    0.0000    4.7522    0.0000   -4.6957    0.6606    0.0001   -1.0000  -10.0000    3.9101  0.2000E+09  0.2191E+04  0.0000E+00 -0.3797E-08  0.1000E-09  0.1793E-08  0.1000E-09  0.8450E-02  0.0000E+00 -0.1000E+01
 7515.1831 14 15    4.7522    0.0000    4.7522    0.0000   -4.6957    0.6606    0.0001   -1.0000  -10.0000    3.9101  0.2000E+09  0.2191E+04  0.0000E+00 -0.3797E-08  0.1000E-09  0.1793E-08  0.1000E-09  0.8450E-02  0.0000E+00 -0.1000E+01
 7525.1831 14 15    4.7522    0.0000    4.7522    0.0000   -4.6957    0.6606    0.0001   -1.0000  -10.0000    3.9101  0.2000E+09  0.2191E+04  0.0000E+00 -0.3797E-08  0.1000E-09  0.1793E-08  0.1000E-09  0.8450E-02  0.0000E+00 -0.1000E+01
 7535.1831 14 15    4.7522    0.0000    4.7522    0.0000   -4.6957    0.6606    0.0001   -1.0000  -10.0000    3.9101  0.2000E+09  0.2191E+04  0.0000E+00 -0.3797E-08  0.1000E-09  0.1793E-08  0.1000E-09  0.8450E-02  0.0000E+00 -0.1000E+01
 7545.1831 14 15    4.7522    0.0000    4.7522    0.0000   -4.6957    0.6606    0.0001   -1.0000  -10.0000    3.9101  0.2000E+09  0.2191E+04  0.0000E+00 -0.3797E-08  0.1000E-09  0.1793E-08  0.1000E-09  0.8450E-02  0.0000E+00 -0.1000E+01
 7555.1831 14 15    4.7522    0.0000    4.7522    0.0000   -4.6957    0.6606    0.0001   -1.0000  -10.0000    3.9101  0.2000E+09  0.2191E+04  0.0000E+00 -0.3797E-08  0.1000E-09  0.1793E-08  0.1000E-09  0.8450E-02  0.0000E+00 -0.1000E+01
 7565.1831 14 15    4.7522    0.0000    4.7522    0.0000   -4.6957    0.6606    0.0001   -1.0000  -10.0000    3.9101  0.2000E+09  0.2191E+04  0.0000E+00 -0.3797E-08  0.1000E-09  0.1793E-08  0.1000E-09  0.8450E-02  0.0000E+00 -0.1000E+01
 7575.1831 14 15    4.7522    0.0000    4.7522    0.0000   -4.6957    0.6606    0.0001   -1.0000  -10.0000    3.9101  0.2000E+09  0.2191E+04  0.0000E+00 -0.3797E-08  0.1000E-09  0.1793E-08  0.1000E-09  0.8450E-02  0.0000E+00 -0.1000E+01
 7585.1831 14 15    4.7522    0.0000    4.7522    0.0000   -4.6957    0.6606    0.0001   -1.0000  -10.0000    3.9101  0.2000E+09  0.2191E+04  0.0000E+00 -0.3797E-08  0.1000E-09  0.1793E-08  0.1000E-09  0.8450E-02  0.0000E+00 -0.1000E+01
 7595.1831 14 15    4.7522    0.0000    4.7522    0.0000   -4.6957    0.6606    0.0001   -1.0000  -10.0000    3.9101  0.2000E+09  0.2191E+04  0.0000E+00 -0.3797E-08  0.1000E-09  0.1793E-08  0.1000E-09  0.8450E-02  0.0000E+00 -0.1000E+01
 7605.1831 14 15    4.7522    0.0000    4.7522    0.0000   -4.6957    0.6606    0.0001   -1.0000  -10.0000    3.9101  0.2000E+09  0.2191E+04  0.0000E+00 -0.3797E-08  0.1000E-09  0.1793E-08  0.1000E-09  0.8450E-02  0.0000E+00 -0.1000E+01
 7615.1831 14 15    4.7522    0.0000    4.7522    0.0000   -4.6957    0.6606    0.0001   -1.0000  -10.0000    3.9101  0.2000E+09  0.2191E+04  0.0000E+00 -0.3797E-08  0.1000E-09  0.1793E-08  0.1000E-09  0.8450E-02  0.0000E+00 -0.1000E+01
 7625.1831 14 15    4.7522    0.0000    4.7522    0.0000   -4.6957    0.6606    0.0001   -1.0000  -10.0000    3.9101  0.2000E+09  0.2191E+04  0.0000E+00 -0.3797E-08  0.1000E-09  0.1793E-08  0.1000E-09  0.8450E-02  0.0000E+00 -0.1000E+01
 7635.1831 14 15    4.7522    0.0000    4.7522    0.0000   -4.6957    0.6606    0.0001   -1.0000  -10.0000    3.9101  0.2000E+09  0.2191E+04  0.0000E+00 -0.3797E-08  0.1000E-09  0.1793E-08  0.1000E-09  0.8450E-02  0.0000E+00 -0.1000E+01
 7645.1831 14 15    4.7522    0.0000    4.7522    0.0000   -4.6957    0.6606    0.0001   -1.0000  -10.0000    3.9101  0.2000E+09  0.2191E+04  0.0000E+00 -0.3797E-08  0.1000E-09  0.1793E-08  0.1000E-09  0.8450E-02  0.0000E+00 -0.1000E+01
 7655.1831 14 15    4.7522    0.0000    4.7522    0.0000   -4.6957    0.6606    0.0001   -1.0000  -10.0000    3.9101  0.2000E+09  0.2191E+04  0.0000E+00 -0.3797E-08  0.1000E-09  0.1793E-08  0.1000E-09  0.8450E-02  0.0000E+00 -0.1000E+01
 7665.1831 14 15    4.7522    0.0000    4.7522    0.0000   -4.6957    0.6606    0.0001   -1.0000  -10.0000    3.9101  0.2000E+09  0.2191E+04  0.0000E+00 -0.3797E-08  0.1000E-09  0.1793E-08  0.1000E-09  0.8450E-02  0.0000E+00 -0.1000E+01
 7675.1831 14 15    4.7522    0.0000    4.7522    0.0000   -4.6957    0.6606    0.0001   -1.0000  -10.0000    3.9101  0.2000E+09  0.2191E+04  0.0000E+00 -0.3797E-08  0.1000E-09  0.1793E-08  0.1000E-09  0.8450E-02  0.0000E+00 -0.1000E+01
 7685.1831 14 15    4.7522    0.0000    4.7522    0.0000   -4.6957    0.6606    0.0001   -1.0000  -10.0000    3.9101  0.2000E+09  0.2191E+04  0.0000E+00 -0.3797E-08  0.1000E-09  0.1793E-08  0.1000E-09  0.8450E-02  0.0000E+00 -0.1000E+01
 7695.1831 14 15    4.7522    0.0000    4.7522    0.0000   -4.6957    0.6606    0.0001   -1.0000  -10.0000    3.9101  0.2000E+09  0.2191E+04  0.0000E+00 -0.3797E-08  0.1000E-09  0.1793E-08  0.1000E-09  0.8450E-02  0.0000E+00 -0.1000E+01
 7705.1831 14 15    4.7522    0.0000    4.7522    0.0000   -4.6957    0.6606    0.0001   -1.0000  -10.0000    3.9101  0.2000E+09  0.2191E+04  0.0000E+00 -0.3797E-08  0.1000E-09  0.1793E-08  0.1000E-09  0.8450E-02  0.0000E+00 -0.1000E+01
 7715.1831 14 15    4.7522    0.0000    4.7522    0.0000   -4.6957    0.6606    0.0001   -1.0000  -10.0000    3.9101  0.2000E+09  0.2191E+04  0.0000E+00 -0.3797E-08  0.1000E-09  0.1793E-08  0.1000E-09  0.8450E-02  0.0000E+00 -0.1000E+01
 7725.1831 14 15    4.7522    0.0000    4.7522    0.0000   -4.6957    0.6606    0.0001   -1.0000  -10.0000    3.9101  0.2000E+09  0.2191E+04  0.0000E+00 -0.3797E-08  0.1000E-09  0.1793E-08  0.1000E-09  0.8450E-02  0.0000E+00 -0.1000E+01
 7735.1831 14 15    4.7522    0.0000    4.7522    0.0000   -4.6957    0.6606    0.0001   -1.0000  -10.0000    3.9101  0.2000E+09  0.2191E+04  0.0000E+00 -0.3797E-08  0.1000E-09  0.1793E-08  0.1000E-09  0.8450E-02  0.0000E+00 -0.1000E+01
 7745.1831 14 15    4.7522    0.0000    4.7522    0.0000   -4.6957    0.6606    0.0001   -1.0000  -10.0000    3.9101  0.2000E+09  0.2191E+04  0.0000E+00 -0.3797E-08  0.1000E-09  0.1793E-08  0.1000E-09  0.8450E-02  0.0000E+00 -0.1000E+01
 7755.1831 14 15    4.7522    0.0000    4.7522    0.0000   -4.6957    0.6606    0.0001   -1.0000  -10.0000    3.9101  0.2000E+09  0.2191E+04  0.0000E+00 -0.3797E-08  0.1000E-09  0.1793E-08  0.1000E-09  0.8450E-02  0.0000E+00 -0.1000E+01
 7765.1831 14 15    4.7522    0.0000    4.7522    0.0000   -4.6957    0.6606    0.0001   -1.0000  -10.0000    3.9101  0.2000E+09  0.2191E+04  0.0000E+00 -0.3797E-08  0.1000E-09  0.1793E-08  0.1000E-09  0.8450E-02  0.0000E+00 -0.1000E+01
 7775.1831 14 15    4.7522    0.0000    4.7522    0.0000   -4.6957    0.6606    0.0001   -1.0000  -10.0000    3.9101  0.2000E+09  0.2191E+04  0.0000E+00 -0.3797E-08  0.1000E-09  0.1793E-08  0.1000E-09  0.8450E-02  0.0000E+00 -0.1000E+01
 7785.1831 14 15    4.7522    0.0000    4.7522    0.0000   -4.6957    0.6606    0.0001   -1.0000  -10.0000    3.9101  0.2000E+09  0.2191E+04  0.0000E+00 -0.3797E-08  0.1000E-09  0.1793E-08  0.1000E-09  0.8450E-02  0.0000E+00 -0.1000E+01
 7795.1831 14 15    4.7522    0.0000    4.7522    0.0000   -4.6957    0.6606    0.0001   -1.0000  -10.0000    3.9101  0.2000E+09  0.2191E+04  0.0000E+00 -0.3797E-08  0.1000E-09  0.1793E-08  0.1000E-09  0.8450E-02  0.0000E+00 -0.1000E+01
 7805.1831 14 15    4.7522    0.0000    4.7522    0.0000   -4.6957    0.6606    0.0001   -1.0000  -10.0000    3.9101  0.2000E+09  0.2191E+04  0.0000E+00 -0.3797E-08  0.1000E-09  0.1793E-08  0.1000E-09  0.8450E-02  0.0000E+00 -0.1000E+01
 7815.1831 14 15    4.7522    0.0000    4.7522    0.0000   -4.6957    0.6606    0.0001   -1.0000  -10.0000    3.9101  0.2000E+09  0.2191E+04  0.0000E+00 -0.3797E-08  0.1000E-09  0.1793E-08  0.1000E-09  0.8450E-02  0.0000E+00 -0.1000E+01
 7825.1831 14 15    4.7522    0.0000    4.7522    0.0000   -4.6957    0.6606    0.0001   -1.0000  -10.0000    3.9101  0.2000E+09  0.2191E+04  0.0000E+00 -0.3797E-08  0.1000E-09  0.1793E-08  0.1000E-09  0.8450E-02  0.0000E+00 -0.1000E+01
 7835.1831 14 15    4.7522    0.0000    4.7522    0.0000   -4.6957    0.6606    0.0001   -1.0000  -10.0000    3.9101  0.2000E+09  0.2191E+04  0.0000E+00 -0.3797E-08  0.1000E-09  0.1793E-08  0.1000E-09  0.8450E-02  0.0000E+00 -0.1000E+01
 7845.1831 14 15    4.7522    0.0000    4.7522    0.0000   -4.6957    0.6606    0.0001   -1.0000  -10.0000    3.9101  0.2000E+09  0.2191E+04  0.0000E+00 -0.3797E-08  0.1000E-09  0.1793E-08  0.1000E-09  0.8450E-02  0.0000E+00 -0.1000E+01
 7855.1831 14 15    4.7522    0.0000    4.7522    0.0000   -4.6957    0.6606    0.0001   -1.0000  -10.0000    3.9101  0.2000E+09  0.2191E+04  0.0000E+00 -0.3797E-08  0.1000E-09  0.1793E-08  0.1000E-09  0.8450E-02  0.0000E+00 -0.1000E+01
 7865.1831 14 15    4.7522    0.0000    4.7522    0.0000   -4.6957    0.6606    0.0001   -1.0000  -10.0000    3.9101  0.2000E+09  0.2191E+04  0.0000E+00 -0.3797E-08  0.1000E-09  0.1793E-08  0.1000E-09  0.8450E-02  0.0000E+00 -0.1000E+01
 7875.1831 14 15    4.7522    0.0000    4.7522    0.0000   -4.6957    0.6606    0.0001   -1.0000  -10.0000    3.9101  0.2000E+09  0.2191E+04  0.0000E+00 -0.3797E-08  0.1000E-09  0.1793E-08  0.1000E-09  0.8450E-02  0.0000E+00 -0.1000E+01
 7885.1831 14 15    4.7522    0.0000    4.7522    0.0000   -4.6957    0.6606    0.0001   -1.0000  -10.0000    3.9101  0.2000E+09  0.2191E+04  0.0000E+00 -0.3797E-08  0.1000E-09  0.1793E-08  0.1000E-09  0.8450E-02  0.0000E+00 -0.1000E+01
 7895.1831 14 15    4.7522    0.0000    4.7522    0.0000   -4.6957    0.6606    0.0001   -1.0000  -10.0000    3.9101  0.2000E+09  0.2191E+04  0.0000E+00 -0.3797E-08  0.1000E-09  0.1793E-08  0.1000E-09  0.8450E-02  0.0000E+00 -0.1000E+01
 7905.1831 14 15    4.7522    0.0000    4.7522    0.0000   -4.6957    0.6606    0.0001   -1.0000  -10.0000    3.9101  0.2000E+09  0.2191E+04  0.0000E+00 -0.3797E-08  0.1000E-09  0.1793E-08  0.1000E-09  0.8450E-02  0.0000E+00 -0.1000E+01
 7915.1831 14 15    4.7522    0.0000    4.7522    0.0000   -4.6957    0.6606    0.0001   -1.0000  -10.0000    3.9101  0.2000E+09  0.2191E+04  0.0000E+00 -0.3797E-08  0.1000E-09  0.1793E-08  0.1000E-09  0.8450E-02  0.0000E+00 -0.1000E+01
 7925.1831 14 15    4.7522    0.0000    4.7522    0.0000   -4.6957    0.6606    0.0001   -1.0000  -10.0000    3.9101  0.2000E+09  0.2191E+04  0.0000E+00 -0.3797E-08  0.1000E-09  0.1793E-08  0.1000E-09  0.8450E-02  0.0000E+00 -0.1000E+01
 7935.1831 14 15    4.7522    0.0000    4.7522    0.0000   -4.6957    0.6606    0.0001   -1.0000  -10.0000    3.9101  0.2000E+09  0.2191E+04  0.0000E+00 -0.3797E-08  0.1000E-09  0.1793E-08  0.1000E-09  0.8450E-02  0.0000E+00 -0.1000E+01
 7945.1831 14 15    4.7522    0.0000    4.7522    0.0000   -4.6957    0.6606    0.0001   -1.0000  -10.0000    3.9101  0.2000E+09  0.2191E+04  0.0000E+00 -0.3797E-08  0.1000E-09  0.1793E-08  0.1000E-09  0.8450E-02  0.0000E+00 -0.1000E+01
 7955.1831 14 15    4.7522    0.0000    4.7522    0.0000   -4.6957    0.6606    0.0001   -1.0000  -10.0000    3.9101  0.2000E+09  0.2191E+04  0.0000E+00 -0.3797E-08  0.1000E-09  0.1793E-08  0.1000E-09  0.8450E-02  0.0000E+00 -0.1000E+01
 7965.1831 14 15    4.7522    0.0000    4.7522    0.0000   -4.6957    0.6606    0.0001   -1.0000  -10.0000    3.9101  0.2000E+09  0.2191E+04  0.0000E+00 -0.3797E-08  0.1000E-09  0.1793E-08  0.1000E-09  0.8450E-02  0.0000E+00 -0.1000E+01
 7975.1831 14 15    4.7522    0.0000    4.7522    0.0000   -4.6957    0.6606    0.0001   -1.0000  -10.0000    3.9101  0.2000E+09  0.2191E+04  0.0000E+00 -0.3797E-08  0.1000E-09  0.1793E-08  0.1000E-09  0.8450E-02  0.0000E+00 -0.1000E+01
 7985.1831 14 15    4.7522    0.0000    4.7522    0.0000   -4.6957    0.6606    0.0001   -1.0000  -10.0000    3.9101  0.2000E+09  0.2191E+04  0.0000E+00 -0.3797E-08  0.1000E-09  0.1793E-08  0.1000E-09  0.8450E-02  0.0000E+00 -0.1000E+01
 7995.1831 14 15    4.7522    0.0000    4.7522    0.0000   -4.6957    0.6606    0.0001   -1.0000  -10.0000    3.9101  0.2000E+09  0.2191E+04  0.0000E+00 -0.3797E-08  0.1000E-09  0.1793E-08  0.1000E-09  0.8450E-02  0.0000E+00 -0.1000E+01
 8005.1831 14 15    4.7522    0.0000    4.7522    0.0000   -4.6957    0.6606    0.0001   -1.0000  -10.0000    3.9101  0.2000E+09  0.2191E+04  0.0000E+00 -0.3797E-08  0.1000E-09  0.1793E-08  0.1000E-09  0.8450E-02  0.0000E+00 -0.1000E+01
 8015.1831 14 15    4.7522    0.0000    4.7522    0.0000   -4.6957    0.6606    0.0001   -1.0000  -10.0000    3.9101  0.2000E+09  0.2191E+04  0.0000E+00 -0.3797E-08  0.1000E-09  0.1793E-08  0.1000E-09  0.8450E-02  0.0000E+00 -0.1000E+01
 8025.1831 14 15    4.7522    0.0000    4.7522    0.0000   -4.6957    0.6606    0.0001   -1.0000  -10.0000    3.9101  0.2000E+09  0.2191E+04  0.0000E+00 -0.3797E-08  0.1000E-09  0.1793E-08  0.1000E-09  0.8450E-02  0.0000E+00 -0.1000E+01
 8035.1831 14 15    4.7522    0.0000    4.7522    0.0000   -4.6957    0.6606    0.0001   -1.0000  -10.0000    3.9101  0.2000E+09  0.2191E+04  0.0000E+00 -0.3797E-08  0.1000E-09  0.1793E-08  0.1000E-09  0.8450E-02  0.0000E+00 -0.1000E+01
 8045.1831 14 15    4.7522    0.0000    4.7522    0.0000   -4.6957    0.6606    0.0001   -1.0000  -10.0000    3.9101  0.2000E+09  0.2191E+04  0.0000E+00 -0.3797E-08  0.1000E-09  0.1793E-08  0.1000E-09  0.8450E-02  0.0000E+00 -0.1000E+01
 8055.1831 14 15    4.7522    0.0000    4.7522    0.0000   -4.6957    0.6606    0.0001   -1.0000  -10.0000    3.9101  0.2000E+09  0.2191E+04  0.0000E+00 -0.3797E-08  0.1000E-09  0.1793E-08  0.1000E-09  0.8450E-02  0.0000E+00 -0.1000E+01
 8065.1831 14 15    4.7522    0.0000    4.7522    0.0000   -4.6957    0.6606    0.0001   -1.0000  -10.0000    3.9101  0.2000E+09  0.2191E+04  0.0000E+00 -0.3797E-08  0.1000E-09  0.1793E-08  0.1000E-09  0.8450E-02  0.0000E+00 -0.1000E+01
 8075.1831 14 15    4.7522    0.0000    4.7522    0.0000   -4.6957    0.6606    0.0001   -1.0000  -10.0000    3.9101  0.2000E+09  0.2191E+04  0.0000E+00 -0.3797E-08  0.1000E-09  0.1793E-08  0.1000E-09  0.8450E-02  0.0000E+00 -0.1000E+01
 8085.1831 14 15    4.7522    0.0000    4.7522    0.0000   -4.6957    0.6606    0.0001   -1.0000  -10.0000    3.9101  0.2000E+09  0.2191E+04  0.0000E+00 -0.3797E-08  0.1000E-09  0.1793E-08  0.1000E-09  0.8450E-02  0.0000E+00 -0.1000E+01
 8095.1831 14 15    4.7522    0.0000    4.7522    0.0000   -4.6957    0.6606    0.0001   -1.0000  -10.0000    3.9101  0.2000E+09  0.2191E+04  0.0000E+00 -0.3797E-08  0.1000E-09  0.1793E-08  0.1000E-09  0.8450E-02  0.0000E+00 -0.1000E+01
 8105.1831 14 15    4.7522    0.0000    4.7522    0.0000   -4.6957    0.6606    0.0001   -1.0000  -10.0000    3.9101  0.2000E+09  0.2191E+04  0.0000E+00 -0.3797E-08  0.1000E-09  0.1793E-08  0.1000E-09  0.8450E-02  0.0000E+00 -0.1000E+01
 8115.1831 14 15    4.7522    0.0000    4.7522    0.0000   -4.6957    0.6606    0.0001   -1.0000  -10.0000    3.9101  0.2000E+09  0.2191E+04  0.0000E+00 -0.3797E-08  0.1000E-09  0.1793E-08  0.1000E-09  0.8450E-02  0.0000E+00 -0.1000E+01
 8125.1831 14 15    4.7522    0.0000    4.7522    0.0000   -4.6957    0.6606    0.0001   -1.0000  -10.0000    3.9101  0.2000E+09  0.2191E+04  0.0000E+00 -0.3797E-08  0.1000E-09  0.1793E-08  0.1000E-09  0.8450E-02  0.0000E+00 -0.1000E+01
 8135.1831 14 15    4.7522    0.0000    4.7522    0.0000   -4.6957    0.6606    0.0001   -1.0000  -10.0000    3.9101  0.2000E+09  0.2191E+04  0.0000E+00 -0.3797E-08  0.1000E-09  0.1793E-08  0.1000E-09  0.8450E-02  0.0000E+00 -0.1000E+01
 8145.1831 14 15    4.7522    0.0000    4.7522    0.0000   -4.6957    0.6606    0.0001   -1.0000  -10.0000    3.9101  0.2000E+09  0.2191E+04  0.0000E+00 -0.3797E-08  0.1000E-09  0.1793E-08  0.1000E-09  0.8450E-02  0.0000E+00 -0.1000E+01
 8155.1831 14 15    4.7522    0.0000    4.7522    0.0000   -4.6957    0.6606    0.0001   -1.0000  -10.0000    3.9101  0.2000E+09  0.2191E+04  0.0000E+00 -0.3797E-08  0.1000E-09  0.1793E-08  0.1000E-09  0.8450E-02  0.0000E+00 -0.1000E+01
 8165.1831 14 15    4.7522    0.0000    4.7522    0.0000   -4.6957    0.6606    0.0001   -1.0000  -10.0000    3.9101  0.2000E+09  0.2191E+04  0.0000E+00 -0.3797E-08  0.1000E-09  0.1793E-08  0.1000E-09  0.8450E-02  0.0000E+00 -0.1000E+01
 8175.1831 14 15    4.7522    0.0000    4.7522    0.0000   -4.6957    0.6606    0.0001   -1.0000  -10.0000    3.9101  0.2000E+09  0.2191E+04  0.0000E+00 -0.3797E-08  0.1000E-09  0.1793E-08  0.1000E-09  0.8450E-02  0.0000E+00 -0.1000E+01
 8185.1831 14 15    4.7522    0.0000    4.7522    0.0000   -4.6957    0.6606    0.0001   -1.0000  -10.0000    3.9101  0.2000E+09  0.2191E+04  0.0000E+00 -0.3797E-08  0.1000E-09  0.1793E-08  0.1000E-09  0.8450E-02  0.0000E+00 -0.1000E+01
 8195.1836 14 15    4.7522    0.0000    4.7522    0.0000   -4.6957    0.6606    0.0001   -1.0000  -10.0000    3.9101  0.2000E+09  0.2191E+04  0.0000E+00 -0.3797E-08  0.1000E-09  0.1793E-08  0.1000E-09  0.8450E-02  0.0000E+00 -0.1000E+01
 8205.1836 14 15    4.7522    0.0000    4.7522    0.0000   -4.6957    0.6606    0.0001   -1.0000  -10.0000    3.9101  0.2000E+09  0.2191E+04  0.0000E+00 -0.3797E-08  0.1000E-09  0.1793E-08  0.1000E-09  0.8450E-02  0.0000E+00 -0.1000E+01
 8215.1836 14 15    4.7522    0.0000    4.7522    0.0000   -4.6957    0.6606    0.0001   -1.0000  -10.0000    3.9101  0.2000E+09  0.2191E+04  0.0000E+00 -0.3797E-08  0.1000E-09  0.1793E-08  0.1000E-09  0.8450E-02  0.0000E+00 -0.1000E+01
 8225.1836 14 15    4.7522    0.0000    4.7522    0.0000   -4.6957    0.6606    0.0001   -1.0000  -10.0000    3.9101  0.2000E+09  0.2191E+04  0.0000E+00 -0.3797E-08  0.1000E-09  0.1793E-08  0.1000E-09  0.8450E-02  0.0000E+00 -0.1000E+01
 8235.1836 14 15    4.7522    0.0000    4.7522    0.0000   -4.6957    0.6606    0.0001   -1.0000  -10.0000    3.9101  0.2000E+09  0.2191E+04  0.0000E+00 -0.3797E-08  0.1000E-09  0.1793E-08  0.1000E-09  0.8450E-02  0.0000E+00 -0.1000E+01
 8245.1836 14 15    4.7522    0.0000    4.7522    0.0000   -4.6957    0.6606    0.0001   -1.0000  -10.0000    3.9101  0.2000E+09  0.2191E+04  0.0000E+00 -0.3797E-08  0.1000E-09  0.1793E-08  0.1000E-09  0.8450E-02  0.0000E+00 -0.1000E+01
 8255.1836 14 15    4.7522    0.0000    4.7522    0.0000   -4.6957    0.6606    0.0001   -1.0000  -10.0000    3.9101  0.2000E+09  0.2191E+04  0.0000E+00 -0.3797E-08  0.1000E-09  0.1793E-08  0.1000E-09  0.8450E-02  0.0000E+00 -0.1000E+01
 8265.1836 14 15    4.7522    0.0000    4.7522    0.0000   -4.6957    0.6606    0.0001   -1.0000  -10.0000    3.9101  0.2000E+09  0.2191E+04  0.0000E+00 -0.3797E-08  0.1000E-09  0.1793E-08  0.1000E-09  0.8450E-02  0.0000E+00 -0.1000E+01
 8275.1836 14 15    4.7522    0.0000    4.7522    0.0000   -4.6957    0.6606    0.0001   -1.0000  -10.0000    3.9101  0.2000E+09  0.2191E+04  0.0000E+00 -0.3797E-08  0.1000E-09  0.1793E-08  0.1000E-09  0.8450E-02  0.0000E+00 -0.1000E+01
 8285.1836 14 15    4.7522    0.0000    4.7522    0.0000   -4.6957    0.6606    0.0001   -1.0000  -10.0000    3.9101  0.2000E+09  0.2191E+04  0.0000E+00 -0.3797E-08  0.1000E-09  0.1793E-08  0.1000E-09  0.8450E-02  0.0000E+00 -0.1000E+01
 8295.1836 14 15    4.7522    0.0000    4.7522    0.0000   -4.6957    0.6606    0.0001   -1.0000  -10.0000    3.9101  0.2000E+09  0.2191E+04  0.0000E+00 -0.3797E-08  0.1000E-09  0.1793E-08  0.1000E-09  0.8450E-02  0.0000E+00 -0.1000E+01
 8305.1836 14 15    4.7522    0.0000    4.7522    0.0000   -4.6957    0.6606    0.0001   -1.0000  -10.0000    3.9101  0.2000E+09  0.2191E+04  0.0000E+00 -0.3797E-08  0.1000E-09  0.1793E-08  0.1000E-09  0.8450E-02  0.0000E+00 -0.1000E+01
 8315.1836 14 15    4.7522    0.0000    4.7522    0.0000   -4.6957    0.6606    0.0001   -1.0000  -10.0000    3.9101  0.2000E+09  0.2191E+04  0.0000E+00 -0.3797E-08  0.1000E-09  0.1793E-08  0.1000E-09  0.8450E-02  0.0000E+00 -0.1000E+01
 8325.1836 14 15    4.7522    0.0000    4.7522    0.0000   -4.6957    0.6606    0.0001   -1.0000  -10.0000    3.9101  0.2000E+09  0.2191E+04  0.0000E+00 -0.3797E-08  0.1000E-09  0.1793E-08  0.1000E-09  0.8450E-02  0.0000E+00 -0.1000E+01
 8335.1836 14 15    4.7522    0.0000    4.7522    0.0000   -4.6957    0.6606    0.0001   -1.0000  -10.0000    3.9101  0.2000E+09  0.2191E+04  0.0000E+00 -0.3797E-08  0.1000E-09  0.1793E-08  0.1000E-09  0.8450E-02  0.0000E+00 -0.1000E+01
 8345.1836 14 15    4.7522    0.0000    4.7522    0.0000   -4.6957    0.6606    0.0001   -1.0000  -10.0000    3.9101  0.2000E+09  0.2191E+04  0.0000E+00 -0.3797E-08  0.1000E-09  0.1793E-08  0.1000E-09  0.8450E-02  0.0000E+00 -0.1000E+01
 8355.1836 14 15    4.7522    0.0000    4.7522    0.0000   -4.6957    0.6606    0.0001   -1.0000  -10.0000    3.9101  0.2000E+09  0.2191E+04  0.0000E+00 -0.3797E-08  0.1000E-09  0.1793E-08  0.1000E-09  0.8450E-02  0.0000E+00 -0.1000E+01
 8365.1836 14 15    4.7522    0.0000    4.7522    0.0000   -4.6957    0.6606    0.0001   -1.0000  -10.0000    3.9101  0.2000E+09  0.2191E+04  0.0000E+00 -0.3797E-08  0.1000E-09  0.1793E-08  0.1000E-09  0.8450E-02  0.0000E+00 -0.1000E+01
 8375.1836 14 15    4.7522    0.0000    4.7522    0.0000   -4.6957    0.6606    0.0001   -1.0000  -10.0000    3.9101  0.2000E+09  0.2191E+04  0.0000E+00 -0.3797E-08  0.1000E-09  0.1793E-08  0.1000E-09  0.8450E-02  0.0000E+00 -0.1000E+01
 8385.1836 14 15    4.7522    0.0000    4.7522    0.0000   -4.6957    0.6606    0.0001   -1.0000  -10.0000    3.9101  0.2000E+09  0.2191E+04  0.0000E+00 -0.3797E-08  0.1000E-09  0.1793E-08  0.1000E-09  0.8450E-02  0.0000E+00 -0.1000E+01
 8395.1836 14 15    4.7522    0.0000    4.7522    0.0000   -4.6957    0.6606    0.0001   -1.0000  -10.0000    3.9101  0.2000E+09  0.2191E+04  0.0000E+00 -0.3797E-08  0.1000E-09  0.1793E-08  0.1000E-09  0.8450E-02  0.0000E+00 -0.1000E+01
 8405.1836 14 15    4.7522    0.0000    4.7522    0.0000   -4.6957    0.6606    0.0001   -1.0000  -10.0000    3.9101  0.2000E+09  0.2191E+04  0.0000E+00 -0.3797E-08  0.1000E-09  0.1793E-08  0.1000E-09  0.8450E-02  0.0000E+00 -0.1000E+01
 8415.1836 14 15    4.7522    0.0000    4.7522    0.0000   -4.6957    0.6606    0.0001   -1.0000  -10.0000    3.9101  0.2000E+09  0.2191E+04  0.0000E+00 -0.3797E-08  0.1000E-09  0.1793E-08  0.1000E-09  0.8450E-02  0.0000E+00 -0.1000E+01
 8425.1836 14 15    4.7522    0.0000    4.7522    0.0000   -4.6957    0.6606    0.0001   -1.0000  -10.0000    3.9101  0.2000E+09  0.2191E+04  0.0000E+00 -0.3797E-08  0.1000E-09  0.1793E-08  0.1000E-09  0.8450E-02  0.0000E+00 -0.1000E+01
 8435.1836 14 15    4.7522    0.0000    4.7522    0.0000   -4.6957    0.6606    0.0001   -1.0000  -10.0000    3.9101  0.2000E+09  0.2191E+04  0.0000E+00 -0.3797E-08  0.1000E-09  0.1793E-08  0.1000E-09  0.8450E-02  0.0000E+00 -0.1000E+01
 8445.1836 14 15    4.7522    0.0000    4.7522    0.0000   -4.6957    0.6606    0.0001   -1.0000  -10.0000    3.9101  0.2000E+09  0.2191E+04  0.0000E+00 -0.3797E-08  0.1000E-09  0.1793E-08  0.1000E-09  0.8450E-02  0.0000E+00 -0.1000E+01
 8455.1836 14 15    4.7522    0.0000    4.7522    0.0000   -4.6957    0.6606    0.0001   -1.0000  -10.0000    3.9101  0.2000E+09  0.2191E+04  0.0000E+00 -0.3797E-08  0.1000E-09  0.1793E-08  0.1000E-09  0.8450E-02  0.0000E+00 -0.1000E+01
 8465.1836 14 15    4.7522    0.0000    4.7522    0.0000   -4.6957    0.6606    0.0001   -1.0000  -10.0000    3.9101  0.2000E+09  0.2191E+04  0.0000E+00 -0.3797E-08  0.1000E-09  0.1793E-08  0.1000E-09  0.8450E-02  0.0000E+00 -0.1000E+01
 8475.1836 14 15    4.7522    0.0000    4.7522    0.0000   -4.6957    0.6606    0.0001   -1.0000  -10.0000    3.9101  0.2000E+09  0.2191E+04  0.0000E+00 -0.3797E-08  0.1000E-09  0.1793E-08  0.1000E-09  0.8450E-02  0.0000E+00 -0.1000E+01
 8485.1836 14 15    4.7522    0.0000    4.7522    0.0000   -4.6957    0.6606    0.0001   -1.0000  -10.0000    3.9101  0.2000E+09  0.2191E+04  0.0000E+00 -0.3797E-08  0.1000E-09  0.1793E-08  0.1000E-09  0.8450E-02  0.0000E+00 -0.1000E+01
 8495.1836 14 15    4.7522    0.0000    4.7522    0.0000   -4.6957    0.6606    0.0001   -1.0000  -10.0000    3.9101  0.2000E+09  0.2191E+04  0.0000E+00 -0.3797E-08  0.1000E-09  0.1793E-08  0.1000E-09  0.8450E-02  0.0000E+00 -0.1000E+01
 8505.1836 14 15    4.7522    0.0000    4.7522    0.0000   -4.6957    0.6606    0.0001   -1.0000  -10.0000    3.9101  0.2000E+09  0.2191E+04  0.0000E+00 -0.3797E-08  0.1000E-09  0.1793E-08  0.1000E-09  0.8450E-02  0.0000E+00 -0.1000E+01
 8515.1836 14 15    4.7522    0.0000    4.7522    0.0000   -4.6957    0.6606    0.0001   -1.0000  -10.0000    3.9101  0.2000E+09  0.2191E+04  0.0000E+00 -0.3797E-08  0.1000E-09  0.1793E-08  0.1000E-09  0.8450E-02  0.0000E+00 -0.1000E+01
 8525.1836 14 15    4.7522    0.0000    4.7522    0.0000   -4.6957    0.6606    0.0001   -1.0000  -10.0000    3.9101  0.2000E+09  0.2191E+04  0.0000E+00 -0.3797E-08  0.1000E-09  0.1793E-08  0.1000E-09  0.8450E-02  0.0000E+00 -0.1000E+01
 8535.1836 14 15    4.7522    0.0000    4.7522    0.0000   -4.6957    0.6606    0.0001   -1.0000  -10.0000    3.9101  0.2000E+09  0.2191E+04  0.0000E+00 -0.3797E-08  0.1000E-09  0.1793E-08  0.1000E-09  0.8450E-02  0.0000E+00 -0.1000E+01
 8545.1836 14 15    4.7522    0.0000    4.7522    0.0000   -4.6957    0.6606    0.0001   -1.0000  -10.0000    3.9101  0.2000E+09  0.2191E+04  0.0000E+00 -0.3797E-08  0.1000E-09  0.1793E-08  0.1000E-09  0.8450E-02  0.0000E+00 -0.1000E+01
 8555.1836 14 15    4.7522    0.0000    4.7522    0.0000   -4.6957    0.6606    0.0001   -1.0000  -10.0000    3.9101  0.2000E+09  0.2191E+04  0.0000E+00 -0.3797E-08  0.1000E-09  0.1793E-08  0.1000E-09  0.8450E-02  0.0000E+00 -0.1000E+01
 8565.1836 14 15    4.7522    0.0000    4.7522    0.0000   -4.6957    0.6606    0.0001   -1.0000  -10.0000    3.9101  0.2000E+09  0.2191E+04  0.0000E+00 -0.3797E-08  0.1000E-09  0.1793E-08  0.1000E-09  0.8450E-02  0.0000E+00 -0.1000E+01
 8575.1836 14 15    4.7522    0.0000    4.7522    0.0000   -4.6957    0.6606    0.0001   -1.0000  -10.0000    3.9101  0.2000E+09  0.2191E+04  0.0000E+00 -0.3797E-08  0.1000E-09  0.1793E-08  0.1000E-09  0.8450E-02  0.0000E+00 -0.1000E+01
 8585.1836 14 15    4.7522    0.0000    4.7522    0.0000   -4.6957    0.6606    0.0001   -1.0000  -10.0000    3.9101  0.2000E+09  0.2191E+04  0.0000E+00 -0.3797E-08  0.1000E-09  0.1793E-08  0.1000E-09  0.8450E-02  0.0000E+00 -0.1000E+01
 8595.1836 14 15    4.7522    0.0000    4.7522    0.0000   -4.6957    0.6606    0.0001   -1.0000  -10.0000    3.9101  0.2000E+09  0.2191E+04  0.0000E+00 -0.3797E-08  0.1000E-09  0.1793E-08  0.1000E-09  0.8450E-02  0.0000E+00 -0.1000E+01
 8605.1836 14 15    4.7522    0.0000    4.7522    0.0000   -4.6957    0.6606    0.0001   -1.0000  -10.0000    3.9101  0.2000E+09  0.2191E+04  0.0000E+00 -0.3797E-08  0.1000E-09  0.1793E-08  0.1000E-09  0.8450E-02  0.0000E+00 -0.1000E+01
 8615.1836 14 15    4.7522    0.0000    4.7522    0.0000   -4.6957    0.6606    0.0001   -1.0000  -10.0000    3.9101  0.2000E+09  0.2191E+04  0.0000E+00 -0.3797E-08  0.1000E-09  0.1793E-08  0.1000E-09  0.8450E-02  0.0000E+00 -0.1000E+01
 8625.1836 14 15    4.7522    0.0000    4.7522    0.0000   -4.6957    0.6606    0.0001   -1.0000  -10.0000    3.9101  0.2000E+09  0.2191E+04  0.0000E+00 -0.3797E-08  0.1000E-09  0.1793E-08  0.1000E-09  0.8450E-02  0.0000E+00 -0.1000E+01
 8635.1836 14 15    4.7522    0.0000    4.7522    0.0000   -4.6957    0.6606    0.0001   -1.0000  -10.0000    3.9101  0.2000E+09  0.2191E+04  0.0000E+00 -0.3797E-08  0.1000E-09  0.1793E-08  0.1000E-09  0.8450E-02  0.0000E+00 -0.1000E+01
 8645.1836 14 15    4.7522    0.0000    4.7522    0.0000   -4.6957    0.6606    0.0001   -1.0000  -10.0000    3.9101  0.2000E+09  0.2191E+04  0.0000E+00 -0.3797E-08  0.1000E-09  0.1793E-08  0.1000E-09  0.8450E-02  0.0000E+00 -0.1000E+01
 8655.1836 14 15    4.7522    0.0000    4.7522    0.0000   -4.6957    0.6606    0.0001   -1.0000  -10.0000    3.9101  0.2000E+09  0.2191E+04  0.0000E+00 -0.3797E-08  0.1000E-09  0.1793E-08  0.1000E-09  0.8450E-02  0.0000E+00 -0.1000E+01
 8665.1836 14 15    4.7522    0.0000    4.7522    0.0000   -4.6957    0.6606    0.0001   -1.0000  -10.0000    3.9101  0.2000E+09  0.2191E+04  0.0000E+00 -0.3797E-08  0.1000E-09  0.1793E-08  0.1000E-09  0.8450E-02  0.0000E+00 -0.1000E+01
 8675.1836 14 15    4.7522    0.0000    4.7522    0.0000   -4.6957    0.6606    0.0001   -1.0000  -10.0000    3.9101  0.2000E+09  0.2191E+04  0.0000E+00 -0.3797E-08  0.1000E-09  0.1793E-08  0.1000E-09  0.8450E-02  0.0000E+00 -0.1000E+01
 8685.1836 14 15    4.7522    0.0000    4.7522    0.0000   -4.6957    0.6606    0.0001   -1.0000  -10.0000    3.9101  0.2000E+09  0.2191E+04  0.0000E+00 -0.3797E-08  0.1000E-09  0.1793E-08  0.1000E-09  0.8450E-02  0.0000E+00 -0.1000E+01
 8695.1836 14 15    4.7522    0.0000    4.7522    0.0000   -4.6957    0.6606    0.0001   -1.0000  -10.0000    3.9101  0.2000E+09  0.2191E+04  0.0000E+00 -0.3797E-08  0.1000E-09  0.1793E-08  0.1000E-09  0.8450E-02  0.0000E+00 -0.1000E+01
 8705.1836 14 15    4.7522    0.0000    4.7522    0.0000   -4.6957    0.6606    0.0001   -1.0000  -10.0000    3.9101  0.2000E+09  0.2191E+04  0.0000E+00 -0.3797E-08  0.1000E-09  0.1793E-08  0.1000E-09  0.8450E-02  0.0000E+00 -0.1000E+01
 8715.1836 14 15    4.7522    0.0000    4.7522    0.0000   -4.6957    0.6606    0.0001   -1.0000  -10.0000    3.9101  0.2000E+09  0.2191E+04  0.0000E+00 -0.3797E-08  0.1000E-09  0.1793E-08  0.1000E-09  0.8450E-02  0.0000E+00 -0.1000E+01
 8725.1836 14 15    4.7522    0.0000    4.7522    0.0000   -4.6957    0.6606    0.0001   -1.0000  -10.0000    3.9101  0.2000E+09  0.2191E+04  0.0000E+00 -0.3797E-08  0.1000E-09  0.1793E-08  0.1000E-09  0.8450E-02  0.0000E+00 -0.1000E+01
 8735.1836 14 15    4.7522    0.0000    4.7522    0.0000   -4.6957    0.6606    0.0001   -1.0000  -10.0000    3.9101  0.2000E+09  0.2191E+04  0.0000E+00 -0.3797E-08  0.1000E-09  0.1793E-08  0.1000E-09  0.8450E-02  0.0000E+00 -0.1000E+01
 8745.1836 14 15    4.7522    0.0000    4.7522    0.0000   -4.6957    0.6606    0.0001   -1.0000  -10.0000    3.9101  0.2000E+09  0.2191E+04  0.0000E+00 -0.3797E-08  0.1000E-09  0.1793E-08  0.1000E-09  0.8450E-02  0.0000E+00 -0.1000E+01
 8755.1836 14 15    4.7522    0.0000    4.7522    0.0000   -4.6957    0.6606    0.0001   -1.0000  -10.0000    3.9101  0.2000E+09  0.2191E+04  0.0000E+00 -0.3797E-08  0.1000E-09  0.1793E-08  0.1000E-09  0.8450E-02  0.0000E+00 -0.1000E+01
 8765.1836 14 15    4.7522    0.0000    4.7522    0.0000   -4.6957    0.6606    0.0001   -1.0000  -10.0000    3.9101  0.2000E+09  0.2191E+04  0.0000E+00 -0.3797E-08  0.1000E-09  0.1793E-08  0.1000E-09  0.8450E-02  0.0000E+00 -0.1000E+01
 8775.1836 14 15    4.7522    0.0000    4.7522    0.0000   -4.6957    0.6606    0.0001   -1.0000  -10.0000    3.9101  0.2000E+09  0.2191E+04  0.0000E+00 -0.3797E-08  0.1000E-09  0.1793E-08  0.1000E-09  0.8450E-02  0.0000E+00 -0.1000E+01
 8785.1836 14 15    4.7522    0.0000    4.7522    0.0000   -4.6957    0.6606    0.0001   -1.0000  -10.0000    3.9101  0.2000E+09  0.2191E+04  0.0000E+00 -0.3797E-08  0.1000E-09  0.1793E-08  0.1000E-09  0.8450E-02  0.0000E+00 -0.1000E+01
 8795.1836 14 15    4.7522    0.0000    4.7522    0.0000   -4.6957    0.6606    0.0001   -1.0000  -10.0000    3.9101  0.2000E+09  0.2191E+04  0.0000E+00 -0.3797E-08  0.1000E-09  0.1793E-08  0.1000E-09  0.8450E-02  0.0000E+00 -0.1000E+01
 8805.1836 14 15    4.7522    0.0000    4.7522    0.0000   -4.6957    0.6606    0.0001   -1.0000  -10.0000    3.9101  0.2000E+09  0.2191E+04  0.0000E+00 -0.3797E-08  0.1000E-09  0.1793E-08  0.1000E-09  0.8450E-02  0.0000E+00 -0.1000E+01
 8815.1836 14 15    4.7522    0.0000    4.7522    0.0000   -4.6957    0.6606    0.0001   -1.0000  -10.0000    3.9101  0.2000E+09  0.2191E+04  0.0000E+00 -0.3797E-08  0.1000E-09  0.1793E-08  0.1000E-09  0.8450E-02  0.0000E+00 -0.1000E+01
 8825.1836 14 15    4.7522    0.0000    4.7522    0.0000   -4.6957    0.6606    0.0001   -1.0000  -10.0000    3.9101  0.2000E+09  0.2191E+04  0.0000E+00 -0.3797E-08  0.1000E-09  0.1793E-08  0.1000E-09  0.8450E-02  0.0000E+00 -0.1000E+01
 8835.1836 14 15    4.7522    0.0000    4.7522    0.0000   -4.6957    0.6606    0.0001   -1.0000  -10.0000    3.9101  0.2000E+09  0.2191E+04  0.0000E+00 -0.3797E-08  0.1000E-09  0.1793E-08  0.1000E-09  0.8450E-02  0.0000E+00 -0.1000E+01
 8845.1836 14 15    4.7522    0.0000    4.7522    0.0000   -4.6957    0.6606    0.0001   -1.0000  -10.0000    3.9101  0.2000E+09  0.2191E+04  0.0000E+00 -0.3797E-08  0.1000E-09  0.1793E-08  0.1000E-09  0.8450E-02  0.0000E+00 -0.1000E+01
 8855.1836 14 15    4.7522    0.0000    4.7522    0.0000   -4.6957    0.6606    0.0001   -1.0000  -10.0000    3.9101  0.2000E+09  0.2191E+04  0.0000E+00 -0.3797E-08  0.1000E-09  0.1793E-08  0.1000E-09  0.8450E-02  0.0000E+00 -0.1000E+01
 8865.1836 14 15    4.7522    0.0000    4.7522    0.0000   -4.6957    0.6606    0.0001   -1.0000  -10.0000    3.9101  0.2000E+09  0.2191E+04  0.0000E+00 -0.3797E-08  0.1000E-09  0.1793E-08  0.1000E-09  0.8450E-02  0.0000E+00 -0.1000E+01
 8875.1836 14 15    4.7522    0.0000    4.7522    0.0000   -4.6957    0.6606    0.0001   -1.0000  -10.0000    3.9101  0.2000E+09  0.2191E+04  0.0000E+00 -0.3797E-08  0.1000E-09  0.1793E-08  0.1000E-09  0.8450E-02  0.0000E+00 -0.1000E+01
 8885.1836 14 15    4.7522    0.0000    4.7522    0.0000   -4.6957    0.6606    0.0001   -1.0000  -10.0000    3.9101  0.2000E+09  0.2191E+04  0.0000E+00 -0.3797E-08  0.1000E-09  0.1793E-08  0.1000E-09  0.8450E-02  0.0000E+00 -0.1000E+01
 8895.1836 14 15    4.7522    0.0000    4.7522    0.0000   -4.6957    0.6606    0.0001   -1.0000  -10.0000    3.9101  0.2000E+09  0.2191E+04  0.0000E+00 -0.3797E-08  0.1000E-09  0.1793E-08  0.1000E-09  0.8450E-02  0.0000E+00 -0.1000E+01
 8905.1836 14 15    4.7522    0.0000    4.7522    0.0000   -4.6957    0.6606    0.0001   -1.0000  -10.0000    3.9101  0.2000E+09  0.2191E+04  0.0000E+00 -0.3797E-08  0.1000E-09  0.1793E-08  0.1000E-09  0.8450E-02  0.0000E+00 -0.1000E+01
 8915.1836 14 15    4.7522    0.0000    4.7522    0.0000   -4.6957    0.6606    0.0001   -1.0000  -10.0000    3.9101  0.2000E+09  0.2191E+04  0.0000E+00 -0.3797E-08  0.1000E-09  0.1793E-08  0.1000E-09  0.8450E-02  0.0000E+00 -0.1000E+01
 8925.1836 14 15    4.7522    0.0000    4.7522    0.0000   -4.6957    0.6606    0.0001   -1.0000  -10.0000    3.9101  0.2000E+09  0.2191E+04  0.0000E+00 -0.3797E-08  0.1000E-09  0.1793E-08  0.1000E-09  0.8450E-02  0.0000E+00 -0.1000E+01
 8935.1836 14 15    4.7522    0.0000    4.7522    0.0000   -4.6957    0.6606    0.0001   -1.0000  -10.0000    3.9101  0.2000E+09  0.2191E+04  0.0000E+00 -0.3797E-08  0.1000E-09  0.1793E-08  0.1000E-09  0.8450E-02  0.0000E+00 -0.1000E+01
 8945.1836 14 15    4.7522    0.0000    4.7522    0.0000   -4.6957    0.6606    0.0001   -1.0000  -10.0000    3.9101  0.2000E+09  0.2191E+04  0.0000E+00 -0.3797E-08  0.1000E-09  0.1793E-08  0.1000E-09  0.8450E-02  0.0000E+00 -0.1000E+01
 8955.1836 14 15    4.7522    0.0000    4.7522    0.0000   -4.6957    0.6606    0.0001   -1.0000  -10.0000    3.9101  0.2000E+09  0.2191E+04  0.0000E+00 -0.3797E-08  0.1000E-09  0.1793E-08  0.1000E-09  0.8450E-02  0.0000E+00 -0.1000E+01
 8965.1836 14 15    4.7522    0.0000    4.7522    0.0000   -4.6957    0.6606    0.0001   -1.0000  -10.0000    3.9101  0.2000E+09  0.2191E+04  0.0000E+00 -0.3797E-08  0.1000E-09  0.1793E-08  0.1000E-09  0.8450E-02  0.0000E+00 -0.1000E+01
 8975.1836 14 15    4.7522    0.0000    4.7522    0.0000   -4.6957    0.6606    0.0001   -1.0000  -10.0000    3.9101  0.2000E+09  0.2191E+04  0.0000E+00 -0.3797E-08  0.1000E-09  0.1793E-08  0.1000E-09  0.8450E-02  0.0000E+00 -0.1000E+01
 8985.1836 14 15    4.7522    0.0000    4.7522    0.0000   -4.6957    0.6606    0.0001   -1.0000  -10.0000    3.9101  0.2000E+09  0.2191E+04  0.0000E+00 -0.3797E-08  0.1000E-09  0.1793E-08  0.1000E-09  0.8450E-02  0.0000E+00 -0.1000E+01
 8995.1836 14 15    4.7522    0.0000    4.7522    0.0000   -4.6957    0.6606    0.0001   -1.0000  -10.0000    3.9101  0.2000E+09  0.2191E+04  0.0000E+00 -0.3797E-08  0.1000E-09  0.1793E-08  0.1000E-09  0.8450E-02  0.0000E+00 -0.1000E+01
 9005.1836 14 15    4.7522    0.0000    4.7522    0.0000   -4.6957    0.6606    0.0001   -1.0000  -10.0000    3.9101  0.2000E+09  0.2191E+04  0.0000E+00 -0.3797E-08  0.1000E-09  0.1793E-08  0.1000E-09  0.8450E-02  0.0000E+00 -0.1000E+01
 9015.1836 14 15    4.7522    0.0000    4.7522    0.0000   -4.6957    0.6606    0.0001   -1.0000  -10.0000    3.9101  0.2000E+09  0.2191E+04  0.0000E+00 -0.3797E-08  0.1000E-09  0.1793E-08  0.1000E-09  0.8450E-02  0.0000E+00 -0.1000E+01
 9025.1836 14 15    4.7522    0.0000    4.7522    0.0000   -4.6957    0.6606    0.0001   -1.0000  -10.0000    3.9101  0.2000E+09  0.2191E+04  0.0000E+00 -0.3797E-08  0.1000E-09  0.1793E-08  0.1000E-09  0.8450E-02  0.0000E+00 -0.1000E+01
 9035.1836 14 15    4.7522    0.0000    4.7522    0.0000   -4.6957    0.6606    0.0001   -1.0000  -10.0000    3.9101  0.2000E+09  0.2191E+04  0.0000E+00 -0.3797E-08  0.1000E-09  0.1793E-08  0.1000E-09  0.8450E-02  0.0000E+00 -0.1000E+01
 9045.1836 14 15    4.7522    0.0000    4.7522    0.0000   -4.6957    0.6606    0.0001   -1.0000  -10.0000    3.9101  0.2000E+09  0.2191E+04  0.0000E+00 -0.3797E-08  0.1000E-09  0.1793E-08  0.1000E-09  0.8450E-02  0.0000E+00 -0.1000E+01
 9055.1836 14 15    4.7522    0.0000    4.7522    0.0000   -4.6957    0.6606    0.0001   -1.0000  -10.0000    3.9101  0.2000E+09  0.2191E+04  0.0000E+00 -0.3797E-08  0.1000E-09  0.1793E-08  0.1000E-09  0.8450E-02  0.0000E+00 -0.1000E+01
 9065.1836 14 15    4.7522    0.0000    4.7522    0.0000   -4.6957    0.6606    0.0001   -1.0000  -10.0000    3.9101  0.2000E+09  0.2191E+04  0.0000E+00 -0.3797E-08  0.1000E-09  0.1793E-08  0.1000E-09  0.8450E-02  0.0000E+00 -0.1000E+01
 9075.1836 14 15    4.7522    0.0000    4.7522    0.0000   -4.6957    0.6606    0.0001   -1.0000  -10.0000    3.9101  0.2000E+09  0.2191E+04  0.0000E+00 -0.3797E-08  0.1000E-09  0.1793E-08  0.1000E-09  0.8450E-02  0.0000E+00 -0.1000E+01
 9085.1836 14 15    4.7522    0.0000    4.7522    0.0000   -4.6957    0.6606    0.0001   -1.0000  -10.0000    3.9101  0.2000E+09  0.2191E+04  0.0000E+00 -0.3797E-08  0.1000E-09  0.1793E-08  0.1000E-09  0.8450E-02  0.0000E+00 -0.1000E+01
 9095.1836 14 15    4.7522    0.0000    4.7522    0.0000   -4.6957    0.6606    0.0001   -1.0000  -10.0000    3.9101  0.2000E+09  0.2191E+04  0.0000E+00 -0.3797E-08  0.1000E-09  0.1793E-08  0.1000E-09  0.8450E-02  0.0000E+00 -0.1000E+01
 9105.1836 14 15    4.7522    0.0000    4.7522    0.0000   -4.6957    0.6606    0.0001   -1.0000  -10.0000    3.9101  0.2000E+09  0.2191E+04  0.0000E+00 -0.3797E-08  0.1000E-09  0.1793E-08  0.1000E-09  0.8450E-02  0.0000E+00 -0.1000E+01
 9115.1836 14 15    4.7522    0.0000    4.7522    0.0000   -4.6957    0.6606    0.0001   -1.0000  -10.0000    3.9101  0.2000E+09  0.2191E+04  0.0000E+00 -0.3797E-08  0.1000E-09  0.1793E-08  0.1000E-09  0.8450E-02  0.0000E+00 -0.1000E+01
 9125.1836 14 15    4.7522    0.0000    4.7522    0.0000   -4.6957    0.6606    0.0001   -1.0000  -10.0000    3.9101  0.2000E+09  0.2191E+04  0.0000E+00 -0.3797E-08  0.1000E-09  0.1793E-08  0.1000E-09  0.8450E-02  0.0000E+00 -0.1000E+01
 9135.1836 14 15    4.7522    0.0000    4.7522    0.0000   -4.6957    0.6606    0.0001   -1.0000  -10.0000    3.9101  0.2000E+09  0.2191E+04  0.0000E+00 -0.3797E-08  0.1000E-09  0.1793E-08  0.1000E-09  0.8450E-02  0.0000E+00 -0.1000E+01
 9145.1836 14 15    4.7522    0.0000    4.7522    0.0000   -4.6957    0.6606    0.0001   -1.0000  -10.0000    3.9101  0.2000E+09  0.2191E+04  0.0000E+00 -0.3797E-08  0.1000E-09  0.1793E-08  0.1000E-09  0.8450E-02  0.0000E+00 -0.1000E+01
 9155.1836 14 15    4.7522    0.0000    4.7522    0.0000   -4.6957    0.6606    0.0001   -1.0000  -10.0000    3.9101  0.2000E+09  0.2191E+04  0.0000E+00 -0.3797E-08  0.1000E-09  0.1793E-08  0.1000E-09  0.8450E-02  0.0000E+00 -0.1000E+01
 9165.1836 14 15    4.7522    0.0000    4.7522    0.0000   -4.6957    0.6606    0.0001   -1.0000  -10.0000    3.9101  0.2000E+09  0.2191E+04  0.0000E+00 -0.3797E-08  0.1000E-09  0.1793E-08  0.1000E-09  0.8450E-02  0.0000E+00 -0.1000E+01
 9175.1836 14 15    4.7522    0.0000    4.7522    0.0000   -4.6957    0.6606    0.0001   -1.0000  -10.0000    3.9101  0.2000E+09  0.2191E+04  0.0000E+00 -0.3797E-08  0.1000E-09  0.1793E-08  0.1000E-09  0.8450E-02  0.0000E+00 -0.1000E+01
 9185.1836 14 15    4.7522    0.0000    4.7522    0.0000   -4.6957    0.6606    0.0001   -1.0000  -10.0000    3.9101  0.2000E+09  0.2191E+04  0.0000E+00 -0.3797E-08  0.1000E-09  0.1793E-08  0.1000E-09  0.8450E-02  0.0000E+00 -0.1000E+01
 9195.1836 14 15    4.7522    0.0000    4.7522    0.0000   -4.6957    0.6606    0.0001   -1.0000  -10.0000    3.9101  0.2000E+09  0.2191E+04  0.0000E+00 -0.3797E-08  0.1000E-09  0.1793E-08  0.1000E-09  0.8450E-02  0.0000E+00 -0.1000E+01
 9205.1836 14 15    4.7522    0.0000    4.7522    0.0000   -4.6957    0.6606    0.0001   -1.0000  -10.0000    3.9101  0.2000E+09  0.2191E+04  0.0000E+00 -0.3797E-08  0.1000E-09  0.1793E-08  0.1000E-09  0.8450E-02  0.0000E+00 -0.1000E+01
 9215.1836 14 15    4.7522    0.0000    4.7522    0.0000   -4.6957    0.6606    0.0001   -1.0000  -10.0000    3.9101  0.2000E+09  0.2191E+04  0.0000E+00 -0.3797E-08  0.1000E-09  0.1793E-08  0.1000E-09  0.8450E-02  0.0000E+00 -0.1000E+01
 9225.1836 14 15    4.7522    0.0000    4.7522    0.0000   -4.6957    0.6606    0.0001   -1.0000  -10.0000    3.9101  0.2000E+09  0.2191E+04  0.0000E+00 -0.3797E-08  0.1000E-09  0.1793E-08  0.1000E-09  0.8450E-02  0.0000E+00 -0.1000E+01
 9235.1836 14 15    4.7522    0.0000    4.7522    0.0000   -4.6957    0.6606    0.0001   -1.0000  -10.0000    3.9101  0.2000E+09  0.2191E+04  0.0000E+00 -0.3797E-08  0.1000E-09  0.1793E-08  0.1000E-09  0.8450E-02  0.0000E+00 -0.1000E+01
 9245.1836 14 15    4.7522    0.0000    4.7522    0.0000   -4.6957    0.6606    0.0001   -1.0000  -10.0000    3.9101  0.2000E+09  0.2191E+04  0.0000E+00 -0.3797E-08  0.1000E-09  0.1793E-08  0.1000E-09  0.8450E-02  0.0000E+00 -0.1000E+01
 9255.1836 14 15    4.7522    0.0000    4.7522    0.0000   -4.6957    0.6606    0.0001   -1.0000  -10.0000    3.9101  0.2000E+09  0.2191E+04  0.0000E+00 -0.3797E-08  0.1000E-09  0.1793E-08  0.1000E-09  0.8450E-02  0.0000E+00 -0.1000E+01
 9265.1836 14 15    4.7522    0.0000    4.7522    0.0000   -4.6957    0.6606    0.0001   -1.0000  -10.0000    3.9101  0.2000E+09  0.2191E+04  0.0000E+00 -0.3797E-08  0.1000E-09  0.1793E-08  0.1000E-09  0.8450E-02  0.0000E+00 -0.1000E+01
 9275.1836 14 15    4.7522    0.0000    4.7522    0.0000   -4.6957    0.6606    0.0001   -1.0000  -10.0000    3.9101  0.2000E+09  0.2191E+04  0.0000E+00 -0.3797E-08  0.1000E-09  0.1793E-08  0.1000E-09  0.8450E-02  0.0000E+00 -0.1000E+01
 9285.1836 14 15    4.7522    0.0000    4.7522    0.0000   -4.6957    0.6606    0.0001   -1.0000  -10.0000    3.9101  0.2000E+09  0.2191E+04  0.0000E+00 -0.3797E-08  0.1000E-09  0.1793E-08  0.1000E-09  0.8450E-02  0.0000E+00 -0.1000E+01
 9295.1836 14 15    4.7522    0.0000    4.7522    0.0000   -4.6957    0.6606    0.0001   -1.0000  -10.0000    3.9101  0.2000E+09  0.2191E+04  0.0000E+00 -0.3797E-08  0.1000E-09  0.1793E-08  0.1000E-09  0.8450E-02  0.0000E+00 -0.1000E+01
 9305.1836 14 15    4.7522    0.0000    4.7522    0.0000   -4.6957    0.6606    0.0001   -1.0000  -10.0000    3.9101  0.2000E+09  0.2191E+04  0.0000E+00 -0.3797E-08  0.1000E-09  0.1793E-08  0.1000E-09  0.8450E-02  0.0000E+00 -0.1000E+01
 9315.1836 14 15    4.7522    0.0000    4.7522    0.0000   -4.6957    0.6606    0.0001   -1.0000  -10.0000    3.9101  0.2000E+09  0.2191E+04  0.0000E+00 -0.3797E-08  0.1000E-09  0.1793E-08  0.1000E-09  0.8450E-02  0.0000E+00 -0.1000E+01
 9325.1836 14 15    4.7522    0.0000    4.7522    0.0000   -4.6957    0.6606    0.0001   -1.0000  -10.0000    3.9101  0.2000E+09  0.2191E+04  0.0000E+00 -0.3797E-08  0.1000E-09  0.1793E-08  0.1000E-09  0.8450E-02  0.0000E+00 -0.1000E+01
 9335.1836 14 15    4.7522    0.0000    4.7522    0.0000   -4.6957    0.6606    0.0001   -1.0000  -10.0000    3.9101  0.2000E+09  0.2191E+04  0.0000E+00 -0.3797E-08  0.1000E-09  0.1793E-08  0.1000E-09  0.8450E-02  0.0000E+00 -0.1000E+01
 9345.1836 14 15    4.7522    0.0000    4.7522    0.0000   -4.6957    0.6606    0.0001   -1.0000  -10.0000    3.9101  0.2000E+09  0.2191E+04  0.0000E+00 -0.3797E-08  0.1000E-09  0.1793E-08  0.1000E-09  0.8450E-02  0.0000E+00 -0.1000E+01
 9355.1836 14 15    4.7522    0.0000    4.7522    0.0000   -4.6957    0.6606    0.0001   -1.0000  -10.0000    3.9101  0.2000E+09  0.2191E+04  0.0000E+00 -0.3797E-08  0.1000E-09  0.1793E-08  0.1000E-09  0.8450E-02  0.0000E+00 -0.1000E+01
 9365.1836 14 15    4.7522    0.0000    4.7522    0.0000   -4.6957    0.6606    0.0001   -1.0000  -10.0000    3.9101  0.2000E+09  0.2191E+04  0.0000E+00 -0.3797E-08  0.1000E-09  0.1793E-08  0.1000E-09  0.8450E-02  0.0000E+00 -0.1000E+01
 9375.1836 14 15    4.7522    0.0000    4.7522    0.0000   -4.6957    0.6606    0.0001   -1.0000  -10.0000    3.9101  0.2000E+09  0.2191E+04  0.0000E+00 -0.3797E-08  0.1000E-09  0.1793E-08  0.1000E-09  0.8450E-02  0.0000E+00 -0.1000E+01
 9385.1836 14 15    4.7522    0.0000    4.7522    0.0000   -4.6957    0.6606    0.0001   -1.0000  -10.0000    3.9101  0.2000E+09  0.2191E+04  0.0000E+00 -0.3797E-08  0.1000E-09  0.1793E-08  0.1000E-09  0.8450E-02  0.0000E+00 -0.1000E+01
 9395.1836 14 15    4.7522    0.0000    4.7522    0.0000   -4.6957    0.6606    0.0001   -1.0000  -10.0000    3.9101  0.2000E+09  0.2191E+04  0.0000E+00 -0.3797E-08  0.1000E-09  0.1793E-08  0.1000E-09  0.8450E-02  0.0000E+00 -0.1000E+01
 9405.1836 14 15    4.7522    0.0000    4.7522    0.0000   -4.6957    0.6606    0.0001   -1.0000  -10.0000    3.9101  0.2000E+09  0.2191E+04  0.0000E+00 -0.3797E-08  0.1000E-09  0.1793E-08  0.1000E-09  0.8450E-02  0.0000E+00 -0.1000E+01
 9415.1836 14 15    4.7522    0.0000    4.7522    0.0000   -4.6957    0.6606    0.0001   -1.0000  -10.0000    3.9101  0.2000E+09  0.2191E+04  0.0000E+00 -0.3797E-08  0.1000E-09  0.1793E-08  0.1000E-09  0.8450E-02  0.0000E+00 -0.1000E+01
 9425.1836 14 15    4.7522    0.0000    4.7522    0.0000   -4.6957    0.6606    0.0001   -1.0000  -10.0000    3.9101  0.2000E+09  0.2191E+04  0.0000E+00 -0.3797E-08  0.1000E-09  0.1793E-08  0.1000E-09  0.8450E-02  0.0000E+00 -0.1000E+01
 9435.1836 14 15    4.7522    0.0000    4.7522    0.0000   -4.6957    0.6606    0.0001   -1.0000  -10.0000    3.9101  0.2000E+09  0.2191E+04  0.0000E+00 -0.3797E-08  0.1000E-09  0.1793E-08  0.1000E-09  0.8450E-02  0.0000E+00 -0.1000E+01
 9445.1836 14 15    4.7522    0.0000    4.7522    0.0000   -4.6957    0.6606    0.0001   -1.0000  -10.0000    3.9101  0.2000E+09  0.2191E+04  0.0000E+00 -0.3797E-08  0.1000E-09  0.1793E-08  0.1000E-09  0.8450E-02  0.0000E+00 -0.1000E+01
 9455.1836 14 15    4.7522    0.0000    4.7522    0.0000   -4.6957    0.6606    0.0001   -1.0000  -10.0000    3.9101  0.2000E+09  0.2191E+04  0.0000E+00 -0.3797E-08  0.1000E-09  0.1793E-08  0.1000E-09  0.8450E-02  0.0000E+00 -0.1000E+01
 9465.1836 14 15    4.7522    0.0000    4.7522    0.0000   -4.6957    0.6606    0.0001   -1.0000  -10.0000    3.9101  0.2000E+09  0.2191E+04  0.0000E+00 -0.3797E-08  0.1000E-09  0.1793E-08  0.1000E-09  0.8450E-02  0.0000E+00 -0.1000E+01
 9475.1836 14 15    4.7522    0.0000    4.7522    0.0000   -4.6957    0.6606    0.0001   -1.0000  -10.0000    3.9101  0.2000E+09  0.2191E+04  0.0000E+00 -0.3797E-08  0.1000E-09  0.1793E-08  0.1000E-09  0.8450E-02  0.0000E+00 -0.1000E+01
 9485.1836 14 15    4.7522    0.0000    4.7522    0.0000   -4.6957    0.6606    0.0001   -1.0000  -10.0000    3.9101  0.2000E+09  0.2191E+04  0.0000E+00 -0.3797E-08  0.1000E-09  0.1793E-08  0.1000E-09  0.8450E-02  0.0000E+00 -0.1000E+01
 9495.1836 14 15    4.7522    0.0000    4.7522    0.0000   -4.6957    0.6606    0.0001   -1.0000  -10.0000    3.9101  0.2000E+09  0.2191E+04  0.0000E+00 -0.3797E-08  0.1000E-09  0.1793E-08  0.1000E-09  0.8450E-02  0.0000E+00 -0.1000E+01
 9505.1836 14 15    4.7522    0.0000    4.7522    0.0000   -4.6957    0.6606    0.0001   -1.0000  -10.0000    3.9101  0.2000E+09  0.2191E+04  0.0000E+00 -0.3797E-08  0.1000E-09  0.1793E-08  0.1000E-09  0.8450E-02  0.0000E+00 -0.1000E+01
 9515.1836 14 15    4.7522    0.0000    4.7522    0.0000   -4.6957    0.6606    0.0001   -1.0000  -10.0000    3.9101  0.2000E+09  0.2191E+04  0.0000E+00 -0.3797E-08  0.1000E-09  0.1793E-08  0.1000E-09  0.8450E-02  0.0000E+00 -0.1000E+01
 9525.1836 14 15    4.7522    0.0000    4.7522    0.0000   -4.6957    0.6606    0.0001   -1.0000  -10.0000    3.9101  0.2000E+09  0.2191E+04  0.0000E+00 -0.3797E-08  0.1000E-09  0.1793E-08  0.1000E-09  0.8450E-02  0.0000E+00 -0.1000E+01
 9535.1836 14 15    4.7522    0.0000    4.7522    0.0000   -4.6957    0.6606    0.0001   -1.0000  -10.0000    3.9101  0.2000E+09  0.2191E+04  0.0000E+00 -0.3797E-08  0.1000E-09  0.1793E-08  0.1000E-09  0.8450E-02  0.0000E+00 -0.1000E+01
 9545.1836 14 15    4.7522    0.0000    4.7522    0.0000   -4.6957    0.6606    0.0001   -1.0000  -10.0000    3.9101  0.2000E+09  0.2191E+04  0.0000E+00 -0.3797E-08  0.1000E-09  0.1793E-08  0.1000E-09  0.8450E-02  0.0000E+00 -0.1000E+01
 9555.1836 14 15    4.7522    0.0000    4.7522    0.0000   -4.6957    0.6606    0.0001   -1.0000  -10.0000    3.9101  0.2000E+09  0.2191E+04  0.0000E+00 -0.3797E-08  0.1000E-09  0.1793E-08  0.1000E-09  0.8450E-02  0.0000E+00 -0.1000E+01
 9565.1836 14 15    4.7522    0.0000    4.7522    0.0000   -4.6957    0.6606    0.0001   -1.0000  -10.0000    3.9101  0.2000E+09  0.2191E+04  0.0000E+00 -0.3797E-08  0.1000E-09  0.1793E-08  0.1000E-09  0.8450E-02  0.0000E+00 -0.1000E+01
 9575.1836 14 15    4.7522    0.0000    4.7522    0.0000   -4.6957    0.6606    0.0001   -1.0000  -10.0000    3.9101  0.2000E+09  0.2191E+04  0.0000E+00 -0.3797E-08  0.1000E-09  0.1793E-08  0.1000E-09  0.8450E-02  0.0000E+00 -0.1000E+01
 9585.1836 14 15    4.7522    0.0000    4.7522    0.0000   -4.6957    0.6606    0.0001   -1.0000  -10.0000    3.9101  0.2000E+09  0.2191E+04  0.0000E+00 -0.3797E-08  0.1000E-09  0.1793E-08  0.1000E-09  0.8450E-02  0.0000E+00 -0.1000E+01
 9595.1836 14 15    4.7522    0.0000    4.7522    0.0000   -4.6957    0.6606    0.0001   -1.0000  -10.0000    3.9101  0.2000E+09  0.2191E+04  0.0000E+00 -0.3797E-08  0.1000E-09  0.1793E-08  0.1000E-09  0.8450E-02  0.0000E+00 -0.1000E+01
 9605.1836 14 15    4.7522    0.0000    4.7522    0.0000   -4.6957    0.6606    0.0001   -1.0000  -10.0000    3.9101  0.2000E+09  0.2191E+04  0.0000E+00 -0.3797E-08  0.1000E-09  0.1793E-08  0.1000E-09  0.8450E-02  0.0000E+00 -0.1000E+01
 9615.1836 14 15    4.7522    0.0000    4.7522    0.0000   -4.6957    0.6606    0.0001   -1.0000  -10.0000    3.9101  0.2000E+09  0.2191E+04  0.0000E+00 -0.3797E-08  0.1000E-09  0.1793E-08  0.1000E-09  0.8450E-02  0.0000E+00 -0.1000E+01
 9625.1836 14 15    4.7522    0.0000    4.7522    0.0000   -4.6957    0.6606    0.0001   -1.0000  -10.0000    3.9101  0.2000E+09  0.2191E+04  0.0000E+00 -0.3797E-08  0.1000E-09  0.1793E-08  0.1000E-09  0.8450E-02  0.0000E+00 -0.1000E+01
 9635.1836 14 15    4.7522    0.0000    4.7522    0.0000   -4.6957    0.6606    0.0001   -1.0000  -10.0000    3.9101  0.2000E+09  0.2191E+04  0.0000E+00 -0.3797E-08  0.1000E-09  0.1793E-08  0.1000E-09  0.8450E-02  0.0000E+00 -0.1000E+01
 9645.1836 14 15    4.7522    0.0000    4.7522    0.0000   -4.6957    0.6606    0.0001   -1.0000  -10.0000    3.9101  0.2000E+09  0.2191E+04  0.0000E+00 -0.3797E-08  0.1000E-09  0.1793E-08  0.1000E-09  0.8450E-02  0.0000E+00 -0.1000E+01
 9655.1836 14 15    4.7522    0.0000    4.7522    0.0000   -4.6957    0.6606    0.0001   -1.0000  -10.0000    3.9101  0.2000E+09  0.2191E+04  0.0000E+00 -0.3797E-08  0.1000E-09  0.1793E-08  0.1000E-09  0.8450E-02  0.0000E+00 -0.1000E+01
 9665.1836 14 15    4.7522    0.0000    4.7522    0.0000   -4.6957    0.6606    0.0001   -1.0000  -10.0000    3.9101  0.2000E+09  0.2191E+04  0.0000E+00 -0.3797E-08  0.1000E-09  0.1793E-08  0.1000E-09  0.8450E-02  0.0000E+00 -0.1000E+01
 9675.1836 14 15    4.7522    0.0000    4.7522    0.0000   -4.6957    0.6606    0.0001   -1.0000  -10.0000    3.9101  0.2000E+09  0.2191E+04  0.0000E+00 -0.3797E-08  0.1000E-09  0.1793E-08  0.1000E-09  0.8450E-02  0.0000E+00 -0.1000E+01
 9685.1836 14 15    4.7522    0.0000    4.7522    0.0000   -4.6957    0.6606    0.0001   -1.0000  -10.0000    3.9101  0.2000E+09  0.2191E+04  0.0000E+00 -0.3797E-08  0.1000E-09  0.1793E-08  0.1000E-09  0.8450E-02  0.0000E+00 -0.1000E+01
 9695.1836 14 15    4.7522    0.0000    4.7522    0.0000   -4.6957    0.6606    0.0001   -1.0000  -10.0000    3.9101  0.2000E+09  0.2191E+04  0.0000E+00 -0.3797E-08  0.1000E-09  0.1793E-08  0.1000E-09  0.8450E-02  0.0000E+00 -0.1000E+01
 9705.1836 14 15    4.7522    0.0000    4.7522    0.0000   -4.6957    0.6606    0.0001   -1.0000  -10.0000    3.9101  0.2000E+09  0.2191E+04  0.0000E+00 -0.3797E-08  0.1000E-09  0.1793E-08  0.1000E-09  0.8450E-02  0.0000E+00 -0.1000E+01
 9715.1836 14 15    4.7522    0.0000    4.7522    0.0000   -4.6957    0.6606    0.0001   -1.0000  -10.0000    3.9101  0.2000E+09  0.2191E+04  0.0000E+00 -0.3797E-08  0.1000E-09  0.1793E-08  0.1000E-09  0.8450E-02  0.0000E+00 -0.1000E+01
 9725.1836 14 15    4.7522    0.0000    4.7522    0.0000   -4.6957    0.6606    0.0001   -1.0000  -10.0000    3.9101  0.2000E+09  0.2191E+04  0.0000E+00 -0.3797E-08  0.1000E-09  0.1793E-08  0.1000E-09  0.8450E-02  0.0000E+00 -0.1000E+01
 9735.1836 14 15    4.7522    0.0000    4.7522    0.0000   -4.6957    0.6606    0.0001   -1.0000  -10.0000    3.9101  0.2000E+09  0.2191E+04  0.0000E+00 -0.3797E-08  0.1000E-09  0.1793E-08  0.1000E-09  0.8450E-02  0.0000E+00 -0.1000E+01
 9745.1836 14 15    4.7522    0.0000    4.7522    0.0000   -4.6957    0.6606    0.0001   -1.0000  -10.0000    3.9101  0.2000E+09  0.2191E+04  0.0000E+00 -0.3797E-08  0.1000E-09  0.1793E-08  0.1000E-09  0.8450E-02  0.0000E+00 -0.1000E+01
 9755.1836 14 15    4.7522    0.0000    4.7522    0.0000   -4.6957    0.6606    0.0001   -1.0000  -10.0000    3.9101  0.2000E+09  0.2191E+04  0.0000E+00 -0.3797E-08  0.1000E-09  0.1793E-08  0.1000E-09  0.8450E-02  0.0000E+00 -0.1000E+01
 9765.1836 14 15    4.7522    0.0000    4.7522    0.0000   -4.6957    0.6606    0.0001   -1.0000  -10.0000    3.9101  0.2000E+09  0.2191E+04  0.0000E+00 -0.3797E-08  0.1000E-09  0.1793E-08  0.1000E-09  0.8450E-02  0.0000E+00 -0.1000E+01
 9775.1836 14 15    4.7522    0.0000    4.7522    0.0000   -4.6957    0.6606    0.0001   -1.0000  -10.0000    3.9101  0.2000E+09  0.2191E+04  0.0000E+00 -0.3797E-08  0.1000E-09  0.1793E-08  0.1000E-09  0.8450E-02  0.0000E+00 -0.1000E+01
 9785.1836 14 15    4.7522    0.0000    4.7522    0.0000   -4.6957    0.6606    0.0001   -1.0000  -10.0000    3.9101  0.2000E+09  0.2191E+04  0.0000E+00 -0.3797E-08  0.1000E-09  0.1793E-08  0.1000E-09  0.8450E-02  0.0000E+00 -0.1000E+01
 9795.1836 14 15    4.7522    0.0000    4.7522    0.0000   -4.6957    0.6606    0.0001   -1.0000  -10.0000    3.9101  0.2000E+09  0.2191E+04  0.0000E+00 -0.3797E-08  0.1000E-09  0.1793E-08  0.1000E-09  0.8450E-02  0.0000E+00 -0.1000E+01
 9805.1836 14 15    4.7522    0.0000    4.7522    0.0000   -4.6957    0.6606    0.0001   -1.0000  -10.0000    3.9101  0.2000E+09  0.2191E+04  0.0000E+00 -0.3797E-08  0.1000E-09  0.1793E-08  0.1000E-09  0.8450E-02  0.0000E+00 -0.1000E+01
 9815.1836 14 15    4.7522    0.0000    4.7522    0.0000   -4.6957    0.6606    0.0001   -1.0000  -10.0000    3.9101  0.2000E+09  0.2191E+04  0.0000E+00 -0.3797E-08  0.1000E-09  0.1793E-08  0.1000E-09  0.8450E-02  0.0000E+00 -0.1000E+01
 9825.1836 14 15    4.7522    0.0000    4.7522    0.0000   -4.6957    0.6606    0.0001   -1.0000  -10.0000    3.9101  0.2000E+09  0.2191E+04  0.0000E+00 -0.3797E-08  0.1000E-09  0.1793E-08  0.1000E-09  0.8450E-02  0.0000E+00 -0.1000E+01
 9835.1836 14 15    4.7522    0.0000    4.7522    0.0000   -4.6957    0.6606    0.0001   -1.0000  -10.0000    3.9101  0.2000E+09  0.2191E+04  0.0000E+00 -0.3797E-08  0.1000E-09  0.1793E-08  0.1000E-09  0.8450E-02  0.0000E+00 -0.1000E+01
 9845.1836 14 15    4.7522    0.0000    4.7522    0.0000   -4.6957    0.6606    0.0001   -1.0000  -10.0000    3.9101  0.2000E+09  0.2191E+04  0.0000E+00 -0.3797E-08  0.1000E-09  0.1793E-08  0.1000E-09  0.8450E-02  0.0000E+00 -0.1000E+01
 9855.1836 14 15    4.7522    0.0000    4.7522    0.0000   -4.6957    0.6606    0.0001   -1.0000  -10.0000    3.9101  0.2000E+09  0.2191E+04  0.0000E+00 -0.3797E-08  0.1000E-09  0.1793E-08  0.1000E-09  0.8450E-02  0.0000E+00 -0.1000E+01
 9865.1836 14 15    4.7522    0.0000    4.7522    0.0000   -4.6957    0.6606    0.0001   -1.0000  -10.0000    3.9101  0.2000E+09  0.2191E+04  0.0000E+00 -0.3797E-08  0.1000E-09  0.1793E-08  0.1000E-09  0.8450E-02  0.0000E+00 -0.1000E+01
 9875.1836 14 15    4.7522    0.0000    4.7522    0.0000   -4.6957    0.6606    0.0001   -1.0000  -10.0000    3.9101  0.2000E+09  0.2191E+04  0.0000E+00 -0.3797E-08  0.1000E-09  0.1793E-08  0.1000E-09  0.8450E-02  0.0000E+00 -0.1000E+01
 9885.1836 14 15    4.7522    0.0000    4.7522    0.0000   -4.6957    0.6606    0.0001   -1.0000  -10.0000    3.9101  0.2000E+09  0.2191E+04  0.0000E+00 -0.3797E-08  0.1000E-09  0.1793E-08  0.1000E-09  0.8450E-02  0.0000E+00 -0.1000E+01
 9895.1836 14 15    4.7522    0.0000    4.7522    0.0000   -4.6957    0.6606    0.0001   -1.0000  -10.0000    3.9101  0.2000E+09  0.2191E+04  0.0000E+00 -0.3797E-08  0.1000E-09  0.1793E-08  0.1000E-09  0.8450E-02  0.0000E+00 -0.1000E+01
 9905.1836 14 15    4.7522    0.0000    4.7522    0.0000   -4.6957    0.6606    0.0001   -1.0000  -10.0000    3.9101  0.2000E+09  0.2191E+04  0.0000E+00 -0.3797E-08  0.1000E-09  0.1793E-08  0.1000E-09  0.8450E-02  0.0000E+00 -0.1000E+01
 9915.1836 14 15    4.7522    0.0000    4.7522    0.0000   -4.6957    0.6606    0.0001   -1.0000  -10.0000    3.9101  0.2000E+09  0.2191E+04  0.0000E+00 -0.3797E-08  0.1000E-09  0.1793E-08  0.1000E-09  0.8450E-02  0.0000E+00 -0.1000E+01
 9925.1836 14 15    4.7522    0.0000    4.7522    0.0000   -4.6957    0.6606    0.0001   -1.0000  -10.0000    3.9101  0.2000E+09  0.2191E+04  0.0000E+00 -0.3797E-08  0.1000E-09  0.1793E-08  0.1000E-09  0.8450E-02  0.0000E+00 -0.1000E+01
 9935.1836 14 15    4.7522    0.0000    4.7522    0.0000   -4.6957    0.6606    0.0001   -1.0000  -10.0000    3.9101  0.2000E+09  0.2191E+04  0.0000E+00 -0.3797E-08  0.1000E-09  0.1793E-08  0.1000E-09  0.8450E-02  0.0000E+00 -0.1000E+01
 9945.1836 14 15    4.7522    0.0000    4.7522    0.0000   -4.6957    0.6606    0.0001   -1.0000  -10.0000    3.9101  0.2000E+09  0.2191E+04  0.0000E+00 -0.3797E-08  0.1000E-09  0.1793E-08  0.1000E-09  0.8450E-02  0.0000E+00 -0.1000E+01
 9955.1836 14 15    4.7522    0.0000    4.7522    0.0000   -4.6957    0.6606    0.0001   -1.0000  -10.0000    3.9101  0.2000E+09  0.2191E+04  0.0000E+00 -0.3797E-08  0.1000E-09  0.1793E-08  0.1000E-09  0.8450E-02  0.0000E+00 -0.1000E+01
 9965.1836 14 15    4.7522    0.0000    4.7522    0.0000   -4.6957    0.6606    0.0001   -1.0000  -10.0000    3.9101  0.2000E+09  0.2191E+04  0.0000E+00 -0.3797E-08  0.1000E-09  0.1793E-08  0.1000E-09  0.8450E-02  0.0000E+00 -0.1000E+01
 9975.1836 14 15    4.7522    0.0000    4.7522    0.0000   -4.6957    0.6606    0.0001   -1.0000  -10.0000    3.9101  0.2000E+09  0.2191E+04  0.0000E+00 -0.3797E-08  0.1000E-09  0.1793E-08  0.1000E-09  0.8450E-02  0.0000E+00 -0.1000E+01
 9985.1836 14 15    4.7522    0.0000    4.7522    0.0000   -4.6957    0.6606    0.0001   -1.0000  -10.0000    3.9101  0.2000E+09  0.2191E+04  0.0000E+00 -0.3797E-08  0.1000E-09  0.1793E-08  0.1000E-09  0.8450E-02  0.0000E+00 -0.1000E+01
 9995.1836 14 15    4.7522    0.0000    4.7522    0.0000   -4.6957    0.6606    0.0001   -1.0000  -10.0000    3.9101  0.2000E+09  0.2191E+04  0.0000E+00 -0.3797E-08  0.1000E-09  0.1793E-08  0.1000E-09  0.8450E-02  0.0000E+00 -0.1000E+01
10005.1836 14 15    4.7522    0.0000    4.7522    0.0000   -4.6957    0.6606    0.0001   -1.0000  -10.0000    3.9101  0.2000E+09  0.2191E+04  0.0000E+00 -0.3797E-08  0.1000E-09  0.1793E-08  0.1000E-09  0.8450E-02  0.0000E+00 -0.1000E+01
10015.1836 14 15    4.7522    0.0000    4.7522    0.0000   -4.6957    0.6606    0.0001   -1.0000  -10.0000    3.9101  0.2000E+09  0.2191E+04  0.0000E+00 -0.3797E-08  0.1000E-09  0.1793E-08  0.1000E-09  0.8450E-02  0.0000E+00 -0.1000E+01
10025.1836 14 15    4.7522    0.0000    4.7522    0.0000   -4.6957    0.6606    0.0001   -1.0000  -10.0000    3.9101  0.2000E+09  0.2191E+04  0.0000E+00 -0.3797E-08  0.1000E-09  0.1793E-08  0.1000E-09  0.8450E-02  0.0000E+00 -0.1000E+01
10035.1836 14 15    4.7522    0.0000    4.7522    0.0000   -4.6957    0.6606    0.0001   -1.0000  -10.0000    3.9101  0.2000E+09  0.2191E+04  0.0000E+00 -0.3797E-08  0.1000E-09  0.1793E-08  0.1000E-09  0.8450E-02  0.0000E+00 -0.1000E+01
10045.1836 14 15    4.7522    0.0000    4.7522    0.0000   -4.6957    0.6606    0.0001   -1.0000  -10.0000    3.9101  0.2000E+09  0.2191E+04  0.0000E+00 -0.3797E-08  0.1000E-09  0.1793E-08  0.1000E-09  0.8450E-02  0.0000E+00 -0.1000E+01
10055.1836 14 15    4.7522    0.0000    4.7522    0.0000   -4.6957    0.6606    0.0001   -1.0000  -10.0000    3.9101  0.2000E+09  0.2191E+04  0.0000E+00 -0.3797E-08  0.1000E-09  0.1793E-08  0.1000E-09  0.8450E-02  0.0000E+00 -0.1000E+01
10065.1836 14 15    4.7522    0.0000    4.7522    0.0000   -4.6957    0.6606    0.0001   -1.0000  -10.0000    3.9101  0.2000E+09  0.2191E+04  0.0000E+00 -0.3797E-08  0.1000E-09  0.1793E-08  0.1000E-09  0.8450E-02  0.0000E+00 -0.1000E+01
10075.1836 14 15    4.7522    0.0000    4.7522    0.0000   -4.6957    0.6606    0.0001   -1.0000  -10.0000    3.9101  0.2000E+09  0.2191E+04  0.0000E+00 -0.3797E-08  0.1000E-09  0.1793E-08  0.1000E-09  0.8450E-02  0.0000E+00 -0.1000E+01
10085.1836 14 15    4.7522    0.0000    4.7522    0.0000   -4.6957    0.6606    0.0001   -1.0000  -10.0000    3.9101  0.2000E+09  0.2191E+04  0.0000E+00 -0.3797E-08  0.1000E-09  0.1793E-08  0.1000E-09  0.8450E-02  0.0000E+00 -0.1000E+01
10095.1836 14 15    4.7522    0.0000    4.7522    0.0000   -4.6957    0.6606    0.0001   -1.0000  -10.0000    3.9101  0.2000E+09  0.2191E+04  0.0000E+00 -0.3797E-08  0.1000E-09  0.1793E-08  0.1000E-09  0.8450E-02  0.0000E+00 -0.1000E+01
10105.1836 14 15    4.7522    0.0000    4.7522    0.0000   -4.6957    0.6606    0.0001   -1.0000  -10.0000    3.9101  0.2000E+09  0.2191E+04  0.0000E+00 -0.3797E-08  0.1000E-09  0.1793E-08  0.1000E-09  0.8450E-02  0.0000E+00 -0.1000E+01
10115.1836 14 15    4.7522    0.0000    4.7522    0.0000   -4.6957    0.6606    0.0001   -1.0000  -10.0000    3.9101  0.2000E+09  0.2191E+04  0.0000E+00 -0.3797E-08  0.1000E-09  0.1793E-08  0.1000E-09  0.8450E-02  0.0000E+00 -0.1000E+01
10125.1836 14 15    4.7522    0.0000    4.7522    0.0000   -4.6957    0.6606    0.0001   -1.0000  -10.0000    3.9101  0.2000E+09  0.2191E+04  0.0000E+00 -0.3797E-08  0.1000E-09  0.1793E-08  0.1000E-09  0.8450E-02  0.0000E+00 -0.1000E+01
10135.1836 14 15    4.7522    0.0000    4.7522    0.0000   -4.6957    0.6606    0.0001   -1.0000  -10.0000    3.9101  0.2000E+09  0.2191E+04  0.0000E+00 -0.3797E-08  0.1000E-09  0.1793E-08  0.1000E-09  0.8450E-02  0.0000E+00 -0.1000E+01
10145.1836 14 15    4.7522    0.0000    4.7522    0.0000   -4.6957    0.6606    0.0001   -1.0000  -10.0000    3.9101  0.2000E+09  0.2191E+04  0.0000E+00 -0.3797E-08  0.1000E-09  0.1793E-08  0.1000E-09  0.8450E-02  0.0000E+00 -0.1000E+01
10155.1836 14 15    4.7522    0.0000    4.7522    0.0000   -4.6957    0.6606    0.0001   -1.0000  -10.0000    3.9101  0.2000E+09  0.2191E+04  0.0000E+00 -0.3797E-08  0.1000E-09  0.1793E-08  0.1000E-09  0.8450E-02  0.0000E+00 -0.1000E+01
10165.1836 14 15    4.7522    0.0000    4.7522    0.0000   -4.6957    0.6606    0.0001   -1.0000  -10.0000    3.9101  0.2000E+09  0.2191E+04  0.0000E+00 -0.3797E-08  0.1000E-09  0.1793E-08  0.1000E-09  0.8450E-02  0.0000E+00 -0.1000E+01
10175.1836 14 15    4.7522    0.0000    4.7522    0.0000   -4.6957    0.6606    0.0001   -1.0000  -10.0000    3.9101  0.2000E+09  0.2191E+04  0.0000E+00 -0.3797E-08  0.1000E-09  0.1793E-08  0.1000E-09  0.8450E-02  0.0000E+00 -0.1000E+01
10185.1836 14 15    4.7522    0.0000    4.7522    0.0000   -4.6957    0.6606    0.0001   -1.0000  -10.0000    3.9101  0.2000E+09  0.2191E+04  0.0000E+00 -0.3797E-08  0.1000E-09  0.1793E-08  0.1000E-09  0.8450E-02  0.0000E+00 -0.1000E+01
10195.1836 14 15    4.7522    0.0000    4.7522    0.0000   -4.6957    0.6606    0.0001   -1.0000  -10.0000    3.9101  0.2000E+09  0.2191E+04  0.0000E+00 -0.3797E-08  0.1000E-09  0.1793E-08  0.1000E-09  0.8450E-02  0.0000E+00 -0.1000E+01
10205.1836 14 15    4.7522    0.0000    4.7522    0.0000   -4.6957    0.6606    0.0001   -1.0000  -10.0000    3.9101  0.2000E+09  0.2191E+04  0.0000E+00 -0.3797E-08  0.1000E-09  0.1793E-08  0.1000E-09  0.8450E-02  0.0000E+00 -0.1000E+01
10215.1836 14 15    4.7522    0.0000    4.7522    0.0000   -4.6957    0.6606    0.0001   -1.0000  -10.0000    3.9101  0.2000E+09  0.2191E+04  0.0000E+00 -0.3797E-08  0.1000E-09  0.1793E-08  0.1000E-09  0.8450E-02  0.0000E+00 -0.1000E+01
10225.1836 14 15    4.7522    0.0000    4.7522    0.0000   -4.6957    0.6606    0.0001   -1.0000  -10.0000    3.9101  0.2000E+09  0.2191E+04  0.0000E+00 -0.3797E-08  0.1000E-09  0.1793E-08  0.1000E-09  0.8450E-02  0.0000E+00 -0.1000E+01
10235.1836 14 15    4.7522    0.0000    4.7522    0.0000   -4.6957    0.6606    0.0001   -1.0000  -10.0000    3.9101  0.2000E+09  0.2191E+04  0.0000E+00 -0.3797E-08  0.1000E-09  0.1793E-08  0.1000E-09  0.8450E-02  0.0000E+00 -0.1000E+01
10245.1836 14 15    4.7522    0.0000    4.7522    0.0000   -4.6957    0.6606    0.0001   -1.0000  -10.0000    3.9101  0.2000E+09  0.2191E+04  0.0000E+00 -0.3797E-08  0.1000E-09  0.1793E-08  0.1000E-09  0.8450E-02  0.0000E+00 -0.1000E+01
10255.1836 14 15    4.7522    0.0000    4.7522    0.0000   -4.6957    0.6606    0.0001   -1.0000  -10.0000    3.9101  0.2000E+09  0.2191E+04  0.0000E+00 -0.3797E-08  0.1000E-09  0.1793E-08  0.1000E-09  0.8450E-02  0.0000E+00 -0.1000E+01
10265.1836 14 15    4.7522    0.0000    4.7522    0.0000   -4.6957    0.6606    0.0001   -1.0000  -10.0000    3.9101  0.2000E+09  0.2191E+04  0.0000E+00 -0.3797E-08  0.1000E-09  0.1793E-08  0.1000E-09  0.8450E-02  0.0000E+00 -0.1000E+01
10275.1836 14 15    4.7522    0.0000    4.7522    0.0000   -4.6957    0.6606    0.0001   -1.0000  -10.0000    3.9101  0.2000E+09  0.2191E+04  0.0000E+00 -0.3797E-08  0.1000E-09  0.1793E-08  0.1000E-09  0.8450E-02  0.0000E+00 -0.1000E+01
10285.1836 14 15    4.7522    0.0000    4.7522    0.0000   -4.6957    0.6606    0.0001   -1.0000  -10.0000    3.9101  0.2000E+09  0.2191E+04  0.0000E+00 -0.3797E-08  0.1000E-09  0.1793E-08  0.1000E-09  0.8450E-02  0.0000E+00 -0.1000E+01
10295.1836 14 15    4.7522    0.0000    4.7522    0.0000   -4.6957    0.6606    0.0001   -1.0000  -10.0000    3.9101  0.2000E+09  0.2191E+04  0.0000E+00 -0.3797E-08  0.1000E-09  0.1793E-08  0.1000E-09  0.8450E-02  0.0000E+00 -0.1000E+01
10305.1836 14 15    4.7522    0.0000    4.7522    0.0000   -4.6957    0.6606    0.0001   -1.0000  -10.0000    3.9101  0.2000E+09  0.2191E+04  0.0000E+00 -0.3797E-08  0.1000E-09  0.1793E-08  0.1000E-09  0.8450E-02  0.0000E+00 -0.1000E+01
10315.1836 14 15    4.7522    0.0000    4.7522    0.0000   -4.6957    0.6606    0.0001   -1.0000  -10.0000    3.9101  0.2000E+09  0.2191E+04  0.0000E+00 -0.3797E-08  0.1000E-09  0.1793E-08  0.1000E-09  0.8450E-02  0.0000E+00 -0.1000E+01
10325.1836 14 15    4.7522    0.0000    4.7522    0.0000   -4.6957    0.6606    0.0001   -1.0000  -10.0000    3.9101  0.2000E+09  0.2191E+04  0.0000E+00 -0.3797E-08  0.1000E-09  0.1793E-08  0.1000E-09  0.8450E-02  0.0000E+00 -0.1000E+01
10335.1836 14 15    4.7522    0.0000    4.7522    0.0000   -4.6957    0.6606    0.0001   -1.0000  -10.0000    3.9101  0.2000E+09  0.2191E+04  0.0000E+00 -0.3797E-08  0.1000E-09  0.1793E-08  0.1000E-09  0.8450E-02  0.0000E+00 -0.1000E+01
10345.1836 14 15    4.7522    0.0000    4.7522    0.0000   -4.6957    0.6606    0.0001   -1.0000  -10.0000    3.9101  0.2000E+09  0.2191E+04  0.0000E+00 -0.3797E-08  0.1000E-09  0.1793E-08  0.1000E-09  0.8450E-02  0.0000E+00 -0.1000E+01
10355.1836 14 15    4.7522    0.0000    4.7522    0.0000   -4.6957    0.6606    0.0001   -1.0000  -10.0000    3.9101  0.2000E+09  0.2191E+04  0.0000E+00 -0.3797E-08  0.1000E-09  0.1793E-08  0.1000E-09  0.8450E-02  0.0000E+00 -0.1000E+01
10365.1836 14 15    4.7522    0.0000    4.7522    0.0000   -4.6957    0.6606    0.0001   -1.0000  -10.0000    3.9101  0.2000E+09  0.2191E+04  0.0000E+00 -0.3797E-08  0.1000E-09  0.1793E-08  0.1000E-09  0.8450E-02  0.0000E+00 -0.1000E+01
10375.1836 14 15    4.7522    0.0000    4.7522    0.0000   -4.6957    0.6606    0.0001   -1.0000  -10.0000    3.9101  0.2000E+09  0.2191E+04  0.0000E+00 -0.3797E-08  0.1000E-09  0.1793E-08  0.1000E-09  0.8450E-02  0.0000E+00 -0.1000E+01
10385.1836 14 15    4.7522    0.0000    4.7522    0.0000   -4.6957    0.6606    0.0001   -1.0000  -10.0000    3.9101  0.2000E+09  0.2191E+04  0.0000E+00 -0.3797E-08  0.1000E-09  0.1793E-08  0.1000E-09  0.8450E-02  0.0000E+00 -0.1000E+01
10395.1836 14 15    4.7522    0.0000    4.7522    0.0000   -4.6957    0.6606    0.0001   -1.0000  -10.0000    3.9101  0.2000E+09  0.2191E+04  0.0000E+00 -0.3797E-08  0.1000E-09  0.1793E-08  0.1000E-09  0.8450E-02  0.0000E+00 -0.1000E+01
10405.1836 14 15    4.7522    0.0000    4.7522    0.0000   -4.6957    0.6606    0.0001   -1.0000  -10.0000    3.9101  0.2000E+09  0.2191E+04  0.0000E+00 -0.3797E-08  0.1000E-09  0.1793E-08  0.1000E-09  0.8450E-02  0.0000E+00 -0.1000E+01
10415.1836 14 15    4.7522    0.0000    4.7522    0.0000   -4.6957    0.6606    0.0001   -1.0000  -10.0000    3.9101  0.2000E+09  0.2191E+04  0.0000E+00 -0.3797E-08  0.1000E-09  0.1793E-08  0.1000E-09  0.8450E-02  0.0000E+00 -0.1000E+01
10425.1836 14 15    4.7522    0.0000    4.7522    0.0000   -4.6957    0.6606    0.0001   -1.0000  -10.0000    3.9101  0.2000E+09  0.2191E+04  0.0000E+00 -0.3797E-08  0.1000E-09  0.1793E-08  0.1000E-09  0.8450E-02  0.0000E+00 -0.1000E+01
10435.1836 14 15    4.7522    0.0000    4.7522    0.0000   -4.6957    0.6606    0.0001   -1.0000  -10.0000    3.9101  0.2000E+09  0.2191E+04  0.0000E+00 -0.3797E-08  0.1000E-09  0.1793E-08  0.1000E-09  0.8450E-02  0.0000E+00 -0.1000E+01
10445.1836 14 15    4.7522    0.0000    4.7522    0.0000   -4.6957    0.6606    0.0001   -1.0000  -10.0000    3.9101  0.2000E+09  0.2191E+04  0.0000E+00 -0.3797E-08  0.1000E-09  0.1793E-08  0.1000E-09  0.8450E-02  0.0000E+00 -0.1000E+01
10455.1836 14 15    4.7522    0.0000    4.7522    0.0000   -4.6957    0.6606    0.0001   -1.0000  -10.0000    3.9101  0.2000E+09  0.2191E+04  0.0000E+00 -0.3797E-08  0.1000E-09  0.1793E-08  0.1000E-09  0.8450E-02  0.0000E+00 -0.1000E+01
10465.1836 14 15    4.7522    0.0000    4.7522    0.0000   -4.6957    0.6606    0.0001   -1.0000  -10.0000    3.9101  0.2000E+09  0.2191E+04  0.0000E+00 -0.3797E-08  0.1000E-09  0.1793E-08  0.1000E-09  0.8450E-02  0.0000E+00 -0.1000E+01
10475.1836 14 15    4.7522    0.0000    4.7522    0.0000   -4.6957    0.6606    0.0001   -1.0000  -10.0000    3.9101  0.2000E+09  0.2191E+04  0.0000E+00 -0.3797E-08  0.1000E-09  0.1793E-08  0.1000E-09  0.8450E-02  0.0000E+00 -0.1000E+01
10485.1836 14 15    4.7522    0.0000    4.7522    0.0000   -4.6957    0.6606    0.0001   -1.0000  -10.0000    3.9101  0.2000E+09  0.2191E+04  0.0000E+00 -0.3797E-08  0.1000E-09  0.1793E-08  0.1000E-09  0.8450E-02  0.0000E+00 -0.1000E+01
10495.1836 14 15    4.7522    0.0000    4.7522    0.0000   -4.6957    0.6606    0.0001   -1.0000  -10.0000    3.9101  0.2000E+09  0.2191E+04  0.0000E+00 -0.3797E-08  0.1000E-09  0.1793E-08  0.1000E-09  0.8450E-02  0.0000E+00 -0.1000E+01
10505.1836 14 15    4.7522    0.0000    4.7522    0.0000   -4.6957    0.6606    0.0001   -1.0000  -10.0000    3.9101  0.2000E+09  0.2191E+04  0.0000E+00 -0.3797E-08  0.1000E-09  0.1793E-08  0.1000E-09  0.8450E-02  0.0000E+00 -0.1000E+01
10515.1836 14 15    4.7522    0.0000    4.7522    0.0000   -4.6957    0.6606    0.0001   -1.0000  -10.0000    3.9101  0.2000E+09  0.2191E+04  0.0000E+00 -0.3797E-08  0.1000E-09  0.1793E-08  0.1000E-09  0.8450E-02  0.0000E+00 -0.1000E+01
10525.1836 14 15    4.7522    0.0000    4.7522    0.0000   -4.6957    0.6606    0.0001   -1.0000  -10.0000    3.9101  0.2000E+09  0.2191E+04  0.0000E+00 -0.3797E-08  0.1000E-09  0.1793E-08  0.1000E-09  0.8450E-02  0.0000E+00 -0.1000E+01
10535.1836 14 15    4.7522    0.0000    4.7522    0.0000   -4.6957    0.6606    0.0001   -1.0000  -10.0000    3.9101  0.2000E+09  0.2191E+04  0.0000E+00 -0.3797E-08  0.1000E-09  0.1793E-08  0.1000E-09  0.8450E-02  0.0000E+00 -0.1000E+01
10545.1836 14 15    4.7522    0.0000    4.7522    0.0000   -4.6957    0.6606    0.0001   -1.0000  -10.0000    3.9101  0.2000E+09  0.2191E+04  0.0000E+00 -0.3797E-08  0.1000E-09  0.1793E-08  0.1000E-09  0.8450E-02  0.0000E+00 -0.1000E+01
10555.1836 14 15    4.7522    0.0000    4.7522    0.0000   -4.6957    0.6606    0.0001   -1.0000  -10.0000    3.9101  0.2000E+09  0.2191E+04  0.0000E+00 -0.3797E-08  0.1000E-09  0.1793E-08  0.1000E-09  0.8450E-02  0.0000E+00 -0.1000E+01
10565.1836 14 15    4.7522    0.0000    4.7522    0.0000   -4.6957    0.6606    0.0001   -1.0000  -10.0000    3.9101  0.2000E+09  0.2191E+04  0.0000E+00 -0.3797E-08  0.1000E-09  0.1793E-08  0.1000E-09  0.8450E-02  0.0000E+00 -0.1000E+01
10575.1836 14 15    4.7522    0.0000    4.7522    0.0000   -4.6957    0.6606    0.0001   -1.0000  -10.0000    3.9101  0.2000E+09  0.2191E+04  0.0000E+00 -0.3797E-08  0.1000E-09  0.1793E-08  0.1000E-09  0.8450E-02  0.0000E+00 -0.1000E+01
10585.1836 14 15    4.7522    0.0000    4.7522    0.0000   -4.6957    0.6606    0.0001   -1.0000  -10.0000    3.9101  0.2000E+09  0.2191E+04  0.0000E+00 -0.3797E-08  0.1000E-09  0.1793E-08  0.1000E-09  0.8450E-02  0.0000E+00 -0.1000E+01
10595.1836 14 15    4.7522    0.0000    4.7522    0.0000   -4.6957    0.6606    0.0001   -1.0000  -10.0000    3.9101  0.2000E+09  0.2191E+04  0.0000E+00 -0.3797E-08  0.1000E-09  0.1793E-08  0.1000E-09  0.8450E-02  0.0000E+00 -0.1000E+01
10605.1836 14 15    4.7522    0.0000    4.7522    0.0000   -4.6957    0.6606    0.0001   -1.0000  -10.0000    3.9101  0.2000E+09  0.2191E+04  0.0000E+00 -0.3797E-08  0.1000E-09  0.1793E-08  0.1000E-09  0.8450E-02  0.0000E+00 -0.1000E+01
10615.1836 14 15    4.7522    0.0000    4.7522    0.0000   -4.6957    0.6606    0.0001   -1.0000  -10.0000    3.9101  0.2000E+09  0.2191E+04  0.0000E+00 -0.3797E-08  0.1000E-09  0.1793E-08  0.1000E-09  0.8450E-02  0.0000E+00 -0.1000E+01
10625.1836 14 15    4.7522    0.0000    4.7522    0.0000   -4.6957    0.6606    0.0001   -1.0000  -10.0000    3.9101  0.2000E+09  0.2191E+04  0.0000E+00 -0.3797E-08  0.1000E-09  0.1793E-08  0.1000E-09  0.8450E-02  0.0000E+00 -0.1000E+01
10635.1836 14 15    4.7522    0.0000    4.7522    0.0000   -4.6957    0.6606    0.0001   -1.0000  -10.0000    3.9101  0.2000E+09  0.2191E+04  0.0000E+00 -0.3797E-08  0.1000E-09  0.1793E-08  0.1000E-09  0.8450E-02  0.0000E+00 -0.1000E+01
10645.1836 14 15    4.7522    0.0000    4.7522    0.0000   -4.6957    0.6606    0.0001   -1.0000  -10.0000    3.9101  0.2000E+09  0.2191E+04  0.0000E+00 -0.3797E-08  0.1000E-09  0.1793E-08  0.1000E-09  0.8450E-02  0.0000E+00 -0.1000E+01
10655.1836 14 15    4.7522    0.0000    4.7522    0.0000   -4.6957    0.6606    0.0001   -1.0000  -10.0000    3.9101  0.2000E+09  0.2191E+04  0.0000E+00 -0.3797E-08  0.1000E-09  0.1793E-08  0.1000E-09  0.8450E-02  0.0000E+00 -0.1000E+01
10665.1836 14 15    4.7522    0.0000    4.7522    0.0000   -4.6957    0.6606    0.0001   -1.0000  -10.0000    3.9101  0.2000E+09  0.2191E+04  0.0000E+00 -0.3797E-08  0.1000E-09  0.1793E-08  0.1000E-09  0.8450E-02  0.0000E+00 -0.1000E+01
10675.1836 14 15    4.7522    0.0000    4.7522    0.0000   -4.6957    0.6606    0.0001   -1.0000  -10.0000    3.9101  0.2000E+09  0.2191E+04  0.0000E+00 -0.3797E-08  0.1000E-09  0.1793E-08  0.1000E-09  0.8450E-02  0.0000E+00 -0.1000E+01
10685.1836 14 15    4.7522    0.0000    4.7522    0.0000   -4.6957    0.6606    0.0001   -1.0000  -10.0000    3.9101  0.2000E+09  0.2191E+04  0.0000E+00 -0.3797E-08  0.1000E-09  0.1793E-08  0.1000E-09  0.8450E-02  0.0000E+00 -0.1000E+01
10695.1836 14 15    4.7522    0.0000    4.7522    0.0000   -4.6957    0.6606    0.0001   -1.0000  -10.0000    3.9101  0.2000E+09  0.2191E+04  0.0000E+00 -0.3797E-08  0.1000E-09  0.1793E-08  0.1000E-09  0.8450E-02  0.0000E+00 -0.1000E+01
10705.1836 14 15    4.7522    0.0000    4.7522    0.0000   -4.6957    0.6606    0.0001   -1.0000  -10.0000    3.9101  0.2000E+09  0.2191E+04  0.0000E+00 -0.3797E-08  0.1000E-09  0.1793E-08  0.1000E-09  0.8450E-02  0.0000E+00 -0.1000E+01
10715.1836 14 15    4.7522    0.0000    4.7522    0.0000   -4.6957    0.6606    0.0001   -1.0000  -10.0000    3.9101  0.2000E+09  0.2191E+04  0.0000E+00 -0.3797E-08  0.1000E-09  0.1793E-08  0.1000E-09  0.8450E-02  0.0000E+00 -0.1000E+01
10725.1836 14 15    4.7522    0.0000    4.7522    0.0000   -4.6957    0.6606    0.0001   -1.0000  -10.0000    3.9101  0.2000E+09  0.2191E+04  0.0000E+00 -0.3797E-08  0.1000E-09  0.1793E-08  0.1000E-09  0.8450E-02  0.0000E+00 -0.1000E+01
10735.1836 14 15    4.7522    0.0000    4.7522    0.0000   -4.6957    0.6606    0.0001   -1.0000  -10.0000    3.9101  0.2000E+09  0.2191E+04  0.0000E+00 -0.3797E-08  0.1000E-09  0.1793E-08  0.1000E-09  0.8450E-02  0.0000E+00 -0.1000E+01
10745.1836 14 15    4.7522    0.0000    4.7522    0.0000   -4.6957    0.6606    0.0001   -1.0000  -10.0000    3.9101  0.2000E+09  0.2191E+04  0.0000E+00 -0.3797E-08  0.1000E-09  0.1793E-08  0.1000E-09  0.8450E-02  0.0000E+00 -0.1000E+01
10755.1836 14 15    4.7522    0.0000    4.7522    0.0000   -4.6957    0.6606    0.0001   -1.0000  -10.0000    3.9101  0.2000E+09  0.2191E+04  0.0000E+00 -0.3797E-08  0.1000E-09  0.1793E-08  0.1000E-09  0.8450E-02  0.0000E+00 -0.1000E+01
10765.1836 14 15    4.7522    0.0000    4.7522    0.0000   -4.6957    0.6606    0.0001   -1.0000  -10.0000    3.9101  0.2000E+09  0.2191E+04  0.0000E+00 -0.3797E-08  0.1000E-09  0.1793E-08  0.1000E-09  0.8450E-02  0.0000E+00 -0.1000E+01
10775.1836 14 15    4.7522    0.0000    4.7522    0.0000   -4.6957    0.6606    0.0001   -1.0000  -10.0000    3.9101  0.2000E+09  0.2191E+04  0.0000E+00 -0.3797E-08  0.1000E-09  0.1793E-08  0.1000E-09  0.8450E-02  0.0000E+00 -0.1000E+01
10785.1836 14 15    4.7522    0.0000    4.7522    0.0000   -4.6957    0.6606    0.0001   -1.0000  -10.0000    3.9101  0.2000E+09  0.2191E+04  0.0000E+00 -0.3797E-08  0.1000E-09  0.1793E-08  0.1000E-09  0.8450E-02  0.0000E+00 -0.1000E+01
10795.1836 14 15    4.7522    0.0000    4.7522    0.0000   -4.6957    0.6606    0.0001   -1.0000  -10.0000    3.9101  0.2000E+09  0.2191E+04  0.0000E+00 -0.3797E-08  0.1000E-09  0.1793E-08  0.1000E-09  0.8450E-02  0.0000E+00 -0.1000E+01
10805.1836 14 15    4.7522    0.0000    4.7522    0.0000   -4.6957    0.6606    0.0001   -1.0000  -10.0000    3.9101  0.2000E+09  0.2191E+04  0.0000E+00 -0.3797E-08  0.1000E-09  0.1793E-08  0.1000E-09  0.8450E-02  0.0000E+00 -0.1000E+01
10815.1836 14 15    4.7522    0.0000    4.7522    0.0000   -4.6957    0.6606    0.0001   -1.0000  -10.0000    3.9101  0.2000E+09  0.2191E+04  0.0000E+00 -0.3797E-08  0.1000E-09  0.1793E-08  0.1000E-09  0.8450E-02  0.0000E+00 -0.1000E+01
10825.1836 14 15    4.7522    0.0000    4.7522    0.0000   -4.6957    0.6606    0.0001   -1.0000  -10.0000    3.9101  0.2000E+09  0.2191E+04  0.0000E+00 -0.3797E-08  0.1000E-09  0.1793E-08  0.1000E-09  0.8450E-02  0.0000E+00 -0.1000E+01
10835.1836 14 15    4.7522    0.0000    4.7522    0.0000   -4.6957    0.6606    0.0001   -1.0000  -10.0000    3.9101  0.2000E+09  0.2191E+04  0.0000E+00 -0.3797E-08  0.1000E-09  0.1793E-08  0.1000E-09  0.8450E-02  0.0000E+00 -0.1000E+01
10845.1836 14 15    4.7522    0.0000    4.7522    0.0000   -4.6957    0.6606    0.0001   -1.0000  -10.0000    3.9101  0.2000E+09  0.2191E+04  0.0000E+00 -0.3797E-08  0.1000E-09  0.1793E-08  0.1000E-09  0.8450E-02  0.0000E+00 -0.1000E+01
10855.1836 14 15    4.7522    0.0000    4.7522    0.0000   -4.6957    0.6606    0.0001   -1.0000  -10.0000    3.9101  0.2000E+09  0.2191E+04  0.0000E+00 -0.3797E-08  0.1000E-09  0.1793E-08  0.1000E-09  0.8450E-02  0.0000E+00 -0.1000E+01
10865.1836 14 15    4.7522    0.0000    4.7522    0.0000   -4.6957    0.6606    0.0001   -1.0000  -10.0000    3.9101  0.2000E+09  0.2191E+04  0.0000E+00 -0.3797E-08  0.1000E-09  0.1793E-08  0.1000E-09  0.8450E-02  0.0000E+00 -0.1000E+01
10875.1836 14 15    4.7522    0.0000    4.7522    0.0000   -4.6957    0.6606    0.0001   -1.0000  -10.0000    3.9101  0.2000E+09  0.2191E+04  0.0000E+00 -0.3797E-08  0.1000E-09  0.1793E-08  0.1000E-09  0.8450E-02  0.0000E+00 -0.1000E+01
10885.1836 14 15    4.7522    0.0000    4.7522    0.0000   -4.6957    0.6606    0.0001   -1.0000  -10.0000    3.9101  0.2000E+09  0.2191E+04  0.0000E+00 -0.3797E-08  0.1000E-09  0.1793E-08  0.1000E-09  0.8450E-02  0.0000E+00 -0.1000E+01
10895.1836 14 15    4.7522    0.0000    4.7522    0.0000   -4.6957    0.6606    0.0001   -1.0000  -10.0000    3.9101  0.2000E+09  0.2191E+04  0.0000E+00 -0.3797E-08  0.1000E-09  0.1793E-08  0.1000E-09  0.8450E-02  0.0000E+00 -0.1000E+01
10905.1836 14 15    4.7522    0.0000    4.7522    0.0000   -4.6957    0.6606    0.0001   -1.0000  -10.0000    3.9101  0.2000E+09  0.2191E+04  0.0000E+00 -0.3797E-08  0.1000E-09  0.1793E-08  0.1000E-09  0.8450E-02  0.0000E+00 -0.1000E+01
10915.1836 14 15    4.7522    0.0000    4.7522    0.0000   -4.6957    0.6606    0.0001   -1.0000  -10.0000    3.9101  0.2000E+09  0.2191E+04  0.0000E+00 -0.3797E-08  0.1000E-09  0.1793E-08  0.1000E-09  0.8450E-02  0.0000E+00 -0.1000E+01
10925.1836 14 15    4.7522    0.0000    4.7522    0.0000   -4.6957    0.6606    0.0001   -1.0000  -10.0000    3.9101  0.2000E+09  0.2191E+04  0.0000E+00 -0.3797E-08  0.1000E-09  0.1793E-08  0.1000E-09  0.8450E-02  0.0000E+00 -0.1000E+01
10935.1836 14 15    4.7522    0.0000    4.7522    0.0000   -4.6957    0.6606    0.0001   -1.0000  -10.0000    3.9101  0.2000E+09  0.2191E+04  0.0000E+00 -0.3797E-08  0.1000E-09  0.1793E-08  0.1000E-09  0.8450E-02  0.0000E+00 -0.1000E+01
10945.1836 14 15    4.7522    0.0000    4.7522    0.0000   -4.6957    0.6606    0.0001   -1.0000  -10.0000    3.9101  0.2000E+09  0.2191E+04  0.0000E+00 -0.3797E-08  0.1000E-09  0.1793E-08  0.1000E-09  0.8450E-02  0.0000E+00 -0.1000E+01
10955.1836 14 15    4.7522    0.0000    4.7522    0.0000   -4.6957    0.6606    0.0001   -1.0000  -10.0000    3.9101  0.2000E+09  0.2191E+04  0.0000E+00 -0.3797E-08  0.1000E-09  0.1793E-08  0.1000E-09  0.8450E-02  0.0000E+00 -0.1000E+01
10965.1836 14 15    4.7522    0.0000    4.7522    0.0000   -4.6957    0.6606    0.0001   -1.0000  -10.0000    3.9101  0.2000E+09  0.2191E+04  0.0000E+00 -0.3797E-08  0.1000E-09  0.1793E-08  0.1000E-09  0.8450E-02  0.0000E+00 -0.1000E+01
10975.1836 14 15    4.7522    0.0000    4.7522    0.0000   -4.6957    0.6606    0.0001   -1.0000  -10.0000    3.9101  0.2000E+09  0.2191E+04  0.0000E+00 -0.3797E-08  0.1000E-09  0.1793E-08  0.1000E-09  0.8450E-02  0.0000E+00 -0.1000E+01
10985.1836 14 15    4.7522    0.0000    4.7522    0.0000   -4.6957    0.6606    0.0001   -1.0000  -10.0000    3.9101  0.2000E+09  0.2191E+04  0.0000E+00 -0.3797E-08  0.1000E-09  0.1793E-08  0.1000E-09  0.8450E-02  0.0000E+00 -0.1000E+01
10995.1836 14 15    4.7522    0.0000    4.7522    0.0000   -4.6957    0.6606    0.0001   -1.0000  -10.0000    3.9101  0.2000E+09  0.2191E+04  0.0000E+00 -0.3797E-08  0.1000E-09  0.1793E-08  0.1000E-09  0.8450E-02  0.0000E+00 -0.1000E+01
11005.1836 14 15    4.7522    0.0000    4.7522    0.0000   -4.6957    0.6606    0.0001   -1.0000  -10.0000    3.9101  0.2000E+09  0.2191E+04  0.0000E+00 -0.3797E-08  0.1000E-09  0.1793E-08  0.1000E-09  0.8450E-02  0.0000E+00 -0.1000E+01
11015.1836 14 15    4.7522    0.0000    4.7522    0.0000   -4.6957    0.6606    0.0001   -1.0000  -10.0000    3.9101  0.2000E+09  0.2191E+04  0.0000E+00 -0.3797E-08  0.1000E-09  0.1793E-08  0.1000E-09  0.8450E-02  0.0000E+00 -0.1000E+01
11025.1836 14 15    4.7522    0.0000    4.7522    0.0000   -4.6957    0.6606    0.0001   -1.0000  -10.0000    3.9101  0.2000E+09  0.2191E+04  0.0000E+00 -0.3797E-08  0.1000E-09  0.1793E-08  0.1000E-09  0.8450E-02  0.0000E+00 -0.1000E+01
11035.1836 14 15    4.7522    0.0000    4.7522    0.0000   -4.6957    0.6606    0.0001   -1.0000  -10.0000    3.9101  0.2000E+09  0.2191E+04  0.0000E+00 -0.3797E-08  0.1000E-09  0.1793E-08  0.1000E-09  0.8450E-02  0.0000E+00 -0.1000E+01
11045.1836 14 15    4.7522    0.0000    4.7522    0.0000   -4.6957    0.6606    0.0001   -1.0000  -10.0000    3.9101  0.2000E+09  0.2191E+04  0.0000E+00 -0.3797E-08  0.1000E-09  0.1793E-08  0.1000E-09  0.8450E-02  0.0000E+00 -0.1000E+01
11055.1836 14 15    4.7522    0.0000    4.7522    0.0000   -4.6957    0.6606    0.0001   -1.0000  -10.0000    3.9101  0.2000E+09  0.2191E+04  0.0000E+00 -0.3797E-08  0.1000E-09  0.1793E-08  0.1000E-09  0.8450E-02  0.0000E+00 -0.1000E+01
11065.1836 14 15    4.7522    0.0000    4.7522    0.0000   -4.6957    0.6606    0.0001   -1.0000  -10.0000    3.9101  0.2000E+09  0.2191E+04  0.0000E+00 -0.3797E-08  0.1000E-09  0.1793E-08  0.1000E-09  0.8450E-02  0.0000E+00 -0.1000E+01
11075.1836 14 15    4.7522    0.0000    4.7522    0.0000   -4.6957    0.6606    0.0001   -1.0000  -10.0000    3.9101  0.2000E+09  0.2191E+04  0.0000E+00 -0.3797E-08  0.1000E-09  0.1793E-08  0.1000E-09  0.8450E-02  0.0000E+00 -0.1000E+01
11085.1836 14 15    4.7522    0.0000    4.7522    0.0000   -4.6957    0.6606    0.0001   -1.0000  -10.0000    3.9101  0.2000E+09  0.2191E+04  0.0000E+00 -0.3797E-08  0.1000E-09  0.1793E-08  0.1000E-09  0.8450E-02  0.0000E+00 -0.1000E+01
11095.1836 14 15    4.7522    0.0000    4.7522    0.0000   -4.6957    0.6606    0.0001   -1.0000  -10.0000    3.9101  0.2000E+09  0.2191E+04  0.0000E+00 -0.3797E-08  0.1000E-09  0.1793E-08  0.1000E-09  0.8450E-02  0.0000E+00 -0.1000E+01
11105.1836 14 15    4.7522    0.0000    4.7522    0.0000   -4.6957    0.6606    0.0001   -1.0000  -10.0000    3.9101  0.2000E+09  0.2191E+04  0.0000E+00 -0.3797E-08  0.1000E-09  0.1793E-08  0.1000E-09  0.8450E-02  0.0000E+00 -0.1000E+01
11115.1836 14 15    4.7522    0.0000    4.7522    0.0000   -4.6957    0.6606    0.0001   -1.0000  -10.0000    3.9101  0.2000E+09  0.2191E+04  0.0000E+00 -0.3797E-08  0.1000E-09  0.1793E-08  0.1000E-09  0.8450E-02  0.0000E+00 -0.1000E+01
11125.1836 14 15    4.7522    0.0000    4.7522    0.0000   -4.6957    0.6606    0.0001   -1.0000  -10.0000    3.9101  0.2000E+09  0.2191E+04  0.0000E+00 -0.3797E-08  0.1000E-09  0.1793E-08  0.1000E-09  0.8450E-02  0.0000E+00 -0.1000E+01
11135.1836 14 15    4.7522    0.0000    4.7522    0.0000   -4.6957    0.6606    0.0001   -1.0000  -10.0000    3.9101  0.2000E+09  0.2191E+04  0.0000E+00 -0.3797E-08  0.1000E-09  0.1793E-08  0.1000E-09  0.8450E-02  0.0000E+00 -0.1000E+01
11145.1836 14 15    4.7522    0.0000    4.7522    0.0000   -4.6957    0.6606    0.0001   -1.0000  -10.0000    3.9101  0.2000E+09  0.2191E+04  0.0000E+00 -0.3797E-08  0.1000E-09  0.1793E-08  0.1000E-09  0.8450E-02  0.0000E+00 -0.1000E+01
11155.1836 14 15    4.7522    0.0000    4.7522    0.0000   -4.6957    0.6606    0.0001   -1.0000  -10.0000    3.9101  0.2000E+09  0.2191E+04  0.0000E+00 -0.3797E-08  0.1000E-09  0.1793E-08  0.1000E-09  0.8450E-02  0.0000E+00 -0.1000E+01
11165.1836 14 15    4.7522    0.0000    4.7522    0.0000   -4.6957    0.6606    0.0001   -1.0000  -10.0000    3.9101  0.2000E+09  0.2191E+04  0.0000E+00 -0.3797E-08  0.1000E-09  0.1793E-08  0.1000E-09  0.8450E-02  0.0000E+00 -0.1000E+01
11175.1836 14 15    4.7522    0.0000    4.7522    0.0000   -4.6957    0.6606    0.0001   -1.0000  -10.0000    3.9101  0.2000E+09  0.2191E+04  0.0000E+00 -0.3797E-08  0.1000E-09  0.1793E-08  0.1000E-09  0.8450E-02  0.0000E+00 -0.1000E+01
11185.1836 14 15    4.7522    0.0000    4.7522    0.0000   -4.6957    0.6606    0.0001   -1.0000  -10.0000    3.9101  0.2000E+09  0.2191E+04  0.0000E+00 -0.3797E-08  0.1000E-09  0.1793E-08  0.1000E-09  0.8450E-02  0.0000E+00 -0.1000E+01
11195.1836 14 15    4.7522    0.0000    4.7522    0.0000   -4.6957    0.6606    0.0001   -1.0000  -10.0000    3.9101  0.2000E+09  0.2191E+04  0.0000E+00 -0.3797E-08  0.1000E-09  0.1793E-08  0.1000E-09  0.8450E-02  0.0000E+00 -0.1000E+01
11205.1836 14 15    4.7522    0.0000    4.7522    0.0000   -4.6957    0.6606    0.0001   -1.0000  -10.0000    3.9101  0.2000E+09  0.2191E+04  0.0000E+00 -0.3797E-08  0.1000E-09  0.1793E-08  0.1000E-09  0.8450E-02  0.0000E+00 -0.1000E+01
11215.1836 14 15    4.7522    0.0000    4.7522    0.0000   -4.6957    0.6606    0.0001   -1.0000  -10.0000    3.9101  0.2000E+09  0.2191E+04  0.0000E+00 -0.3797E-08  0.1000E-09  0.1793E-08  0.1000E-09  0.8450E-02  0.0000E+00 -0.1000E+01
11225.1836 14 15    4.7522    0.0000    4.7522    0.0000   -4.6957    0.6606    0.0001   -1.0000  -10.0000    3.9101  0.2000E+09  0.2191E+04  0.0000E+00 -0.3797E-08  0.1000E-09  0.1793E-08  0.1000E-09  0.8450E-02  0.0000E+00 -0.1000E+01
11235.1836 14 15    4.7522    0.0000    4.7522    0.0000   -4.6957    0.6606    0.0001   -1.0000  -10.0000    3.9101  0.2000E+09  0.2191E+04  0.0000E+00 -0.3797E-08  0.1000E-09  0.1793E-08  0.1000E-09  0.8450E-02  0.0000E+00 -0.1000E+01
11245.1836 14 15    4.7522    0.0000    4.7522    0.0000   -4.6957    0.6606    0.0001   -1.0000  -10.0000    3.9101  0.2000E+09  0.2191E+04  0.0000E+00 -0.3797E-08  0.1000E-09  0.1793E-08  0.1000E-09  0.8450E-02  0.0000E+00 -0.1000E+01
11255.1836 14 15    4.7522    0.0000    4.7522    0.0000   -4.6957    0.6606    0.0001   -1.0000  -10.0000    3.9101  0.2000E+09  0.2191E+04  0.0000E+00 -0.3797E-08  0.1000E-09  0.1793E-08  0.1000E-09  0.8450E-02  0.0000E+00 -0.1000E+01
11265.1836 14 15    4.7522    0.0000    4.7522    0.0000   -4.6957    0.6606    0.0001   -1.0000  -10.0000    3.9101  0.2000E+09  0.2191E+04  0.0000E+00 -0.3797E-08  0.1000E-09  0.1793E-08  0.1000E-09  0.8450E-02  0.0000E+00 -0.1000E+01
11275.1836 14 15    4.7522    0.0000    4.7522    0.0000   -4.6957    0.6606    0.0001   -1.0000  -10.0000    3.9101  0.2000E+09  0.2191E+04  0.0000E+00 -0.3797E-08  0.1000E-09  0.1793E-08  0.1000E-09  0.8450E-02  0.0000E+00 -0.1000E+01
11285.1836 14 15    4.7522    0.0000    4.7522    0.0000   -4.6957    0.6606    0.0001   -1.0000  -10.0000    3.9101  0.2000E+09  0.2191E+04  0.0000E+00 -0.3797E-08  0.1000E-09  0.1793E-08  0.1000E-09  0.8450E-02  0.0000E+00 -0.1000E+01
11295.1836 14 15    4.7522    0.0000    4.7522    0.0000   -4.6957    0.6606    0.0001   -1.0000  -10.0000    3.9101  0.2000E+09  0.2191E+04  0.0000E+00 -0.3797E-08  0.1000E-09  0.1793E-08  0.1000E-09  0.8450E-02  0.0000E+00 -0.1000E+01
11305.1836 14 15    4.7522    0.0000    4.7522    0.0000   -4.6957    0.6606    0.0001   -1.0000  -10.0000    3.9101  0.2000E+09  0.2191E+04  0.0000E+00 -0.3797E-08  0.1000E-09  0.1793E-08  0.1000E-09  0.8450E-02  0.0000E+00 -0.1000E+01
11315.1836 14 15    4.7522    0.0000    4.7522    0.0000   -4.6957    0.6606    0.0001   -1.0000  -10.0000    3.9101  0.2000E+09  0.2191E+04  0.0000E+00 -0.3797E-08  0.1000E-09  0.1793E-08  0.1000E-09  0.8450E-02  0.0000E+00 -0.1000E+01
11325.1836 14 15    4.7522    0.0000    4.7522    0.0000   -4.6957    0.6606    0.0001   -1.0000  -10.0000    3.9101  0.2000E+09  0.2191E+04  0.0000E+00 -0.3797E-08  0.1000E-09  0.1793E-08  0.1000E-09  0.8450E-02  0.0000E+00 -0.1000E+01
11335.1836 14 15    4.7522    0.0000    4.7522    0.0000   -4.6957    0.6606    0.0001   -1.0000  -10.0000    3.9101  0.2000E+09  0.2191E+04  0.0000E+00 -0.3797E-08  0.1000E-09  0.1793E-08  0.1000E-09  0.8450E-02  0.0000E+00 -0.1000E+01
11345.1836 14 15    4.7522    0.0000    4.7522    0.0000   -4.6957    0.6606    0.0001   -1.0000  -10.0000    3.9101  0.2000E+09  0.2191E+04  0.0000E+00 -0.3797E-08  0.1000E-09  0.1793E-08  0.1000E-09  0.8450E-02  0.0000E+00 -0.1000E+01
11355.1836 14 15    4.7522    0.0000    4.7522    0.0000   -4.6957    0.6606    0.0001   -1.0000  -10.0000    3.9101  0.2000E+09  0.2191E+04  0.0000E+00 -0.3797E-08  0.1000E-09  0.1793E-08  0.1000E-09  0.8450E-02  0.0000E+00 -0.1000E+01
11365.1836 14 15    4.7522    0.0000    4.7522    0.0000   -4.6957    0.6606    0.0001   -1.0000  -10.0000    3.9101  0.2000E+09  0.2191E+04  0.0000E+00 -0.3797E-08  0.1000E-09  0.1793E-08  0.1000E-09  0.8450E-02  0.0000E+00 -0.1000E+01
11375.1836 14 15    4.7522    0.0000    4.7522    0.0000   -4.6957    0.6606    0.0001   -1.0000  -10.0000    3.9101  0.2000E+09  0.2191E+04  0.0000E+00 -0.3797E-08  0.1000E-09  0.1793E-08  0.1000E-09  0.8450E-02  0.0000E+00 -0.1000E+01
11385.1836 14 15    4.7522    0.0000    4.7522    0.0000   -4.6957    0.6606    0.0001   -1.0000  -10.0000    3.9101  0.2000E+09  0.2191E+04  0.0000E+00 -0.3797E-08  0.1000E-09  0.1793E-08  0.1000E-09  0.8450E-02  0.0000E+00 -0.1000E+01
11395.1836 14 15    4.7522    0.0000    4.7522    0.0000   -4.6957    0.6606    0.0001   -1.0000  -10.0000    3.9101  0.2000E+09  0.2191E+04  0.0000E+00 -0.3797E-08  0.1000E-09  0.1793E-08  0.1000E-09  0.8450E-02  0.0000E+00 -0.1000E+01
11405.1836 14 15    4.7522    0.0000    4.7522    0.0000   -4.6957    0.6606    0.0001   -1.0000  -10.0000    3.9101  0.2000E+09  0.2191E+04  0.0000E+00 -0.3797E-08  0.1000E-09  0.1793E-08  0.1000E-09  0.8450E-02  0.0000E+00 -0.1000E+01
11415.1836 14 15    4.7522    0.0000    4.7522    0.0000   -4.6957    0.6606    0.0001   -1.0000  -10.0000    3.9101  0.2000E+09  0.2191E+04  0.0000E+00 -0.3797E-08  0.1000E-09  0.1793E-08  0.1000E-09  0.8450E-02  0.0000E+00 -0.1000E+01
11425.1836 14 15    4.7522    0.0000    4.7522    0.0000   -4.6957    0.6606    0.0001   -1.0000  -10.0000    3.9101  0.2000E+09  0.2191E+04  0.0000E+00 -0.3797E-08  0.1000E-09  0.1793E-08  0.1000E-09  0.8450E-02  0.0000E+00 -0.1000E+01
11435.1836 14 15    4.7522    0.0000    4.7522    0.0000   -4.6957    0.6606    0.0001   -1.0000  -10.0000    3.9101  0.2000E+09  0.2191E+04  0.0000E+00 -0.3797E-08  0.1000E-09  0.1793E-08  0.1000E-09  0.8450E-02  0.0000E+00 -0.1000E+01
11445.1836 14 15    4.7522    0.0000    4.7522    0.0000   -4.6957    0.6606    0.0001   -1.0000  -10.0000    3.9101  0.2000E+09  0.2191E+04  0.0000E+00 -0.3797E-08  0.1000E-09  0.1793E-08  0.1000E-09  0.8450E-02  0.0000E+00 -0.1000E+01
11455.1836 14 15    4.7522    0.0000    4.7522    0.0000   -4.6957    0.6606    0.0001   -1.0000  -10.0000    3.9101  0.2000E+09  0.2191E+04  0.0000E+00 -0.3797E-08  0.1000E-09  0.1793E-08  0.1000E-09  0.8450E-02  0.0000E+00 -0.1000E+01
11465.1836 14 15    4.7522    0.0000    4.7522    0.0000   -4.6957    0.6606    0.0001   -1.0000  -10.0000    3.9101  0.2000E+09  0.2191E+04  0.0000E+00 -0.3797E-08  0.1000E-09  0.1793E-08  0.1000E-09  0.8450E-02  0.0000E+00 -0.1000E+01
11475.1836 14 15    4.7522    0.0000    4.7522    0.0000   -4.6957    0.6606    0.0001   -1.0000  -10.0000    3.9101  0.2000E+09  0.2191E+04  0.0000E+00 -0.3797E-08  0.1000E-09  0.1793E-08  0.1000E-09  0.8450E-02  0.0000E+00 -0.1000E+01
11485.1836 14 15    4.7522    0.0000    4.7522    0.0000   -4.6957    0.6606    0.0001   -1.0000  -10.0000    3.9101  0.2000E+09  0.2191E+04  0.0000E+00 -0.3797E-08  0.1000E-09  0.1793E-08  0.1000E-09  0.8450E-02  0.0000E+00 -0.1000E+01
11495.1836 14 15    4.7522    0.0000    4.7522    0.0000   -4.6957    0.6606    0.0001   -1.0000  -10.0000    3.9101  0.2000E+09  0.2191E+04  0.0000E+00 -0.3797E-08  0.1000E-09  0.1793E-08  0.1000E-09  0.8450E-02  0.0000E+00 -0.1000E+01
11505.1836 14 15    4.7522    0.0000    4.7522    0.0000   -4.6957    0.6606    0.0001   -1.0000  -10.0000    3.9101  0.2000E+09  0.2191E+04  0.0000E+00 -0.3797E-08  0.1000E-09  0.1793E-08  0.1000E-09  0.8450E-02  0.0000E+00 -0.1000E+01
11515.1836 14 15    4.7522    0.0000    4.7522    0.0000   -4.6957    0.6606    0.0001   -1.0000  -10.0000    3.9101  0.2000E+09  0.2191E+04  0.0000E+00 -0.3797E-08  0.1000E-09  0.1793E-08  0.1000E-09  0.8450E-02  0.0000E+00 -0.1000E+01
11525.1836 14 15    4.7522    0.0000    4.7522    0.0000   -4.6957    0.6606    0.0001   -1.0000  -10.0000    3.9101  0.2000E+09  0.2191E+04  0.0000E+00 -0.3797E-08  0.1000E-09  0.1793E-08  0.1000E-09  0.8450E-02  0.0000E+00 -0.1000E+01
11535.1836 14 15    4.7522    0.0000    4.7522    0.0000   -4.6957    0.6606    0.0001   -1.0000  -10.0000    3.9101  0.2000E+09  0.2191E+04  0.0000E+00 -0.3797E-08  0.1000E-09  0.1793E-08  0.1000E-09  0.8450E-02  0.0000E+00 -0.1000E+01
11545.1836 14 15    4.7522    0.0000    4.7522    0.0000   -4.6957    0.6606    0.0001   -1.0000  -10.0000    3.9101  0.2000E+09  0.2191E+04  0.0000E+00 -0.3797E-08  0.1000E-09  0.1793E-08  0.1000E-09  0.8450E-02  0.0000E+00 -0.1000E+01
11555.1836 14 15    4.7522    0.0000    4.7522    0.0000   -4.6957    0.6606    0.0001   -1.0000  -10.0000    3.9101  0.2000E+09  0.2191E+04  0.0000E+00 -0.3797E-08  0.1000E-09  0.1793E-08  0.1000E-09  0.8450E-02  0.0000E+00 -0.1000E+01
11565.1836 14 15    4.7522    0.0000    4.7522    0.0000   -4.6957    0.6606    0.0001   -1.0000  -10.0000    3.9101  0.2000E+09  0.2191E+04  0.0000E+00 -0.3797E-08  0.1000E-09  0.1793E-08  0.1000E-09  0.8450E-02  0.0000E+00 -0.1000E+01
11575.1836 14 15    4.7522    0.0000    4.7522    0.0000   -4.6957    0.6606    0.0001   -1.0000  -10.0000    3.9101  0.2000E+09  0.2191E+04  0.0000E+00 -0.3797E-08  0.1000E-09  0.1793E-08  0.1000E-09  0.8450E-02  0.0000E+00 -0.1000E+01
11585.1836 14 15    4.7522    0.0000    4.7522    0.0000   -4.6957    0.6606    0.0001   -1.0000  -10.0000    3.9101  0.2000E+09  0.2191E+04  0.0000E+00 -0.3797E-08  0.1000E-09  0.1793E-08  0.1000E-09  0.8450E-02  0.0000E+00 -0.1000E+01
11595.1836 14 15    4.7522    0.0000    4.7522    0.0000   -4.6957    0.6606    0.0001   -1.0000  -10.0000    3.9101  0.2000E+09  0.2191E+04  0.0000E+00 -0.3797E-08  0.1000E-09  0.1793E-08  0.1000E-09  0.8450E-02  0.0000E+00 -0.1000E+01
11605.1836 14 15    4.7522    0.0000    4.7522    0.0000   -4.6957    0.6606    0.0001   -1.0000  -10.0000    3.9101  0.2000E+09  0.2191E+04  0.0000E+00 -0.3797E-08  0.1000E-09  0.1793E-08  0.1000E-09  0.8450E-02  0.0000E+00 -0.1000E+01
11615.1836 14 15    4.7522    0.0000    4.7522    0.0000   -4.6957    0.6606    0.0001   -1.0000  -10.0000    3.9101  0.2000E+09  0.2191E+04  0.0000E+00 -0.3797E-08  0.1000E-09  0.1793E-08  0.1000E-09  0.8450E-02  0.0000E+00 -0.1000E+01
11625.1836 14 15    4.7522    0.0000    4.7522    0.0000   -4.6957    0.6606    0.0001   -1.0000  -10.0000    3.9101  0.2000E+09  0.2191E+04  0.0000E+00 -0.3797E-08  0.1000E-09  0.1793E-08  0.1000E-09  0.8450E-02  0.0000E+00 -0.1000E+01
11635.1836 14 15    4.7522    0.0000    4.7522    0.0000   -4.6957    0.6606    0.0001   -1.0000  -10.0000    3.9101  0.2000E+09  0.2191E+04  0.0000E+00 -0.3797E-08  0.1000E-09  0.1793E-08  0.1000E-09  0.8450E-02  0.0000E+00 -0.1000E+01
11645.1836 14 15    4.7522    0.0000    4.7522    0.0000   -4.6957    0.6606    0.0001   -1.0000  -10.0000    3.9101  0.2000E+09  0.2191E+04  0.0000E+00 -0.3797E-08  0.1000E-09  0.1793E-08  0.1000E-09  0.8450E-02  0.0000E+00 -0.1000E+01
11655.1836 14 15    4.7522    0.0000    4.7522    0.0000   -4.6957    0.6606    0.0001   -1.0000  -10.0000    3.9101  0.2000E+09  0.2191E+04  0.0000E+00 -0.3797E-08  0.1000E-09  0.1793E-08  0.1000E-09  0.8450E-02  0.0000E+00 -0.1000E+01
11665.1836 14 15    4.7522    0.0000    4.7522    0.0000   -4.6957    0.6606    0.0001   -1.0000  -10.0000    3.9101  0.2000E+09  0.2191E+04  0.0000E+00 -0.3797E-08  0.1000E-09  0.1793E-08  0.1000E-09  0.8450E-02  0.0000E+00 -0.1000E+01
11675.1836 14 15    4.7522    0.0000    4.7522    0.0000   -4.6957    0.6606    0.0001   -1.0000  -10.0000    3.9101  0.2000E+09  0.2191E+04  0.0000E+00 -0.3797E-08  0.1000E-09  0.1793E-08  0.1000E-09  0.8450E-02  0.0000E+00 -0.1000E+01
11685.1836 14 15    4.7522    0.0000    4.7522    0.0000   -4.6957    0.6606    0.0001   -1.0000  -10.0000    3.9101  0.2000E+09  0.2191E+04  0.0000E+00 -0.3797E-08  0.1000E-09  0.1793E-08  0.1000E-09  0.8450E-02  0.0000E+00 -0.1000E+01
11695.1836 14 15    4.7522    0.0000    4.7522    0.0000   -4.6957    0.6606    0.0001   -1.0000  -10.0000    3.9101  0.2000E+09  0.2191E+04  0.0000E+00 -0.3797E-08  0.1000E-09  0.1793E-08  0.1000E-09  0.8450E-02  0.0000E+00 -0.1000E+01
11705.1836 14 15    4.7522    0.0000    4.7522    0.0000   -4.6957    0.6606    0.0001   -1.0000  -10.0000    3.9101  0.2000E+09  0.2191E+04  0.0000E+00 -0.3797E-08  0.1000E-09  0.1793E-08  0.1000E-09  0.8450E-02  0.0000E+00 -0.1000E+01
11715.1836 14 15    4.7522    0.0000    4.7522    0.0000   -4.6957    0.6606    0.0001   -1.0000  -10.0000    3.9101  0.2000E+09  0.2191E+04  0.0000E+00 -0.3797E-08  0.1000E-09  0.1793E-08  0.1000E-09  0.8450E-02  0.0000E+00 -0.1000E+01
11725.1836 14 15    4.7522    0.0000    4.7522    0.0000   -4.6957    0.6606    0.0001   -1.0000  -10.0000    3.9101  0.2000E+09  0.2191E+04  0.0000E+00 -0.3797E-08  0.1000E-09  0.1793E-08  0.1000E-09  0.8450E-02  0.0000E+00 -0.1000E+01
11735.1836 14 15    4.7522    0.0000    4.7522    0.0000   -4.6957    0.6606    0.0001   -1.0000  -10.0000    3.9101  0.2000E+09  0.2191E+04  0.0000E+00 -0.3797E-08  0.1000E-09  0.1793E-08  0.1000E-09  0.8450E-02  0.0000E+00 -0.1000E+01
11745.1836 14 15    4.7522    0.0000    4.7522    0.0000   -4.6957    0.6606    0.0001   -1.0000  -10.0000    3.9101  0.2000E+09  0.2191E+04  0.0000E+00 -0.3797E-08  0.1000E-09  0.1793E-08  0.1000E-09  0.8450E-02  0.0000E+00 -0.1000E+01
11755.1836 14 15    4.7522    0.0000    4.7522    0.0000   -4.6957    0.6606    0.0001   -1.0000  -10.0000    3.9101  0.2000E+09  0.2191E+04  0.0000E+00 -0.3797E-08  0.1000E-09  0.1793E-08  0.1000E-09  0.8450E-02  0.0000E+00 -0.1000E+01
11765.1836 14 15    4.7522    0.0000    4.7522    0.0000   -4.6957    0.6606    0.0001   -1.0000  -10.0000    3.9101  0.2000E+09  0.2191E+04  0.0000E+00 -0.3797E-08  0.1000E-09  0.1793E-08  0.1000E-09  0.8450E-02  0.0000E+00 -0.1000E+01
11775.1836 14 15    4.7522    0.0000    4.7522    0.0000   -4.6957    0.6606    0.0001   -1.0000  -10.0000    3.9101  0.2000E+09  0.2191E+04  0.0000E+00 -0.3797E-08  0.1000E-09  0.1793E-08  0.1000E-09  0.8450E-02  0.0000E+00 -0.1000E+01
11785.1836 14 15    4.7522    0.0000    4.7522    0.0000   -4.6957    0.6606    0.0001   -1.0000  -10.0000    3.9101  0.2000E+09  0.2191E+04  0.0000E+00 -0.3797E-08  0.1000E-09  0.1793E-08  0.1000E-09  0.8450E-02  0.0000E+00 -0.1000E+01
11795.1836 14 15    4.7522    0.0000    4.7522    0.0000   -4.6957    0.6606    0.0001   -1.0000  -10.0000    3.9101  0.2000E+09  0.2191E+04  0.0000E+00 -0.3797E-08  0.1000E-09  0.1793E-08  0.1000E-09  0.8450E-02  0.0000E+00 -0.1000E+01
11805.1836 14 15    4.7522    0.0000    4.7522    0.0000   -4.6957    0.6606    0.0001   -1.0000  -10.0000    3.9101  0.2000E+09  0.2191E+04  0.0000E+00 -0.3797E-08  0.1000E-09  0.1793E-08  0.1000E-09  0.8450E-02  0.0000E+00 -0.1000E+01
11815.1836 14 15    4.7522    0.0000    4.7522    0.0000   -4.6957    0.6606    0.0001   -1.0000  -10.0000    3.9101  0.2000E+09  0.2191E+04  0.0000E+00 -0.3797E-08  0.1000E-09  0.1793E-08  0.1000E-09  0.8450E-02  0.0000E+00 -0.1000E+01
11825.1836 14 15    4.7522    0.0000    4.7522    0.0000   -4.6957    0.6606    0.0001   -1.0000  -10.0000    3.9101  0.2000E+09  0.2191E+04  0.0000E+00 -0.3797E-08  0.1000E-09  0.1793E-08  0.1000E-09  0.8450E-02  0.0000E+00 -0.1000E+01
11835.1836 14 15    4.7522    0.0000    4.7522    0.0000   -4.6957    0.6606    0.0001   -1.0000  -10.0000    3.9101  0.2000E+09  0.2191E+04  0.0000E+00 -0.3797E-08  0.1000E-09  0.1793E-08  0.1000E-09  0.8450E-02  0.0000E+00 -0.1000E+01
11845.1836 14 15    4.7522    0.0000    4.7522    0.0000   -4.6957    0.6606    0.0001   -1.0000  -10.0000    3.9101  0.2000E+09  0.2191E+04  0.0000E+00 -0.3797E-08  0.1000E-09  0.1793E-08  0.1000E-09  0.8450E-02  0.0000E+00 -0.1000E+01
11855.1836 14 15    4.7522    0.0000    4.7522    0.0000   -4.6957    0.6606    0.0001   -1.0000  -10.0000    3.9101  0.2000E+09  0.2191E+04  0.0000E+00 -0.3797E-08  0.1000E-09  0.1793E-08  0.1000E-09  0.8450E-02  0.0000E+00 -0.1000E+01
11865.1836 14 15    4.7522    0.0000    4.7522    0.0000   -4.6957    0.6606    0.0001   -1.0000  -10.0000    3.9101  0.2000E+09  0.2191E+04  0.0000E+00 -0.3797E-08  0.1000E-09  0.1793E-08  0.1000E-09  0.8450E-02  0.0000E+00 -0.1000E+01
11875.1836 14 15    4.7522    0.0000    4.7522    0.0000   -4.6957    0.6606    0.0001   -1.0000  -10.0000    3.9101  0.2000E+09  0.2191E+04  0.0000E+00 -0.3797E-08  0.1000E-09  0.1793E-08  0.1000E-09  0.8450E-02  0.0000E+00 -0.1000E+01
11885.1836 14 15    4.7522    0.0000    4.7522    0.0000   -4.6957    0.6606    0.0001   -1.0000  -10.0000    3.9101  0.2000E+09  0.2191E+04  0.0000E+00 -0.3797E-08  0.1000E-09  0.1793E-08  0.1000E-09  0.8450E-02  0.0000E+00 -0.1000E+01
11895.1836 14 15    4.7522    0.0000    4.7522    0.0000   -4.6957    0.6606    0.0001   -1.0000  -10.0000    3.9101  0.2000E+09  0.2191E+04  0.0000E+00 -0.3797E-08  0.1000E-09  0.1793E-08  0.1000E-09  0.8450E-02  0.0000E+00 -0.1000E+01
11905.1836 14 15    4.7522    0.0000    4.7522    0.0000   -4.6957    0.6606    0.0001   -1.0000  -10.0000    3.9101  0.2000E+09  0.2191E+04  0.0000E+00 -0.3797E-08  0.1000E-09  0.1793E-08  0.1000E-09  0.8450E-02  0.0000E+00 -0.1000E+01
11915.1836 14 15    4.7522    0.0000    4.7522    0.0000   -4.6957    0.6606    0.0001   -1.0000  -10.0000    3.9101  0.2000E+09  0.2191E+04  0.0000E+00 -0.3797E-08  0.1000E-09  0.1793E-08  0.1000E-09  0.8450E-02  0.0000E+00 -0.1000E+01
11925.1836 14 15    4.7522    0.0000    4.7522    0.0000   -4.6957    0.6606    0.0001   -1.0000  -10.0000    3.9101  0.2000E+09  0.2191E+04  0.0000E+00 -0.3797E-08  0.1000E-09  0.1793E-08  0.1000E-09  0.8450E-02  0.0000E+00 -0.1000E+01
11935.1836 14 15    4.7522    0.0000    4.7522    0.0000   -4.6957    0.6606    0.0001   -1.0000  -10.0000    3.9101  0.2000E+09  0.2191E+04  0.0000E+00 -0.3797E-08  0.1000E-09  0.1793E-08  0.1000E-09  0.8450E-02  0.0000E+00 -0.1000E+01
11945.1836 14 15    4.7522    0.0000    4.7522    0.0000   -4.6957    0.6606    0.0001   -1.0000  -10.0000    3.9101  0.2000E+09  0.2191E+04  0.0000E+00 -0.3797E-08  0.1000E-09  0.1793E-08  0.1000E-09  0.8450E-02  0.0000E+00 -0.1000E+01
11955.1836 14 15    4.7522    0.0000    4.7522    0.0000   -4.6957    0.6606    0.0001   -1.0000  -10.0000    3.9101  0.2000E+09  0.2191E+04  0.0000E+00 -0.3797E-08  0.1000E-09  0.1793E-08  0.1000E-09  0.8450E-02  0.0000E+00 -0.1000E+01
11965.1836 14 15    4.7522    0.0000    4.7522    0.0000   -4.6957    0.6606    0.0001   -1.0000  -10.0000    3.9101  0.2000E+09  0.2191E+04  0.0000E+00 -0.3797E-08  0.1000E-09  0.1793E-08  0.1000E-09  0.8450E-02  0.0000E+00 -0.1000E+01
11975.1836 14 15    4.7522    0.0000    4.7522    0.0000   -4.6957    0.6606    0.0001   -1.0000  -10.0000    3.9101  0.2000E+09  0.2191E+04  0.0000E+00 -0.3797E-08  0.1000E-09  0.1793E-08  0.1000E-09  0.8450E-02  0.0000E+00 -0.1000E+01
11985.1836 14 15    4.7522    0.0000    4.7522    0.0000   -4.6957    0.6606    0.0001   -1.0000  -10.0000    3.9101  0.2000E+09  0.2191E+04  0.0000E+00 -0.3797E-08  0.1000E-09  0.1793E-08  0.1000E-09  0.8450E-02  0.0000E+00 -0.1000E+01
11995.1836 14 15    4.7522    0.0000    4.7522    0.0000   -4.6957    0.6606    0.0001   -1.0000  -10.0000    3.9101  0.2000E+09  0.2191E+04  0.0000E+00 -0.3797E-08  0.1000E-09  0.1793E-08  0.1000E-09  0.8450E-02  0.0000E+00 -0.1000E+01
12005.1836 14 15    4.7522    0.0000    4.7522    0.0000   -4.6957    0.6606    0.0001   -1.0000  -10.0000    3.9101  0.2000E+09  0.2191E+04  0.0000E+00 -0.3797E-08  0.1000E-09  0.1793E-08  0.1000E-09  0.8450E-02  0.0000E+00 -0.1000E+01
12015.1836 14 15    4.7522    0.0000    4.7522    0.0000   -4.6957    0.6606    0.0001   -1.0000  -10.0000    3.9101  0.2000E+09  0.2191E+04  0.0000E+00 -0.3797E-08  0.1000E-09  0.1793E-08  0.1000E-09  0.8450E-02  0.0000E+00 -0.1000E+01
12025.1836 14 15    4.7522    0.0000    4.7522    0.0000   -4.6957    0.6606    0.0001   -1.0000  -10.0000    3.9101  0.2000E+09  0.2191E+04  0.0000E+00 -0.3797E-08  0.1000E-09  0.1793E-08  0.1000E-09  0.8450E-02  0.0000E+00 -0.1000E+01
12035.1836 14 15    4.7522    0.0000    4.7522    0.0000   -4.6957    0.6606    0.0001   -1.0000  -10.0000    3.9101  0.2000E+09  0.2191E+04  0.0000E+00 -0.3797E-08  0.1000E-09  0.1793E-08  0.1000E-09  0.8450E-02  0.0000E+00 -0.1000E+01
12045.1836 14 15    4.7522    0.0000    4.7522    0.0000   -4.6957    0.6606    0.0001   -1.0000  -10.0000    3.9101  0.2000E+09  0.2191E+04  0.0000E+00 -0.3797E-08  0.1000E-09  0.1793E-08  0.1000E-09  0.8450E-02  0.0000E+00 -0.1000E+01
12055.1836 14 15    4.7522    0.0000    4.7522    0.0000   -4.6957    0.6606    0.0001   -1.0000  -10.0000    3.9101  0.2000E+09  0.2191E+04  0.0000E+00 -0.3797E-08  0.1000E-09  0.1793E-08  0.1000E-09  0.8450E-02  0.0000E+00 -0.1000E+01
12065.1836 14 15    4.7522    0.0000    4.7522    0.0000   -4.6957    0.6606    0.0001   -1.0000  -10.0000    3.9101  0.2000E+09  0.2191E+04  0.0000E+00 -0.3797E-08  0.1000E-09  0.1793E-08  0.1000E-09  0.8450E-02  0.0000E+00 -0.1000E+01
12075.1836 14 15    4.7522    0.0000    4.7522    0.0000   -4.6957    0.6606    0.0001   -1.0000  -10.0000    3.9101  0.2000E+09  0.2191E+04  0.0000E+00 -0.3797E-08  0.1000E-09  0.1793E-08  0.1000E-09  0.8450E-02  0.0000E+00 -0.1000E+01
12085.1836 14 15    4.7522    0.0000    4.7522    0.0000   -4.6957    0.6606    0.0001   -1.0000  -10.0000    3.9101  0.2000E+09  0.2191E+04  0.0000E+00 -0.3797E-08  0.1000E-09  0.1793E-08  0.1000E-09  0.8450E-02  0.0000E+00 -0.1000E+01
12095.1836 14 15    4.7522    0.0000    4.7522    0.0000   -4.6957    0.6606    0.0001   -1.0000  -10.0000    3.9101  0.2000E+09  0.2191E+04  0.0000E+00 -0.3797E-08  0.1000E-09  0.1793E-08  0.1000E-09  0.8450E-02  0.0000E+00 -0.1000E+01
12105.1836 14 15    4.7522    0.0000    4.7522    0.0000   -4.6957    0.6606    0.0001   -1.0000  -10.0000    3.9101  0.2000E+09  0.2191E+04  0.0000E+00 -0.3797E-08  0.1000E-09  0.1793E-08  0.1000E-09  0.8450E-02  0.0000E+00 -0.1000E+01
12115.1836 14 15    4.7522    0.0000    4.7522    0.0000   -4.6957    0.6606    0.0001   -1.0000  -10.0000    3.9101  0.2000E+09  0.2191E+04  0.0000E+00 -0.3797E-08  0.1000E-09  0.1793E-08  0.1000E-09  0.8450E-02  0.0000E+00 -0.1000E+01
12125.1836 14 15    4.7522    0.0000    4.7522    0.0000   -4.6957    0.6606    0.0001   -1.0000  -10.0000    3.9101  0.2000E+09  0.2191E+04  0.0000E+00 -0.3797E-08  0.1000E-09  0.1793E-08  0.1000E-09  0.8450E-02  0.0000E+00 -0.1000E+01
12135.1836 14 15    4.7522    0.0000    4.7522    0.0000   -4.6957    0.6606    0.0001   -1.0000  -10.0000    3.9101  0.2000E+09  0.2191E+04  0.0000E+00 -0.3797E-08  0.1000E-09  0.1793E-08  0.1000E-09  0.8450E-02  0.0000E+00 -0.1000E+01
12145.1836 14 15    4.7522    0.0000    4.7522    0.0000   -4.6957    0.6606    0.0001   -1.0000  -10.0000    3.9101  0.2000E+09  0.2191E+04  0.0000E+00 -0.3797E-08  0.1000E-09  0.1793E-08  0.1000E-09  0.8450E-02  0.0000E+00 -0.1000E+01
12155.1836 14 15    4.7522    0.0000    4.7522    0.0000   -4.6957    0.6606    0.0001   -1.0000  -10.0000    3.9101  0.2000E+09  0.2191E+04  0.0000E+00 -0.3797E-08  0.1000E-09  0.1793E-08  0.1000E-09  0.8450E-02  0.0000E+00 -0.1000E+01
12165.1836 14 15    4.7522    0.0000    4.7522    0.0000   -4.6957    0.6606    0.0001   -1.0000  -10.0000    3.9101  0.2000E+09  0.2191E+04  0.0000E+00 -0.3797E-08  0.1000E-09  0.1793E-08  0.1000E-09  0.8450E-02  0.0000E+00 -0.1000E+01
12175.1836 14 15    4.7522    0.0000    4.7522    0.0000   -4.6957    0.6606    0.0001   -1.0000  -10.0000    3.9101  0.2000E+09  0.2191E+04  0.0000E+00 -0.3797E-08  0.1000E-09  0.1793E-08  0.1000E-09  0.8450E-02  0.0000E+00 -0.1000E+01
12185.1836 14 15    4.7522    0.0000    4.7522    0.0000   -4.6957    0.6606    0.0001   -1.0000  -10.0000    3.9101  0.2000E+09  0.2191E+04  0.0000E+00 -0.3797E-08  0.1000E-09  0.1793E-08  0.1000E-09  0.8450E-02  0.0000E+00 -0.1000E+01
12195.1836 14 15    4.7522    0.0000    4.7522    0.0000   -4.6957    0.6606    0.0001   -1.0000  -10.0000    3.9101  0.2000E+09  0.2191E+04  0.0000E+00 -0.3797E-08  0.1000E-09  0.1793E-08  0.1000E-09  0.8450E-02  0.0000E+00 -0.1000E+01
12205.1836 14 15    4.7522    0.0000    4.7522    0.0000   -4.6957    0.6606    0.0001   -1.0000  -10.0000    3.9101  0.2000E+09  0.2191E+04  0.0000E+00 -0.3797E-08  0.1000E-09  0.1793E-08  0.1000E-09  0.8450E-02  0.0000E+00 -0.1000E+01
12215.1836 14 15    4.7522    0.0000    4.7522    0.0000   -4.6957    0.6606    0.0001   -1.0000  -10.0000    3.9101  0.2000E+09  0.2191E+04  0.0000E+00 -0.3797E-08  0.1000E-09  0.1793E-08  0.1000E-09  0.8450E-02  0.0000E+00 -0.1000E+01
12225.1836 14 15    4.7522    0.0000    4.7522    0.0000   -4.6957    0.6606    0.0001   -1.0000  -10.0000    3.9101  0.2000E+09  0.2191E+04  0.0000E+00 -0.3797E-08  0.1000E-09  0.1793E-08  0.1000E-09  0.8450E-02  0.0000E+00 -0.1000E+01
12235.1836 14 15    4.7522    0.0000    4.7522    0.0000   -4.6957    0.6606    0.0001   -1.0000  -10.0000    3.9101  0.2000E+09  0.2191E+04  0.0000E+00 -0.3797E-08  0.1000E-09  0.1793E-08  0.1000E-09  0.8450E-02  0.0000E+00 -0.1000E+01
12245.1836 14 15    4.7522    0.0000    4.7522    0.0000   -4.6957    0.6606    0.0001   -1.0000  -10.0000    3.9101  0.2000E+09  0.2191E+04  0.0000E+00 -0.3797E-08  0.1000E-09  0.1793E-08  0.1000E-09  0.8450E-02  0.0000E+00 -0.1000E+01
12255.1836 14 15    4.7522    0.0000    4.7522    0.0000   -4.6957    0.6606    0.0001   -1.0000  -10.0000    3.9101  0.2000E+09  0.2191E+04  0.0000E+00 -0.3797E-08  0.1000E-09  0.1793E-08  0.1000E-09  0.8450E-02  0.0000E+00 -0.1000E+01
12265.1836 14 15    4.7522    0.0000    4.7522    0.0000   -4.6957    0.6606    0.0001   -1.0000  -10.0000    3.9101  0.2000E+09  0.2191E+04  0.0000E+00 -0.3797E-08  0.1000E-09  0.1793E-08  0.1000E-09  0.8450E-02  0.0000E+00 -0.1000E+01
12275.1836 14 15    4.7522    0.0000    4.7522    0.0000   -4.6957    0.6606    0.0001   -1.0000  -10.0000    3.9101  0.2000E+09  0.2191E+04  0.0000E+00 -0.3797E-08  0.1000E-09  0.1793E-08  0.1000E-09  0.8450E-02  0.0000E+00 -0.1000E+01
12285.1836 14 15    4.7522    0.0000    4.7522    0.0000   -4.6957    0.6606    0.0001   -1.0000  -10.0000    3.9101  0.2000E+09  0.2191E+04  0.0000E+00 -0.3797E-08  0.1000E-09  0.1793E-08  0.1000E-09  0.8450E-02  0.0000E+00 -0.1000E+01
12295.1836 14 15    4.7522    0.0000    4.7522    0.0000   -4.6957    0.6606    0.0001   -1.0000  -10.0000    3.9101  0.2000E+09  0.2191E+04  0.0000E+00 -0.3797E-08  0.1000E-09  0.1793E-08  0.1000E-09  0.8450E-02  0.0000E+00 -0.1000E+01
12305.1836 14 15    4.7522    0.0000    4.7522    0.0000   -4.6957    0.6606    0.0001   -1.0000  -10.0000    3.9101  0.2000E+09  0.2191E+04  0.0000E+00 -0.3797E-08  0.1000E-09  0.1793E-08  0.1000E-09  0.8450E-02  0.0000E+00 -0.1000E+01
12315.1836 14 15    4.7522    0.0000    4.7522    0.0000   -4.6957    0.6606    0.0001   -1.0000  -10.0000    3.9101  0.2000E+09  0.2191E+04  0.0000E+00 -0.3797E-08  0.1000E-09  0.1793E-08  0.1000E-09  0.8450E-02  0.0000E+00 -0.1000E+01
12325.1836 14 15    4.7522    0.0000    4.7522    0.0000   -4.6957    0.6606    0.0001   -1.0000  -10.0000    3.9101  0.2000E+09  0.2191E+04  0.0000E+00 -0.3797E-08  0.1000E-09  0.1793E-08  0.1000E-09  0.8450E-02  0.0000E+00 -0.1000E+01
12335.1836 14 15    4.7522    0.0000    4.7522    0.0000   -4.6957    0.6606    0.0001   -1.0000  -10.0000    3.9101  0.2000E+09  0.2191E+04  0.0000E+00 -0.3797E-08  0.1000E-09  0.1793E-08  0.1000E-09  0.8450E-02  0.0000E+00 -0.1000E+01
12345.1836 14 15    4.7522    0.0000    4.7522    0.0000   -4.6957    0.6606    0.0001   -1.0000  -10.0000    3.9101  0.2000E+09  0.2191E+04  0.0000E+00 -0.3797E-08  0.1000E-09  0.1793E-08  0.1000E-09  0.8450E-02  0.0000E+00 -0.1000E+01
12355.1836 14 15    4.7522    0.0000    4.7522    0.0000   -4.6957    0.6606    0.0001   -1.0000  -10.0000    3.9101  0.2000E+09  0.2191E+04  0.0000E+00 -0.3797E-08  0.1000E-09  0.1793E-08  0.1000E-09  0.8450E-02  0.0000E+00 -0.1000E+01
12365.1836 14 15    4.7522    0.0000    4.7522    0.0000   -4.6957    0.6606    0.0001   -1.0000  -10.0000    3.9101  0.2000E+09  0.2191E+04  0.0000E+00 -0.3797E-08  0.1000E-09  0.1793E-08  0.1000E-09  0.8450E-02  0.0000E+00 -0.1000E+01
12375.1836 14 15    4.7522    0.0000    4.7522    0.0000   -4.6957    0.6606    0.0001   -1.0000  -10.0000    3.9101  0.2000E+09  0.2191E+04  0.0000E+00 -0.3797E-08  0.1000E-09  0.1793E-08  0.1000E-09  0.8450E-02  0.0000E+00 -0.1000E+01
12385.1836 14 15    4.7522    0.0000    4.7522    0.0000   -4.6957    0.6606    0.0001   -1.0000  -10.0000    3.9101  0.2000E+09  0.2191E+04  0.0000E+00 -0.3797E-08  0.1000E-09  0.1793E-08  0.1000E-09  0.8450E-02  0.0000E+00 -0.1000E+01
12395.1836 14 15    4.7522    0.0000    4.7522    0.0000   -4.6957    0.6606    0.0001   -1.0000  -10.0000    3.9101  0.2000E+09  0.2191E+04  0.0000E+00 -0.3797E-08  0.1000E-09  0.1793E-08  0.1000E-09  0.8450E-02  0.0000E+00 -0.1000E+01
12405.1836 14 15    4.7522    0.0000    4.7522    0.0000   -4.6957    0.6606    0.0001   -1.0000  -10.0000    3.9101  0.2000E+09  0.2191E+04  0.0000E+00 -0.3797E-08  0.1000E-09  0.1793E-08  0.1000E-09  0.8450E-02  0.0000E+00 -0.1000E+01
12415.1836 14 15    4.7522    0.0000    4.7522    0.0000   -4.6957    0.6606    0.0001   -1.0000  -10.0000    3.9101  0.2000E+09  0.2191E+04  0.0000E+00 -0.3797E-08  0.1000E-09  0.1793E-08  0.1000E-09  0.8450E-02  0.0000E+00 -0.1000E+01
12425.1836 14 15    4.7522    0.0000    4.7522    0.0000   -4.6957    0.6606    0.0001   -1.0000  -10.0000    3.9101  0.2000E+09  0.2191E+04  0.0000E+00 -0.3797E-08  0.1000E-09  0.1793E-08  0.1000E-09  0.8450E-02  0.0000E+00 -0.1000E+01
12435.1836 14 15    4.7522    0.0000    4.7522    0.0000   -4.6957    0.6606    0.0001   -1.0000  -10.0000    3.9101  0.2000E+09  0.2191E+04  0.0000E+00 -0.3797E-08  0.1000E-09  0.1793E-08  0.1000E-09  0.8450E-02  0.0000E+00 -0.1000E+01
12445.1836 14 15    4.7522    0.0000    4.7522    0.0000   -4.6957    0.6606    0.0001   -1.0000  -10.0000    3.9101  0.2000E+09  0.2191E+04  0.0000E+00 -0.3797E-08  0.1000E-09  0.1793E-08  0.1000E-09  0.8450E-02  0.0000E+00 -0.1000E+01
12455.1836 14 15    4.7522    0.0000    4.7522    0.0000   -4.6957    0.6606    0.0001   -1.0000  -10.0000    3.9101  0.2000E+09  0.2191E+04  0.0000E+00 -0.3797E-08  0.1000E-09  0.1793E-08  0.1000E-09  0.8450E-02  0.0000E+00 -0.1000E+01
12465.1836 14 15    4.7522    0.0000    4.7522    0.0000   -4.6957    0.6606    0.0001   -1.0000  -10.0000    3.9101  0.2000E+09  0.2191E+04  0.0000E+00 -0.3797E-08  0.1000E-09  0.1793E-08  0.1000E-09  0.8450E-02  0.0000E+00 -0.1000E+01
12475.1836 14 15    4.7522    0.0000    4.7522    0.0000   -4.6957    0.6606    0.0001   -1.0000  -10.0000    3.9101  0.2000E+09  0.2191E+04  0.0000E+00 -0.3797E-08  0.1000E-09  0.1793E-08  0.1000E-09  0.8450E-02  0.0000E+00 -0.1000E+01
12485.1836 14 15    4.7522    0.0000    4.7522    0.0000   -4.6957    0.6606    0.0001   -1.0000  -10.0000    3.9101  0.2000E+09  0.2191E+04  0.0000E+00 -0.3797E-08  0.1000E-09  0.1793E-08  0.1000E-09  0.8450E-02  0.0000E+00 -0.1000E+01
12495.1836 14 15    4.7522    0.0000    4.7522    0.0000   -4.6957    0.6606    0.0001   -1.0000  -10.0000    3.9101  0.2000E+09  0.2191E+04  0.0000E+00 -0.3797E-08  0.1000E-09  0.1793E-08  0.1000E-09  0.8450E-02  0.0000E+00 -0.1000E+01
12505.1836 14 15    4.7522    0.0000    4.7522    0.0000   -4.6957    0.6606    0.0001   -1.0000  -10.0000    3.9101  0.2000E+09  0.2191E+04  0.0000E+00 -0.3797E-08  0.1000E-09  0.1793E-08  0.1000E-09  0.8450E-02  0.0000E+00 -0.1000E+01
12515.1836 14 15    4.7522    0.0000    4.7522    0.0000   -4.6957    0.6606    0.0001   -1.0000  -10.0000    3.9101  0.2000E+09  0.2191E+04  0.0000E+00 -0.3797E-08  0.1000E-09  0.1793E-08  0.1000E-09  0.8450E-02  0.0000E+00 -0.1000E+01
12525.1836 14 15    4.7522    0.0000    4.7522    0.0000   -4.6957    0.6606    0.0001   -1.0000  -10.0000    3.9101  0.2000E+09  0.2191E+04  0.0000E+00 -0.3797E-08  0.1000E-09  0.1793E-08  0.1000E-09  0.8450E-02  0.0000E+00 -0.1000E+01
12535.1836 14 15    4.7522    0.0000    4.7522    0.0000   -4.6957    0.6606    0.0001   -1.0000  -10.0000    3.9101  0.2000E+09  0.2191E+04  0.0000E+00 -0.3797E-08  0.1000E-09  0.1793E-08  0.1000E-09  0.8450E-02  0.0000E+00 -0.1000E+01
12545.1836 14 15    4.7522    0.0000    4.7522    0.0000   -4.6957    0.6606    0.0001   -1.0000  -10.0000    3.9101  0.2000E+09  0.2191E+04  0.0000E+00 -0.3797E-08  0.1000E-09  0.1793E-08  0.1000E-09  0.8450E-02  0.0000E+00 -0.1000E+01
12555.1836 14 15    4.7522    0.0000    4.7522    0.0000   -4.6957    0.6606    0.0001   -1.0000  -10.0000    3.9101  0.2000E+09  0.2191E+04  0.0000E+00 -0.3797E-08  0.1000E-09  0.1793E-08  0.1000E-09  0.8450E-02  0.0000E+00 -0.1000E+01
12565.1836 14 15    4.7522    0.0000    4.7522    0.0000   -4.6957    0.6606    0.0001   -1.0000  -10.0000    3.9101  0.2000E+09  0.2191E+04  0.0000E+00 -0.3797E-08  0.1000E-09  0.1793E-08  0.1000E-09  0.8450E-02  0.0000E+00 -0.1000E+01
12575.1836 14 15    4.7522    0.0000    4.7522    0.0000   -4.6957    0.6606    0.0001   -1.0000  -10.0000    3.9101  0.2000E+09  0.2191E+04  0.0000E+00 -0.3797E-08  0.1000E-09  0.1793E-08  0.1000E-09  0.8450E-02  0.0000E+00 -0.1000E+01
12585.1836 14 15    4.7522    0.0000    4.7522    0.0000   -4.6957    0.6606    0.0001   -1.0000  -10.0000    3.9101  0.2000E+09  0.2191E+04  0.0000E+00 -0.3797E-08  0.1000E-09  0.1793E-08  0.1000E-09  0.8450E-02  0.0000E+00 -0.1000E+01
12595.1836 14 15    4.7522    0.0000    4.7522    0.0000   -4.6957    0.6606    0.0001   -1.0000  -10.0000    3.9101  0.2000E+09  0.2191E+04  0.0000E+00 -0.3797E-08  0.1000E-09  0.1793E-08  0.1000E-09  0.8450E-02  0.0000E+00 -0.1000E+01
12605.1836 14 15    4.7522    0.0000    4.7522    0.0000   -4.6957    0.6606    0.0001   -1.0000  -10.0000    3.9101  0.2000E+09  0.2191E+04  0.0000E+00 -0.3797E-08  0.1000E-09  0.1793E-08  0.1000E-09  0.8450E-02  0.0000E+00 -0.1000E+01
12615.1836 14 15    4.7522    0.0000    4.7522    0.0000   -4.6957    0.6606    0.0001   -1.0000  -10.0000    3.9101  0.2000E+09  0.2191E+04  0.0000E+00 -0.3797E-08  0.1000E-09  0.1793E-08  0.1000E-09  0.8450E-02  0.0000E+00 -0.1000E+01
12625.1836 14 15    4.7522    0.0000    4.7522    0.0000   -4.6957    0.6606    0.0001   -1.0000  -10.0000    3.9101  0.2000E+09  0.2191E+04  0.0000E+00 -0.3797E-08  0.1000E-09  0.1793E-08  0.1000E-09  0.8450E-02  0.0000E+00 -0.1000E+01
12635.1836 14 15    4.7522    0.0000    4.7522    0.0000   -4.6957    0.6606    0.0001   -1.0000  -10.0000    3.9101  0.2000E+09  0.2191E+04  0.0000E+00 -0.3797E-08  0.1000E-09  0.1793E-08  0.1000E-09  0.8450E-02  0.0000E+00 -0.1000E+01
12645.1836 14 15    4.7522    0.0000    4.7522    0.0000   -4.6957    0.6606    0.0001   -1.0000  -10.0000    3.9101  0.2000E+09  0.2191E+04  0.0000E+00 -0.3797E-08  0.1000E-09  0.1793E-08  0.1000E-09  0.8450E-02  0.0000E+00 -0.1000E+01
12655.1836 14 15    4.7522    0.0000    4.7522    0.0000   -4.6957    0.6606    0.0001   -1.0000  -10.0000    3.9101  0.2000E+09  0.2191E+04  0.0000E+00 -0.3797E-08  0.1000E-09  0.1793E-08  0.1000E-09  0.8450E-02  0.0000E+00 -0.1000E+01
12665.1836 14 15    4.7522    0.0000    4.7522    0.0000   -4.6957    0.6606    0.0001   -1.0000  -10.0000    3.9101  0.2000E+09  0.2191E+04  0.0000E+00 -0.3797E-08  0.1000E-09  0.1793E-08  0.1000E-09  0.8450E-02  0.0000E+00 -0.1000E+01
12675.1836 14 15    4.7522    0.0000    4.7522    0.0000   -4.6957    0.6606    0.0001   -1.0000  -10.0000    3.9101  0.2000E+09  0.2191E+04  0.0000E+00 -0.3797E-08  0.1000E-09  0.1793E-08  0.1000E-09  0.8450E-02  0.0000E+00 -0.1000E+01
12685.1836 14 15    4.7522    0.0000    4.7522    0.0000   -4.6957    0.6606    0.0001   -1.0000  -10.0000    3.9101  0.2000E+09  0.2191E+04  0.0000E+00 -0.3797E-08  0.1000E-09  0.1793E-08  0.1000E-09  0.8450E-02  0.0000E+00 -0.1000E+01
12695.1836 14 15    4.7522    0.0000    4.7522    0.0000   -4.6957    0.6606    0.0001   -1.0000  -10.0000    3.9101  0.2000E+09  0.2191E+04  0.0000E+00 -0.3797E-08  0.1000E-09  0.1793E-08  0.1000E-09  0.8450E-02  0.0000E+00 -0.1000E+01
12705.1836 14 15    4.7522    0.0000    4.7522    0.0000   -4.6957    0.6606    0.0001   -1.0000  -10.0000    3.9101  0.2000E+09  0.2191E+04  0.0000E+00 -0.3797E-08  0.1000E-09  0.1793E-08  0.1000E-09  0.8450E-02  0.0000E+00 -0.1000E+01
12715.1836 14 15    4.7522    0.0000    4.7522    0.0000   -4.6957    0.6606    0.0001   -1.0000  -10.0000    3.9101  0.2000E+09  0.2191E+04  0.0000E+00 -0.3797E-08  0.1000E-09  0.1793E-08  0.1000E-09  0.8450E-02  0.0000E+00 -0.1000E+01
12725.1836 14 15    4.7522    0.0000    4.7522    0.0000   -4.6957    0.6606    0.0001   -1.0000  -10.0000    3.9101  0.2000E+09  0.2191E+04  0.0000E+00 -0.3797E-08  0.1000E-09  0.1793E-08  0.1000E-09  0.8450E-02  0.0000E+00 -0.1000E+01
12735.1836 14 15    4.7522    0.0000    4.7522    0.0000   -4.6957    0.6606    0.0001   -1.0000  -10.0000    3.9101  0.2000E+09  0.2191E+04  0.0000E+00 -0.3797E-08  0.1000E-09  0.1793E-08  0.1000E-09  0.8450E-02  0.0000E+00 -0.1000E+01
12745.1836 14 15    4.7522    0.0000    4.7522    0.0000   -4.6957    0.6606    0.0001   -1.0000  -10.0000    3.9101  0.2000E+09  0.2191E+04  0.0000E+00 -0.3797E-08  0.1000E-09  0.1793E-08  0.1000E-09  0.8450E-02  0.0000E+00 -0.1000E+01
12755.1836 14 15    4.7522    0.0000    4.7522    0.0000   -4.6957    0.6606    0.0001   -1.0000  -10.0000    3.9101  0.2000E+09  0.2191E+04  0.0000E+00 -0.3797E-08  0.1000E-09  0.1793E-08  0.1000E-09  0.8450E-02  0.0000E+00 -0.1000E+01
12765.1836 14 15    4.7522    0.0000    4.7522    0.0000   -4.6957    0.6606    0.0001   -1.0000  -10.0000    3.9101  0.2000E+09  0.2191E+04  0.0000E+00 -0.3797E-08  0.1000E-09  0.1793E-08  0.1000E-09  0.8450E-02  0.0000E+00 -0.1000E+01
12775.1836 14 15    4.7522    0.0000    4.7522    0.0000   -4.6957    0.6606    0.0001   -1.0000  -10.0000    3.9101  0.2000E+09  0.2191E+04  0.0000E+00 -0.3797E-08  0.1000E-09  0.1793E-08  0.1000E-09  0.8450E-02  0.0000E+00 -0.1000E+01
12785.1836 14 15    4.7522    0.0000    4.7522    0.0000   -4.6957    0.6606    0.0001   -1.0000  -10.0000    3.9101  0.2000E+09  0.2191E+04  0.0000E+00 -0.3797E-08  0.1000E-09  0.1793E-08  0.1000E-09  0.8450E-02  0.0000E+00 -0.1000E+01
12795.1836 14 15    4.7522    0.0000    4.7522    0.0000   -4.6957    0.6606    0.0001   -1.0000  -10.0000    3.9101  0.2000E+09  0.2191E+04  0.0000E+00 -0.3797E-08  0.1000E-09  0.1793E-08  0.1000E-09  0.8450E-02  0.0000E+00 -0.1000E+01
12805.1836 14 15    4.7522    0.0000    4.7522    0.0000   -4.6957    0.6606    0.0001   -1.0000  -10.0000    3.9101  0.2000E+09  0.2191E+04  0.0000E+00 -0.3797E-08  0.1000E-09  0.1793E-08  0.1000E-09  0.8450E-02  0.0000E+00 -0.1000E+01
12815.1836 14 15    4.7522    0.0000    4.7522    0.0000   -4.6957    0.6606    0.0001   -1.0000  -10.0000    3.9101  0.2000E+09  0.2191E+04  0.0000E+00 -0.3797E-08  0.1000E-09  0.1793E-08  0.1000E-09  0.8450E-02  0.0000E+00 -0.1000E+01
12825.1836 14 15    4.7522    0.0000    4.7522    0.0000   -4.6957    0.6606    0.0001   -1.0000  -10.0000    3.9101  0.2000E+09  0.2191E+04  0.0000E+00 -0.3797E-08  0.1000E-09  0.1793E-08  0.1000E-09  0.8450E-02  0.0000E+00 -0.1000E+01
12835.1836 14 15    4.7522    0.0000    4.7522    0.0000   -4.6957    0.6606    0.0001   -1.0000  -10.0000    3.9101  0.2000E+09  0.2191E+04  0.0000E+00 -0.3797E-08  0.1000E-09  0.1793E-08  0.1000E-09  0.8450E-02  0.0000E+00 -0.1000E+01
12845.1836 14 15    4.7522    0.0000    4.7522    0.0000   -4.6957    0.6606    0.0001   -1.0000  -10.0000    3.9101  0.2000E+09  0.2191E+04  0.0000E+00 -0.3797E-08  0.1000E-09  0.1793E-08  0.1000E-09  0.8450E-02  0.0000E+00 -0.1000E+01
12855.1836 14 15    4.7522    0.0000    4.7522    0.0000   -4.6957    0.6606    0.0001   -1.0000  -10.0000    3.9101  0.2000E+09  0.2191E+04  0.0000E+00 -0.3797E-08  0.1000E-09  0.1793E-08  0.1000E-09  0.8450E-02  0.0000E+00 -0.1000E+01
12865.1836 14 15    4.7522    0.0000    4.7522    0.0000   -4.6957    0.6606    0.0001   -1.0000  -10.0000    3.9101  0.2000E+09  0.2191E+04  0.0000E+00 -0.3797E-08  0.1000E-09  0.1793E-08  0.1000E-09  0.8450E-02  0.0000E+00 -0.1000E+01
12875.1836 14 15    4.7522    0.0000    4.7522    0.0000   -4.6957    0.6606    0.0001   -1.0000  -10.0000    3.9101  0.2000E+09  0.2191E+04  0.0000E+00 -0.3797E-08  0.1000E-09  0.1793E-08  0.1000E-09  0.8450E-02  0.0000E+00 -0.1000E+01
12885.1836 14 15    4.7522    0.0000    4.7522    0.0000   -4.6957    0.6606    0.0001   -1.0000  -10.0000    3.9101  0.2000E+09  0.2191E+04  0.0000E+00 -0.3797E-08  0.1000E-09  0.1793E-08  0.1000E-09  0.8450E-02  0.0000E+00 -0.1000E+01
12895.1836 14 15    4.7522    0.0000    4.7522    0.0000   -4.6957    0.6606    0.0001   -1.0000  -10.0000    3.9101  0.2000E+09  0.2191E+04  0.0000E+00 -0.3797E-08  0.1000E-09  0.1793E-08  0.1000E-09  0.8450E-02  0.0000E+00 -0.1000E+01
12905.1836 14 15    4.7522    0.0000    4.7522    0.0000   -4.6957    0.6606    0.0001   -1.0000  -10.0000    3.9101  0.2000E+09  0.2191E+04  0.0000E+00 -0.3797E-08  0.1000E-09  0.1793E-08  0.1000E-09  0.8450E-02  0.0000E+00 -0.1000E+01
12915.1836 14 15    4.7522    0.0000    4.7522    0.0000   -4.6957    0.6606    0.0001   -1.0000  -10.0000    3.9101  0.2000E+09  0.2191E+04  0.0000E+00 -0.3797E-08  0.1000E-09  0.1793E-08  0.1000E-09  0.8450E-02  0.0000E+00 -0.1000E+01
12925.1836 14 15    4.7522    0.0000    4.7522    0.0000   -4.6957    0.6606    0.0001   -1.0000  -10.0000    3.9101  0.2000E+09  0.2191E+04  0.0000E+00 -0.3797E-08  0.1000E-09  0.1793E-08  0.1000E-09  0.8450E-02  0.0000E+00 -0.1000E+01
12935.1836 14 15    4.7522    0.0000    4.7522    0.0000   -4.6957    0.6606    0.0001   -1.0000  -10.0000    3.9101  0.2000E+09  0.2191E+04  0.0000E+00 -0.3797E-08  0.1000E-09  0.1793E-08  0.1000E-09  0.8450E-02  0.0000E+00 -0.1000E+01
12945.1836 14 15    4.7522    0.0000    4.7522    0.0000   -4.6957    0.6606    0.0001   -1.0000  -10.0000    3.9101  0.2000E+09  0.2191E+04  0.0000E+00 -0.3797E-08  0.1000E-09  0.1793E-08  0.1000E-09  0.8450E-02  0.0000E+00 -0.1000E+01
12955.1836 14 15    4.7522    0.0000    4.7522    0.0000   -4.6957    0.6606    0.0001   -1.0000  -10.0000    3.9101  0.2000E+09  0.2191E+04  0.0000E+00 -0.3797E-08  0.1000E-09  0.1793E-08  0.1000E-09  0.8450E-02  0.0000E+00 -0.1000E+01
12965.1836 14 15    4.7522    0.0000    4.7522    0.0000   -4.6957    0.6606    0.0001   -1.0000  -10.0000    3.9101  0.2000E+09  0.2191E+04  0.0000E+00 -0.3797E-08  0.1000E-09  0.1793E-08  0.1000E-09  0.8450E-02  0.0000E+00 -0.1000E+01
12975.1836 14 15    4.7522    0.0000    4.7522    0.0000   -4.6957    0.6606    0.0001   -1.0000  -10.0000    3.9101  0.2000E+09  0.2191E+04  0.0000E+00 -0.3797E-08  0.1000E-09  0.1793E-08  0.1000E-09  0.8450E-02  0.0000E+00 -0.1000E+01
12985.1836 14 15    4.7522    0.0000    4.7522    0.0000   -4.6957    0.6606    0.0001   -1.0000  -10.0000    3.9101  0.2000E+09  0.2191E+04  0.0000E+00 -0.3797E-08  0.1000E-09  0.1793E-08  0.1000E-09  0.8450E-02  0.0000E+00 -0.1000E+01
12995.1836 14 15    4.7522    0.0000    4.7522    0.0000   -4.6957    0.6606    0.0001   -1.0000  -10.0000    3.9101  0.2000E+09  0.2191E+04  0.0000E+00 -0.3797E-08  0.1000E-09  0.1793E-08  0.1000E-09  0.8450E-02  0.0000E+00 -0.1000E+01
13005.1836 14 15    4.7522    0.0000    4.7522    0.0000   -4.6957    0.6606    0.0001   -1.0000  -10.0000    3.9101  0.2000E+09  0.2191E+04  0.0000E+00 -0.3797E-08  0.1000E-09  0.1793E-08  0.1000E-09  0.8450E-02  0.0000E+00 -0.1000E+01
13015.1836 14 15    4.7522    0.0000    4.7522    0.0000   -4.6957    0.6606    0.0001   -1.0000  -10.0000    3.9101  0.2000E+09  0.2191E+04  0.0000E+00 -0.3797E-08  0.1000E-09  0.1793E-08  0.1000E-09  0.8450E-02  0.0000E+00 -0.1000E+01
13025.1836 14 15    4.7522    0.0000    4.7522    0.0000   -4.6957    0.6606    0.0001   -1.0000  -10.0000    3.9101  0.2000E+09  0.2191E+04  0.0000E+00 -0.3797E-08  0.1000E-09  0.1793E-08  0.1000E-09  0.8450E-02  0.0000E+00 -0.1000E+01
13035.1836 14 15    4.7522    0.0000    4.7522    0.0000   -4.6957    0.6606    0.0001   -1.0000  -10.0000    3.9101  0.2000E+09  0.2191E+04  0.0000E+00 -0.3797E-08  0.1000E-09  0.1793E-08  0.1000E-09  0.8450E-02  0.0000E+00 -0.1000E+01
13045.1836 14 15    4.7522    0.0000    4.7522    0.0000   -4.6957    0.6606    0.0001   -1.0000  -10.0000    3.9101  0.2000E+09  0.2191E+04  0.0000E+00 -0.3797E-08  0.1000E-09  0.1793E-08  0.1000E-09  0.8450E-02  0.0000E+00 -0.1000E+01
13055.1836 14 15    4.7522    0.0000    4.7522    0.0000   -4.6957    0.6606    0.0001   -1.0000  -10.0000    3.9101  0.2000E+09  0.2191E+04  0.0000E+00 -0.3797E-08  0.1000E-09  0.1793E-08  0.1000E-09  0.8450E-02  0.0000E+00 -0.1000E+01
13065.1836 14 15    4.7522    0.0000    4.7522    0.0000   -4.6957    0.6606    0.0001   -1.0000  -10.0000    3.9101  0.2000E+09  0.2191E+04  0.0000E+00 -0.3797E-08  0.1000E-09  0.1793E-08  0.1000E-09  0.8450E-02  0.0000E+00 -0.1000E+01
13075.1836 14 15    4.7522    0.0000    4.7522    0.0000   -4.6957    0.6606    0.0001   -1.0000  -10.0000    3.9101  0.2000E+09  0.2191E+04  0.0000E+00 -0.3797E-08  0.1000E-09  0.1793E-08  0.1000E-09  0.8450E-02  0.0000E+00 -0.1000E+01
13085.1836 14 15    4.7522    0.0000    4.7522    0.0000   -4.6957    0.6606    0.0001   -1.0000  -10.0000    3.9101  0.2000E+09  0.2191E+04  0.0000E+00 -0.3797E-08  0.1000E-09  0.1793E-08  0.1000E-09  0.8450E-02  0.0000E+00 -0.1000E+01
13095.1836 14 15    4.7522    0.0000    4.7522    0.0000   -4.6957    0.6606    0.0001   -1.0000  -10.0000    3.9101  0.2000E+09  0.2191E+04  0.0000E+00 -0.3797E-08  0.1000E-09  0.1793E-08  0.1000E-09  0.8450E-02  0.0000E+00 -0.1000E+01
13105.1836 14 15    4.7522    0.0000    4.7522    0.0000   -4.6957    0.6606    0.0001   -1.0000  -10.0000    3.9101  0.2000E+09  0.2191E+04  0.0000E+00 -0.3797E-08  0.1000E-09  0.1793E-08  0.1000E-09  0.8450E-02  0.0000E+00 -0.1000E+01
13115.1836 14 15    4.7522    0.0000    4.7522    0.0000   -4.6957    0.6606    0.0001   -1.0000  -10.0000    3.9101  0.2000E+09  0.2191E+04  0.0000E+00 -0.3797E-08  0.1000E-09  0.1793E-08  0.1000E-09  0.8450E-02  0.0000E+00 -0.1000E+01
13125.1836 14 15    4.7522    0.0000    4.7522    0.0000   -4.6957    0.6606    0.0001   -1.0000  -10.0000    3.9101  0.2000E+09  0.2191E+04  0.0000E+00 -0.3797E-08  0.1000E-09  0.1793E-08  0.1000E-09  0.8450E-02  0.0000E+00 -0.1000E+01
13135.1836 14 15    4.7522    0.0000    4.7522    0.0000   -4.6957    0.6606    0.0001   -1.0000  -10.0000    3.9101  0.2000E+09  0.2191E+04  0.0000E+00 -0.3797E-08  0.1000E-09  0.1793E-08  0.1000E-09  0.8450E-02  0.0000E+00 -0.1000E+01
13145.1836 14 15    4.7522    0.0000    4.7522    0.0000   -4.6957    0.6606    0.0001   -1.0000  -10.0000    3.9101  0.2000E+09  0.2191E+04  0.0000E+00 -0.3797E-08  0.1000E-09  0.1793E-08  0.1000E-09  0.8450E-02  0.0000E+00 -0.1000E+01
13155.1836 14 15    4.7522    0.0000    4.7522    0.0000   -4.6957    0.6606    0.0001   -1.0000  -10.0000    3.9101  0.2000E+09  0.2191E+04  0.0000E+00 -0.3797E-08  0.1000E-09  0.1793E-08  0.1000E-09  0.8450E-02  0.0000E+00 -0.1000E+01
13165.1836 14 15    4.7522    0.0000    4.7522    0.0000   -4.6957    0.6606    0.0001   -1.0000  -10.0000    3.9101  0.2000E+09  0.2191E+04  0.0000E+00 -0.3797E-08  0.1000E-09  0.1793E-08  0.1000E-09  0.8450E-02  0.0000E+00 -0.1000E+01
13175.1836 14 15    4.7522    0.0000    4.7522    0.0000   -4.6957    0.6606    0.0001   -1.0000  -10.0000    3.9101  0.2000E+09  0.2191E+04  0.0000E+00 -0.3797E-08  0.1000E-09  0.1793E-08  0.1000E-09  0.8450E-02  0.0000E+00 -0.1000E+01
13185.1836 14 15    4.7522    0.0000    4.7522    0.0000   -4.6957    0.6606    0.0001   -1.0000  -10.0000    3.9101  0.2000E+09  0.2191E+04  0.0000E+00 -0.3797E-08  0.1000E-09  0.1793E-08  0.1000E-09  0.8450E-02  0.0000E+00 -0.1000E+01
13195.1836 14 15    4.7522    0.0000    4.7522    0.0000   -4.6957    0.6606    0.0001   -1.0000  -10.0000    3.9101  0.2000E+09  0.2191E+04  0.0000E+00 -0.3797E-08  0.1000E-09  0.1793E-08  0.1000E-09  0.8450E-02  0.0000E+00 -0.1000E+01
13205.1836 14 15    4.7522    0.0000    4.7522    0.0000   -4.6957    0.6606    0.0001   -1.0000  -10.0000    3.9101  0.2000E+09  0.2191E+04  0.0000E+00 -0.3797E-08  0.1000E-09  0.1793E-08  0.1000E-09  0.8450E-02  0.0000E+00 -0.1000E+01
13215.1836 14 15    4.7522    0.0000    4.7522    0.0000   -4.6957    0.6606    0.0001   -1.0000  -10.0000    3.9101  0.2000E+09  0.2191E+04  0.0000E+00 -0.3797E-08  0.1000E-09  0.1793E-08  0.1000E-09  0.8450E-02  0.0000E+00 -0.1000E+01
13225.1836 14 15    4.7522    0.0000    4.7522    0.0000   -4.6957    0.6606    0.0001   -1.0000  -10.0000    3.9101  0.2000E+09  0.2191E+04  0.0000E+00 -0.3797E-08  0.1000E-09  0.1793E-08  0.1000E-09  0.8450E-02  0.0000E+00 -0.1000E+01
13235.1836 14 15    4.7522    0.0000    4.7522    0.0000   -4.6957    0.6606    0.0001   -1.0000  -10.0000    3.9101  0.2000E+09  0.2191E+04  0.0000E+00 -0.3797E-08  0.1000E-09  0.1793E-08  0.1000E-09  0.8450E-02  0.0000E+00 -0.1000E+01
13245.1836 14 15    4.7522    0.0000    4.7522    0.0000   -4.6957    0.6606    0.0001   -1.0000  -10.0000    3.9101  0.2000E+09  0.2191E+04  0.0000E+00 -0.3797E-08  0.1000E-09  0.1793E-08  0.1000E-09  0.8450E-02  0.0000E+00 -0.1000E+01
13255.1836 14 15    4.7522    0.0000    4.7522    0.0000   -4.6957    0.6606    0.0001   -1.0000  -10.0000    3.9101  0.2000E+09  0.2191E+04  0.0000E+00 -0.3797E-08  0.1000E-09  0.1793E-08  0.1000E-09  0.8450E-02  0.0000E+00 -0.1000E+01
13265.1836 14 15    4.7522    0.0000    4.7522    0.0000   -4.6957    0.6606    0.0001   -1.0000  -10.0000    3.9101  0.2000E+09  0.2191E+04  0.0000E+00 -0.3797E-08  0.1000E-09  0.1793E-08  0.1000E-09  0.8450E-02  0.0000E+00 -0.1000E+01
13275.1836 14 15    4.7522    0.0000    4.7522    0.0000   -4.6957    0.6606    0.0001   -1.0000  -10.0000    3.9101  0.2000E+09  0.2191E+04  0.0000E+00 -0.3797E-08  0.1000E-09  0.1793E-08  0.1000E-09  0.8450E-02  0.0000E+00 -0.1000E+01
13285.1836 14 15    4.7522    0.0000    4.7522    0.0000   -4.6957    0.6606    0.0001   -1.0000  -10.0000    3.9101  0.2000E+09  0.2191E+04  0.0000E+00 -0.3797E-08  0.1000E-09  0.1793E-08  0.1000E-09  0.8450E-02  0.0000E+00 -0.1000E+01
13295.1836 14 15    4.7522    0.0000    4.7522    0.0000   -4.6957    0.6606    0.0001   -1.0000  -10.0000    3.9101  0.2000E+09  0.2191E+04  0.0000E+00 -0.3797E-08  0.1000E-09  0.1793E-08  0.1000E-09  0.8450E-02  0.0000E+00 -0.1000E+01
13305.1836 14 15    4.7522    0.0000    4.7522    0.0000   -4.6957    0.6606    0.0001   -1.0000  -10.0000    3.9101  0.2000E+09  0.2191E+04  0.0000E+00 -0.3797E-08  0.1000E-09  0.1793E-08  0.1000E-09  0.8450E-02  0.0000E+00 -0.1000E+01
13315.1836 14 15    4.7522    0.0000    4.7522    0.0000   -4.6957    0.6606    0.0001   -1.0000  -10.0000    3.9101  0.2000E+09  0.2191E+04  0.0000E+00 -0.3797E-08  0.1000E-09  0.1793E-08  0.1000E-09  0.8450E-02  0.0000E+00 -0.1000E+01
13325.1836 14 15    4.7522    0.0000    4.7522    0.0000   -4.6957    0.6606    0.0001   -1.0000  -10.0000    3.9101  0.2000E+09  0.2191E+04  0.0000E+00 -0.3797E-08  0.1000E-09  0.1793E-08  0.1000E-09  0.8450E-02  0.0000E+00 -0.1000E+01
13335.1836 14 15    4.7522    0.0000    4.7522    0.0000   -4.6957    0.6606    0.0001   -1.0000  -10.0000    3.9101  0.2000E+09  0.2191E+04  0.0000E+00 -0.3797E-08  0.1000E-09  0.1793E-08  0.1000E-09  0.8450E-02  0.0000E+00 -0.1000E+01
13345.1836 14 15    4.7522    0.0000    4.7522    0.0000   -4.6957    0.6606    0.0001   -1.0000  -10.0000    3.9101  0.2000E+09  0.2191E+04  0.0000E+00 -0.3797E-08  0.1000E-09  0.1793E-08  0.1000E-09  0.8450E-02  0.0000E+00 -0.1000E+01
13355.1836 14 15    4.7522    0.0000    4.7522    0.0000   -4.6957    0.6606    0.0001   -1.0000  -10.0000    3.9101  0.2000E+09  0.2191E+04  0.0000E+00 -0.3797E-08  0.1000E-09  0.1793E-08  0.1000E-09  0.8450E-02  0.0000E+00 -0.1000E+01
13365.1836 14 15    4.7522    0.0000    4.7522    0.0000   -4.6957    0.6606    0.0001   -1.0000  -10.0000    3.9101  0.2000E+09  0.2191E+04  0.0000E+00 -0.3797E-08  0.1000E-09  0.1793E-08  0.1000E-09  0.8450E-02  0.0000E+00 -0.1000E+01
13375.1836 14 15    4.7522    0.0000    4.7522    0.0000   -4.6957    0.6606    0.0001   -1.0000  -10.0000    3.9101  0.2000E+09  0.2191E+04  0.0000E+00 -0.3797E-08  0.1000E-09  0.1793E-08  0.1000E-09  0.8450E-02  0.0000E+00 -0.1000E+01
13385.1836 14 15    4.7522    0.0000    4.7522    0.0000   -4.6957    0.6606    0.0001   -1.0000  -10.0000    3.9101  0.2000E+09  0.2191E+04  0.0000E+00 -0.3797E-08  0.1000E-09  0.1793E-08  0.1000E-09  0.8450E-02  0.0000E+00 -0.1000E+01
13395.1836 14 15    4.7522    0.0000    4.7522    0.0000   -4.6957    0.6606    0.0001   -1.0000  -10.0000    3.9101  0.2000E+09  0.2191E+04  0.0000E+00 -0.3797E-08  0.1000E-09  0.1793E-08  0.1000E-09  0.8450E-02  0.0000E+00 -0.1000E+01
13405.1836 14 15    4.7522    0.0000    4.7522    0.0000   -4.6957    0.6606    0.0001   -1.0000  -10.0000    3.9101  0.2000E+09  0.2191E+04  0.0000E+00 -0.3797E-08  0.1000E-09  0.1793E-08  0.1000E-09  0.8450E-02  0.0000E+00 -0.1000E+01
13415.1836 14 15    4.7522    0.0000    4.7522    0.0000   -4.6957    0.6606    0.0001   -1.0000  -10.0000    3.9101  0.2000E+09  0.2191E+04  0.0000E+00 -0.3797E-08  0.1000E-09  0.1793E-08  0.1000E-09  0.8450E-02  0.0000E+00 -0.1000E+01
13425.1836 14 15    4.7522    0.0000    4.7522    0.0000   -4.6957    0.6606    0.0001   -1.0000  -10.0000    3.9101  0.2000E+09  0.2191E+04  0.0000E+00 -0.3797E-08  0.1000E-09  0.1793E-08  0.1000E-09  0.8450E-02  0.0000E+00 -0.1000E+01
13435.1836 14 15    4.7522    0.0000    4.7522    0.0000   -4.6957    0.6606    0.0001   -1.0000  -10.0000    3.9101  0.2000E+09  0.2191E+04  0.0000E+00 -0.3797E-08  0.1000E-09  0.1793E-08  0.1000E-09  0.8450E-02  0.0000E+00 -0.1000E+01
13445.1836 14 15    4.7522    0.0000    4.7522    0.0000   -4.6957    0.6606    0.0001   -1.0000  -10.0000    3.9101  0.2000E+09  0.2191E+04  0.0000E+00 -0.3797E-08  0.1000E-09  0.1793E-08  0.1000E-09  0.8450E-02  0.0000E+00 -0.1000E+01
13455.1836 14 15    4.7522    0.0000    4.7522    0.0000   -4.6957    0.6606    0.0001   -1.0000  -10.0000    3.9101  0.2000E+09  0.2191E+04  0.0000E+00 -0.3797E-08  0.1000E-09  0.1793E-08  0.1000E-09  0.8450E-02  0.0000E+00 -0.1000E+01
13465.1836 14 15    4.7522    0.0000    4.7522    0.0000   -4.6957    0.6606    0.0001   -1.0000  -10.0000    3.9101  0.2000E+09  0.2191E+04  0.0000E+00 -0.3797E-08  0.1000E-09  0.1793E-08  0.1000E-09  0.8450E-02  0.0000E+00 -0.1000E+01
13475.1836 14 15    4.7522    0.0000    4.7522    0.0000   -4.6957    0.6606    0.0001   -1.0000  -10.0000    3.9101  0.2000E+09  0.2191E+04  0.0000E+00 -0.3797E-08  0.1000E-09  0.1793E-08  0.1000E-09  0.8450E-02  0.0000E+00 -0.1000E+01
13485.1836 14 15    4.7522    0.0000    4.7522    0.0000   -4.6957    0.6606    0.0001   -1.0000  -10.0000    3.9101  0.2000E+09  0.2191E+04  0.0000E+00 -0.3797E-08  0.1000E-09  0.1793E-08  0.1000E-09  0.8450E-02  0.0000E+00 -0.1000E+01
13495.1836 14 15    4.7522    0.0000    4.7522    0.0000   -4.6957    0.6606    0.0001   -1.0000  -10.0000    3.9101  0.2000E+09  0.2191E+04  0.0000E+00 -0.3797E-08  0.1000E-09  0.1793E-08  0.1000E-09  0.8450E-02  0.0000E+00 -0.1000E+01
13505.1836 14 15    4.7522    0.0000    4.7522    0.0000   -4.6957    0.6606    0.0001   -1.0000  -10.0000    3.9101  0.2000E+09  0.2191E+04  0.0000E+00 -0.3797E-08  0.1000E-09  0.1793E-08  0.1000E-09  0.8450E-02  0.0000E+00 -0.1000E+01
13515.1836 14 15    4.7522    0.0000    4.7522    0.0000   -4.6957    0.6606    0.0001   -1.0000  -10.0000    3.9101  0.2000E+09  0.2191E+04  0.0000E+00 -0.3797E-08  0.1000E-09  0.1793E-08  0.1000E-09  0.8450E-02  0.0000E+00 -0.1000E+01
13525.1836 14 15    4.7522    0.0000    4.7522    0.0000   -4.6957    0.6606    0.0001   -1.0000  -10.0000    3.9101  0.2000E+09  0.2191E+04  0.0000E+00 -0.3797E-08  0.1000E-09  0.1793E-08  0.1000E-09  0.8450E-02  0.0000E+00 -0.1000E+01
13535.1836 14 15    4.7522    0.0000    4.7522    0.0000   -4.6957    0.6606    0.0001   -1.0000  -10.0000    3.9101  0.2000E+09  0.2191E+04  0.0000E+00 -0.3797E-08  0.1000E-09  0.1793E-08  0.1000E-09  0.8450E-02  0.0000E+00 -0.1000E+01
13545.1836 14 15    4.7522    0.0000    4.7522    0.0000   -4.6957    0.6606    0.0001   -1.0000  -10.0000    3.9101  0.2000E+09  0.2191E+04  0.0000E+00 -0.3797E-08  0.1000E-09  0.1793E-08  0.1000E-09  0.8450E-02  0.0000E+00 -0.1000E+01
13555.1836 14 15    4.7522    0.0000    4.7522    0.0000   -4.6957    0.6606    0.0001   -1.0000  -10.0000    3.9101  0.2000E+09  0.2191E+04  0.0000E+00 -0.3797E-08  0.1000E-09  0.1793E-08  0.1000E-09  0.8450E-02  0.0000E+00 -0.1000E+01
13565.1836 14 15    4.7522    0.0000    4.7522    0.0000   -4.6957    0.6606    0.0001   -1.0000  -10.0000    3.9101  0.2000E+09  0.2191E+04  0.0000E+00 -0.3797E-08  0.1000E-09  0.1793E-08  0.1000E-09  0.8450E-02  0.0000E+00 -0.1000E+01
13575.1836 14 15    4.7522    0.0000    4.7522    0.0000   -4.6957    0.6606    0.0001   -1.0000  -10.0000    3.9101  0.2000E+09  0.2191E+04  0.0000E+00 -0.3797E-08  0.1000E-09  0.1793E-08  0.1000E-09  0.8450E-02  0.0000E+00 -0.1000E+01
13585.1836 14 15    4.7522    0.0000    4.7522    0.0000   -4.6957    0.6606    0.0001   -1.0000  -10.0000    3.9101  0.2000E+09  0.2191E+04  0.0000E+00 -0.3797E-08  0.1000E-09  0.1793E-08  0.1000E-09  0.8450E-02  0.0000E+00 -0.1000E+01
13595.1836 14 15    4.7522    0.0000    4.7522    0.0000   -4.6957    0.6606    0.0001   -1.0000  -10.0000    3.9101  0.2000E+09  0.2191E+04  0.0000E+00 -0.3797E-08  0.1000E-09  0.1793E-08  0.1000E-09  0.8450E-02  0.0000E+00 -0.1000E+01
13605.1836 14 15    4.7522    0.0000    4.7522    0.0000   -4.6957    0.6606    0.0001   -1.0000  -10.0000    3.9101  0.2000E+09  0.2191E+04  0.0000E+00 -0.3797E-08  0.1000E-09  0.1793E-08  0.1000E-09  0.8450E-02  0.0000E+00 -0.1000E+01
13615.1836 14 15    4.7522    0.0000    4.7522    0.0000   -4.6957    0.6606    0.0001   -1.0000  -10.0000    3.9101  0.2000E+09  0.2191E+04  0.0000E+00 -0.3797E-08  0.1000E-09  0.1793E-08  0.1000E-09  0.8450E-02  0.0000E+00 -0.1000E+01
13625.1836 14 15    4.7522    0.0000    4.7522    0.0000   -4.6957    0.6606    0.0001   -1.0000  -10.0000    3.9101  0.2000E+09  0.2191E+04  0.0000E+00 -0.3797E-08  0.1000E-09  0.1793E-08  0.1000E-09  0.8450E-02  0.0000E+00 -0.1000E+01
13635.1836 14 15    4.7522    0.0000    4.7522    0.0000   -4.6957    0.6606    0.0001   -1.0000  -10.0000    3.9101  0.2000E+09  0.2191E+04  0.0000E+00 -0.3797E-08  0.1000E-09  0.1793E-08  0.1000E-09  0.8450E-02  0.0000E+00 -0.1000E+01
13645.1836 14 15    4.7522    0.0000    4.7522    0.0000   -4.6957    0.6606    0.0001   -1.0000  -10.0000    3.9101  0.2000E+09  0.2191E+04  0.0000E+00 -0.3797E-08  0.1000E-09  0.1793E-08  0.1000E-09  0.8450E-02  0.0000E+00 -0.1000E+01
13655.1836 14 15    4.7522    0.0000    4.7522    0.0000   -4.6957    0.6606    0.0001   -1.0000  -10.0000    3.9101  0.2000E+09  0.2191E+04  0.0000E+00 -0.3797E-08  0.1000E-09  0.1793E-08  0.1000E-09  0.8450E-02  0.0000E+00 -0.1000E+01
13665.1836 14 15    4.7522    0.0000    4.7522    0.0000   -4.6957    0.6606    0.0001   -1.0000  -10.0000    3.9101  0.2000E+09  0.2191E+04  0.0000E+00 -0.3797E-08  0.1000E-09  0.1793E-08  0.1000E-09  0.8450E-02  0.0000E+00 -0.1000E+01
13675.1836 14 15    4.7522    0.0000    4.7522    0.0000   -4.6957    0.6606    0.0001   -1.0000  -10.0000    3.9101  0.2000E+09  0.2191E+04  0.0000E+00 -0.3797E-08  0.1000E-09  0.1793E-08  0.1000E-09  0.8450E-02  0.0000E+00 -0.1000E+01
13685.1836 14 15    4.7522    0.0000    4.7522    0.0000   -4.6957    0.6606    0.0001   -1.0000  -10.0000    3.9101  0.2000E+09  0.2191E+04  0.0000E+00 -0.3797E-08  0.1000E-09  0.1793E-08  0.1000E-09  0.8450E-02  0.0000E+00 -0.1000E+01
13695.1836 14 15    4.7522    0.0000    4.7522    0.0000   -4.6957    0.6606    0.0001   -1.0000  -10.0000    3.9101  0.2000E+09  0.2191E+04  0.0000E+00 -0.3797E-08  0.1000E-09  0.1793E-08  0.1000E-09  0.8450E-02  0.0000E+00 -0.1000E+01
13700.0000 14 15    4.7522    0.0000    4.7522    0.0000   -4.6957    0.6606    0.0001   -1.0000  -10.0000    3.9101  0.2000E+09  0.2191E+04  0.0000E+00 -0.3797E-08  0.1000E-09  0.1793E-08  0.1000E-09  0.8450E-02  0.0000E+00 -0.1000E+01
13700.0000 14 15    4.7522    0.0000    4.7522    0.0000   -4.6957    0.6606    0.0001   -1.0000  -10.0000    3.9101  0.2000E+09  0.2191E+04 -0.0000E+00 -0.5414E+02  0.1000E-09  0.1793E-08  0.1000E-09  0.8450E-02  0.0000E+00 -0.1000E+01
   -1.0000 14 15    4.7522    0.0000    4.7522    0.0000   -4.6957    0.6606    0.0001   -1.0000  -10.0000    3.9101  0.2000E+09  0.2191E+04 -0.0000E+00 -0.5414E+02  0.1000E-09  0.1793E-08  0.1000E-09  0.8450E-02  0.0000E+00 -0.1000E+01
