    0.0000  1  1   32.3594   19.4156   14.4933    7.9847    0.8707    0.7247    0.0024    0.0022    5.2093    4.5352  0.1196E+04  0.1807E+04  0.0000E+00  0.0000E+00  0.1000E-09  0.1000E-09  0.1000E-09  0.1000E-09  0.7278E+04  0.0000E+00
    0.0049  1  1   32.3594   19.4156   14.4933    7.9847    0.8707    0.7247    0.0024    0.0022    5.2093    4.5352  0.1196E+04  0.1807E+04  0.0000E+00  0.0000E+00  0.1000E-09  0.1000E-09  0.1000E-09  0.1000E-09  0.7278E+04  0.0000E+00
    0.0098  1  1   32.3594   19.4156   14.4933    7.9847    0.8707    0.7247    0.0024    0.0022    5.2093    4.5352  0.1196E+04  0.1807E+04  0.0000E+00  0.0000E+00  0.1000E-09  0.1000E-09  0.1000E-09  0.1000E-09  0.7278E+04  0.0000E+00
    0.0148  1  1   32.3594   19.4156   14.4933    7.9847    0.8707    0.7247    0.0024    0.0022    5.2093    4.5352  0.1196E+04  0.1807E+04  0.0000E+00  0.0000E+00  0.1000E-09  0.1000E-09  0.1000E-09  0.1000E-09  0.7278E+04  0.0000E+00
    0.0197  1  1   32.3594   19.4156   14.4933    7.9847    0.8707    0.7247    0.0024    0.0022    5.2093    4.5352  0.1196E+04  0.1807E+04  0.0000E+00  0.0000E+00  0.1000E-09  0.1000E-09  0.1000E-09  0.1000E-09  0.7278E+04  0.0000E+00
    0.0246  1  1   32.3594   19.4156   14.4933    7.9847    0.8707    0.7247    0.0024    0.0022    5.2093    4.5352  0.1196E+04  0.1807E+04  0.0000E+00  0.0000E+00  0.1000E-09  0.1000E-09  0.1000E-09  0.1000E-09  0.7278E+04  0.0000E+00
    0.0295  1  1   32.3594   19.4156   14.4933    7.9847    0.8707    0.7247    0.0024    0.0022    5.2093    4.5352  0.1196E+04  0.1807E+04  0.0000E+00  0.0000E+00  0.1000E-09  0.1000E-09  0.1000E-09  0.1000E-09  0.7278E+04  0.0000E+00
    0.0344  1  1   32.3594   19.4156   14.4933    7.9847    0.8707    0.7247    0.0024    0.0022    5.2093    4.5352  0.1196E+04  0.1807E+04  0.3171E-23 -0.1811E-18  0.1000E-09  0.1000E-09  0.1000E-09  0.1000E-09  0.7278E+04  0.0000E+00
    0.0393  1  1   32.3594   19.4156   14.4933    7.9847    0.8707    0.7247    0.0024    0.0022    5.2093    4.5352  0.1196E+04  0.1807E+04  0.0000E+00  0.0000E+00  0.1000E-09  0.1000E-09  0.1000E-09  0.1000E-09  0.7278E+04  0.0000E+00
    0.0443  1  1   32.3594   19.4156   14.4933    7.9847    0.8707    0.7247    0.0024    0.0022    5.2093    4.5352  0.1196E+04  0.1807E+04  0.0000E+00  0.0000E+00  0.1000E-09  0.1000E-09  0.1000E-09  0.1000E-09  0.7278E+04  0.0000E+00
    0.0492  1  1   32.3594   19.4156   14.4933    7.9847    0.8707    0.7247    0.0024    0.0022    5.2093    4.5352  0.1196E+04  0.1807E+04  0.0000E+00  0.0000E+00  0.1000E-09  0.1000E-09  0.1000E-09  0.1000E-09  0.7278E+04  0.0000E+00
    0.0541  1  1   32.3594   19.4156   14.4933    7.9847    0.8707    0.7247    0.0024    0.0022    5.2093    4.5352  0.1196E+04  0.1807E+04  0.0000E+00  0.0000E+00  0.1000E-09  0.1000E-09  0.1000E-09  0.1000E-09  0.7278E+04  0.0000E+00
    0.0590  1  1   32.3594   19.4156   14.4933    7.9847    0.8707    0.7247    0.0024    0.0022    5.2093    4.5352  0.1196E+04  0.1807E+04  0.0000E+00  0.0000E+00  0.1000E-09  0.1000E-09  0.1000E-09  0.1000E-09  0.7278E+04  0.0000E+00
    0.0639  1  1   32.3594   19.4156   14.4933    7.9847    0.8707    0.7247    0.0024    0.0022    5.2093    4.5352  0.1196E+04  0.1807E+04  0.0000E+00  0.0000E+00  0.1000E-09  0.1000E-09  0.1000E-09  0.1000E-09  0.7278E+04  0.0000E+00
    0.0688  1  1   32.3594   19.4156   14.4933    7.9847    0.8707    0.7247    0.0024    0.0022    5.2093    4.5352  0.1196E+04  0.1807E+04  0.0000E+00  0.0000E+00  0.1000E-09  0.1000E-09  0.1000E-09  0.1000E-09  0.7278E+04  0.0000E+00
    0.0738  1  1   32.3594   19.4156   14.4933    7.9847    0.8707    0.7247    0.0024    0.0022    5.2093    4.5352  0.1196E+04  0.1807E+04  0.0000E+00  0.0000E+00  0.1000E-09  0.1000E-09  0.1000E-09  0.1000E-09  0.7278E+04  0.0000E+00
    0.0787  1  1   32.3594   19.4156   14.4933    7.9847    0.8707    0.7247    0.0024    0.0022    5.2093    4.5352  0.1196E+04  0.1807E+04  0.0000E+00  0.0000E+00  0.1000E-09  0.1000E-09  0.1000E-09  0.1000E-09  0.7278E+04  0.0000E+00
    0.0836  1  1   32.3594   19.4156   14.4933    7.9847    0.8707    0.7247    0.0024    0.0022    5.2093    4.5352  0.1196E+04  0.1807E+04  0.0000E+00  0.0000E+00  0.1000E-09  0.1000E-09  0.1000E-09  0.1000E-09  0.7278E+04  0.0000E+00
    0.0885  1  1   32.3594   19.4156   14.4933    7.9847    0.8707    0.7247    0.0024    0.0022    5.2093    4.5352  0.1196E+04  0.1807E+04  0.0000E+00  0.0000E+00  0.1000E-09  0.1000E-09  0.1000E-09  0.1000E-09  0.7278E+04  0.0000E+00
    0.0934  1  1   32.3594   19.4156   14.4933    7.9847    0.8707    0.7247    0.0024    0.0022    5.2093    4.5352  0.1196E+04  0.1807E+04  0.0000E+00  0.0000E+00  0.1000E-09  0.1000E-09  0.1000E-09  0.1000E-09  0.7278E+04  0.0000E+00
    0.0983  1  1   32.3594   19.4156   14.4933    7.9847    0.8707    0.7247    0.0024    0.0022    5.2093    4.5352  0.1196E+04  0.1807E+04  0.0000E+00  0.0000E+00  0.1000E-09  0.1000E-09  0.1000E-09  0.1000E-09  0.7278E+04  0.0000E+00
    0.1033  1  1   32.3594   19.4156   14.4933    7.9847    0.8707    0.7247    0.0024    0.0022    5.2093    4.5352  0.1196E+04  0.1807E+04  0.0000E+00  0.0000E+00  0.1000E-09  0.1000E-09  0.1000E-09  0.1000E-09  0.7278E+04  0.0000E+00
    0.1082  1  1   32.3594   19.4156   14.4933    7.9847    0.8707    0.7247    0.0024    0.0022    5.2093    4.5352  0.1196E+04  0.1807E+04  0.0000E+00  0.0000E+00  0.1000E-09  0.1000E-09  0.1000E-09  0.1000E-09  0.7278E+04  0.0000E+00
    0.1131  1  1   32.3594   19.4156   14.4933    7.9847    0.8707    0.7247    0.0024    0.0022    5.2093    4.5352  0.1196E+04  0.1807E+04  0.0000E+00  0.0000E+00  0.1000E-09  0.1000E-09  0.1000E-09  0.1000E-09  0.7278E+04  0.0000E+00
    0.1180  1  1   32.3594   19.4156   14.4933    7.9847    0.8707    0.7247    0.0024    0.0022    5.2093    4.5352  0.1196E+04  0.1807E+04  0.0000E+00  0.0000E+00  0.1000E-09  0.1000E-09  0.1000E-09  0.1000E-09  0.7278E+04  0.0000E+00
    0.1229  1  1   32.3594   19.4156   14.4933    7.9847    0.8707    0.7247    0.0024    0.0022    5.2093    4.5352  0.1196E+04  0.1807E+04  0.0000E+00  0.0000E+00  0.1000E-09  0.1000E-09  0.1000E-09  0.1000E-09  0.7278E+04  0.0000E+00
    0.1278  1  1   32.3594   19.4156   14.4933    7.9847    0.8707    0.7247    0.0024    0.0022    5.2093    4.5352  0.1196E+04  0.1807E+04  0.0000E+00  0.0000E+00  0.1000E-09  0.1000E-09  0.1000E-09  0.1000E-09  0.7278E+04  0.0000E+00
    0.1328  1  1   32.3594   19.4156   14.4933    7.9847    0.8707    0.7247    0.0024    0.0022    5.2093    4.5352  0.1196E+04  0.1807E+04  0.0000E+00  0.0000E+00  0.1000E-09  0.1000E-09  0.1000E-09  0.1000E-09  0.7278E+04  0.0000E+00
    0.1377  1  1   32.3594   19.4156   14.4933    7.9847    0.8707    0.7247    0.0024    0.0022    5.2093    4.5352  0.1196E+04  0.1807E+04  0.0000E+00  0.0000E+00  0.1000E-09  0.1000E-09  0.1000E-09  0.1000E-09  0.7278E+04  0.0000E+00
    0.1426  1  1   32.3594   19.4156   14.4933    7.9847    0.8707    0.7247    0.0024    0.0022    5.2093    4.5352  0.1196E+04  0.1807E+04  0.0000E+00  0.0000E+00  0.1000E-09  0.1000E-09  0.1000E-09  0.1000E-09  0.7278E+04  0.0000E+00
    0.1475  1  1   32.3594   19.4156   14.4933    7.9847    0.8707    0.7247    0.0024    0.0022    5.2093    4.5352  0.1196E+04  0.1807E+04  0.0000E+00  0.0000E+00  0.1000E-09  0.1000E-09  0.1000E-09  0.1000E-09  0.7278E+04  0.0000E+00
    0.1524  1  1   32.3594   19.4156   14.4933    7.9847    0.8707    0.7247    0.0024    0.0022    5.2093    4.5352  0.1196E+04  0.1807E+04  0.0000E+00  0.0000E+00  0.1000E-09  0.1000E-09  0.1000E-09  0.1000E-09  0.7278E+04  0.0000E+00
    0.1573  1  1   32.3594   19.4156   14.4933    7.9847    0.8707    0.7247    0.0024    0.0022    5.2093    4.5352  0.1196E+04  0.1807E+04  0.0000E+00  0.0000E+00  0.1000E-09  0.1000E-09  0.1000E-09  0.1000E-09  0.7278E+04  0.0000E+00
    0.1623  1  1   32.3594   19.4156   14.4933    7.9847    0.8707    0.7247    0.0024    0.0022    5.2093    4.5352  0.1196E+04  0.1807E+04  0.0000E+00  0.0000E+00  0.1000E-09  0.1000E-09  0.1000E-09  0.1000E-09  0.7278E+04  0.0000E+00
    0.1672  1  1   32.3594   19.4156   14.4933    7.9847    0.8707    0.7247    0.0024    0.0022    5.2093    4.5352  0.1196E+04  0.1807E+04  0.0000E+00  0.0000E+00  0.1000E-09  0.1000E-09  0.1000E-09  0.1000E-09  0.7278E+04  0.0000E+00
    0.1721  1  1   32.3594   19.4156   14.4933    7.9847    0.8707    0.7247    0.0024    0.0022    5.2093    4.5352  0.1196E+04  0.1807E+04  0.0000E+00  0.0000E+00  0.1000E-09  0.1000E-09  0.1000E-09  0.1000E-09  0.7278E+04  0.0000E+00
    0.1770  1  1   32.3594   19.4156   14.4933    7.9847    0.8707    0.7247    0.0024    0.0022    5.2093    4.5352  0.1196E+04  0.1807E+04  0.0000E+00  0.0000E+00  0.1000E-09  0.1000E-09  0.1000E-09  0.1000E-09  0.7278E+04  0.0000E+00
    0.1819  1  1   32.3594   19.4156   14.4933    7.9847    0.8707    0.7247    0.0024    0.0022    5.2093    4.5352  0.1196E+04  0.1807E+04  0.0000E+00  0.0000E+00  0.1000E-09  0.1000E-09  0.1000E-09  0.1000E-09  0.7278E+04  0.0000E+00
    0.1868  1  1   32.3594   19.4156   14.4933    7.9847    0.8707    0.7247    0.0024    0.0022    5.2093    4.5352  0.1196E+04  0.1807E+04  0.0000E+00  0.0000E+00  0.1000E-09  0.1000E-09  0.1000E-09  0.1000E-09  0.7278E+04  0.0000E+00
    0.1918  1  1   32.3594   19.4156   14.4933    7.9847    0.8707    0.7247    0.0024    0.0022    5.2093    4.5352  0.1196E+04  0.1807E+04  0.0000E+00  0.0000E+00  0.1000E-09  0.1000E-09  0.1000E-09  0.1000E-09  0.7278E+04  0.0000E+00
    0.1967  1  1   32.3594   19.4156   14.4933    7.9847    0.8707    0.7247    0.0024    0.0022    5.2093    4.5352  0.1196E+04  0.1807E+04  0.0000E+00  0.0000E+00  0.1000E-09  0.1000E-09  0.1000E-09  0.1000E-09  0.7278E+04  0.0000E+00
    0.2016  1  1   32.3592   19.4156   14.4933    7.9847    0.8709    0.7247    0.0024    0.0022    5.2096    4.5352  0.1195E+04  0.1807E+04 -0.3023E-07  0.1346E-12  0.1000E-09  0.1000E-09  0.1000E-09  0.1000E-09  0.7278E+04  0.0000E+00
    0.2065  1  1   32.3590   19.4156   14.4933    7.9847    0.8711    0.7247    0.0024    0.0022    5.2099    4.5352  0.1194E+04  0.1807E+04 -0.4497E-07  0.2004E-12  0.1000E-09  0.1000E-09  0.1000E-09  0.1000E-09  0.7278E+04  0.0000E+00
    0.2114  1  1   32.3585   19.4156   14.4933    7.9847    0.8714    0.7247    0.0024    0.0022    5.2101    4.5352  0.1192E+04  0.1807E+04 -0.1103E-06  0.4919E-12  0.1000E-09  0.1000E-09  0.1000E-09  0.1000E-09  0.7278E+04  0.0000E+00
    0.2163  1  1   32.3575   19.4156   14.4933    7.9847    0.8717    0.7247    0.0024    0.0022    5.2104    4.5352  0.1190E+04  0.1807E+04 -0.1910E-06  0.8535E-12  0.1000E-09  0.1000E-09  0.1000E-09  0.1000E-09  0.7278E+04  0.0000E+00
    0.2213  1  1   32.3566   19.4156   14.4933    7.9847    0.8720    0.7247    0.0024    0.0022    5.2107    4.5352  0.1188E+04  0.1807E+04 -0.1910E-06  0.8546E-12  0.1000E-09  0.1000E-09  0.1000E-09  0.1000E-09  0.7278E+04  0.0000E+00
    0.2262  1  1   32.3556   19.4156   14.4933    7.9847    0.8723    0.7247    0.0024    0.0022    5.2110    4.5352  0.1186E+04  0.1807E+04 -0.1910E-06  0.8558E-12  0.1000E-09  0.1000E-09  0.1000E-09  0.1000E-09  0.7278E+04  0.0000E+00
    0.2311  1  1   32.3547   19.4156   14.4933    7.9847    0.8725    0.7247    0.0024    0.0022    5.2112    4.5352  0.1184E+04  0.1807E+04 -0.1910E-06  0.8569E-12  0.1000E-09  0.1000E-09  0.1000E-09  0.1000E-09  0.7278E+04  0.0000E+00
    0.2360  1  1   32.3537   19.4156   14.4933    7.9847    0.8728    0.7247    0.0024    0.0022    5.2115    4.5352  0.1183E+04  0.1807E+04 -0.1938E-06  0.8705E-12  0.1000E-09  0.1000E-09  0.1000E-09  0.1000E-09  0.7278E+04  0.0000E+00
    0.2409  1  1   32.3527   19.4156   14.4933    7.9847    0.8731    0.7247    0.0024    0.0022    5.2118    4.5352  0.1181E+04  0.1807E+04 -0.2063E-06  0.9280E-12  0.1000E-09  0.1000E-09  0.1000E-09  0.1000E-09  0.7279E+04  0.0000E+00
    0.2458  1  1   32.3517   19.4156   14.4933    7.9847    0.8734    0.7247    0.0024    0.0022    5.2121    4.5352  0.1179E+04  0.1807E+04 -0.2161E-06  0.9732E-12  0.1000E-09  0.1000E-09  0.1000E-09  0.1000E-09  0.7279E+04  0.0000E+00
    0.2508  1  1   32.3506   19.4156   14.4933    7.9847    0.8737    0.7247    0.0024    0.0022    5.2124    4.5352  0.1177E+04  0.1807E+04 -0.2161E-06  0.9745E-12  0.1000E-09  0.1000E-09  0.1000E-09  0.1000E-09  0.7279E+04  0.0000E+00
    0.2557  1  1   32.3495   19.4156   14.4933    7.9847    0.8740    0.7247    0.0024    0.0022    5.2126    4.5352  0.1175E+04  0.1807E+04 -0.2161E-06  0.9759E-12  0.1000E-09  0.1000E-09  0.1000E-09  0.1000E-09  0.7279E+04  0.0000E+00
    0.2606  1  1   32.3485   19.4156   14.4933    7.9847    0.8743    0.7247    0.0024    0.0022    5.2129    4.5352  0.1173E+04  0.1807E+04 -0.2161E-06  0.9772E-12  0.1000E-09  0.1000E-09  0.1000E-09  0.1000E-09  0.7279E+04  0.0000E+00
    0.2655  1  1   32.3474   19.4156   14.4933    7.9847    0.8746    0.7247    0.0024    0.0022    5.2132    4.5352  0.1171E+04  0.1807E+04 -0.2169E-06  0.9823E-12  0.1000E-09  0.1000E-09  0.1000E-09  0.1000E-09  0.7279E+04  0.0000E+00
    0.2704  1  1   32.3463   19.4156   14.4933    7.9847    0.8749    0.7247    0.0024    0.0022    5.2135    4.5352  0.1169E+04  0.1807E+04 -0.2195E-06  0.9953E-12  0.1000E-09  0.1000E-09  0.1000E-09  0.1000E-09  0.7279E+04  0.0000E+00
    0.2753  1  1   32.3452   19.4156   14.4933    7.9847    0.8752    0.7247    0.0024    0.0022    5.2137    4.5352  0.1167E+04  0.1807E+04 -0.2213E-06  0.1005E-11  0.1000E-09  0.1000E-09  0.1000E-09  0.1000E-09  0.7280E+04  0.0000E+00
    0.2803  1  1   32.3442   19.4156   14.4933    7.9847    0.8755    0.7247    0.0024    0.0022    5.2140    4.5352  0.1164E+04  0.1807E+04 -0.2213E-06  0.1006E-11  0.1000E-09  0.1000E-09  0.1000E-09  0.1000E-09  0.7280E+04  0.0000E+00
    0.2852  1  1   32.3431   19.4156   14.4933    7.9847    0.8758    0.7247    0.0024    0.0022    5.2143    4.5352  0.1162E+04  0.1807E+04 -0.2213E-06  0.1008E-11  0.1000E-09  0.1000E-09  0.1000E-09  0.1000E-09  0.7280E+04  0.0000E+00
    0.2901  1  1   32.3420   19.4156   14.4933    7.9847    0.8761    0.7247    0.0024    0.0022    5.2146    4.5352  0.1160E+04  0.1807E+04 -0.2213E-06  0.1009E-11  0.1000E-09  0.1000E-09  0.1000E-09  0.1000E-09  0.7280E+04  0.0000E+00
    0.2950  1  1   32.3409   19.4156   14.4933    7.9847    0.8764    0.7247    0.0024    0.0022    5.2149    4.5352  0.1158E+04  0.1807E+04 -0.2199E-06  0.1004E-11  0.1000E-09  0.1000E-09  0.1000E-09  0.1000E-09  0.7280E+04  0.0000E+00
    0.2999  1  1   32.3398   19.4156   14.4933    7.9847    0.8767    0.7247    0.0024    0.0022    5.2151    4.5352  0.1156E+04  0.1807E+04 -0.2149E-06  0.9830E-12  0.1000E-09  0.1000E-09  0.1000E-09  0.1000E-09  0.7280E+04  0.0000E+00
    0.3048  1  1   32.3388   19.4156   14.4933    7.9847    0.8770    0.7247    0.0024    0.0022    5.2154    4.5352  0.1154E+04  0.1807E+04 -0.2114E-06  0.9680E-12  0.1000E-09  0.1000E-09  0.1000E-09  0.1000E-09  0.7281E+04  0.0000E+00
    0.3098  1  1   32.3378   19.4156   14.4933    7.9847    0.8773    0.7247    0.0024    0.0022    5.2157    4.5352  0.1153E+04  0.1807E+04 -0.2114E-06  0.9694E-12  0.1000E-09  0.1000E-09  0.1000E-09  0.1000E-09  0.7281E+04  0.0000E+00
    0.3147  1  1   32.3367   19.4156   14.4933    7.9847    0.8776    0.7247    0.0024    0.0022    5.2160    4.5352  0.1151E+04  0.1807E+04 -0.2114E-06  0.9707E-12  0.1000E-09  0.1000E-09  0.1000E-09  0.1000E-09  0.7281E+04  0.0000E+00
    0.3196  1  1   32.3357   19.4156   14.4933    7.9847    0.8779    0.7247    0.0024    0.0022    5.2162    4.5352  0.1149E+04  0.1807E+04 -0.2114E-06  0.9721E-12  0.1000E-09  0.1000E-09  0.1000E-09  0.1000E-09  0.7281E+04  0.0000E+00
    0.3245  1  1   32.3346   19.4156   14.4933    7.9847    0.8782    0.7247    0.0024    0.0022    5.2165    4.5352  0.1147E+04  0.1807E+04 -0.2131E-06  0.9813E-12  0.1000E-09  0.1000E-09  0.1000E-09  0.1000E-09  0.7281E+04  0.0000E+00
    0.3294  1  1   32.3336   19.4156   14.4933    7.9847    0.8785    0.7247    0.0025    0.0022    5.2168    4.5352  0.1145E+04  0.1807E+04 -0.2178E-06  0.1004E-11  0.1000E-09  0.1000E-09  0.1000E-09  0.1000E-09  0.7281E+04  0.0000E+00
    0.3343  1  1   32.3325   19.4156   14.4933    7.9847    0.8788    0.7247    0.0025    0.0022    5.2171    4.5352  0.1143E+04  0.1807E+04 -0.2208E-06  0.1020E-11  0.1000E-09  0.1000E-09  0.1000E-09  0.1000E-09  0.7281E+04  0.0000E+00
    0.3393  1  1   32.3314   19.4156   14.4933    7.9847    0.8791    0.7247    0.0025    0.0022    5.2173    4.5352  0.1141E+04  0.1807E+04 -0.2208E-06  0.1021E-11  0.1000E-09  0.1000E-09  0.1000E-09  0.1000E-09  0.7282E+04  0.0000E+00
    0.3442  1  1   32.3303   19.4156   14.4933    7.9847    0.8794    0.7247    0.0025    0.0022    5.2176    4.5352  0.1139E+04  0.1807E+04 -0.2208E-06  0.1022E-11  0.1000E-09  0.1000E-09  0.1000E-09  0.1000E-09  0.7282E+04  0.0000E+00
    0.3491  1  1   32.3292   19.4156   14.4933    7.9847    0.8797    0.7247    0.0025    0.0022    5.2179    4.5352  0.1137E+04  0.1807E+04 -0.2208E-06  0.1024E-11  0.1000E-09  0.1000E-09  0.1000E-09  0.1000E-09  0.7282E+04  0.0000E+00
    0.3540  1  1   32.3281   19.4156   14.4933    7.9847    0.8800    0.7247    0.0025    0.0022    5.2182    4.5352  0.1135E+04  0.1807E+04 -0.2205E-06  0.1024E-11  0.1000E-09  0.1000E-09  0.1000E-09  0.1000E-09  0.7282E+04  0.0000E+00
    0.3589  1  1   32.3271   19.4156   14.4933    7.9847    0.8803    0.7247    0.0025    0.0022    5.2184    4.5352  0.1133E+04  0.1807E+04 -0.2200E-06  0.1023E-11  0.1000E-09  0.1000E-09  0.1000E-09  0.1000E-09  0.7282E+04  0.0000E+00
    0.3638  1  1   32.3260   19.4156   14.4933    7.9847    0.8806    0.7247    0.0025    0.0022    5.2187    4.5352  0.1131E+04  0.1807E+04 -0.2197E-06  0.1023E-11  0.1000E-09  0.1000E-09  0.1000E-09  0.1000E-09  0.7282E+04  0.0000E+00
    0.3688  1  1   32.3249   19.4156   14.4933    7.9847    0.8809    0.7247    0.0025    0.0022    5.2190    4.5352  0.1129E+04  0.1807E+04 -0.2197E-06  0.1025E-11  0.1000E-09  0.1000E-09  0.1000E-09  0.1000E-09  0.7283E+04  0.0000E+00
    0.3737  1  1   32.3238   19.4156   14.4933    7.9847    0.8812    0.7247    0.0025    0.0022    5.2193    4.5352  0.1127E+04  0.1807E+04 -0.2197E-06  0.1026E-11  0.1000E-09  0.1000E-09  0.1000E-09  0.1000E-09  0.7283E+04  0.0000E+00
    0.3786  1  1   32.3227   19.4156   14.4933    7.9847    0.8815    0.7247    0.0025    0.0022    5.2195    4.5352  0.1125E+04  0.1807E+04 -0.2197E-06  0.1027E-11  0.1000E-09  0.1000E-09  0.1000E-09  0.1000E-09  0.7283E+04  0.0000E+00
    0.3835  1  1   32.3217   19.4156   14.4933    7.9847    0.8818    0.7247    0.0025    0.0022    5.2198    4.5352  0.1123E+04  0.1807E+04 -0.2219E-06  0.1039E-11  0.1000E-09  0.1000E-09  0.1000E-09  0.1000E-09  0.7283E+04  0.0000E+00
    0.3884  1  1   32.3205   19.4156   14.4933    7.9847    0.8821    0.7247    0.0025    0.0022    5.2201    4.5352  0.1122E+04  0.1807E+04 -0.2275E-06  0.1067E-11  0.1000E-09  0.1000E-09  0.1000E-09  0.1000E-09  0.7283E+04  0.0000E+00
    0.3933  1  1   32.3194   19.4156   14.4933    7.9847    0.8823    0.7247    0.0025    0.0022    5.2204    4.5352  0.1120E+04  0.1807E+04 -0.2309E-06  0.1084E-11  0.1000E-09  0.1000E-09  0.1000E-09  0.1000E-09  0.7283E+04  0.0000E+00
    0.3983  1  1   32.3183   19.4156   14.4933    7.9847    0.8826    0.7247    0.0025    0.0022    5.2206    4.5352  0.1118E+04  0.1807E+04 -0.2309E-06  0.1086E-11  0.1000E-09  0.1000E-09  0.1000E-09  0.1000E-09  0.7283E+04  0.0000E+00
    0.4032  1  1   32.3171   19.4156   14.4933    7.9847    0.8829    0.7247    0.0025    0.0022    5.2209    4.5352  0.1116E+04  0.1807E+04 -0.2309E-06  0.1087E-11  0.1000E-09  0.1000E-09  0.1000E-09  0.1000E-09  0.7284E+04  0.0000E+00
    0.4081  1  1   32.3160   19.4156   14.4933    7.9847    0.8832    0.7247    0.0025    0.0022    5.2212    4.5352  0.1114E+04  0.1807E+04 -0.2309E-06  0.1089E-11  0.1000E-09  0.1000E-09  0.1000E-09  0.1000E-09  0.7284E+04  0.0000E+00
    0.4130  1  1   32.3149   19.4156   14.4933    7.9847    0.8835    0.7247    0.0025    0.0022    5.2215    4.5352  0.1112E+04  0.1807E+04 -0.2288E-06  0.1080E-11  0.1000E-09  0.1000E-09  0.1000E-09  0.1000E-09  0.7284E+04  0.0000E+00
    0.4179  1  1   32.3138   19.4156   14.4933    7.9847    0.8838    0.7247    0.0025    0.0022    5.2217    4.5352  0.1110E+04  0.1807E+04 -0.2237E-06 -0.4831E-08  0.1000E-09  0.1000E-09  0.1000E-09  0.1000E-09  0.7284E+04  0.0000E+00
    0.4228  1  1   32.3127   19.4155   14.4933    7.9847    0.8841    0.7249    0.0025    0.0022    5.2220    4.5353  0.1108E+04  0.1806E+04 -0.2208E-06 -0.1179E-07  0.1000E-09  0.1000E-09  0.1000E-09  0.1000E-09  0.7284E+04  0.0000E+00
    0.4278  1  1   32.3116   19.4154   14.4933    7.9847    0.8843    0.7250    0.0025    0.0022    5.2223    4.5354  0.1107E+04  0.1804E+04 -0.2208E-06 -0.1888E-07  0.1000E-09  0.1000E-09  0.1000E-09  0.1000E-09  0.7284E+04  0.0000E+00
    0.4327  1  1   32.3105   19.4153   14.4933    7.9847    0.8846    0.7252    0.0025    0.0022    5.2225    4.5356  0.1105E+04  0.1802E+04 -0.2208E-06 -0.2581E-07  0.1000E-09  0.1000E-09  0.1000E-09  0.1000E-09  0.7285E+04  0.0000E+00
    0.4376  1  1   32.3094   19.4152   14.4933    7.9847    0.8849    0.7254    0.0025    0.0022    5.2228    4.5357  0.1103E+04  0.1801E+04 -0.2208E-06 -0.2754E-07  0.1000E-09  0.1000E-09  0.1000E-09  0.1000E-09  0.7285E+04  0.0000E+00
    0.4425  1  1   32.3083   19.4150   14.4933    7.9847    0.8852    0.7256    0.0025    0.0022    5.2231    4.5359  0.1101E+04  0.1799E+04 -0.2233E-06 -0.3252E-07  0.1000E-09  0.1000E-09  0.1000E-09  0.1000E-09  0.7285E+04  0.0000E+00
    0.4474  1  1   32.3072   19.4148   14.4933    7.9847    0.8854    0.7258    0.0025    0.0022    5.2234    4.5361  0.1099E+04  0.1797E+04 -0.2291E-06 -0.4014E-07  0.1000E-09  0.1000E-09  0.1000E-09  0.1000E-09  0.7285E+04  0.0000E+00
    0.4523  1  1   32.3061   19.4146   14.4933    7.9847    0.8857    0.7260    0.0025    0.0022    5.2236    4.5363  0.1098E+04  0.1795E+04 -0.2323E-06 -0.5089E-07  0.1000E-09  0.1000E-09  0.1000E-09  0.1000E-09  0.7285E+04  0.0000E+00
    0.4573  1  1   32.3049   19.4143   14.4933    7.9847    0.8860    0.7263    0.0025    0.0022    5.2239    4.5365  0.1096E+04  0.1793E+04 -0.2323E-06 -0.6195E-07  0.1000E-09  0.1000E-09  0.1000E-09  0.1000E-09  0.7286E+04  0.0000E+00
    0.4622  1  1   32.3038   19.4139   14.4933    7.9847    0.8863    0.7265    0.0025    0.0022    5.2242    4.5367  0.1094E+04  0.1791E+04 -0.2323E-06 -0.6763E-07  0.1000E-09  0.1000E-09  0.1000E-09  0.1000E-09  0.7286E+04  0.0000E+00
    0.4671  1  1   32.3026   19.4136   14.4933    7.9847    0.8865    0.7268    0.0025    0.0022    5.2245    4.5369  0.1092E+04  0.1788E+04 -0.2323E-06 -0.7056E-07  0.1000E-09  0.1000E-09  0.1000E-09  0.1000E-09  0.7286E+04  0.0000E+00
    0.4720  1  1   32.3015   19.4132   14.4933    7.9847    0.8868    0.7270    0.0025    0.0022    5.2247    4.5371  0.1091E+04  0.1786E+04 -0.2304E-06 -0.7048E-07  0.1000E-09  0.1000E-09  0.1000E-09  0.1000E-09  0.7286E+04  0.0000E+00
    0.4769  1  1   32.3004   19.4129   14.4933    7.9847    0.8871    0.7272    0.0025    0.0022    5.2250    4.5373  0.1089E+04  0.1784E+04 -0.2263E-06 -0.7039E-07  0.1000E-09  0.1000E-09  0.1000E-09  0.1000E-09  0.7286E+04  0.0000E+00
    0.4818  1  1   32.2993   19.4126   14.4933    7.9847    0.8874    0.7275    0.0025    0.0022    5.2253    4.5375  0.1087E+04  0.1782E+04 -0.2242E-06 -0.7031E-07  0.1000E-09  0.1000E-09  0.1000E-09  0.1000E-09  0.7287E+04  0.0000E+00
    0.4868  1  1   32.2982   19.4122   14.4933    7.9847    0.8876    0.7277    0.0025    0.0022    5.2255    4.5377  0.1085E+04  0.1779E+04 -0.2242E-06 -0.7022E-07  0.1000E-09  0.1000E-09  0.1000E-09  0.1000E-09  0.7287E+04  0.0000E+00
    0.4917  1  1   32.2971   19.4119   14.4933    7.9847    0.8879    0.7279    0.0025    0.0022    5.2258    4.5379  0.1084E+04  0.1777E+04 -0.2242E-06 -0.6768E-07  0.1000E-09  0.1000E-09  0.1000E-09  0.1000E-09  0.7287E+04  0.0000E+00
    0.4966  1  1   32.2960   19.4116   14.4933    7.9847    0.8882    0.7281    0.0025    0.0022    5.2261    4.5381  0.1082E+04  0.1775E+04 -0.2242E-06 -0.6385E-07  0.1000E-09  0.1000E-09  0.1000E-09  0.1000E-09  0.7287E+04  0.0000E+00
    0.5015  1  1   32.2948   19.4113   14.4933    7.9847    0.8884    0.7283    0.0025    0.0022    5.2264    4.5383  0.1080E+04  0.1773E+04 -0.2293E-06 -0.6002E-07  0.1000E-09  0.1000E-09  0.1000E-09  0.1000E-09  0.7287E+04  0.0000E+00
    0.5064  1  1   32.2937   19.4110   14.4933    7.9847    0.8887    0.7285    0.0025    0.0022    5.2266    4.5385  0.1078E+04  0.1771E+04 -0.2377E-06 -0.5619E-07  0.1000E-09  0.1000E-09  0.1000E-09  0.1000E-09  0.7288E+04  0.0000E+00
    0.5113  1  1   32.2925   19.4107   14.4933    7.9847    0.8890    0.7287    0.0025    0.0022    5.2269    4.5387  0.1077E+04  0.1770E+04 -0.2410E-06 -0.5493E-07  0.1000E-09  0.1000E-09  0.1000E-09  0.1000E-09  0.7288E+04  0.0000E+00
    0.5163  1  1   32.2913   19.4105   14.4933    7.9847    0.8892    0.7289    0.0025    0.0022    5.2272    4.5389  0.1075E+04  0.1768E+04 -0.2410E-06 -0.5411E-07  0.1000E-09  0.1000E-09  0.1000E-09  0.1000E-09  0.7288E+04  0.0000E+00
    0.5212  1  1   32.2901   19.4102   14.4933    7.9847    0.8895    0.7291    0.0025    0.0022    5.2274    4.5391  0.1073E+04  0.1766E+04 -0.2410E-06 -0.4877E-07  0.1000E-09  0.1000E-09  0.1000E-09  0.1000E-09  0.7288E+04  0.0000E+00
    0.5261  1  1   32.2889   19.4100   14.4933    7.9847    0.8898    0.7293    0.0025    0.0022    5.2277    4.5392  0.1072E+04  0.1764E+04 -0.2410E-06 -0.4343E-07  0.1000E-09  0.1000E-09  0.1000E-09  0.1000E-09  0.7288E+04  0.0000E+00
    0.5310  1  1   32.2878   19.4098   14.4933    7.9847    0.8900    0.7295    0.0025    0.0022    5.2280    4.5394  0.1070E+04  0.1763E+04 -0.2372E-06 -0.3809E-07  0.1000E-09  0.1000E-09  0.1000E-09  0.1000E-09  0.7289E+04  0.0000E+00
    0.5359  1  1   32.2866   19.4096   14.4933    7.9847    0.8903    0.7296    0.0025    0.0022    5.2283    4.5395  0.1068E+04  0.1761E+04 -0.2299E-06 -0.3362E-07  0.1000E-09  0.1000E-09  0.1000E-09  0.1000E-09  0.7289E+04  0.0000E+00
    0.5408  1  1   32.2855   19.4095   14.4933    7.9847    0.8906    0.7298    0.0025    0.0022    5.2285    4.5397  0.1067E+04  0.1760E+04 -0.2264E-06 -0.3362E-07  0.1000E-09  0.1000E-09  0.1000E-09  0.1000E-09  0.7289E+04  0.0000E+00
    0.5458  1  1   32.2844   19.4093   14.4933    7.9847    0.8908    0.7300    0.0025    0.0022    5.2288    4.5399  0.1065E+04  0.1758E+04 -0.2264E-06 -0.3362E-07  0.1000E-09  0.1000E-09  0.1000E-09  0.1000E-09  0.7289E+04  0.0000E+00
    0.5507  1  1   32.2833   19.4092   14.4933    7.9847    0.8911    0.7301    0.0025    0.0022    5.2291    4.5400  0.1063E+04  0.1757E+04 -0.2264E-06 -0.3362E-07  0.1000E-09  0.1000E-09  0.1000E-09  0.1000E-09  0.7289E+04  0.0000E+00
    0.5556  1  1   32.2822   19.4090   14.4933    7.9847    0.8913    0.7303    0.0025    0.0022    5.2293    4.5402  0.1062E+04  0.1755E+04 -0.2264E-06 -0.3362E-07  0.1000E-09  0.1000E-09  0.1000E-09  0.1000E-09  0.7289E+04  0.0000E+00
    0.5605  1  1   32.2811   19.4088   14.4933    7.9847    0.8916    0.7305    0.0025    0.0022    5.2296    4.5404  0.1060E+04  0.1754E+04 -0.2293E-06 -0.3362E-07  0.1000E-09  0.1000E-09  0.1000E-09  0.1000E-09  0.7290E+04  0.0000E+00
    0.5654  1  1   32.2799   19.4087   14.4933    7.9847    0.8919    0.7306    0.0025    0.0022    5.2299    4.5405  0.1058E+04  0.1752E+04 -0.2338E-06 -0.3362E-07  0.1000E-09  0.1000E-09  0.1000E-09  0.1000E-09  0.7290E+04  0.0000E+00
    0.5703  1  1   32.2788   19.4085   14.4933    7.9847    0.8921    0.7308    0.0025    0.0022    5.2302    4.5407  0.1057E+04  0.1751E+04 -0.2354E-06 -0.3330E-07  0.1000E-09  0.1000E-09  0.1000E-09  0.1000E-09  0.7290E+04  0.0000E+00
    0.5753  1  1   32.2776   19.4083   14.4933    7.9847    0.8924    0.7310    0.0025    0.0022    5.2304    4.5408  0.1055E+04  0.1749E+04 -0.2354E-06 -0.3294E-07  0.1000E-09  0.1000E-09  0.1000E-09  0.1000E-09  0.7290E+04  0.0000E+00
    0.5802  1  1   32.2764   19.4082   14.4933    7.9847    0.8926    0.7311    0.0025    0.0022    5.2307    4.5410  0.1053E+04  0.1748E+04 -0.2354E-06 -0.3258E-07  0.1000E-09  0.1000E-09  0.1000E-09  0.1000E-09  0.7290E+04  0.0000E+00
    0.5851  1  1   32.2753   19.4080   14.4933    7.9847    0.8929    0.7313    0.0025    0.0022    5.2310    4.5412  0.1052E+04  0.1747E+04 -0.2354E-06 -0.3222E-07  0.1000E-09  0.1000E-09  0.1000E-09  0.1000E-09  0.7291E+04  0.0000E+00
    0.5900  1  1   32.2741   19.4079   14.4933    7.9847    0.8931    0.7314    0.0025    0.0022    5.2312    4.5413  0.1050E+04  0.1745E+04 -0.2386E-06 -0.3217E-07  0.1000E-09  0.1000E-09  0.1000E-09  0.1000E-09  0.7291E+04  0.0000E+00
    0.5949  1  1   32.2729   19.4077   14.4933    7.9847    0.8934    0.7316    0.0025    0.0022    5.2315    4.5415  0.1048E+04  0.1744E+04 -0.2434E-06 -0.3217E-07  0.1000E-09  0.1000E-09  0.1000E-09  0.1000E-09  0.7291E+04  0.0000E+00
    0.5998  1  1   32.2717   19.4075   14.4933    7.9847    0.8937    0.7318    0.0025    0.0022    5.2318    4.5416  0.1047E+04  0.1742E+04 -0.2448E-06 -0.3217E-07  0.1000E-09  0.1000E-09  0.1000E-09  0.1000E-09  0.7291E+04  0.0000E+00
    0.6048  1  1   32.2705   19.4074   14.4933    7.9847    0.8939    0.7319    0.0025    0.0022    5.2321    4.5418  0.1045E+04  0.1741E+04 -0.2448E-06 -0.3217E-07  0.1000E-09  0.1000E-09  0.1000E-09  0.1000E-09  0.7291E+04  0.0000E+00
    0.6097  1  1   32.2693   19.4072   14.4933    7.9847    0.8942    0.7321    0.0025    0.0022    5.2323    4.5420  0.1044E+04  0.1739E+04 -0.2448E-06 -0.3217E-07  0.1000E-09  0.1000E-09  0.1000E-09  0.1000E-09  0.7292E+04  0.0000E+00
    0.6146  1  1   32.2681   19.4071   14.4933    7.9847    0.8944    0.7322    0.0025    0.0022    5.2326    4.5421  0.1042E+04  0.1738E+04 -0.2448E-06 -0.3217E-07  0.1000E-09  0.1000E-09  0.1000E-09  0.1000E-09  0.7292E+04  0.0000E+00
    0.6195  1  1   32.2669   19.4069   14.4933    7.9847    0.8947    0.7324    0.0025    0.0022    5.2329    4.5423  0.1040E+04  0.1737E+04 -0.2456E-06 -0.3217E-07  0.1000E-09  0.1000E-09  0.1000E-09  0.1000E-09  0.7292E+04  0.0000E+00
    0.6244  1  1   32.2657   19.4067   14.4933    7.9847    0.8949    0.7326    0.0025    0.0022    5.2331    4.5424  0.1039E+04  0.1735E+04 -0.2466E-06 -0.3225E-07  0.1000E-09  0.1000E-09  0.1000E-09  0.1000E-09  0.7292E+04  0.0000E+00
    0.6293  1  1   32.2645   19.4066   14.4933    7.9847    0.8952    0.7327    0.0025    0.0022    5.2334    4.5426  0.1037E+04  0.1734E+04 -0.2470E-06 -0.3233E-07  0.1000E-09  0.1000E-09  0.1000E-09  0.1000E-09  0.7292E+04  0.0000E+00
    0.6343  1  1   32.2632   19.4064   14.4933    7.9847    0.8954    0.7329    0.0025    0.0022    5.2337    4.5427  0.1035E+04  0.1732E+04 -0.2470E-06 -0.3240E-07  0.1000E-09  0.1000E-09  0.1000E-09  0.1000E-09  0.7292E+04  0.0000E+00
    0.6392  1  1   32.2620   19.4063   14.4933    7.9847    0.8957    0.7330    0.0025    0.0022    5.2340    4.5429  0.1034E+04  0.1731E+04 -0.2470E-06 -0.3248E-07  0.1000E-09  0.1000E-09  0.1000E-09  0.1000E-09  0.7293E+04  0.0000E+00
    0.6441  1  1   32.2608   19.4061   14.4933    7.9847    0.8960    0.7332    0.0025    0.0022    5.2342    4.5431  0.1032E+04  0.1730E+04 -0.2470E-06 -0.3248E-07  0.1000E-09  0.1000E-09  0.1000E-09  0.1000E-09  0.7293E+04  0.0000E+00
    0.6490  1  1   32.2596   19.4059   14.4933    7.9847    0.8962    0.7333    0.0025    0.0022    5.2345    4.5432  0.1031E+04  0.1728E+04 -0.2443E-06 -0.3248E-07  0.1000E-09  0.1000E-09  0.1000E-09  0.1000E-09  0.7293E+04  0.0000E+00
    0.6539  1  1   32.2584   19.4058   14.4933    7.9847    0.8965    0.7335    0.0026    0.0022    5.2348    4.5434  0.1029E+04  0.1727E+04 -0.2405E-06 -0.3248E-07  0.1000E-09  0.1000E-09  0.1000E-09  0.1000E-09  0.7293E+04  0.0000E+00
    0.6588  1  1   32.2573   19.4056   14.4933    7.9847    0.8967    0.7336    0.0026    0.0022    5.2350    4.5435  0.1027E+04  0.1726E+04 -0.2393E-06 -0.3248E-07  0.1000E-09  0.1000E-09  0.1000E-09  0.1000E-09  0.7293E+04  0.0000E+00
    0.6638  1  1   32.2561   19.4055   14.4933    7.9847    0.8970    0.7338    0.0026    0.0022    5.2353    4.5437  0.1026E+04  0.1724E+04 -0.2393E-06 -0.3248E-07  0.1000E-09  0.1000E-09  0.1000E-09  0.1000E-09  0.7294E+04  0.0000E+00
    0.6687  1  1   32.2549   19.4053   14.4933    7.9847    0.8972    0.7339    0.0026    0.0022    5.2356    4.5439  0.1024E+04  0.1723E+04 -0.2393E-06 -0.3248E-07  0.1000E-09  0.1000E-09  0.1000E-09  0.1000E-09  0.7294E+04  0.0000E+00
    0.6736  1  1   32.2537   19.4051   14.4933    7.9847    0.8975    0.7341    0.0026    0.0022    5.2359    4.5440  0.1023E+04  0.1722E+04 -0.2393E-06 -0.3249E-07  0.1000E-09  0.1000E-09  0.1000E-09  0.1000E-09  0.7294E+04  0.0000E+00
    0.6785  1  1   32.2525   19.4050   14.4933    7.9847    0.8977    0.7343    0.0026    0.0022    5.2361    4.5442  0.1021E+04  0.1720E+04 -0.2430E-06 -0.3252E-07  0.1000E-09  0.1000E-09  0.1000E-09  0.1000E-09  0.7294E+04  0.0000E+00
    0.6834  1  1   32.2513   19.4048   14.4933    7.9847    0.8980    0.7344    0.0026    0.0022    5.2364    4.5443  0.1020E+04  0.1719E+04 -0.2477E-06 -0.3255E-07  0.1000E-09  0.1000E-09  0.1000E-09  0.1000E-09  0.7294E+04  0.0000E+00
    0.6884  1  1   32.2501   19.4047   14.4933    7.9847    0.8982    0.7346    0.0026    0.0022    5.2367    4.5445  0.1018E+04  0.1718E+04 -0.2486E-06 -0.3258E-07  0.1000E-09  0.1000E-09  0.1000E-09  0.1000E-09  0.7295E+04  0.0000E+00
    0.6933  1  1   32.2489   19.4045   14.4933    7.9847    0.8985    0.7347    0.0026    0.0022    5.2369    4.5447  0.1016E+04  0.1716E+04 -0.2486E-06 -0.3260E-07  0.1000E-09  0.1000E-09  0.1000E-09  0.1000E-09  0.7295E+04  0.0000E+00
    0.6982  1  1   32.2477   19.4043   14.4933    7.9847    0.8987    0.7349    0.0026    0.0022    5.2372    4.5448  0.1015E+04  0.1715E+04 -0.2486E-06 -0.3260E-07  0.1000E-09  0.1000E-09  0.1000E-09  0.1000E-09  0.7295E+04  0.0000E+00
    0.7031  1  1   32.2464   19.4042   14.4933    7.9847    0.8989    0.7350    0.0026    0.0022    5.2375    4.5450  0.1013E+04  0.1714E+04 -0.2486E-06 -0.3260E-07  0.1000E-09  0.1000E-09  0.1000E-09  0.1000E-09  0.7295E+04  0.0000E+00
    0.7080  1  1   32.2452   19.4040   14.4933    7.9847    0.8992    0.7352    0.0026    0.0022    5.2378    4.5451  0.1012E+04  0.1712E+04 -0.2487E-06 -0.3260E-07  0.1000E-09  0.1000E-09  0.1000E-09  0.1000E-09  0.7295E+04  0.0000E+00
    0.7129  1  1   32.2440   19.4039   14.4933    7.9847    0.8994    0.7353    0.0026    0.0022    5.2380    4.5453  0.1010E+04  0.1711E+04 -0.2488E-06 -0.3260E-07  0.1000E-09  0.1000E-09  0.1000E-09  0.1000E-09  0.7296E+04  0.0000E+00
    0.7179  1  1   32.2428   19.4037   14.4933    7.9847    0.8997    0.7355    0.0026    0.0022    5.2383    4.5455  0.1009E+04  0.1710E+04 -0.2489E-06 -0.3260E-07  0.1000E-09  0.1000E-09  0.1000E-09  0.1000E-09  0.7296E+04  0.0000E+00
    0.7228  1  1   32.2415   19.4035   14.4933    7.9847    0.8999    0.7356    0.0026    0.0022    5.2386    4.5456  0.1007E+04  0.1708E+04 -0.2489E-06 -0.3260E-07  0.1000E-09  0.1000E-09  0.1000E-09  0.1000E-09  0.7296E+04  0.0000E+00
    0.7277  1  1   32.2403   19.4034   14.4933    7.9847    0.9002    0.7358    0.0026    0.0022    5.2388    4.5458  0.1006E+04  0.1707E+04 -0.2489E-06 -0.3297E-07  0.1000E-09  0.1000E-09  0.1000E-09  0.1000E-09  0.7296E+04  0.0000E+00
    0.7326  1  1   32.2391   19.4032   14.4933    7.9847    0.9004    0.7359    0.0026    0.0022    5.2391    4.5459  0.1004E+04  0.1706E+04 -0.2489E-06 -0.3350E-07  0.1000E-09  0.1000E-09  0.1000E-09  0.1000E-09  0.7296E+04  0.0000E+00
    0.7375  1  1   32.2379   19.4031   14.4933    7.9847    0.9007    0.7361    0.0026    0.0022    5.2394    4.5461  0.1003E+04  0.1704E+04 -0.2497E-06 -0.3403E-07  0.1000E-09  0.1000E-09  0.1000E-09  0.1000E-09  0.7297E+04  0.0000E+00
    0.7424  1  1   32.2366   19.4029   14.4933    7.9847    0.9009    0.7362    0.0026    0.0022    5.2397    4.5463  0.1001E+04  0.1703E+04 -0.2508E-06 -0.3457E-07  0.1000E-09  0.1000E-09  0.1000E-09  0.1000E-09  0.7297E+04  0.0000E+00
    0.7474  1  1   32.2354   19.4027   14.4933    7.9847    0.9012    0.7364    0.0026    0.0022    5.2399    4.5464  0.9995E+03  0.1702E+04 -0.2510E-06 -0.3473E-07  0.1000E-09  0.1000E-09  0.1000E-09  0.1000E-09  0.7297E+04  0.0000E+00
    0.7523  1  1   32.2342   19.4025   14.4933    7.9847    0.9014    0.7365    0.0026    0.0022    5.2402    4.5466  0.9980E+03  0.1700E+04 -0.2510E-06 -0.3473E-07  0.1000E-09  0.1000E-09  0.1000E-09  0.1000E-09  0.7297E+04  0.0000E+00
    0.7572  1  1   32.2329   19.4024   14.4933    7.9847    0.9017    0.7367    0.0026    0.0022    5.2405    4.5467  0.9964E+03  0.1699E+04 -0.2510E-06 -0.3473E-07  0.1000E-09  0.1000E-09  0.1000E-09  0.1000E-09  0.7297E+04  0.0000E+00
    0.7621  1  1   32.2317   19.4022   14.4933    7.9847    0.9019    0.7368    0.0026    0.0022    5.2408    4.5469  0.9949E+03  0.1698E+04 -0.2510E-06 -0.3473E-07  0.1000E-09  0.1000E-09  0.1000E-09  0.1000E-09  0.7298E+04  0.0000E+00
    0.7670  1  1   32.2304   19.4020   14.4933    7.9847    0.9022    0.7370    0.0026    0.0022    5.2410    4.5471  0.9934E+03  0.1696E+04 -0.2518E-06 -0.3473E-07  0.1000E-09  0.1000E-09  0.1000E-09  0.1000E-09  0.7298E+04  0.0000E+00
    0.7719  1  1   32.2292   19.4019   14.4933    7.9847    0.9024    0.7371    0.0026    0.0022    5.2413    4.5472  0.9919E+03  0.1695E+04 -0.2528E-06 -0.3473E-07  0.1000E-09  0.1000E-09  0.1000E-09  0.1000E-09  0.7298E+04  0.0000E+00
    0.7769  1  1   32.2280   19.4017   14.4933    7.9847    0.9027    0.7373    0.0026    0.0022    5.2416    4.5474  0.9904E+03  0.1694E+04 -0.2529E-06 -0.3412E-07  0.1000E-09  0.1000E-09  0.1000E-09  0.1000E-09  0.7298E+04  0.0000E+00
    0.7818  1  1   32.2267   19.4015   14.4933    7.9847    0.9029    0.7374    0.0026    0.0022    5.2418    4.5475  0.9888E+03  0.1693E+04 -0.2529E-06 -0.3334E-07  0.1000E-09  0.1000E-09  0.1000E-09  0.1000E-09  0.7298E+04  0.0000E+00
    0.7867  1  1   32.2255   19.4014   14.4933    7.9847    0.9031    0.7375    0.0026    0.0022    5.2421    4.5477  0.9873E+03  0.1691E+04 -0.2529E-06 -0.3255E-07  0.1000E-09  0.1000E-09  0.1000E-09  0.1000E-09  0.7299E+04  0.0000E+00
    0.7916  1  1   32.2242   19.4012   14.4933    7.9847    0.9034    0.7377    0.0026    0.0022    5.2424    4.5479  0.9858E+03  0.1690E+04 -0.2529E-06 -0.3177E-07  0.1000E-09  0.1000E-09  0.1000E-09  0.1000E-09  0.7299E+04  0.0000E+00
    0.7965  1  1   32.2230   19.4011   14.4933    7.9847    0.9036    0.7378    0.0026    0.0022    5.2427    4.5480  0.9843E+03  0.1689E+04 -0.2562E-06 -0.3160E-07  0.1000E-09  0.1000E-09  0.1000E-09  0.1000E-09  0.7299E+04  0.0000E+00
    0.8014  1  1   32.2217   19.4009   14.4933    7.9847    0.9039    0.7380    0.0026    0.0022    5.2429    4.5482  0.9828E+03  0.1688E+04 -0.2597E-06 -0.3160E-07  0.1000E-09  0.1000E-09  0.1000E-09  0.1000E-09  0.7299E+04  0.0000E+00
    0.8064  1  1   32.2204   19.4007   14.4933    7.9847    0.9041    0.7381    0.0026    0.0022    5.2432    4.5483  0.9813E+03  0.1686E+04 -0.2599E-06 -0.3160E-07  0.1000E-09  0.1000E-09  0.1000E-09  0.1000E-09  0.7299E+04  0.0000E+00
    0.8113  1  1   32.2191   19.4006   14.4933    7.9847    0.9044    0.7383    0.0026    0.0022    5.2435    4.5485  0.9798E+03  0.1685E+04 -0.2599E-06 -0.3160E-07  0.1000E-09  0.1000E-09  0.1000E-09  0.1000E-09  0.7300E+04  0.0000E+00
    0.8162  1  1   32.2179   19.4004   14.4933    7.9847    0.9046    0.7384    0.0026    0.0022    5.2437    4.5486  0.9783E+03  0.1684E+04 -0.2599E-06 -0.3160E-07  0.1000E-09  0.1000E-09  0.1000E-09  0.1000E-09  0.7300E+04  0.0000E+00
    0.8211  1  1   32.2166   19.4003   14.4933    7.9847    0.9049    0.7385    0.0026    0.0022    5.2440    4.5488  0.9768E+03  0.1683E+04 -0.2599E-06 -0.3160E-07  0.1000E-09  0.1000E-09  0.1000E-09  0.1000E-09  0.7300E+04  0.0000E+00
    0.8260  1  1   32.2153   19.4001   14.4933    7.9847    0.9051    0.7387    0.0026    0.0022    5.2443    4.5490  0.9753E+03  0.1681E+04 -0.2581E-06 -0.3160E-07  0.1000E-09  0.1000E-09  0.1000E-09  0.1000E-09  0.7300E+04  0.0000E+00
    0.8309  1  1   32.2141   19.4000   14.4933    7.9847    0.9053    0.7388    0.0026    0.0022    5.2446    4.5491  0.9739E+03  0.1680E+04 -0.2560E-06 -0.3215E-07  0.1000E-09  0.1000E-09  0.1000E-09  0.1000E-09  0.7300E+04  0.0000E+00
    0.8359  1  1   32.2128   19.3998   14.4933    7.9847    0.9056    0.7390    0.0026    0.0022    5.2449    4.5493  0.9725E+03  0.1679E+04 -0.2558E-06 -0.3292E-07  0.1000E-09  0.1000E-09  0.1000E-09  0.1000E-09  0.7301E+04  0.0000E+00
    0.8408  1  1   32.2115   19.3996   14.4933    7.9847    0.9058    0.7391    0.0026    0.0022    5.2452    4.5494  0.9711E+03  0.1678E+04 -0.2558E-06 -0.3369E-07  0.1000E-09  0.1000E-09  0.1000E-09  0.1000E-09  0.7301E+04  0.0000E+00
    0.8457  1  1   32.2103   19.3995   14.4933    7.9847    0.9060    0.7393    0.0026    0.0022    5.2455    4.5496  0.9696E+03  0.1676E+04 -0.2558E-06 -0.3446E-07  0.1000E-09  0.1000E-09  0.1000E-09  0.1000E-09  0.7301E+04  0.0000E+00
    0.8506  1  1   32.2090   19.3993   14.4933    7.9847    0.9063    0.7394    0.0026    0.0022    5.2458    4.5498  0.9682E+03  0.1675E+04 -0.2558E-06 -0.3468E-07  0.1000E-09  0.1000E-09  0.1000E-09  0.1000E-09  0.7301E+04  0.0000E+00
    0.8555  1  1   32.2077   19.3991   14.4933    7.9847    0.9065    0.7395    0.0026    0.0022    5.2461    4.5499  0.9667E+03  0.1674E+04 -0.2606E-06 -0.3468E-07  0.1000E-09  0.1000E-09  0.1000E-09  0.1000E-09  0.7301E+04  0.0000E+00
    0.8604  1  1   32.2064   19.3990   14.4933    7.9847    0.9067    0.7397    0.0026    0.0022    5.2464    4.5501  0.9653E+03  0.1673E+04 -0.2655E-06 -0.3468E-07  0.1000E-09  0.1000E-09  0.1000E-09  0.1000E-09  0.7302E+04  0.0000E+00
    0.8654  1  1   32.2051   19.3988   14.4933    7.9847    0.9070    0.7398    0.0026    0.0022    5.2466    4.5502  0.9638E+03  0.1671E+04 -0.2656E-06 -0.3468E-07  0.1000E-09  0.1000E-09  0.1000E-09  0.1000E-09  0.7302E+04  0.0000E+00
    0.8703  1  1   32.2038   19.3986   14.4933    7.9847    0.9072    0.7400    0.0026    0.0022    5.2469    4.5504  0.9623E+03  0.1670E+04 -0.2656E-06 -0.3468E-07  0.1000E-09  0.1000E-09  0.1000E-09  0.1000E-09  0.7302E+04  0.0000E+00
    0.8752  1  1   32.2025   19.3984   14.4933    7.9847    0.9075    0.7401    0.0026    0.0022    5.2472    4.5506  0.9608E+03  0.1669E+04 -0.2656E-06 -0.3468E-07  0.1000E-09  0.1000E-09  0.1000E-09  0.1000E-09  0.7302E+04  0.0000E+00
    0.8801  1  1   32.2012   19.3983   14.4933    7.9847    0.9077    0.7403    0.0026    0.0022    5.2475    4.5507  0.9593E+03  0.1668E+04 -0.2656E-06 -0.3465E-07  0.1000E-09  0.1000E-09  0.1000E-09  0.1000E-09  0.7302E+04  0.0000E+00
    0.8850  1  1   32.1999   19.3981   14.4933    7.9847    0.9080    0.7404    0.0026    0.0022    5.2477    4.5509  0.9579E+03  0.1666E+04 -0.2655E-06 -0.3441E-07  0.1000E-09  0.1000E-09  0.1000E-09  0.1000E-09  0.7303E+04  0.0000E+00
    0.8899  1  1   32.1986   19.3979   14.4933    7.9847    0.9082    0.7405    0.0026    0.0022    5.2480    4.5510  0.9564E+03  0.1665E+04 -0.2654E-06 -0.3416E-07  0.1000E-09  0.1000E-09  0.1000E-09  0.1000E-09  0.7303E+04  0.0000E+00
    0.8949  1  1   32.1973   19.3978   14.4933    7.9847    0.9084    0.7407    0.0026    0.0022    5.2483    4.5512  0.9549E+03  0.1664E+04 -0.2654E-06 -0.3392E-07  0.1000E-09  0.1000E-09  0.1000E-09  0.1000E-09  0.7303E+04  0.0000E+00
    0.8998  1  1   32.1960   19.3976   14.4933    7.9847    0.9087    0.7408    0.0026    0.0022    5.2486    4.5514  0.9534E+03  0.1663E+04 -0.2654E-06 -0.3370E-07  0.1000E-09  0.1000E-09  0.1000E-09  0.1000E-09  0.7303E+04  0.0000E+00
    0.9047  1  1   32.1947   19.3974   14.4933    7.9847    0.9089    0.7410    0.0026    0.0022    5.2488    4.5515  0.9520E+03  0.1662E+04 -0.2654E-06 -0.3370E-07  0.1000E-09  0.1000E-09  0.1000E-09  0.1000E-09  0.7303E+04  0.0000E+00
    0.9096  1  1   32.1934   19.3973   14.4933    7.9847    0.9092    0.7411    0.0026    0.0022    5.2491    4.5517  0.9505E+03  0.1660E+04 -0.2654E-06 -0.3370E-07  0.1000E-09  0.1000E-09  0.1000E-09  0.1000E-09  0.7304E+04  0.0000E+00
    0.9145  1  1   32.1921   19.3971   14.4933    7.9847    0.9094    0.7412    0.0026    0.0022    5.2494    4.5518  0.9490E+03  0.1659E+04 -0.2665E-06 -0.3370E-07  0.1000E-09  0.1000E-09  0.1000E-09  0.1000E-09  0.7304E+04  0.0000E+00
    0.9194  1  1   32.1908   19.3969   14.4933    7.9847    0.9097    0.7414    0.0026    0.0022    5.2497    4.5520  0.9476E+03  0.1658E+04 -0.2676E-06 -0.3370E-07  0.1000E-09  0.1000E-09  0.1000E-09  0.1000E-09  0.7304E+04  0.0000E+00
    0.9244  1  1   32.1894   19.3968   14.4933    7.9847    0.9099    0.7415    0.0026    0.0022    5.2499    4.5521  0.9461E+03  0.1657E+04 -0.2676E-06 -0.3370E-07  0.1000E-09  0.1000E-09  0.1000E-09  0.1000E-09  0.7304E+04  0.0000E+00
    0.9293  1  1   32.1881   19.3966   14.4933    7.9847    0.9102    0.7417    0.0026    0.0022    5.2502    4.5523  0.9446E+03  0.1656E+04 -0.2676E-06 -0.3370E-07  0.1000E-09  0.1000E-09  0.1000E-09  0.1000E-09  0.7305E+04  0.0000E+00
    0.9342  1  1   32.1868   19.3964   14.4933    7.9847    0.9104    0.7418    0.0026    0.0022    5.2505    4.5525  0.9432E+03  0.1654E+04 -0.2676E-06 -0.3401E-07  0.1000E-09  0.1000E-09  0.1000E-09  0.1000E-09  0.7305E+04  0.0000E+00
    0.9391  1  1   32.1855   19.3963   14.4933    7.9847    0.9106    0.7419    0.0026    0.0022    5.2508    4.5526  0.9417E+03  0.1653E+04 -0.2679E-06 -0.3439E-07  0.1000E-09  0.1000E-09  0.1000E-09  0.1000E-09  0.7305E+04  0.0000E+00
    0.9440  1  1   32.1842   19.3961   14.4933    7.9847    0.9109    0.7421    0.0026    0.0022    5.2510    4.5528  0.9402E+03  0.1652E+04 -0.2725E-06 -0.3477E-07  0.1000E-09  0.1000E-09  0.1000E-09  0.1000E-09  0.7305E+04  0.0000E+00
    0.9489  1  1   32.1828   19.3959   14.4933    7.9847    0.9111    0.7422    0.0026    0.0022    5.2513    4.5529  0.9388E+03  0.1651E+04 -0.2768E-06 -0.3515E-07  0.1000E-09  0.1000E-09  0.1000E-09  0.1000E-09  0.7305E+04  0.0000E+00
    0.9539  1  1   32.1814   19.3958   14.4933    7.9847    0.9114    0.7423    0.0026    0.0023    5.2516    4.5531  0.9373E+03  0.1650E+04 -0.2768E-06 -0.3522E-07  0.1000E-09  0.1000E-09  0.1000E-09  0.1000E-09  0.7306E+04  0.0000E+00
    0.9588  1  1   32.1801   19.3956   14.4933    7.9847    0.9116    0.7425    0.0026    0.0023    5.2519    4.5533  0.9358E+03  0.1648E+04 -0.2768E-06 -0.3522E-07  0.1000E-09  0.1000E-09  0.1000E-09  0.1000E-09  0.7306E+04  0.0000E+00
    0.9637  1  1   32.1787   19.3954   14.4933    7.9847    0.9119    0.7426    0.0026    0.0023    5.2521    4.5534  0.9343E+03  0.1647E+04 -0.2768E-06 -0.3522E-07  0.1000E-09  0.1000E-09  0.1000E-09  0.1000E-09  0.7306E+04  0.0000E+00
    0.9686  1  1   32.1774   19.3952   14.4933    7.9847    0.9121    0.7428    0.0026    0.0023    5.2524    4.5536  0.9329E+03  0.1646E+04 -0.2767E-06 -0.3522E-07  0.1000E-09  0.1000E-09  0.1000E-09  0.1000E-09  0.7306E+04  0.0000E+00
    0.9735  1  1   32.1760   19.3951   14.4933    7.9847    0.9124    0.7429    0.0026    0.0023    5.2527    4.5537  0.9314E+03  0.1645E+04 -0.2734E-06 -0.3522E-07  0.1000E-09  0.1000E-09  0.1000E-09  0.1000E-09  0.7306E+04  0.0000E+00
    0.9784  1  1   32.1747   19.3949   14.4933    7.9847    0.9126    0.7430    0.0026    0.0023    5.2530    4.5539  0.9300E+03  0.1644E+04 -0.2703E-06 -0.3522E-07  0.1000E-09  0.1000E-09  0.1000E-09  0.1000E-09  0.7307E+04  0.0000E+00
    0.9834  1  1   32.1734   19.3947   14.4933    7.9847    0.9129    0.7432    0.0026    0.0023    5.2532    4.5541  0.9285E+03  0.1643E+04 -0.2703E-06 -0.3524E-07  0.1000E-09  0.1000E-09  0.1000E-09  0.1000E-09  0.7307E+04  0.0000E+00
    0.9883  1  1   32.1720   19.3945   14.4933    7.9847    0.9131    0.7433    0.0026    0.0023    5.2535    4.5542  0.9271E+03  0.1641E+04 -0.2703E-06 -0.3531E-07  0.1000E-09  0.1000E-09  0.1000E-09  0.1000E-09  0.7307E+04  0.0000E+00
    0.9932  1  1   32.1707   19.3944   14.4933    7.9847    0.9134    0.7434    0.0026    0.0023    5.2538    4.5544  0.9256E+03  0.1640E+04 -0.2703E-06 -0.3538E-07  0.1000E-09  0.1000E-09  0.1000E-09  0.1000E-09  0.7307E+04  0.0000E+00
    0.9981  1  1   32.1694   19.3942   14.4933    7.9847    0.9136    0.7436    0.0026    0.0023    5.2541    4.5545  0.9242E+03  0.1639E+04 -0.2708E-06 -0.3544E-07  0.1000E-09  0.1000E-09  0.1000E-09  0.1000E-09  0.7308E+04  0.0000E+00
    1.0030  1  1   32.1680   19.3940   14.4933    7.9847    0.9138    0.7437    0.0027    0.0023    5.2544    4.5547  0.9227E+03  0.1638E+04 -0.2753E-06 -0.3549E-07  0.1000E-09  0.1000E-09  0.1000E-09  0.1000E-09  0.7308E+04  0.0000E+00
    1.0079  1  1   32.1666   19.3938   14.4933    7.9847    0.9141    0.7439    0.0027    0.0023    5.2546    4.5549  0.9213E+03  0.1637E+04 -0.2793E-06 -0.3548E-07  0.1000E-09  0.1000E-09  0.1000E-09  0.1000E-09  0.7308E+04  0.0000E+00
    1.0129  1  1   32.1653   19.3937   14.4933    7.9847    0.9143    0.7440    0.0027    0.0023    5.2549    4.5550  0.9198E+03  0.1635E+04 -0.2793E-06 -0.3548E-07  0.1000E-09  0.1000E-09  0.1000E-09  0.1000E-09  0.7308E+04  0.0000E+00
    1.0178  1  1   32.1639   19.3935   14.4933    7.9847    0.9146    0.7441    0.0027    0.0023    5.2552    4.5552  0.9184E+03  0.1634E+04 -0.2793E-06 -0.3548E-07  0.1000E-09  0.1000E-09  0.1000E-09  0.1000E-09  0.7308E+04  0.0000E+00
    1.0227  1  1   32.1625   19.3933   14.4933    7.9847    0.9148    0.7443    0.0027    0.0023    5.2555    4.5554  0.9169E+03  0.1633E+04 -0.2793E-06 -0.3548E-07  0.1000E-09  0.1000E-09  0.1000E-09  0.1000E-09  0.7309E+04  0.0000E+00
    1.0276  1  1   32.1611   19.3932   14.4933    7.9847    0.9151    0.7444    0.0027    0.0023    5.2557    4.5555  0.9155E+03  0.1632E+04 -0.2795E-06 -0.3548E-07  0.1000E-09  0.1000E-09  0.1000E-09  0.1000E-09  0.7309E+04  0.0000E+00
    1.0325  1  1   32.1598   19.3930   14.4933    7.9847    0.9153    0.7445    0.0027    0.0023    5.2560    4.5557  0.9140E+03  0.1631E+04 -0.2809E-06 -0.3548E-07  0.1000E-09  0.1000E-09  0.1000E-09  0.1000E-09  0.7309E+04  0.0000E+00
    1.0374  1  1   32.1584   19.3928   14.4933    7.9847    0.9156    0.7447    0.0027    0.0023    5.2563    4.5558  0.9125E+03  0.1630E+04 -0.2821E-06 -0.3512E-07  0.1000E-09  0.1000E-09  0.1000E-09  0.1000E-09  0.7309E+04  0.0000E+00
    1.0424  1  1   32.1570   19.3926   14.4933    7.9847    0.9158    0.7448    0.0027    0.0023    5.2566    4.5560  0.9111E+03  0.1629E+04 -0.2821E-06 -0.3476E-07  0.1000E-09  0.1000E-09  0.1000E-09  0.1000E-09  0.7309E+04  0.0000E+00
    1.0473  1  1   32.1556   19.3925   14.4933    7.9847    0.9161    0.7449    0.0027    0.0023    5.2568    4.5562  0.9097E+03  0.1627E+04 -0.2821E-06 -0.3439E-07  0.1000E-09  0.1000E-09  0.1000E-09  0.1000E-09  0.7310E+04  0.0000E+00
    1.0522  1  1   32.1542   19.3923   14.4933    7.9847    0.9163    0.7451    0.0027    0.0023    5.2571    4.5563  0.9082E+03  0.1626E+04 -0.2821E-06 -0.3403E-07  0.1000E-09  0.1000E-09  0.1000E-09  0.1000E-09  0.7310E+04  0.0000E+00
    1.0571  1  1   32.1528   19.3921   14.4933    7.9847    0.9166    0.7452    0.0027    0.0023    5.2574    4.5565  0.9068E+03  0.1625E+04 -0.2821E-06 -0.3403E-07  0.1000E-09  0.1000E-09  0.1000E-09  0.1000E-09  0.7310E+04  0.0000E+00
    1.0620  1  1   32.1514   19.3920   14.4933    7.9847    0.9168    0.7453    0.0027    0.0023    5.2577    4.5566  0.9053E+03  0.1624E+04 -0.2822E-06 -0.3403E-07  0.1000E-09  0.1000E-09  0.1000E-09  0.1000E-09  0.7310E+04  0.0000E+00
    1.0669  1  1   32.1500   19.3918   14.4933    7.9847    0.9171    0.7455    0.0027    0.0023    5.2580    4.5568  0.9039E+03  0.1623E+04 -0.2823E-06 -0.3403E-07  0.1000E-09  0.1000E-09  0.1000E-09  0.1000E-09  0.7311E+04  0.0000E+00
    1.0719  1  1   32.1487   19.3916   14.4933    7.9847    0.9173    0.7456    0.0027    0.0023    5.2582    4.5569  0.9024E+03  0.1622E+04 -0.2823E-06 -0.3403E-07  0.1000E-09  0.1000E-09  0.1000E-09  0.1000E-09  0.7311E+04  0.0000E+00
    1.0768  1  1   32.1473   19.3915   14.4933    7.9847    0.9176    0.7457    0.0027    0.0023    5.2585    4.5571  0.9010E+03  0.1621E+04 -0.2823E-06 -0.3403E-07  0.1000E-09  0.1000E-09  0.1000E-09  0.1000E-09  0.7311E+04  0.0000E+00
    1.0817  1  1   32.1459   19.3913   14.4933    7.9847    0.9178    0.7459    0.0027    0.0023    5.2588    4.5573  0.8996E+03  0.1619E+04 -0.2823E-06 -0.3403E-07  0.1000E-09  0.1000E-09  0.1000E-09  0.1000E-09  0.7311E+04  0.0000E+00
    1.0866  1  1   32.1445   19.3911   14.4933    7.9847    0.9181    0.7460    0.0027    0.0023    5.2591    4.5574  0.8981E+03  0.1618E+04 -0.2823E-06 -0.3409E-07  0.1000E-09  0.1000E-09  0.1000E-09  0.1000E-09  0.7311E+04  0.0000E+00
    1.0915  1  1   32.1431   19.3910   14.4933    7.9847    0.9183    0.7461    0.0027    0.0023    5.2594    4.5576  0.8967E+03  0.1617E+04 -0.2823E-06 -0.3459E-07  0.1000E-09  0.1000E-09  0.1000E-09  0.1000E-09  0.7312E+04  0.0000E+00
    1.0964  1  1   32.1417   19.3908   14.4933    7.9847    0.9186    0.7463    0.0027    0.0023    5.2596    4.5577  0.8953E+03  0.1616E+04 -0.2822E-06 -0.3510E-07  0.1000E-09  0.1000E-09  0.1000E-09  0.1000E-09  0.7312E+04  0.0000E+00
    1.1014  1  1   32.1403   19.3906   14.4933    7.9847    0.9188    0.7464    0.0027    0.0023    5.2599    4.5579  0.8938E+03  0.1615E+04 -0.2822E-06 -0.3560E-07  0.1000E-09  0.1000E-09  0.1000E-09  0.1000E-09  0.7312E+04  0.0000E+00
    1.1063  1  1   32.1389   19.3904   14.4933    7.9847    0.9191    0.7465    0.0027    0.0023    5.2602    4.5581  0.8924E+03  0.1614E+04 -0.2822E-06 -0.3604E-07  0.1000E-09  0.1000E-09  0.1000E-09  0.1000E-09  0.7312E+04  0.0000E+00
    1.1112  1  1   32.1376   19.3903   14.4933    7.9847    0.9193    0.7467    0.0027    0.0023    5.2605    4.5582  0.8910E+03  0.1613E+04 -0.2822E-06 -0.3604E-07  0.1000E-09  0.1000E-09  0.1000E-09  0.1000E-09  0.7313E+04  0.0000E+00
    1.1161  1  1   32.1362   19.3901   14.4933    7.9847    0.9196    0.7468    0.0027    0.0023    5.2607    4.5584  0.8895E+03  0.1612E+04 -0.2825E-06 -0.3604E-07  0.1000E-09  0.1000E-09  0.1000E-09  0.1000E-09  0.7313E+04  0.0000E+00
    1.1210  1  1   32.1348   19.3899   14.4933    7.9847    0.9198    0.7469    0.0027    0.0023    5.2610    4.5585  0.8881E+03  0.1610E+04 -0.2838E-06 -0.3604E-07  0.1000E-09  0.1000E-09  0.1000E-09  0.1000E-09  0.7313E+04  0.0000E+00
    1.1259  1  1   32.1334   19.3897   14.4933    7.9847    0.9201    0.7471    0.0027    0.0023    5.2613    4.5587  0.8867E+03  0.1609E+04 -0.2848E-06 -0.3604E-07  0.1000E-09  0.1000E-09  0.1000E-09  0.1000E-09  0.7313E+04  0.0000E+00
    1.1309  1  1   32.1320   19.3895   14.4933    7.9847    0.9203    0.7472    0.0027    0.0023    5.2616    4.5589  0.8853E+03  0.1608E+04 -0.2848E-06 -0.3604E-07  0.1000E-09  0.1000E-09  0.1000E-09  0.1000E-09  0.7313E+04  0.0000E+00
    1.1358  1  1   32.1306   19.3894   14.4933    7.9847    0.9206    0.7473    0.0027    0.0023    5.2619    4.5590  0.8838E+03  0.1607E+04 -0.2848E-06 -0.3604E-07  0.1000E-09  0.1000E-09  0.1000E-09  0.1000E-09  0.7314E+04  0.0000E+00
    1.1407  1  1   32.1292   19.3892   14.4933    7.9847    0.9208    0.7475    0.0027    0.0023    5.2621    4.5592  0.8824E+03  0.1606E+04 -0.2848E-06 -0.3572E-07  0.1000E-09  0.1000E-09  0.1000E-09  0.1000E-09  0.7314E+04  0.0000E+00
    1.1456  1  1   32.1278   19.3890   14.4933    7.9847    0.9211    0.7476    0.0027    0.0023    5.2624    4.5594  0.8810E+03  0.1605E+04 -0.2863E-06 -0.3536E-07  0.1000E-09  0.1000E-09  0.1000E-09  0.1000E-09  0.7314E+04  0.0000E+00
    1.1505  1  1   32.1263   19.3888   14.4933    7.9847    0.9213    0.7477    0.0027    0.0023    5.2627    4.5595  0.8795E+03  0.1604E+04 -0.2911E-06 -0.3501E-07  0.1000E-09  0.1000E-09  0.1000E-09  0.1000E-09  0.7314E+04  0.0000E+00
    1.1554  1  1   32.1249   19.3887   14.4933    7.9847    0.9216    0.7479    0.0027    0.0023    5.2630    4.5597  0.8781E+03  0.1603E+04 -0.2946E-06 -0.3465E-07  0.1000E-09  0.1000E-09  0.1000E-09  0.1000E-09  0.7315E+04  0.0000E+00
    1.1604  1  1   32.1234   19.3885   14.4933    7.9847    0.9219    0.7480    0.0027    0.0023    5.2633    4.5598  0.8767E+03  0.1602E+04 -0.2946E-06 -0.3462E-07  0.1000E-09  0.1000E-09  0.1000E-09  0.1000E-09  0.7315E+04  0.0000E+00
    1.1653  1  1   32.1220   19.3883   14.4933    7.9847    0.9221    0.7481    0.0027    0.0023    5.2635    4.5600  0.8752E+03  0.1600E+04 -0.2946E-06 -0.3462E-07  0.1000E-09  0.1000E-09  0.1000E-09  0.1000E-09  0.7315E+04  0.0000E+00
    1.1702  1  1   32.1205   19.3882   14.4933    7.9847    0.9224    0.7483    0.0027    0.0023    5.2638    4.5601  0.8738E+03  0.1599E+04 -0.2946E-06 -0.3462E-07  0.1000E-09  0.1000E-09  0.1000E-09  0.1000E-09  0.7315E+04  0.0000E+00
    1.1751  1  1   32.1191   19.3880   14.4933    7.9847    0.9226    0.7484    0.0027    0.0023    5.2641    4.5603  0.8724E+03  0.1598E+04 -0.2949E-06 -0.3462E-07  0.1000E-09  0.1000E-09  0.1000E-09  0.1000E-09  0.7316E+04  0.0000E+00
    1.1800  1  1   32.1176   19.3878   14.4933    7.9847    0.9229    0.7485    0.0027    0.0023    5.2644    4.5605  0.8709E+03  0.1597E+04 -0.2960E-06 -0.3462E-07  0.1000E-09  0.1000E-09  0.1000E-09  0.1000E-09  0.7316E+04  0.0000E+00
    1.1849  1  1   32.1162   19.3877   14.4933    7.9847    0.9231    0.7486    0.0027    0.0023    5.2647    4.5606  0.8695E+03  0.1596E+04 -0.2968E-06 -0.3462E-07  0.1000E-09  0.1000E-09  0.1000E-09  0.1000E-09  0.7316E+04  0.0000E+00
    1.1899  1  1   32.1147   19.3875   14.4933    7.9847    0.9234    0.7488    0.0027    0.0023    5.2649    4.5608  0.8681E+03  0.1595E+04 -0.2968E-06 -0.3463E-07  0.1000E-09  0.1000E-09  0.1000E-09  0.1000E-09  0.7316E+04  0.0000E+00
    1.1948  1  1   32.1133   19.3873   14.4933    7.9847    0.9236    0.7489    0.0027    0.0023    5.2652    4.5609  0.8667E+03  0.1594E+04 -0.2968E-06 -0.3467E-07  0.1000E-09  0.1000E-09  0.1000E-09  0.1000E-09  0.7316E+04  0.0000E+00
    1.1997  1  1   32.1118   19.3871   14.4933    7.9847    0.9239    0.7490    0.0027    0.0023    5.2655    4.5611  0.8652E+03  0.1593E+04 -0.2968E-06 -0.3470E-07  0.1000E-09  0.1000E-09  0.1000E-09  0.1000E-09  0.7317E+04  0.0000E+00
    1.2046  1  1   32.1103   19.3870   14.4933    7.9847    0.9242    0.7492    0.0027    0.0023    5.2658    4.5613  0.8638E+03  0.1592E+04 -0.2968E-06 -0.3474E-07  0.1000E-09  0.1000E-09  0.1000E-09  0.1000E-09  0.7317E+04  0.0000E+00
    1.2095  1  1   32.1089   19.3868   14.4933    7.9847    0.9244    0.7493    0.0027    0.0023    5.2661    4.5614  0.8624E+03  0.1591E+04 -0.2968E-06 -0.3477E-07  0.1000E-09  0.1000E-09  0.1000E-09  0.1000E-09  0.7317E+04  0.0000E+00
    1.2144  1  1   32.1074   19.3866   14.4933    7.9847    0.9247    0.7494    0.0027    0.0023    5.2663    4.5616  0.8610E+03  0.1590E+04 -0.2968E-06 -0.3477E-07  0.1000E-09  0.1000E-09  0.1000E-09  0.1000E-09  0.7317E+04  0.0000E+00
    1.2194  1  1   32.1060   19.3865   14.4933    7.9847    0.9249    0.7496    0.0027    0.0023    5.2666    4.5617  0.8595E+03  0.1588E+04 -0.2968E-06 -0.3477E-07  0.1000E-09  0.1000E-09  0.1000E-09  0.1000E-09  0.7318E+04  0.0000E+00
    1.2243  1  1   32.1045   19.3863   14.4933    7.9847    0.9252    0.7497    0.0027    0.0023    5.2669    4.5619  0.8581E+03  0.1587E+04 -0.2968E-06 -0.3477E-07  0.1000E-09  0.1000E-09  0.1000E-09  0.1000E-09  0.7318E+04  0.0000E+00
    1.2292  1  1   32.1030   19.3861   14.4933    7.9847    0.9254    0.7498    0.0027    0.0023    5.2672    4.5621  0.8567E+03  0.1586E+04 -0.2968E-06 -0.3477E-07  0.1000E-09  0.1000E-09  0.1000E-09  0.1000E-09  0.7318E+04  0.0000E+00
    1.2341  1  1   32.1016   19.3859   14.4933    7.9847    0.9257    0.7499    0.0027    0.0023    5.2675    4.5622  0.8553E+03  0.1585E+04 -0.2970E-06 -0.3477E-07  0.1000E-09  0.1000E-09  0.1000E-09  0.1000E-09  0.7318E+04  0.0000E+00
    1.2390  1  1   32.1001   19.3858   14.4933    7.9847    0.9260    0.7501    0.0027    0.0023    5.2678    4.5624  0.8539E+03  0.1584E+04 -0.2973E-06 -0.3477E-07  0.1000E-09  0.1000E-09  0.1000E-09  0.1000E-09  0.7319E+04  0.0000E+00
    1.2439  1  1   32.0987   19.3856   14.4933    7.9847    0.9262    0.7502    0.0027    0.0023    5.2680    4.5625  0.8525E+03  0.1583E+04 -0.2976E-06 -0.3523E-07  0.1000E-09  0.1000E-09  0.1000E-09  0.1000E-09  0.7319E+04  0.0000E+00
    1.2489  1  1   32.0972   19.3854   14.4933    7.9847    0.9265    0.7503    0.0027    0.0023    5.2683    4.5627  0.8510E+03  0.1582E+04 -0.2976E-06 -0.3608E-07  0.1000E-09  0.1000E-09  0.1000E-09  0.1000E-09  0.7319E+04  0.0000E+00
    1.2538  1  1   32.0957   19.3852   14.4933    7.9847    0.9267    0.7505    0.0027    0.0023    5.2686    4.5629  0.8496E+03  0.1581E+04 -0.2976E-06 -0.3694E-07  0.1000E-09  0.1000E-09  0.1000E-09  0.1000E-09  0.7319E+04  0.0000E+00
    1.2587  1  1   32.0943   19.3851   14.4933    7.9847    0.9270    0.7506    0.0027    0.0023    5.2689    4.5630  0.8482E+03  0.1580E+04 -0.2976E-06 -0.3779E-07  0.1000E-09  0.1000E-09  0.1000E-09  0.1000E-09  0.7319E+04  0.0000E+00
    1.2636  1  1   32.0928   19.3849   14.4933    7.9847    0.9272    0.7507    0.0027    0.0023    5.2692    4.5632  0.8468E+03  0.1579E+04 -0.2981E-06 -0.3818E-07  0.1000E-09  0.1000E-09  0.1000E-09  0.1000E-09  0.7320E+04  0.0000E+00
    1.2685  1  1   32.0913   19.3847   14.4933    7.9847    0.9275    0.7508    0.0027    0.0023    5.2695    4.5634  0.8454E+03  0.1578E+04 -0.2993E-06 -0.3818E-07  0.1000E-09  0.1000E-09  0.1000E-09  0.1000E-09  0.7320E+04  0.0000E+00
    1.2734  1  1   32.0899   19.3845   14.4933    7.9847    0.9278    0.7510    0.0027    0.0023    5.2697    4.5635  0.8440E+03  0.1577E+04 -0.3001E-06 -0.3818E-07  0.1000E-09  0.1000E-09  0.1000E-09  0.1000E-09  0.7320E+04  0.0000E+00
    1.2784  1  1   32.0884   19.3843   14.4933    7.9847    0.9280    0.7511    0.0027    0.0023    5.2700    4.5637  0.8426E+03  0.1576E+04 -0.3001E-06 -0.3818E-07  0.1000E-09  0.1000E-09  0.1000E-09  0.1000E-09  0.7320E+04  0.0000E+00
    1.2833  1  1   32.0869   19.3841   14.4933    7.9847    0.9283    0.7512    0.0027    0.0023    5.2703    4.5639  0.8412E+03  0.1574E+04 -0.3001E-06 -0.3818E-07  0.1000E-09  0.1000E-09  0.1000E-09  0.1000E-09  0.7321E+04  0.0000E+00
    1.2882  1  1   32.0854   19.3839   14.4933    7.9847    0.9285    0.7514    0.0027    0.0023    5.2706    4.5640  0.8397E+03  0.1573E+04 -0.3001E-06 -0.3818E-07  0.1000E-09  0.1000E-09  0.1000E-09  0.1000E-09  0.7321E+04  0.0000E+00
    1.2931  1  1   32.0839   19.3837   14.4933    7.9847    0.9288    0.7515    0.0027    0.0023    5.2709    4.5642  0.8383E+03  0.1572E+04 -0.3025E-06 -0.3798E-07  0.1000E-09  0.1000E-09  0.1000E-09  0.1000E-09  0.7321E+04  0.0000E+00
    1.2980  1  1   32.0824   19.3836   14.4933    7.9847    0.9291    0.7516    0.0027    0.0023    5.2712    4.5644  0.8369E+03  0.1571E+04 -0.3074E-06 -0.3733E-07  0.1000E-09  0.1000E-09  0.1000E-09  0.1000E-09  0.7321E+04  0.0000E+00
    1.3029  1  1   32.0809   19.3834   14.4933    7.9847    0.9293    0.7517    0.0027    0.0023    5.2714    4.5645  0.8355E+03  0.1570E+04 -0.3098E-06 -0.3668E-07  0.1000E-09  0.1000E-09  0.1000E-09  0.1000E-09  0.7322E+04  0.0000E+00
    1.3079  1  1   32.0794   19.3832   14.4933    7.9847    0.9296    0.7519    0.0027    0.0023    5.2717    4.5647  0.8341E+03  0.1569E+04 -0.3098E-06 -0.3602E-07  0.1000E-09  0.1000E-09  0.1000E-09  0.1000E-09  0.7322E+04  0.0000E+00
    1.3128  1  1   32.0779   19.3830   14.4933    7.9847    0.9299    0.7520    0.0027    0.0023    5.2720    4.5649  0.8327E+03  0.1568E+04 -0.3098E-06 -0.3558E-07  0.1000E-09  0.1000E-09  0.1000E-09  0.1000E-09  0.7322E+04  0.0000E+00
    1.3177  1  1   32.0763   19.3829   14.4933    7.9847    0.9301    0.7521    0.0027    0.0023    5.2723    4.5650  0.8312E+03  0.1567E+04 -0.3098E-06 -0.3558E-07  0.1000E-09  0.1000E-09  0.1000E-09  0.1000E-09  0.7322E+04  0.0000E+00
    1.3226  1  1   32.0748   19.3827   14.4933    7.9847    0.9304    0.7522    0.0027    0.0023    5.2726    4.5652  0.8298E+03  0.1566E+04 -0.3098E-06 -0.3558E-07  0.1000E-09  0.1000E-09  0.1000E-09  0.1000E-09  0.7323E+04  0.0000E+00
    1.3275  1  1   32.0733   19.3825   14.4933    7.9847    0.9306    0.7523    0.0028    0.0023    5.2729    4.5653  0.8284E+03  0.1565E+04 -0.3100E-06 -0.3558E-07  0.1000E-09  0.1000E-09  0.1000E-09  0.1000E-09  0.7323E+04  0.0000E+00
    1.3325  1  1   32.0718   19.3823   14.4933    7.9847    0.9309    0.7525    0.0028    0.0023    5.2731    4.5655  0.8270E+03  0.1564E+04 -0.3100E-06 -0.3558E-07  0.1000E-09  0.1000E-09  0.1000E-09  0.1000E-09  0.7323E+04  0.0000E+00
    1.3374  1  1   32.0702   19.3822   14.4933    7.9847    0.9312    0.7526    0.0028    0.0023    5.2734    4.5657  0.8256E+03  0.1563E+04 -0.3100E-06 -0.3558E-07  0.1000E-09  0.1000E-09  0.1000E-09  0.1000E-09  0.7323E+04  0.0000E+00
    1.3423  1  1   32.0687   19.3820   14.4933    7.9847    0.9314    0.7527    0.0028    0.0023    5.2737    4.5658  0.8242E+03  0.1562E+04 -0.3100E-06 -0.3558E-07  0.1000E-09  0.1000E-09  0.1000E-09  0.1000E-09  0.7324E+04  0.0000E+00
    1.3472  1  1   32.0672   19.3818   14.4933    7.9847    0.9317    0.7528    0.0028    0.0023    5.2740    4.5660  0.8228E+03  0.1561E+04 -0.3100E-06 -0.3586E-07  0.1000E-09  0.1000E-09  0.1000E-09  0.1000E-09  0.7324E+04  0.0000E+00
    1.3521  1  1   32.0657   19.3816   14.4933    7.9847    0.9320    0.7530    0.0028    0.0023    5.2743    4.5662  0.8213E+03  0.1560E+04 -0.3108E-06 -0.3622E-07  0.1000E-09  0.1000E-09  0.1000E-09  0.1000E-09  0.7324E+04  0.0000E+00
    1.3570  1  1   32.0641   19.3814   14.4933    7.9847    0.9322    0.7531    0.0028    0.0023    5.2746    4.5663  0.8199E+03  0.1559E+04 -0.3123E-06 -0.3658E-07  0.1000E-09  0.1000E-09  0.1000E-09  0.1000E-09  0.7324E+04  0.0000E+00
    1.3620  1  1   32.0626   19.3813   14.4933    7.9847    0.9325    0.7532    0.0028    0.0023    5.2749    4.5665  0.8185E+03  0.1558E+04 -0.3129E-06 -0.3694E-07  0.1000E-09  0.1000E-09  0.1000E-09  0.1000E-09  0.7325E+04  0.0000E+00
    1.3669  1  1   32.0611   19.3811   14.4933    7.9847    0.9328    0.7533    0.0028    0.0023    5.2751    4.5666  0.8171E+03  0.1557E+04 -0.3129E-06 -0.3701E-07  0.1000E-09  0.1000E-09  0.1000E-09  0.1000E-09  0.7325E+04  0.0000E+00
    1.3718  1  1   32.0595   19.3809   14.4933    7.9847    0.9330    0.7535    0.0028    0.0023    5.2754    4.5668  0.8157E+03  0.1556E+04 -0.3129E-06 -0.3701E-07  0.1000E-09  0.1000E-09  0.1000E-09  0.1000E-09  0.7325E+04  0.0000E+00
    1.3767  1  1   32.0580   19.3807   14.4933    7.9847    0.9333    0.7536    0.0028    0.0023    5.2757    4.5670  0.8143E+03  0.1555E+04 -0.3129E-06 -0.3701E-07  0.1000E-09  0.1000E-09  0.1000E-09  0.1000E-09  0.7325E+04  0.0000E+00
    1.3816  1  1   32.0564   19.3805   14.4933    7.9847    0.9336    0.7537    0.0028    0.0023    5.2760    4.5671  0.8129E+03  0.1554E+04 -0.3130E-06 -0.3701E-07  0.1000E-09  0.1000E-09  0.1000E-09  0.1000E-09  0.7325E+04  0.0000E+00
    1.3865  1  1   32.0549   19.3804   14.4933    7.9847    0.9338    0.7538    0.0028    0.0023    5.2763    4.5673  0.8115E+03  0.1553E+04 -0.3131E-06 -0.3701E-07  0.1000E-09  0.1000E-09  0.1000E-09  0.1000E-09  0.7326E+04  0.0000E+00
    1.3915  1  1   32.0534   19.3802   14.4933    7.9847    0.9341    0.7539    0.0028    0.0023    5.2766    4.5675  0.8101E+03  0.1552E+04 -0.3131E-06 -0.3701E-07  0.1000E-09  0.1000E-09  0.1000E-09  0.1000E-09  0.7326E+04  0.0000E+00
    1.3964  1  1   32.0518   19.3800   14.4933    7.9847    0.9344    0.7541    0.0028    0.0023    5.2769    4.5676  0.8087E+03  0.1551E+04 -0.3131E-06 -0.3702E-07  0.1000E-09  0.1000E-09  0.1000E-09  0.1000E-09  0.7326E+04  0.0000E+00
    1.4013  1  1   32.0503   19.3798   14.4933    7.9847    0.9347    0.7542    0.0028    0.0023    5.2772    4.5678  0.8072E+03  0.1550E+04 -0.3131E-06 -0.3712E-07  0.1000E-09  0.1000E-09  0.1000E-09  0.1000E-09  0.7326E+04  0.0000E+00
    1.4062  1  1   32.0487   19.3796   14.4933    7.9847    0.9349    0.7543    0.0028    0.0023    5.2774    4.5679  0.8058E+03  0.1549E+04 -0.3131E-06 -0.3722E-07  0.1000E-09  0.1000E-09  0.1000E-09  0.1000E-09  0.7327E+04  0.0000E+00
    1.4111  1  1   32.0472   19.3794   14.4933    7.9847    0.9352    0.7544    0.0028    0.0023    5.2777    4.5681  0.8044E+03  0.1548E+04 -0.3162E-06 -0.3733E-07  0.1000E-09  0.1000E-09  0.1000E-09  0.1000E-09  0.7327E+04  0.0000E+00
    1.4160  1  1   32.0456   19.3793   14.4933    7.9847    0.9355    0.7546    0.0028    0.0023    5.2780    4.5683  0.8030E+03  0.1547E+04 -0.3208E-06 -0.3741E-07  0.1000E-09  0.1000E-09  0.1000E-09  0.1000E-09  0.7327E+04  0.0000E+00
    1.4210  1  1   32.0440   19.3791   14.4933    7.9847    0.9357    0.7547    0.0028    0.0023    5.2783    4.5684  0.8016E+03  0.1546E+04 -0.3224E-06 -0.3741E-07  0.1000E-09  0.1000E-09  0.1000E-09  0.1000E-09  0.7327E+04  0.0000E+00
    1.4259  1  1   32.0424   19.3789   14.4933    7.9847    0.9360    0.7548    0.0028    0.0023    5.2786    4.5686  0.8002E+03  0.1545E+04 -0.3224E-06 -0.3741E-07  0.1000E-09  0.1000E-09  0.1000E-09  0.1000E-09  0.7328E+04  0.0000E+00
    1.4308  1  1   32.0409   19.3787   14.4933    7.9847    0.9363    0.7549    0.0028    0.0023    5.2789    4.5688  0.7988E+03  0.1544E+04 -0.3224E-06 -0.3741E-07  0.1000E-09  0.1000E-09  0.1000E-09  0.1000E-09  0.7328E+04  0.0000E+00
    1.4357  1  1   32.0393   19.3785   14.4933    7.9847    0.9366    0.7551    0.0028    0.0023    5.2792    4.5689  0.7974E+03  0.1543E+04 -0.3224E-06 -0.3741E-07  0.1000E-09  0.1000E-09  0.1000E-09  0.1000E-09  0.7328E+04  0.0000E+00
    1.4406  1  1   32.0377   19.3783   14.4933    7.9847    0.9368    0.7552    0.0028    0.0023    5.2795    4.5691  0.7960E+03  0.1542E+04 -0.3257E-06 -0.3741E-07  0.1000E-09  0.1000E-09  0.1000E-09  0.1000E-09  0.7328E+04  0.0000E+00
    1.4455  1  1   32.0360   19.3782   14.4933    7.9847    0.9371    0.7553    0.0028    0.0023    5.2797    4.5692  0.7945E+03  0.1540E+04 -0.3308E-06 -0.3741E-07  0.1000E-09  0.1000E-09  0.1000E-09  0.1000E-09  0.7329E+04  0.0000E+00
    1.4505  1  1   32.0344   19.3780   14.4933    7.9847    0.9374    0.7554    0.0028    0.0023    5.2800    4.5694  0.7931E+03  0.1539E+04 -0.3324E-06 -0.3743E-07  0.1000E-09  0.1000E-09  0.1000E-09  0.1000E-09  0.7329E+04  0.0000E+00
    1.4554  1  1   32.0328   19.3778   14.4933    7.9847    0.9377    0.7556    0.0028    0.0023    5.2803    4.5696  0.7917E+03  0.1538E+04 -0.3324E-06 -0.3745E-07  0.1000E-09  0.1000E-09  0.1000E-09  0.1000E-09  0.7329E+04  0.0000E+00
    1.4603  1  1   32.0311   19.3776   14.4933    7.9847    0.9379    0.7557    0.0028    0.0023    5.2806    4.5697  0.7903E+03  0.1537E+04 -0.3324E-06 -0.3748E-07  0.1000E-09  0.1000E-09  0.1000E-09  0.1000E-09  0.7330E+04  0.0000E+00
    1.4652  1  1   32.0295   19.3774   14.4933    7.9847    0.9382    0.7558    0.0028    0.0023    5.2809    4.5699  0.7889E+03  0.1536E+04 -0.3324E-06 -0.3750E-07  0.1000E-09  0.1000E-09  0.1000E-09  0.1000E-09  0.7330E+04  0.0000E+00
    1.4701  1  1   32.0279   19.3772   14.4933    7.9847    0.9385    0.7559    0.0028    0.0023    5.2812    4.5701  0.7874E+03  0.1535E+04 -0.3302E-06 -0.3752E-07  0.1000E-09  0.1000E-09  0.1000E-09  0.1000E-09  0.7330E+04  0.0000E+00
    1.4750  1  1   32.0263   19.3770   14.4933    7.9847    0.9388    0.7561    0.0028    0.0023    5.2815    4.5702  0.7860E+03  0.1534E+04 -0.3266E-06 -0.3752E-07  0.1000E-09  0.1000E-09  0.1000E-09  0.1000E-09  0.7330E+04  0.0000E+00
    1.4800  1  1   32.0247   19.3769   14.4933    7.9847    0.9390    0.7562    0.0028    0.0023    5.2817    4.5704  0.7846E+03  0.1533E+04 -0.3254E-06 -0.3752E-07  0.1000E-09  0.1000E-09  0.1000E-09  0.1000E-09  0.7331E+04  0.0000E+00
    1.4849  1  1   32.0231   19.3767   14.4933    7.9847    0.9393    0.7563    0.0028    0.0023    5.2820    4.5705  0.7832E+03  0.1532E+04 -0.3254E-06 -0.3752E-07  0.1000E-09  0.1000E-09  0.1000E-09  0.1000E-09  0.7331E+04  0.0000E+00
    1.4898  1  1   32.0215   19.3765   14.4933    7.9847    0.9396    0.7564    0.0028    0.0023    5.2823    4.5707  0.7818E+03  0.1531E+04 -0.3254E-06 -0.3752E-07  0.1000E-09  0.1000E-09  0.1000E-09  0.1000E-09  0.7331E+04  0.0000E+00
    1.4947  1  1   32.0199   19.3763   14.4933    7.9847    0.9399    0.7566    0.0028    0.0023    5.2826    4.5709  0.7804E+03  0.1530E+04 -0.3254E-06 -0.3752E-07  0.1000E-09  0.1000E-09  0.1000E-09  0.1000E-09  0.7331E+04  0.0000E+00
    1.4996  1  1   32.0183   19.3761   14.4933    7.9847    0.9401    0.7567    0.0028    0.0023    5.2829    4.5710  0.7790E+03  0.1529E+04 -0.3257E-06 -0.3752E-07  0.1000E-09  0.1000E-09  0.1000E-09  0.1000E-09  0.7332E+04  0.0000E+00
    1.5045  1  1   32.0167   19.3759   14.4933    7.9847    0.9404    0.7568    0.0028    0.0023    5.2832    4.5712  0.7776E+03  0.1528E+04 -0.3261E-06 -0.3762E-07  0.1000E-09  0.1000E-09  0.1000E-09  0.1000E-09  0.7332E+04  0.0000E+00
    1.5095  1  1   32.0151   19.3758   14.4933    7.9847    0.9407    0.7569    0.0028    0.0023    5.2835    4.5714  0.7762E+03  0.1527E+04 -0.3263E-06 -0.3772E-07  0.1000E-09  0.1000E-09  0.1000E-09  0.1000E-09  0.7332E+04  0.0000E+00
    1.5144  1  1   32.0135   19.3756   14.4933    7.9847    0.9410    0.7571    0.0028    0.0023    5.2838    4.5715  0.7748E+03  0.1526E+04 -0.3263E-06 -0.3782E-07  0.1000E-09  0.1000E-09  0.1000E-09  0.1000E-09  0.7332E+04  0.0000E+00
    1.5193  1  1   32.0119   19.3754   14.4933    7.9847    0.9413    0.7572    0.0028    0.0023    5.2840    4.5717  0.7734E+03  0.1525E+04 -0.3263E-06 -0.3791E-07  0.1000E-09  0.1000E-09  0.1000E-09  0.1000E-09  0.7333E+04  0.0000E+00
    1.5242  1  1   32.0103   19.3752   14.4933    7.9847    0.9415    0.7573    0.0028    0.0023    5.2843    4.5718  0.7720E+03  0.1524E+04 -0.3263E-06 -0.3791E-07  0.1000E-09  0.1000E-09  0.1000E-09  0.1000E-09  0.7333E+04  0.0000E+00
    1.5291  1  1   32.0086   19.3750   14.4933    7.9847    0.9418    0.7574    0.0028    0.0023    5.2846    4.5720  0.7706E+03  0.1523E+04 -0.3298E-06 -0.3791E-07  0.1000E-09  0.1000E-09  0.1000E-09  0.1000E-09  0.7333E+04  0.0000E+00
    1.5340  1  1   32.0070   19.3748   14.4933    7.9847    0.9421    0.7576    0.0028    0.0023    5.2849    4.5722  0.7692E+03  0.1522E+04 -0.3346E-06 -0.3791E-07  0.1000E-09  0.1000E-09  0.1000E-09  0.1000E-09  0.7333E+04  0.0000E+00
    1.5390  1  1   32.0053   19.3746   14.4933    7.9847    0.9424    0.7577    0.0028    0.0023    5.2852    4.5723  0.7678E+03  0.1521E+04 -0.3359E-06 -0.3791E-07  0.1000E-09  0.1000E-09  0.1000E-09  0.1000E-09  0.7334E+04  0.0000E+00
    1.5439  1  1   32.0037   19.3744   14.4933    7.9847    0.9427    0.7578    0.0028    0.0023    5.2855    4.5725  0.7664E+03  0.1520E+04 -0.3359E-06 -0.3791E-07  0.1000E-09  0.1000E-09  0.1000E-09  0.1000E-09  0.7334E+04  0.0000E+00
    1.5488  1  1   32.0020   19.3743   14.4933    7.9847    0.9429    0.7579    0.0028    0.0023    5.2858    4.5727  0.7650E+03  0.1519E+04 -0.3359E-06 -0.3791E-07  0.1000E-09  0.1000E-09  0.1000E-09  0.1000E-09  0.7334E+04  0.0000E+00
    1.5537  1  1   32.0004   19.3741   14.4933    7.9847    0.9432    0.7581    0.0028    0.0023    5.2861    4.5728  0.7636E+03  0.1518E+04 -0.3359E-06 -0.3767E-07  0.1000E-09  0.1000E-09  0.1000E-09  0.1000E-09  0.7334E+04  0.0000E+00
    1.5586  1  1   31.9987   19.3739   14.4933    7.9847    0.9435    0.7582    0.0028    0.0023    5.2864    4.5730  0.7622E+03  0.1517E+04 -0.3333E-06 -0.3731E-07  0.1000E-09  0.1000E-09  0.1000E-09  0.1000E-09  0.7335E+04  0.0000E+00
    1.5635  1  1   31.9971   19.3737   14.4933    7.9847    0.9438    0.7583    0.0028    0.0023    5.2867    4.5731  0.7608E+03  0.1516E+04 -0.3300E-06 -0.3694E-07  0.1000E-09  0.1000E-09  0.1000E-09  0.1000E-09  0.7335E+04  0.0000E+00
    1.5685  1  1   31.9955   19.3735   14.4933    7.9847    0.9441    0.7584    0.0028    0.0023    5.2870    4.5733  0.7594E+03  0.1515E+04 -0.3291E-06 -0.3658E-07  0.1000E-09  0.1000E-09  0.1000E-09  0.1000E-09  0.7335E+04  0.0000E+00
    1.5734  1  1   31.9939   19.3734   14.4933    7.9847    0.9444    0.7586    0.0028    0.0023    5.2872    4.5735  0.7580E+03  0.1514E+04 -0.3291E-06 -0.3645E-07  0.1000E-09  0.1000E-09  0.1000E-09  0.1000E-09  0.7335E+04  0.0000E+00
    1.5783  1  1   31.9923   19.3732   14.4933    7.9847    0.9447    0.7587    0.0028    0.0023    5.2875    4.5736  0.7566E+03  0.1513E+04 -0.3291E-06 -0.3645E-07  0.1000E-09  0.1000E-09  0.1000E-09  0.1000E-09  0.7336E+04  0.0000E+00
    1.5832  1  1   31.9906   19.3730   14.4933    7.9847    0.9449    0.7588    0.0028    0.0023    5.2878    4.5738  0.7552E+03  0.1512E+04 -0.3291E-06 -0.3645E-07  0.1000E-09  0.1000E-09  0.1000E-09  0.1000E-09  0.7336E+04  0.0000E+00
    1.5881  1  1   31.9890   19.3728   14.4933    7.9847    0.9452    0.7589    0.0028    0.0023    5.2881    4.5740  0.7538E+03  0.1511E+04 -0.3334E-06 -0.3645E-07  0.1000E-09  0.1000E-09  0.1000E-09  0.1000E-09  0.7336E+04  0.0000E+00
    1.5930  1  1   31.9873   19.3726   14.4933    7.9847    0.9455    0.7591    0.0028    0.0023    5.2884    4.5741  0.7524E+03  0.1510E+04 -0.3383E-06 -0.3645E-07  0.1000E-09  0.1000E-09  0.1000E-09  0.1000E-09  0.7336E+04  0.0000E+00
    1.5980  1  1   31.9857   19.3725   14.4933    7.9847    0.9458    0.7592    0.0028    0.0023    5.2887    4.5743  0.7510E+03  0.1509E+04 -0.3391E-06 -0.3645E-07  0.1000E-09  0.1000E-09  0.1000E-09  0.1000E-09  0.7337E+04  0.0000E+00
    1.6029  1  1   31.9840   19.3723   14.4933    7.9847    0.9461    0.7593    0.0028    0.0023    5.2890    4.5744  0.7496E+03  0.1508E+04 -0.3391E-06 -0.3645E-07  0.1000E-09  0.1000E-09  0.1000E-09  0.1000E-09  0.7337E+04  0.0000E+00
    1.6078  1  1   31.9823   19.3721   14.4933    7.9847    0.9464    0.7594    0.0028    0.0023    5.2893    4.5746  0.7482E+03  0.1507E+04 -0.3391E-06 -0.3685E-07  0.1000E-09  0.1000E-09  0.1000E-09  0.1000E-09  0.7337E+04  0.0000E+00
    1.6127  1  1   31.9807   19.3719   14.4933    7.9847    0.9467    0.7595    0.0028    0.0023    5.2896    4.5748  0.7468E+03  0.1506E+04 -0.3391E-06 -0.3736E-07  0.1000E-09  0.1000E-09  0.1000E-09  0.1000E-09  0.7338E+04  0.0000E+00
    1.6176  1  1   31.9790   19.3717   14.4933    7.9847    0.9470    0.7597    0.0029    0.0023    5.2899    4.5749  0.7454E+03  0.1505E+04 -0.3464E-06 -0.3788E-07  0.1000E-09  0.1000E-09  0.1000E-09  0.1000E-09  0.7338E+04  0.0000E+00
    1.6225  1  1   31.9772   19.3715   14.4933    7.9847    0.9472    0.7598    0.0029    0.0023    5.2902    4.5751  0.7440E+03  0.1504E+04 -0.3545E-06 -0.3840E-07  0.1000E-09  0.1000E-09  0.1000E-09  0.1000E-09  0.7338E+04  0.0000E+00
    1.6275  1  1   31.9755   19.3713   14.4933    7.9847    0.9475    0.7599    0.0029    0.0023    5.2905    4.5753  0.7426E+03  0.1503E+04 -0.3553E-06 -0.3852E-07  0.1000E-09  0.1000E-09  0.1000E-09  0.1000E-09  0.7338E+04  0.0000E+00
    1.6324  1  1   31.9737   19.3712   14.4933    7.9847    0.9478    0.7600    0.0029    0.0023    5.2908    4.5754  0.7411E+03  0.1502E+04 -0.3553E-06 -0.3852E-07  0.1000E-09  0.1000E-09  0.1000E-09  0.1000E-09  0.7339E+04  0.0000E+00
    1.6373  1  1   31.9720   19.3710   14.4933    7.9847    0.9481    0.7602    0.0029    0.0023    5.2911    4.5756  0.7397E+03  0.1501E+04 -0.3553E-06 -0.3852E-07  0.1000E-09  0.1000E-09  0.1000E-09  0.1000E-09  0.7339E+04  0.0000E+00
    1.6422  1  1   31.9702   19.3708   14.4933    7.9847    0.9484    0.7603    0.0029    0.0023    5.2914    4.5757  0.7383E+03  0.1500E+04 -0.3553E-06 -0.3852E-07  0.1000E-09  0.1000E-09  0.1000E-09  0.1000E-09  0.7339E+04  0.0000E+00
    1.6471  1  1   31.9685   19.3706   14.4933    7.9847    0.9487    0.7604    0.0029    0.0023    5.2917    4.5759  0.7369E+03  0.1499E+04 -0.3501E-06 -0.3852E-07  0.1000E-09  0.1000E-09  0.1000E-09  0.1000E-09  0.7339E+04  0.0000E+00
    1.6520  1  1   31.9668   19.3704   14.4933    7.9847    0.9490    0.7605    0.0029    0.0023    5.2920    4.5761  0.7356E+03  0.1498E+04 -0.3441E-06 -0.3852E-07  0.1000E-09  0.1000E-09  0.1000E-09  0.1000E-09  0.7340E+04  0.0000E+00
    1.6570  1  1   31.9651   19.3702   14.4933    7.9847    0.9493    0.7607    0.0029    0.0023    5.2923    4.5762  0.7342E+03  0.1497E+04 -0.3432E-06 -0.3850E-07  0.1000E-09  0.1000E-09  0.1000E-09  0.1000E-09  0.7340E+04  0.0000E+00
    1.6619  1  1   31.9634   19.3700   14.4933    7.9847    0.9496    0.7608    0.0029    0.0023    5.2926    4.5764  0.7328E+03  0.1496E+04 -0.3432E-06 -0.3845E-07  0.1000E-09  0.1000E-09  0.1000E-09  0.1000E-09  0.7340E+04  0.0000E+00
    1.6668  1  1   31.9618   19.3698   14.4933    7.9847    0.9499    0.7609    0.0029    0.0023    5.2929    4.5766  0.7314E+03  0.1495E+04 -0.3432E-06 -0.3841E-07  0.1000E-09  0.1000E-09  0.1000E-09  0.1000E-09  0.7341E+04  0.0000E+00
    1.6717  1  1   31.9601   19.3696   14.4933    7.9847    0.9501    0.7610    0.0029    0.0023    5.2932    4.5767  0.7300E+03  0.1494E+04 -0.3432E-06 -0.3836E-07  0.1000E-09  0.1000E-09  0.1000E-09  0.1000E-09  0.7341E+04  0.0000E+00
    1.6766  1  1   31.9584   19.3695   14.4933    7.9847    0.9504    0.7612    0.0029    0.0023    5.2935    4.5769  0.7287E+03  0.1493E+04 -0.3467E-06 -0.3834E-07  0.1000E-09  0.1000E-09  0.1000E-09  0.1000E-09  0.7341E+04  0.0000E+00
    1.6815  1  1   31.9566   19.3693   14.4933    7.9847    0.9507    0.7613    0.0029    0.0023    5.2938    4.5771  0.7273E+03  0.1492E+04 -0.3503E-06 -0.3834E-07  0.1000E-09  0.1000E-09  0.1000E-09  0.1000E-09  0.7341E+04  0.0000E+00
    1.6865  1  1   31.9549   19.3691   14.4933    7.9847    0.9510    0.7614    0.0029    0.0023    5.2941    4.5772  0.7259E+03  0.1491E+04 -0.3504E-06 -0.3834E-07  0.1000E-09  0.1000E-09  0.1000E-09  0.1000E-09  0.7342E+04  0.0000E+00
    1.6914  1  1   31.9532   19.3689   14.4933    7.9847    0.9513    0.7615    0.0029    0.0023    5.2944    4.5774  0.7245E+03  0.1490E+04 -0.3504E-06 -0.3834E-07  0.1000E-09  0.1000E-09  0.1000E-09  0.1000E-09  0.7342E+04  0.0000E+00
    1.6963  1  1   31.9515   19.3687   14.4933    7.9847    0.9516    0.7617    0.0029    0.0023    5.2947    4.5775  0.7231E+03  0.1489E+04 -0.3504E-06 -0.3834E-07  0.1000E-09  0.1000E-09  0.1000E-09  0.1000E-09  0.7342E+04  0.0000E+00
    1.7012  1  1   31.9498   19.3685   14.4933    7.9847    0.9519    0.7618    0.0029    0.0023    5.2950    4.5777  0.7217E+03  0.1488E+04 -0.3504E-06 -0.3834E-07  0.1000E-09  0.1000E-09  0.1000E-09  0.1000E-09  0.7342E+04  0.0000E+00
    1.7061  1  1   31.9480   19.3683   14.4933    7.9847    0.9522    0.7619    0.0029    0.0023    5.2953    4.5779  0.7203E+03  0.1487E+04 -0.3555E-06 -0.3834E-07  0.1000E-09  0.1000E-09  0.1000E-09  0.1000E-09  0.7343E+04  0.0000E+00
    1.7110  1  1   31.9462   19.3681   14.4933    7.9847    0.9525    0.7620    0.0029    0.0023    5.2956    4.5780  0.7189E+03  0.1486E+04 -0.3607E-06 -0.3863E-07  0.1000E-09  0.1000E-09  0.1000E-09  0.1000E-09  0.7343E+04  0.0000E+00
    1.7160  1  1   31.9445   19.3679   14.4933    7.9847    0.9528    0.7622    0.0029    0.0023    5.2959    4.5782  0.7175E+03  0.1485E+04 -0.3608E-06 -0.3913E-07  0.1000E-09  0.1000E-09  0.1000E-09  0.1000E-09  0.7343E+04  0.0000E+00
    1.7209  1  1   31.9427   19.3677   14.4933    7.9847    0.9531    0.7623    0.0029    0.0023    5.2962    4.5784  0.7161E+03  0.1484E+04 -0.3608E-06 -0.3964E-07  0.1000E-09  0.1000E-09  0.1000E-09  0.1000E-09  0.7344E+04  0.0000E+00
    1.7258  1  1   31.9409   19.3675   14.4933    7.9847    0.9534    0.7624    0.0029    0.0023    5.2965    4.5785  0.7146E+03  0.1483E+04 -0.3608E-06 -0.4015E-07  0.1000E-09  0.1000E-09  0.1000E-09  0.1000E-09  0.7344E+04  0.0000E+00
    1.7307  1  1   31.9391   19.3674   14.4933    7.9847    0.9537    0.7625    0.0029    0.0023    5.2968    4.5787  0.7132E+03  0.1482E+04 -0.3608E-06 -0.4036E-07  0.1000E-09  0.1000E-09  0.1000E-09  0.1000E-09  0.7344E+04  0.0000E+00
    1.7356  1  1   31.9374   19.3672   14.4933    7.9847    0.9540    0.7627    0.0029    0.0023    5.2971    4.5789  0.7118E+03  0.1481E+04 -0.3576E-06 -0.4036E-07  0.1000E-09  0.1000E-09  0.1000E-09  0.1000E-09  0.7344E+04  0.0000E+00
    1.7405  1  1   31.9356   19.3670   14.4933    7.9847    0.9543    0.7628    0.0029    0.0023    5.2974    4.5790  0.7104E+03  0.1480E+04 -0.3542E-06 -0.4036E-07  0.1000E-09  0.1000E-09  0.1000E-09  0.1000E-09  0.7345E+04  0.0000E+00
    1.7455  1  1   31.9339   19.3668   14.4933    7.9847    0.9546    0.7629    0.0029    0.0023    5.2977    4.5792  0.7091E+03  0.1479E+04 -0.3541E-06 -0.4036E-07  0.1000E-09  0.1000E-09  0.1000E-09  0.1000E-09  0.7345E+04  0.0000E+00
    1.7504  1  1   31.9322   19.3666   14.4933    7.9847    0.9549    0.7630    0.0029    0.0023    5.2980    4.5794  0.7077E+03  0.1478E+04 -0.3541E-06 -0.4036E-07  0.1000E-09  0.1000E-09  0.1000E-09  0.1000E-09  0.7345E+04  0.0000E+00
    1.7553  1  1   31.9304   19.3664   14.4933    7.9847    0.9552    0.7632    0.0029    0.0023    5.2983    4.5795  0.7063E+03  0.1477E+04 -0.3541E-06 -0.4036E-07  0.1000E-09  0.1000E-09  0.1000E-09  0.1000E-09  0.7346E+04  0.0000E+00
    1.7602  1  1   31.9287   19.3662   14.4933    7.9847    0.9555    0.7633    0.0029    0.0023    5.2986    4.5797  0.7049E+03  0.1476E+04 -0.3543E-06 -0.4026E-07  0.1000E-09  0.1000E-09  0.1000E-09  0.1000E-09  0.7346E+04  0.0000E+00
    1.7651  1  1   31.9269   19.3660   14.4933    7.9847    0.9559    0.7634    0.0029    0.0023    5.2989    4.5799  0.7035E+03  0.1475E+04 -0.3594E-06 -0.3989E-07  0.1000E-09  0.1000E-09  0.1000E-09  0.1000E-09  0.7346E+04  0.0000E+00
    1.7700  1  1   31.9251   19.3658   14.4933    7.9847    0.9562    0.7635    0.0029    0.0023    5.2992    4.5800  0.7021E+03  0.1474E+04 -0.3643E-06 -0.3951E-07  0.1000E-09  0.1000E-09  0.1000E-09  0.1000E-09  0.7346E+04  0.0000E+00
    1.7750  1  1   31.9233   19.3656   14.4933    7.9847    0.9565    0.7637    0.0029    0.0023    5.2995    4.5802  0.7007E+03  0.1473E+04 -0.3643E-06 -0.3913E-07  0.1000E-09  0.1000E-09  0.1000E-09  0.1000E-09  0.7347E+04  0.0000E+00
    1.7799  1  1   31.9215   19.3654   14.4933    7.9847    0.9568    0.7638    0.0029    0.0023    5.2998    4.5804  0.6993E+03  0.1472E+04 -0.3643E-06 -0.3886E-07  0.1000E-09  0.1000E-09  0.1000E-09  0.1000E-09  0.7347E+04  0.0000E+00
    1.7848  1  1   31.9197   19.3652   14.4933    7.9847    0.9571    0.7639    0.0029    0.0023    5.3001    4.5805  0.6979E+03  0.1471E+04 -0.3643E-06 -0.3886E-07  0.1000E-09  0.1000E-09  0.1000E-09  0.1000E-09  0.7347E+04  0.0000E+00
    1.7897  1  1   31.9179   19.3650   14.4933    7.9847    0.9574    0.7640    0.0029    0.0023    5.3004    4.5807  0.6965E+03  0.1470E+04 -0.3646E-06 -0.3886E-07  0.1000E-09  0.1000E-09  0.1000E-09  0.1000E-09  0.7347E+04  0.0000E+00
    1.7946  1  1   31.9161   19.3648   14.4933    7.9847    0.9577    0.7642    0.0029    0.0023    5.3007    4.5809  0.6951E+03  0.1469E+04 -0.3679E-06 -0.3886E-07  0.1000E-09  0.1000E-09  0.1000E-09  0.1000E-09  0.7348E+04  0.0000E+00
    1.7995  1  1   31.9143   19.3646   14.4933    7.9847    0.9580    0.7643    0.0029    0.0023    5.3010    4.5810  0.6937E+03  0.1468E+04 -0.3708E-06 -0.3886E-07  0.1000E-09  0.1000E-09  0.1000E-09  0.1000E-09  0.7348E+04  0.0000E+00
    1.8045  1  1   31.9125   19.3644   14.4933    7.9847    0.9583    0.7644    0.0029    0.0024    5.3013    4.5812  0.6922E+03  0.1467E+04 -0.3708E-06 -0.3886E-07  0.1000E-09  0.1000E-09  0.1000E-09  0.1000E-09  0.7348E+04  0.0000E+00
    1.8094  1  1   31.9107   19.3642   14.4933    7.9847    0.9586    0.7645    0.0029    0.0024    5.3016    4.5813  0.6908E+03  0.1466E+04 -0.3708E-06 -0.3886E-07  0.1000E-09  0.1000E-09  0.1000E-09  0.1000E-09  0.7349E+04  0.0000E+00
    1.8143  1  1   31.9088   19.3640   14.4933    7.9847    0.9590    0.7647    0.0029    0.0024    5.3019    4.5815  0.6894E+03  0.1465E+04 -0.3708E-06 -0.3912E-07  0.1000E-09  0.1000E-09  0.1000E-09  0.1000E-09  0.7349E+04  0.0000E+00
    1.8192  1  1   31.9070   19.3639   14.4933    7.9847    0.9593    0.7648    0.0029    0.0024    5.3022    4.5817  0.6880E+03  0.1464E+04 -0.3707E-06 -0.3967E-07  0.1000E-09  0.1000E-09  0.1000E-09  0.1000E-09  0.7349E+04  0.0000E+00
    1.8241  1  1   31.9052   19.3637   14.4933    7.9847    0.9596    0.7649    0.0029    0.0024    5.3025    4.5818  0.6866E+03  0.1463E+04 -0.3681E-06 -0.4021E-07  0.1000E-09  0.1000E-09  0.1000E-09  0.1000E-09  0.7350E+04  0.0000E+00
    1.8290  1  1   31.9034   19.3635   14.4933    7.9847    0.9599    0.7650    0.0029    0.0024    5.3028    4.5820  0.6852E+03  0.1462E+04 -0.3656E-06 -0.4076E-07  0.1000E-09  0.1000E-09  0.1000E-09  0.1000E-09  0.7350E+04  0.0000E+00
    1.8340  1  1   31.9016   19.3633   14.4933    7.9847    0.9602    0.7652    0.0029    0.0024    5.3031    4.5822  0.6838E+03  0.1461E+04 -0.3656E-06 -0.4104E-07  0.1000E-09  0.1000E-09  0.1000E-09  0.1000E-09  0.7350E+04  0.0000E+00
    1.8389  1  1   31.8998   19.3631   14.4933    7.9847    0.9605    0.7653    0.0029    0.0024    5.3034    4.5823  0.6825E+03  0.1460E+04 -0.3656E-06 -0.4104E-07  0.1000E-09  0.1000E-09  0.1000E-09  0.1000E-09  0.7350E+04  0.0000E+00
    1.8438  1  1   31.8980   19.3629   14.4933    7.9847    0.9608    0.7654    0.0029    0.0024    5.3037    4.5825  0.6811E+03  0.1459E+04 -0.3656E-06 -0.4104E-07  0.1000E-09  0.1000E-09  0.1000E-09  0.1000E-09  0.7351E+04  0.0000E+00
    1.8487  1  1   31.8962   19.3626   14.4933    7.9847    0.9612    0.7655    0.0029    0.0024    5.3040    4.5827  0.6797E+03  0.1458E+04 -0.3662E-06 -0.4104E-07  0.1000E-09  0.1000E-09  0.1000E-09  0.1000E-09  0.7351E+04  0.0000E+00
    1.8536  1  1   31.8944   19.3624   14.4933    7.9847    0.9615    0.7657    0.0029    0.0024    5.3043    4.5828  0.6783E+03  0.1457E+04 -0.3708E-06 -0.4104E-07  0.1000E-09  0.1000E-09  0.1000E-09  0.1000E-09  0.7351E+04  0.0000E+00
    1.8585  1  1   31.8926   19.3622   14.4933    7.9847    0.9618    0.7658    0.0029    0.0024    5.3046    4.5830  0.6769E+03  0.1456E+04 -0.3748E-06 -0.4104E-07  0.1000E-09  0.1000E-09  0.1000E-09  0.1000E-09  0.7352E+04  0.0000E+00
    1.8635  1  1   31.8907   19.3620   14.4933    7.9847    0.9621    0.7659    0.0029    0.0024    5.3049    4.5832  0.6755E+03  0.1455E+04 -0.3748E-06 -0.4091E-07  0.1000E-09  0.1000E-09  0.1000E-09  0.1000E-09  0.7352E+04  0.0000E+00
    1.8684  1  1   31.8889   19.3618   14.4933    7.9847    0.9624    0.7660    0.0030    0.0024    5.3052    4.5833  0.6741E+03  0.1454E+04 -0.3748E-06 -0.4054E-07  0.1000E-09  0.1000E-09  0.1000E-09  0.1000E-09  0.7352E+04  0.0000E+00
    1.8733  1  1   31.8870   19.3616   14.4933    7.9847    0.9628    0.7662    0.0030    0.0024    5.3055    4.5835  0.6727E+03  0.1453E+04 -0.3748E-06 -0.4017E-07  0.1000E-09  0.1000E-09  0.1000E-09  0.1000E-09  0.7352E+04  0.0000E+00
    1.8782  1  1   31.8852   19.3615   14.4933    7.9847    0.9631    0.7663    0.0030    0.0024    5.3058    4.5837  0.6713E+03  0.1452E+04 -0.3749E-06 -0.3980E-07  0.1000E-09  0.1000E-09  0.1000E-09  0.1000E-09  0.7353E+04  0.0000E+00
    1.8831  1  1   31.8833   19.3613   14.4933    7.9847    0.9634    0.7664    0.0030    0.0024    5.3061    4.5838  0.6699E+03  0.1452E+04 -0.3755E-06 -0.3956E-07  0.1000E-09  0.1000E-09  0.1000E-09  0.1000E-09  0.7353E+04  0.0000E+00
    1.8880  1  1   31.8815   19.3611   14.4933    7.9847    0.9637    0.7665    0.0030    0.0024    5.3064    4.5840  0.6685E+03  0.1451E+04 -0.3760E-06 -0.3956E-07  0.1000E-09  0.1000E-09  0.1000E-09  0.1000E-09  0.7353E+04  0.0000E+00
    1.8930  1  1   31.8796   19.3609   14.4933    7.9847    0.9641    0.7667    0.0030    0.0024    5.3067    4.5842  0.6671E+03  0.1450E+04 -0.3760E-06 -0.3956E-07  0.1000E-09  0.1000E-09  0.1000E-09  0.1000E-09  0.7354E+04  0.0000E+00
    1.8979  1  1   31.8778   19.3607   14.4933    7.9847    0.9644    0.7668    0.0030    0.0024    5.3070    4.5843  0.6657E+03  0.1449E+04 -0.3760E-06 -0.3956E-07  0.1000E-09  0.1000E-09  0.1000E-09  0.1000E-09  0.7354E+04  0.0000E+00
    1.9028  1  1   31.8759   19.3605   14.4933    7.9847    0.9647    0.7669    0.0030    0.0024    5.3073    4.5845  0.6643E+03  0.1448E+04 -0.3760E-06 -0.3956E-07  0.1000E-09  0.1000E-09  0.1000E-09  0.1000E-09  0.7354E+04  0.0000E+00
    1.9077  1  1   31.8741   19.3603   14.4933    7.9847    0.9650    0.7670    0.0030    0.0024    5.3076    4.5847  0.6629E+03  0.1447E+04 -0.3768E-06 -0.3956E-07  0.1000E-09  0.1000E-09  0.1000E-09  0.1000E-09  0.7354E+04  0.0000E+00
    1.9126  1  1   31.8722   19.3601   14.4933    7.9847    0.9654    0.7672    0.0030    0.0024    5.3079    4.5848  0.6615E+03  0.1446E+04 -0.3813E-06 -0.3956E-07  0.1000E-09  0.1000E-09  0.1000E-09  0.1000E-09  0.7355E+04  0.0000E+00
    1.9175  1  1   31.8703   19.3599   14.4933    7.9847    0.9657    0.7673    0.0030    0.0024    5.3082    4.5850  0.6601E+03  0.1445E+04 -0.3849E-06 -0.3960E-07  0.1000E-09  0.1000E-09  0.1000E-09  0.1000E-09  0.7355E+04  0.0000E+00
    1.9225  1  1   31.8684   19.3597   14.4933    7.9847    0.9660    0.7674    0.0030    0.0024    5.3085    4.5852  0.6587E+03  0.1444E+04 -0.3849E-06 -0.3965E-07  0.1000E-09  0.1000E-09  0.1000E-09  0.1000E-09  0.7355E+04  0.0000E+00
    1.9274  1  1   31.8665   19.3595   14.4933    7.9847    0.9663    0.7675    0.0030    0.0024    5.3088    4.5853  0.6573E+03  0.1443E+04 -0.3849E-06 -0.3971E-07  0.1000E-09  0.1000E-09  0.1000E-09  0.1000E-09  0.7356E+04  0.0000E+00
    1.9323  1  1   31.8646   19.3593   14.4933    7.9847    0.9667    0.7676    0.0030    0.0024    5.3091    4.5855  0.6559E+03  0.1442E+04 -0.3849E-06 -0.3976E-07  0.1000E-09  0.1000E-09  0.1000E-09  0.1000E-09  0.7356E+04  0.0000E+00
    1.9372  1  1   31.8628   19.3591   14.4933    7.9847    0.9670    0.7678    0.0030    0.0024    5.3094    4.5857  0.6545E+03  0.1441E+04 -0.3851E-06 -0.3978E-07  0.1000E-09  0.1000E-09  0.1000E-09  0.1000E-09  0.7356E+04  0.0000E+00
    1.9421  1  1   31.8609   19.3589   14.4933    7.9847    0.9673    0.7679    0.0030    0.0024    5.3098    4.5858  0.6531E+03  0.1440E+04 -0.3857E-06 -0.3978E-07  0.1000E-09  0.1000E-09  0.1000E-09  0.1000E-09  0.7357E+04  0.0000E+00
    1.9470  1  1   31.8590   19.3587   14.4933    7.9847    0.9677    0.7680    0.0030    0.0024    5.3101    4.5860  0.6517E+03  0.1439E+04 -0.3862E-06 -0.3978E-07  0.1000E-09  0.1000E-09  0.1000E-09  0.1000E-09  0.7357E+04  0.0000E+00
    1.9520  1  1   31.8571   19.3585   14.4933    7.9847    0.9680    0.7681    0.0030    0.0024    5.3104    4.5862  0.6503E+03  0.1438E+04 -0.3862E-06 -0.3978E-07  0.1000E-09  0.1000E-09  0.1000E-09  0.1000E-09  0.7357E+04  0.0000E+00
    1.9569  1  1   31.8552   19.3583   14.4933    7.9847    0.9683    0.7683    0.0030    0.0024    5.3107    4.5863  0.6489E+03  0.1437E+04 -0.3862E-06 -0.3978E-07  0.1000E-09  0.1000E-09  0.1000E-09  0.1000E-09  0.7357E+04  0.0000E+00
    1.9618  1  1   31.8533   19.3581   14.4933    7.9847    0.9687    0.7684    0.0030    0.0024    5.3110    4.5865  0.6475E+03  0.1436E+04 -0.3862E-06 -0.3978E-07  0.1000E-09  0.1000E-09  0.1000E-09  0.1000E-09  0.7358E+04  0.0000E+00
    1.9667  1  1   31.8514   19.3579   14.4933    7.9847    0.9690    0.7685    0.0030    0.0024    5.3113    4.5867  0.6461E+03  0.1435E+04 -0.3863E-06 -0.3987E-07  0.1000E-09  0.1000E-09  0.1000E-09  0.1000E-09  0.7358E+04  0.0000E+00
    1.9716  1  1   31.8495   19.3577   14.4933    7.9847    0.9693    0.7686    0.0030    0.0024    5.3116    4.5868  0.6447E+03  0.1434E+04 -0.3867E-06 -0.4028E-07  0.1000E-09  0.1000E-09  0.1000E-09  0.1000E-09  0.7358E+04  0.0000E+00
    1.9765  1  1   31.8476   19.3575   14.4933    7.9847    0.9697    0.7688    0.0030    0.0024    5.3119    4.5870  0.6433E+03  0.1433E+04 -0.3870E-06 -0.4070E-07  0.1000E-09  0.1000E-09  0.1000E-09  0.1000E-09  0.7359E+04  0.0000E+00
    1.9815  1  1   31.8457   19.3573   14.4933    7.9847    0.9700    0.7689    0.0030    0.0024    5.3122    4.5872  0.6419E+03  0.1432E+04 -0.3870E-06 -0.4111E-07  0.1000E-09  0.1000E-09  0.1000E-09  0.1000E-09  0.7359E+04  0.0000E+00
    1.9864  1  1   31.8438   19.3571   14.4933    7.9847    0.9703    0.7690    0.0030    0.0024    5.3125    4.5873  0.6405E+03  0.1431E+04 -0.3870E-06 -0.4144E-07  0.1000E-09  0.1000E-09  0.1000E-09  0.1000E-09  0.7359E+04  0.0000E+00
    1.9913  1  1   31.8419   19.3569   14.4933    7.9847    0.9707    0.7691    0.0030    0.0024    5.3128    4.5875  0.6391E+03  0.1430E+04 -0.3870E-06 -0.4144E-07  0.1000E-09  0.1000E-09  0.1000E-09  0.1000E-09  0.7360E+04  0.0000E+00
    1.9962  1  1   31.8399   19.3567   14.4933    7.9847    0.9710    0.7693    0.0030    0.0024    5.3131    4.5877  0.6377E+03  0.1429E+04 -0.3885E-06 -0.4144E-07  0.1000E-09  0.1000E-09  0.1000E-09  0.1000E-09  0.7360E+04  0.0000E+00
    2.0011  1  1   31.8380   19.3565   14.4933    7.9847    0.9713    0.7694    0.0030    0.0024    5.3134    4.5878  0.6363E+03  0.1428E+04 -0.3934E-06 -0.4144E-07  0.1000E-09  0.1000E-09  0.1000E-09  0.1000E-09  0.7360E+04  0.0000E+00
    2.0061  1  1   31.8361   19.3563   14.4933    7.9847    0.9717    0.7695    0.0030    0.0024    5.3138    4.5880  0.6349E+03  0.1427E+04 -0.3969E-06 -0.4144E-07  0.1000E-09  0.1000E-09  0.1000E-09  0.1000E-09  0.7360E+04  0.0000E+00
    2.0110  1  1   31.8341   19.3561   14.4933    7.9847    0.9720    0.7696    0.0030    0.0024    5.3141    4.5882  0.6335E+03  0.1426E+04 -0.3969E-06 -0.4144E-07  0.1000E-09  0.1000E-09  0.1000E-09  0.1000E-09  0.7361E+04  0.0000E+00
    2.0159  1  1   31.8321   19.3559   14.4933    7.9847    0.9724    0.7698    0.0030    0.0024    5.3144    4.5883  0.6321E+03  0.1425E+04 -0.3969E-06 -0.4144E-07  0.1000E-09  0.1000E-09  0.1000E-09  0.1000E-09  0.7361E+04  0.0000E+00
    2.0208  1  1   31.8302   19.3557   14.4933    7.9847    0.9727    0.7699    0.0030    0.0024    5.3147    4.5885  0.6307E+03  0.1424E+04 -0.3969E-06 -0.4128E-07  0.1000E-09  0.1000E-09  0.1000E-09  0.1000E-09  0.7361E+04  0.0000E+00
    2.0257  1  1   31.8282   19.3555   14.4933    7.9847    0.9730    0.7700    0.0030    0.0024    5.3150    4.5887  0.6293E+03  0.1423E+04 -0.3971E-06 -0.4101E-07  0.1000E-09  0.1000E-09  0.1000E-09  0.1000E-09  0.7362E+04  0.0000E+00
    2.0306  1  1   31.8263   19.3553   14.4933    7.9847    0.9734    0.7701    0.0030    0.0024    5.3154    4.5888  0.6279E+03  0.1423E+04 -0.3977E-06 -0.4074E-07  0.1000E-09  0.1000E-09  0.1000E-09  0.1000E-09  0.7362E+04  0.0000E+00
    2.0356  1  1   31.8243   19.3551   14.4933    7.9847    0.9737    0.7703    0.0030    0.0024    5.3157    4.5890  0.6266E+03  0.1422E+04 -0.3980E-06 -0.4047E-07  0.1000E-09  0.1000E-09  0.1000E-09  0.1000E-09  0.7362E+04  0.0000E+00
    2.0405  1  1   31.8224   19.3549   14.4933    7.9847    0.9741    0.7704    0.0030    0.0024    5.3160    4.5892  0.6252E+03  0.1421E+04 -0.3980E-06 -0.4035E-07  0.1000E-09  0.1000E-09  0.1000E-09  0.1000E-09  0.7363E+04  0.0000E+00
    2.0454  1  1   31.8204   19.3547   14.4933    7.9847    0.9744    0.7705    0.0030    0.0024    5.3163    4.5893  0.6238E+03  0.1420E+04 -0.3980E-06 -0.4035E-07  0.1000E-09  0.1000E-09  0.1000E-09  0.1000E-09  0.7363E+04  0.0000E+00
    2.0503  1  1   31.8185   19.3545   14.4933    7.9847    0.9748    0.7706    0.0030    0.0024    5.3166    4.5895  0.6224E+03  0.1419E+04 -0.3980E-06 -0.4035E-07  0.1000E-09  0.1000E-09  0.1000E-09  0.1000E-09  0.7363E+04  0.0000E+00
    2.0552  1  1   31.8165   19.3543   14.4933    7.9847    0.9751    0.7708    0.0030    0.0024    5.3169    4.5897  0.6210E+03  0.1418E+04 -0.3998E-06 -0.4035E-07  0.1000E-09  0.1000E-09  0.1000E-09  0.1000E-09  0.7364E+04  0.0000E+00
    2.0601  1  1   31.8145   19.3541   14.4933    7.9847    0.9755    0.7709    0.0030    0.0024    5.3172    4.5898  0.6196E+03  0.1417E+04 -0.4046E-06 -0.4035E-07  0.1000E-09  0.1000E-09  0.1000E-09  0.1000E-09  0.7364E+04  0.0000E+00
    2.0651  1  1   31.8125   19.3539   14.4933    7.9847    0.9758    0.7710    0.0030    0.0024    5.3175    4.5900  0.6182E+03  0.1416E+04 -0.4077E-06 -0.4035E-07  0.1000E-09  0.1000E-09  0.1000E-09  0.1000E-09  0.7364E+04  0.0000E+00
    2.0700  1  1   31.8105   19.3537   14.4933    7.9847    0.9762    0.7711    0.0030    0.0024    5.3178    4.5902  0.6168E+03  0.1415E+04 -0.4077E-06 -0.4044E-07  0.1000E-09  0.1000E-09  0.1000E-09  0.1000E-09  0.7365E+04  0.0000E+00
    2.0749  1  1   31.8085   19.3535   14.4933    7.9847    0.9765    0.7713    0.0030    0.0024    5.3181    4.5903  0.6154E+03  0.1414E+04 -0.4077E-06 -0.4088E-07  0.1000E-09  0.1000E-09  0.1000E-09  0.1000E-09  0.7365E+04  0.0000E+00
    2.0798  1  1   31.8065   19.3533   14.4933    7.9847    0.9769    0.7714    0.0030    0.0024    5.3185    4.5905  0.6140E+03  0.1413E+04 -0.4077E-06 -0.4132E-07  0.1000E-09  0.1000E-09  0.1000E-09  0.1000E-09  0.7365E+04  0.0000E+00
    2.0847  1  1   31.8045   19.3531   14.4933    7.9847    0.9772    0.7715    0.0030    0.0024    5.3188    4.5907  0.6126E+03  0.1412E+04 -0.4078E-06 -0.4176E-07  0.1000E-09  0.1000E-09  0.1000E-09  0.1000E-09  0.7365E+04  0.0000E+00
    2.0896  1  1   31.8025   19.3529   14.4933    7.9847    0.9776    0.7717    0.0031    0.0024    5.3191    4.5908  0.6112E+03  0.1411E+04 -0.4082E-06 -0.4210E-07  0.1000E-09  0.1000E-09  0.1000E-09  0.1000E-09  0.7366E+04  0.0000E+00
    2.0946  1  1   31.8005   19.3527   14.4933    7.9847    0.9779    0.7718    0.0031    0.0024    5.3194    4.5910  0.6098E+03  0.1410E+04 -0.4084E-06 -0.4210E-07  0.1000E-09  0.1000E-09  0.1000E-09  0.1000E-09  0.7366E+04  0.0000E+00
    2.0995  1  1   31.7985   19.3525   14.4933    7.9847    0.9783    0.7719    0.0031    0.0024    5.3197    4.5912  0.6084E+03  0.1409E+04 -0.4084E-06 -0.4210E-07  0.1000E-09  0.1000E-09  0.1000E-09  0.1000E-09  0.7366E+04  0.0000E+00
    2.1044  1  1   31.7965   19.3523   14.4933    7.9847    0.9786    0.7720    0.0031    0.0024    5.3200    4.5914  0.6070E+03  0.1408E+04 -0.4084E-06 -0.4210E-07  0.1000E-09  0.1000E-09  0.1000E-09  0.1000E-09  0.7367E+04  0.0000E+00
    2.1093  1  1   31.7944   19.3521   14.4933    7.9847    0.9790    0.7722    0.0031    0.0024    5.3203    4.5915  0.6056E+03  0.1407E+04 -0.4084E-06 -0.4210E-07  0.1000E-09  0.1000E-09  0.1000E-09  0.1000E-09  0.7367E+04  0.0000E+00
    2.1142  1  1   31.7924   19.3519   14.4933    7.9847    0.9794    0.7723    0.0031    0.0024    5.3206    4.5917  0.6042E+03  0.1406E+04 -0.4085E-06 -0.4210E-07  0.1000E-09  0.1000E-09  0.1000E-09  0.1000E-09  0.7367E+04  0.0000E+00
    2.1191  1  1   31.7904   19.3517   14.4933    7.9847    0.9797    0.7724    0.0031    0.0024    5.3210    4.5919  0.6028E+03  0.1405E+04 -0.4090E-06 -0.4210E-07  0.1000E-09  0.1000E-09  0.1000E-09  0.1000E-09  0.7368E+04  0.0000E+00
    2.1241  1  1   31.7884   19.3515   14.4933    7.9847    0.9801    0.7725    0.0031    0.0024    5.3213    4.5920  0.6014E+03  0.1404E+04 -0.4092E-06 -0.4184E-07  0.1000E-09  0.1000E-09  0.1000E-09  0.1000E-09  0.7368E+04  0.0000E+00
    2.1290  1  1   31.7864   19.3513   14.4933    7.9847    0.9804    0.7727    0.0031    0.0024    5.3216    4.5922  0.6000E+03  0.1403E+04 -0.4092E-06 -0.4148E-07  0.1000E-09  0.1000E-09  0.1000E-09  0.1000E-09  0.7368E+04  0.0000E+00
    2.1339  1  1   31.7844   19.3510   14.4933    7.9847    0.9808    0.7728    0.0031    0.0024    5.3219    4.5924  0.5986E+03  0.1402E+04 -0.4092E-06 -0.4112E-07  0.1000E-09  0.1000E-09  0.1000E-09  0.1000E-09  0.7369E+04  0.0000E+00
    2.1388  1  1   31.7824   19.3508   14.4933    7.9847    0.9812    0.7729    0.0031    0.0024    5.3222    4.5925  0.5973E+03  0.1401E+04 -0.4092E-06 -0.4076E-07  0.1000E-09  0.1000E-09  0.1000E-09  0.1000E-09  0.7369E+04  0.0000E+00
    2.1437  1  1   31.7804   19.3506   14.4933    7.9847    0.9815    0.7730    0.0031    0.0024    5.3225    4.5927  0.5959E+03  0.1400E+04 -0.4095E-06 -0.4067E-07  0.1000E-09  0.1000E-09  0.1000E-09  0.1000E-09  0.7369E+04  0.0000E+00
    2.1486  1  1   31.7783   19.3505   14.4933    7.9847    0.9819    0.7732    0.0031    0.0024    5.3228    4.5929  0.5945E+03  0.1400E+04 -0.4101E-06 -0.4067E-07  0.1000E-09  0.1000E-09  0.1000E-09  0.1000E-09  0.7370E+04  0.0000E+00
    2.1536  1  1   31.7763   19.3503   14.4933    7.9847    0.9822    0.7733    0.0031    0.0024    5.3231    4.5930  0.5931E+03  0.1399E+04 -0.4104E-06 -0.4067E-07  0.1000E-09  0.1000E-09  0.1000E-09  0.1000E-09  0.7370E+04  0.0000E+00
    2.1585  1  1   31.7743   19.3500   14.4933    7.9847    0.9826    0.7734    0.0031    0.0024    5.3235    4.5932  0.5917E+03  0.1398E+04 -0.4104E-06 -0.4067E-07  0.1000E-09  0.1000E-09  0.1000E-09  0.1000E-09  0.7370E+04  0.0000E+00
    2.1634  1  1   31.7723   19.3498   14.4933    7.9847    0.9830    0.7735    0.0031    0.0024    5.3238    4.5934  0.5903E+03  0.1397E+04 -0.4104E-06 -0.4067E-07  0.1000E-09  0.1000E-09  0.1000E-09  0.1000E-09  0.7371E+04  0.0000E+00
    2.1683  1  1   31.7703   19.3496   14.4933    7.9847    0.9833    0.7737    0.0031    0.0024    5.3241    4.5935  0.5889E+03  0.1396E+04 -0.4104E-06 -0.4067E-07  0.1000E-09  0.1000E-09  0.1000E-09  0.1000E-09  0.7371E+04  0.0000E+00
    2.1732  1  1   31.7682   19.3494   14.4933    7.9847    0.9837    0.7738    0.0031    0.0024    5.3244    4.5937  0.5875E+03  0.1395E+04 -0.4124E-06 -0.4067E-07  0.1000E-09  0.1000E-09  0.1000E-09  0.1000E-09  0.7371E+04  0.0000E+00
    2.1781  1  1   31.7662   19.3492   14.4933    7.9847    0.9841    0.7739    0.0031    0.0024    5.3247    4.5939  0.5861E+03  0.1394E+04 -0.4160E-06 -0.4110E-07  0.1000E-09  0.1000E-09  0.1000E-09  0.1000E-09  0.7372E+04  0.0000E+00
    2.1831  1  1   31.7642   19.3490   14.4933    7.9847    0.9844    0.7740    0.0031    0.0024    5.3250    4.5940  0.5848E+03  0.1393E+04 -0.4176E-06 -0.4161E-07  0.1000E-09  0.1000E-09  0.1000E-09  0.1000E-09  0.7372E+04  0.0000E+00
    2.1880  1  1   31.7621   19.3488   14.4933    7.9847    0.9848    0.7742    0.0031    0.0024    5.3253    4.5942  0.5834E+03  0.1392E+04 -0.4176E-06 -0.4213E-07  0.1000E-09  0.1000E-09  0.1000E-09  0.1000E-09  0.7372E+04  0.0000E+00
    2.1929  1  1   31.7600   19.3486   14.4933    7.9847    0.9852    0.7743    0.0031    0.0024    5.3257    4.5944  0.5820E+03  0.1391E+04 -0.4176E-06 -0.4264E-07  0.1000E-09  0.1000E-09  0.1000E-09  0.1000E-09  0.7373E+04  0.0000E+00
    2.1978  1  1   31.7580   19.3484   14.4933    7.9847    0.9856    0.7744    0.0031    0.0024    5.3260    4.5945  0.5806E+03  0.1390E+04 -0.4176E-06 -0.4273E-07  0.1000E-09  0.1000E-09  0.1000E-09  0.1000E-09  0.7373E+04  0.0000E+00
    2.2027  1  1   31.7559   19.3482   14.4933    7.9847    0.9859    0.7745    0.0031    0.0024    5.3263    4.5947  0.5792E+03  0.1389E+04 -0.4203E-06 -0.4273E-07  0.1000E-09  0.1000E-09  0.1000E-09  0.1000E-09  0.7373E+04  0.0000E+00
    2.2076  1  1   31.7538   19.3480   14.4933    7.9847    0.9863    0.7747    0.0031    0.0024    5.3266    4.5949  0.5778E+03  0.1388E+04 -0.4251E-06 -0.4273E-07  0.1000E-09  0.1000E-09  0.1000E-09  0.1000E-09  0.7374E+04  0.0000E+00
    2.2126  1  1   31.7517   19.3478   14.4933    7.9847    0.9867    0.7748    0.0031    0.0024    5.3269    4.5951  0.5764E+03  0.1387E+04 -0.4271E-06 -0.4273E-07  0.1000E-09  0.1000E-09  0.1000E-09  0.1000E-09  0.7374E+04  0.0000E+00
    2.2175  1  1   31.7496   19.3476   14.4933    7.9847    0.9871    0.7749    0.0031    0.0024    5.3272    4.5952  0.5750E+03  0.1386E+04 -0.4271E-06 -0.4273E-07  0.1000E-09  0.1000E-09  0.1000E-09  0.1000E-09  0.7374E+04  0.0000E+00
    2.2224  1  1   31.7475   19.3474   14.4933    7.9847    0.9874    0.7751    0.0031    0.0024    5.3276    4.5954  0.5736E+03  0.1385E+04 -0.4271E-06 -0.4273E-07  0.1000E-09  0.1000E-09  0.1000E-09  0.1000E-09  0.7375E+04  0.0000E+00
    2.2273  1  1   31.7454   19.3472   14.4933    7.9847    0.9878    0.7752    0.0031    0.0024    5.3279    4.5956  0.5722E+03  0.1384E+04 -0.4271E-06 -0.4272E-07  0.1000E-09  0.1000E-09  0.1000E-09  0.1000E-09  0.7375E+04  0.0000E+00
    2.2322  1  1   31.7433   19.3469   14.4933    7.9847    0.9882    0.7753    0.0031    0.0024    5.3282    4.5957  0.5708E+03  0.1383E+04 -0.4275E-06 -0.4270E-07  0.1000E-09  0.1000E-09  0.1000E-09  0.1000E-09  0.7375E+04  0.0000E+00
    2.2371  1  1   31.7412   19.3467   14.4933    7.9847    0.9886    0.7754    0.0031    0.0024    5.3285    4.5959  0.5694E+03  0.1382E+04 -0.4282E-06 -0.4268E-07  0.1000E-09  0.1000E-09  0.1000E-09  0.1000E-09  0.7376E+04  0.0000E+00
    2.2421  1  1   31.7391   19.3465   14.4933    7.9847    0.9890    0.7756    0.0031    0.0024    5.3288    4.5961  0.5680E+03  0.1381E+04 -0.4284E-06 -0.4266E-07  0.1000E-09  0.1000E-09  0.1000E-09  0.1000E-09  0.7376E+04  0.0000E+00
    2.2470  1  1   31.7370   19.3463   14.4933    7.9847    0.9893    0.7757    0.0031    0.0024    5.3291    4.5962  0.5666E+03  0.1380E+04 -0.4284E-06 -0.4265E-07  0.1000E-09  0.1000E-09  0.1000E-09  0.1000E-09  0.7376E+04  0.0000E+00
    2.2519  1  1   31.7349   19.3461   14.4933    7.9847    0.9897    0.7758    0.0031    0.0024    5.3295    4.5964  0.5652E+03  0.1380E+04 -0.4284E-06 -0.4265E-07  0.1000E-09  0.1000E-09  0.1000E-09  0.1000E-09  0.7377E+04  0.0000E+00
    2.2568  1  1   31.7328   19.3459   14.4933    7.9847    0.9901    0.7759    0.0031    0.0024    5.3298    4.5966  0.5639E+03  0.1379E+04 -0.4284E-06 -0.4265E-07  0.1000E-09  0.1000E-09  0.1000E-09  0.1000E-09  0.7377E+04  0.0000E+00
    2.2617  1  1   31.7307   19.3457   14.4933    7.9847    0.9905    0.7761    0.0031    0.0024    5.3301    4.5968  0.5625E+03  0.1378E+04 -0.4312E-06 -0.4265E-07  0.1000E-09  0.1000E-09  0.1000E-09  0.1000E-09  0.7377E+04  0.0000E+00
    2.2666  1  1   31.7285   19.3455   14.4933    7.9847    0.9909    0.7762    0.0031    0.0024    5.3304    4.5969  0.5611E+03  0.1377E+04 -0.4355E-06 -0.4265E-07  0.1000E-09  0.1000E-09  0.1000E-09  0.1000E-09  0.7378E+04  0.0000E+00
    2.2716  1  1   31.7264   19.3453   14.4933    7.9847    0.9913    0.7763    0.0031    0.0024    5.3307    4.5971  0.5597E+03  0.1376E+04 -0.4372E-06 -0.4265E-07  0.1000E-09  0.1000E-09  0.1000E-09  0.1000E-09  0.7378E+04  0.0000E+00
    2.2765  1  1   31.7242   19.3451   14.4933    7.9847    0.9917    0.7765    0.0031    0.0024    5.3311    4.5973  0.5583E+03  0.1375E+04 -0.4372E-06 -0.4265E-07  0.1000E-09  0.1000E-09  0.1000E-09  0.1000E-09  0.7378E+04  0.0000E+00
    2.2814  1  1   31.7221   19.3448   14.4933    7.9847    0.9921    0.7766    0.0032    0.0024    5.3314    4.5974  0.5569E+03  0.1374E+04 -0.4372E-06 -0.4275E-07  0.1000E-09  0.1000E-09  0.1000E-09  0.1000E-09  0.7379E+04  0.0000E+00
    2.2863  1  1   31.7199   19.3446   14.4933    7.9847    0.9924    0.7767    0.0032    0.0024    5.3317    4.5976  0.5555E+03  0.1373E+04 -0.4372E-06 -0.4293E-07  0.1000E-09  0.1000E-09  0.1000E-09  0.1000E-09  0.7379E+04  0.0000E+00
    2.2912  1  1   31.7178   19.3444   14.4933    7.9847    0.9928    0.7768    0.0032    0.0024    5.3320    4.5978  0.5541E+03  0.1372E+04 -0.4367E-06 -0.4311E-07  0.1000E-09  0.1000E-09  0.1000E-09  0.1000E-09  0.7379E+04  0.0000E+00
    2.2961  1  1   31.7157   19.3442   14.4933    7.9847    0.9932    0.7770    0.0032    0.0024    5.3323    4.5979  0.5527E+03  0.1371E+04 -0.4360E-06 -0.4328E-07  0.1000E-09  0.1000E-09  0.1000E-09  0.1000E-09  0.7380E+04  0.0000E+00
    2.3011  1  1   31.7135   19.3440   14.4933    7.9847    0.9936    0.7771    0.0032    0.0024    5.3326    4.5981  0.5514E+03  0.1370E+04 -0.4358E-06 -0.4335E-07  0.1000E-09  0.1000E-09  0.1000E-09  0.1000E-09  0.7380E+04  0.0000E+00
    2.3060  1  1   31.7114   19.3438   14.4933    7.9847    0.9940    0.7772    0.0032    0.0024    5.3329    4.5983  0.5500E+03  0.1369E+04 -0.4358E-06 -0.4335E-07  0.1000E-09  0.1000E-09  0.1000E-09  0.1000E-09  0.7380E+04  0.0000E+00
    2.3109  1  1   31.7092   19.3436   14.4933    7.9847    0.9944    0.7773    0.0032    0.0024    5.3332    4.5985  0.5486E+03  0.1368E+04 -0.4358E-06 -0.4335E-07  0.1000E-09  0.1000E-09  0.1000E-09  0.1000E-09  0.7381E+04  0.0000E+00
    2.3158  1  1   31.7071   19.3434   14.4933    7.9847    0.9948    0.7775    0.0032    0.0024    5.3336    4.5986  0.5472E+03  0.1367E+04 -0.4358E-06 -0.4335E-07  0.1000E-09  0.1000E-09  0.1000E-09  0.1000E-09  0.7381E+04  0.0000E+00
    2.3207  1  1   31.7049   19.3431   14.4933    7.9847    0.9952    0.7776    0.0032    0.0024    5.3339    4.5988  0.5459E+03  0.1366E+04 -0.4367E-06 -0.4335E-07  0.1000E-09  0.1000E-09  0.1000E-09  0.1000E-09  0.7381E+04  0.0000E+00
    2.3256  1  1   31.7028   19.3429   14.4933    7.9847    0.9956    0.7777    0.0032    0.0024    5.3342    4.5990  0.5445E+03  0.1365E+04 -0.4380E-06 -0.4335E-07  0.1000E-09  0.1000E-09  0.1000E-09  0.1000E-09  0.7382E+04  0.0000E+00
    2.3306  1  1   31.7006   19.3427   14.4933    7.9847    0.9960    0.7779    0.0032    0.0024    5.3345    4.5991  0.5431E+03  0.1364E+04 -0.4384E-06 -0.4335E-07  0.1000E-09  0.1000E-09  0.1000E-09  0.1000E-09  0.7382E+04  0.0000E+00
    2.3355  1  1   31.6985   19.3425   14.4933    7.9847    0.9964    0.7780    0.0032    0.0024    5.3348    4.5993  0.5417E+03  0.1363E+04 -0.4384E-06 -0.4333E-07  0.1000E-09  0.1000E-09  0.1000E-09  0.1000E-09  0.7382E+04  0.0000E+00
    2.3404  1  1   31.6963   19.3423   14.4933    7.9847    0.9968    0.7781    0.0032    0.0024    5.3351    4.5995  0.5403E+03  0.1362E+04 -0.4384E-06 -0.4332E-07  0.1000E-09  0.1000E-09  0.1000E-09  0.1000E-09  0.7383E+04  0.0000E+00
    2.3453  1  1   31.6942   19.3421   14.4933    7.9847    0.9972    0.7782    0.0032    0.0024    5.3355    4.5997  0.5389E+03  0.1361E+04 -0.4384E-06 -0.4330E-07  0.1000E-09  0.1000E-09  0.1000E-09  0.1000E-09  0.7383E+04  0.0000E+00
    2.3502  1  1   31.6920   19.3419   14.4933    7.9847    0.9976    0.7784    0.0032    0.0024    5.3358    4.5998  0.5376E+03  0.1360E+04 -0.4412E-06 -0.4329E-07  0.1000E-09  0.1000E-09  0.1000E-09  0.1000E-09  0.7383E+04  0.0000E+00
    2.3551  1  1   31.6898   19.3417   14.4933    7.9847    0.9980    0.7785    0.0032    0.0024    5.3361    4.6000  0.5362E+03  0.1360E+04 -0.4448E-06 -0.4329E-07  0.1000E-09  0.1000E-09  0.1000E-09  0.1000E-09  0.7384E+04  0.0000E+00
    2.3601  1  1   31.6876   19.3414   14.4933    7.9847    0.9984    0.7786    0.0032    0.0024    5.3364    4.6002  0.5348E+03  0.1359E+04 -0.4457E-06 -0.4329E-07  0.1000E-09  0.1000E-09  0.1000E-09  0.1000E-09  0.7384E+04  0.0000E+00
    2.3650  1  1   31.6854   19.3412   14.4933    7.9847    0.9988    0.7788    0.0032    0.0024    5.3368    4.6003  0.5334E+03  0.1358E+04 -0.4457E-06 -0.4329E-07  0.1000E-09  0.1000E-09  0.1000E-09  0.1000E-09  0.7384E+04  0.0000E+00
    2.3699  1  1   31.6832   19.3410   14.4933    7.9847    0.9992    0.7789    0.0032    0.0024    5.3371    4.6005  0.5320E+03  0.1357E+04 -0.4457E-06 -0.4329E-07  0.1000E-09  0.1000E-09  0.1000E-09  0.1000E-09  0.7385E+04  0.0000E+00
    2.3748  1  1   31.6810   19.3408   14.4933    7.9847    0.9996    0.7790    0.0032    0.0024    5.3374    4.6007  0.5306E+03  0.1356E+04 -0.4457E-06 -0.4329E-07  0.1000E-09  0.1000E-09  0.1000E-09  0.1000E-09  0.7385E+04  0.0000E+00
    2.3797  1  1   31.6788   19.3406   14.4933    7.9847    1.0000    0.7791    0.0032    0.0024    5.3377    4.6008  0.5293E+03  0.1355E+04 -0.4483E-06 -0.4329E-07  0.1000E-09  0.1000E-09  0.1000E-09  0.1000E-09  0.7385E+04  0.0000E+00
    2.3846  1  1   31.6766   19.3404   14.4933    7.9847    1.0004    0.7793    0.0032    0.0024    5.3381    4.6010  0.5279E+03  0.1354E+04 -0.4517E-06 -0.4332E-07  0.1000E-09  0.1000E-09  0.1000E-09  0.1000E-09  0.7386E+04  0.0000E+00
    2.3896  1  1   31.6744   19.3402   14.4933    7.9847    1.0008    0.7794    0.0032    0.0024    5.3384    4.6012  0.5265E+03  0.1353E+04 -0.4523E-06 -0.4336E-07  0.1000E-09  0.1000E-09  0.1000E-09  0.1000E-09  0.7386E+04  0.0000E+00
    2.3945  1  1   31.6722   19.3400   14.4933    7.9847    1.0012    0.7795    0.0032    0.0024    5.3387    4.6014  0.5251E+03  0.1352E+04 -0.4523E-06 -0.4340E-07  0.1000E-09  0.1000E-09  0.1000E-09  0.1000E-09  0.7386E+04  0.0000E+00
    2.3994  1  1   31.6699   19.3397   14.4933    7.9847    1.0017    0.7797    0.0032    0.0024    5.3390    4.6015  0.5237E+03  0.1351E+04 -0.4523E-06 -0.4344E-07  0.1000E-09  0.1000E-09  0.1000E-09  0.1000E-09  0.7387E+04  0.0000E+00
    2.4043  1  1   31.6677   19.3395   14.4933    7.9847    1.0021    0.7798    0.0032    0.0024    5.3394    4.6017  0.5223E+03  0.1350E+04 -0.4523E-06 -0.4345E-07  0.1000E-09  0.1000E-09  0.1000E-09  0.1000E-09  0.7387E+04  0.0000E+00
    2.4092  1  1   31.6655   19.3393   14.4933    7.9847    1.0025    0.7799    0.0032    0.0024    5.3397    4.6019  0.5209E+03  0.1349E+04 -0.4561E-06 -0.4345E-07  0.1000E-09  0.1000E-09  0.1000E-09  0.1000E-09  0.7388E+04  0.0000E+00
    2.4141  1  1   31.6632   19.3391   14.4933    7.9847    1.0029    0.7800    0.0032    0.0024    5.3400    4.6021  0.5195E+03  0.1348E+04 -0.4607E-06 -0.4345E-07  0.1000E-09  0.1000E-09  0.1000E-09  0.1000E-09  0.7388E+04  0.0000E+00
    2.4191  1  1   31.6609   19.3389   14.4933    7.9847    1.0033    0.7802    0.0032    0.0024    5.3403    4.6022  0.5182E+03  0.1347E+04 -0.4616E-06 -0.4345E-07  0.1000E-09  0.1000E-09  0.1000E-09  0.1000E-09  0.7388E+04  0.0000E+00
    2.4240  1  1   31.6587   19.3387   14.4933    7.9847    1.0037    0.7803    0.0032    0.0024    5.3407    4.6024  0.5168E+03  0.1346E+04 -0.4616E-06 -0.4345E-07  0.1000E-09  0.1000E-09  0.1000E-09  0.1000E-09  0.7389E+04  0.0000E+00
    2.4289  1  1   31.6564   19.3385   14.4933    7.9847    1.0042    0.7804    0.0032    0.0024    5.3410    4.6026  0.5154E+03  0.1345E+04 -0.4616E-06 -0.4345E-07  0.1000E-09  0.1000E-09  0.1000E-09  0.1000E-09  0.7389E+04  0.0000E+00
    2.4338  1  1   31.6541   19.3382   14.4933    7.9847    1.0046    0.7806    0.0032    0.0024    5.3413    4.6027  0.5140E+03  0.1344E+04 -0.4616E-06 -0.4346E-07  0.1000E-09  0.1000E-09  0.1000E-09  0.1000E-09  0.7389E+04  0.0000E+00
    2.4387  1  1   31.6519   19.3380   14.4933    7.9847    1.0050    0.7807    0.0032    0.0024    5.3416    4.6029  0.5126E+03  0.1344E+04 -0.4586E-06 -0.4361E-07  0.1000E-09  0.1000E-09  0.1000E-09  0.1000E-09  0.7390E+04  0.0000E+00
    2.4436  1  1   31.6496   19.3378   14.4933    7.9847    1.0054    0.7808    0.0032    0.0024    5.3420    4.6031  0.5112E+03  0.1343E+04 -0.4550E-06 -0.4376E-07  0.1000E-09  0.1000E-09  0.1000E-09  0.1000E-09  0.7390E+04  0.0000E+00
    2.4486  1  1   31.6474   19.3376   14.4933    7.9847    1.0059    0.7809    0.0032    0.0024    5.3423    4.6033  0.5099E+03  0.1342E+04 -0.4544E-06 -0.4391E-07  0.1000E-09  0.1000E-09  0.1000E-09  0.1000E-09  0.7390E+04  0.0000E+00
    2.4535  1  1   31.6452   19.3374   14.4933    7.9847    1.0063    0.7811    0.0033    0.0024    5.3426    4.6034  0.5085E+03  0.1341E+04 -0.4544E-06 -0.4405E-07  0.1000E-09  0.1000E-09  0.1000E-09  0.1000E-09  0.7391E+04  0.0000E+00
    2.4584  1  1   31.6429   19.3372   14.4933    7.9847    1.0067    0.7812    0.0033    0.0024    5.3430    4.6036  0.5071E+03  0.1340E+04 -0.4544E-06 -0.4405E-07  0.1000E-09  0.1000E-09  0.1000E-09  0.1000E-09  0.7391E+04  0.0000E+00
    2.4633  1  1   31.6407   19.3369   14.4933    7.9847    1.0071    0.7813    0.0033    0.0024    5.3433    4.6038  0.5058E+03  0.1339E+04 -0.4544E-06 -0.4405E-07  0.1000E-09  0.1000E-09  0.1000E-09  0.1000E-09  0.7391E+04  0.0000E+00
    2.4682  1  1   31.6384   19.3367   14.4933    7.9847    1.0076    0.7815    0.0033    0.0024    5.3436    4.6039  0.5044E+03  0.1338E+04 -0.4610E-06 -0.4405E-07  0.1000E-09  0.1000E-09  0.1000E-09  0.1000E-09  0.7392E+04  0.0000E+00
    2.4731  1  1   31.6361   19.3365   14.4933    7.9847    1.0080    0.7816    0.0033    0.0024    5.3439    4.6041  0.5030E+03  0.1337E+04 -0.4685E-06 -0.4405E-07  0.1000E-09  0.1000E-09  0.1000E-09  0.1000E-09  0.7392E+04  0.0000E+00
    2.4781  1  1   31.6338   19.3363   14.4933    7.9847    1.0084    0.7817    0.0033    0.0024    5.3443    4.6043  0.5016E+03  0.1336E+04 -0.4694E-06 -0.4405E-07  0.1000E-09  0.1000E-09  0.1000E-09  0.1000E-09  0.7393E+04  0.0000E+00
    2.4830  1  1   31.6315   19.3361   14.4933    7.9847    1.0089    0.7818    0.0033    0.0024    5.3446    4.6045  0.5002E+03  0.1335E+04 -0.4694E-06 -0.4405E-07  0.1000E-09  0.1000E-09  0.1000E-09  0.1000E-09  0.7393E+04  0.0000E+00
    2.4879  1  1   31.6292   19.3359   14.4933    7.9847    1.0093    0.7820    0.0033    0.0024    5.3449    4.6046  0.4989E+03  0.1334E+04 -0.4694E-06 -0.4407E-07  0.1000E-09  0.1000E-09  0.1000E-09  0.1000E-09  0.7393E+04  0.0000E+00
    2.4928  1  1   31.6269   19.3356   14.4933    7.9847    1.0097    0.7821    0.0033    0.0024    5.3453    4.6048  0.4975E+03  0.1333E+04 -0.4694E-06 -0.4412E-07  0.1000E-09  0.1000E-09  0.1000E-09  0.1000E-09  0.7394E+04  0.0000E+00
    2.4977  1  1   31.6246   19.3354   14.4933    7.9847    1.0102    0.7822    0.0033    0.0024    5.3456    4.6050  0.4961E+03  0.1332E+04 -0.4661E-06 -0.4416E-07  0.1000E-09  0.1000E-09  0.1000E-09  0.1000E-09  0.7394E+04  0.0000E+00
    2.5026  1  1   31.6223   19.3352   14.4933    7.9847    1.0106    0.7824    0.0033    0.0024    5.3459    4.6051  0.4947E+03  0.1331E+04 -0.4625E-06 -0.4421E-07  0.1000E-09  0.1000E-09  0.1000E-09  0.1000E-09  0.7394E+04  0.0000E+00
    2.5076  1  1   31.6201   19.3350   14.4933    7.9847    1.0110    0.7825    0.0033    0.0024    5.3462    4.6053  0.4934E+03  0.1330E+04 -0.4621E-06 -0.4423E-07  0.1000E-09  0.1000E-09  0.1000E-09  0.1000E-09  0.7395E+04  0.0000E+00
    2.5125  1  1   31.6178   19.3348   14.4933    7.9847    1.0115    0.7826    0.0033    0.0024    5.3466    4.6055  0.4920E+03  0.1329E+04 -0.4621E-06 -0.4423E-07  0.1000E-09  0.1000E-09  0.1000E-09  0.1000E-09  0.7395E+04  0.0000E+00
    2.5174  1  1   31.6155   19.3346   14.4933    7.9847    1.0119    0.7828    0.0033    0.0024    5.3469    4.6057  0.4906E+03  0.1328E+04 -0.4621E-06 -0.4423E-07  0.1000E-09  0.1000E-09  0.1000E-09  0.1000E-09  0.7395E+04  0.0000E+00
    2.5223  1  1   31.6132   19.3343   14.4933    7.9847    1.0124    0.7829    0.0033    0.0024    5.3472    4.6058  0.4893E+03  0.1328E+04 -0.4621E-06 -0.4423E-07  0.1000E-09  0.1000E-09  0.1000E-09  0.1000E-09  0.7396E+04  0.0000E+00
    2.5272  1  1   31.6109   19.3341   14.4933    7.9847    1.0128    0.7830    0.0033    0.0024    5.3476    4.6060  0.4879E+03  0.1327E+04 -0.4693E-06 -0.4423E-07  0.1000E-09  0.1000E-09  0.1000E-09  0.1000E-09  0.7396E+04  0.0000E+00
    2.5321  1  1   31.6086   19.3339   14.4933    7.9847    1.0132    0.7831    0.0033    0.0024    5.3479    4.6062  0.4865E+03  0.1326E+04 -0.4767E-06 -0.4423E-07  0.1000E-09  0.1000E-09  0.1000E-09  0.1000E-09  0.7397E+04  0.0000E+00
    2.5371  1  1   31.6063   19.3337   14.4933    7.9847    1.0137    0.7833    0.0033    0.0024    5.3482    4.6064  0.4851E+03  0.1325E+04 -0.4770E-06 -0.4424E-07  0.1000E-09  0.1000E-09  0.1000E-09  0.1000E-09  0.7397E+04  0.0000E+00
    2.5420  1  1   31.6039   19.3335   14.4933    7.9847    1.0141    0.7834    0.0033    0.0024    5.3486    4.6065  0.4838E+03  0.1324E+04 -0.4770E-06 -0.4464E-07  0.1000E-09  0.1000E-09  0.1000E-09  0.1000E-09  0.7397E+04  0.0000E+00
    2.5469  1  1   31.6016   19.3333   14.4933    7.9847    1.0146    0.7835    0.0033    0.0024    5.3489    4.6067  0.4824E+03  0.1323E+04 -0.4770E-06 -0.4504E-07  0.1000E-09  0.1000E-09  0.1000E-09  0.1000E-09  0.7398E+04  0.0000E+00
    2.5518  1  1   31.5992   19.3330   14.4933    7.9847    1.0150    0.7837    0.0033    0.0024    5.3492    4.6069  0.4810E+03  0.1322E+04 -0.4770E-06 -0.4545E-07  0.1000E-09  0.1000E-09  0.1000E-09  0.1000E-09  0.7398E+04  0.0000E+00
    2.5567  1  1   31.5969   19.3328   14.4933    7.9847    1.0155    0.7838    0.0033    0.0024    5.3496    4.6071  0.4797E+03  0.1321E+04 -0.4776E-06 -0.4584E-07  0.1000E-09  0.1000E-09  0.1000E-09  0.1000E-09  0.7398E+04  0.0000E+00
    2.5616  1  1   31.5945   19.3326   14.4933    7.9847    1.0159    0.7839    0.0033    0.0024    5.3499    4.6072  0.4783E+03  0.1320E+04 -0.4782E-06 -0.4584E-07  0.1000E-09  0.1000E-09  0.1000E-09  0.1000E-09  0.7399E+04  0.0000E+00
    2.5666  1  1   31.5922   19.3323   14.4933    7.9847    1.0164    0.7841    0.0033    0.0024    5.3502    4.6074  0.4769E+03  0.1319E+04 -0.4782E-06 -0.4584E-07  0.1000E-09  0.1000E-09  0.1000E-09  0.1000E-09  0.7399E+04  0.0000E+00
    2.5715  1  1   31.5898   19.3321   14.4933    7.9847    1.0168    0.7842    0.0033    0.0024    5.3506    4.6076  0.4755E+03  0.1318E+04 -0.4782E-06 -0.4584E-07  0.1000E-09  0.1000E-09  0.1000E-09  0.1000E-09  0.7400E+04  0.0000E+00
    2.5764  1  1   31.5875   19.3319   14.4933    7.9847    1.0173    0.7843    0.0033    0.0024    5.3509    4.6078  0.4742E+03  0.1317E+04 -0.4782E-06 -0.4584E-07  0.1000E-09  0.1000E-09  0.1000E-09  0.1000E-09  0.7400E+04  0.0000E+00
    2.5813  1  1   31.5851   19.3317   14.4933    7.9847    1.0178    0.7845    0.0033    0.0024    5.3512    4.6079  0.4728E+03  0.1316E+04 -0.4782E-06 -0.4584E-07  0.1000E-09  0.1000E-09  0.1000E-09  0.1000E-09  0.7400E+04  0.0000E+00
    2.5862  1  1   31.5828   19.3314   14.4933    7.9847    1.0182    0.7846    0.0033    0.0024    5.3516    4.6081  0.4715E+03  0.1315E+04 -0.4775E-06 -0.4584E-07  0.1000E-09  0.1000E-09  0.1000E-09  0.1000E-09  0.7401E+04  0.0000E+00
    2.5911  1  1   31.5804   19.3312   14.4933    7.9847    1.0187    0.7847    0.0033    0.0024    5.3519    4.6083  0.4701E+03  0.1314E+04 -0.4769E-06 -0.4575E-07  0.1000E-09  0.1000E-09  0.1000E-09  0.1000E-09  0.7401E+04  0.0000E+00
    2.5961  1  1   31.5781   19.3310   14.4933    7.9847    1.0191    0.7849    0.0033    0.0024    5.3522    4.6085  0.4687E+03  0.1313E+04 -0.4769E-06 -0.4554E-07  0.1000E-09  0.1000E-09  0.1000E-09  0.1000E-09  0.7401E+04  0.0000E+00
    2.6010  1  1   31.5757   19.3308   14.4933    7.9847    1.0196    0.7850    0.0033    0.0024    5.3526    4.6086  0.4674E+03  0.1312E+04 -0.4769E-06 -0.4534E-07  0.1000E-09  0.1000E-09  0.1000E-09  0.1000E-09  0.7402E+04  0.0000E+00
    2.6059  1  1   31.5734   19.3306   14.4933    7.9847    1.0201    0.7851    0.0034    0.0024    5.3529    4.6088  0.4660E+03  0.1311E+04 -0.4769E-06 -0.4513E-07  0.1000E-09  0.1000E-09  0.1000E-09  0.1000E-09  0.7402E+04  0.0000E+00
    2.6108  1  1   31.5710   19.3303   14.4933    7.9847    1.0205    0.7853    0.0034    0.0024    5.3532    4.6090  0.4647E+03  0.1311E+04 -0.4774E-06 -0.4501E-07  0.1000E-09  0.1000E-09  0.1000E-09  0.1000E-09  0.7403E+04  0.0000E+00
    2.6157  1  1   31.5687   19.3301   14.4933    7.9847    1.0210    0.7854    0.0034    0.0024    5.3536    4.6091  0.4633E+03  0.1310E+04 -0.4847E-06 -0.4501E-07  0.1000E-09  0.1000E-09  0.1000E-09  0.1000E-09  0.7403E+04  0.0000E+00
    2.6206  1  1   31.5662   19.3299   14.4933    7.9847    1.0215    0.7855    0.0034    0.0024    5.3539    4.6093  0.4619E+03  0.1309E+04 -0.4914E-06 -0.4501E-07  0.1000E-09  0.1000E-09  0.1000E-09  0.1000E-09  0.7403E+04  0.0000E+00
    2.6256  1  1   31.5638   19.3297   14.4933    7.9847    1.0219    0.7856    0.0034    0.0024    5.3542    4.6095  0.4605E+03  0.1308E+04 -0.4914E-06 -0.4501E-07  0.1000E-09  0.1000E-09  0.1000E-09  0.1000E-09  0.7404E+04  0.0000E+00
    2.6305  1  1   31.5614   19.3294   14.4933    7.9847    1.0224    0.7858    0.0034    0.0024    5.3546    4.6097  0.4592E+03  0.1307E+04 -0.4914E-06 -0.4501E-07  0.1000E-09  0.1000E-09  0.1000E-09  0.1000E-09  0.7404E+04  0.0000E+00
    2.6354  1  1   31.5590   19.3292   14.4933    7.9847    1.0229    0.7859    0.0034    0.0024    5.3549    4.6098  0.4578E+03  0.1306E+04 -0.4914E-06 -0.4501E-07  0.1000E-09  0.1000E-09  0.1000E-09  0.1000E-09  0.7404E+04  0.0000E+00
    2.6403  1  1   31.5566   19.3290   14.4933    7.9847    1.0233    0.7860    0.0034    0.0024    5.3553    4.6100  0.4565E+03  0.1305E+04 -0.4915E-06 -0.4507E-07  0.1000E-09  0.1000E-09  0.1000E-09  0.1000E-09  0.7405E+04  0.0000E+00
    2.6452  1  1   31.5542   19.3288   14.4933    7.9847    1.0238    0.7862    0.0034    0.0024    5.3556    4.6102  0.4551E+03  0.1304E+04 -0.4918E-06 -0.4545E-07  0.1000E-09  0.1000E-09  0.1000E-09  0.1000E-09  0.7405E+04  0.0000E+00
    2.6501  1  1   31.5517   19.3286   14.4933    7.9847    1.0243    0.7863    0.0034    0.0024    5.3559    4.6104  0.4537E+03  0.1303E+04 -0.4921E-06 -0.4583E-07  0.1000E-09  0.1000E-09  0.1000E-09  0.1000E-09  0.7406E+04  0.0000E+00
    2.6551  1  1   31.5493   19.3283   14.4933    7.9847    1.0248    0.7864    0.0034    0.0024    5.3563    4.6105  0.4524E+03  0.1302E+04 -0.4921E-06 -0.4622E-07  0.1000E-09  0.1000E-09  0.1000E-09  0.1000E-09  0.7406E+04  0.0000E+00
    2.6600  1  1   31.5469   19.3281   14.4933    7.9847    1.0253    0.7866    0.0034    0.0024    5.3566    4.6107  0.4510E+03  0.1301E+04 -0.4921E-06 -0.4654E-07  0.1000E-09  0.1000E-09  0.1000E-09  0.1000E-09  0.7406E+04  0.0000E+00
    2.6649  1  1   31.5445   19.3279   14.4933    7.9847    1.0257    0.7867    0.0034    0.0024    5.3569    4.6109  0.4497E+03  0.1300E+04 -0.4921E-06 -0.4654E-07  0.1000E-09  0.1000E-09  0.1000E-09  0.1000E-09  0.7407E+04  0.0000E+00
    2.6698  1  1   31.5421   19.3276   14.4933    7.9847    1.0262    0.7868    0.0034    0.0024    5.3573    4.6111  0.4483E+03  0.1299E+04 -0.4930E-06 -0.4654E-07  0.1000E-09  0.1000E-09  0.1000E-09  0.1000E-09  0.7407E+04  0.0000E+00
    2.6747  1  1   31.5396   19.3274   14.4933    7.9847    1.0267    0.7870    0.0034    0.0024    5.3576    4.6112  0.4469E+03  0.1298E+04 -0.4991E-06 -0.4654E-07  0.1000E-09  0.1000E-09  0.1000E-09  0.1000E-09  0.7408E+04  0.0000E+00
    2.6797  1  1   31.5371   19.3272   14.4933    7.9847    1.0272    0.7871    0.0034    0.0025    5.3579    4.6114  0.4456E+03  0.1297E+04 -0.5042E-06 -0.4654E-07  0.1000E-09  0.1000E-09  0.1000E-09  0.1000E-09  0.7408E+04  0.0000E+00
    2.6846  1  1   31.5346   19.3270   14.4933    7.9847    1.0277    0.7872    0.0034    0.0025    5.3583    4.6116  0.4442E+03  0.1296E+04 -0.5042E-06 -0.4654E-07  0.1000E-09  0.1000E-09  0.1000E-09  0.1000E-09  0.7408E+04  0.0000E+00
    2.6895  1  1   31.5322   19.3267   14.4933    7.9847    1.0281    0.7874    0.0034    0.0025    5.3586    4.6118  0.4429E+03  0.1295E+04 -0.5042E-06 -0.4654E-07  0.1000E-09  0.1000E-09  0.1000E-09  0.1000E-09  0.7409E+04  0.0000E+00
    2.6944  1  1   31.5297   19.3265   14.4933    7.9847    1.0286    0.7875    0.0034    0.0025    5.3589    4.6119  0.4415E+03  0.1294E+04 -0.5042E-06 -0.4632E-07  0.1000E-09  0.1000E-09  0.1000E-09  0.1000E-09  0.7409E+04  0.0000E+00
    2.6993  1  1   31.5272   19.3263   14.4933    7.9847    1.0291    0.7876    0.0034    0.0025    5.3593    4.6121  0.4402E+03  0.1294E+04 -0.5039E-06 -0.4602E-07  0.1000E-09  0.1000E-09  0.1000E-09  0.1000E-09  0.7410E+04  0.0000E+00
    2.7042  1  1   31.5247   19.3260   14.4933    7.9847    1.0296    0.7878    0.0034    0.0025    5.3596    4.6123  0.4388E+03  0.1293E+04 -0.5010E-06 -0.4571E-07  0.1000E-09  0.1000E-09  0.1000E-09  0.1000E-09  0.7410E+04  0.0000E+00
    2.7092  1  1   31.5223   19.3258   14.4933    7.9847    1.0301    0.7879    0.0034    0.0025    5.3600    4.6125  0.4375E+03  0.1292E+04 -0.4985E-06 -0.4541E-07  0.1000E-09  0.1000E-09  0.1000E-09  0.1000E-09  0.7410E+04  0.0000E+00
    2.7141  1  1   31.5198   19.3256   14.4933    7.9847    1.0306    0.7880    0.0034    0.0025    5.3603    4.6126  0.4361E+03  0.1291E+04 -0.4985E-06 -0.4533E-07  0.1000E-09  0.1000E-09  0.1000E-09  0.1000E-09  0.7411E+04  0.0000E+00
    2.7190  1  1   31.5174   19.3254   14.4933    7.9847    1.0311    0.7882    0.0034    0.0025    5.3606    4.6128  0.4348E+03  0.1290E+04 -0.4985E-06 -0.4533E-07  0.1000E-09  0.1000E-09  0.1000E-09  0.1000E-09  0.7411E+04  0.0000E+00
    2.7239  1  1   31.5149   19.3252   14.4933    7.9847    1.0316    0.7883    0.0034    0.0025    5.3610    4.6130  0.4334E+03  0.1289E+04 -0.4985E-06 -0.4533E-07  0.1000E-09  0.1000E-09  0.1000E-09  0.1000E-09  0.7411E+04  0.0000E+00
    2.7288  1  1   31.5125   19.3249   14.4933    7.9847    1.0321    0.7884    0.0034    0.0025    5.3613    4.6132  0.4321E+03  0.1288E+04 -0.4990E-06 -0.4533E-07  0.1000E-09  0.1000E-09  0.1000E-09  0.1000E-09  0.7412E+04  0.0000E+00
    2.7337  1  1   31.5100   19.3247   14.4933    7.9847    1.0326    0.7886    0.0034    0.0025    5.3617    4.6133  0.4307E+03  0.1287E+04 -0.5010E-06 -0.4533E-07  0.1000E-09  0.1000E-09  0.1000E-09  0.1000E-09  0.7412E+04  0.0000E+00
    2.7387  1  1   31.5075   19.3245   14.4933    7.9847    1.0331    0.7887    0.0035    0.0025    5.3620    4.6135  0.4294E+03  0.1286E+04 -0.5027E-06 -0.4533E-07  0.1000E-09  0.1000E-09  0.1000E-09  0.1000E-09  0.7413E+04  0.0000E+00
    2.7436  1  1   31.5051   19.3243   14.4933    7.9847    1.0336    0.7888    0.0035    0.0025    5.3623    4.6137  0.4280E+03  0.1285E+04 -0.5027E-06 -0.4533E-07  0.1000E-09  0.1000E-09  0.1000E-09  0.1000E-09  0.7413E+04  0.0000E+00
    2.7485  1  1   31.5026   19.3240   14.4933    7.9847    1.0341    0.7890    0.0035    0.0025    5.3627    4.6139  0.4267E+03  0.1284E+04 -0.5027E-06 -0.4612E-07  0.1000E-09  0.1000E-09  0.1000E-09  0.1000E-09  0.7413E+04  0.0000E+00
    2.7534  1  1   31.5001   19.3238   14.4933    7.9847    1.0346    0.7891    0.0035    0.0025    5.3630    4.6140  0.4253E+03  0.1283E+04 -0.5027E-06 -0.4692E-07  0.1000E-09  0.1000E-09  0.1000E-09  0.1000E-09  0.7414E+04  0.0000E+00
    2.7583  1  1   31.4977   19.3236   14.4933    7.9847    1.0351    0.7892    0.0035    0.0025    5.3634    4.6142  0.4240E+03  0.1282E+04 -0.5044E-06 -0.4773E-07  0.1000E-09  0.1000E-09  0.1000E-09  0.1000E-09  0.7414E+04  0.0000E+00
    2.7632  1  1   31.4951   19.3233   14.4933    7.9847    1.0356    0.7894    0.0035    0.0025    5.3637    4.6144  0.4226E+03  0.1281E+04 -0.5116E-06 -0.4853E-07  0.1000E-09  0.1000E-09  0.1000E-09  0.1000E-09  0.7415E+04  0.0000E+00
    2.7682  1  1   31.4926   19.3231   14.4933    7.9847    1.0361    0.7895    0.0035    0.0025    5.3641    4.6146  0.4213E+03  0.1280E+04 -0.5172E-06 -0.4855E-07  0.1000E-09  0.1000E-09  0.1000E-09  0.1000E-09  0.7415E+04  0.0000E+00
    2.7731  1  1   31.4900   19.3229   14.4933    7.9847    1.0366    0.7896    0.0035    0.0025    5.3644    4.6148  0.4199E+03  0.1279E+04 -0.5172E-06 -0.4855E-07  0.1000E-09  0.1000E-09  0.1000E-09  0.1000E-09  0.7415E+04  0.0000E+00
    2.7780  1  1   31.4875   19.3226   14.4933    7.9847    1.0372    0.7898    0.0035    0.0025    5.3647    4.6149  0.4186E+03  0.1279E+04 -0.5172E-06 -0.4855E-07  0.1000E-09  0.1000E-09  0.1000E-09  0.1000E-09  0.7416E+04  0.0000E+00
    2.7829  1  1   31.4850   19.3224   14.4933    7.9847    1.0377    0.7899    0.0035    0.0025    5.3651    4.6151  0.4172E+03  0.1278E+04 -0.5172E-06 -0.4855E-07  0.1000E-09  0.1000E-09  0.1000E-09  0.1000E-09  0.7416E+04  0.0000E+00
    2.7878  1  1   31.4824   19.3221   14.4933    7.9847    1.0382    0.7901    0.0035    0.0025    5.3654    4.6153  0.4159E+03  0.1277E+04 -0.5163E-06 -0.4855E-07  0.1000E-09  0.1000E-09  0.1000E-09  0.1000E-09  0.7417E+04  0.0000E+00
    2.7927  1  1   31.4799   19.3219   14.4933    7.9847    1.0387    0.7902    0.0035    0.0025    5.3658    4.6155  0.4146E+03  0.1276E+04 -0.5127E-06 -0.4855E-07  0.1000E-09  0.1000E-09  0.1000E-09  0.1000E-09  0.7417E+04  0.0000E+00
    2.7977  1  1   31.4774   19.3217   14.4933    7.9847    1.0392    0.7903    0.0035    0.0025    5.3661    4.6156  0.4132E+03  0.1275E+04 -0.5100E-06 -0.4818E-07  0.1000E-09  0.1000E-09  0.1000E-09  0.1000E-09  0.7417E+04  0.0000E+00
    2.8026  1  1   31.4749   19.3214   14.4933    7.9847    1.0398    0.7905    0.0035    0.0025    5.3665    4.6158  0.4119E+03  0.1274E+04 -0.5100E-06 -0.4753E-07  0.1000E-09  0.1000E-09  0.1000E-09  0.1000E-09  0.7418E+04  0.0000E+00
    2.8075  1  1   31.4724   19.3212   14.4933    7.9847    1.0403    0.7906    0.0035    0.0025    5.3668    4.6160  0.4105E+03  0.1273E+04 -0.5100E-06 -0.4688E-07  0.1000E-09  0.1000E-09  0.1000E-09  0.1000E-09  0.7418E+04  0.0000E+00
    2.8124  1  1   31.4699   19.3210   14.4933    7.9847    1.0408    0.7907    0.0035    0.0025    5.3672    4.6162  0.4092E+03  0.1272E+04 -0.5100E-06 -0.4624E-07  0.1000E-09  0.1000E-09  0.1000E-09  0.1000E-09  0.7419E+04  0.0000E+00
    2.8173  1  1   31.4674   19.3207   14.4933    7.9847    1.0413    0.7909    0.0035    0.0025    5.3675    4.6164  0.4079E+03  0.1271E+04 -0.5129E-06 -0.4597E-07  0.1000E-09  0.1000E-09  0.1000E-09  0.1000E-09  0.7419E+04  0.0000E+00
    2.8222  1  1   31.4648   19.3205   14.4933    7.9847    1.0419    0.7910    0.0035    0.0025    5.3679    4.6165  0.4065E+03  0.1270E+04 -0.5224E-06 -0.4597E-07  0.1000E-09  0.1000E-09  0.1000E-09  0.1000E-09  0.7419E+04  0.0000E+00
    2.8272  1  1   31.4622   19.3203   14.4933    7.9847    1.0424    0.7911    0.0035    0.0025    5.3682    4.6167  0.4052E+03  0.1269E+04 -0.5288E-06 -0.4597E-07  0.1000E-09  0.1000E-09  0.1000E-09  0.1000E-09  0.7420E+04  0.0000E+00
    2.8321  1  1   31.4596   19.3201   14.4933    7.9847    1.0429    0.7913    0.0035    0.0025    5.3686    4.6169  0.4038E+03  0.1268E+04 -0.5288E-06 -0.4597E-07  0.1000E-09  0.1000E-09  0.1000E-09  0.1000E-09  0.7420E+04  0.0000E+00
    2.8370  1  1   31.4570   19.3198   14.4933    7.9847    1.0435    0.7914    0.0035    0.0025    5.3689    4.6171  0.4025E+03  0.1267E+04 -0.5288E-06 -0.4597E-07  0.1000E-09  0.1000E-09  0.1000E-09  0.1000E-09  0.7421E+04  0.0000E+00
    2.8419  1  1   31.4544   19.3196   14.4933    7.9847    1.0440    0.7915    0.0035    0.0025    5.3693    4.6172  0.4012E+03  0.1266E+04 -0.5288E-06 -0.4597E-07  0.1000E-09  0.1000E-09  0.1000E-09  0.1000E-09  0.7421E+04  0.0000E+00
    2.8468  1  1   31.4518   19.3194   14.4933    7.9847    1.0445    0.7917    0.0035    0.0025    5.3696    4.6174  0.3998E+03  0.1265E+04 -0.5277E-06 -0.4597E-07  0.1000E-09  0.1000E-09  0.1000E-09  0.1000E-09  0.7422E+04  0.0000E+00
    2.8517  1  1   31.4492   19.3192   14.4933    7.9847    1.0451    0.7918    0.0035    0.0025    5.3700    4.6176  0.3985E+03  0.1264E+04 -0.5242E-06 -0.4636E-07  0.1000E-09  0.1000E-09  0.1000E-09  0.1000E-09  0.7422E+04  0.0000E+00
    2.8567  1  1   31.4466   19.3189   14.4933    7.9847    1.0456    0.7919    0.0035    0.0025    5.3703    4.6178  0.3971E+03  0.1264E+04 -0.5217E-06 -0.4675E-07  0.1000E-09  0.1000E-09  0.1000E-09  0.1000E-09  0.7422E+04  0.0000E+00
    2.8616  1  1   31.4441   19.3187   14.4933    7.9847    1.0462    0.7921    0.0036    0.0025    5.3707    4.6179  0.3958E+03  0.1263E+04 -0.5217E-06 -0.4713E-07  0.1000E-09  0.1000E-09  0.1000E-09  0.1000E-09  0.7423E+04  0.0000E+00
    2.8665  1  1   31.4415   19.3185   14.4933    7.9847    1.0467    0.7922    0.0036    0.0025    5.3710    4.6181  0.3945E+03  0.1262E+04 -0.5217E-06 -0.4752E-07  0.1000E-09  0.1000E-09  0.1000E-09  0.1000E-09  0.7423E+04  0.0000E+00
    2.8714  1  1   31.4390   19.3182   14.4933    7.9847    1.0472    0.7923    0.0036    0.0025    5.3714    4.6183  0.3932E+03  0.1261E+04 -0.5217E-06 -0.4752E-07  0.1000E-09  0.1000E-09  0.1000E-09  0.1000E-09  0.7424E+04  0.0000E+00
    2.8763  1  1   31.4364   19.3180   14.4933    7.9847    1.0478    0.7925    0.0036    0.0025    5.3717    4.6185  0.3918E+03  0.1260E+04 -0.5239E-06 -0.4752E-07  0.1000E-09  0.1000E-09  0.1000E-09  0.1000E-09  0.7424E+04  0.0000E+00
    2.8812  1  1   31.4338   19.3178   14.4933    7.9847    1.0483    0.7926    0.0036    0.0025    5.3721    4.6186  0.3905E+03  0.1259E+04 -0.5295E-06 -0.4752E-07  0.1000E-09  0.1000E-09  0.1000E-09  0.1000E-09  0.7424E+04  0.0000E+00
    2.8862  1  1   31.4312   19.3175   14.4933    7.9847    1.0489    0.7928    0.0036    0.0025    5.3724    4.6188  0.3892E+03  0.1258E+04 -0.5329E-06 -0.4752E-07  0.1000E-09  0.1000E-09  0.1000E-09  0.1000E-09  0.7425E+04  0.0000E+00
    2.8911  1  1   31.4285   19.3173   14.4933    7.9847    1.0495    0.7929    0.0036    0.0025    5.3728    4.6190  0.3878E+03  0.1257E+04 -0.5329E-06 -0.4752E-07  0.1000E-09  0.1000E-09  0.1000E-09  0.1000E-09  0.7425E+04  0.0000E+00
    2.8960  1  1   31.4259   19.3171   14.4933    7.9847    1.0500    0.7930    0.0036    0.0025    5.3731    4.6192  0.3865E+03  0.1256E+04 -0.5329E-06 -0.4752E-07  0.1000E-09  0.1000E-09  0.1000E-09  0.1000E-09  0.7426E+04  0.0000E+00
    2.9009  1  1   31.4233   19.3168   14.4933    7.9847    1.0506    0.7932    0.0036    0.0025    5.3735    4.6194  0.3852E+03  0.1255E+04 -0.5329E-06 -0.4756E-07  0.1000E-09  0.1000E-09  0.1000E-09  0.1000E-09  0.7426E+04  0.0000E+00
    2.9058  1  1   31.4207   19.3166   14.4933    7.9847    1.0511    0.7933    0.0036    0.0025    5.3738    4.6195  0.3839E+03  0.1254E+04 -0.5341E-06 -0.4767E-07  0.1000E-09  0.1000E-09  0.1000E-09  0.1000E-09  0.7427E+04  0.0000E+00
    2.9107  1  1   31.4180   19.3164   14.4933    7.9847    1.0517    0.7934    0.0036    0.0025    5.3742    4.6197  0.3825E+03  0.1253E+04 -0.5370E-06 -0.4779E-07  0.1000E-09  0.1000E-09  0.1000E-09  0.1000E-09  0.7427E+04  0.0000E+00
    2.9157  1  1   31.4154   19.3161   14.4933    7.9847    1.0523    0.7936    0.0036    0.0025    5.3745    4.6199  0.3812E+03  0.1252E+04 -0.5388E-06 -0.4790E-07  0.1000E-09  0.1000E-09  0.1000E-09  0.1000E-09  0.7427E+04  0.0000E+00
    2.9206  1  1   31.4127   19.3159   14.4933    7.9847    1.0528    0.7937    0.0036    0.0025    5.3749    4.6201  0.3799E+03  0.1251E+04 -0.5388E-06 -0.4798E-07  0.1000E-09  0.1000E-09  0.1000E-09  0.1000E-09  0.7428E+04  0.0000E+00
    2.9255  1  1   31.4101   19.3157   14.4933    7.9847    1.0534    0.7939    0.0036    0.0025    5.3752    4.6202  0.3785E+03  0.1250E+04 -0.5388E-06 -0.4798E-07  0.1000E-09  0.1000E-09  0.1000E-09  0.1000E-09  0.7428E+04  0.0000E+00
    2.9304  1  1   31.4074   19.3154   14.4933    7.9847    1.0539    0.7940    0.0036    0.0025    5.3756    4.6204  0.3772E+03  0.1249E+04 -0.5388E-06 -0.4798E-07  0.1000E-09  0.1000E-09  0.1000E-09  0.1000E-09  0.7429E+04  0.0000E+00
    2.9353  1  1   31.4048   19.3152   14.4933    7.9847    1.0545    0.7941    0.0036    0.0025    5.3759    4.6206  0.3759E+03  0.1249E+04 -0.5384E-06 -0.4798E-07  0.1000E-09  0.1000E-09  0.1000E-09  0.1000E-09  0.7429E+04  0.0000E+00
    2.9402  1  1   31.4021   19.3149   14.4933    7.9847    1.0551    0.7943    0.0036    0.0025    5.3763    4.6208  0.3746E+03  0.1248E+04 -0.5376E-06 -0.4798E-07  0.1000E-09  0.1000E-09  0.1000E-09  0.1000E-09  0.7429E+04  0.0000E+00
    2.9452  1  1   31.3995   19.3147   14.4933    7.9847    1.0557    0.7944    0.0036    0.0025    5.3766    4.6210  0.3732E+03  0.1247E+04 -0.5372E-06 -0.4798E-07  0.1000E-09  0.1000E-09  0.1000E-09  0.1000E-09  0.7430E+04  0.0000E+00
    2.9501  1  1   31.3969   19.3145   14.4933    7.9847    1.0562    0.7945    0.0036    0.0025    5.3770    4.6211  0.3719E+03  0.1246E+04 -0.5372E-06 -0.4798E-07  0.1000E-09  0.1000E-09  0.1000E-09  0.1000E-09  0.7430E+04  0.0000E+00
    2.9550  1  1   31.3942   19.3142   14.4933    7.9847    1.0568    0.7947    0.0036    0.0025    5.3774    4.6213  0.3706E+03  0.1245E+04 -0.5372E-06 -0.4802E-07  0.1000E-09  0.1000E-09  0.1000E-09  0.1000E-09  0.7431E+04  0.0000E+00
    2.9599  1  1   31.3916   19.3140   14.4933    7.9847    1.0574    0.7948    0.0036    0.0025    5.3777    4.6215  0.3693E+03  0.1244E+04 -0.5372E-06 -0.4809E-07  0.1000E-09  0.1000E-09  0.1000E-09  0.1000E-09  0.7431E+04  0.0000E+00
    2.9648  1  1   31.3889   19.3138   14.4933    7.9847    1.0580    0.7950    0.0036    0.0025    5.3781    4.6217  0.3680E+03  0.1243E+04 -0.5384E-06 -0.4815E-07  0.1000E-09  0.1000E-09  0.1000E-09  0.1000E-09  0.7432E+04  0.0000E+00
    2.9697  1  1   31.3863   19.3135   14.4933    7.9847    1.0586    0.7951    0.0037    0.0025    5.3784    4.6219  0.3667E+03  0.1242E+04 -0.5409E-06 -0.4821E-07  0.1000E-09  0.1000E-09  0.1000E-09  0.1000E-09  0.7432E+04  0.0000E+00
    2.9747  1  1   31.3836   19.3133   14.4933    7.9847    1.0591    0.7952    0.0037    0.0025    5.3788    4.6220  0.3654E+03  0.1241E+04 -0.5423E-06 -0.4823E-07  0.1000E-09  0.1000E-09  0.1000E-09  0.1000E-09  0.7432E+04  0.0000E+00
    2.9796  1  1   31.3809   19.3131   14.4933    7.9847    1.0597    0.7954    0.0037    0.0025    5.3791    4.6222  0.3640E+03  0.1240E+04 -0.5423E-06 -0.4823E-07  0.1000E-09  0.1000E-09  0.1000E-09  0.1000E-09  0.7433E+04  0.0000E+00
    2.9845  1  1   31.3783   19.3128   14.4933    7.9847    1.0603    0.7955    0.0037    0.0025    5.3795    4.6224  0.3627E+03  0.1239E+04 -0.5423E-06 -0.4823E-07  0.1000E-09  0.1000E-09  0.1000E-09  0.1000E-09  0.7433E+04  0.0000E+00
    2.9894  1  1   31.3756   19.3126   14.4933    7.9847    1.0609    0.7956    0.0037    0.0025    5.3799    4.6226  0.3614E+03  0.1238E+04 -0.5423E-06 -0.4823E-07  0.1000E-09  0.1000E-09  0.1000E-09  0.1000E-09  0.7434E+04  0.0000E+00
    2.9943  1  1   31.3729   19.3123   14.4933    7.9847    1.0615    0.7958    0.0037    0.0025    5.3802    4.6227  0.3601E+03  0.1237E+04 -0.5450E-06 -0.4823E-07  0.1000E-09  0.1000E-09  0.1000E-09  0.1000E-09  0.7434E+04  0.0000E+00
    2.9992  1  1   31.3702   19.3121   14.4933    7.9847    1.0621    0.7959    0.0037    0.0025    5.3806    4.6229  0.3588E+03  0.1236E+04 -0.5503E-06 -0.4823E-07  0.1000E-09  0.1000E-09  0.1000E-09  0.1000E-09  0.7435E+04  0.0000E+00
    3.0042  1  1   31.3675   19.3119   14.4933    7.9847    1.0627    0.7961    0.0037    0.0025    5.3809    4.6231  0.3575E+03  0.1235E+04 -0.5527E-06 -0.4826E-07  0.1000E-09  0.1000E-09  0.1000E-09  0.1000E-09  0.7435E+04  0.0000E+00
    3.0091  1  1   31.3648   19.3116   14.4933    7.9847    1.0633    0.7962    0.0037    0.0025    5.3813    4.6233  0.3562E+03  0.1234E+04 -0.5527E-06 -0.4837E-07  0.1000E-09  0.1000E-09  0.1000E-09  0.1000E-09  0.7435E+04  0.0000E+00
    3.0140  1  1   31.3621   19.3114   14.4933    7.9847    1.0639    0.7963    0.0037    0.0025    5.3817    4.6235  0.3549E+03  0.1234E+04 -0.5527E-06 -0.4849E-07  0.1000E-09  0.1000E-09  0.1000E-09  0.1000E-09  0.7436E+04  0.0000E+00
    3.0189  1  1   31.3593   19.3112   14.4933    7.9847    1.0645    0.7965    0.0037    0.0025    5.3820    4.6236  0.3536E+03  0.1233E+04 -0.5527E-06 -0.4860E-07  0.1000E-09  0.1000E-09  0.1000E-09  0.1000E-09  0.7436E+04  0.0000E+00
    3.0238  1  1   31.3566   19.3109   14.4933    7.9847    1.0651    0.7966    0.0037    0.0025    5.3824    4.6238  0.3523E+03  0.1232E+04 -0.5542E-06 -0.4869E-07  0.1000E-09  0.1000E-09  0.1000E-09  0.1000E-09  0.7437E+04  0.0000E+00
    3.0287  1  1   31.3539   19.3107   14.4933    7.9847    1.0657    0.7968    0.0037    0.0025    5.3827    4.6240  0.3509E+03  0.1231E+04 -0.5569E-06 -0.4869E-07  0.1000E-09  0.1000E-09  0.1000E-09  0.1000E-09  0.7437E+04  0.0000E+00
    3.0337  1  1   31.3511   19.3104   14.4933    7.9847    1.0663    0.7969    0.0037    0.0025    5.3831    4.6242  0.3496E+03  0.1230E+04 -0.5581E-06 -0.4869E-07  0.1000E-09  0.1000E-09  0.1000E-09  0.1000E-09  0.7438E+04  0.0000E+00
    3.0386  1  1   31.3484   19.3102   14.4933    7.9847    1.0669    0.7970    0.0037    0.0025    5.3835    4.6244  0.3483E+03  0.1229E+04 -0.5581E-06 -0.4869E-07  0.1000E-09  0.1000E-09  0.1000E-09  0.1000E-09  0.7438E+04  0.0000E+00
    3.0435  1  1   31.3456   19.3100   14.4933    7.9847    1.0676    0.7972    0.0037    0.0025    5.3838    4.6245  0.3470E+03  0.1228E+04 -0.5581E-06 -0.4869E-07  0.1000E-09  0.1000E-09  0.1000E-09  0.1000E-09  0.7438E+04  0.0000E+00
    3.0484  1  1   31.3429   19.3097   14.4933    7.9847    1.0682    0.7973    0.0037    0.0025    5.3842    4.6247  0.3457E+03  0.1227E+04 -0.5581E-06 -0.4869E-07  0.1000E-09  0.1000E-09  0.1000E-09  0.1000E-09  0.7439E+04  0.0000E+00
    3.0533  1  1   31.3402   19.3095   14.4933    7.9847    1.0688    0.7975    0.0037    0.0025    5.3845    4.6249  0.3444E+03  0.1226E+04 -0.5588E-06 -0.4869E-07  0.1000E-09  0.1000E-09  0.1000E-09  0.1000E-09  0.7439E+04  0.0000E+00
    3.0582  1  1   31.3374   19.3092   14.4933    7.9847    1.0694    0.7976    0.0037    0.0025    5.3849    4.6251  0.3431E+03  0.1225E+04 -0.5601E-06 -0.4905E-07  0.1000E-09  0.1000E-09  0.1000E-09  0.1000E-09  0.7440E+04  0.0000E+00
    3.0632  1  1   31.3346   19.3090   14.4933    7.9847    1.0700    0.7977    0.0037    0.0025    5.3853    4.6253  0.3418E+03  0.1224E+04 -0.5606E-06 -0.4945E-07  0.1000E-09  0.1000E-09  0.1000E-09  0.1000E-09  0.7440E+04  0.0000E+00
    3.0681  1  1   31.3319   19.3088   14.4933    7.9847    1.0707    0.7979    0.0038    0.0025    5.3856    4.6254  0.3405E+03  0.1223E+04 -0.5606E-06 -0.4985E-07  0.1000E-09  0.1000E-09  0.1000E-09  0.1000E-09  0.7441E+04  0.0000E+00
    3.0730  1  1   31.3291   19.3085   14.4933    7.9847    1.0713    0.7980    0.0038    0.0025    5.3860    4.6256  0.3392E+03  0.1222E+04 -0.5606E-06 -0.5026E-07  0.1000E-09  0.1000E-09  0.1000E-09  0.1000E-09  0.7441E+04  0.0000E+00
    3.0779  1  1   31.3264   19.3083   14.4933    7.9847    1.0719    0.7982    0.0038    0.0025    5.3864    4.6258  0.3379E+03  0.1221E+04 -0.5606E-06 -0.5030E-07  0.1000E-09  0.1000E-09  0.1000E-09  0.1000E-09  0.7442E+04  0.0000E+00
    3.0828  1  1   31.3236   19.3080   14.4933    7.9847    1.0725    0.7983    0.0038    0.0025    5.3867    4.6260  0.3366E+03  0.1220E+04 -0.5615E-06 -0.5030E-07  0.1000E-09  0.1000E-09  0.1000E-09  0.1000E-09  0.7442E+04  0.0000E+00
    3.0877  1  1   31.3209   19.3078   14.4933    7.9847    1.0732    0.7984    0.0038    0.0025    5.3871    4.6262  0.3353E+03  0.1219E+04 -0.5628E-06 -0.5030E-07  0.1000E-09  0.1000E-09  0.1000E-09  0.1000E-09  0.7442E+04  0.0000E+00
    3.0927  1  1   31.3181   19.3075   14.4933    7.9847    1.0738    0.7986    0.0038    0.0025    5.3875    4.6264  0.3340E+03  0.1218E+04 -0.5633E-06 -0.5030E-07  0.1000E-09  0.1000E-09  0.1000E-09  0.1000E-09  0.7443E+04  0.0000E+00
    3.0976  1  1   31.3153   19.3073   14.4933    7.9847    1.0745    0.7987    0.0038    0.0025    5.3878    4.6265  0.3327E+03  0.1218E+04 -0.5633E-06 -0.5030E-07  0.1000E-09  0.1000E-09  0.1000E-09  0.1000E-09  0.7443E+04  0.0000E+00
    3.1025  1  1   31.3125   19.3070   14.4933    7.9847    1.0751    0.7989    0.0038    0.0025    5.3882    4.6267  0.3315E+03  0.1217E+04 -0.5633E-06 -0.5030E-07  0.1000E-09  0.1000E-09  0.1000E-09  0.1000E-09  0.7444E+04  0.0000E+00
    3.1074  1  1   31.3098   19.3068   14.4933    7.9847    1.0757    0.7990    0.0038    0.0025    5.3886    4.6269  0.3302E+03  0.1216E+04 -0.5633E-06 -0.5015E-07  0.1000E-09  0.1000E-09  0.1000E-09  0.1000E-09  0.7444E+04  0.0000E+00
    3.1123  1  1   31.3070   19.3065   14.4933    7.9847    1.0764    0.7992    0.0038    0.0025    5.3889    4.6271  0.3289E+03  0.1215E+04 -0.5648E-06 -0.4981E-07  0.1000E-09  0.1000E-09  0.1000E-09  0.1000E-09  0.7445E+04  0.0000E+00
    3.1172  1  1   31.3042   19.3063   14.4933    7.9847    1.0770    0.7993    0.0038    0.0025    5.3893    4.6273  0.3276E+03  0.1214E+04 -0.5672E-06 -0.4947E-07  0.1000E-09  0.1000E-09  0.1000E-09  0.1000E-09  0.7445E+04  0.0000E+00
    3.1222  1  1   31.3014   19.3060   14.4933    7.9847    1.0777    0.7994    0.0038    0.0025    5.3897    4.6274  0.3263E+03  0.1213E+04 -0.5681E-06 -0.4912E-07  0.1000E-09  0.1000E-09  0.1000E-09  0.1000E-09  0.7446E+04  0.0000E+00
    3.1271  1  1   31.2986   19.3058   14.4933    7.9847    1.0783    0.7996    0.0038    0.0025    5.3900    4.6276  0.3250E+03  0.1212E+04 -0.5681E-06 -0.4894E-07  0.1000E-09  0.1000E-09  0.1000E-09  0.1000E-09  0.7446E+04  0.0000E+00
    3.1320  1  1   31.2958   19.3056   14.4933    7.9847    1.0790    0.7997    0.0038    0.0025    5.3904    4.6278  0.3237E+03  0.1211E+04 -0.5681E-06 -0.4894E-07  0.1000E-09  0.1000E-09  0.1000E-09  0.1000E-09  0.7446E+04  0.0000E+00
    3.1369  1  1   31.2930   19.3053   14.4933    7.9847    1.0796    0.7999    0.0038    0.0025    5.3908    4.6280  0.3225E+03  0.1210E+04 -0.5681E-06 -0.4894E-07  0.1000E-09  0.1000E-09  0.1000E-09  0.1000E-09  0.7447E+04  0.0000E+00
    3.1418  1  1   31.2902   19.3051   14.4933    7.9847    1.0803    0.8000    0.0038    0.0025    5.3912    4.6282  0.3212E+03  0.1209E+04 -0.5698E-06 -0.4894E-07  0.1000E-09  0.1000E-09  0.1000E-09  0.1000E-09  0.7447E+04  0.0000E+00
    3.1467  1  1   31.2874   19.3048   14.4933    7.9847    1.0810    0.8001    0.0038    0.0025    5.3915    4.6283  0.3199E+03  0.1208E+04 -0.5722E-06 -0.4894E-07  0.1000E-09  0.1000E-09  0.1000E-09  0.1000E-09  0.7448E+04  0.0000E+00
    3.1517  1  1   31.2846   19.3046   14.4933    7.9847    1.0816    0.8003    0.0038    0.0025    5.3919    4.6285  0.3186E+03  0.1207E+04 -0.5731E-06 -0.4894E-07  0.1000E-09  0.1000E-09  0.1000E-09  0.1000E-09  0.7448E+04  0.0000E+00
    3.1566  1  1   31.2818   19.3044   14.4933    7.9847    1.0823    0.8004    0.0039    0.0025    5.3923    4.6287  0.3173E+03  0.1206E+04 -0.5731E-06 -0.4894E-07  0.1000E-09  0.1000E-09  0.1000E-09  0.1000E-09  0.7449E+04  0.0000E+00
    3.1615  1  1   31.2790   19.3041   14.4933    7.9847    1.0830    0.8006    0.0039    0.0025    5.3926    4.6289  0.3161E+03  0.1205E+04 -0.5731E-06 -0.4929E-07  0.1000E-09  0.1000E-09  0.1000E-09  0.1000E-09  0.7449E+04  0.0000E+00
    3.1664  1  1   31.2761   19.3039   14.4933    7.9847    1.0836    0.8007    0.0039    0.0025    5.3930    4.6291  0.3148E+03  0.1204E+04 -0.5731E-06 -0.4985E-07  0.1000E-09  0.1000E-09  0.1000E-09  0.1000E-09  0.7450E+04  0.0000E+00
    3.1713  1  1   31.2733   19.3036   14.4933    7.9847    1.0843    0.8009    0.0039    0.0025    5.3934    4.6292  0.3135E+03  0.1203E+04 -0.5753E-06 -0.5041E-07  0.1000E-09  0.1000E-09  0.1000E-09  0.1000E-09  0.7450E+04  0.0000E+00
    3.1762  1  1   31.2705   19.3034   14.4933    7.9847    1.0850    0.8010    0.0039    0.0025    5.3937    4.6294  0.3122E+03  0.1203E+04 -0.5784E-06 -0.5097E-07  0.1000E-09  0.1000E-09  0.1000E-09  0.1000E-09  0.7451E+04  0.0000E+00
    3.1812  1  1   31.2676   19.3031   14.4933    7.9847    1.0857    0.8011    0.0039    0.0025    5.3941    4.6296  0.3109E+03  0.1202E+04 -0.5793E-06 -0.5116E-07  0.1000E-09  0.1000E-09  0.1000E-09  0.1000E-09  0.7451E+04  0.0000E+00
    3.1861  1  1   31.2648   19.3029   14.4933    7.9847    1.0864    0.8013    0.0039    0.0025    5.3945    4.6298  0.3097E+03  0.1201E+04 -0.5793E-06 -0.5116E-07  0.1000E-09  0.1000E-09  0.1000E-09  0.1000E-09  0.7451E+04  0.0000E+00
    3.1910  1  1   31.2619   19.3026   14.4933    7.9847    1.0870    0.8014    0.0039    0.0025    5.3949    4.6300  0.3084E+03  0.1200E+04 -0.5793E-06 -0.5116E-07  0.1000E-09  0.1000E-09  0.1000E-09  0.1000E-09  0.7452E+04  0.0000E+00
    3.1959  1  1   31.2591   19.3024   14.4933    7.9847    1.0877    0.8016    0.0039    0.0025    5.3952    4.6302  0.3071E+03  0.1199E+04 -0.5793E-06 -0.5116E-07  0.1000E-09  0.1000E-09  0.1000E-09  0.1000E-09  0.7452E+04  0.0000E+00
    3.2008  1  1   31.2562   19.3021   14.4933    7.9847    1.0884    0.8017    0.0039    0.0025    5.3956    4.6303  0.3059E+03  0.1198E+04 -0.5827E-06 -0.5116E-07  0.1000E-09  0.1000E-09  0.1000E-09  0.1000E-09  0.7453E+04  0.0000E+00
    3.2057  1  1   31.2533   19.3019   14.4933    7.9847    1.0891    0.8019    0.0039    0.0025    5.3960    4.6305  0.3046E+03  0.1197E+04 -0.5873E-06 -0.5116E-07  0.1000E-09  0.1000E-09  0.1000E-09  0.1000E-09  0.7453E+04  0.0000E+00
    3.2107  1  1   31.2504   19.3016   14.4933    7.9847    1.0898    0.8020    0.0039    0.0025    5.3964    4.6307  0.3033E+03  0.1196E+04 -0.5885E-06 -0.5114E-07  0.1000E-09  0.1000E-09  0.1000E-09  0.1000E-09  0.7454E+04  0.0000E+00
    3.2156  1  1   31.2475   19.3014   14.4933    7.9847    1.0905    0.8021    0.0039    0.0025    5.3967    4.6309  0.3020E+03  0.1195E+04 -0.5885E-06 -0.5109E-07  0.1000E-09  0.1000E-09  0.1000E-09  0.1000E-09  0.7454E+04  0.0000E+00
    3.2205  1  1   31.2446   19.3011   14.4933    7.9847    1.0912    0.8023    0.0039    0.0025    5.3971    4.6311  0.3008E+03  0.1194E+04 -0.5885E-06 -0.5104E-07  0.1000E-09  0.1000E-09  0.1000E-09  0.1000E-09  0.7455E+04  0.0000E+00
    3.2254  1  1   31.2418   19.3009   14.4933    7.9847    1.0919    0.8024    0.0039    0.0025    5.3975    4.6313  0.2995E+03  0.1193E+04 -0.5885E-06 -0.5098E-07  0.1000E-09  0.1000E-09  0.1000E-09  0.1000E-09  0.7455E+04  0.0000E+00
    3.2303  1  1   31.2389   19.3006   14.4933    7.9847    1.0926    0.8026    0.0039    0.0025    5.3979    4.6314  0.2983E+03  0.1192E+04 -0.5872E-06 -0.5095E-07  0.1000E-09  0.1000E-09  0.1000E-09  0.1000E-09  0.7456E+04  0.0000E+00
    3.2352  1  1   31.2360   19.3004   14.4933    7.9847    1.0933    0.8027    0.0039    0.0025    5.3982    4.6316  0.2970E+03  0.1191E+04 -0.5855E-06 -0.5095E-07  0.1000E-09  0.1000E-09  0.1000E-09  0.1000E-09  0.7456E+04  0.0000E+00
    3.2402  1  1   31.2331   19.3001   14.4933    7.9847    1.0940    0.8029    0.0040    0.0025    5.3986    4.6318  0.2957E+03  0.1190E+04 -0.5850E-06 -0.5095E-07  0.1000E-09  0.1000E-09  0.1000E-09  0.1000E-09  0.7456E+04  0.0000E+00
    3.2451  1  1   31.2302   19.2999   14.4933    7.9847    1.0948    0.8030    0.0040    0.0025    5.3990    4.6320  0.2945E+03  0.1189E+04 -0.5850E-06 -0.5095E-07  0.1000E-09  0.1000E-09  0.1000E-09  0.1000E-09  0.7457E+04  0.0000E+00
    3.2500  1  1   31.2274   19.2996   14.4933    7.9847    1.0955    0.8032    0.0040    0.0025    5.3994    4.6322  0.2932E+03  0.1188E+04 -0.5850E-06 -0.5095E-07  0.1000E-09  0.1000E-09  0.1000E-09  0.1000E-09  0.7457E+04  0.0000E+00
    3.2549  1  1   31.2245   19.2994   14.4933    7.9847    1.0962    0.8033    0.0040    0.0025    5.3998    4.6324  0.2920E+03  0.1187E+04 -0.5850E-06 -0.5095E-07  0.1000E-09  0.1000E-09  0.1000E-09  0.1000E-09  0.7458E+04  0.0000E+00
    3.2598  1  1   31.2216   19.2991   14.4933    7.9847    1.0969    0.8034    0.0040    0.0025    5.4001    4.6325  0.2907E+03  0.1186E+04 -0.5874E-06 -0.5095E-07  0.1000E-09  0.1000E-09  0.1000E-09  0.1000E-09  0.7458E+04  0.0000E+00
    3.2647  1  1   31.2187   19.2989   14.4933    7.9847    1.0976    0.8036    0.0040    0.0025    5.4005    4.6327  0.2895E+03  0.1186E+04 -0.5903E-06 -0.5080E-07  0.1000E-09  0.1000E-09  0.1000E-09  0.1000E-09  0.7459E+04  0.0000E+00
    3.2697  1  1   31.2158   19.2986   14.4933    7.9847    1.0983    0.8037    0.0040    0.0025    5.4009    4.6329  0.2882E+03  0.1185E+04 -0.5909E-06 -0.5055E-07  0.1000E-09  0.1000E-09  0.1000E-09  0.1000E-09  0.7459E+04  0.0000E+00
    3.2746  1  1   31.2129   19.2984   14.4933    7.9847    1.0991    0.8039    0.0040    0.0025    5.4013    4.6331  0.2870E+03  0.1184E+04 -0.5909E-06 -0.5031E-07  0.1000E-09  0.1000E-09  0.1000E-09  0.1000E-09  0.7460E+04  0.0000E+00
    3.2795  1  1   31.2100   19.2981   14.4933    7.9847    1.0998    0.8040    0.0040    0.0025    5.4016    4.6333  0.2858E+03  0.1183E+04 -0.5909E-06 -0.5006E-07  0.1000E-09  0.1000E-09  0.1000E-09  0.1000E-09  0.7460E+04  0.0000E+00
    3.2844  1  1   31.2071   19.2979   14.4933    7.9847    1.1005    0.8042    0.0040    0.0025    5.4020    4.6335  0.2845E+03  0.1182E+04 -0.5909E-06 -0.4997E-07  0.1000E-09  0.1000E-09  0.1000E-09  0.1000E-09  0.7461E+04  0.0000E+00
    3.2893  1  1   31.2042   19.2976   14.4933    7.9847    1.1013    0.8043    0.0040    0.0025    5.4024    4.6336  0.2833E+03  0.1181E+04 -0.5913E-06 -0.4997E-07  0.1000E-09  0.1000E-09  0.1000E-09  0.1000E-09  0.7461E+04  0.0000E+00
    3.2942  1  1   31.2013   19.2974   14.4933    7.9847    1.1020    0.8045    0.0040    0.0025    5.4028    4.6338  0.2820E+03  0.1180E+04 -0.5917E-06 -0.4997E-07  0.1000E-09  0.1000E-09  0.1000E-09  0.1000E-09  0.7462E+04  0.0000E+00
    3.2992  1  1   31.1983   19.2971   14.4933    7.9847    1.1027    0.8046    0.0040    0.0025    5.4031    4.6340  0.2808E+03  0.1179E+04 -0.5918E-06 -0.4997E-07  0.1000E-09  0.1000E-09  0.1000E-09  0.1000E-09  0.7462E+04  0.0000E+00
    3.3041  1  1   31.1954   19.2969   14.4933    7.9847    1.1035    0.8047    0.0040    0.0025    5.4035    4.6342  0.2795E+03  0.1178E+04 -0.5918E-06 -0.4997E-07  0.1000E-09  0.1000E-09  0.1000E-09  0.1000E-09  0.7463E+04  0.0000E+00
    3.3090  1  1   31.1925   19.2966   14.4933    7.9847    1.1042    0.8049    0.0040    0.0025    5.4039    4.6344  0.2783E+03  0.1177E+04 -0.5918E-06 -0.4997E-07  0.1000E-09  0.1000E-09  0.1000E-09  0.1000E-09  0.7463E+04  0.0000E+00
    3.3139  1  1   31.1896   19.2964   14.4933    7.9847    1.1050    0.8050    0.0041    0.0025    5.4043    4.6346  0.2771E+03  0.1176E+04 -0.5918E-06 -0.5002E-07  0.1000E-09  0.1000E-09  0.1000E-09  0.1000E-09  0.7463E+04  0.0000E+00
    3.3188  1  1   31.1867   19.2961   14.4933    7.9847    1.1057    0.8052    0.0041    0.0025    5.4047    4.6347  0.2758E+03  0.1175E+04 -0.5969E-06 -0.5049E-07  0.1000E-09  0.1000E-09  0.1000E-09  0.1000E-09  0.7464E+04  0.0000E+00
    3.3237  1  1   31.1837   19.2959   14.4933    7.9847    1.1065    0.8053    0.0041    0.0025    5.4051    4.6349  0.2746E+03  0.1174E+04 -0.6027E-06 -0.5096E-07  0.1000E-09  0.1000E-09  0.1000E-09  0.1000E-09  0.7464E+04  0.0000E+00
    3.3287  1  1   31.1808   19.2956   14.4933    7.9847    1.1073    0.8055    0.0041    0.0025    5.4054    4.6351  0.2733E+03  0.1173E+04 -0.6034E-06 -0.5143E-07  0.1000E-09  0.1000E-09  0.1000E-09  0.1000E-09  0.7465E+04  0.0000E+00
    3.3336  1  1   31.1778   19.2954   14.4933    7.9847    1.1080    0.8056    0.0041    0.0025    5.4058    4.6353  0.2721E+03  0.1172E+04 -0.6034E-06 -0.5184E-07  0.1000E-09  0.1000E-09  0.1000E-09  0.1000E-09  0.7465E+04  0.0000E+00
    3.3385  1  1   31.1748   19.2951   14.4933    7.9847    1.1088    0.8058    0.0041    0.0025    5.4062    4.6355  0.2709E+03  0.1172E+04 -0.6034E-06 -0.5184E-07  0.1000E-09  0.1000E-09  0.1000E-09  0.1000E-09  0.7466E+04  0.0000E+00
    3.3434  1  1   31.1719   19.2949   14.4933    7.9847    1.1096    0.8059    0.0041    0.0025    5.4066    4.6357  0.2697E+03  0.1171E+04 -0.6034E-06 -0.5184E-07  0.1000E-09  0.1000E-09  0.1000E-09  0.1000E-09  0.7466E+04  0.0000E+00
    3.3483  1  1   31.1689   19.2946   14.4933    7.9847    1.1104    0.8061    0.0041    0.0025    5.4070    4.6358  0.2684E+03  0.1170E+04 -0.6035E-06 -0.5184E-07  0.1000E-09  0.1000E-09  0.1000E-09  0.1000E-09  0.7467E+04  0.0000E+00
    3.3533  1  1   31.1659   19.2944   14.4933    7.9847    1.1111    0.8062    0.0041    0.0025    5.4074    4.6360  0.2672E+03  0.1169E+04 -0.6037E-06 -0.5184E-07  0.1000E-09  0.1000E-09  0.1000E-09  0.1000E-09  0.7467E+04  0.0000E+00
    3.3582  1  1   31.1629   19.2941   14.4933    7.9847    1.1119    0.8063    0.0041    0.0025    5.4078    4.6362  0.2659E+03  0.1168E+04 -0.6037E-06 -0.5184E-07  0.1000E-09  0.1000E-09  0.1000E-09  0.1000E-09  0.7468E+04  0.0000E+00
    3.3631  1  1   31.1600   19.2939   14.4933    7.9847    1.1127    0.8065    0.0041    0.0025    5.4082    4.6364  0.2647E+03  0.1167E+04 -0.6037E-06 -0.5184E-07  0.1000E-09  0.1000E-09  0.1000E-09  0.1000E-09  0.7468E+04  0.0000E+00
    3.3680  1  1   31.1570   19.2936   14.4933    7.9847    1.1135    0.8066    0.0041    0.0025    5.4085    4.6366  0.2635E+03  0.1166E+04 -0.6037E-06 -0.5187E-07  0.1000E-09  0.1000E-09  0.1000E-09  0.1000E-09  0.7469E+04  0.0000E+00
    3.3729  1  1   31.1540   19.2933   14.4933    7.9847    1.1143    0.8068    0.0041    0.0025    5.4089    4.6368  0.2623E+03  0.1165E+04 -0.6037E-06 -0.5193E-07  0.1000E-09  0.1000E-09  0.1000E-09  0.1000E-09  0.7469E+04  0.0000E+00
    3.3778  1  1   31.1511   19.2931   14.4933    7.9847    1.1151    0.8069    0.0041    0.0025    5.4093    4.6370  0.2611E+03  0.1164E+04 -0.6040E-06 -0.5199E-07  0.1000E-09  0.1000E-09  0.1000E-09  0.1000E-09  0.7470E+04  0.0000E+00
    3.3828  1  1   31.1481   19.2928   14.4933    7.9847    1.1159    0.8071    0.0042    0.0025    5.4097    4.6371  0.2598E+03  0.1163E+04 -0.6043E-06 -0.5204E-07  0.1000E-09  0.1000E-09  0.1000E-09  0.1000E-09  0.7470E+04  0.0000E+00
    3.3877  1  1   31.1451   19.2926   14.4933    7.9847    1.1167    0.8072    0.0042    0.0025    5.4101    4.6373  0.2586E+03  0.1162E+04 -0.6043E-06 -0.5207E-07  0.1000E-09  0.1000E-09  0.1000E-09  0.1000E-09  0.7471E+04  0.0000E+00
    3.3926  1  1   31.1422   19.2923   14.4933    7.9847    1.1175    0.8074    0.0042    0.0025    5.4105    4.6375  0.2574E+03  0.1161E+04 -0.6043E-06 -0.5207E-07  0.1000E-09  0.1000E-09  0.1000E-09  0.1000E-09  0.7471E+04  0.0000E+00
    3.3975  1  1   31.1392   19.2921   14.4933    7.9847    1.1183    0.8075    0.0042    0.0025    5.4109    4.6377  0.2562E+03  0.1160E+04 -0.6043E-06 -0.5207E-07  0.1000E-09  0.1000E-09  0.1000E-09  0.1000E-09  0.7472E+04  0.0000E+00
    3.4024  1  1   31.1362   19.2918   14.4933    7.9847    1.1191    0.8077    0.0042    0.0025    5.4113    4.6379  0.2550E+03  0.1159E+04 -0.6043E-06 -0.5207E-07  0.1000E-09  0.1000E-09  0.1000E-09  0.1000E-09  0.7472E+04  0.0000E+00
    3.4073  1  1   31.1332   19.2916   14.4933    7.9847    1.1199    0.8078    0.0042    0.0025    5.4117    4.6381  0.2538E+03  0.1158E+04 -0.6087E-06 -0.5206E-07  0.1000E-09  0.1000E-09  0.1000E-09  0.1000E-09  0.7473E+04  0.0000E+00
    3.4123  1  1   31.1302   19.2913   14.4933    7.9847    1.1207    0.8080    0.0042    0.0025    5.4121    4.6383  0.2525E+03  0.1157E+04 -0.6131E-06 -0.5206E-07  0.1000E-09  0.1000E-09  0.1000E-09  0.1000E-09  0.7473E+04  0.0000E+00
    3.4172  1  1   31.1272   19.2910   14.4933    7.9847    1.1215    0.8081    0.0042    0.0025    5.4125    4.6384  0.2513E+03  0.1157E+04 -0.6131E-06 -0.5211E-07  0.1000E-09  0.1000E-09  0.1000E-09  0.1000E-09  0.7474E+04  0.0000E+00
    3.4221  1  1   31.1242   19.2908   14.4933    7.9847    1.1224    0.8083    0.0042    0.0025    5.4129    4.6386  0.2501E+03  0.1156E+04 -0.6131E-06 -0.5256E-07  0.1000E-09  0.1000E-09  0.1000E-09  0.1000E-09  0.7474E+04  0.0000E+00
    3.4270  1  1   31.1212   19.2905   14.4933    7.9847    1.1232    0.8084    0.0042    0.0025    5.4133    4.6388  0.2489E+03  0.1155E+04 -0.6131E-06 -0.5301E-07  0.1000E-09  0.1000E-09  0.1000E-09  0.1000E-09  0.7474E+04  0.0000E+00
    3.4319  1  1   31.1182   19.2903   14.4933    7.9847    1.1240    0.8086    0.0042    0.0025    5.4137    4.6390  0.2477E+03  0.1154E+04 -0.6131E-06 -0.5346E-07  0.1000E-09  0.1000E-09  0.1000E-09  0.1000E-09  0.7475E+04  0.0000E+00
    3.4368  1  1   31.1151   19.2900   14.4933    7.9847    1.1249    0.8087    0.0042    0.0025    5.4140    4.6392  0.2465E+03  0.1153E+04 -0.6128E-06 -0.5386E-07  0.1000E-09  0.1000E-09  0.1000E-09  0.1000E-09  0.7475E+04  0.0000E+00
    3.4418  1  1   31.1121   19.2897   14.4933    7.9847    1.1257    0.8089    0.0042    0.0025    5.4144    4.6394  0.2453E+03  0.1152E+04 -0.6124E-06 -0.5386E-07  0.1000E-09  0.1000E-09  0.1000E-09  0.1000E-09  0.7476E+04  0.0000E+00
    3.4467  1  1   31.1091   19.2895   14.4933    7.9847    1.1265    0.8090    0.0043    0.0025    5.4148    4.6396  0.2441E+03  0.1151E+04 -0.6124E-06 -0.5386E-07  0.1000E-09  0.1000E-09  0.1000E-09  0.1000E-09  0.7476E+04  0.0000E+00
    3.4516  1  1   31.1061   19.2892   14.4933    7.9847    1.1274    0.8092    0.0043    0.0025    5.4152    4.6397  0.2429E+03  0.1150E+04 -0.6124E-06 -0.5386E-07  0.1000E-09  0.1000E-09  0.1000E-09  0.1000E-09  0.7477E+04  0.0000E+00
    3.4565  1  1   31.1031   19.2889   14.4933    7.9847    1.1282    0.8093    0.0043    0.0025    5.4156    4.6399  0.2417E+03  0.1149E+04 -0.6124E-06 -0.5386E-07  0.1000E-09  0.1000E-09  0.1000E-09  0.1000E-09  0.7477E+04  0.0000E+00
    3.4614  1  1   31.1001   19.2887   14.4933    7.9847    1.1291    0.8095    0.0043    0.0025    5.4160    4.6401  0.2405E+03  0.1148E+04 -0.6125E-06 -0.5386E-07  0.1000E-09  0.1000E-09  0.1000E-09  0.1000E-09  0.7478E+04  0.0000E+00
    3.4663  1  1   31.0971   19.2884   14.4933    7.9847    1.1299    0.8096    0.0043    0.0025    5.4164    4.6403  0.2393E+03  0.1147E+04 -0.6142E-06 -0.5386E-07  0.1000E-09  0.1000E-09  0.1000E-09  0.1000E-09  0.7478E+04  0.0000E+00
    3.4713  1  1   31.0940   19.2881   14.4933    7.9847    1.1308    0.8098    0.0043    0.0025    5.4169    4.6405  0.2381E+03  0.1146E+04 -0.6158E-06 -0.5391E-07  0.1000E-09  0.1000E-09  0.1000E-09  0.1000E-09  0.7479E+04  0.0000E+00
    3.4762  1  1   31.0910   19.2879   14.4933    7.9847    1.1317    0.8099    0.0043    0.0026    5.4173    4.6407  0.2369E+03  0.1145E+04 -0.6158E-06 -0.5400E-07  0.1000E-09  0.1000E-09  0.1000E-09  0.1000E-09  0.7479E+04  0.0000E+00
    3.4811  1  1   31.0880   19.2876   14.4933    7.9847    1.1326    0.8101    0.0043    0.0026    5.4177    4.6409  0.2357E+03  0.1144E+04 -0.6158E-06 -0.5409E-07  0.1000E-09  0.1000E-09  0.1000E-09  0.1000E-09  0.7480E+04  0.0000E+00
    3.4860  1  1   31.0850   19.2873   14.4933    7.9847    1.1335    0.8102    0.0043    0.0026    5.4182    4.6411  0.2345E+03  0.1143E+04 -0.6158E-06 -0.5418E-07  0.1000E-09  0.1000E-09  0.1000E-09  0.1000E-09  0.7480E+04  0.0000E+00
    3.4909  1  1   31.0819   19.2871   14.4933    7.9847    1.1343    0.8104    0.0043    0.0026    5.4186    4.6412  0.2333E+03  0.1142E+04 -0.6163E-06 -0.5422E-07  0.1000E-09  0.1000E-09  0.1000E-09  0.1000E-09  0.7481E+04  0.0000E+00
    3.4958  1  1   31.0789   19.2868   14.4933    7.9847    1.1352    0.8105    0.0043    0.0026    5.4190    4.6414  0.2321E+03  0.1141E+04 -0.6208E-06 -0.5422E-07  0.1000E-09  0.1000E-09  0.1000E-09  0.1000E-09  0.7481E+04  0.0000E+00
    3.5008  1  1   31.0758   19.2865   14.4933    7.9847    1.1361    0.8107    0.0043    0.0026    5.4194    4.6416  0.2309E+03  0.1140E+04 -0.6247E-06 -0.5422E-07  0.1000E-09  0.1000E-09  0.1000E-09  0.1000E-09  0.7482E+04  0.0000E+00
    3.5057  1  1   31.0727   19.2863   14.4933    7.9847    1.1370    0.8108    0.0044    0.0026    5.4198    4.6418  0.2298E+03  0.1139E+04 -0.6247E-06 -0.5422E-07  0.1000E-09  0.1000E-09  0.1000E-09  0.1000E-09  0.7482E+04  0.0000E+00
    3.5106  1  1   31.0697   19.2860   14.4933    7.9847    1.1379    0.8110    0.0044    0.0026    5.4202    4.6420  0.2286E+03  0.1138E+04 -0.6247E-06 -0.5422E-07  0.1000E-09  0.1000E-09  0.1000E-09  0.1000E-09  0.7483E+04  0.0000E+00
    3.5155  1  1   31.0666   19.2857   14.4933    7.9847    1.1388    0.8111    0.0044    0.0026    5.4206    4.6422  0.2274E+03  0.1138E+04 -0.6247E-06 -0.5422E-07  0.1000E-09  0.1000E-09  0.1000E-09  0.1000E-09  0.7483E+04  0.0000E+00
    3.5204  1  1   31.0635   19.2855   14.4933    7.9847    1.1396    0.8113    0.0044    0.0026    5.4210    4.6424  0.2263E+03  0.1137E+04 -0.6249E-06 -0.5416E-07  0.1000E-09  0.1000E-09  0.1000E-09  0.1000E-09  0.7484E+04  0.0000E+00
    3.5253  1  1   31.0604   19.2852   14.4933    7.9847    1.1406    0.8115    0.0044    0.0026    5.4214    4.6426  0.2251E+03  0.1136E+04 -0.6263E-06 -0.5379E-07  0.1000E-09  0.1000E-09  0.1000E-09  0.1000E-09  0.7484E+04  0.0000E+00
    3.5303  1  1   31.0573   19.2850   14.4933    7.9847    1.1415    0.8116    0.0044    0.0026    5.4218    4.6428  0.2239E+03  0.1135E+04 -0.6275E-06 -0.5343E-07  0.1000E-09  0.1000E-09  0.1000E-09  0.1000E-09  0.7485E+04  0.0000E+00
    3.5352  1  1   31.0543   19.2847   14.4933    7.9847    1.1424    0.8118    0.0044    0.0026    5.4222    4.6429  0.2227E+03  0.1134E+04 -0.6275E-06 -0.5307E-07  0.1000E-09  0.1000E-09  0.1000E-09  0.1000E-09  0.7485E+04  0.0000E+00
    3.5401  1  1   31.0512   19.2844   14.4933    7.9847    1.1433    0.8119    0.0044    0.0026    5.4226    4.6431  0.2216E+03  0.1133E+04 -0.6275E-06 -0.5278E-07  0.1000E-09  0.1000E-09  0.1000E-09  0.1000E-09  0.7486E+04  0.0000E+00
    3.5450  1  1   31.0481   19.2842   14.4933    7.9847    1.1442    0.8121    0.0044    0.0026    5.4230    4.6433  0.2204E+03  0.1132E+04 -0.6275E-06 -0.5278E-07  0.1000E-09  0.1000E-09  0.1000E-09  0.1000E-09  0.7486E+04  0.0000E+00
    3.5499  1  1   31.0450   19.2839   14.4933    7.9847    1.1451    0.8122    0.0044    0.0026    5.4234    4.6435  0.2193E+03  0.1131E+04 -0.6271E-06 -0.5278E-07  0.1000E-09  0.1000E-09  0.1000E-09  0.1000E-09  0.7487E+04  0.0000E+00
    3.5548  1  1   31.0419   19.2837   14.4933    7.9847    1.1460    0.8124    0.0044    0.0026    5.4239    4.6437  0.2181E+03  0.1130E+04 -0.6247E-06 -0.5278E-07  0.1000E-09  0.1000E-09  0.1000E-09  0.1000E-09  0.7487E+04  0.0000E+00
    3.5598  1  1   31.0389   19.2834   14.4933    7.9847    1.1469    0.8125    0.0045    0.0026    5.4243    4.6439  0.2170E+03  0.1129E+04 -0.6227E-06 -0.5278E-07  0.1000E-09  0.1000E-09  0.1000E-09  0.1000E-09  0.7488E+04  0.0000E+00
    3.5647  1  1   31.0358   19.2831   14.4933    7.9847    1.1479    0.8127    0.0045    0.0026    5.4247    4.6441  0.2158E+03  0.1128E+04 -0.6227E-06 -0.5278E-07  0.1000E-09  0.1000E-09  0.1000E-09  0.1000E-09  0.7488E+04  0.0000E+00
    3.5696  1  1   31.0328   19.2829   14.4933    7.9847    1.1488    0.8128    0.0045    0.0026    5.4251    4.6442  0.2147E+03  0.1127E+04 -0.6227E-06 -0.5278E-07  0.1000E-09  0.1000E-09  0.1000E-09  0.1000E-09  0.7489E+04  0.0000E+00
    3.5745  1  1   31.0297   19.2826   14.4933    7.9847    1.1497    0.8130    0.0045    0.0026    5.4255    4.6444  0.2135E+03  0.1126E+04 -0.6227E-06 -0.5282E-07  0.1000E-09  0.1000E-09  0.1000E-09  0.1000E-09  0.7489E+04  0.0000E+00
    3.5794  1  1   31.0266   19.2824   14.4933    7.9847    1.1507    0.8131    0.0045    0.0026    5.4259    4.6446  0.2124E+03  0.1125E+04 -0.6232E-06 -0.5291E-07  0.1000E-09  0.1000E-09  0.1000E-09  0.1000E-09  0.7490E+04  0.0000E+00
    3.5843  1  1   31.0235   19.2821   14.4933    7.9847    1.1516    0.8133    0.0045    0.0026    5.4263    4.6448  0.2112E+03  0.1124E+04 -0.6259E-06 -0.5300E-07  0.1000E-09  0.1000E-09  0.1000E-09  0.1000E-09  0.7490E+04  0.0000E+00
    3.5893  1  1   31.0205   19.2818   14.4933    7.9847    1.1526    0.8134    0.0045    0.0026    5.4267    4.6450  0.2101E+03  0.1123E+04 -0.6281E-06 -0.5309E-07  0.1000E-09  0.1000E-09  0.1000E-09  0.1000E-09  0.7491E+04  0.0000E+00
    3.5942  1  1   31.0174   19.2816   14.4933    7.9847    1.1535    0.8136    0.0045    0.0026    5.4271    4.6452  0.2089E+03  0.1122E+04 -0.6281E-06 -0.5314E-07  0.1000E-09  0.1000E-09  0.1000E-09  0.1000E-09  0.7491E+04  0.0000E+00
    3.5991  1  1   31.0143   19.2813   14.4933    7.9847    1.1545    0.8137    0.0045    0.0026    5.4275    4.6454  0.2078E+03  0.1122E+04 -0.6281E-06 -0.5314E-07  0.1000E-09  0.1000E-09  0.1000E-09  0.1000E-09  0.7492E+04  0.0000E+00
    3.6040  1  1   31.0112   19.2810   14.4933    7.9847    1.1554    0.8139    0.0045    0.0026    5.4279    4.6456  0.2066E+03  0.1121E+04 -0.6281E-06 -0.5314E-07  0.1000E-09  0.1000E-09  0.1000E-09  0.1000E-09  0.7492E+04  0.0000E+00
    3.6089  1  1   31.0081   19.2808   14.4933    7.9847    1.1564    0.8140    0.0045    0.0026    5.4283    4.6457  0.2055E+03  0.1120E+04 -0.6291E-06 -0.5314E-07  0.1000E-09  0.1000E-09  0.1000E-09  0.1000E-09  0.7493E+04  0.0000E+00
    3.6138  1  1   31.0050   19.2805   14.4933    7.9847    1.1574    0.8142    0.0046    0.0026    5.4287    4.6459  0.2044E+03  0.1119E+04 -0.6329E-06 -0.5314E-07  0.1000E-09  0.1000E-09  0.1000E-09  0.1000E-09  0.7493E+04  0.0000E+00
    3.6188  1  1   31.0019   19.2803   14.4933    7.9847    1.1584    0.8143    0.0046    0.0026    5.4292    4.6461  0.2032E+03  0.1118E+04 -0.6359E-06 -0.5314E-07  0.1000E-09  0.1000E-09  0.1000E-09  0.1000E-09  0.7494E+04  0.0000E+00
    3.6237  1  1   30.9987   19.2800   14.4933    7.9847    1.1594    0.8145    0.0046    0.0026    5.4296    4.6463  0.2021E+03  0.1117E+04 -0.6359E-06 -0.5314E-07  0.1000E-09  0.1000E-09  0.1000E-09  0.1000E-09  0.7494E+04  0.0000E+00
    3.6286  1  1   30.9956   19.2797   14.4933    7.9847    1.1603    0.8147    0.0046    0.0026    5.4300    4.6465  0.2010E+03  0.1116E+04 -0.6359E-06 -0.5351E-07  0.1000E-09  0.1000E-09  0.1000E-09  0.1000E-09  0.7495E+04  0.0000E+00
    3.6335  1  1   30.9925   19.2795   14.4933    7.9847    1.1613    0.8148    0.0046    0.0026    5.4304    4.6467  0.1998E+03  0.1115E+04 -0.6359E-06 -0.5395E-07  0.1000E-09  0.1000E-09  0.1000E-09  0.1000E-09  0.7495E+04  0.0000E+00
    3.6384  1  1   30.9894   19.2792   14.4933    7.9847    1.1623    0.8150    0.0046    0.0026    5.4308    4.6469  0.1987E+03  0.1114E+04 -0.6352E-06 -0.5439E-07  0.1000E-09  0.1000E-09  0.1000E-09  0.1000E-09  0.7496E+04  0.0000E+00
    3.6433  1  1   30.9862   19.2789   14.4933    7.9847    1.1633    0.8151    0.0046    0.0026    5.4312    4.6471  0.1976E+03  0.1113E+04 -0.6328E-06 -0.5483E-07  0.1000E-09  0.1000E-09  0.1000E-09  0.1000E-09  0.7496E+04  0.0000E+00
    3.6483  1  1   30.9831   19.2787   14.4933    7.9847    1.1643    0.8153    0.0046    0.0026    5.4317    4.6473  0.1964E+03  0.1112E+04 -0.6310E-06 -0.5490E-07  0.1000E-09  0.1000E-09  0.1000E-09  0.1000E-09  0.7497E+04  0.0000E+00
    3.6532  1  1   30.9800   19.2784   14.4933    7.9847    1.1654    0.8154    0.0046    0.0026    5.4321    4.6474  0.1953E+03  0.1111E+04 -0.6310E-06 -0.5490E-07  0.1000E-09  0.1000E-09  0.1000E-09  0.1000E-09  0.7497E+04  0.0000E+00
    3.6581  1  1   30.9769   19.2781   14.4933    7.9847    1.1664    0.8156    0.0047    0.0026    5.4325    4.6476  0.1942E+03  0.1110E+04 -0.6310E-06 -0.5490E-07  0.1000E-09  0.1000E-09  0.1000E-09  0.1000E-09  0.7498E+04  0.0000E+00
    3.6630  1  1   30.9738   19.2779   14.4933    7.9847    1.1674    0.8157    0.0047    0.0026    5.4329    4.6478  0.1931E+03  0.1109E+04 -0.6310E-06 -0.5490E-07  0.1000E-09  0.1000E-09  0.1000E-09  0.1000E-09  0.7498E+04  0.0000E+00
    3.6679  1  1   30.9707   19.2776   14.4933    7.9847    1.1684    0.8159    0.0047    0.0026    5.4333    4.6480  0.1920E+03  0.1108E+04 -0.6319E-06 -0.5490E-07  0.1000E-09  0.1000E-09  0.1000E-09  0.1000E-09  0.7499E+04  0.0000E+00
    3.6728  1  1   30.9676   19.2773   14.4933    7.9847    1.1694    0.8161    0.0047    0.0026    5.4337    4.6482  0.1909E+03  0.1107E+04 -0.6348E-06 -0.5490E-07  0.1000E-09  0.1000E-09  0.1000E-09  0.1000E-09  0.7499E+04  0.0000E+00
    3.6778  1  1   30.9645   19.2771   14.4933    7.9847    1.1705    0.8162    0.0047    0.0026    5.4342    4.6484  0.1897E+03  0.1106E+04 -0.6368E-06 -0.5492E-07  0.1000E-09  0.1000E-09  0.1000E-09  0.1000E-09  0.7500E+04  0.0000E+00
    3.6827  1  1   30.9613   19.2768   14.4933    7.9847    1.1715    0.8164    0.0047    0.0026    5.4346    4.6486  0.1886E+03  0.1105E+04 -0.6368E-06 -0.5501E-07  0.1000E-09  0.1000E-09  0.1000E-09  0.1000E-09  0.7500E+04  0.0000E+00
    3.6876  1  1   30.9582   19.2765   14.4933    7.9847    1.1726    0.8165    0.0047    0.0026    5.4350    4.6488  0.1875E+03  0.1105E+04 -0.6368E-06 -0.5511E-07  0.1000E-09  0.1000E-09  0.1000E-09  0.1000E-09  0.7501E+04  0.0000E+00
    3.6925  1  1   30.9551   19.2762   14.4933    7.9847    1.1736    0.8167    0.0047    0.0026    5.4354    4.6490  0.1864E+03  0.1104E+04 -0.6368E-06 -0.5521E-07  0.1000E-09  0.1000E-09  0.1000E-09  0.1000E-09  0.7501E+04  0.0000E+00
    3.6974  1  1   30.9520   19.2760   14.4933    7.9847    1.1746    0.8168    0.0047    0.0026    5.4358    4.6491  0.1853E+03  0.1103E+04 -0.6363E-06 -0.5528E-07  0.1000E-09  0.1000E-09  0.1000E-09  0.1000E-09  0.7502E+04  0.0000E+00
    3.7023  1  1   30.9488   19.2757   14.4933    7.9847    1.1757    0.8170    0.0048    0.0026    5.4363    4.6493  0.1842E+03  0.1102E+04 -0.6347E-06 -0.5528E-07  0.1000E-09  0.1000E-09  0.1000E-09  0.1000E-09  0.7502E+04  0.0000E+00
    3.7073  1  1   30.9457   19.2754   14.4933    7.9847    1.1768    0.8172    0.0048    0.0026    5.4367    4.6495  0.1831E+03  0.1101E+04 -0.6335E-06 -0.5528E-07  0.1000E-09  0.1000E-09  0.1000E-09  0.1000E-09  0.7503E+04  0.0000E+00
    3.7122  1  1   30.9426   19.2752   14.4933    7.9847    1.1779    0.8173    0.0048    0.0026    5.4371    4.6497  0.1820E+03  0.1100E+04 -0.6335E-06 -0.5528E-07  0.1000E-09  0.1000E-09  0.1000E-09  0.1000E-09  0.7503E+04  0.0000E+00
    3.7171  1  1   30.9395   19.2749   14.4933    7.9847    1.1789    0.8175    0.0048    0.0026    5.4375    4.6499  0.1809E+03  0.1099E+04 -0.6335E-06 -0.5528E-07  0.1000E-09  0.1000E-09  0.1000E-09  0.1000E-09  0.7504E+04  0.0000E+00
    3.7220  1  1   30.9364   19.2746   14.4933    7.9847    1.1800    0.8176    0.0048    0.0026    5.4379    4.6501  0.1799E+03  0.1098E+04 -0.6335E-06 -0.5528E-07  0.1000E-09  0.1000E-09  0.1000E-09  0.1000E-09  0.7504E+04  0.0000E+00
    3.7269  1  1   30.9333   19.2743   14.4933    7.9847    1.1811    0.8178    0.0048    0.0026    5.4384    4.6503  0.1788E+03  0.1097E+04 -0.6342E-06 -0.5528E-07  0.1000E-09  0.1000E-09  0.1000E-09  0.1000E-09  0.7505E+04  0.0000E+00
    3.7318  1  1   30.9301   19.2741   14.4933    7.9847    1.1822    0.8179    0.0048    0.0026    5.4388    4.6505  0.1777E+03  0.1096E+04 -0.6358E-06 -0.5535E-07  0.1000E-09  0.1000E-09  0.1000E-09  0.1000E-09  0.7505E+04  0.0000E+00
    3.7368  1  1   30.9270   19.2738   14.4933    7.9847    1.1833    0.8181    0.0048    0.0026    5.4392    4.6507  0.1766E+03  0.1095E+04 -0.6368E-06 -0.5544E-07  0.1000E-09  0.1000E-09  0.1000E-09  0.1000E-09  0.7506E+04  0.0000E+00
    3.7417  1  1   30.9239   19.2735   14.4933    7.9847    1.1844    0.8183    0.0048    0.0026    5.4396    4.6509  0.1755E+03  0.1094E+04 -0.6368E-06 -0.5554E-07  0.1000E-09  0.1000E-09  0.1000E-09  0.1000E-09  0.7506E+04  0.0000E+00
    3.7466  1  1   30.9207   19.2732   14.4933    7.9847    1.1855    0.8184    0.0049    0.0026    5.4401    4.6511  0.1744E+03  0.1093E+04 -0.6368E-06 -0.5564E-07  0.1000E-09  0.1000E-09  0.1000E-09  0.1000E-09  0.7507E+04  0.0000E+00
    3.7515  1  1   30.9176   19.2730   14.4933    7.9847    1.1866    0.8186    0.0049    0.0026    5.4405    4.6512  0.1734E+03  0.1092E+04 -0.6368E-06 -0.5567E-07  0.1000E-09  0.1000E-09  0.1000E-09  0.1000E-09  0.7507E+04  0.0000E+00
    3.7564  1  1   30.9145   19.2727   14.4933    7.9847    1.1877    0.8187    0.0049    0.0026    5.4409    4.6514  0.1723E+03  0.1091E+04 -0.6368E-06 -0.5567E-07  0.1000E-09  0.1000E-09  0.1000E-09  0.1000E-09  0.7508E+04  0.0000E+00
    3.7613  1  1   30.9113   19.2724   14.4933    7.9847    1.1888    0.8189    0.0049    0.0026    5.4414    4.6516  0.1712E+03  0.1090E+04 -0.6370E-06 -0.5567E-07  0.1000E-09  0.1000E-09  0.1000E-09  0.1000E-09  0.7508E+04  0.0000E+00
    3.7663  1  1   30.9082   19.2721   14.4933    7.9847    1.1900    0.8191    0.0049    0.0026    5.4418    4.6518  0.1701E+03  0.1089E+04 -0.6371E-06 -0.5567E-07  0.1000E-09  0.1000E-09  0.1000E-09  0.1000E-09  0.7509E+04  0.0000E+00
    3.7712  1  1   30.9051   19.2719   14.4933    7.9847    1.1911    0.8192    0.0049    0.0026    5.4422    4.6520  0.1691E+03  0.1088E+04 -0.6371E-06 -0.5567E-07  0.1000E-09  0.1000E-09  0.1000E-09  0.1000E-09  0.7509E+04  0.0000E+00
    3.7761  1  1   30.9019   19.2716   14.4933    7.9847    1.1922    0.8194    0.0049    0.0026    5.4426    4.6522  0.1680E+03  0.1087E+04 -0.6371E-06 -0.5567E-07  0.1000E-09  0.1000E-09  0.1000E-09  0.1000E-09  0.7510E+04  0.0000E+00
    3.7810  1  1   30.8988   19.2713   14.4933    7.9847    1.1934    0.8195    0.0049    0.0026    5.4431    4.6524  0.1669E+03  0.1087E+04 -0.6371E-06 -0.5569E-07  0.1000E-09  0.1000E-09  0.1000E-09  0.1000E-09  0.7510E+04  0.0000E+00
    3.7859  1  1   30.8957   19.2711   14.4933    7.9847    1.1945    0.8197    0.0050    0.0026    5.4435    4.6526  0.1659E+03  0.1086E+04 -0.6363E-06 -0.5579E-07  0.1000E-09  0.1000E-09  0.1000E-09  0.1000E-09  0.7511E+04  0.0000E+00
    3.7908  1  1   30.8926   19.2708   14.4933    7.9847    1.1957    0.8199    0.0050    0.0026    5.4439    4.6528  0.1648E+03  0.1085E+04 -0.6343E-06 -0.5589E-07  0.1000E-09  0.1000E-09  0.1000E-09  0.1000E-09  0.7511E+04  0.0000E+00
    3.7958  1  1   30.8895   19.2705   14.4933    7.9847    1.1968    0.8200    0.0050    0.0026    5.4444    4.6530  0.1638E+03  0.1084E+04 -0.6331E-06 -0.5599E-07  0.1000E-09  0.1000E-09  0.1000E-09  0.1000E-09  0.7512E+04  0.0000E+00
    3.8007  1  1   30.8863   19.2702   14.4933    7.9847    1.1980    0.8202    0.0050    0.0026    5.4448    4.6532  0.1627E+03  0.1083E+04 -0.6331E-06 -0.5606E-07  0.1000E-09  0.1000E-09  0.1000E-09  0.1000E-09  0.7512E+04  0.0000E+00
    3.8056  1  1   30.8832   19.2700   14.4933    7.9847    1.1992    0.8203    0.0050    0.0026    5.4452    4.6533  0.1617E+03  0.1082E+04 -0.6331E-06 -0.5606E-07  0.1000E-09  0.1000E-09  0.1000E-09  0.1000E-09  0.7513E+04  0.0000E+00
    3.8105  1  1   30.8801   19.2697   14.4933    7.9847    1.2003    0.8205    0.0050    0.0026    5.4457    4.6535  0.1606E+03  0.1081E+04 -0.6331E-06 -0.5606E-07  0.1000E-09  0.1000E-09  0.1000E-09  0.1000E-09  0.7514E+04  0.0000E+00
    3.8154  1  1   30.8770   19.2694   14.4933    7.9847    1.2015    0.8207    0.0050    0.0026    5.4461    4.6537  0.1596E+03  0.1080E+04 -0.6330E-06 -0.5606E-07  0.1000E-09  0.1000E-09  0.1000E-09  0.1000E-09  0.7514E+04  0.0000E+00
    3.8203  1  1   30.8739   19.2691   14.4933    7.9847    1.2027    0.8208    0.0050    0.0026    5.4465    4.6539  0.1585E+03  0.1079E+04 -0.6327E-06 -0.5606E-07  0.1000E-09  0.1000E-09  0.1000E-09  0.1000E-09  0.7515E+04  0.0000E+00
    3.8253  1  1   30.8708   19.2688   14.4933    7.9847    1.2039    0.8210    0.0051    0.0026    5.4470    4.6541  0.1575E+03  0.1078E+04 -0.6325E-06 -0.5606E-07  0.1000E-09  0.1000E-09  0.1000E-09  0.1000E-09  0.7515E+04  0.0000E+00
    3.8302  1  1   30.8677   19.2686   14.4933    7.9847    1.2051    0.8211    0.0051    0.0026    5.4474    4.6543  0.1565E+03  0.1077E+04 -0.6325E-06 -0.5606E-07  0.1000E-09  0.1000E-09  0.1000E-09  0.1000E-09  0.7516E+04  0.0000E+00
    3.8351  1  1   30.8646   19.2683   14.4933    7.9847    1.2063    0.8213    0.0051    0.0026    5.4479    4.6545  0.1554E+03  0.1076E+04 -0.6325E-06 -0.5645E-07  0.1000E-09  0.1000E-09  0.1000E-09  0.1000E-09  0.7516E+04  0.0000E+00
    3.8400  1  1   30.8615   19.2680   14.4933    7.9847    1.2075    0.8215    0.0051    0.0026    5.4483    4.6547  0.1544E+03  0.1075E+04 -0.6325E-06 -0.5689E-07  0.1000E-09  0.1000E-09  0.1000E-09  0.1000E-09  0.7517E+04  0.0000E+00
    3.8449  1  1   30.8583   19.2677   14.4933    7.9847    1.2087    0.8216    0.0051    0.0026    5.4487    4.6549  0.1534E+03  0.1074E+04 -0.6335E-06 -0.5732E-07  0.1000E-09  0.1000E-09  0.1000E-09  0.1000E-09  0.7517E+04  0.0000E+00
    3.8498  1  1   30.8552   19.2674   14.4933    7.9847    1.2100    0.8218    0.0051    0.0026    5.4492    4.6551  0.1523E+03  0.1073E+04 -0.6355E-06 -0.5776E-07  0.1000E-09  0.1000E-09  0.1000E-09  0.1000E-09  0.7518E+04  0.0000E+00
    3.8548  1  1   30.8521   19.2672   14.4933    7.9847    1.2112    0.8220    0.0051    0.0026    5.4496    4.6553  0.1513E+03  0.1072E+04 -0.6365E-06 -0.5781E-07  0.1000E-09  0.1000E-09  0.1000E-09  0.1000E-09  0.7518E+04  0.0000E+00
    3.8597  1  1   30.8490   19.2669   14.4933    7.9847    1.2125    0.8221    0.0052    0.0026    5.4501    4.6555  0.1503E+03  0.1071E+04 -0.6365E-06 -0.5781E-07  0.1000E-09  0.1000E-09  0.1000E-09  0.1000E-09  0.7519E+04  0.0000E+00
    3.8646  1  1   30.8458   19.2666   14.4933    7.9847    1.2137    0.8223    0.0052    0.0026    5.4505    4.6557  0.1493E+03  0.1070E+04 -0.6365E-06 -0.5781E-07  0.1000E-09  0.1000E-09  0.1000E-09  0.1000E-09  0.7519E+04  0.0000E+00
    3.8695  1  1   30.8427   19.2663   14.4933    7.9847    1.2149    0.8224    0.0052    0.0026    5.4509    4.6559  0.1482E+03  0.1069E+04 -0.6365E-06 -0.5781E-07  0.1000E-09  0.1000E-09  0.1003E-09  0.1000E-09  0.7520E+04  0.0000E+00
    3.8744  1  1   30.8396   19.2660   14.4933    7.9847    1.2162    0.8226    0.0052    0.0026    5.4514    4.6560  0.1472E+03  0.1068E+04 -0.6352E-06 -0.5781E-07  0.1000E-09  0.1000E-09  0.1006E-09  0.1000E-09  0.7520E+04  0.0000E+00
    3.8793  1  1   30.8365   19.2657   14.4933    7.9847    1.2175    0.8228    0.0052    0.0026    5.4518    4.6562  0.1462E+03  0.1067E+04 -0.6328E-06 -0.5781E-07  0.1000E-09  0.1000E-09  0.1010E-09  0.1000E-09  0.7521E+04  0.0000E+00
    3.8843  1  1   30.8334   19.2655   14.4933    7.9847    1.2188    0.8229    0.0052    0.0026    5.4523    4.6564  0.1452E+03  0.1066E+04 -0.6318E-06 -0.5777E-07  0.1000E-09  0.1000E-09  0.1013E-09  0.1000E-09  0.7521E+04  0.0000E+00
    3.8892  1  1   30.8302   19.2652   14.4933    7.9847    1.2200    0.8231    0.0053    0.0026    5.4527    4.6566  0.1442E+03  0.1066E+04 -0.6318E-06 -0.5769E-07  0.1000E-09  0.1000E-09  0.1016E-09  0.1000E-09  0.7522E+04  0.0000E+00
    3.8941  1  1   30.8271   19.2649   14.4933    7.9847    1.2213    0.8233    0.0053    0.0026    5.4532    4.6568  0.1432E+03  0.1065E+04 -0.6318E-06 -0.5762E-07  0.1000E-09  0.1000E-09  0.1019E-09  0.1000E-09  0.7522E+04  0.0000E+00
    3.8990  1  1   30.8240   19.2646   14.4933    7.9847    1.2226    0.8234    0.0053    0.0026    5.4536    4.6570  0.1422E+03  0.1064E+04 -0.6318E-06 -0.5755E-07  0.1000E-09  0.1000E-09  0.1022E-09  0.1000E-09  0.7523E+04  0.0000E+00
    3.9039  1  1   30.8209   19.2643   14.4933    7.9847    1.2239    0.8236    0.0053    0.0026    5.4540    4.6572  0.1412E+03  0.1063E+04 -0.6303E-06 -0.5751E-07  0.1000E-09  0.1000E-09  0.1026E-09  0.1000E-09  0.7523E+04  0.0000E+00
    3.9088  1  1   30.8179   19.2640   14.4933    7.9847    1.2252    0.8238    0.0053    0.0026    5.4545    4.6574  0.1402E+03  0.1062E+04 -0.6277E-06 -0.5751E-07  0.1000E-09  0.1000E-09  0.1029E-09  0.1000E-09  0.7524E+04  0.0000E+00
    3.9138  1  1   30.8148   19.2638   14.4933    7.9847    1.2265    0.8239    0.0053    0.0026    5.4549    4.6576  0.1392E+03  0.1061E+04 -0.6266E-06 -0.5751E-07  0.1000E-09  0.1000E-09  0.1032E-09  0.1000E-09  0.7524E+04  0.0000E+00
    3.9187  1  1   30.8117   19.2635   14.4933    7.9847    1.2279    0.8241    0.0053    0.0026    5.4554    4.6578  0.1382E+03  0.1060E+04 -0.6266E-06 -0.5751E-07  0.1000E-09  0.1000E-09  0.1036E-09  0.1000E-09  0.7525E+04  0.0000E+00
    3.9236  1  1   30.8086   19.2632   14.4933    7.9847    1.2292    0.8243    0.0054    0.0026    5.4558    4.6580  0.1372E+03  0.1059E+04 -0.6266E-06 -0.5751E-07  0.1000E-09  0.1000E-09  0.1039E-09  0.1000E-09  0.7525E+04  0.0000E+00
    3.9285  1  1   30.8055   19.2629   14.4933    7.9847    1.2305    0.8244    0.0054    0.0026    5.4563    4.6582  0.1362E+03  0.1058E+04 -0.6266E-06 -0.5751E-07  0.1000E-09  0.1000E-09  0.1042E-09  0.1000E-09  0.7526E+04  0.0000E+00
    3.9334  1  1   30.8025   19.2626   14.4933    7.9847    1.2318    0.8246    0.0054    0.0026    5.4567    4.6584  0.1352E+03  0.1057E+04 -0.6260E-06 -0.5751E-07  0.1000E-09  0.1000E-09  0.1046E-09  0.1000E-09  0.7526E+04  0.0000E+00
    3.9383  1  1   30.7994   19.2623   14.4933    7.9847    1.2332    0.8247    0.0054    0.0026    5.4572    4.6586  0.1343E+03  0.1056E+04 -0.6249E-06 -0.5738E-07  0.1000E-09  0.1000E-09  0.1049E-09  0.1000E-09  0.7527E+04  0.0000E+00
    3.9433  1  1   30.7963   19.2621   14.4933    7.9847    1.2346    0.8249    0.0054    0.0026    5.4576    4.6588  0.1333E+03  0.1055E+04 -0.6245E-06 -0.5719E-07  0.1000E-09  0.1000E-09  0.1053E-09  0.1000E-09  0.7527E+04  0.0000E+00
    3.9482  1  1   30.7932   19.2618   14.4933    7.9847    1.2359    0.8251    0.0054    0.0026    5.4581    4.6590  0.1323E+03  0.1054E+04 -0.6245E-06 -0.5701E-07  0.1000E-09  0.1000E-09  0.1056E-09  0.1000E-09  0.7528E+04  0.0000E+00
    3.9531  1  1   30.7902   19.2615   14.4933    7.9847    1.2373    0.8252    0.0055    0.0026    5.4585    4.6591  0.1313E+03  0.1053E+04 -0.6245E-06 -0.5683E-07  0.1000E-09  0.1000E-09  0.1060E-09  0.1000E-09  0.7528E+04  0.0000E+00
    3.9580  1  1   30.7871   19.2612   14.4933    7.9847    1.2386    0.8254    0.0055    0.0026    5.4590    4.6593  0.1304E+03  0.1052E+04 -0.6245E-06 -0.5678E-07  0.1000E-09  0.1000E-09  0.1063E-09  0.1000E-09  0.7529E+04  0.0000E+00
    3.9629  1  1   30.7840   19.2609   14.4933    7.9847    1.2400    0.8256    0.0055    0.0026    5.4594    4.6595  0.1294E+03  0.1051E+04 -0.6221E-06 -0.5678E-07  0.1000E-09  0.1000E-09  0.1067E-09  0.1000E-09  0.7529E+04  0.0000E+00
    3.9678  1  1   30.7810   19.2607   14.4933    7.9847    1.2414    0.8257    0.0055    0.0026    5.4599    4.6597  0.1284E+03  0.1050E+04 -0.6183E-06 -0.5678E-07  0.1000E-09  0.1000E-09  0.1070E-09  0.1000E-09  0.7530E+04  0.0000E+00
    3.9728  1  1   30.7780   19.2604   14.4933    7.9847    1.2429    0.8259    0.0055    0.0026    5.4604    4.6599  0.1275E+03  0.1049E+04 -0.6169E-06 -0.5678E-07  0.1000E-09  0.1000E-09  0.1074E-09  0.1000E-09  0.7530E+04  0.0000E+00
    3.9777  1  1   30.7749   19.2601   14.4933    7.9847    1.2443    0.8261    0.0055    0.0026    5.4608    4.6601  0.1265E+03  0.1048E+04 -0.6169E-06 -0.5678E-07  0.1000E-09  0.1000E-09  0.1078E-09  0.1000E-09  0.7531E+04  0.0000E+00
    3.9826  1  1   30.7719   19.2598   14.4933    7.9847    1.2457    0.8262    0.0056    0.0026    5.4613    4.6603  0.1256E+03  0.1047E+04 -0.6169E-06 -0.5678E-07  0.1000E-09  0.1000E-09  0.1082E-09  0.1000E-09  0.7531E+04  0.0000E+00
    3.9875  1  1   30.7689   19.2596   14.4933    7.9847    1.2471    0.8264    0.0056    0.0026    5.4617    4.6605  0.1246E+03  0.1047E+04 -0.6169E-06 -0.5686E-07  0.1000E-09  0.1000E-09  0.1085E-09  0.1000E-09  0.7532E+04  0.0000E+00
    3.9924  1  1   30.7658   19.2593   14.4933    7.9847    1.2485    0.8266    0.0056    0.0026    5.4622    4.6607  0.1237E+03  0.1046E+04 -0.6157E-06 -0.5728E-07  0.1000E-09  0.1000E-09  0.1089E-09  0.1000E-09  0.7532E+04  0.0000E+00
    3.9973  1  1   30.7628   19.2590   14.4933    7.9847    1.2500    0.8267    0.0056    0.0026    5.4627    4.6609  0.1227E+03  0.1045E+04 -0.6141E-06 -0.5769E-07  0.1000E-09  0.1000E-09  0.1093E-09  0.1000E-09  0.7533E+04  0.0000E+00
    4.0023  1  1   30.7598   19.2587   14.4933    7.9847    1.2514    0.8269    0.0056    0.0026    5.4631    4.6611  0.1217E+03  0.1044E+04 -0.6136E-06 -0.5810E-07  0.1000E-09  0.1000E-09  0.1097E-09  0.1000E-09  0.7533E+04  0.0000E+00
    4.0072  1  1   30.7568   19.2584   14.4933    7.9847    1.2529    0.8271    0.0057    0.0026    5.4636    4.6613  0.1208E+03  0.1043E+04 -0.6136E-06 -0.5843E-07  0.1000E-09  0.1000E-09  0.1101E-09  0.1000E-09  0.7534E+04  0.0000E+00
    4.0121  1  1   30.7538   19.2581   14.4933    7.9847    1.2544    0.8272    0.0057    0.0026    5.4641    4.6615  0.1199E+03  0.1042E+04 -0.6136E-06 -0.5843E-07  0.1000E-09  0.1000E-09  0.1105E-09  0.1000E-09  0.7534E+04  0.0000E+00
    4.0170  1  1   30.7508   19.2578   14.4933    7.9847    1.2558    0.8274    0.0057    0.0026    5.4645    4.6617  0.1189E+03  0.1041E+04 -0.6136E-06 -0.5843E-07  0.1000E-09  0.1000E-09  0.1109E-09  0.1000E-09  0.7535E+04  0.0000E+00
    4.0219  1  1   30.7477   19.2576   14.4933    7.9847    1.2573    0.8276    0.0057    0.0026    5.4650    4.6619  0.1180E+03  0.1040E+04 -0.6127E-06 -0.5843E-07  0.1000E-09  0.1000E-09  0.1113E-09  0.1000E-09  0.7535E+04  0.0000E+00
    4.0269  1  1   30.7447   19.2573   14.4933    7.9847    1.2588    0.8277    0.0057    0.0026    5.4655    4.6621  0.1170E+03  0.1039E+04 -0.6116E-06 -0.5843E-07  0.1000E-09  0.1000E-09  0.1117E-09  0.1000E-09  0.7536E+04  0.0000E+00
    4.0318  1  1   30.7417   19.2570   14.4933    7.9847    1.2604    0.8279    0.0058    0.0026    5.4659    4.6623  0.1161E+03  0.1038E+04 -0.6113E-06 -0.5843E-07  0.1000E-09  0.1000E-09  0.1121E-09  0.1000E-09  0.7536E+04  0.0000E+00
    4.0367  1  1   30.7387   19.2567   14.4933    7.9847    1.2619    0.8281    0.0058    0.0026    5.4664    4.6625  0.1152E+03  0.1037E+04 -0.6113E-06 -0.5843E-07  0.1000E-09  0.1000E-09  0.1125E-09  0.1000E-09  0.7537E+04  0.0000E+00
    4.0416  1  1   30.7357   19.2564   14.4933    7.9847    1.2634    0.8282    0.0058    0.0026    5.4669    4.6627  0.1143E+03  0.1036E+04 -0.6113E-06 -0.5869E-07  0.1000E-09  0.1000E-09  0.1129E-09  0.1000E-09  0.7537E+04  0.0000E+00
    4.0465  1  1   30.7327   19.2561   14.4933    7.9847    1.2649    0.8284    0.0058    0.0026    5.4673    4.6628  0.1134E+03  0.1035E+04 -0.6113E-06 -0.5909E-07  0.1000E-09  0.1000E-09  0.1133E-09  0.1000E-09  0.7538E+04  0.0000E+00
    4.0514  1  1   30.7297   19.2558   14.4933    7.9847    1.2664    0.8286    0.0058    0.0026    5.4678    4.6630  0.1125E+03  0.1034E+04 -0.6079E-06 -0.5949E-07  0.1000E-09  0.1000E-09  0.1137E-09  0.1000E-09  0.7538E+04  0.0000E+00
    4.0564  1  1   30.7268   19.2555   14.4933    7.9847    1.2680    0.8288    0.0059    0.0026    5.4683    4.6632  0.1115E+03  0.1033E+04 -0.6033E-06 -0.5990E-07  0.1000E-09  0.1000E-09  0.1142E-09  0.1000E-09  0.7539E+04  0.0000E+00
    4.0613  1  1   30.7238   19.2552   14.4933    7.9847    1.2695    0.8289    0.0059    0.0026    5.4687    4.6634  0.1106E+03  0.1032E+04 -0.6022E-06 -0.6003E-07  0.1000E-09  0.1000E-09  0.1146E-09  0.1000E-09  0.7539E+04  0.0000E+00
    4.0662  1  1   30.7208   19.2549   14.4933    7.9847    1.2711    0.8291    0.0059    0.0026    5.4692    4.6636  0.1097E+03  0.1031E+04 -0.6022E-06 -0.6003E-07  0.1000E-09  0.1000E-09  0.1150E-09  0.1000E-09  0.7540E+04  0.0000E+00
    4.0711  1  1   30.7179   19.2546   14.4933    7.9847    1.2726    0.8293    0.0059    0.0026    5.4697    4.6638  0.1088E+03  0.1030E+04 -0.6022E-06 -0.6003E-07  0.1000E-09  0.1000E-09  0.1155E-09  0.1000E-09  0.7540E+04  0.0000E+00
    4.0760  1  1   30.7149   19.2543   14.4933    7.9847    1.2742    0.8294    0.0059    0.0026    5.4701    4.6640  0.1079E+03  0.1029E+04 -0.6022E-06 -0.6003E-07  0.1000E-09  0.1000E-09  0.1159E-09  0.1000E-09  0.7541E+04  0.0000E+00
    4.0809  1  1   30.7120   19.2540   14.4933    7.9847    1.2758    0.8296    0.0060    0.0026    5.4706    4.6642  0.1070E+03  0.1028E+04 -0.5986E-06 -0.6003E-07  0.1000E-09  0.1000E-09  0.1164E-09  0.1000E-09  0.7541E+04  0.0000E+00
    4.0859  1  1   30.7090   19.2538   14.4933    7.9847    1.2774    0.8298    0.0060    0.0026    5.4711    4.6644  0.1061E+03  0.1027E+04 -0.5940E-06 -0.6003E-07  0.1000E-09  0.1000E-09  0.1168E-09  0.1000E-09  0.7542E+04  0.0000E+00
    4.0908  1  1   30.7061   19.2535   14.4933    7.9847    1.2790    0.8300    0.0060    0.0026    5.4716    4.6646  0.1052E+03  0.1026E+04 -0.5930E-06 -0.6002E-07  0.1000E-09  0.1000E-09  0.1173E-09  0.1000E-09  0.7542E+04  0.0000E+00
    4.0957  1  1   30.7032   19.2532   14.4933    7.9847    1.2806    0.8301    0.0060    0.0026    5.4720    4.6648  0.1043E+03  0.1025E+04 -0.5930E-06 -0.5980E-07  0.1000E-09  0.1000E-09  0.1177E-09  0.1000E-09  0.7543E+04  0.0000E+00
    4.1006  1  1   30.7003   19.2529   14.4933    7.9847    1.2823    0.8303    0.0060    0.0026    5.4725    4.6650  0.1035E+03  0.1024E+04 -0.5930E-06 -0.5959E-07  0.1000E-09  0.1000E-09  0.1182E-09  0.1000E-09  0.7543E+04  0.0000E+00
    4.1055  1  1   30.6974   19.2526   14.4933    7.9847    1.2839    0.8305    0.0061    0.0026    5.4730    4.6652  0.1026E+03  0.1023E+04 -0.5930E-06 -0.5937E-07  0.1000E-09  0.1000E-09  0.1186E-09  0.1000E-09  0.7544E+04  0.0000E+00
    4.1104  1  1   30.6945   19.2523   14.4933    7.9847    1.2855    0.8306    0.0061    0.0026    5.4735    4.6654  0.1017E+03  0.1023E+04 -0.5891E-06 -0.5918E-07  0.1000E-09  0.1000E-09  0.1191E-09  0.1000E-09  0.7544E+04  0.0000E+00
    4.1154  1  1   30.6916   19.2520   14.4933    7.9847    1.2872    0.8308    0.0061    0.0026    5.4739    4.6656  0.1008E+03  0.1022E+04 -0.5843E-06 -0.5918E-07  0.1000E-09  0.1000E-09  0.1196E-09  0.1000E-09  0.7545E+04  0.0000E+00
    4.1203  1  1   30.6887   19.2517   14.4933    7.9847    1.2889    0.8310    0.0061    0.0026    5.4744    4.6658  0.9996E+02  0.1021E+04 -0.5834E-06 -0.5918E-07  0.1000E-09  0.1000E-09  0.1201E-09  0.1000E-09  0.7545E+04  0.0000E+00
    4.1252  1  1   30.6859   19.2514   14.4933    7.9847    1.2905    0.8312    0.0062    0.0026    5.4749    4.6660  0.9909E+02  0.1020E+04 -0.5834E-06 -0.5918E-07  0.1000E-09  0.1000E-09  0.1206E-09  0.1000E-09  0.7545E+04  0.0000E+00
    4.1301  1  1   30.6830   19.2511   14.4933    7.9847    1.2922    0.8313    0.0062    0.0026    5.4754    4.6662  0.9824E+02  0.1019E+04 -0.5834E-06 -0.5918E-07  0.1000E-09  0.1000E-09  0.1211E-09  0.1000E-09  0.7546E+04  0.0000E+00
    4.1350  1  1   30.6801   19.2508   14.4933    7.9847    1.2939    0.8315    0.0062    0.0026    5.4758    4.6664  0.9739E+02  0.1018E+04 -0.5834E-06 -0.5918E-07  0.1000E-09  0.1000E-09  0.1215E-09  0.1000E-09  0.7546E+04  0.0000E+00
    4.1399  1  1   30.6773   19.2505   14.4933    7.9847    1.2956    0.8317    0.0062    0.0026    5.4763    4.6666  0.9652E+02  0.1017E+04 -0.5788E-06 -0.5918E-07  0.1000E-09  0.1000E-09  0.1220E-09  0.1000E-09  0.7547E+04  0.0000E+00
    4.1449  1  1   30.6745   19.2503   14.4933    7.9847    1.2973    0.8318    0.0063    0.0027    5.4768    4.6668  0.9566E+02  0.1016E+04 -0.5735E-06 -0.5917E-07  0.1000E-09  0.1000E-09  0.1226E-09  0.1000E-09  0.7547E+04  0.0000E+00
    4.1498  1  1   30.6717   19.2500   14.4933    7.9847    1.2991    0.8320    0.0063    0.0027    5.4773    4.6670  0.9481E+02  0.1015E+04 -0.5727E-06 -0.5916E-07  0.1000E-09  0.1000E-09  0.1231E-09  0.1000E-09  0.7548E+04  0.0000E+00
    4.1547  1  1   30.6688   19.2497   14.4933    7.9847    1.3008    0.8322    0.0063    0.0027    5.4778    4.6672  0.9396E+02  0.1014E+04 -0.5727E-06 -0.5915E-07  0.1000E-09  0.1000E-09  0.1236E-09  0.1000E-09  0.7548E+04  0.0000E+00
    4.1596  1  1   30.6660   19.2494   14.4933    7.9847    1.3025    0.8324    0.0063    0.0027    5.4783    4.6674  0.9312E+02  0.1013E+04 -0.5727E-06 -0.5913E-07  0.1000E-09  0.1000E-09  0.1241E-09  0.1000E-09  0.7549E+04  0.0000E+00
    4.1645  1  1   30.6632   19.2491   14.4933    7.9847    1.3043    0.8325    0.0064    0.0027    5.4787    4.6676  0.9229E+02  0.1012E+04 -0.5727E-06 -0.5913E-07  0.1000E-09  0.1000E-09  0.1246E-09  0.1000E-09  0.7549E+04  0.0000E+00
    4.1694  1  1   30.6604   19.2488   14.4933    7.9847    1.3060    0.8327    0.0064    0.0027    5.4792    4.6678  0.9145E+02  0.1011E+04 -0.5674E-06 -0.5913E-07  0.1000E-09  0.1000E-09  0.1251E-09  0.1000E-09  0.7550E+04  0.0000E+00
    4.1744  1  1   30.6577   19.2485   14.4933    7.9847    1.3078    0.8329    0.0064    0.0027    5.4797    4.6680  0.9060E+02  0.1010E+04 -0.5614E-06 -0.5913E-07  0.1000E-09  0.1000E-09  0.1257E-09  0.1000E-09  0.7550E+04  0.0000E+00
    4.1793  1  1   30.6549   19.2482   14.4933    7.9847    1.3096    0.8331    0.0064    0.0027    5.4802    4.6682  0.8977E+02  0.1009E+04 -0.5608E-06 -0.5913E-07  0.1000E-09  0.1000E-09  0.1262E-09  0.1000E-09  0.7551E+04  0.0000E+00
    4.1842  1  1   30.6521   19.2479   14.4933    7.9847    1.3114    0.8332    0.0065    0.0027    5.4807    4.6684  0.8895E+02  0.1008E+04 -0.5608E-06 -0.5913E-07  0.1000E-09  0.1000E-09  0.1268E-09  0.1000E-09  0.7551E+04  0.0000E+00
    4.1891  1  1   30.6494   19.2476   14.4933    7.9847    1.3132    0.8334    0.0065    0.0027    5.4812    4.6686  0.8813E+02  0.1007E+04 -0.5608E-06 -0.5913E-07  0.1000E-09  0.1000E-09  0.1273E-09  0.1000E-09  0.7552E+04  0.0000E+00
    4.1940  1  1   30.6466   19.2473   14.4933    7.9847    1.3150    0.8336    0.0065    0.0027    5.4816    4.6688  0.8732E+02  0.1006E+04 -0.5608E-06 -0.5915E-07  0.1000E-09  0.1000E-09  0.1279E-09  0.1000E-09  0.7552E+04  0.0000E+00
    4.1989  1  1   30.6439   19.2471   14.4933    7.9847    1.3169    0.8337    0.0065    0.0027    5.4821    4.6690  0.8649E+02  0.1005E+04 -0.5569E-06 -0.5951E-07  0.1000E-09  0.1000E-09  0.1284E-09  0.1000E-09  0.7552E+04  0.0000E+00
    4.2039  1  1   30.6412   19.2468   14.4933    7.9847    1.3188    0.8339    0.0066    0.0027    5.4826    4.6692  0.8567E+02  0.1004E+04 -0.5528E-06 -0.5987E-07  0.1000E-09  0.1000E-09  0.1290E-09  0.1000E-09  0.7553E+04  0.0000E+00
    4.2088  1  1   30.6385   19.2465   14.4933    7.9847    1.3206    0.8341    0.0066    0.0027    5.4831    4.6694  0.8485E+02  0.1003E+04 -0.5526E-06 -0.6023E-07  0.1000E-09  0.1000E-09  0.1296E-09  0.1000E-09  0.7553E+04  0.0000E+00
    4.2137  1  1   30.6357   19.2462   14.4933    7.9847    1.3225    0.8343    0.0066    0.0027    5.4836    4.6696  0.8405E+02  0.1002E+04 -0.5526E-06 -0.6057E-07  0.1000E-09  0.1000E-09  0.1302E-09  0.1000E-09  0.7554E+04  0.0000E+00
    4.2186  1  1   30.6330   19.2459   14.4933    7.9847    1.3243    0.8345    0.0067    0.0027    5.4841    4.6698  0.8325E+02  0.1001E+04 -0.5526E-06 -0.6057E-07  0.1000E-09  0.1000E-09  0.1308E-09  0.1000E-09  0.7554E+04  0.0000E+00
    4.2235  1  1   30.6303   19.2456   14.4933    7.9847    1.3262    0.8346    0.0067    0.0027    5.4846    4.6700  0.8246E+02  0.1001E+04 -0.5526E-06 -0.6057E-07  0.1000E-09  0.1000E-09  0.1313E-09  0.1000E-09  0.7555E+04  0.0000E+00
    4.2284  1  1   30.6276   19.2453   14.4933    7.9847    1.3281    0.8348    0.0067    0.0027    5.4851    4.6702  0.8165E+02  0.9996E+03 -0.5436E-06 -0.6057E-07  0.1000E-09  0.1000E-09  0.1319E-09  0.1000E-09  0.7555E+04  0.0000E+00
    4.2334  1  1   30.6250   19.2450   14.4933    7.9847    1.3301    0.8350    0.0067    0.0027    5.4856    4.6704  0.8085E+02  0.9986E+03 -0.5342E-06 -0.6057E-07  0.1000E-09  0.1000E-09  0.1326E-09  0.1000E-09  0.7556E+04  0.0000E+00
    4.2383  1  1   30.6224   19.2447   14.4933    7.9847    1.3320    0.8352    0.0068    0.0027    5.4861    4.6705  0.8006E+02  0.9976E+03 -0.5338E-06 -0.6057E-07  0.1000E-09  0.1000E-09  0.1332E-09  0.1000E-09  0.7556E+04  0.0000E+00
    4.2432  1  1   30.6198   19.2444   14.4933    7.9847    1.3340    0.8353    0.0068    0.0027    5.4866    4.6707  0.7927E+02  0.9967E+03 -0.5338E-06 -0.6057E-07  0.1000E-09  0.1000E-09  0.1338E-09  0.1000E-09  0.7557E+04  0.0000E+00
    4.2481  1  1   30.6171   19.2441   14.4933    7.9847    1.3359    0.8355    0.0068    0.0027    5.4871    4.6709  0.7849E+02  0.9957E+03 -0.5338E-06 -0.6077E-07  0.1000E-09  0.1000E-09  0.1344E-09  0.1000E-09  0.7557E+04  0.0000E+00
    4.2530  1  1   30.6145   19.2438   14.4933    7.9847    1.3378    0.8357    0.0069    0.0027    5.4876    4.6711  0.7773E+02  0.9948E+03 -0.5338E-06 -0.6139E-07  0.1000E-09  0.1000E-09  0.1350E-09  0.1000E-09  0.7557E+04  0.0000E+00
    4.2579  1  1   30.6119   19.2435   14.4933    7.9847    1.3399    0.8359    0.0069    0.0027    5.4881    4.6713  0.7694E+02  0.9938E+03 -0.5269E-06 -0.6201E-07  0.1000E-09  0.1000E-09  0.1357E-09  0.1000E-09  0.7558E+04  0.0000E+00
    4.2629  1  1   30.6094   19.2432   14.4933    7.9847    1.3419    0.8360    0.0069    0.0027    5.4886    4.6715  0.7616E+02  0.9928E+03 -0.5199E-06 -0.6263E-07  0.1000E-09  0.1000E-09  0.1363E-09  0.1000E-09  0.7558E+04  0.0000E+00
    4.2678  1  1   30.6068   19.2429   14.4933    7.9847    1.3439    0.8362    0.0070    0.0027    5.4891    4.6718  0.7539E+02  0.9918E+03 -0.5198E-06 -0.6304E-07  0.1000E-09  0.1000E-09  0.1370E-09  0.1000E-09  0.7559E+04  0.0000E+00
    4.2727  1  1   30.6043   19.2425   14.4933    7.9847    1.3459    0.8364    0.0070    0.0027    5.4896    4.6720  0.7463E+02  0.9909E+03 -0.5198E-06 -0.6304E-07  0.1000E-09  0.1000E-09  0.1376E-09  0.1000E-09  0.7559E+04  0.0000E+00
    4.2776  1  1   30.6017   19.2422   14.4933    7.9847    1.3479    0.8366    0.0070    0.0027    5.4901    4.6722  0.7387E+02  0.9899E+03 -0.5198E-06 -0.6304E-07  0.1000E-09  0.1000E-09  0.1383E-09  0.1000E-09  0.7560E+04  0.0000E+00
    4.2825  1  1   30.5991   19.2419   14.4933    7.9847    1.3499    0.8368    0.0071    0.0027    5.4906    4.6724  0.7312E+02  0.9889E+03 -0.5195E-06 -0.6304E-07  0.1000E-09  0.1000E-09  0.1390E-09  0.1000E-09  0.7560E+04  0.0000E+00
    4.2874  1  1   30.5966   19.2416   14.4933    7.9847    1.3520    0.8369    0.0071    0.0027    5.4911    4.6726  0.7236E+02  0.9879E+03 -0.5121E-06 -0.6304E-07  0.1000E-09  0.1000E-09  0.1397E-09  0.1000E-09  0.7560E+04  0.0000E+00
    4.2924  1  1   30.5941   19.2413   14.4933    7.9847    1.3541    0.8371    0.0071    0.0027    5.4916    4.6728  0.7160E+02  0.9869E+03 -0.5050E-06 -0.6304E-07  0.1000E-09  0.1000E-09  0.1404E-09  0.1000E-09  0.7561E+04  0.0000E+00
    4.2973  1  1   30.5917   19.2410   14.4933    7.9847    1.3562    0.8373    0.0072    0.0027    5.4921    4.6730  0.7084E+02  0.9860E+03 -0.5050E-06 -0.6301E-07  0.1000E-09  0.1000E-09  0.1411E-09  0.1000E-09  0.7561E+04  0.0000E+00
    4.3022  1  1   30.5892   19.2407   14.4933    7.9847    1.3583    0.8375    0.0072    0.0027    5.4926    4.6732  0.7010E+02  0.9850E+03 -0.5050E-06 -0.6263E-07  0.1000E-09  0.1000E-09  0.1418E-09  0.1000E-09  0.7562E+04  0.0000E+00
    4.3071  1  1   30.5867   19.2404   14.4933    7.9847    1.3604    0.8377    0.0072    0.0027    5.4931    4.6734  0.6937E+02  0.9840E+03 -0.5050E-06 -0.6225E-07  0.1000E-09  0.1000E-09  0.1425E-09  0.1000E-09  0.7562E+04  0.0000E+00
    4.3120  1  1   30.5842   19.2401   14.4933    7.9847    1.3625    0.8378    0.0073    0.0027    5.4936    4.6736  0.6864E+02  0.9831E+03 -0.5044E-06 -0.6187E-07  0.1000E-09  0.1000E-09  0.1432E-09  0.1000E-09  0.7563E+04  0.0000E+00
    4.3169  1  1   30.5818   19.2398   14.4933    7.9847    1.3647    0.8380    0.0073    0.0027    5.4941    4.6738  0.6789E+02  0.9821E+03 -0.4950E-06 -0.6153E-07  0.1000E-09  0.1000E-09  0.1439E-09  0.1000E-09  0.7563E+04  0.0000E+00
    4.3219  1  1   30.5794   19.2395   14.4933    7.9847    1.3669    0.8382    0.0073    0.0027    5.4946    4.6740  0.6715E+02  0.9811E+03 -0.4863E-06 -0.6153E-07  0.1000E-09  0.1000E-09  0.1447E-09  0.1000E-09  0.7563E+04  0.0000E+00
    4.3268  1  1   30.5770   19.2392   14.4933    7.9847    1.3691    0.8384    0.0074    0.0027    5.4952    4.6742  0.6643E+02  0.9802E+03 -0.4863E-06 -0.6153E-07  0.1000E-09  0.1000E-09  0.1454E-09  0.1000E-09  0.7564E+04  0.0000E+00
    4.3317  1  1   30.5746   19.2389   14.4933    7.9847    1.3713    0.8386    0.0074    0.0027    5.4957    4.6744  0.6570E+02  0.9792E+03 -0.4863E-06 -0.6153E-07  0.1000E-09  0.1000E-09  0.1462E-09  0.1000E-09  0.7564E+04  0.0000E+00
    4.3366  1  1   30.5722   19.2386   14.4933    7.9847    1.3735    0.8387    0.0074    0.0027    5.4962    4.6746  0.6499E+02  0.9783E+03 -0.4863E-06 -0.6153E-07  0.1000E-09  0.1000E-09  0.1470E-09  0.1000E-09  0.7565E+04  0.0000E+00
    4.3415  1  1   30.5698   19.2383   14.4933    7.9847    1.3757    0.8389    0.0075    0.0027    5.4967    4.6748  0.6428E+02  0.9773E+03 -0.4853E-06 -0.6153E-07  0.1000E-09  0.1000E-09  0.1477E-09  0.1000E-09  0.7565E+04  0.0000E+00
    4.3464  1  1   30.5675   19.2380   14.4933    7.9847    1.3779    0.8391    0.0075    0.0027    5.4972    4.6750  0.6356E+02  0.9763E+03 -0.4756E-06 -0.6153E-07  0.1000E-09  0.1000E-09  0.1485E-09  0.1000E-09  0.7565E+04  0.0000E+00
    4.3514  1  1   30.5652   19.2377   14.4933    7.9847    1.3802    0.8393    0.0076    0.0027    5.4977    4.6752  0.6284E+02  0.9754E+03 -0.4669E-06 -0.6149E-07  0.1000E-09  0.1000E-09  0.1493E-09  0.1000E-09  0.7566E+04  0.0000E+00
    4.3563  1  1   30.5629   19.2374   14.4933    7.9847    1.3825    0.8395    0.0076    0.0027    5.4983    4.6754  0.6213E+02  0.9744E+03 -0.4669E-06 -0.6144E-07  0.1000E-09  0.1000E-09  0.1501E-09  0.1000E-09  0.7566E+04  0.0000E+00
    4.3612  1  1   30.5606   19.2371   14.4933    7.9847    1.3848    0.8397    0.0076    0.0027    5.4988    4.6756  0.6143E+02  0.9735E+03 -0.4669E-06 -0.6138E-07  0.1000E-09  0.1000E-09  0.1510E-09  0.1000E-09  0.7567E+04  0.0000E+00
    4.3661  1  1   30.5583   19.2367   14.4933    7.9847    1.3871    0.8398    0.0077    0.0027    5.4993    4.6758  0.6074E+02  0.9725E+03 -0.4669E-06 -0.6132E-07  0.1000E-09  0.1000E-09  0.1518E-09  0.1000E-09  0.7567E+04  0.0000E+00
    4.3710  1  1   30.5560   19.2364   14.4933    7.9847    1.3894    0.8400    0.0077    0.0027    5.4998    4.6760  0.6005E+02  0.9715E+03 -0.4654E-06 -0.6130E-07  0.1000E-09  0.1000E-09  0.1526E-09  0.1000E-09  0.7567E+04  0.0000E+00
    4.3759  1  1   30.5538   19.2361   14.4933    7.9847    1.3918    0.8402    0.0078    0.0027    5.5003    4.6762  0.5935E+02  0.9706E+03 -0.4546E-06 -0.6130E-07  0.1000E-09  0.1000E-09  0.1535E-09  0.1000E-09  0.7568E+04  0.0000E+00
    4.3809  1  1   30.5516   19.2358   14.4933    7.9847    1.3942    0.8404    0.0078    0.0027    5.5009    4.6764  0.5866E+02  0.9696E+03 -0.4453E-06 -0.6130E-07  0.1000E-09  0.1000E-09  0.1543E-09  0.1000E-09  0.7568E+04  0.0000E+00
    4.3858  1  1   30.5494   19.2355   14.4933    7.9847    1.3965    0.8406    0.0078    0.0027    5.5014    4.6766  0.5797E+02  0.9687E+03 -0.4453E-06 -0.6130E-07  0.1000E-09  0.1000E-09  0.1552E-09  0.1000E-09  0.7569E+04  0.0000E+00
    4.3907  1  1   30.5472   19.2352   14.4933    7.9847    1.3989    0.8407    0.0079    0.0027    5.5019    4.6768  0.5729E+02  0.9677E+03 -0.4453E-06 -0.6130E-07  0.1000E-09  0.1000E-09  0.1561E-09  0.1000E-09  0.7569E+04  0.0000E+00
    4.3956  1  1   30.5450   19.2349   14.4933    7.9847    1.4013    0.8409    0.0079    0.0027    5.5024    4.6770  0.5662E+02  0.9668E+03 -0.4453E-06 -0.6130E-07  0.1000E-09  0.1000E-09  0.1570E-09  0.1000E-09  0.7569E+04  0.0000E+00
    4.4005  1  1   30.5428   19.2346   14.4933    7.9847    1.4037    0.8411    0.0080    0.0027    5.5030    4.6772  0.5595E+02  0.9658E+03 -0.4435E-06 -0.6130E-07  0.1000E-09  0.1000E-09  0.1579E-09  0.1000E-09  0.7570E+04  0.0000E+00
    4.4054  1  1   30.5407   19.2343   14.4933    7.9847    1.4062    0.8413    0.0080    0.0027    5.5035    4.6774  0.5527E+02  0.9648E+03 -0.4326E-06 -0.6172E-07  0.1000E-09  0.1000E-09  0.1588E-09  0.1000E-09  0.7570E+04  0.0000E+00
    4.4104  1  1   30.5386   19.2340   14.4933    7.9847    1.4087    0.8415    0.0081    0.0027    5.5040    4.6776  0.5460E+02  0.9639E+03 -0.4236E-06 -0.6228E-07  0.1000E-09  0.1000E-09  0.1597E-09  0.1000E-09  0.7570E+04  0.0000E+00
    4.4153  1  1   30.5366   19.2337   14.4933    7.9847    1.4112    0.8417    0.0081    0.0027    5.5045    4.6778  0.5394E+02  0.9629E+03 -0.4236E-06 -0.6284E-07  0.1000E-09  0.1000E-09  0.1607E-09  0.1000E-09  0.7571E+04  0.0000E+00
    4.4202  1  1   30.5345   19.2334   14.4933    7.9847    1.4137    0.8418    0.0082    0.0027    5.5051    4.6780  0.5328E+02  0.9619E+03 -0.4236E-06 -0.6340E-07  0.1000E-09  0.1000E-09  0.1616E-09  0.1000E-09  0.7571E+04  0.0000E+00
    4.4251  1  1   30.5324   19.2331   14.4933    7.9847    1.4162    0.8420    0.0082    0.0027    5.5056    4.6782  0.5264E+02  0.9610E+03 -0.4236E-06 -0.6353E-07  0.1000E-09  0.1000E-09  0.1626E-09  0.1000E-09  0.7572E+04  0.0000E+00
    4.4300  1  1   30.5305   19.2328   14.4933    7.9847    1.4186    0.8422    0.0083    0.0027    5.5061    4.6784  0.5201E+02  0.9600E+03 -0.3814E-06 -0.6353E-07  0.1000E-09  0.1000E-09  0.1635E-09  0.1000E-09  0.7572E+04  0.0000E+00
    4.4349  1  1   30.5296   19.2325   14.4933    7.9847    1.4209    0.8424    0.0083    0.0027    5.5067    4.6786  0.5146E+02  0.9590E+03 -0.1781E-06 -0.6354E-07  0.1000E-09  0.1000E-09  0.1644E-09  0.1000E-09  0.7572E+04  0.0000E+00
    4.4399  1  1   30.5296   19.2322   14.4933    7.9847    1.4232    0.8426    0.0083    0.0027    5.5072    4.6788  0.5092E+02  0.9580E+03 -0.8484E-08 -0.6355E-07  0.1000E-09  0.1000E-09  0.1652E-09  0.1000E-09  0.7572E+04  0.0000E+00
    4.4448  1  1   30.5296   19.2318   14.4933    7.9847    1.4254    0.8428    0.0084    0.0027    5.5077    4.6790  0.5039E+02  0.9571E+03  0.1601E-11 -0.6355E-07  0.1000E-09  0.1000E-09  0.1661E-09  0.1000E-09  0.7572E+04  0.0000E+00
    4.4497  1  1   30.5296   19.2315   14.4933    7.9847    1.4277    0.8430    0.0084    0.0027    5.5082    4.6792  0.4986E+02  0.9561E+03  0.1602E-11 -0.6355E-07  0.1000E-09  0.1000E-09  0.1670E-09  0.1000E-09  0.7572E+04  0.0000E+00
    4.4546  1  1   30.5296   19.2312   14.4933    7.9847    1.4300    0.8431    0.0085    0.0027    5.5088    4.6794  0.4934E+02  0.9551E+03  0.1603E-11 -0.6354E-07  0.1000E-09  0.1000E-09  0.1679E-09  0.1000E-09  0.7572E+04  0.0000E+00
    4.4595  1  1   30.5296   19.2309   14.4933    7.9847    1.4324    0.8433    0.0085    0.0027    5.5093    4.6796  0.4881E+02  0.9542E+03  0.1604E-11 -0.6351E-07  0.1000E-09  0.1000E-09  0.1688E-09  0.1000E-09  0.7572E+04  0.0000E+00
    4.4644  1  1   30.5296   19.2306   14.4933    7.9847    1.4347    0.8435    0.0086    0.0027    5.5098    4.6798  0.4829E+02  0.9532E+03  0.1604E-11 -0.6347E-07  0.1000E-09  0.1000E-09  0.1697E-09  0.1000E-09  0.7572E+04  0.0000E+00
    4.4694  1  1   30.5296   19.2303   14.4933    7.9847    1.4370    0.8437    0.0086    0.0027    5.5104    4.6800  0.4777E+02  0.9522E+03  0.1605E-11 -0.6344E-07  0.1000E-09  0.1000E-09  0.1706E-09  0.1000E-09  0.7572E+04  0.0000E+00
    4.4743  1  1   30.5296   19.2300   14.4933    7.9847    1.4394    0.8439    0.0087    0.0027    5.5109    4.6802  0.4726E+02  0.9513E+03  0.1606E-11 -0.6342E-07  0.1000E-09  0.1000E-09  0.1715E-09  0.1000E-09  0.7572E+04  0.0000E+00
    4.4792  1  1   30.5296   19.2297   14.4933    7.9847    1.4417    0.8441    0.0087    0.0027    5.5114    4.6804  0.4676E+02  0.9503E+03  0.1607E-11 -0.6342E-07  0.1000E-09  0.1000E-09  0.1724E-09  0.1000E-09  0.7572E+04  0.0000E+00
    4.4841  1  1   30.5296   19.2294   14.4933    7.9847    1.4440    0.8443    0.0088    0.0027    5.5120    4.6806  0.4625E+02  0.9493E+03  0.1608E-11 -0.6342E-07  0.1000E-09  0.1000E-09  0.1734E-09  0.1000E-09  0.7573E+04  0.0000E+00
    4.4890  1  1   30.5296   19.2290   14.4933    7.9847    1.4464    0.8444    0.0088    0.0027    5.5125    4.6808  0.4576E+02  0.9484E+03  0.1610E-11 -0.6342E-07  0.1000E-09  0.1000E-09  0.1743E-09  0.1000E-09  0.7573E+04  0.0000E+00
    4.4939  1  1   30.5296   19.2287   14.4933    7.9847    1.4488    0.8446    0.0088    0.0027    5.5130    4.6810  0.4526E+02  0.9474E+03  0.1611E-11 -0.6342E-07  0.1000E-09  0.1000E-09  0.1752E-09  0.1000E-09  0.7573E+04  0.0000E+00
    4.4989  1  1   30.5296   19.2284   14.4933    7.9847    1.4511    0.8448    0.0089    0.0027    5.5136    4.6812  0.4478E+02  0.9464E+03  0.1613E-11 -0.6342E-07  0.1000E-09  0.1000E-09  0.1762E-09  0.1000E-09  0.7573E+04  0.0000E+00
    4.5038  1  1   30.5296   19.2281   14.4933    7.9847    1.4534    0.8450    0.0089    0.0027    5.5141    4.6815  0.4430E+02  0.9455E+03  0.1614E-11 -0.6342E-07  0.1000E-09  0.1000E-09  0.1771E-09  0.1000E-09  0.7573E+04  0.0000E+00
    4.5087  1  1   30.5296   19.2278   14.4933    7.9847    1.4557    0.8452    0.0090    0.0027    5.5146    4.6817  0.4383E+02  0.9445E+03  0.1617E-11 -0.6348E-07  0.1000E-09  0.1000E-09  0.1781E-09  0.1000E-09  0.7573E+04  0.0000E+00
    4.5136  1  1   30.5296   19.2275   14.4933    7.9847    1.4581    0.8454    0.0090    0.0027    5.5152    4.6819  0.4336E+02  0.9435E+03  0.1620E-11 -0.6356E-07  0.1000E-09  0.1000E-09  0.1790E-09  0.1000E-09  0.7573E+04  0.0000E+00
    4.5185  1  1   30.5296   19.2272   14.4933    7.9847    1.4604    0.8456    0.0091    0.0027    5.5157    4.6821  0.4290E+02  0.9426E+03  0.1624E-11 -0.6363E-07  0.1000E-09  0.1000E-09  0.1800E-09  0.1000E-09  0.7573E+04  0.0000E+00
    4.5234  1  1   30.5296   19.2269   14.4933    7.9847    1.4627    0.8458    0.0091    0.0027    5.5162    4.6823  0.4245E+02  0.9416E+03  0.1627E-11 -0.6371E-07  0.1000E-09  0.1000E-09  0.1810E-09  0.1000E-09  0.7573E+04  0.0000E+00
    4.5284  1  1   30.5296   19.2265   14.4933    7.9847    1.4650    0.8460    0.0092    0.0027    5.5168    4.6825  0.4200E+02  0.9406E+03  0.1629E-11 -0.6374E-07  0.1000E-09  0.1000E-09  0.1819E-09  0.1000E-09  0.7573E+04  0.0000E+00
    4.5333  1  1   30.5296   19.2262   14.4933    7.9847    1.4673    0.8461    0.0092    0.0027    5.5173    4.6827  0.4156E+02  0.9397E+03  0.1631E-11 -0.6374E-07  0.1000E-09  0.1000E-09  0.1829E-09  0.1000E-09  0.7573E+04  0.0000E+00
    4.5382  1  1   30.5296   19.2259   14.4933    7.9847    1.4697    0.8463    0.0093    0.0027    5.5179    4.6829  0.4111E+02  0.9387E+03  0.1632E-11 -0.6374E-07  0.1000E-09  0.1000E-09  0.1839E-09  0.1000E-09  0.7573E+04  0.0000E+00
    4.5431  1  1   30.5296   19.2256   14.4933    7.9847    1.4720    0.8465    0.0093    0.0027    5.5184    4.6831  0.4068E+02  0.9377E+03  0.1634E-11 -0.6374E-07  0.1000E-09  0.1000E-09  0.1849E-09  0.1000E-09  0.7573E+04  0.0000E+00
    4.5480  1  1   30.5296   19.2253   14.4933    7.9847    1.4742    0.8467    0.0094    0.0027    5.5190    4.6833  0.4026E+02  0.9368E+03  0.1635E-11 -0.6374E-07  0.1000E-09  0.1000E-09  0.1858E-09  0.1000E-09  0.7573E+04  0.0000E+00
    4.5529  1  1   30.5296   19.2250   14.4933    7.9847    1.4764    0.8469    0.0094    0.0027    5.5195    4.6835  0.3985E+02  0.9358E+03  0.1636E-11 -0.6374E-07  0.1000E-09  0.1000E-09  0.1868E-09  0.1000E-09  0.7573E+04  0.0000E+00
    4.5579  1  1   30.5296   19.2247   14.4933    7.9847    1.4786    0.8471    0.0095    0.0027    5.5200    4.6837  0.3946E+02  0.9348E+03  0.1638E-11 -0.6375E-07  0.1000E-09  0.1000E-09  0.1877E-09  0.1000E-09  0.7573E+04  0.0000E+00
    4.5628  1  1   30.5296   19.2243   14.4933    7.9847    1.4808    0.8473    0.0095    0.0027    5.5206    4.6839  0.3906E+02  0.9339E+03  0.1642E-11 -0.6386E-07  0.1000E-09  0.1000E-09  0.1887E-09  0.1000E-09  0.7573E+04  0.0000E+00
    4.5677  1  1   30.5296   19.2240   14.4933    7.9847    1.4830    0.8475    0.0096    0.0027    5.5210    4.6841  0.3865E+02  0.9329E+03  0.1647E-11 -0.6396E-07  0.1000E-09  0.1000E-09  0.1896E-09  0.1000E-09  0.7573E+04  0.0000E+00
    4.5726  1  1   30.5296   19.2237   14.4933    7.9847    1.4853    0.8477    0.0096    0.0027    5.5215    4.6843  0.3825E+02  0.9319E+03  0.1651E-11 -0.6407E-07  0.1000E-09  0.1000E-09  0.1906E-09  0.1000E-09  0.7573E+04  0.0000E+00
    4.5775  1  1   30.5296   19.2234   14.4933    7.9847    1.4876    0.8479    0.0097    0.0027    5.5220    4.6845  0.3785E+02  0.9310E+03  0.1655E-11 -0.6417E-07  0.1000E-09  0.1000E-09  0.1916E-09  0.1000E-09  0.7573E+04  0.0000E+00
    4.5824  1  1   30.5296   19.2231   14.4933    7.9847    1.4900    0.8480    0.0097    0.0027    5.5225    4.6847  0.3744E+02  0.9300E+03  0.1656E-11 -0.6417E-07  0.1000E-09  0.1000E-09  0.1927E-09  0.1000E-09  0.7573E+04  0.0000E+00
    4.5874  1  1   30.5296   19.2228   14.4933    7.9847    1.4923    0.8482    0.0098    0.0027    5.5229    4.6849  0.3703E+02  0.9290E+03  0.1658E-11 -0.6417E-07  0.1000E-09  0.1000E-09  0.1937E-09  0.1000E-09  0.7574E+04  0.0000E+00
    4.5923  1  1   30.5296   19.2225   14.4933    7.9847    1.4948    0.8484    0.0098    0.0027    5.5234    4.6851  0.3661E+02  0.9280E+03  0.1659E-11 -0.6417E-07  0.1000E-09  0.1000E-09  0.1949E-09  0.1000E-09  0.7574E+04  0.0000E+00
    4.5972  1  1   30.5296   19.2221   14.4933    7.9847    1.4973    0.8486    0.0099    0.0027    5.5238    4.6853  0.3619E+02  0.9271E+03  0.1661E-11 -0.6417E-07  0.1000E-09  0.1000E-09  0.1960E-09  0.1000E-09  0.7574E+04  0.0000E+00
    4.6021  1  1   30.5296   19.2218   14.4933    7.9847    1.4999    0.8488    0.0099    0.0027    5.5243    4.6856  0.3577E+02  0.9261E+03  0.1662E-11 -0.6417E-07  0.1000E-09  0.1000E-09  0.1971E-09  0.1000E-09  0.7574E+04  0.0000E+00
    4.6070  1  1   30.5296   19.2215   14.4933    7.9847    1.5025    0.8490    0.0100    0.0027    5.5247    4.6858  0.3534E+02  0.9252E+03  0.1664E-11 -0.6417E-07  0.1000E-09  0.1000E-09  0.1983E-09  0.1000E-09  0.7574E+04  0.0000E+00
    4.6119  1  1   30.5296   19.2212   14.4933    7.9847    1.5052    0.8492    0.0101    0.0027    5.5251    4.6860  0.3491E+02  0.9242E+03  0.1672E-11 -0.6443E-07  0.1000E-09  0.1000E-09  0.1995E-09  0.1000E-09  0.7574E+04  0.0000E+00
    4.6169  1  1   30.5296   19.2209   14.4933    7.9847    1.5079    0.8494    0.0101    0.0027    5.5255    4.6862  0.3447E+02  0.9232E+03  0.1684E-11 -0.6483E-07  0.1000E-09  0.1000E-09  0.2008E-09  0.1000E-09  0.7574E+04  0.0000E+00
    4.6218  1  1   30.5296   19.2206   14.4933    7.9847    1.5107    0.8496    0.0102    0.0027    5.5259    4.6864  0.3403E+02  0.9222E+03  0.1696E-11 -0.6524E-07  0.1000E-09  0.1000E-09  0.2021E-09  0.1000E-09  0.7574E+04  0.0000E+00
    4.6267  1  1   30.5296   19.2202   14.4933    7.9847    1.5136    0.8498    0.0103    0.0028    5.5263    4.6866  0.3357E+02  0.9213E+03  0.1708E-11 -0.6564E-07  0.1000E-09  0.1000E-09  0.2035E-09  0.1000E-09  0.7574E+04  0.0000E+00
    4.6316  1  1   30.5296   19.2199   14.4933    7.9847    1.5166    0.8500    0.0103    0.0028    5.5266    4.6868  0.3312E+02  0.9203E+03  0.1713E-11 -0.6578E-07  0.1000E-09  0.1000E-09  0.2049E-09  0.1000E-09  0.7574E+04  0.0000E+00
    4.6365  1  1   30.5296   19.2196   14.4933    7.9847    1.5196    0.8502    0.0104    0.0028    5.5270    4.6870  0.3266E+02  0.9193E+03  0.1715E-11 -0.6578E-07  0.1000E-09  0.1000E-09  0.2063E-09  0.1000E-09  0.7574E+04  0.0000E+00
    4.6414  1  1   30.5296   19.2193   14.4933    7.9847    1.5228    0.8504    0.0105    0.0028    5.5274    4.6872  0.3219E+02  0.9183E+03  0.1716E-11 -0.6578E-07  0.1000E-09  0.1000E-09  0.2078E-09  0.1000E-09  0.7574E+04  0.0000E+00
    4.6464  1  1   30.5296   19.2189   14.4933    7.9847    1.5258    0.8506    0.0106    0.0028    5.5277    4.6874  0.3174E+02  0.9174E+03  0.1718E-11 -0.6578E-07  0.1000E-09  0.1000E-09  0.2093E-09  0.1000E-09  0.7574E+04  0.0000E+00
    4.6513  1  1   30.5296   19.2186   14.4933    7.9847    1.5288    0.8508    0.0106    0.0028    5.5281    4.6876  0.3130E+02  0.9164E+03  0.1720E-11 -0.6578E-07  0.1000E-09  0.1000E-09  0.2107E-09  0.1000E-09  0.7574E+04  0.0000E+00
    4.6562  1  1   30.5296   19.2183   14.4933    7.9847    1.5318    0.8509    0.0107    0.0028    5.5285    4.6878  0.3087E+02  0.9154E+03  0.1721E-11 -0.6578E-07  0.1000E-09  0.1000E-09  0.2122E-09  0.1000E-09  0.7574E+04  0.0000E+00
    4.6611  1  1   30.5296   19.2180   14.4933    7.9847    1.5348    0.8511    0.0108    0.0028    5.5288    4.6880  0.3045E+02  0.9144E+03  0.1725E-11 -0.6586E-07  0.1000E-09  0.1000E-09  0.2137E-09  0.1000E-09  0.7574E+04  0.0000E+00
    4.6660  1  1   30.5296   19.2176   14.4933    7.9847    1.5377    0.8513    0.0109    0.0028    5.5292    4.6882  0.3005E+02  0.9135E+03  0.1737E-11 -0.6625E-07  0.1000E-09  0.1000E-09  0.2151E-09  0.1000E-09  0.7574E+04  0.0000E+00
    4.6709  1  1   30.5296   19.2173   14.4933    7.9847    1.5407    0.8515    0.0109    0.0028    5.5296    4.6885  0.2964E+02  0.9125E+03  0.1748E-11 -0.6664E-07  0.1000E-09  0.1000E-09  0.2165E-09  0.1000E-09  0.7574E+04  0.0000E+00
    4.6734  1  1   30.5296   19.2171   14.4933    7.9847    1.5421    0.8516    0.0110    0.0028    5.5298    4.6886  0.2944E+02  0.9120E+03  0.1760E-11 -0.6703E-07  0.1000E-09  0.1000E-09  0.2173E-09  0.1000E-09  0.7574E+04  0.0000E+00
    4.6759  1  1   30.5296   19.2170   14.4933    7.9847    1.5438    0.8517    0.0110    0.0028    5.5300    4.6887  0.2922E+02  0.9115E+03  0.1766E-11 -0.6723E-07  0.1000E-09  0.1000E-09  0.2181E-09  0.1000E-09  0.7574E+04  0.0000E+00
    4.6783  1  1   30.5296   19.2168   14.4933    7.9847    1.5461    0.8518    0.0111    0.0028    5.5303    4.6888  0.2891E+02  0.9110E+03  0.1770E-11 -0.6734E-07  0.1000E-09  0.1000E-09  0.2193E-09  0.1000E-09  0.7574E+04  0.0000E+00
    4.6808  1  1   30.5296   19.2167   14.4933    7.9847    1.5483    0.8519    0.0111    0.0028    5.5306    4.6889  0.2862E+02  0.9105E+03  0.1771E-11 -0.6734E-07  0.1000E-09  0.1000E-09  0.2204E-09  0.1000E-09  0.7574E+04  0.0000E+00
    4.6832  1  1   30.5296   19.2165   14.4933    7.9847    1.5497    0.8520    0.0112    0.0028    5.5308    4.6890  0.2843E+02  0.9100E+03  0.1772E-11 -0.6734E-07  0.1000E-09  0.1000E-09  0.2211E-09  0.1000E-09  0.7574E+04  0.0000E+00
    4.6857  1  1   30.5296   19.2163   14.4933    7.9847    1.5512    0.8521    0.0112    0.0028    5.5310    4.6891  0.2824E+02  0.9095E+03  0.1773E-11 -0.6734E-07  0.1000E-09  0.1000E-09  0.2219E-09  0.1000E-09  0.7574E+04  0.0000E+00
    4.6882  1  1   30.5296   19.2162   14.4933    7.9847    1.5526    0.8522    0.0112    0.0028    5.5312    4.6892  0.2806E+02  0.9090E+03  0.1773E-11 -0.6734E-07  0.1000E-09  0.1000E-09  0.2226E-09  0.1000E-09  0.7575E+04  0.0000E+00
    4.6906  1  1   30.5296   19.2160   14.4933    7.9847    1.5540    0.8523    0.0113    0.0028    5.5314    4.6893  0.2787E+02  0.9085E+03  0.1774E-11 -0.6734E-07  0.1000E-09  0.1000E-09  0.2233E-09  0.1000E-09  0.7575E+04  0.0000E+00
    4.6931  1  1   30.5296   19.2158   14.4933    7.9847    1.5554    0.8524    0.0113    0.0028    5.5316    4.6894  0.2769E+02  0.9080E+03  0.1775E-11 -0.6734E-07  0.1000E-09  0.1000E-09  0.2240E-09  0.1000E-09  0.7575E+04  0.0000E+00
    4.6955  1  1   30.5296   19.2157   14.4933    7.9847    1.5569    0.8525    0.0113    0.0028    5.5319    4.6895  0.2751E+02  0.9075E+03  0.1776E-11 -0.6734E-07  0.1000E-09  0.1000E-09  0.2248E-09  0.1000E-09  0.7575E+04  0.0000E+00
    4.6980  1  1   30.5296   19.2155   14.4933    7.9847    1.5584    0.8526    0.0114    0.0028    5.5321    4.6896  0.2732E+02  0.9071E+03  0.1777E-11 -0.6734E-07  0.1000E-09  0.1000E-09  0.2256E-09  0.1000E-09  0.7575E+04  0.0000E+00
    4.7005  1  1   30.5296   19.2153   14.4933    7.9847    1.5599    0.8527    0.0114    0.0028    5.5323    4.6897  0.2713E+02  0.9066E+03  0.1777E-11 -0.6734E-07  0.1000E-09  0.1000E-09  0.2263E-09  0.1000E-09  0.7575E+04  0.0000E+00
    4.7029  1  1   30.5296   19.2152   14.4933    7.9847    1.5616    0.8528    0.0115    0.0028    5.5325    4.6898  0.2692E+02  0.9061E+03  0.1778E-11 -0.6734E-07  0.1000E-09  0.1000E-09  0.2272E-09  0.1000E-09  0.7575E+04  0.0000E+00
    4.7054  1  1   30.5296   19.2150   14.4933    7.9847    1.5633    0.8529    0.0115    0.0028    5.5327    4.6899  0.2671E+02  0.9056E+03  0.1779E-11 -0.6734E-07  0.1000E-09  0.1000E-09  0.2281E-09  0.1000E-09  0.7575E+04  0.0000E+00
    4.7078  1  1   30.5296   19.2148   14.4933    7.9847    1.5654    0.8530    0.0116    0.0028    5.5329    4.6900  0.2646E+02  0.9051E+03  0.1780E-11 -0.6734E-07  0.1000E-09  0.1000E-09  0.2292E-09  0.1000E-09  0.7575E+04  0.0000E+00
    4.7103  1  1   30.5296   19.2147   14.4933    7.9847    1.5675    0.8531    0.0116    0.0028    5.5331    4.6901  0.2619E+02  0.9046E+03  0.1778E-11 -0.6724E-07  0.1000E-09  0.1000E-09  0.2304E-09  0.1000E-09  0.7575E+04  0.0000E+00
    4.7127  1  1   30.5296   19.2145   14.4933    7.9847    1.5703    0.8532    0.0117    0.0028    5.5334    4.6902  0.2587E+02  0.9041E+03  0.1774E-11 -0.6706E-07  0.1000E-09  0.1000E-09  0.2318E-09  0.1000E-09  0.7575E+04  0.0000E+00
    4.7152  1  1   30.5296   19.2143   14.4933    7.9847    1.5731    0.8533    0.0118    0.0028    5.5336    4.6903  0.2552E+02  0.9036E+03  0.1770E-11 -0.6688E-07  0.1000E-09  0.1000E-09  0.2334E-09  0.1000E-09  0.7575E+04  0.0000E+00
    4.7177  1  1   30.5296   19.2142   14.4933    7.9847    1.5768    0.8534    0.0119    0.0028    5.5338    4.6904  0.2510E+02  0.9031E+03  0.1767E-11 -0.6671E-07  0.1000E-09  0.1000E-09  0.2353E-09  0.1000E-09  0.7575E+04  0.0000E+00
    4.7201  1  1   30.5296   19.2140   14.4933    7.9847    1.5805    0.8535    0.0120    0.0028    5.5340    4.6905  0.2468E+02  0.9026E+03  0.1763E-11 -0.6653E-07  0.1000E-09  0.1000E-09  0.2373E-09  0.1000E-09  0.7575E+04  0.0000E+00
    4.7226  1  1   30.5296   19.2138   14.4933    7.9847    1.5847    0.8536    0.0121    0.0028    5.5343    4.6906  0.2420E+02  0.9022E+03  0.1759E-11 -0.6635E-07  0.1000E-09  0.1000E-09  0.2396E-09  0.1000E-09  0.7575E+04  0.0000E+00
    4.7250  1  1   30.5296   19.2137   14.4933    7.9847    1.5890    0.8537    0.0122    0.0028    5.5345    4.6908  0.2373E+02  0.9017E+03  0.1755E-11 -0.6617E-07  0.1000E-09  0.1000E-09  0.2421E-09  0.1000E-09  0.7575E+04  0.0000E+00
    4.7275  1  1   30.5296   19.2135   14.4933    7.9847    1.5942    0.8538    0.0124    0.0028    5.5347    4.6909  0.2317E+02  0.9012E+03  0.1751E-11 -0.6600E-07  0.1000E-09  0.1000E-09  0.2449E-09  0.1000E-09  0.7575E+04  0.0000E+00
    4.7300  1  1   30.5296   19.2134   14.4933    7.9847    1.5994    0.8539    0.0125    0.0028    5.5349    4.6910  0.2262E+02  0.9007E+03  0.1750E-11 -0.6592E-07  0.1000E-09  0.1000E-09  0.2479E-09  0.1000E-09  0.7575E+04  0.0000E+00
    4.7324  1  1   30.5296   19.2132   14.4933    7.9847    1.6052    0.8540    0.0127    0.0028    5.5352    4.6911  0.2202E+02  0.9002E+03  0.1751E-11 -0.6592E-07  0.1000E-09  0.1000E-09  0.2513E-09  0.1000E-09  0.7575E+04  0.0000E+00
    4.7349  1  1   30.5296   19.2130   14.4933    7.9847    1.6111    0.8541    0.0129    0.0028    5.5354    4.6912  0.2143E+02  0.8997E+03  0.1751E-11 -0.6592E-07  0.1000E-09  0.1000E-09  0.2547E-09  0.1000E-09  0.7575E+04  0.0000E+00
    4.7373  1  1   30.5296   19.2129   14.4933    7.9847    1.6174    0.8542    0.0130    0.0028    5.5356    4.6913  0.2082E+02  0.8992E+03  0.1752E-11 -0.6592E-07  0.1000E-09  0.1000E-09  0.2584E-09  0.1000E-09  0.7575E+04  0.0000E+00
    4.7398  1  1   30.5296   19.2127   14.4933    7.9847    1.6237    0.8543    0.0132    0.0028    5.5359    4.6914  0.2022E+02  0.8988E+03  0.1753E-11 -0.6592E-07  0.1000E-09  0.1000E-09  0.2622E-09  0.1000E-09  0.7575E+04  0.0000E+00
    4.7422  1  1   30.5296   19.2125   14.4933    7.9847    1.6303    0.8544    0.0134    0.0028    5.5361    4.6915  0.1962E+02  0.8983E+03  0.1754E-11 -0.6592E-07  0.1000E-09  0.1000E-09  0.2662E-09  0.1000E-09  0.7575E+04  0.0000E+00
    4.7447  1  1   30.5296   19.2124   14.4933    7.9847    1.6368    0.8545    0.0136    0.0028    5.5364    4.6916  0.1904E+02  0.8978E+03  0.1755E-11 -0.6592E-07  0.1000E-09  0.1000E-09  0.2702E-09  0.1000E-09  0.7575E+04  0.0000E+00
    4.7472  1  1   30.5296   19.2122   14.4933    7.9847    1.6433    0.8546    0.0138    0.0028    5.5366    4.6917  0.1848E+02  0.8973E+03  0.1756E-11 -0.6592E-07  0.1000E-09  0.1000E-09  0.2743E-09  0.1000E-09  0.7575E+04  0.0000E+00
    4.7496  1  1   30.5296   19.2121   14.4933    7.9847    1.6497    0.8547    0.0140    0.0028    5.5368    4.6918  0.1794E+02  0.8968E+03  0.1756E-11 -0.6592E-07  0.1000E-09  0.1000E-09  0.2784E-09  0.1000E-09  0.7575E+04  0.0000E+00
    4.7521  1  1   30.5296   19.2119   14.4933    7.9847    1.6560    0.8548    0.0142    0.0028    5.5371    4.6919  0.1743E+02  0.8963E+03  0.1757E-11 -0.6592E-07  0.1000E-09  0.1000E-09  0.2824E-09  0.1000E-09  0.7575E+04  0.0000E+00
    4.7545  1  1   30.5296   19.2117   14.4933    7.9847    1.6622    0.8549    0.0145    0.0028    5.5374    4.6920  0.1693E+02  0.8958E+03  0.1758E-11 -0.6592E-07  0.1000E-09  0.1000E-09  0.2865E-09  0.1000E-09  0.7575E+04  0.0000E+00
    4.7570  1  1   30.5296   19.2116   14.4933    7.9847    1.6685    0.8550    0.0147    0.0028    5.5376    4.6921  0.1645E+02  0.8954E+03  0.1759E-11 -0.6592E-07  0.1000E-09  0.1000E-09  0.2907E-09  0.1000E-09  0.7575E+04  0.0000E+00
    4.7595  1  1   30.5296   19.2114   14.4933    7.9847    1.6749    0.8551    0.0149    0.0028    5.5379    4.6922  0.1598E+02  0.8949E+03  0.1760E-11 -0.6592E-07  0.1000E-09  0.1000E-09  0.2950E-09  0.1000E-09  0.7575E+04  0.0000E+00
    4.7619  1  1   30.5296   19.2113   14.4933    7.9847    1.6812    0.8552    0.0151    0.0028    5.5381    4.6923  0.1552E+02  0.8944E+03  0.1761E-11 -0.6593E-07  0.1000E-09  0.1000E-09  0.2993E-09  0.1000E-09  0.7575E+04  0.0000E+00
    4.7644  1  1   30.5296   19.2111   14.4933    7.9847    1.6876    0.8553    0.0153    0.0028    5.5384    4.6924  0.1507E+02  0.8939E+03  0.1763E-11 -0.6597E-07  0.1000E-09  0.1000E-09  0.3038E-09  0.1000E-09  0.7575E+04  0.0000E+00
    4.7668  1  1   30.5296   19.2109   14.4933    7.9847    1.6941    0.8554    0.0156    0.0028    5.5386    4.6925  0.1462E+02  0.8934E+03  0.1765E-11 -0.6601E-07  0.1000E-09  0.1000E-09  0.3083E-09  0.1000E-09  0.7575E+04  0.0000E+00
    4.7693  1  1   30.5296   19.2108   14.4933    7.9847    1.7006    0.8555    0.0158    0.0028    5.5389    4.6926  0.1419E+02  0.8929E+03  0.1766E-11 -0.6605E-07  0.1000E-09  0.1000E-09  0.3130E-09  0.1000E-09  0.7575E+04  0.0000E+00
    4.7717  1  1   30.5296   19.2106   14.4933    7.9847    1.7077    0.8556    0.0161    0.0028    5.5392    4.6927  0.1373E+02  0.8925E+03  0.1768E-11 -0.6609E-07  0.1000E-09  0.1000E-09  0.3181E-09  0.1000E-09  0.7575E+04  0.0000E+00
    4.7742  1  1   30.5296   19.2104   14.4933    7.9847    1.7148    0.8557    0.0163    0.0028    5.5394    4.6928  0.1329E+02  0.8920E+03  0.1770E-11 -0.6614E-07  0.1000E-09  0.1000E-09  0.3234E-09  0.1000E-09  0.7575E+04  0.0000E+00
    4.7767  1  1   30.5296   19.2103   14.4933    7.9847    1.7225    0.8558    0.0166    0.0028    5.5397    4.6929  0.1283E+02  0.8915E+03  0.1772E-11 -0.6618E-07  0.1000E-09  0.1000E-09  0.3291E-09  0.1000E-09  0.7575E+04  0.0000E+00
    4.7791  1  1   30.5296   19.2101   14.4933    7.9847    1.7302    0.8559    0.0169    0.0028    5.5400    4.6931  0.1239E+02  0.8910E+03  0.1774E-11 -0.6622E-07  0.1000E-09  0.1000E-09  0.3350E-09  0.1000E-09  0.7575E+04  0.0000E+00
    4.7816  1  1   30.5296   19.2099   14.4933    7.9847    1.7382    0.8560    0.0172    0.0028    5.5402    4.6932  0.1194E+02  0.8905E+03  0.1776E-11 -0.6625E-07  0.1000E-09  0.1000E-09  0.3412E-09  0.1000E-09  0.7575E+04  0.0000E+00
    4.7840  1  1   30.5296   19.2098   14.4933    7.9847    1.7462    0.8561    0.0175    0.0028    5.5405    4.6933  0.1151E+02  0.8900E+03  0.1777E-11 -0.6625E-07  0.1000E-09  0.1000E-09  0.3476E-09  0.1000E-09  0.7575E+04  0.0000E+00
    4.7865  1  1   30.5296   19.2096   14.4933    7.9847    1.7541    0.8562    0.0179    0.0028    5.5408    4.6934  0.1109E+02  0.8895E+03  0.1777E-11 -0.6625E-07  0.1000E-09  0.1000E-09  0.3540E-09  0.1000E-09  0.7576E+04  0.0000E+00
    4.7890  1  1   30.5296   19.2095   14.4933    7.9847    1.7620    0.8563    0.0182    0.0028    5.5411    4.6935  0.1069E+02  0.8890E+03  0.1778E-11 -0.6625E-07  0.1000E-09  0.1000E-09  0.3605E-09  0.1000E-09  0.7576E+04  0.0000E+00
    4.7914  1  1   30.5296   19.2093   14.4933    7.9847    1.7695    0.8564    0.0185    0.0028    5.5413    4.6936  0.1033E+02  0.8886E+03  0.1779E-11 -0.6625E-07  0.1000E-09  0.1000E-09  0.3668E-09  0.1000E-09  0.7576E+04  0.0000E+00
    4.7939  1  1   30.5296   19.2091   14.4933    7.9847    1.7770    0.8565    0.0188    0.0028    5.5416    4.6937  0.9981E+01  0.8881E+03  0.1780E-11 -0.6625E-07  0.1000E-09  0.1000E-09  0.3732E-09  0.1000E-09  0.7576E+04  0.0000E+00
    4.7963  1  1   30.5296   19.2090   14.4933    7.9847    1.7843    0.8566    0.0191    0.0028    5.5419    4.6938  0.9653E+01  0.8876E+03  0.1781E-11 -0.6625E-07  0.1000E-09  0.1000E-09  0.3795E-09  0.1000E-09  0.7576E+04  0.0000E+00
    4.7988  1  1   30.5296   19.2088   14.4933    7.9847    1.7915    0.8567    0.0195    0.0028    5.5422    4.6939  0.9337E+01  0.8871E+03  0.1782E-11 -0.6625E-07  0.1000E-09  0.1000E-09  0.3859E-09  0.1000E-09  0.7576E+04  0.0000E+00
    4.8012  1  1   30.5296   19.2086   14.4933    7.9847    1.7987    0.8568    0.0198    0.0028    5.5425    4.6940  0.9034E+01  0.8866E+03  0.1783E-11 -0.6625E-07  0.1000E-09  0.1000E-09  0.3923E-09  0.1000E-09  0.7576E+04  0.0000E+00
    4.8037  1  1   30.5296   19.2085   14.4933    7.9847    1.8059    0.8569    0.0201    0.0028    5.5428    4.6941  0.8737E+01  0.8861E+03  0.1783E-11 -0.6625E-07  0.1000E-09  0.1000E-09  0.3989E-09  0.1000E-09  0.7576E+04  0.0000E+00
    4.8062  1  1   30.5296   19.2083   14.4933    7.9847    1.8140    0.8570    0.0205    0.0028    5.5430    4.6942  0.8418E+01  0.8856E+03  0.1784E-11 -0.6625E-07  0.1000E-09  0.1000E-09  0.4064E-09  0.1000E-09  0.7576E+04  0.0000E+00
    4.8086  1  1   30.5296   19.2082   14.4933    7.9847    1.8222    0.8571    0.0209    0.0028    5.5433    4.6943  0.8108E+01  0.8852E+03  0.1785E-11 -0.6625E-07  0.1000E-09  0.1000E-09  0.4141E-09  0.1000E-09  0.7576E+04  0.0000E+00
    4.8111  1  1   30.5296   19.2080   14.4933    7.9847    1.8309    0.8572    0.0213    0.0028    5.5436    4.6944  0.7787E+01  0.8847E+03  0.1786E-11 -0.6625E-07  0.1000E-09  0.1000E-09  0.4225E-09  0.1000E-09  0.7576E+04  0.0000E+00
    4.8135  1  1   30.5296   19.2078   14.4933    7.9847    1.8398    0.8573    0.0218    0.0028    5.5439    4.6945  0.7476E+01  0.8842E+03  0.1788E-11 -0.6631E-07  0.1000E-09  0.1000E-09  0.4312E-09  0.1000E-09  0.7576E+04  0.0000E+00
    4.8160  1  1   30.5296   19.2077   14.4933    7.9847    1.8495    0.8574    0.0222    0.0028    5.5442    4.6946  0.7147E+01  0.8837E+03  0.1795E-11 -0.6652E-07  0.1000E-09  0.1000E-09  0.4410E-09  0.1000E-09  0.7576E+04  0.0000E+00
    4.8185  1  1   30.5296   19.2075   14.4933    7.9847    1.8595    0.8575    0.0228    0.0028    5.5445    4.6947  0.6829E+01  0.8832E+03  0.1802E-11 -0.6673E-07  0.1000E-09  0.1000E-09  0.4512E-09  0.1000E-09  0.7576E+04  0.0000E+00
    4.8209  1  1   30.5296   19.2073   14.4933    7.9847    1.8708    0.8576    0.0234    0.0028    5.5448    4.6948  0.6482E+01  0.8827E+03  0.1808E-11 -0.6694E-07  0.1000E-09  0.1000E-09  0.4631E-09  0.1000E-09  0.7576E+04  0.0000E+00
    4.8234  1  1   30.5296   19.2072   14.4933    7.9847    1.8822    0.8577    0.0240    0.0028    5.5451    4.6949  0.6151E+01  0.8823E+03  0.1815E-11 -0.6716E-07  0.1000E-09  0.1000E-09  0.4754E-09  0.1000E-09  0.7576E+04  0.0000E+00
    4.8258  1  1   30.5296   19.2070   14.4933    7.9847    1.8943    0.8578    0.0247    0.0028    5.5454    4.6950  0.5815E+01  0.8818E+03  0.1821E-11 -0.6737E-07  0.1000E-09  0.1000E-09  0.4889E-09  0.1000E-09  0.7576E+04  0.0000E+00
    4.8283  1  1   30.5296   19.2068   14.4933    7.9847    1.9065    0.8579    0.0254    0.0028    5.5457    4.6951  0.5499E+01  0.8813E+03  0.1828E-11 -0.6758E-07  0.1000E-09  0.1000E-09  0.5028E-09  0.1000E-09  0.7576E+04  0.0000E+00
    4.8307  1  1   30.5296   19.2067   14.4933    7.9847    1.9181    0.8581    0.0261    0.0028    5.5460    4.6953  0.5213E+01  0.8808E+03  0.1835E-11 -0.6780E-07  0.1000E-09  0.1000E-09  0.5164E-09  0.1000E-09  0.7576E+04  0.0000E+00
    4.8332  1  1   30.5296   19.2065   14.4933    7.9847    1.9296    0.8582    0.0268    0.0028    5.5463    4.6954  0.4944E+01  0.8803E+03  0.1840E-11 -0.6795E-07  0.1000E-09  0.1000E-09  0.5303E-09  0.1000E-09  0.7576E+04  0.0000E+00
    4.8357  1  1   30.5296   19.2063   14.4933    7.9847    1.9401    0.8583    0.0274    0.0028    5.5466    4.6955  0.4709E+01  0.8798E+03  0.1840E-11 -0.6795E-07  0.1000E-09  0.1000E-09  0.5433E-09  0.1000E-09  0.7576E+04  0.0000E+00
    4.8381  1  1   30.5296   19.2062   14.4933    7.9847    1.9506    0.8584    0.0281    0.0028    5.5469    4.6956  0.4488E+01  0.8793E+03  0.1841E-11 -0.6795E-07  0.1000E-09  0.1000E-09  0.5565E-09  0.1000E-09  0.7576E+04  0.0000E+00
    4.8406  1  1   30.5296   19.2060   14.4933    7.9847    1.9598    0.8585    0.0287    0.0028    5.5472    4.6957  0.4302E+01  0.8788E+03  0.1842E-11 -0.6795E-07  0.1000E-09  0.1000E-09  0.5684E-09  0.1000E-09  0.7576E+04  0.0000E+00
    4.8430  1  1   30.5296   19.2058   14.4933    7.9847    1.9690    0.8586    0.0293    0.0028    5.5475    4.6958  0.4124E+01  0.8783E+03  0.1843E-11 -0.6795E-07  0.1000E-09  0.1000E-09  0.5806E-09  0.1000E-09  0.7576E+04  0.0000E+00
    4.8455  1  1   30.5296   19.2057   14.4933    7.9847    1.9782    0.8587    0.0299    0.0028    5.5478    4.6959  0.3953E+01  0.8778E+03  0.1844E-11 -0.6795E-07  0.1000E-09  0.1000E-09  0.5930E-09  0.1000E-09  0.7576E+04  0.0000E+00
    4.8480  1  1   30.5296   19.2055   14.4933    7.9847    1.9874    0.8588    0.0306    0.0028    5.5480    4.6960  0.3788E+01  0.8773E+03  0.1845E-11 -0.6795E-07  0.1000E-09  0.1000E-09  0.6058E-09  0.1000E-09  0.7576E+04  0.0000E+00
    4.8504  1  1   30.5296   19.2053   14.4933    7.9847    1.9978    0.8589    0.0313    0.0028    5.5483    4.6961  0.3612E+01  0.8769E+03  0.1846E-11 -0.6795E-07  0.1000E-09  0.1000E-09  0.6204E-09  0.1000E-09  0.7576E+04  0.0000E+00
    4.8529  1  1   30.5296   19.2052   14.4933    7.9847    2.0082    0.8590    0.0321    0.0028    5.5486    4.6962  0.3442E+01  0.8764E+03  0.1847E-11 -0.6795E-07  0.1000E-09  0.1000E-09  0.6355E-09  0.1000E-09  0.7576E+04  0.0000E+00
    4.8553  1  1   30.5296   19.2050   14.4933    7.9847    2.0205    0.8591    0.0330    0.0028    5.5489    4.6963  0.3253E+01  0.8759E+03  0.1848E-11 -0.6795E-07  0.1000E-09  0.1000E-09  0.6537E-09  0.1000E-09  0.7576E+04  0.0000E+00
    4.8578  1  1   30.5296   19.2048   14.4933    7.9847    2.0329    0.8592    0.0339    0.0028    5.5492    4.6964  0.3072E+01  0.8754E+03  0.1848E-11 -0.6795E-07  0.1000E-09  0.1000E-09  0.6727E-09  0.1000E-09  0.7576E+04  0.0000E+00
    4.8602  1  1   30.5296   19.2047   14.4933    7.9847    2.0470    0.8593    0.0351    0.0028    5.5495    4.6965  0.2878E+01  0.8749E+03  0.1849E-11 -0.6795E-07  0.1000E-09  0.1000E-09  0.6949E-09  0.1000E-09  0.7576E+04  0.0000E+00
    4.8627  1  1   30.5296   19.2045   14.4933    7.9847    2.0612    0.8594    0.0362    0.0028    5.5498    4.6966  0.2697E+01  0.8744E+03  0.1850E-11 -0.6795E-07  0.1000E-09  0.1000E-09  0.7179E-09  0.1000E-09  0.7576E+04  0.0000E+00
    4.8652  1  1   30.5296   19.2043   14.4933    7.9847    2.0756    0.8595    0.0374    0.0028    5.5501    4.6967  0.2524E+01  0.8739E+03  0.1853E-11 -0.6801E-07  0.1000E-09  0.1000E-09  0.7421E-09  0.1000E-09  0.7576E+04  0.0000E+00
    4.8676  1  1   30.5296   19.2042   14.4933    7.9847    2.0900    0.8596    0.0387    0.0028    5.5504    4.6968  0.2362E+01  0.8734E+03  0.1859E-11 -0.6819E-07  0.1000E-09  0.1000E-09  0.7672E-09  0.1000E-09  0.7576E+04  0.0000E+00
    4.8701  1  1   30.5296   19.2040   14.4933    7.9847    2.1047    0.8597    0.0400    0.0028    5.5507    4.6969  0.2207E+01  0.8730E+03  0.1865E-11 -0.6837E-07  0.1000E-09  0.1000E-09  0.7936E-09  0.1000E-09  0.7576E+04  0.0000E+00
    4.8725  1  1   30.5296   19.2038   14.4933    7.9847    2.1195    0.8598    0.0414    0.0028    5.5510    4.6971  0.2062E+01  0.8725E+03  0.1870E-11 -0.6856E-07  0.1000E-09  0.1000E-09  0.8210E-09  0.1000E-09  0.7576E+04  0.0000E+00
    4.8750  1  1   30.5296   19.2037   14.4933    7.9847    2.1343    0.8599    0.0429    0.0028    5.5513    4.6972  0.1926E+01  0.8720E+03  0.1876E-11 -0.6874E-07  0.1000E-09  0.1000E-09  0.8495E-09  0.1000E-09  0.7576E+04  0.0000E+00
    4.8775  1  1   30.5296   19.2035   14.4933    7.9847    2.1492    0.8600    0.0443    0.0028    5.5516    4.6973  0.1799E+01  0.8715E+03  0.1882E-11 -0.6892E-07  0.1000E-09  0.1000E-09  0.8791E-09  0.1000E-09  0.7576E+04  0.0000E+00
    4.8799  1  1   30.5296   19.2033   14.4933    7.9847    2.1657    0.8601    0.0461    0.0028    5.5518    4.6974  0.1666E+01  0.8710E+03  0.1888E-11 -0.6911E-07  0.1000E-09  0.1000E-09  0.9133E-09  0.1000E-09  0.7576E+04  0.0000E+00
    4.8824  1  1   30.5296   19.2032   14.4933    7.9847    2.1824    0.8602    0.0479    0.0028    5.5521    4.6975  0.1543E+01  0.8705E+03  0.1894E-11 -0.6929E-07  0.1000E-09  0.1000E-09  0.9490E-09  0.1000E-09  0.7577E+04  0.0000E+00
    4.8848  1  1   30.5296   19.2030   14.4933    7.9847    2.2018    0.8603    0.0501    0.0028    5.5524    4.6976  0.1412E+01  0.8700E+03  0.1898E-11 -0.6941E-07  0.1000E-09  0.1000E-09  0.9923E-09  0.1000E-09  0.7577E+04  0.0000E+00
    4.8873  1  1   30.5296   19.2028   14.4933    7.9847    2.2212    0.8604    0.0524    0.0028    5.5527    4.6977  0.1291E+01  0.8695E+03  0.1899E-11 -0.6941E-07  0.1000E-09  0.1000E-09  0.1038E-08  0.1000E-09  0.7577E+04  0.0000E+00
    4.8897  1  1   30.5296   19.2026   14.4933    7.9847    2.2438    0.8605    0.0551    0.0028    5.5530    4.6978  0.1163E+01  0.8690E+03  0.1900E-11 -0.6941E-07  0.1000E-09  0.1000E-09  0.1093E-08  0.1000E-09  0.7577E+04  0.0000E+00
    4.8922  1  1   30.5296   19.2025   14.4933    7.9847    2.2664    0.8606    0.0581    0.0028    5.5533    4.6979  0.1048E+01  0.8685E+03  0.1901E-11 -0.6941E-07  0.1000E-09  0.1000E-09  0.1151E-08  0.1000E-09  0.7577E+04  0.0000E+00
    4.8947  1  1   30.5296   19.2023   14.4933    7.9847    2.2907    0.8607    0.0614    0.0028    5.5535    4.6980  0.9372E+00  0.8680E+03  0.1902E-11 -0.6941E-07  0.1000E-09  0.1000E-09  0.1218E-08  0.1000E-09  0.7577E+04  0.0000E+00
    4.8971  1  1   30.5296   19.2021   14.4933    7.9847    2.3151    0.8608    0.0650    0.0028    5.5538    4.6981  0.8378E+00  0.8675E+03  0.1903E-11 -0.6941E-07  0.1000E-09  0.1000E-09  0.1288E-08  0.1000E-09  0.7577E+04  0.0000E+00
    4.8996  1  1   30.5296   19.2020   14.4933    7.9847    2.3391    0.8610    0.0687    0.0028    5.5541    4.6982  0.7498E+00  0.8670E+03  0.1904E-11 -0.6941E-07  0.1000E-09  0.1000E-09  0.1362E-08  0.1000E-09  0.7577E+04  0.0000E+00
    4.9020  1  1   30.5296   19.2018   14.4933    7.9847    2.3632    0.8611    0.0726    0.0028    5.5543    4.6983  0.6711E+00  0.8665E+03  0.1905E-11 -0.6941E-07  0.1000E-09  0.1000E-09  0.1439E-08  0.1000E-09  0.7577E+04  0.0000E+00
    4.9045  1  1   30.5296   19.2016   14.4933    7.9847    2.3860    0.8612    0.0765    0.0028    5.5546    4.6984  0.6043E+00  0.8660E+03  0.1906E-11 -0.6941E-07  0.1000E-09  0.1000E-09  0.1517E-08  0.1000E-09  0.7577E+04  0.0000E+00
    4.9070  1  1   30.5296   19.2014   14.4933    7.9847    2.4087    0.8613    0.0806    0.0028    5.5549    4.6985  0.5442E+00  0.8655E+03  0.1907E-11 -0.6941E-07  0.1000E-09  0.1000E-09  0.1598E-08  0.1000E-09  0.7577E+04  0.0000E+00
    4.9094  1  1   30.5296   19.2013   14.4933    7.9847    2.4316    0.8614    0.0850    0.0028    5.5552    4.6986  0.4897E+00  0.8650E+03  0.1908E-11 -0.6941E-07  0.1000E-09  0.1000E-09  0.1685E-08  0.1000E-09  0.7577E+04  0.0000E+00
    4.9119  1  1   30.5296   19.2011   14.4933    7.9847    2.4545    0.8615    0.0896    0.0028    5.5554    4.6988  0.4407E+00  0.8646E+03  0.1909E-11 -0.6941E-07  0.1000E-09  0.1000E-09  0.1776E-08  0.1000E-09  0.7577E+04  0.0000E+00
    4.9143  1  1   30.5296   19.2009   14.4933    7.9847    2.4791    0.8616    0.0948    0.0028    5.5557    4.6989  0.3935E+00  0.8641E+03  0.1910E-11 -0.6941E-07  0.1000E-09  0.1000E-09  0.1879E-08  0.1000E-09  0.7577E+04  0.0000E+00
    4.9168  2  1   30.5296   19.2008   14.4933    7.9847    2.5037    0.8617    0.1003    0.0028    5.5560    4.6990  0.3514E+00  0.8636E+03  0.1908E-11 -0.6933E-07  0.1000E-09  0.1000E-09  0.1982E-08  0.1000E-09  0.7577E+04  0.0000E+00
    4.9173  2  1   30.5296   19.2007   14.4933    7.9847    2.5098    0.8617    0.1017    0.0028    5.5560    4.6990  0.3416E+00  0.8635E+03  0.1904E-11 -0.6914E-07  0.1000E-09  0.1000E-09  0.2010E-08  0.1000E-09  0.7577E+04  0.0000E+00
    4.9179  2  1   30.5296   19.2007   14.4933    7.9847    2.5160    0.8617    0.1032    0.0028    5.5561    4.6990  0.3321E+00  0.8634E+03  0.1903E-11 -0.6910E-07  0.1000E-09  0.1000E-09  0.2039E-08  0.1000E-09  0.7577E+04  0.0000E+00
    4.9184  2  1   30.5296   19.2007   14.4933    7.9847    2.5221    0.8618    0.1047    0.0028    5.5561    4.6990  0.3228E+00  0.8633E+03  0.1902E-11 -0.6906E-07  0.1000E-09  0.1000E-09  0.2068E-08  0.1000E-09  0.7577E+04  0.0000E+00
    4.9189  2  1   30.5296   19.2006   14.4933    7.9847    2.5283    0.8618    0.1061    0.0028    5.5562    4.6991  0.3138E+00  0.8631E+03  0.1901E-11 -0.6902E-07  0.1000E-09  0.1000E-09  0.2097E-08  0.1000E-09  0.7577E+04  0.0000E+00
    4.9195  2  1   30.5296   19.2006   14.4933    7.9847    2.5344    0.8618    0.1077    0.0028    5.5562    4.6991  0.3051E+00  0.8630E+03  0.1900E-11 -0.6898E-07  0.1000E-09  0.1000E-09  0.2127E-08  0.1000E-09  0.7577E+04  0.0000E+00
    4.9200  2  1   30.5296   19.2005   14.4933    7.9847    2.5405    0.8618    0.1092    0.0028    5.5563    4.6991  0.2966E+00  0.8629E+03  0.1900E-11 -0.6894E-07  0.1000E-09  0.1000E-09  0.2158E-08  0.1000E-09  0.7577E+04  0.0000E+00
    4.9205  2  1   30.5296   19.2005   14.4933    7.9847    2.5467    0.8618    0.1107    0.0028    5.5563    4.6991  0.2883E+00  0.8628E+03  0.1899E-11 -0.6890E-07  0.1000E-09  0.1000E-09  0.2188E-08  0.1000E-09  0.7577E+04  0.0000E+00
    4.9210  2  1   30.5296   19.2005   14.4933    7.9847    2.5528    0.8619    0.1123    0.0028    5.5564    4.6992  0.2803E+00  0.8627E+03  0.1898E-11 -0.6886E-07  0.1000E-09  0.1000E-09  0.2220E-08  0.1000E-09  0.7577E+04  0.0000E+00
    4.9216  2  1   30.5296   19.2004   14.4933    7.9847    2.5590    0.8619    0.1139    0.0028    5.5564    4.6992  0.2725E+00  0.8626E+03  0.1897E-11 -0.6882E-07  0.1000E-09  0.1000E-09  0.2251E-08  0.1000E-09  0.7577E+04  0.0000E+00
    4.9221  2  1   30.5281   19.2004   14.4933    7.9847    2.5659    0.8619    0.1158    0.0028    5.5565    4.6992  0.2637E+00  0.8625E+03 -0.2897E-05 -0.4786E-07  0.1000E-09  0.1000E-09  0.2288E-08  0.1000E-09  0.7577E+04  0.0000E+00
    4.9226  2  1   30.5244   19.2004   14.4933    7.9847    2.5732    0.8619    0.1177    0.0028    5.5566    4.6992  0.2547E+00  0.8624E+03 -0.6770E-05 -0.1854E-07  0.1000E-09  0.1000E-09  0.2327E-08  0.1000E-09  0.7578E+04  0.0000E+00
    4.9232  2  1   30.5203   19.2004   14.4933    7.9847    2.5805    0.8620    0.1197    0.0028    5.5566    4.6992  0.2460E+00  0.8623E+03 -0.7745E-05 -0.9671E-08  0.1000E-09  0.1000E-09  0.2367E-08  0.1000E-09  0.7578E+04  0.0000E+00
    4.9237  2  1   30.5162   19.2004   14.4933    7.9847    2.5877    0.8620    0.1217    0.0028    5.5567    4.6993  0.2376E+00  0.8622E+03 -0.7745E-05 -0.7990E-08  0.1000E-09  0.1000E-09  0.2408E-08  0.1000E-09  0.7579E+04  0.0000E+00
    4.9242  2  1   30.5121   19.2004   14.4933    7.9847    2.5950    0.8620    0.1237    0.0028    5.5567    4.6993  0.2294E+00  0.8621E+03 -0.7745E-05 -0.6269E-08  0.1000E-09  0.1000E-09  0.2449E-08  0.1000E-09  0.7579E+04  0.0000E+00
    4.9248  2  1   30.5080   19.2004   14.4933    7.9847    2.6022    0.8620    0.1258    0.0028    5.5568    4.6993  0.2215E+00  0.8620E+03 -0.7745E-05 -0.4506E-08  0.1000E-09  0.1000E-09  0.2491E-08  0.1000E-09  0.7580E+04  0.0000E+00
    4.9253  2  1   30.5038   19.2004   14.4933    7.9847    2.6095    0.8620    0.1279    0.0028    5.5568    4.6993  0.2139E+00  0.8619E+03 -0.7745E-05 -0.2701E-08  0.1000E-09  0.1000E-09  0.2534E-08  0.1000E-09  0.7581E+04  0.0000E+00
    4.9258  2  1   30.4997   19.2004   14.4933    7.9847    2.6167    0.8621    0.1301    0.0028    5.5569    4.6994  0.2066E+00  0.8618E+03 -0.7745E-05 -0.8519E-09  0.1000E-09  0.1000E-09  0.2578E-08  0.1000E-09  0.7581E+04  0.0000E+00
    4.9264  2  1   30.4956   19.2004   14.4933    7.9847    2.6240    0.8621    0.1323    0.0028    5.5569    4.6994  0.1995E+00  0.8617E+03 -0.7745E-05  0.1041E-08  0.1000E-09  0.1000E-09  0.2622E-08  0.1000E-09  0.7582E+04  0.0000E+00
    4.9269  2  1   30.4906   19.2004   14.4933    7.9847    2.6312    0.8621    0.1345    0.0028    5.5570    4.6994  0.1927E+00  0.8617E+03 -0.9421E-05  0.1843E-07  0.1000E-09  0.1000E-09  0.2667E-08  0.1000E-09  0.7583E+04  0.0000E+00
    4.9274  2  1   30.4837   19.2004   14.4933    7.9847    2.6384    0.8621    0.1367    0.0028    5.5570    4.6994  0.1859E+00  0.8616E+03 -0.1287E-04  0.5349E-07  0.1000E-09  0.1000E-09  0.2713E-08  0.1000E-09  0.7584E+04  0.0000E+00
    4.9280  2  1   30.4759   19.2005   14.4933    7.9847    2.6457    0.8622    0.1390    0.0028    5.5571    4.6995  0.1793E+00  0.8615E+03 -0.1475E-04  0.7505E-07  0.1000E-09  0.1000E-09  0.2760E-08  0.1000E-09  0.7585E+04  0.0000E+00
    4.9285  2  1   30.4679   19.2005   14.4933    7.9847    2.6532    0.8622    0.1414    0.0028    5.5572    4.6995  0.1727E+00  0.8614E+03 -0.1497E-04  0.8121E-07  0.1000E-09  0.1000E-09  0.2809E-08  0.1000E-09  0.7586E+04  0.0000E+00
    4.9290  2  1   30.4598   19.2006   14.4933    7.9847    2.6607    0.8622    0.1439    0.0028    5.5572    4.6995  0.1664E+00  0.8613E+03 -0.1520E-04  0.8780E-07  0.1000E-09  0.1000E-09  0.2860E-08  0.1000E-09  0.7587E+04  0.0000E+00
    4.9296  2  1   30.4516   19.2006   14.4933    7.9847    2.6682    0.8622    0.1464    0.0028    5.5573    4.6995  0.1602E+00  0.8613E+03 -0.1543E-04  0.9461E-07  0.1000E-09  0.1000E-09  0.2912E-08  0.1000E-09  0.7588E+04  0.0000E+00
    4.9301  2  1   30.4432   19.2007   14.4933    7.9847    2.6759    0.8623    0.1490    0.0028    5.5573    4.6995  0.1542E+00  0.8612E+03 -0.1567E-04  0.1019E-06  0.1000E-09  0.1000E-09  0.2965E-08  0.1000E-09  0.7589E+04  0.0000E+00
    4.9306  2  1   30.4347   19.2007   14.4933    7.9847    2.6837    0.8623    0.1517    0.0028    5.5574    4.6996  0.1483E+00  0.8611E+03 -0.1595E-04  0.1097E-06  0.1000E-09  0.1000E-09  0.3021E-08  0.1000E-09  0.7591E+04  0.0000E+00
    4.9312  2  1   30.4261   19.2008   14.4933    7.9847    2.6912    0.8623    0.1543    0.0028    5.5574    4.6996  0.1428E+00  0.8610E+03 -0.1620E-04  0.1179E-06  0.1000E-09  0.1000E-09  0.3075E-08  0.1000E-09  0.7592E+04  0.0000E+00
    4.9317  2  1   30.4174   19.2008   14.4933    7.9847    2.6990    0.8623    0.1571    0.0028    5.5575    4.6996  0.1374E+00  0.8609E+03 -0.1643E-04  0.1258E-06  0.1000E-09  0.1000E-09  0.3133E-08  0.1000E-09  0.7593E+04  0.0000E+00
    4.9322  2  1   30.4085   19.2009   14.4933    7.9847    2.7069    0.8623    0.1599    0.0028    5.5575    4.6996  0.1321E+00  0.8609E+03 -0.1671E-04  0.1346E-06  0.1000E-09  0.1000E-09  0.3192E-08  0.1000E-09  0.7594E+04  0.0000E+00
    4.9328  2  1   30.3994   19.2010   14.4933    7.9847    2.7148    0.8624    0.1629    0.0028    5.5576    4.6997  0.1269E+00  0.8608E+03 -0.1697E-04  0.1438E-06  0.1000E-09  0.1000E-09  0.3253E-08  0.1000E-09  0.7596E+04  0.0000E+00
    4.9333  2  1   30.3902   19.2011   14.4933    7.9847    2.7228    0.8624    0.1658    0.0028    5.5577    4.6997  0.1219E+00  0.8607E+03 -0.1723E-04  0.1533E-06  0.1000E-09  0.1000E-09  0.3315E-08  0.1000E-09  0.7597E+04  0.0000E+00
    4.9338  2  1   30.3809   19.2012   14.4933    7.9847    2.7309    0.8624    0.1689    0.0028    5.5577    4.6997  0.1171E+00  0.8607E+03 -0.1753E-04  0.1636E-06  0.1000E-09  0.1000E-09  0.3379E-08  0.1000E-09  0.7598E+04  0.0000E+00
    4.9344  2  1   30.3714   19.2013   14.4933    7.9847    2.7390    0.8624    0.1721    0.0028    5.5578    4.6997  0.1124E+00  0.8606E+03 -0.1783E-04  0.1745E-06  0.1000E-09  0.1000E-09  0.3446E-08  0.1000E-09  0.7600E+04  0.0000E+00
    4.9349  2  1   30.3618   19.2014   14.4933    7.9847    2.7474    0.8625    0.1755    0.0028    5.5578    4.6998  0.1078E+00  0.8605E+03 -0.1812E-04  0.1857E-06  0.1000E-09  0.1000E-09  0.3515E-08  0.1000E-09  0.7601E+04  0.0000E+00
    4.9354  2  1   30.3520   19.2015   14.4933    7.9847    2.7558    0.8625    0.1789    0.0028    5.5579    4.6998  0.1033E+00  0.8605E+03 -0.1840E-04  0.1973E-06  0.1000E-09  0.1000E-09  0.3586E-08  0.1000E-09  0.7602E+04  0.0000E+00
    4.9360  2  1   30.3420   19.2016   14.4933    7.9847    2.7642    0.8625    0.1824    0.0028    5.5579    4.6998  0.9903E-01  0.8604E+03 -0.1870E-04  0.2097E-06  0.1000E-09  0.1000E-09  0.3659E-08  0.1000E-09  0.7604E+04  0.0000E+00
    4.9365  2  1   30.3319   19.2017   14.4933    7.9847    2.7727    0.8625    0.1859    0.0028    5.5580    4.6998  0.9490E-01  0.8603E+03 -0.1901E-04  0.2227E-06  0.1000E-09  0.1000E-09  0.3734E-08  0.1000E-09  0.7605E+04  0.0000E+00
    4.9370  2  1   30.3216   19.2018   14.4933    7.9847    2.7813    0.8625    0.1896    0.0028    5.5580    4.6998  0.9087E-01  0.8603E+03 -0.1932E-04  0.2363E-06  0.1000E-09  0.1000E-09  0.3811E-08  0.1000E-09  0.7607E+04  0.0000E+00
    4.9376  2  1   30.3111   19.2019   14.4933    7.9847    2.7898    0.8626    0.1934    0.0028    5.5581    4.6999  0.8704E-01  0.8602E+03 -0.1966E-04  0.2510E-06  0.1000E-09  0.1000E-09  0.3889E-08  0.1000E-09  0.7608E+04  0.0000E+00
    4.9381  2  1   30.3005   19.2021   14.4933    7.9847    2.7983    0.8626    0.1971    0.0028    5.5581    4.6999  0.8340E-01  0.8602E+03 -0.1999E-04  0.2661E-06  0.1000E-09  0.1000E-09  0.3968E-08  0.1000E-09  0.7610E+04  0.0000E+00
    4.9386  2  1   30.2897   19.2022   14.4933    7.9847    2.8070    0.8626    0.2011    0.0028    5.5582    4.6999  0.7983E-01  0.8601E+03 -0.2029E-04  0.2812E-06  0.1000E-09  0.1000E-09  0.4051E-08  0.1000E-09  0.7611E+04  0.0000E+00
    4.9392  2  1   30.2787   19.2024   14.4933    7.9847    2.8159    0.8626    0.2052    0.0028    5.5583    4.6999  0.7631E-01  0.8601E+03 -0.2063E-04  0.2977E-06  0.1000E-09  0.1000E-09  0.4139E-08  0.1000E-09  0.7613E+04  0.0000E+00
    4.9397  2  1   30.2675   19.2026   14.4933    7.9847    2.8251    0.8627    0.2096    0.0028    5.5583    4.7000  0.7285E-01  0.8600E+03 -0.2098E-04  0.3155E-06  0.1000E-09  0.1000E-09  0.4231E-08  0.1000E-09  0.7614E+04  0.0000E+00
    4.9402  2  1   30.2562   19.2027   14.4933    7.9847    2.8342    0.8627    0.2140    0.0028    5.5584    4.7000  0.6957E-01  0.8600E+03 -0.2127E-04  0.3331E-06  0.1000E-09  0.1000E-09  0.4323E-08  0.1000E-09  0.7616E+04  0.0000E+00
    4.9408  2  1   30.2447   19.2029   14.4933    7.9847    2.8433    0.8627    0.2186    0.0028    5.5584    4.7000  0.6643E-01  0.8599E+03 -0.2156E-04  0.3513E-06  0.1000E-09  0.1000E-09  0.4419E-08  0.1000E-09  0.7617E+04  0.0000E+00
    4.9413  2  1   30.2331   19.2031   14.4933    7.9886    2.8524    0.8628    0.2232    0.0028    5.5585    4.7005  0.6344E-01  0.8598E+03 -0.2186E-04  0.3704E-06  0.1000E-09  0.1000E-09  0.4516E-08  0.1000E-09  0.7619E+04  0.0000E+00
    4.9418  2  1   30.2213   19.2033   14.4933    7.9886    2.8615    0.8629    0.2278    0.0028    5.5585    4.7005  0.6059E-01  0.8598E+03 -0.2215E-04  0.3898E-06  0.1000E-09  0.1000E-09  0.4614E-08  0.1000E-09  0.7620E+04  0.0000E+00
    4.9424  2  1   30.2093   19.2036   14.4933    7.9886    2.8709    0.8629    0.2328    0.0028    5.5586    4.7005  0.5777E-01  0.8597E+03 -0.2248E-04  0.4108E-06  0.1000E-09  0.1000E-09  0.4719E-08  0.1000E-09  0.7622E+04  0.0000E+00
    4.9429  2  1   30.1972   19.2038   14.4933    7.9886    2.8805    0.8629    0.2380    0.0028    5.5586    4.7005  0.5502E-01  0.8597E+03 -0.2279E-04  0.4329E-06  0.1000E-09  0.1000E-09  0.4829E-08  0.1000E-09  0.7624E+04  0.0000E+00
    4.9434  2  1   30.1849   19.2040   14.4933    7.9886    2.8902    0.8629    0.2433    0.0028    5.5587    4.7005  0.5238E-01  0.8597E+03 -0.2313E-04  0.4566E-06  0.1000E-09  0.1000E-09  0.4942E-08  0.1000E-09  0.7625E+04  0.0000E+00
    4.9439  2  1   30.1724   19.2043   14.4933    7.9886    2.9003    0.8629    0.2490    0.0028    5.5588    4.7006  0.4978E-01  0.8597E+03 -0.2348E-04  0.4819E-06  0.1000E-09  0.1000E-09  0.5062E-08  0.1000E-09  0.7627E+04  0.0000E+00
    4.9445  2  1   30.1597   19.2046   14.4933    7.9886    2.9104    0.8630    0.2548    0.0028    5.5588    4.7006  0.4730E-01  0.8596E+03 -0.2381E-04  0.5083E-06  0.1000E-09  0.1000E-09  0.5186E-08  0.1000E-09  0.7629E+04  0.0000E+00
    4.9450  2  1   30.1468   19.2048   14.4933    7.9886    2.9206    0.8630    0.2608    0.0028    5.5589    4.7006  0.4493E-01  0.8596E+03 -0.2414E-04  0.5357E-06  0.1000E-09  0.1000E-09  0.5313E-08  0.1000E-09  0.7630E+04  0.0000E+00
    4.9455  2  1   30.1338   19.2051   14.4933    7.9886    2.9308    0.8630    0.2670    0.0028    5.5589    4.7006  0.4266E-01  0.8596E+03 -0.2450E-04  0.5650E-06  0.1000E-09  0.1000E-09  0.5445E-08  0.1000E-09  0.7632E+04  0.0000E+00
    4.9461  2  1   30.1205   19.2055   14.4933    7.9886    2.9411    0.8630    0.2734    0.0028    5.5590    4.7007  0.4049E-01  0.8596E+03 -0.2489E-04  0.5966E-06  0.1000E-09  0.1000E-09  0.5580E-08  0.1000E-09  0.7634E+04  0.0000E+00
    4.9466  2  1   30.1071   19.2058   14.4933    7.9886    2.9517    0.8631    0.2801    0.0028    5.5590    4.7007  0.3837E-01  0.8596E+03 -0.2525E-04  0.6285E-06  0.1000E-09  0.1000E-09  0.5723E-08  0.1000E-09  0.7635E+04  0.0000E+00
    4.9471  2  1   30.0934   19.2061   14.4933    7.9886    2.9627    0.8631    0.2873    0.0028    5.5591    4.7007  0.3629E-01  0.8596E+03 -0.2564E-04  0.6634E-06  0.1000E-09  0.1000E-09  0.5875E-08  0.1000E-09  0.7637E+04  0.0000E+00
    4.9477  2  1   30.0795   19.2065   14.4933    7.9886    2.9736    0.8631    0.2945    0.0028    5.5591    4.7007  0.3435E-01  0.8596E+03 -0.2607E-04  0.7020E-06  0.1000E-09  0.1000E-09  0.6030E-08  0.1000E-09  0.7639E+04  0.0000E+00
    4.9482  2  1   30.0654   19.2069   14.4933    7.9907    2.9846    0.8632    0.3021    0.0028    5.5592    4.7010  0.3247E-01  0.8595E+03 -0.2647E-04  0.7408E-06  0.1000E-09  0.1000E-09  0.6191E-08  0.1000E-09  0.7641E+04  0.0000E+00
    4.9487  2  1   30.0511   19.2073   14.4933    7.9907    2.9956    0.8632    0.3098    0.0028    5.5592    4.7010  0.3071E-01  0.8596E+03 -0.2692E-04  0.7830E-06  0.1000E-09  0.1000E-09  0.6356E-08  0.1000E-09  0.7643E+04  0.0000E+00
    4.9493  2  1   30.0365   19.2078   14.4933    7.9907    3.0066    0.8632    0.3176    0.0028    5.5592    4.7010  0.2904E-01  0.8596E+03 -0.2738E-04  0.8274E-06  0.1000E-09  0.1000E-09  0.6524E-08  0.1000E-09  0.7644E+04  0.0000E+00
    4.9498  2  1   30.0217   19.2082   14.4933    7.9907    3.0183    0.8632    0.3263    0.0028    5.5593    4.7011  0.2737E-01  0.8596E+03 -0.2783E-04  0.8731E-06  0.1000E-09  0.1000E-09  0.6709E-08  0.1000E-09  0.7646E+04  0.0000E+00
    4.9503  2  1   30.0066   19.2087   14.4933    7.9907    3.0301    0.8633    0.3353    0.0028    5.5593    4.7011  0.2577E-01  0.8596E+03 -0.2829E-04  0.9235E-06  0.1000E-09  0.1000E-09  0.6902E-08  0.1000E-09  0.7648E+04  0.0000E+00
    4.9509  2  1   29.9913   19.2092   14.4933    7.9907    3.0422    0.8633    0.3447    0.0028    5.5593    4.7011  0.2424E-01  0.8597E+03 -0.2877E-04  0.9767E-06  0.1000E-09  0.1000E-09  0.7104E-08  0.1000E-09  0.7650E+04  0.0000E+00
    4.9514  2  1   29.9758   19.2098   14.4933    7.9907    3.0548    0.8633    0.3547    0.0028    5.5595    4.7011  0.2275E-01  0.8597E+03 -0.2921E-04  0.1032E-05  0.1000E-09  0.1000E-09  0.7320E-08  0.1000E-09  0.7652E+04  0.0000E+00
    4.9519  2  1   29.9600   19.2104   14.4933    7.9907    3.0684    0.8633    0.3660    0.0028    5.5596    4.7012  0.2125E-01  0.8597E+03 -0.2967E-04  0.1092E-05  0.1000E-09  0.1000E-09  0.7560E-08  0.1000E-09  0.7654E+04  0.0000E+00
    4.9525  2  1   29.9439   19.2110   14.4933    7.9949    3.0820    0.8635    0.3775    0.0028    5.5597    4.7016  0.1984E-01  0.8597E+03 -0.3024E-04  0.1162E-05  0.1000E-09  0.1000E-09  0.7809E-08  0.1000E-09  0.7655E+04  0.0000E+00
    4.9530  2  1   29.9275   19.2117   14.4933    7.9949    3.0951    0.8635    0.3891    0.0028    5.5598    4.7017  0.1856E-01  0.8598E+03 -0.3079E-04  0.1235E-05  0.1000E-09  0.1000E-09  0.8057E-08  0.1000E-09  0.7657E+04  0.0000E+00
    4.9535  2  1   29.9108   19.2124   14.4933    7.9949    3.1087    0.8635    0.4014    0.0028    5.5599    4.7017  0.1733E-01  0.8598E+03 -0.3134E-04  0.1309E-05  0.1000E-09  0.1000E-09  0.8323E-08  0.1000E-09  0.7659E+04  0.0000E+00
    4.9541  2  1   29.8938   19.2131   14.4933    7.9949    3.1221    0.8635    0.4139    0.0028    5.5600    4.7017  0.1619E-01  0.8599E+03 -0.3193E-04  0.1391E-05  0.1000E-09  0.1000E-09  0.8593E-08  0.1000E-09  0.7661E+04  0.0000E+00
    4.9546  2  1   29.8765   19.2139   14.4933    7.9949    3.1352    0.8636    0.4266    0.0028    5.5602    4.7017  0.1514E-01  0.8600E+03 -0.3245E-04  0.1472E-05  0.1000E-09  0.1000E-09  0.8868E-08  0.1000E-09  0.7663E+04  0.0000E+00
    4.9551  2  1   29.8588   19.2147   14.4933    7.9965    3.1458    0.8636    0.4370    0.0028    5.5600    4.7019  0.1433E-01  0.8601E+03 -0.3318E-04  0.1566E-05  0.1000E-09  0.1000E-09  0.9096E-08  0.1000E-09  0.7665E+04  0.0000E+00
    4.9557  2  1   29.8408   19.2156   14.4933    7.9965    3.1571    0.8637    0.4485    0.0028    5.5599    4.7020  0.1352E-01  0.8602E+03 -0.3386E-04  0.1649E-05  0.1000E-09  0.1000E-09  0.9347E-08  0.1000E-09  0.7667E+04  0.0000E+00
    4.9562  2  1   29.8226   19.2165   14.4933    7.9965    3.1690    0.8637    0.4609    0.0028    5.5600    4.7020  0.1271E-01  0.8603E+03 -0.3426E-04  0.1725E-05  0.1000E-09  0.1000E-09  0.9619E-08  0.1000E-09  0.7669E+04  0.0000E+00
    4.9567  2  1   29.8040   19.2175   14.4933    7.9965    3.1808    0.8637    0.4736    0.0028    5.5600    4.7020  0.1195E-01  0.8604E+03 -0.3476E-04  0.1812E-05  0.1000E-09  0.1000E-09  0.9896E-08  0.1000E-09  0.7671E+04  0.0000E+00
    4.9573  2  1   29.7852   19.2185   14.4933    7.9986    3.1927    0.8638    0.4867    0.0028    5.5600    4.7023  0.1124E-01  0.8605E+03 -0.3533E-04  0.1906E-05  0.1000E-09  0.1000E-09  0.1018E-07  0.1000E-09  0.7673E+04  0.0000E+00
    4.9578  2  1   29.7661   19.2196   14.4933    7.9986    3.1940    0.8638    0.4881    0.0028    5.5601    4.7023  0.1109E-01  0.8606E+03 -0.3593E-04  0.2005E-05  0.1000E-09  0.1000E-09  0.1023E-07  0.1000E-09  0.7675E+04  0.0000E+00
    4.9583  2  1   29.7466   19.2207   14.4933    7.9986    3.1939    0.8638    0.4879    0.0028    5.5598    4.7023  0.1102E-01  0.8608E+03 -0.3668E-04  0.2058E-05  0.1000E-09  0.1000E-09  0.1024E-07  0.1000E-09  0.7677E+04  0.0000E+00
    4.9589  2  1   29.7267   19.2218   14.4933    7.9986    3.1939    0.8638    0.4878    0.0028    5.5597    4.7023  0.1094E-01  0.8609E+03 -0.3738E-04  0.2099E-05  0.1000E-09  0.1000E-09  0.1025E-07  0.1000E-09  0.7679E+04  0.0000E+00
    4.9594  2  1   29.7066   19.2229   14.4933    8.0013    3.1940    0.8639    0.4879    0.0028    5.5599    4.7027  0.1086E-01  0.8610E+03 -0.3775E-04  0.2122E-05  0.1000E-09  0.1000E-09  0.1027E-07  0.1000E-09  0.7681E+04  0.0000E+00
    4.9599  2  1   29.6861   19.2241   14.4933    8.0013    3.1940    0.8640    0.4879    0.0028    5.5600    4.7027  0.1077E-01  0.8612E+03 -0.3843E-04  0.2165E-05  0.1000E-09  0.1000E-09  0.1028E-07  0.1000E-09  0.7683E+04  0.0000E+00
    4.9605  2  1   29.6652   19.2252   14.4933    8.0013    3.1939    0.8640    0.4877    0.0028    5.5599    4.7027  0.1069E-01  0.8613E+03 -0.3926E-04  0.2215E-05  0.1000E-09  0.1000E-09  0.1029E-07  0.1000E-09  0.7685E+04  0.0000E+00
    4.9610  2  1   29.6439   19.2264   14.4933    8.0013    3.1939    0.8640    0.4877    0.0028    5.5599    4.7027  0.1061E-01  0.8615E+03 -0.3991E-04  0.2255E-05  0.1000E-09  0.1000E-09  0.1031E-07  0.1000E-09  0.7687E+04  0.0000E+00
    4.9615  2  1   29.6222   19.2277   14.4933    8.0041    3.1941    0.8641    0.4878    0.0028    5.5601    4.7031  0.1052E-01  0.8616E+03 -0.4075E-04  0.2306E-05  0.1000E-09  0.1000E-09  0.1033E-07  0.1000E-09  0.7689E+04  0.0000E+00
    4.9621  2  1   29.6001   19.2289   14.4933    8.0041    3.1941    0.8641    0.4877    0.0028    5.5601    4.7031  0.1043E-01  0.8617E+03 -0.4165E-04  0.2361E-05  0.1000E-09  0.1000E-09  0.1034E-07  0.1000E-09  0.7692E+04  0.0000E+00
    4.9626  2  1   29.5774   19.2302   14.4933    8.0041    3.1940    0.8641    0.4876    0.0028    5.5601    4.7031  0.1034E-01  0.8619E+03 -0.4257E-04  0.2418E-05  0.1000E-09  0.1000E-09  0.1036E-07  0.1000E-09  0.7694E+04  0.0000E+00
    4.9631  2  1   29.5542   19.2315   14.4933    8.0057    3.1939    0.8642    0.4874    0.0028    5.5599    4.7033  0.1026E-01  0.8620E+03 -0.4354E-04  0.2477E-05  0.1000E-09  0.1000E-09  0.1037E-07  0.1000E-09  0.7696E+04  0.0000E+00
    4.9637  2  1   29.5305   19.2329   14.4933    8.0057    3.1939    0.8642    0.4873    0.0028    5.5598    4.7033  0.1017E-01  0.8622E+03 -0.4447E-04  0.2533E-05  0.1000E-09  0.1000E-09  0.1038E-07  0.1000E-09  0.7699E+04  0.0000E+00
    4.9642  2  1   29.5063   19.2343   14.4933    8.0057    3.1937    0.8643    0.4871    0.0028    5.5594    4.7034  0.1009E-01  0.8624E+03 -0.4546E-04  0.2594E-05  0.1000E-09  0.1000E-09  0.1040E-07  0.1000E-09  0.7701E+04  0.0000E+00
    4.9647  2  1   29.4816   19.2357   14.4933    8.0081    3.1936    0.8643    0.4869    0.0028    5.5592    4.7036  0.1000E-01  0.8625E+03 -0.4649E-04  0.2656E-05  0.1000E-09  0.1000E-09  0.1041E-07  0.1000E-09  0.7704E+04  0.0000E+00
    4.9652  2  1   29.4563   19.2371   14.4933    8.0081    3.1934    0.8644    0.4866    0.0028    5.5588    4.7037  0.9914E-02  0.8627E+03 -0.4745E-04  0.2714E-05  0.1000E-09  0.1000E-09  0.1042E-07  0.1000E-09  0.7706E+04  0.0000E+00
    4.9658  2  1   29.4305   19.2386   14.4933    8.0081    3.1933    0.8644    0.4864    0.0028    5.5585    4.7037  0.9826E-02  0.8629E+03 -0.4848E-04  0.2777E-05  0.1000E-09  0.1000E-09  0.1044E-07  0.1000E-09  0.7709E+04  0.0000E+00
    4.9663  2  1   29.4041   19.2401   14.4933    8.0107    3.1929    0.8645    0.4859    0.0028    5.5578    4.7040  0.9745E-02  0.8630E+03 -0.4955E-04  0.2841E-05  0.1000E-09  0.1000E-09  0.1045E-07  0.1000E-09  0.7712E+04  0.0000E+00
    4.9668  2  1   29.3771   19.2417   14.4933    8.0107    3.1923    0.8645    0.4852    0.0028    5.5566    4.7040  0.9672E-02  0.8632E+03 -0.5059E-04  0.2903E-05  0.1000E-09  0.1000E-09  0.1045E-07  0.1000E-09  0.7715E+04  0.0000E+00
    4.9674  2  1   29.3497   19.2432   14.4933    8.0107    3.1913    0.8645    0.4840    0.0028    5.5546    4.7040  0.9617E-02  0.8634E+03 -0.5160E-04  0.2962E-05  0.1000E-09  0.1000E-09  0.1045E-07  0.1000E-09  0.7717E+04  0.0000E+00
    4.9679  2  1   29.3216   19.2448   14.4933    8.0134    3.1900    0.8646    0.4825    0.0028    5.5520    4.7044  0.9570E-02  0.8635E+03 -0.5272E-04  0.3023E-05  0.1000E-09  0.1000E-09  0.1044E-07  0.1000E-09  0.7720E+04  0.0000E+00
    4.9684  2  1   29.2928   19.2465   14.4933    8.0134    3.1891    0.8646    0.4814    0.0028    5.5502    4.7044  0.9506E-02  0.8637E+03 -0.5412E-04  0.3099E-05  0.1000E-09  0.1000E-09  0.1044E-07  0.1000E-09  0.7723E+04  0.0000E+00
    4.9690  2  1   29.2630   19.2482   14.4933    8.0134    3.1889    0.8647    0.4810    0.0028    5.5498    4.7044  0.9408E-02  0.8639E+03 -0.5592E-04  0.3201E-05  0.1000E-09  0.1000E-09  0.1045E-07  0.1000E-09  0.7726E+04  0.0000E+00
    4.9695  2  1   29.2320   19.2500   14.4933    8.0164    3.1892    0.8648    0.4813    0.0028    5.5503    4.7048  0.9285E-02  0.8640E+03 -0.5824E-04  0.3339E-05  0.1000E-09  0.1000E-09  0.1048E-07  0.1000E-09  0.7729E+04  0.0000E+00
    4.9700  2  1   29.1997   19.2518   14.4933    8.0164    3.1905    0.8648    0.4827    0.0028    5.5530    4.7048  0.9114E-02  0.8642E+03 -0.6063E-04  0.3487E-05  0.1000E-09  0.1000E-09  0.1054E-07  0.1000E-09  0.7733E+04  0.0000E+00
    4.9700  4  1   29.1997   19.2518   14.4933    8.0164    3.1905    0.8648    0.4827    0.0028    5.5530    4.7048  0.9114E-02  0.8642E+03  0.1681E-11 -0.6886E-07  0.1000E-09  0.1000E-09  0.1054E-07  0.1000E-09  0.7733E+04  0.0000E+00
    4.9749  4  1   28.9077   19.2687   14.4933    8.0262    3.1928    0.8652    0.4845    0.0027    5.5576    4.7061  0.7984E-02  0.8658E+03 -0.5979E-04  0.3455E-05  0.1000E-09  0.1000E-09  0.1081E-07  0.1000E-09  0.7763E+04  0.0000E+00
    4.9796  4  1   28.6186   19.2858   14.4933    8.0346    3.1929    0.8657    0.4839    0.0027    5.5579    4.7072  0.7054E-02  0.8670E+03 -0.6157E-04  0.3632E-05  0.1000E-09  0.1000E-09  0.1103E-07  0.1000E-09  0.7794E+04  0.0000E+00
    4.9845  4  1   28.3584   19.3013   14.4933    8.0433    3.1929    0.8661    0.4832    0.0027    5.5579    4.7084  0.6305E-02  0.8676E+03 -0.5280E-04  0.3149E-05  0.1000E-09  0.1000E-09  0.1124E-07  0.1000E-09  0.7821E+04  0.0000E+00
    4.9895  4  1   28.1600   19.3132   14.4933    8.0499    3.1929    0.8665    0.4827    0.0027    5.5579    4.7094  0.5787E-02  0.8675E+03 -0.4025E-04  0.2414E-05  0.1000E-09  0.1000E-09  0.1140E-07  0.1000E-09  0.7842E+04  0.0000E+00
    4.9944  4  1   28.0323   19.3208   14.4933    8.0541    3.1929    0.8668    0.4823    0.0027    5.5578    4.7101  0.5479E-02  0.8670E+03 -0.2592E-04  0.1544E-05  0.1000E-09  0.1000E-09  0.1151E-07  0.1000E-09  0.7856E+04  0.0000E+00
    4.9993  4  1   27.9555   19.3252   14.4933    8.0566    3.1929    0.8671    0.4821    0.0027    5.5578    4.7105  0.5303E-02  0.8662E+03 -0.1558E-04  0.9051E-06  0.1000E-09  0.1000E-09  0.1157E-07  0.1000E-09  0.7864E+04  0.0000E+00
    5.0043  4  1   27.9042   19.3281   14.4933    8.0566    3.1929    0.8673    0.4820    0.0027    5.5578    4.7108  0.5189E-02  0.8654E+03 -0.1041E-04  0.5834E-06  0.1000E-09  0.1000E-09  0.1162E-07  0.1000E-09  0.7869E+04  0.0000E+00
    5.0092  4  1   27.8714   19.3298   14.4933    8.0610    3.1929    0.8676    0.4819    0.0027    5.5578    4.7115  0.5118E-02  0.8644E+03 -0.6649E-05  0.3479E-06  0.1000E-09  0.1000E-09  0.1165E-07  0.1000E-09  0.7873E+04  0.0000E+00
    5.0141  4  1   27.8513   19.3307   14.4933    8.0610    3.1929    0.8679    0.4818    0.0027    5.5577    4.7117  0.5076E-02  0.8635E+03 -0.4085E-05  0.1864E-06  0.1000E-09  0.1000E-09  0.1166E-07  0.1000E-09  0.7875E+04  0.0000E+00
    5.0190  4  1   27.8374   19.3313   14.4933    8.0610    3.1928    0.8681    0.4818    0.0027    5.5577    4.7119  0.5047E-02  0.8625E+03 -0.2817E-05  0.1064E-06  0.1000E-09  0.1000E-09  0.1167E-07  0.1000E-09  0.7877E+04  0.0000E+00
    5.0240  4  1   27.8254   19.3317   14.4933    8.0610    3.1928    0.8683    0.4817    0.0027    5.5577    4.7121  0.5022E-02  0.8615E+03 -0.2436E-05  0.8242E-07  0.1000E-09  0.1000E-09  0.1168E-07  0.1000E-09  0.7878E+04  0.0000E+00
    5.0289  4  1   27.8144   19.3320   14.4933    8.0610    3.1928    0.8685    0.4817    0.0027    5.5576    4.7123  0.5000E-02  0.8605E+03 -0.2231E-05  0.6949E-07  0.1000E-09  0.1000E-09  0.1169E-07  0.1000E-09  0.7879E+04  0.0000E+00
    5.0338  4  1   27.8041   19.3323   14.4933    8.0647    3.1928    0.8688    0.4816    0.0027    5.5576    4.7130  0.4979E-02  0.8595E+03 -0.2084E-05  0.6029E-07  0.1000E-09  0.1000E-09  0.1170E-07  0.1000E-09  0.7880E+04  0.0000E+00
    5.0388  4  1   27.7945   19.3326   14.4933    8.0647    3.1928    0.8690    0.4816    0.0027    5.5576    4.7132  0.4960E-02  0.8585E+03 -0.1957E-05  0.5191E-07  0.1000E-09  0.1000E-09  0.1171E-07  0.1000E-09  0.7881E+04  0.0000E+00
    5.0437  4  1   27.7854   19.3328   14.4933    8.0647    3.1928    0.8693    0.4815    0.0027    5.5575    4.7134  0.4942E-02  0.8575E+03 -0.1856E-05  0.4512E-07  0.1000E-09  0.1000E-09  0.1172E-07  0.1000E-09  0.7882E+04  0.0000E+00
    5.0486  4  1   27.7766   19.3330   14.4933    8.0647    3.1927    0.8695    0.4815    0.0027    5.5575    4.7136  0.4924E-02  0.8565E+03 -0.1784E-05  0.4022E-07  0.1000E-09  0.1000E-09  0.1172E-07  0.1000E-09  0.7883E+04  0.0000E+00
    5.0535  4  1   27.7681   19.3332   14.4933    8.0647    3.1927    0.8697    0.4814    0.0027    5.5574    4.7138  0.4908E-02  0.8555E+03 -0.1720E-05  0.3579E-07  0.1000E-09  0.1000E-09  0.1173E-07  0.1000E-09  0.7884E+04  0.0000E+00
    5.0585  4  1   27.7600   19.3333   14.4933    8.0647    3.1927    0.8699    0.4814    0.0027    5.5574    4.7140  0.4892E-02  0.8545E+03 -0.1649E-05  0.3122E-07  0.1000E-09  0.1000E-09  0.1174E-07  0.1000E-09  0.7885E+04  0.0000E+00
    5.0634  4  1   27.7521   19.3335   14.4933    8.0647    3.1927    0.8701    0.4813    0.0027    5.5574    4.7143  0.4877E-02  0.8535E+03 -0.1586E-05  0.2725E-07  0.1000E-09  0.1000E-09  0.1174E-07  0.1000E-09  0.7886E+04  0.0000E+00
    5.0683  4  1   27.7446   19.3336   14.4933    8.0647    3.1927    0.8704    0.4813    0.0027    5.5573    4.7145  0.4862E-02  0.8525E+03 -0.1536E-05  0.2411E-07  0.1000E-09  0.1000E-09  0.1175E-07  0.1000E-09  0.7887E+04  0.0000E+00
    5.0733  4  1   27.7373   19.3337   14.4933    8.0676    3.1926    0.8707    0.4812    0.0027    5.5573    4.7150  0.4848E-02  0.8514E+03 -0.1482E-05  0.2073E-07  0.1000E-09  0.1000E-09  0.1176E-07  0.1000E-09  0.7888E+04  0.0000E+00
    5.0782  4  1   27.7302   19.3338   14.4933    8.0676    3.1926    0.8709    0.4812    0.0027    5.5572    4.7152  0.4835E-02  0.8504E+03 -0.1437E-05  0.1780E-07  0.1000E-09  0.1000E-09  0.1176E-07  0.1000E-09  0.7889E+04  0.0000E+00
    5.0831  4  1   27.7233   19.3338   14.4933    8.0676    3.1926    0.8711    0.4811    0.0027    5.5572    4.7155  0.4822E-02  0.8494E+03 -0.1395E-05  0.1512E-07  0.1000E-09  0.1000E-09  0.1177E-07  0.1000E-09  0.7889E+04  0.0000E+00
    5.0880  4  1   27.7167   19.3339   14.4933    8.0676    3.1926    0.8713    0.4811    0.0027    5.5571    4.7157  0.4809E-02  0.8484E+03 -0.1349E-05  0.1221E-07  0.1000E-09  0.1000E-09  0.1177E-07  0.1000E-09  0.7890E+04  0.0000E+00
    5.0930  4  1   27.7102   19.3340   14.4933    8.0676    3.1925    0.8716    0.4810    0.0027    5.5571    4.7159  0.4797E-02  0.8474E+03 -0.1314E-05  0.9921E-08  0.1000E-09  0.1000E-09  0.1178E-07  0.1000E-09  0.7891E+04  0.0000E+00
    5.0979  4  1   27.7038   19.3340   14.4933    8.0676    3.1925    0.8718    0.4810    0.0027    5.5570    4.7161  0.4785E-02  0.8464E+03 -0.1291E-05  0.8429E-08  0.1000E-09  0.1000E-09  0.1178E-07  0.1000E-09  0.7892E+04  0.0000E+00
    5.1028  4  1   27.6976   19.3340   14.4933    8.0676    3.1925    0.8720    0.4810    0.0027    5.5570    4.7163  0.4774E-02  0.8454E+03 -0.1253E-05  0.5878E-08  0.1000E-09  0.1000E-09  0.1179E-07  0.1000E-09  0.7892E+04  0.0000E+00
    5.1078  4  1   27.6918   19.3340   14.4933    8.0676    3.1925    0.8722    0.4809    0.0027    5.5570    4.7166  0.4763E-02  0.8443E+03 -0.1188E-05  0.1701E-08  0.1000E-09  0.1000E-09  0.1179E-07  0.1000E-09  0.7893E+04  0.0000E+00
    5.1127  4  1   27.6861   19.3340   14.4933    8.0676    3.1925    0.8725    0.4809    0.0027    5.5569    4.7168  0.4753E-02  0.8433E+03 -0.1156E-05 -0.3207E-09  0.1000E-09  0.1000E-09  0.1180E-07  0.1000E-09  0.7894E+04  0.0000E+00
    5.1176  4  1   27.6804   19.3340   14.4933    8.0676    3.1924    0.8727    0.4808    0.0027    5.5569    4.7170  0.4742E-02  0.8423E+03 -0.1156E-05 -0.2699E-09  0.1000E-09  0.1000E-09  0.1180E-07  0.1000E-09  0.7894E+04  0.0000E+00
    5.1225  4  1   27.6748   19.3340   14.4933    8.0677    3.1924    0.8729    0.4808    0.0027    5.5568    4.7172  0.4732E-02  0.8413E+03 -0.1130E-05 -0.1934E-08  0.1000E-09  0.1000E-09  0.1181E-07  0.1000E-09  0.7895E+04  0.0000E+00
    5.1275  4  1   27.6696   19.3340   14.4933    8.0677    3.1924    0.8731    0.4807    0.0027    5.5568    4.7175  0.4723E-02  0.8403E+03 -0.1064E-05 -0.6135E-08  0.1000E-09  0.1000E-09  0.1181E-07  0.1000E-09  0.7896E+04  0.0000E+00
    5.1324  4  1   27.6645   19.3339   14.4933    8.0677    3.1924    0.8734    0.4807    0.0027    5.5567    4.7177  0.4714E-02  0.8393E+03 -0.1027E-05 -0.8497E-08  0.1000E-09  0.1000E-09  0.1181E-07  0.1000E-09  0.7896E+04  0.0000E+00
    5.1373  4  1   27.6595   19.3339   14.4933    8.0677    3.1923    0.8736    0.4806    0.0027    5.5567    4.7179  0.4705E-02  0.8383E+03 -0.1020E-05 -0.8937E-08  0.1000E-09  0.1000E-09  0.1182E-07  0.1000E-09  0.7897E+04  0.0000E+00
    5.1423  4  1   27.6546   19.3338   14.4933    8.0677    3.1923    0.8738    0.4806    0.0027    5.5566    4.7181  0.4696E-02  0.8373E+03 -0.9864E-06 -0.1098E-07  0.1000E-09  0.1000E-09  0.1182E-07  0.1000E-09  0.7897E+04  0.0000E+00
    5.1472  4  1   27.6500   19.3338   14.4933    8.0677    3.1923    0.8740    0.4806    0.0027    5.5566    4.7183  0.4688E-02  0.8363E+03 -0.9343E-06 -0.1421E-07  0.1000E-09  0.1000E-09  0.1182E-07  0.1000E-09  0.7898E+04  0.0000E+00
    5.1521  4  1   27.6455   19.3337   14.4933    8.0677    3.1923    0.8743    0.4805    0.0027    5.5565    4.7186  0.4680E-02  0.8352E+03 -0.9292E-06 -0.1445E-07  0.1000E-09  0.1000E-09  0.1183E-07  0.1000E-09  0.7898E+04  0.0000E+00
    5.1570  4  1   27.6411   19.3336   14.4933    8.0677    3.1922    0.8745    0.4805    0.0027    5.5565    4.7188  0.4673E-02  0.8342E+03 -0.8836E-06 -0.1726E-07  0.1000E-09  0.1000E-09  0.1183E-07  0.1000E-09  0.7899E+04  0.0000E+00
    5.1620  4  1   27.6369   19.3335   14.4933    8.0677    3.1922    0.8747    0.4804    0.0027    5.5564    4.7190  0.4665E-02  0.8332E+03 -0.8521E-06 -0.1925E-07  0.1000E-09  0.1000E-09  0.1183E-07  0.1000E-09  0.7899E+04  0.0000E+00
    5.1669  4  1   27.6327   19.3334   14.4933    8.0677    3.1922    0.8749    0.4804    0.0027    5.5564    4.7192  0.4658E-02  0.8322E+03 -0.8545E-06 -0.1910E-07  0.1000E-09  0.1000E-09  0.1184E-07  0.1000E-09  0.7900E+04  0.0000E+00
    5.1718  4  1   27.6287   19.3333   14.4933    8.0677    3.1922    0.8752    0.4804    0.0027    5.5563    4.7194  0.4651E-02  0.8312E+03 -0.8030E-06 -0.2237E-07  0.1000E-09  0.1000E-09  0.1184E-07  0.1000E-09  0.7900E+04  0.0000E+00
    5.1768  4  1   27.6249   19.3332   14.4933    8.0677    3.1921    0.8754    0.4803    0.0027    5.5563    4.7197  0.4645E-02  0.8302E+03 -0.7767E-06 -0.2404E-07  0.1000E-09  0.1000E-09  0.1184E-07  0.1000E-09  0.7901E+04  0.0000E+00
    5.1817  4  1   27.6211   19.3331   14.4933    8.0677    3.1921    0.8756    0.4803    0.0027    5.5562    4.7199  0.4639E-02  0.8292E+03 -0.7642E-06 -0.2483E-07  0.1000E-09  0.1000E-09  0.1185E-07  0.1000E-09  0.7901E+04  0.0000E+00
    5.1866  4  1   27.6176   19.3329   14.4933    8.0677    3.1921    0.8759    0.4802    0.0027    5.5562    4.7201  0.4633E-02  0.8282E+03 -0.7276E-06 -0.2717E-07  0.1000E-09  0.1000E-09  0.1185E-07  0.1000E-09  0.7902E+04  0.0000E+00
    5.1915  4  1   27.6140   19.3328   14.4933    8.0713    3.1921    0.8762    0.4802    0.0027    5.5561    4.7207  0.4627E-02  0.8271E+03 -0.7139E-06 -0.2805E-07  0.1000E-09  0.1000E-09  0.1185E-07  0.1000E-09  0.7902E+04  0.0000E+00
    5.1965  4  1   27.6106   19.3327   14.4933    8.0713    3.1921    0.8764    0.4802    0.0027    5.5561    4.7210  0.4621E-02  0.8261E+03 -0.6912E-06 -0.2969E-07  0.1000E-09  0.1000E-09  0.1185E-07  0.1000E-09  0.7903E+04  0.0000E+00
    5.2014  4  1   27.6074   19.3325   14.4933    8.0713    3.1920    0.8766    0.4801    0.0027    5.5561    4.7212  0.4616E-02  0.8251E+03 -0.6597E-06 -0.3179E-07  0.1000E-09  0.1000E-09  0.1186E-07  0.1000E-09  0.7903E+04  0.0000E+00
    5.2063  4  1   27.6042   19.3323   14.4933    8.0713    3.1920    0.8769    0.4801    0.0027    5.5560    4.7214  0.4611E-02  0.8241E+03 -0.6385E-06 -0.3324E-07  0.1000E-09  0.1000E-09  0.1186E-07  0.1000E-09  0.7903E+04  0.0000E+00
    5.2113  4  1   27.6013   19.3322   14.4933    8.0713    3.1920    0.8771    0.4800    0.0027    5.5559    4.7216  0.4606E-02  0.8230E+03 -0.5975E-06 -0.3594E-07  0.1000E-09  0.1000E-09  0.1186E-07  0.1000E-09  0.7904E+04  0.0000E+00
    5.2162  4  1   27.5985   19.3320   14.4933    8.0713    3.1919    0.8773    0.4800    0.0027    5.5559    4.7218  0.4602E-02  0.8220E+03 -0.5640E-06 -0.3808E-07  0.1000E-09  0.1000E-09  0.1186E-07  0.1000E-09  0.7904E+04  0.0000E+00
    5.2211  4  1   27.5958   19.3318   14.4933    8.0713    3.1919    0.8776    0.4799    0.0027    5.5558    4.7221  0.4598E-02  0.8210E+03 -0.5555E-06 -0.3862E-07  0.1000E-09  0.1000E-09  0.1186E-07  0.1000E-09  0.7904E+04  0.0000E+00
    5.2260  4  1   27.5931   19.3316   14.4933    8.0713    3.1919    0.8778    0.4799    0.0027    5.5558    4.7223  0.4594E-02  0.8200E+03 -0.5511E-06 -0.3890E-07  0.1000E-09  0.1000E-09  0.1187E-07  0.1000E-09  0.7905E+04  0.0000E+00
    5.2310  4  1   27.5907   19.3314   14.4933    8.0713    3.1919    0.8780    0.4798    0.0027    5.5557    4.7225  0.4591E-02  0.8190E+03 -0.4857E-06 -0.4307E-07  0.1000E-09  0.1000E-09  0.1187E-07  0.1000E-09  0.7905E+04  0.0000E+00
    5.2359  4  1   27.5884   19.3312   14.4933    8.0713    3.1918    0.8782    0.4798    0.0027    5.5556    4.7227  0.4588E-02  0.8180E+03 -0.4604E-06 -0.4468E-07  0.1000E-09  0.1000E-09  0.1187E-07  0.1000E-09  0.7905E+04  0.0000E+00
    5.2408  4  1   27.5861   19.3309   14.4933    8.0713    3.1918    0.8785    0.4797    0.0027    5.5555    4.7229  0.4585E-02  0.8170E+03 -0.4550E-06 -0.4503E-07  0.1000E-09  0.1000E-09  0.1187E-07  0.1000E-09  0.7906E+04  0.0000E+00
    5.2457  4  1   27.5841   19.3307   14.4933    8.0713    3.1917    0.8787    0.4797    0.0027    5.5555    4.7232  0.4582E-02  0.8160E+03 -0.4203E-06 -0.4746E-07  0.1000E-09  0.1000E-09  0.1187E-07  0.1000E-09  0.7906E+04  0.0000E+00
    5.2507  4  1   27.5823   19.3305   14.4933    8.0713    3.1917    0.8789    0.4796    0.0027    5.5554    4.7234  0.4580E-02  0.8149E+03 -0.3655E-06 -0.5133E-07  0.1000E-09  0.1000E-09  0.1187E-07  0.1000E-09  0.7906E+04  0.0000E+00
    5.2556  4  1   27.5807   19.3302   14.4933    8.0713    3.1917    0.8792    0.4796    0.0027    5.5553    4.7236  0.4579E-02  0.8139E+03 -0.3135E-06 -0.5503E-07  0.1000E-09  0.1000E-09  0.1187E-07  0.1000E-09  0.7906E+04  0.0000E+00
    5.2605  4  1   27.5792   19.3299   14.4933    8.0713    3.1916    0.8794    0.4795    0.0027    5.5552    4.7238  0.4577E-02  0.8129E+03 -0.3200E-06 -0.5498E-07  0.1000E-09  0.1000E-09  0.1187E-07  0.1000E-09  0.7907E+04  0.0000E+00
    5.2655  4  1   27.5777   19.3296   14.4933    8.0713    3.1916    0.8796    0.4795    0.0027    5.5551    4.7241  0.4576E-02  0.8119E+03 -0.2885E-06 -0.5712E-07  0.1000E-09  0.1000E-09  0.1187E-07  0.1000E-09  0.7907E+04  0.0000E+00
    5.2704  4  1   27.5766   19.3293   14.4933    8.0713    3.1915    0.8799    0.4794    0.0028    5.5551    4.7243  0.4575E-02  0.8108E+03 -0.2392E-06 -0.6027E-07  0.1000E-09  0.1000E-09  0.1187E-07  0.1000E-09  0.7907E+04  0.0000E+00
    5.2753  4  1   27.5756   19.3290   14.4933    8.0713    3.1915    0.8801    0.4793    0.0028    5.5549    4.7245  0.4575E-02  0.8098E+03 -0.1913E-06 -0.6332E-07  0.1000E-09  0.1000E-09  0.1187E-07  0.1000E-09  0.7907E+04  0.0000E+00
    5.2802  4  1   27.5748   19.3287   14.4933    8.0713    3.1914    0.8803    0.4793    0.0028    5.5549    4.7247  0.4575E-02  0.8088E+03 -0.1624E-06 -0.6516E-07  0.1000E-09  0.1000E-09  0.1187E-07  0.1000E-09  0.7907E+04  0.0000E+00
    5.2852  4  1   27.5743   19.3284   14.4933    8.0713    3.1914    0.8806    0.4792    0.0028    5.5548    4.7250  0.4576E-02  0.8077E+03 -0.1128E-06 -0.6833E-07  0.1000E-09  0.1000E-09  0.1187E-07  0.1000E-09  0.7908E+04  0.0000E+00
    5.2901  4  1   27.5738   19.3280   14.4933    8.0713    3.1913    0.8808    0.4792    0.0028    5.5547    4.7252  0.4576E-02  0.8067E+03 -0.8281E-07 -0.7024E-07  0.1000E-09  0.1000E-09  0.1187E-07  0.1000E-09  0.7908E+04  0.0000E+00
    5.2950  4  1   27.5735   19.3277   14.4933    8.0713    3.1913    0.8810    0.4791    0.0028    5.5546    4.7254  0.4577E-02  0.8057E+03 -0.7514E-07 -0.7071E-07  0.1000E-09  0.1000E-09  0.1187E-07  0.1000E-09  0.7908E+04  0.0000E+00
    5.3000  4  1   27.5734   19.3273   14.4933    8.0713    3.1913    0.8813    0.4791    0.0028    5.5546    4.7256  0.4578E-02  0.8047E+03 -0.1511E-07 -0.7444E-07  0.1000E-09  0.1000E-09  0.1187E-07  0.1000E-09  0.7908E+04  0.0000E+00
    5.3049  4  1   27.5734   19.3269   14.4933    8.0713    3.1912    0.8815    0.4790    0.0028    5.5545    4.7258  0.4580E-02  0.8036E+03  0.1679E-11 -0.7532E-07  0.1000E-09  0.1000E-09  0.1187E-07  0.1000E-09  0.7908E+04  0.0000E+00
    5.3098  4  1   27.5734   19.3266   14.4933    8.0713    3.1912    0.8818    0.4790    0.0028    5.5544    4.7261  0.4581E-02  0.8026E+03  0.1679E-11 -0.7523E-07  0.1000E-09  0.1000E-09  0.1186E-07  0.1000E-09  0.7908E+04  0.0000E+00
    5.3147  4  1   27.5734   19.3262   14.4933    8.0713    3.1912    0.8820    0.4790    0.0028    5.5544    4.7263  0.4582E-02  0.8016E+03  0.1679E-11 -0.7516E-07  0.1000E-09  0.1000E-09  0.1186E-07  0.1000E-09  0.7908E+04  0.0000E+00
    5.3197  4  1   27.5734   19.3258   14.4933    8.0713    3.1912    0.8822    0.4790    0.0028    5.5544    4.7265  0.4583E-02  0.8006E+03  0.1681E-11 -0.7516E-07  0.1000E-09  0.1000E-09  0.1186E-07  0.1000E-09  0.7908E+04  0.0000E+00
    5.3246  4  1   27.5734   19.3254   14.4933    8.0713    3.1912    0.8825    0.4789    0.0028    5.5543    4.7267  0.4584E-02  0.7995E+03  0.1683E-11 -0.7516E-07  0.1000E-09  0.1000E-09  0.1186E-07  0.1000E-09  0.7908E+04  0.0000E+00
    5.3295  4  1   27.5734   19.3251   14.4933    8.0713    3.1912    0.8827    0.4789    0.0028    5.5543    4.7270  0.4585E-02  0.7985E+03  0.1685E-11 -0.7516E-07  0.1000E-09  0.1000E-09  0.1186E-07  0.1000E-09  0.7908E+04  0.0000E+00
    5.3345  4  1   27.5734   19.3247   14.4933    8.0713    3.1912    0.8829    0.4789    0.0028    5.5543    4.7272  0.4585E-02  0.7975E+03  0.1687E-11 -0.7516E-07  0.1000E-09  0.1000E-09  0.1186E-07  0.1000E-09  0.7908E+04  0.0000E+00
    5.3394  4  1   27.5734   19.3243   14.4933    8.0713    3.1912    0.8832    0.4789    0.0028    5.5543    4.7274  0.4586E-02  0.7965E+03  0.1689E-11 -0.7516E-07  0.1000E-09  0.1000E-09  0.1186E-07  0.1000E-09  0.7908E+04  0.0000E+00
    5.3443  4  1   27.5734   19.3240   14.4933    8.0713    3.1912    0.8834    0.4789    0.0028    5.5543    4.7276  0.4587E-02  0.7955E+03  0.1691E-11 -0.7516E-07  0.1000E-09  0.1000E-09  0.1186E-07  0.1000E-09  0.7908E+04  0.0000E+00
    5.3492  4  1   27.5734   19.3236   14.4933    8.0713    3.1912    0.8837    0.4789    0.0028    5.5544    4.7279  0.4587E-02  0.7944E+03  0.1703E-11 -0.7564E-07  0.1000E-09  0.1000E-09  0.1186E-07  0.1000E-09  0.7908E+04  0.0000E+00
    5.3542  4  1   27.5734   19.3232   14.4933    8.0713    3.1912    0.8839    0.4789    0.0028    5.5544    4.7281  0.4588E-02  0.7934E+03  0.1724E-11 -0.7646E-07  0.1000E-09  0.1000E-09  0.1186E-07  0.1000E-09  0.7908E+04  0.0000E+00
    5.3591  4  1   27.5734   19.3228   14.4933    8.0713    3.1912    0.8841    0.4789    0.0028    5.5544    4.7283  0.4588E-02  0.7923E+03  0.1744E-11 -0.7728E-07  0.1000E-09  0.1000E-09  0.1186E-07  0.1000E-09  0.7909E+04  0.0000E+00
    5.3640  4  1   27.5734   19.3225   14.4933    8.0713    3.1912    0.8844    0.4789    0.0028    5.5544    4.7285  0.4589E-02  0.7913E+03  0.1765E-11 -0.7810E-07  0.1000E-09  0.1000E-09  0.1186E-07  0.1000E-09  0.7909E+04  0.0000E+00
    5.3690  4  1   27.5734   19.3221   14.4933    8.0713    3.1912    0.8846    0.4789    0.0028    5.5544    4.7288  0.4589E-02  0.7903E+03  0.1773E-11 -0.7839E-07  0.1000E-09  0.1000E-09  0.1186E-07  0.1000E-09  0.7909E+04  0.0000E+00
    5.3739  4  1   27.5734   19.3217   14.4933    8.0713    3.1912    0.8849    0.4789    0.0028    5.5544    4.7290  0.4590E-02  0.7892E+03  0.1775E-11 -0.7839E-07  0.1000E-09  0.1000E-09  0.1186E-07  0.1000E-09  0.7909E+04  0.0000E+00
    5.3788  4  1   27.5734   19.3213   14.4933    8.0713    3.1912    0.8851    0.4789    0.0028    5.5545    4.7292  0.4590E-02  0.7882E+03  0.1777E-11 -0.7839E-07  0.1000E-09  0.1000E-09  0.1186E-07  0.1000E-09  0.7909E+04  0.0000E+00
    5.3837  4  1   27.5734   19.3209   14.4933    8.0713    3.1912    0.8854    0.4789    0.0028    5.5545    4.7294  0.4591E-02  0.7871E+03  0.1779E-11 -0.7839E-07  0.1000E-09  0.1000E-09  0.1187E-07  0.1000E-09  0.7909E+04  0.0000E+00
    5.3887  4  1   27.5734   19.3205   14.4933    8.0713    3.1912    0.8856    0.4789    0.0028    5.5545    4.7297  0.4592E-02  0.7861E+03  0.1781E-11 -0.7839E-07  0.1000E-09  0.1000E-09  0.1187E-07  0.1000E-09  0.7909E+04  0.0000E+00
    5.3936  4  1   27.5734   19.3201   14.4933    8.0713    3.1912    0.8859    0.4789    0.0028    5.5545    4.7299  0.4592E-02  0.7850E+03  0.1783E-11 -0.7839E-07  0.1000E-09  0.1000E-09  0.1187E-07  0.1000E-09  0.7909E+04  0.0000E+00
    5.3985  4  1   27.5734   19.3197   14.4933    8.0713    3.1912    0.8861    0.4789    0.0028    5.5545    4.7301  0.4593E-02  0.7840E+03  0.1783E-11 -0.7827E-07  0.1000E-09  0.1000E-09  0.1187E-07  0.1000E-09  0.7909E+04  0.0000E+00
    5.4035  4  1   27.5734   19.3194   14.4933    8.0713    3.1912    0.8864    0.4789    0.0028    5.5545    4.7304  0.4594E-02  0.7830E+03  0.1776E-11 -0.7787E-07  0.1000E-09  0.1000E-09  0.1187E-07  0.1000E-09  0.7909E+04  0.0000E+00
    5.4084  4  1   27.5734   19.3190   14.4933    8.0713    3.1912    0.8866    0.4789    0.0028    5.5545    4.7306  0.4594E-02  0.7819E+03  0.1769E-11 -0.7747E-07  0.1000E-09  0.1000E-09  0.1187E-07  0.1000E-09  0.7909E+04  0.0000E+00
    5.4133  4  1   27.5734   19.3186   14.4933    8.0713    3.1912    0.8868    0.4789    0.0028    5.5545    4.7308  0.4595E-02  0.7809E+03  0.1761E-11 -0.7707E-07  0.1000E-09  0.1000E-09  0.1187E-07  0.1000E-09  0.7909E+04  0.0000E+00
    5.4182  4  1   27.5734   19.3182   14.4933    8.0713    3.1912    0.8871    0.4789    0.0028    5.5544    4.7310  0.4596E-02  0.7799E+03  0.1758E-11 -0.7681E-07  0.1000E-09  0.1000E-09  0.1186E-07  0.1000E-09  0.7909E+04  0.0000E+00
    5.4232  4  1   27.5734   19.3178   14.4933    8.0713    3.1912    0.8873    0.4789    0.0028    5.5544    4.7313  0.4597E-02  0.7788E+03  0.1760E-11 -0.7681E-07  0.1000E-09  0.1000E-09  0.1186E-07  0.1000E-09  0.7909E+04  0.0000E+00
    5.4281  4  1   27.5734   19.3175   14.4933    8.0713    3.1912    0.8876    0.4788    0.0028    5.5544    4.7315  0.4598E-02  0.7778E+03  0.1762E-11 -0.7681E-07  0.1000E-09  0.1000E-09  0.1186E-07  0.1000E-09  0.7909E+04  0.0000E+00
    5.4330  4  1   27.5734   19.3171   14.4933    8.0713    3.1912    0.8878    0.4788    0.0028    5.5543    4.7317  0.4600E-02  0.7768E+03  0.1764E-11 -0.7681E-07  0.1000E-09  0.1000E-09  0.1186E-07  0.1000E-09  0.7910E+04  0.0000E+00
    5.4380  4  1   27.5734   19.3167   14.4933    8.0713    3.1911    0.8881    0.4788    0.0028    5.5543    4.7319  0.4601E-02  0.7757E+03  0.1766E-11 -0.7681E-07  0.1000E-09  0.1000E-09  0.1186E-07  0.1000E-09  0.7910E+04  0.0000E+00
    5.4429  4  1   27.5734   19.3163   14.4933    8.0713    3.1911    0.8883    0.4787    0.0028    5.5542    4.7322  0.4602E-02  0.7747E+03  0.1768E-11 -0.7681E-07  0.1000E-09  0.1000E-09  0.1186E-07  0.1000E-09  0.7910E+04  0.0000E+00
    5.4478  4  1   27.5734   19.3160   14.4933    8.0713    3.1911    0.8886    0.4787    0.0028    5.5541    4.7324  0.4604E-02  0.7737E+03  0.1770E-11 -0.7681E-07  0.1000E-09  0.1000E-09  0.1186E-07  0.1000E-09  0.7910E+04  0.0000E+00
    5.4527  4  1   27.5734   19.3156   14.4933    8.0713    3.1910    0.8888    0.4786    0.0028    5.5540    4.7326  0.4605E-02  0.7727E+03  0.1779E-11 -0.7714E-07  0.1000E-09  0.1000E-09  0.1186E-07  0.1000E-09  0.7910E+04  0.0000E+00
    5.4577  4  1   27.5734   19.3152   14.4933    8.0713    3.1910    0.8891    0.4786    0.0028    5.5540    4.7328  0.4606E-02  0.7716E+03  0.1790E-11 -0.7751E-07  0.1000E-09  0.1000E-09  0.1186E-07  0.1000E-09  0.7910E+04  0.0000E+00
    5.4626  4  1   27.5734   19.3148   14.4933    8.0713    3.1910    0.8893    0.4786    0.0028    5.5540    4.7331  0.4608E-02  0.7706E+03  0.1801E-11 -0.7788E-07  0.1000E-09  0.1000E-09  0.1186E-07  0.1000E-09  0.7910E+04  0.0000E+00
    5.4629 14  1   24.7112   19.3222   24.7112    8.0755   -3.9797    0.8894    0.0000    0.0026  -10.0000    4.7336  0.2000E+09  0.7707E+03 -0.4202E-03  0.2663E-04  0.1000E-09  0.1000E-09  0.1000E-09  0.1000E-09  0.8444E+04  0.6235E-01
    5.4726 14  1   24.7112   19.3214   24.7112    8.0755   -3.9797    0.8899    0.0000    0.0026  -10.0000    4.7340  0.2000E+09  0.7687E+03  0.1283E-11 -0.7835E-07  0.1000E-09  0.1000E-09  0.1000E-09  0.1000E-09  0.8445E+04  0.6235E-01
    5.4823 14  1   24.7112   19.3207   24.7112    8.0755   -3.9797    0.8904    0.0000    0.0026  -10.0000    4.7345  0.2000E+09  0.7666E+03  0.1287E-11 -0.7841E-07  0.1000E-09  0.1000E-09  0.1000E-09  0.1000E-09  0.8445E+04  0.6235E-01
    5.4920 14  1   24.7112   19.3199   24.7112    8.0755   -3.9797    0.8909    0.0000    0.0026  -10.0000    4.7349  0.2000E+09  0.7646E+03  0.1289E-11 -0.7841E-07  0.1000E-09  0.1000E-09  0.1000E-09  0.1000E-09  0.8445E+04  0.6235E-01
    5.5017 14  1   24.7112   19.3191   24.7112    8.0755   -3.9797    0.8914    0.0000    0.0026  -10.0000    4.7354  0.2000E+09  0.7625E+03  0.1292E-11 -0.7841E-07  0.1000E-09  0.1000E-09  0.1000E-09  0.1000E-09  0.8445E+04  0.6235E-01
    5.5115 14  1   24.7112   19.3184   24.7112    8.0755   -3.9797    0.8919    0.0000    0.0026  -10.0000    4.7358  0.2000E+09  0.7605E+03  0.1292E-11 -0.7823E-07  0.1000E-09  0.1000E-09  0.1000E-09  0.1000E-09  0.8445E+04  0.6235E-01
    5.5212 14  1   24.7112   19.3176   24.7112    8.0755   -3.9797    0.8924    0.0000    0.0026  -10.0000    4.7363  0.2000E+09  0.7585E+03  0.1291E-11 -0.7796E-07  0.1000E-09  0.1000E-09  0.1000E-09  0.1000E-09  0.8445E+04  0.6235E-01
    5.5309 14  1   24.7112   19.3169   24.7112    8.0755   -3.9797    0.8929    0.0000    0.0026  -10.0000    4.7367  0.2000E+09  0.7564E+03  0.1292E-11 -0.7787E-07  0.1000E-09  0.1000E-09  0.1000E-09  0.1000E-09  0.8445E+04  0.6235E-01
    5.5406 14  1   24.7112   19.3161   24.7112    8.0755   -3.9797    0.8934    0.0000    0.0026  -10.0000    4.7372  0.2001E+09  0.7544E+03  0.1296E-11 -0.7787E-07  0.1000E-09  0.1000E-09  0.1000E-09  0.1000E-09  0.8446E+04  0.6235E-01
    5.5503 14  1   24.7112   19.3154   24.7112    8.0755   -3.9797    0.8939    0.0000    0.0026  -10.0000    4.7376  0.2001E+09  0.7524E+03  0.1299E-11 -0.7787E-07  0.1000E-09  0.1000E-09  0.1000E-09  0.1000E-09  0.8446E+04  0.6235E-01
    5.5600 14  1   24.7112   19.3146   24.7112    8.0755   -3.9797    0.8944    0.0000    0.0026  -10.0000    4.7381  0.2001E+09  0.7503E+03  0.1305E-11 -0.7808E-07  0.1000E-09  0.1000E-09  0.1000E-09  0.1000E-09  0.8446E+04  0.6235E-01
    5.5698 14  1   24.7112   19.3138   24.7112    8.0755   -3.9797    0.8949    0.0000    0.0026  -10.0000    4.7385  0.2001E+09  0.7483E+03  0.1320E-11 -0.7876E-07  0.1000E-09  0.1000E-09  0.1000E-09  0.1000E-09  0.8446E+04  0.6235E-01
    5.5795 14  1   24.7112   19.3131   24.7112    8.0755   -3.9797    0.8955    0.0000    0.0026  -10.0000    4.7390  0.2001E+09  0.7462E+03  0.1331E-11 -0.7923E-07  0.1000E-09  0.1000E-09  0.1000E-09  0.1000E-09  0.8446E+04  0.6235E-01
    5.5892 14  1   24.7112   19.3123   24.7112    8.0755   -3.9797    0.8960    0.0000    0.0026  -10.0000    4.7394  0.2001E+09  0.7442E+03  0.1334E-11 -0.7923E-07  0.1000E-09  0.1000E-09  0.1000E-09  0.1000E-09  0.8446E+04  0.6235E-01
    5.5989 14  1   24.7112   19.3115   24.7112    8.0755   -3.9797    0.8965    0.0000    0.0026  -10.0000    4.7399  0.2001E+09  0.7421E+03  0.1337E-11 -0.7923E-07  0.1000E-09  0.1000E-09  0.1000E-09  0.1000E-09  0.8446E+04  0.6235E-01
    5.6086 14  1   24.7112   19.3108   24.7112    8.0755   -3.9797    0.8970    0.0000    0.0026  -10.0000    4.7403  0.2001E+09  0.7401E+03  0.1340E-11 -0.7923E-07  0.1000E-09  0.1000E-09  0.1000E-09  0.1000E-09  0.8447E+04  0.6235E-01
    5.6183 14  1   24.7112   19.3100   24.7112    8.0755   -3.9797    0.8975    0.0000    0.0026  -10.0000    4.7408  0.2001E+09  0.7380E+03  0.1353E-11 -0.7981E-07  0.1000E-09  0.1000E-09  0.1000E-09  0.1000E-09  0.8447E+04  0.6235E-01
    5.6281 14  1   24.7112   19.3092   24.7112    8.0755   -3.9797    0.8980    0.0000    0.0026  -10.0000    4.7413  0.2001E+09  0.7360E+03  0.1366E-11 -0.8038E-07  0.1000E-09  0.1000E-09  0.1000E-09  0.1000E-09  0.8447E+04  0.6235E-01
    5.6378 14  1   24.7112   19.3084   24.7112    8.0755   -3.9797    0.8986    0.0000    0.0026  -10.0000    4.7417  0.2001E+09  0.7339E+03  0.1370E-11 -0.8038E-07  0.1000E-09  0.1000E-09  0.1000E-09  0.1000E-09  0.8447E+04  0.6235E-01
    5.6475 14  1   24.7112   19.3076   24.7112    8.0755   -3.9797    0.8991    0.0000    0.0026  -10.0000    4.7422  0.2001E+09  0.7319E+03  0.1373E-11 -0.8038E-07  0.1000E-09  0.1000E-09  0.1000E-09  0.1000E-09  0.8447E+04  0.6235E-01
    5.6572 14  1   24.7112   19.3069   24.7112    8.0755   -3.9797    0.8996    0.0000    0.0026  -10.0000    4.7426  0.2001E+09  0.7298E+03  0.1376E-11 -0.8038E-07  0.1000E-09  0.1000E-09  0.1000E-09  0.1000E-09  0.8447E+04  0.6235E-01
    5.6669 14  1   24.7112   19.3061   24.7112    8.0755   -3.9797    0.9001    0.0000    0.0026  -10.0000    4.7431  0.2001E+09  0.7278E+03  0.1372E-11 -0.7992E-07  0.1000E-09  0.1000E-09  0.1000E-09  0.1000E-09  0.8447E+04  0.6235E-01
    5.6766 14  1   24.7112   19.3053   24.7112    8.0755   -3.9797    0.9007    0.0000    0.0026  -10.0000    4.7435  0.2002E+09  0.7257E+03  0.1364E-11 -0.7926E-07  0.1000E-09  0.1000E-09  0.1000E-09  0.1000E-09  0.8448E+04  0.6235E-01
    5.6864 14  1   24.7112   19.3045   24.7112    8.0755   -3.9797    0.9012    0.0000    0.0026  -10.0000    4.7440  0.2002E+09  0.7237E+03  0.1364E-11 -0.7907E-07  0.1000E-09  0.1000E-09  0.1000E-09  0.1000E-09  0.8448E+04  0.6235E-01
    5.6961 14  1   24.7112   19.3038   24.7112    8.0755   -3.9797    0.9017    0.0000    0.0026  -10.0000    4.7445  0.2002E+09  0.7217E+03  0.1367E-11 -0.7907E-07  0.1000E-09  0.1000E-09  0.1000E-09  0.1000E-09  0.8448E+04  0.6235E-01
    5.7058 14  1   24.7112   19.3030   24.7112    8.0755   -3.9797    0.9022    0.0000    0.0026  -10.0000    4.7449  0.2002E+09  0.7197E+03  0.1371E-11 -0.7907E-07  0.1000E-09  0.1000E-09  0.1000E-09  0.1000E-09  0.8448E+04  0.6235E-01
    5.7155 14  1   24.7112   19.3022   24.7112    8.0755   -3.9797    0.9028    0.0000    0.0026  -10.0000    4.7454  0.2002E+09  0.7176E+03  0.1381E-11 -0.7946E-07  0.1000E-09  0.1000E-09  0.1000E-09  0.1000E-09  0.8448E+04  0.6235E-01
    5.7252 14  1   24.7112   19.3015   24.7112    8.0755   -3.9797    0.9033    0.0000    0.0026  -10.0000    4.7458  0.2002E+09  0.7156E+03  0.1402E-11 -0.8047E-07  0.1000E-09  0.1000E-09  0.1000E-09  0.1000E-09  0.8448E+04  0.6235E-01
    5.7349 14  1   24.7112   19.3007   24.7112    8.0755   -3.9797    0.9038    0.0000    0.0027  -10.0000    4.7463  0.2002E+09  0.7135E+03  0.1416E-11 -0.8109E-07  0.1000E-09  0.1000E-09  0.1000E-09  0.1000E-09  0.8449E+04  0.6235E-01
    5.7447 14  1   24.7112   19.2999   24.7112    8.0755   -3.9797    0.9044    0.0000    0.0027  -10.0000    4.7468  0.2002E+09  0.7114E+03  0.1420E-11 -0.8109E-07  0.1000E-09  0.1000E-09  0.1000E-09  0.1000E-09  0.8449E+04  0.6235E-01
    5.7544 14  1   24.7112   19.2991   24.7112    8.0755   -3.9797    0.9049    0.0000    0.0027  -10.0000    4.7472  0.2002E+09  0.7094E+03  0.1423E-11 -0.8109E-07  0.1000E-09  0.1000E-09  0.1000E-09  0.1000E-09  0.8449E+04  0.6235E-01
    5.7641 14  1   24.7112   19.2983   24.7112    8.0755   -3.9797    0.9055    0.0000    0.0027  -10.0000    4.7477  0.2002E+09  0.7073E+03  0.1427E-11 -0.8113E-07  0.1000E-09  0.1000E-09  0.1000E-09  0.1000E-09  0.8449E+04  0.6235E-01
    5.7738 14  1   24.7112   19.2975   24.7112    8.0755   -3.9797    0.9060    0.0000    0.0027  -10.0000    4.7482  0.2002E+09  0.7053E+03  0.1442E-11 -0.8174E-07  0.1000E-09  0.1000E-09  0.1000E-09  0.1000E-09  0.8449E+04  0.6235E-01
    5.7835 14  1   24.7112   19.2967   24.7112    8.0755   -3.9797    0.9066    0.0000    0.0027  -10.0000    4.7486  0.2002E+09  0.7032E+03  0.1456E-11 -0.8231E-07  0.1000E-09  0.1000E-09  0.1000E-09  0.1000E-09  0.8449E+04  0.6235E-01
    5.7932 14  1   24.7112   19.2959   24.7112    8.0755   -3.9797    0.9071    0.0000    0.0027  -10.0000    4.7491  0.2002E+09  0.7011E+03  0.1459E-11 -0.8231E-07  0.1000E-09  0.1000E-09  0.1000E-09  0.1000E-09  0.8449E+04  0.6235E-01
    5.8030 14  1   24.7112   19.2951   24.7112    8.0755   -3.9797    0.9077    0.0000    0.0027  -10.0000    4.7496  0.2002E+09  0.6991E+03  0.1463E-11 -0.8231E-07  0.1000E-09  0.1000E-09  0.1000E-09  0.1000E-09  0.8450E+04  0.6235E-01
    5.8127 14  1   24.7112   19.2943   24.7112    8.0755   -3.9797    0.9082    0.0000    0.0027  -10.0000    4.7500  0.2003E+09  0.6970E+03  0.1467E-11 -0.8231E-07  0.1000E-09  0.1000E-09  0.1000E-09  0.1000E-09  0.8450E+04  0.6235E-01
    5.8224 14  1   24.7112   19.2935   24.7112    8.0755   -3.9797    0.9088    0.0000    0.0027  -10.0000    4.7505  0.2003E+09  0.6950E+03  0.1471E-11 -0.8233E-07  0.1000E-09  0.1000E-09  0.1000E-09  0.1000E-09  0.8450E+04  0.6235E-01
    5.8321 14  1   24.7112   19.2927   24.7112    8.0755   -3.9797    0.9093    0.0000    0.0027  -10.0000    4.7510  0.2003E+09  0.6929E+03  0.1475E-11 -0.8236E-07  0.1000E-09  0.1000E-09  0.1000E-09  0.1000E-09  0.8450E+04  0.6235E-01
    5.8418 14  1   24.7112   19.2919   24.7112    8.0755   -3.9797    0.9099    0.0000    0.0027  -10.0000    4.7514  0.2003E+09  0.6908E+03  0.1479E-11 -0.8236E-07  0.1000E-09  0.1000E-09  0.1000E-09  0.1000E-09  0.8450E+04  0.6235E-01
    5.8515 14  1   24.7112   19.2911   24.7112    8.0755   -3.9797    0.9104    0.0000    0.0027  -10.0000    4.7519  0.2003E+09  0.6888E+03  0.1483E-11 -0.8236E-07  0.1000E-09  0.1000E-09  0.1000E-09  0.1000E-09  0.8450E+04  0.6235E-01
    5.8613 14  1   24.7112   19.2903   24.7112    8.0755   -3.9797    0.9110    0.0000    0.0027  -10.0000    4.7524  0.2003E+09  0.6867E+03  0.1487E-11 -0.8236E-07  0.1000E-09  0.1000E-09  0.1000E-09  0.1000E-09  0.8451E+04  0.6235E-01
    5.8710 14  1   24.7112   19.2895   24.7112    8.0755   -3.9797    0.9116    0.0000    0.0027  -10.0000    4.7528  0.2003E+09  0.6847E+03  0.1493E-11 -0.8248E-07  0.1000E-09  0.1000E-09  0.1000E-09  0.1000E-09  0.8451E+04  0.6235E-01
    5.8807 14  1   24.7112   19.2887   24.7112    8.0755   -3.9797    0.9121    0.0000    0.0027  -10.0000    4.7533  0.2003E+09  0.6826E+03  0.1501E-11 -0.8270E-07  0.1000E-09  0.1000E-09  0.1000E-09  0.1000E-09  0.8451E+04  0.6235E-01
    5.8904 14  1   24.7112   19.2879   24.7112    8.0755   -3.9797    0.9127    0.0000    0.0027  -10.0000    4.7538  0.2003E+09  0.6805E+03  0.1506E-11 -0.8279E-07  0.1000E-09  0.1000E-09  0.1000E-09  0.1000E-09  0.8451E+04  0.6235E-01
    5.9001 14  1   24.7112   19.2871   24.7112    8.0755   -3.9797    0.9133    0.0000    0.0027  -10.0000    4.7543  0.2003E+09  0.6785E+03  0.1510E-11 -0.8279E-07  0.1000E-09  0.1000E-09  0.1000E-09  0.1000E-09  0.8451E+04  0.6235E-01
    5.9098 14  1   24.7112   19.2863   24.7112    8.0755   -3.9797    0.9138    0.0000    0.0027  -10.0000    4.7547  0.2003E+09  0.6764E+03  0.1514E-11 -0.8279E-07  0.1000E-09  0.1000E-09  0.1000E-09  0.1000E-09  0.8451E+04  0.6235E-01
    5.9195 14  1   24.7112   19.2855   24.7112    8.0755   -3.9797    0.9144    0.0000    0.0027  -10.0000    4.7552  0.2003E+09  0.6744E+03  0.1521E-11 -0.8292E-07  0.1000E-09  0.1000E-09  0.1000E-09  0.1000E-09  0.8451E+04  0.6235E-01
    5.9293 14  1   24.7112   19.2847   24.7112    8.0755   -3.9797    0.9150    0.0000    0.0027  -10.0000    4.7557  0.2003E+09  0.6723E+03  0.1535E-11 -0.8344E-07  0.1000E-09  0.1000E-09  0.1000E-09  0.1000E-09  0.8452E+04  0.6235E-01
    5.9390 14  1   24.7112   19.2839   24.7112    8.0755   -3.9797    0.9156    0.0000    0.0027  -10.0000    4.7561  0.2004E+09  0.6702E+03  0.1546E-11 -0.8384E-07  0.1000E-09  0.1000E-09  0.1000E-09  0.1000E-09  0.8452E+04  0.6235E-01
    5.9487 14  1   24.7112   19.2830   24.7112    8.0755   -3.9797    0.9162    0.0000    0.0027  -10.0000    4.7566  0.2004E+09  0.6682E+03  0.1550E-11 -0.8384E-07  0.1000E-09  0.1000E-09  0.1000E-09  0.1000E-09  0.8452E+04  0.6235E-01
    5.9584 14  1   24.7112   19.2822   24.7112    8.0755   -3.9797    0.9167    0.0000    0.0027  -10.0000    4.7571  0.2004E+09  0.6661E+03  0.1554E-11 -0.8384E-07  0.1000E-09  0.1000E-09  0.1000E-09  0.1000E-09  0.8452E+04  0.6235E-01
    5.9681 14  1   24.7112   19.2814   24.7112    8.0755   -3.9797    0.9173    0.0000    0.0027  -10.0000    4.7576  0.2004E+09  0.6640E+03  0.1559E-11 -0.8384E-07  0.1000E-09  0.1000E-09  0.1000E-09  0.1000E-09  0.8452E+04  0.6235E-01
    5.9778 14  1   24.7112   19.2806   24.7112    8.0755   -3.9797    0.9179    0.0000    0.0027  -10.0000    4.7580  0.2004E+09  0.6620E+03  0.1555E-11 -0.8344E-07  0.1000E-09  0.1000E-09  0.1000E-09  0.1000E-09  0.8452E+04  0.6235E-01
    5.9876 14  1   24.7112   19.2798   24.7112    8.0755   -3.9797    0.9185    0.0000    0.0027  -10.0000    4.7585  0.2004E+09  0.6599E+03  0.1552E-11 -0.8304E-07  0.1000E-09  0.1000E-09  0.1000E-09  0.1000E-09  0.8453E+04  0.6235E-01
    5.9973 14  1   24.7112   19.2790   24.7112    8.0755   -3.9797    0.9191    0.0000    0.0027  -10.0000    4.7590  0.2004E+09  0.6579E+03  0.1556E-11 -0.8303E-07  0.1000E-09  0.1000E-09  0.1000E-09  0.1000E-09  0.8453E+04  0.6235E-01
    6.0070 14  1   24.7112   19.2782   24.7112    8.0755   -3.9797    0.9197    0.0000    0.0027  -10.0000    4.7595  0.2004E+09  0.6558E+03  0.1560E-11 -0.8303E-07  0.1000E-09  0.1000E-09  0.1000E-09  0.1000E-09  0.8453E+04  0.6235E-01
    6.0167 14  1   24.7112   19.2774   24.7112    8.0755   -3.9797    0.9203    0.0000    0.0028  -10.0000    4.7599  0.2004E+09  0.6538E+03  0.1565E-11 -0.8303E-07  0.1000E-09  0.1000E-09  0.1000E-09  0.1000E-09  0.8453E+04  0.6235E-01
    6.0264 14  1   24.7112   19.2766   24.7112    8.0755   -3.9797    0.9209    0.0000    0.0028  -10.0000    4.7604  0.2004E+09  0.6517E+03  0.1575E-11 -0.8336E-07  0.1000E-09  0.1000E-09  0.1000E-09  0.1000E-09  0.8453E+04  0.6235E-01
    6.0361 14  1   24.7112   19.2757   24.7112    8.0755   -3.9797    0.9215    0.0000    0.0028  -10.0000    4.7609  0.2004E+09  0.6497E+03  0.1589E-11 -0.8388E-07  0.1000E-09  0.1000E-09  0.1000E-09  0.1000E-09  0.8453E+04  0.6235E-01
    6.0459 14  1   24.7112   19.2749   24.7112    8.0755   -3.9797    0.9221    0.0000    0.0028  -10.0000    4.7614  0.2004E+09  0.6476E+03  0.1597E-11 -0.8406E-07  0.1000E-09  0.1000E-09  0.1000E-09  0.1000E-09  0.8453E+04  0.6235E-01
    6.0556 14  1   24.7112   19.2741   24.7112    8.0755   -3.9797    0.9227    0.0000    0.0028  -10.0000    4.7619  0.2005E+09  0.6455E+03  0.1602E-11 -0.8406E-07  0.1000E-09  0.1000E-09  0.1000E-09  0.1000E-09  0.8454E+04  0.6235E-01
    6.0653 14  1   24.7112   19.2733   24.7112    8.0755   -3.9797    0.9233    0.0000    0.0028  -10.0000    4.7623  0.2005E+09  0.6435E+03  0.1606E-11 -0.8406E-07  0.1000E-09  0.1000E-09  0.1000E-09  0.1000E-09  0.8454E+04  0.6235E-01
    6.0750 14  1   24.7112   19.2725   24.7112    8.0755   -3.9797    0.9239    0.0000    0.0028  -10.0000    4.7628  0.2005E+09  0.6414E+03  0.1616E-11 -0.8436E-07  0.1000E-09  0.1000E-09  0.1000E-09  0.1000E-09  0.8454E+04  0.6235E-01
    6.0847 14  1   24.7112   19.2717   24.7112    8.0755   -3.9797    0.9245    0.0000    0.0028  -10.0000    4.7633  0.2005E+09  0.6393E+03  0.1637E-11 -0.8518E-07  0.1000E-09  0.1000E-09  0.1000E-09  0.1000E-09  0.8454E+04  0.6235E-01
    6.0944 14  1   24.7112   19.2708   24.7112    8.0755   -3.9797    0.9251    0.0000    0.0028  -10.0000    4.7638  0.2005E+09  0.6373E+03  0.1652E-11 -0.8572E-07  0.1000E-09  0.1000E-09  0.1000E-09  0.1000E-09  0.8454E+04  0.6235E-01
    6.1042 14  1   24.7112   19.2700   24.7112    8.0755   -3.9797    0.9257    0.0000    0.0028  -10.0000    4.7643  0.2005E+09  0.6352E+03  0.1657E-11 -0.8572E-07  0.1000E-09  0.1000E-09  0.1000E-09  0.1000E-09  0.8454E+04  0.6235E-01
    6.1139 14  1   24.7112   19.2692   24.7112    8.0755   -3.9797    0.9263    0.0000    0.0028  -10.0000    4.7648  0.2005E+09  0.6331E+03  0.1661E-11 -0.8572E-07  0.1000E-09  0.1000E-09  0.1000E-09  0.1000E-09  0.8455E+04  0.6235E-01
    6.1236 14  1   24.7112   19.2683   24.7112    8.0755   -3.9797    0.9269    0.0000    0.0028  -10.0000    4.7652  0.2005E+09  0.6311E+03  0.1665E-11 -0.8568E-07  0.1000E-09  0.1000E-09  0.1000E-09  0.1000E-09  0.8455E+04  0.6235E-01
    6.1333 14  1   24.7112   19.2675   24.7112    8.0755   -3.9797    0.9276    0.0000    0.0028  -10.0000    4.7657  0.2005E+09  0.6290E+03  0.1662E-11 -0.8527E-07  0.1000E-09  0.1000E-09  0.1000E-09  0.1000E-09  0.8455E+04  0.6235E-01
    6.1430 14  1   24.7112   19.2667   24.7112    8.0755   -3.9797    0.9282    0.0000    0.0028  -10.0000    4.7662  0.2005E+09  0.6269E+03  0.1660E-11 -0.8489E-07  0.1000E-09  0.1000E-09  0.1000E-09  0.1000E-09  0.8455E+04  0.6235E-01
    6.1527 14  1   24.7112   19.2658   24.7112    8.0755   -3.9797    0.9288    0.0000    0.0028  -10.0000    4.7667  0.2005E+09  0.6249E+03  0.1665E-11 -0.8489E-07  0.1000E-09  0.1000E-09  0.1000E-09  0.1000E-09  0.8455E+04  0.6235E-01
    6.1625 14  1   24.7112   19.2650   24.7112    8.0755   -3.9797    0.9294    0.0000    0.0028  -10.0000    4.7672  0.2005E+09  0.6228E+03  0.1669E-11 -0.8489E-07  0.1000E-09  0.1000E-09  0.1000E-09  0.1000E-09  0.8455E+04  0.6235E-01
    6.1722 14  1   24.7112   19.2642   24.7112    8.0755   -3.9797    0.9301    0.0000    0.0028  -10.0000    4.7677  0.2006E+09  0.6207E+03  0.1674E-11 -0.8489E-07  0.1000E-09  0.1000E-09  0.1000E-09  0.1000E-09  0.8456E+04  0.6235E-01
    6.1819 14  1   24.7112   19.2634   24.7112    8.0755   -3.9797    0.9307    0.0000    0.0028  -10.0000    4.7681  0.2006E+09  0.6187E+03  0.1674E-11 -0.8462E-07  0.1000E-09  0.1000E-09  0.1000E-09  0.1000E-09  0.8456E+04  0.6235E-01
    6.1916 14  1   24.7112   19.2626   24.7112    8.0755   -3.9797    0.9313    0.0000    0.0028  -10.0000    4.7686  0.2006E+09  0.6166E+03  0.1671E-11 -0.8426E-07  0.1000E-09  0.1000E-09  0.1000E-09  0.1000E-09  0.8456E+04  0.6235E-01
    6.2013 14  1   24.7112   19.2617   24.7112    8.0755   -3.9797    0.9320    0.0000    0.0028  -10.0000    4.7691  0.2006E+09  0.6146E+03  0.1675E-11 -0.8417E-07  0.1000E-09  0.1000E-09  0.1000E-09  0.1000E-09  0.8456E+04  0.6235E-01
    6.2110 14  1   24.7112   19.2609   24.7112    8.0755   -3.9797    0.9326    0.0000    0.0028  -10.0000    4.7696  0.2006E+09  0.6126E+03  0.1680E-11 -0.8417E-07  0.1000E-09  0.1000E-09  0.1000E-09  0.1000E-09  0.8456E+04  0.6235E-01
    6.2208 14  1   24.7112   19.2601   24.7112    8.0755   -3.9797    0.9332    0.0000    0.0028  -10.0000    4.7701  0.2006E+09  0.6105E+03  0.1685E-11 -0.8417E-07  0.1000E-09  0.1000E-09  0.1000E-09  0.1000E-09  0.8456E+04  0.6235E-01
    6.2305 14  1   24.7112   19.2593   24.7112    8.0755   -3.9797    0.9339    0.0000    0.0028  -10.0000    4.7706  0.2006E+09  0.6085E+03  0.1701E-11 -0.8476E-07  0.1000E-09  0.1000E-09  0.1000E-09  0.1000E-09  0.8456E+04  0.6235E-01
    6.2402 14  1   24.7112   19.2584   24.7112    8.0755   -3.9797    0.9345    0.0000    0.0028  -10.0000    4.7711  0.2006E+09  0.6064E+03  0.1737E-11 -0.8626E-07  0.1000E-09  0.1000E-09  0.1000E-09  0.1000E-09  0.8457E+04  0.6235E-01
    6.2499 14  1   24.7112   19.2576   24.7112    8.0755   -3.9797    0.9352    0.0000    0.0028  -10.0000    4.7716  0.2006E+09  0.6043E+03  0.1760E-11 -0.8718E-07  0.1000E-09  0.1000E-09  0.1000E-09  0.1000E-09  0.8457E+04  0.6235E-01
    6.2596 14  1   24.7112   19.2567   24.7112    8.0755   -3.9797    0.9358    0.0000    0.0029  -10.0000    4.7721  0.2006E+09  0.6022E+03  0.1766E-11 -0.8718E-07  0.1000E-09  0.1000E-09  0.1000E-09  0.1000E-09  0.8457E+04  0.6235E-01
    6.2693 14  1   24.7112   19.2559   24.7112    8.0755   -3.9797    0.9365    0.0000    0.0029  -10.0000    4.7725  0.2006E+09  0.6002E+03  0.1771E-11 -0.8718E-07  0.1000E-09  0.1000E-09  0.1000E-09  0.1000E-09  0.8457E+04  0.6235E-01
    6.2791 14  1   24.7112   19.2550   24.7112    8.0755   -3.9797    0.9371    0.0000    0.0029  -10.0000    4.7730  0.2007E+09  0.5981E+03  0.1775E-11 -0.8711E-07  0.1000E-09  0.1000E-09  0.1000E-09  0.1000E-09  0.8457E+04  0.6235E-01
    6.2888 14  1   24.7112   19.2542   24.7112    8.0755   -3.9797    0.9378    0.0000    0.0029  -10.0000    4.7735  0.2007E+09  0.5960E+03  0.1771E-11 -0.8664E-07  0.1000E-09  0.1000E-09  0.1000E-09  0.1000E-09  0.8457E+04  0.6235E-01
    6.2985 14  1   24.7112   19.2534   24.7112    8.0755   -3.9797    0.9385    0.0000    0.0029  -10.0000    4.7740  0.2007E+09  0.5939E+03  0.1768E-11 -0.8624E-07  0.1000E-09  0.1000E-09  0.1000E-09  0.1000E-09  0.8458E+04  0.6235E-01
    6.3082 14  1   24.7112   19.2525   24.7112    8.0755   -3.9797    0.9391    0.0000    0.0029  -10.0000    4.7745  0.2007E+09  0.5919E+03  0.1774E-11 -0.8624E-07  0.1000E-09  0.1000E-09  0.1000E-09  0.1000E-09  0.8458E+04  0.6235E-01
    6.3179 14  1   24.7112   19.2517   24.7112    8.0755   -3.9797    0.9398    0.0000    0.0029  -10.0000    4.7750  0.2007E+09  0.5898E+03  0.1779E-11 -0.8624E-07  0.1000E-09  0.1000E-09  0.1000E-09  0.1000E-09  0.8458E+04  0.6235E-01
    6.3276 14  1   24.7112   19.2509   24.7112    8.0755   -3.9797    0.9405    0.0000    0.0029  -10.0000    4.7755  0.2007E+09  0.5878E+03  0.1785E-11 -0.8624E-07  0.1000E-09  0.1000E-09  0.1000E-09  0.1000E-09  0.8458E+04  0.6235E-01
    6.3374 14  1   24.7112   19.2500   24.7112    8.0755   -3.9797    0.9411    0.0000    0.0029  -10.0000    4.7760  0.2007E+09  0.5857E+03  0.1789E-11 -0.8620E-07  0.1000E-09  0.1000E-09  0.1000E-09  0.1000E-09  0.8458E+04  0.6235E-01
    6.3471 14  1   24.7112   19.2492   24.7112    8.0755   -3.9797    0.9418    0.0000    0.0029  -10.0000    4.7765  0.2007E+09  0.5836E+03  0.1794E-11 -0.8616E-07  0.1000E-09  0.1000E-09  0.1000E-09  0.1000E-09  0.8458E+04  0.6235E-01
    6.3568 14  1   24.7112   19.2483   24.7112    8.0755   -3.9797    0.9425    0.0000    0.0029  -10.0000    4.7770  0.2007E+09  0.5816E+03  0.1800E-11 -0.8615E-07  0.1000E-09  0.1000E-09  0.1000E-09  0.1000E-09  0.8459E+04  0.6235E-01
    6.3665 14  1   24.7112   19.2475   24.7112    8.0755   -3.9797    0.9432    0.0000    0.0029  -10.0000    4.7775  0.2007E+09  0.5795E+03  0.1805E-11 -0.8615E-07  0.1000E-09  0.1000E-09  0.1000E-09  0.1000E-09  0.8459E+04  0.6235E-01
    6.3762 14  1   24.7112   19.2467   24.7112    8.0755   -3.9797    0.9438    0.0000    0.0029  -10.0000    4.7780  0.2007E+09  0.5775E+03  0.1811E-11 -0.8615E-07  0.1000E-09  0.1000E-09  0.1000E-09  0.1000E-09  0.8459E+04  0.6235E-01
    6.3859 14  1   24.7112   19.2458   24.7112    8.0755   -3.9797    0.9445    0.0000    0.0029  -10.0000    4.7785  0.2008E+09  0.5754E+03  0.1823E-11 -0.8644E-07  0.1000E-09  0.1000E-09  0.1000E-09  0.1000E-09  0.8459E+04  0.6235E-01
    6.3957 14  1   24.7112   19.2450   24.7112    8.0755   -3.9797    0.9452    0.0000    0.0029  -10.0000    4.7790  0.2008E+09  0.5733E+03  0.1840E-11 -0.8700E-07  0.1000E-09  0.1000E-09  0.1000E-09  0.1000E-09  0.8459E+04  0.6235E-01
    6.4054 14  1   24.7112   19.2441   24.7112    8.0755   -3.9797    0.9459    0.0000    0.0029  -10.0000    4.7795  0.2008E+09  0.5713E+03  0.1852E-11 -0.8726E-07  0.1000E-09  0.1000E-09  0.1000E-09  0.1000E-09  0.8459E+04  0.6235E-01
    6.4151 14  1   24.7112   19.2433   24.7112    8.0755   -3.9797    0.9466    0.0000    0.0029  -10.0000    4.7800  0.2008E+09  0.5692E+03  0.1858E-11 -0.8726E-07  0.1000E-09  0.1000E-09  0.1000E-09  0.1000E-09  0.8460E+04  0.6235E-01
    6.4248 14  1   24.7112   19.2424   24.7112    8.0755   -3.9797    0.9473    0.0000    0.0029  -10.0000    4.7805  0.2008E+09  0.5672E+03  0.1864E-11 -0.8726E-07  0.1000E-09  0.1000E-09  0.1000E-09  0.1000E-09  0.8460E+04  0.6235E-01
    6.4345 14  1   24.7112   19.2416   24.7112    8.0755   -3.9797    0.9480    0.0000    0.0029  -10.0000    4.7810  0.2008E+09  0.5651E+03  0.1871E-11 -0.8730E-07  0.1000E-09  0.1000E-09  0.1000E-09  0.1000E-09  0.8460E+04  0.6235E-01
    6.4442 14  1   24.7112   19.2407   24.7112    8.0755   -3.9797    0.9487    0.0000    0.0029  -10.0000    4.7815  0.2008E+09  0.5630E+03  0.1881E-11 -0.8750E-07  0.1000E-09  0.1000E-09  0.1000E-09  0.1000E-09  0.8460E+04  0.6235E-01
    6.4540 14  1   24.7112   19.2399   24.7112    8.0755   -3.9797    0.9494    0.0000    0.0029  -10.0000    4.7820  0.2008E+09  0.5609E+03  0.1890E-11 -0.8765E-07  0.1000E-09  0.1000E-09  0.1000E-09  0.1000E-09  0.8460E+04  0.6235E-01
    6.4637 14  1   24.7112   19.2390   24.7112    8.0755   -3.9797    0.9501    0.0000    0.0029  -10.0000    4.7825  0.2008E+09  0.5589E+03  0.1897E-11 -0.8765E-07  0.1000E-09  0.1000E-09  0.1000E-09  0.1000E-09  0.8460E+04  0.6235E-01
    6.4734 14  1   24.7112   19.2382   24.7112    8.0755   -3.9797    0.9508    0.0000    0.0030  -10.0000    4.7830  0.2008E+09  0.5568E+03  0.1903E-11 -0.8765E-07  0.1000E-09  0.1000E-09  0.1000E-09  0.1000E-09  0.8461E+04  0.6235E-01
    6.4831 14  1   24.7112   19.2373   24.7112    8.0755   -3.9797    0.9515    0.0000    0.0030  -10.0000    4.7835  0.2008E+09  0.5548E+03  0.1909E-11 -0.8765E-07  0.1000E-09  0.1000E-09  0.1000E-09  0.1000E-09  0.8461E+04  0.6235E-01
    6.4928 14  1   24.7112   19.2365   24.7112    8.0755   -3.9797    0.9522    0.0000    0.0030  -10.0000    4.7840  0.2009E+09  0.5527E+03  0.1919E-11 -0.8782E-07  0.1000E-09  0.1000E-09  0.1000E-09  0.1000E-09  0.8461E+04  0.6235E-01
    6.5025 14  1   24.7112   19.2356   24.7112    8.0755   -3.9797    0.9530    0.0000    0.0030  -10.0000    4.7845  0.2009E+09  0.5506E+03  0.1929E-11 -0.8800E-07  0.1000E-09  0.1000E-09  0.1000E-09  0.1000E-09  0.8461E+04  0.6235E-01
    6.5123 14  1   24.7112   19.2348   24.7112    8.0755   -3.9797    0.9537    0.0000    0.0030  -10.0000    4.7850  0.2009E+09  0.5485E+03  0.1936E-11 -0.8800E-07  0.1000E-09  0.1000E-09  0.1000E-09  0.1000E-09  0.8461E+04  0.6235E-01
    6.5220 14  1   24.7112   19.2339   24.7112    8.0755   -3.9797    0.9544    0.0000    0.0030  -10.0000    4.7855  0.2009E+09  0.5465E+03  0.1943E-11 -0.8800E-07  0.1000E-09  0.1000E-09  0.1000E-09  0.1000E-09  0.8461E+04  0.6235E-01
    6.5317 14  1   24.7112   19.2331   24.7112    8.0755   -3.9797    0.9551    0.0000    0.0030  -10.0000    4.7861  0.2009E+09  0.5444E+03  0.1949E-11 -0.8800E-07  0.1000E-09  0.1000E-09  0.1000E-09  0.1000E-09  0.8462E+04  0.6235E-01
    6.5414 14  1   24.7112   19.2322   24.7112    8.0755   -3.9797    0.9559    0.0000    0.0030  -10.0000    4.7866  0.2009E+09  0.5423E+03  0.1957E-11 -0.8808E-07  0.1000E-09  0.1000E-09  0.1000E-09  0.1000E-09  0.8462E+04  0.6235E-01
    6.5511 14  1   24.7112   19.2313   24.7112    8.0755   -3.9797    0.9566    0.0000    0.0030  -10.0000    4.7871  0.2009E+09  0.5402E+03  0.1967E-11 -0.8820E-07  0.1000E-09  0.1000E-09  0.1000E-09  0.1000E-09  0.8462E+04  0.6235E-01
    6.5608 14  1   24.7112   19.2305   24.7112    8.0755   -3.9797    0.9574    0.0000    0.0030  -10.0000    4.7876  0.2009E+09  0.5382E+03  0.1974E-11 -0.8825E-07  0.1000E-09  0.1000E-09  0.1000E-09  0.1000E-09  0.8462E+04  0.6235E-01
    6.5706 14  1   24.7112   19.2296   24.7112    8.0755   -3.9797    0.9581    0.0000    0.0030  -10.0000    4.7881  0.2009E+09  0.5361E+03  0.1981E-11 -0.8825E-07  0.1000E-09  0.1000E-09  0.1000E-09  0.1000E-09  0.8462E+04  0.6235E-01
    6.5803 14  1   24.7112   19.2288   24.7112    8.0755   -3.9797    0.9588    0.0000    0.0030  -10.0000    4.7886  0.2009E+09  0.5341E+03  0.1988E-11 -0.8825E-07  0.1000E-09  0.1000E-09  0.1000E-09  0.1000E-09  0.8462E+04  0.6235E-01
    6.5900 14  1   24.7112   19.2279   24.7112    8.0755   -3.9797    0.9596    0.0000    0.0030  -10.0000    4.7891  0.2010E+09  0.5320E+03  0.1992E-11 -0.8810E-07  0.1000E-09  0.1000E-09  0.1000E-09  0.1000E-09  0.8463E+04  0.6235E-01
    6.5997 14  1   24.7112   19.2271   24.7112    8.0755   -3.9797    0.9603    0.0000    0.0030  -10.0000    4.7896  0.2010E+09  0.5299E+03  0.1990E-11 -0.8774E-07  0.1000E-09  0.1000E-09  0.1000E-09  0.1000E-09  0.8463E+04  0.6235E-01
    6.6094 14  1   24.7112   19.2262   24.7112    8.0755   -3.9797    0.9611    0.0000    0.0030  -10.0000    4.7901  0.2010E+09  0.5279E+03  0.1992E-11 -0.8752E-07  0.1000E-09  0.1000E-09  0.1000E-09  0.1000E-09  0.8463E+04  0.6235E-01
    6.6191 14  1   24.7112   19.2254   24.7112    8.0755   -3.9797    0.9618    0.0000    0.0030  -10.0000    4.7907  0.2010E+09  0.5258E+03  0.1999E-11 -0.8752E-07  0.1000E-09  0.1000E-09  0.1000E-09  0.1000E-09  0.8463E+04  0.6235E-01
    6.6289 14  1   24.7112   19.2245   24.7112    8.0755   -3.9797    0.9626    0.0000    0.0030  -10.0000    4.7912  0.2010E+09  0.5238E+03  0.2006E-11 -0.8752E-07  0.1000E-09  0.1000E-09  0.1000E-09  0.1000E-09  0.8463E+04  0.6235E-01
    6.6386 14  1   24.7112   19.2237   24.7112    8.0755   -3.9797    0.9633    0.0000    0.0030  -10.0000    4.7917  0.2010E+09  0.5217E+03  0.2013E-11 -0.8752E-07  0.1000E-09  0.1000E-09  0.1000E-09  0.1000E-09  0.8463E+04  0.6235E-01
    6.6483 14  1   24.7112   19.2228   24.7112    8.0755   -3.9797    0.9641    0.0000    0.0030  -10.0000    4.7922  0.2010E+09  0.5196E+03  0.2021E-11 -0.8756E-07  0.1000E-09  0.1000E-09  0.1000E-09  0.1000E-09  0.8463E+04  0.6235E-01
    6.6580 14  1   24.7112   19.2220   24.7112    8.0755   -3.9797    0.9649    0.0000    0.0030  -10.0000    4.7927  0.2010E+09  0.5176E+03  0.2029E-11 -0.8760E-07  0.1000E-09  0.1000E-09  0.1000E-09  0.1000E-09  0.8464E+04  0.6235E-01
    6.6677 14  1   24.7112   19.2211   24.7112    8.0755   -3.9797    0.9657    0.0000    0.0031  -10.0000    4.7932  0.2010E+09  0.5155E+03  0.2037E-11 -0.8760E-07  0.1000E-09  0.1000E-09  0.1000E-09  0.1000E-09  0.8464E+04  0.6235E-01
    6.6774 14  1   24.7112   19.2203   24.7112    8.0755   -3.9797    0.9664    0.0000    0.0031  -10.0000    4.7938  0.2010E+09  0.5135E+03  0.2044E-11 -0.8760E-07  0.1000E-09  0.1000E-09  0.1000E-09  0.1000E-09  0.8464E+04  0.6235E-01
    6.6872 14  1   24.7112   19.2194   24.7112    8.0755   -3.9797    0.9672    0.0000    0.0031  -10.0000    4.7943  0.2011E+09  0.5114E+03  0.2051E-11 -0.8760E-07  0.1000E-09  0.1000E-09  0.1000E-09  0.1000E-09  0.8464E+04  0.6235E-01
    6.6969 14  1   24.7112   19.2186   24.7112    8.0755   -3.9797    0.9680    0.0000    0.0031  -10.0000    4.7948  0.2011E+09  0.5094E+03  0.2057E-11 -0.8753E-07  0.1000E-09  0.1000E-09  0.1000E-09  0.1000E-09  0.8464E+04  0.6235E-01
    6.7066 14  1   24.7112   19.2177   24.7112    8.0755   -3.9797    0.9688    0.0000    0.0031  -10.0000    4.7953  0.2011E+09  0.5073E+03  0.2062E-11 -0.8743E-07  0.1000E-09  0.1000E-09  0.1000E-09  0.1000E-09  0.8464E+04  0.6235E-01
    6.7163 14  1   24.7112   19.2169   24.7112    8.0755   -3.9797    0.9696    0.0000    0.0031  -10.0000    4.7958  0.2011E+09  0.5053E+03  0.2069E-11 -0.8741E-07  0.1000E-09  0.1000E-09  0.1000E-09  0.1000E-09  0.8465E+04  0.6235E-01
    6.7260 14  1   24.7112   19.2160   24.7112    8.0755   -3.9797    0.9703    0.0000    0.0031  -10.0000    4.7963  0.2011E+09  0.5032E+03  0.2077E-11 -0.8741E-07  0.1000E-09  0.1000E-09  0.1000E-09  0.1000E-09  0.8465E+04  0.6235E-01
    6.7357 14  1   24.7112   19.2152   24.7112    8.0755   -3.9797    0.9711    0.0000    0.0031  -10.0000    4.7969  0.2011E+09  0.5012E+03  0.2084E-11 -0.8741E-07  0.1000E-09  0.1000E-09  0.1000E-09  0.1000E-09  0.8465E+04  0.6235E-01
    6.7455 14  1   24.7112   19.2143   24.7112    8.0755   -3.9797    0.9719    0.0000    0.0031  -10.0000    4.7974  0.2011E+09  0.4991E+03  0.2102E-11 -0.8785E-07  0.1000E-09  0.1000E-09  0.1000E-09  0.1000E-09  0.8465E+04  0.6235E-01
    6.7552 14  1   24.7112   19.2134   24.7112    8.0755   -3.9797    0.9727    0.0000    0.0031  -10.0000    4.7979  0.2011E+09  0.4970E+03  0.2133E-11 -0.8879E-07  0.1000E-09  0.1000E-09  0.1000E-09  0.1000E-09  0.8465E+04  0.6235E-01
    6.7649 14  1   24.7112   19.2126   24.7112    8.0755   -3.9797    0.9736    0.0000    0.0031  -10.0000    4.7984  0.2011E+09  0.4949E+03  0.2153E-11 -0.8930E-07  0.1000E-09  0.1000E-09  0.1000E-09  0.1000E-09  0.8465E+04  0.6235E-01
    6.7746 14  1   24.7112   19.2117   24.7112    8.0755   -3.9797    0.9744    0.0000    0.0031  -10.0000    4.7990  0.2012E+09  0.4929E+03  0.2161E-11 -0.8930E-07  0.1000E-09  0.1000E-09  0.1000E-09  0.1000E-09  0.8466E+04  0.6235E-01
    6.7843 14  1   24.7112   19.2108   24.7112    8.0755   -3.9797    0.9752    0.0000    0.0031  -10.0000    4.7995  0.2012E+09  0.4908E+03  0.2170E-11 -0.8930E-07  0.1000E-09  0.1000E-09  0.1000E-09  0.1000E-09  0.8466E+04  0.6235E-01
    6.7940 14  1   24.7112   19.2100   24.7112    8.0755   -3.9797    0.9760    0.0000    0.0031  -10.0000    4.8000  0.2012E+09  0.4887E+03  0.2171E-11 -0.8904E-07  0.1000E-09  0.1000E-09  0.1000E-09  0.1000E-09  0.8466E+04  0.6235E-01
    6.8038 14  1   24.7112   19.2091   24.7112    8.0755   -3.9797    0.9768    0.0000    0.0031  -10.0000    4.8005  0.2012E+09  0.4867E+03  0.2148E-11 -0.8774E-07  0.1000E-09  0.1000E-09  0.1000E-09  0.1000E-09  0.8466E+04  0.6235E-01
    6.8135 14  1   24.7112   19.2083   24.7112    8.0755   -3.9797    0.9777    0.0000    0.0031  -10.0000    4.8011  0.2012E+09  0.4846E+03  0.2130E-11 -0.8669E-07  0.1000E-09  0.1000E-09  0.1000E-09  0.1000E-09  0.8466E+04  0.6235E-01
    6.8232 14  1   24.7112   19.2074   24.7112    8.0755   -3.9797    0.9785    0.0000    0.0031  -10.0000    4.8016  0.2012E+09  0.4826E+03  0.2138E-11 -0.8669E-07  0.1000E-09  0.1000E-09  0.1000E-09  0.1000E-09  0.8466E+04  0.6235E-01
    6.8329 14  1   24.7112   19.2066   24.7112    8.0755   -3.9797    0.9793    0.0000    0.0032  -10.0000    4.8021  0.2012E+09  0.4806E+03  0.2146E-11 -0.8669E-07  0.1000E-09  0.1000E-09  0.1000E-09  0.1000E-09  0.8467E+04  0.6235E-01
    6.8426 14  1   24.7112   19.2058   24.7112    8.0755   -3.9797    0.9801    0.0000    0.0032  -10.0000    4.8026  0.2012E+09  0.4786E+03  0.2155E-11 -0.8669E-07  0.1000E-09  0.1000E-09  0.1000E-09  0.1000E-09  0.8467E+04  0.6235E-01
    6.8523 14  1   24.7112   19.2049   24.7112    8.0755   -3.9797    0.9810    0.0000    0.0032  -10.0000    4.8032  0.2012E+09  0.4765E+03  0.2180E-11 -0.8738E-07  0.1000E-09  0.1000E-09  0.1000E-09  0.1000E-09  0.8467E+04  0.6235E-01
    6.8621 14  1   24.7112   19.2040   24.7112    8.0755   -3.9797    0.9818    0.0000    0.0032  -10.0000    4.8037  0.2012E+09  0.4744E+03  0.2210E-11 -0.8823E-07  0.1000E-09  0.1000E-09  0.1000E-09  0.1000E-09  0.8467E+04  0.6235E-01
    6.8718 14  1   24.7112   19.2032   24.7112    8.0755   -3.9797    0.9827    0.0000    0.0032  -10.0000    4.8042  0.2013E+09  0.4723E+03  0.2223E-11 -0.8838E-07  0.1000E-09  0.1000E-09  0.1000E-09  0.1000E-09  0.8467E+04  0.6235E-01
    6.8815 14  1   24.7112   19.2023   24.7112    8.0755   -3.9797    0.9835    0.0000    0.0032  -10.0000    4.8048  0.2013E+09  0.4703E+03  0.2231E-11 -0.8838E-07  0.1000E-09  0.1000E-09  0.1000E-09  0.1000E-09  0.8467E+04  0.6235E-01
    6.8912 14  1   24.7112   19.2015   24.7112    8.0755   -3.9797    0.9844    0.0000    0.0032  -10.0000    4.8053  0.2013E+09  0.4682E+03  0.2240E-11 -0.8838E-07  0.1000E-09  0.1000E-09  0.1000E-09  0.1000E-09  0.8468E+04  0.6235E-01
    6.9009 14  1   24.7112   19.2006   24.7112    8.0755   -3.9797    0.9852    0.0000    0.0032  -10.0000    4.8058  0.2013E+09  0.4662E+03  0.2237E-11 -0.8792E-07  0.1000E-09  0.1000E-09  0.1000E-09  0.1000E-09  0.8468E+04  0.6235E-01
    6.9106 14  1   24.7112   19.1998   24.7112    8.0755   -3.9797    0.9861    0.0000    0.0032  -10.0000    4.8064  0.2013E+09  0.4641E+03  0.2227E-11 -0.8716E-07  0.1000E-09  0.1000E-09  0.1000E-09  0.1000E-09  0.8468E+04  0.6235E-01
    6.9204 14  1   24.7112   19.1989   24.7112    8.0755   -3.9797    0.9870    0.0000    0.0032  -10.0000    4.8069  0.2013E+09  0.4621E+03  0.2228E-11 -0.8685E-07  0.1000E-09  0.1000E-09  0.1000E-09  0.1000E-09  0.8468E+04  0.6235E-01
    6.9301 14  1   24.7112   19.1981   24.7112    8.0755   -3.9797    0.9878    0.0000    0.0032  -10.0000    4.8074  0.2013E+09  0.4600E+03  0.2237E-11 -0.8685E-07  0.1000E-09  0.1000E-09  0.1000E-09  0.1000E-09  0.8468E+04  0.6235E-01
    6.9398 14  1   24.7112   19.1972   24.7112    8.0755   -3.9797    0.9887    0.0000    0.0032  -10.0000    4.8080  0.2013E+09  0.4580E+03  0.2246E-11 -0.8685E-07  0.1000E-09  0.1000E-09  0.1000E-09  0.1000E-09  0.8468E+04  0.6235E-01
    6.9495 14  1   24.7112   19.1964   24.7112    8.0755   -3.9797    0.9896    0.0000    0.0032  -10.0000    4.8085  0.2013E+09  0.4560E+03  0.2255E-11 -0.8685E-07  0.1000E-09  0.1000E-09  0.1000E-09  0.1000E-09  0.8469E+04  0.6235E-01
    6.9592 14  1   24.7112   19.1956   24.7112    8.0755   -3.9797    0.9905    0.0000    0.0032  -10.0000    4.8090  0.2014E+09  0.4539E+03  0.2263E-11 -0.8682E-07  0.1000E-09  0.1000E-09  0.1000E-09  0.1000E-09  0.8469E+04  0.6235E-01
    6.9689 14  1   24.7112   19.1947   24.7112    8.0755   -3.9797    0.9914    0.0000    0.0032  -10.0000    4.8096  0.2014E+09  0.4519E+03  0.2272E-11 -0.8679E-07  0.1000E-09  0.1000E-09  0.1000E-09  0.1000E-09  0.8469E+04  0.6235E-01
    6.9787 14  1   24.7112   19.1939   24.7112    8.0755   -3.9797    0.9922    0.0000    0.0032  -10.0000    4.8101  0.2014E+09  0.4498E+03  0.2281E-11 -0.8679E-07  0.1000E-09  0.1000E-09  0.1000E-09  0.1000E-09  0.8469E+04  0.6235E-01
    6.9884 14  1   24.7112   19.1930   24.7112    8.0755   -3.9797    0.9931    0.0000    0.0033  -10.0000    4.8107  0.2014E+09  0.4478E+03  0.2290E-11 -0.8679E-07  0.1000E-09  0.1000E-09  0.1000E-09  0.1000E-09  0.8469E+04  0.6235E-01
    6.9981 14  1   24.7112   19.1922   24.7112    8.0755   -3.9797    0.9940    0.0000    0.0033  -10.0000    4.8112  0.2014E+09  0.4458E+03  0.2300E-11 -0.8679E-07  0.1000E-09  0.1000E-09  0.1000E-09  0.1000E-09  0.8469E+04  0.6235E-01
    7.0078 14  1   24.7112   19.1913   24.7112    8.0755   -3.9797    0.9949    0.0000    0.0033  -10.0000    4.8117  0.2014E+09  0.4437E+03  0.2327E-11 -0.8744E-07  0.1000E-09  0.1000E-09  0.1000E-09  0.1000E-09  0.8470E+04  0.6235E-01
    7.0175 14  1   24.7112   19.1905   24.7112    8.0755   -3.9797    0.9959    0.0000    0.0033  -10.0000    4.8123  0.2014E+09  0.4416E+03  0.2355E-11 -0.8812E-07  0.1000E-09  0.1000E-09  0.1000E-09  0.1000E-09  0.8470E+04  0.6235E-01
    7.0272 14  1   24.7112   19.1896   24.7112    8.0755   -3.9797    0.9968    0.0000    0.0033  -10.0000    4.8128  0.2014E+09  0.4395E+03  0.2366E-11 -0.8816E-07  0.1000E-09  0.1000E-09  0.1000E-09  0.1000E-09  0.8470E+04  0.6235E-01
    7.0370 14  1   24.7112   19.1888   24.7112    8.0755   -3.9797    0.9977    0.0000    0.0033  -10.0000    4.8134  0.2015E+09  0.4375E+03  0.2376E-11 -0.8816E-07  0.1000E-09  0.1000E-09  0.1000E-09  0.1000E-09  0.8470E+04  0.6235E-01
    7.0467 14  1   24.7112   19.1879   24.7112    8.0755   -3.9797    0.9986    0.0000    0.0033  -10.0000    4.8139  0.2015E+09  0.4354E+03  0.2386E-11 -0.8816E-07  0.1000E-09  0.1000E-09  0.1000E-09  0.1000E-09  0.8470E+04  0.6235E-01
    7.0564 14  1   24.7112   19.1871   24.7112    8.0755   -3.9797    0.9996    0.0000    0.0033  -10.0000    4.8145  0.2015E+09  0.4334E+03  0.2380E-11 -0.8755E-07  0.1000E-09  0.1000E-09  0.1000E-09  0.1000E-09  0.8470E+04  0.6235E-01
    7.0661 14  1   24.7112   19.1862   24.7112    8.0755   -3.9797    1.0005    0.0000    0.0033  -10.0000    4.8150  0.2015E+09  0.4313E+03  0.2366E-11 -0.8666E-07  0.1000E-09  0.1000E-09  0.1000E-09  0.1000E-09  0.8471E+04  0.6235E-01
    7.0758 14  1   24.7112   19.1854   24.7112    8.0755   -3.9797    1.0015    0.0000    0.0033  -10.0000    4.8156  0.2015E+09  0.4293E+03  0.2369E-11 -0.8638E-07  0.1000E-09  0.1000E-09  0.1000E-09  0.1000E-09  0.8471E+04  0.6235E-01
    7.0855 14  1   24.7112   19.1845   24.7112    8.0755   -3.9797    1.0024    0.0000    0.0033  -10.0000    4.8161  0.2015E+09  0.4272E+03  0.2379E-11 -0.8638E-07  0.1000E-09  0.1000E-09  0.1000E-09  0.1000E-09  0.8471E+04  0.6235E-01
    7.0953 14  1   24.7112   19.1837   24.7112    8.0755   -3.9797    1.0033    0.0000    0.0033  -10.0000    4.8167  0.2015E+09  0.4252E+03  0.2389E-11 -0.8638E-07  0.1000E-09  0.1000E-09  0.1000E-09  0.1000E-09  0.8471E+04  0.6235E-01
    7.1050 14  1   24.7112   19.1829   24.7112    8.0755   -3.9797    1.0043    0.0000    0.0033  -10.0000    4.8172  0.2015E+09  0.4232E+03  0.2398E-11 -0.8631E-07  0.1000E-09  0.1000E-09  0.1000E-09  0.1000E-09  0.8471E+04  0.6235E-01
    7.1147 14  1   24.7112   19.1820   24.7112    8.0755   -3.9797    1.0053    0.0000    0.0033  -10.0000    4.8178  0.2015E+09  0.4211E+03  0.2404E-11 -0.8615E-07  0.1000E-09  0.1000E-09  0.1000E-09  0.1000E-09  0.8471E+04  0.6235E-01
    7.1244 14  1   24.7112   19.1812   24.7112    8.0755   -3.9797    1.0062    0.0000    0.0034  -10.0000    4.8183  0.2016E+09  0.4191E+03  0.2412E-11 -0.8605E-07  0.1000E-09  0.1000E-09  0.1000E-09  0.1000E-09  0.8472E+04  0.6235E-01
    7.1341 14  1   24.7112   19.1803   24.7112    8.0755   -3.9797    1.0072    0.0000    0.0034  -10.0000    4.8189  0.2016E+09  0.4170E+03  0.2422E-11 -0.8605E-07  0.1000E-09  0.1000E-09  0.1000E-09  0.1000E-09  0.8472E+04  0.6235E-01
    7.1438 14  1   24.7112   19.1795   24.7112    8.0755   -3.9797    1.0082    0.0000    0.0034  -10.0000    4.8194  0.2016E+09  0.4150E+03  0.2433E-11 -0.8605E-07  0.1000E-09  0.1000E-09  0.1000E-09  0.1000E-09  0.8472E+04  0.6235E-01
    7.1536 14  1   24.7112   19.1787   24.7112    8.0755   -3.9797    1.0091    0.0000    0.0034  -10.0000    4.8200  0.2016E+09  0.4130E+03  0.2442E-11 -0.8596E-07  0.1000E-09  0.1000E-09  0.1000E-09  0.1000E-09  0.8472E+04  0.6235E-01
    7.1633 14  1   24.7112   19.1778   24.7112    8.0755   -3.9797    1.0101    0.0000    0.0034  -10.0000    4.8205  0.2016E+09  0.4109E+03  0.2431E-11 -0.8520E-07  0.1000E-09  0.1000E-09  0.1000E-09  0.1000E-09  0.8472E+04  0.6235E-01
    7.1730 14  1   24.7112   19.1770   24.7112    8.0755   -3.9797    1.0111    0.0000    0.0034  -10.0000    4.8211  0.2016E+09  0.4089E+03  0.2422E-11 -0.8452E-07  0.1000E-09  0.1000E-09  0.1000E-09  0.1000E-09  0.8472E+04  0.6235E-01
    7.1827 14  1   24.7112   19.1762   24.7112    8.0755   -3.9797    1.0121    0.0000    0.0034  -10.0000    4.8216  0.2016E+09  0.4068E+03  0.2433E-11 -0.8452E-07  0.1000E-09  0.1000E-09  0.1000E-09  0.1000E-09  0.8472E+04  0.6235E-01
    7.1924 14  1   24.7112   19.1754   24.7112    8.0755   -3.9797    1.0131    0.0000    0.0034  -10.0000    4.8222  0.2016E+09  0.4048E+03  0.2445E-11 -0.8452E-07  0.1000E-09  0.1000E-09  0.1000E-09  0.1000E-09  0.8473E+04  0.6235E-01
    7.2021 14  1   24.7112   19.1746   24.7112    8.0755   -3.9797    1.0141    0.0000    0.0034  -10.0000    4.8227  0.2017E+09  0.4028E+03  0.2456E-11 -0.8452E-07  0.1000E-09  0.1000E-09  0.1000E-09  0.1000E-09  0.8473E+04  0.6235E-01
    7.2118 14  1   24.7112   19.1737   24.7112    8.0755   -3.9797    1.0151    0.0000    0.0034  -10.0000    4.8233  0.2017E+09  0.4008E+03  0.2457E-11 -0.8418E-07  0.1000E-09  0.1000E-09  0.1000E-09  0.1000E-09  0.8473E+04  0.6235E-01
    7.2216 14  1   24.7112   19.1729   24.7112    8.0755   -3.9797    1.0161    0.0000    0.0034  -10.0000    4.8238  0.2017E+09  0.3988E+03  0.2456E-11 -0.8376E-07  0.1000E-09  0.1000E-09  0.1000E-09  0.1000E-09  0.8473E+04  0.6235E-01
    7.2313 14  1   24.7112   19.1721   24.7112    8.0755   -3.9797    1.0171    0.0000    0.0034  -10.0000    4.8244  0.2017E+09  0.3967E+03  0.2465E-11 -0.8368E-07  0.1000E-09  0.1000E-09  0.1000E-09  0.1000E-09  0.8473E+04  0.6235E-01
    7.2410 14  1   24.7112   19.1713   24.7112    8.0755   -3.9797    1.0181    0.0000    0.0034  -10.0000    4.8250  0.2017E+09  0.3947E+03  0.2477E-11 -0.8368E-07  0.1000E-09  0.1000E-09  0.1000E-09  0.1000E-09  0.8473E+04  0.6235E-01
    7.2507 14  1   24.7112   19.1705   24.7112    8.0755   -3.9797    1.0191    0.0000    0.0035  -10.0000    4.8255  0.2017E+09  0.3927E+03  0.2489E-11 -0.8368E-07  0.1000E-09  0.1000E-09  0.1000E-09  0.1000E-09  0.8474E+04  0.6235E-01
    7.2604 14  1   24.7112   19.1697   24.7112    8.0755   -3.9797    1.0202    0.0000    0.0035  -10.0000    4.8261  0.2017E+09  0.3907E+03  0.2501E-11 -0.8369E-07  0.1000E-09  0.1000E-09  0.1000E-09  0.1000E-09  0.8474E+04  0.6235E-01
    7.2701 14  1   24.7112   19.1689   24.7112    8.0755   -3.9797    1.0212    0.0000    0.0035  -10.0000    4.8266  0.2017E+09  0.3886E+03  0.2513E-11 -0.8371E-07  0.1000E-09  0.1000E-09  0.1000E-09  0.1000E-09  0.8474E+04  0.6235E-01
    7.2799 14  1   24.7112   19.1680   24.7112    8.0755   -3.9797    1.0223    0.0000    0.0035  -10.0000    4.8272  0.2017E+09  0.3866E+03  0.2526E-11 -0.8373E-07  0.1000E-09  0.1000E-09  0.1000E-09  0.1000E-09  0.8474E+04  0.6235E-01
    7.2896 14  1   24.7112   19.1672   24.7112    8.0755   -3.9797    1.0233    0.0000    0.0035  -10.0000    4.8278  0.2018E+09  0.3846E+03  0.2538E-11 -0.8373E-07  0.1000E-09  0.1000E-09  0.1000E-09  0.1000E-09  0.8474E+04  0.6235E-01
    7.2993 14  1   24.7112   19.1664   24.7112    8.0755   -3.9797    1.0244    0.0000    0.0035  -10.0000    4.8283  0.2018E+09  0.3825E+03  0.2551E-11 -0.8373E-07  0.1000E-09  0.1000E-09  0.1000E-09  0.1000E-09  0.8474E+04  0.6235E-01
    7.3090 14  1   24.7112   19.1656   24.7112    8.0755   -3.9797    1.0254    0.0000    0.0035  -10.0000    4.8289  0.2018E+09  0.3805E+03  0.2560E-11 -0.8362E-07  0.1000E-09  0.1000E-09  0.1000E-09  0.1000E-09  0.8475E+04  0.6235E-01
    7.3187 14  1   24.7112   19.1648   24.7112    8.0755   -3.9797    1.0265    0.0000    0.0035  -10.0000    4.8295  0.2018E+09  0.3785E+03  0.2553E-11 -0.8299E-07  0.1000E-09  0.1000E-09  0.1000E-09  0.1000E-09  0.8475E+04  0.6235E-01
    7.3284 14  1   24.7112   19.1640   24.7112    8.0755   -3.9797    1.0276    0.0000    0.0035  -10.0000    4.8300  0.2018E+09  0.3764E+03  0.2550E-11 -0.8248E-07  0.1000E-09  0.1000E-09  0.1000E-09  0.1000E-09  0.8475E+04  0.6235E-01
    7.3382 14  1   24.7112   19.1632   24.7112    8.0755   -3.9797    1.0287    0.0000    0.0035  -10.0000    4.8306  0.2018E+09  0.3744E+03  0.2563E-11 -0.8248E-07  0.1000E-09  0.1000E-09  0.1000E-09  0.1000E-09  0.8475E+04  0.6235E-01
    7.3479 14  1   24.7112   19.1624   24.7112    8.0755   -3.9797    1.0298    0.0000    0.0035  -10.0000    4.8312  0.2018E+09  0.3724E+03  0.2575E-11 -0.8248E-07  0.1000E-09  0.1000E-09  0.1000E-09  0.1000E-09  0.8475E+04  0.6235E-01
    7.3576 14  1   24.7112   19.1616   24.7112    8.0755   -3.9797    1.0309    0.0000    0.0035  -10.0000    4.8317  0.2018E+09  0.3704E+03  0.2588E-11 -0.8248E-07  0.1000E-09  0.1000E-09  0.1000E-09  0.1000E-09  0.8475E+04  0.6235E-01
    7.3673 14  1   24.7112   19.1608   24.7112    8.0755   -3.9797    1.0320    0.0000    0.0036  -10.0000    4.8323  0.2019E+09  0.3684E+03  0.2585E-11 -0.8196E-07  0.1000E-09  0.1000E-09  0.1000E-09  0.1000E-09  0.8475E+04  0.6235E-01
    7.3770 14  1   24.7112   19.1600   24.7112    8.0755   -3.9797    1.0331    0.0000    0.0036  -10.0000    4.8329  0.2019E+09  0.3663E+03  0.2579E-11 -0.8136E-07  0.1000E-09  0.1000E-09  0.1000E-09  0.1000E-09  0.8476E+04  0.6235E-01
    7.3867 14  1   24.7112   19.1592   24.7112    8.0755   -3.9797    1.0342    0.0000    0.0036  -10.0000    4.8335  0.2019E+09  0.3643E+03  0.2590E-11 -0.8129E-07  0.1000E-09  0.1000E-09  0.1000E-09  0.1000E-09  0.8476E+04  0.6235E-01
    7.3965 14  1   24.7112   19.1584   24.7112    8.0755   -3.9797    1.0353    0.0000    0.0036  -10.0000    4.8340  0.2019E+09  0.3623E+03  0.2603E-11 -0.8129E-07  0.1000E-09  0.1000E-09  0.1000E-09  0.1000E-09  0.8476E+04  0.6235E-01
    7.4062 14  1   24.7112   19.1576   24.7112    8.0755   -3.9797    1.0364    0.0000    0.0036  -10.0000    4.8346  0.2019E+09  0.3603E+03  0.2617E-11 -0.8129E-07  0.1000E-09  0.1000E-09  0.1000E-09  0.1000E-09  0.8476E+04  0.6235E-01
    7.4159 14  1   24.7112   19.1569   24.7112    8.0755   -3.9797    1.0376    0.0000    0.0036  -10.0000    4.8352  0.2019E+09  0.3583E+03  0.2626E-11 -0.8115E-07  0.1000E-09  0.1000E-09  0.1000E-09  0.1000E-09  0.8476E+04  0.6235E-01
    7.4256 14  1   24.7112   19.1561   24.7112    8.0755   -3.9797    1.0387    0.0000    0.0036  -10.0000    4.8357  0.2019E+09  0.3562E+03  0.2632E-11 -0.8090E-07  0.1000E-09  0.1000E-09  0.1000E-09  0.1000E-09  0.8476E+04  0.6235E-01
    7.4353 14  1   24.7112   19.1553   24.7112    8.0755   -3.9797    1.0399    0.0000    0.0036  -10.0000    4.8363  0.2019E+09  0.3542E+03  0.2642E-11 -0.8079E-07  0.1000E-09  0.1000E-09  0.1000E-09  0.1000E-09  0.8477E+04  0.6235E-01
    7.4450 14  1   24.7112   19.1545   24.7112    8.0755   -3.9797    1.0410    0.0000    0.0036  -10.0000    4.8369  0.2020E+09  0.3522E+03  0.2656E-11 -0.8079E-07  0.1000E-09  0.1000E-09  0.1000E-09  0.1000E-09  0.8477E+04  0.6235E-01
    7.4548 14  1   24.7112   19.1537   24.7112    8.0755   -3.9797    1.0422    0.0000    0.0036  -10.0000    4.8375  0.2020E+09  0.3502E+03  0.2670E-11 -0.8079E-07  0.1000E-09  0.1000E-09  0.1000E-09  0.1000E-09  0.8477E+04  0.6235E-01
    7.4645 14  1   24.7112   19.1529   24.7112    8.0755   -3.9797    1.0433    0.0000    0.0037  -10.0000    4.8381  0.2020E+09  0.3481E+03  0.2672E-11 -0.8042E-07  0.1000E-09  0.1000E-09  0.1000E-09  0.1000E-09  0.8477E+04  0.6235E-01
    7.4742 14  1   24.7112   19.1522   24.7112    8.0755   -3.9797    1.0445    0.0000    0.0037  -10.0000    4.8386  0.2020E+09  0.3461E+03  0.2648E-11 -0.7925E-07  0.1000E-09  0.1000E-09  0.1000E-09  0.1000E-09  0.8477E+04  0.6235E-01
    7.4839 14  1   24.7112   19.1514   24.7112    8.0755   -3.9797    1.0457    0.0000    0.0037  -10.0000    4.8392  0.2020E+09  0.3441E+03  0.2635E-11 -0.7845E-07  0.1000E-09  0.1000E-09  0.1000E-09  0.1003E-09  0.8477E+04  0.6235E-01
    7.4936 14  1   24.7112   19.1506   24.7112    8.0755   -3.9797    1.0469    0.0000    0.0037  -10.0000    4.8398  0.2020E+09  0.3421E+03  0.2650E-11 -0.7845E-07  0.1000E-09  0.1000E-09  0.1000E-09  0.1006E-09  0.8477E+04  0.6235E-01
    7.5033 14  1   24.7112   19.1499   24.7112    8.0755   -3.9797    1.0481    0.0000    0.0037  -10.0000    4.8404  0.2020E+09  0.3401E+03  0.2664E-11 -0.7845E-07  0.1000E-09  0.1000E-09  0.1000E-09  0.1009E-09  0.8478E+04  0.6235E-01
    7.5131 14  1   24.7112   19.1491   24.7112    8.0755   -3.9797    1.0493    0.0000    0.0037  -10.0000    4.8410  0.2021E+09  0.3381E+03  0.2679E-11 -0.7845E-07  0.1000E-09  0.1000E-09  0.1000E-09  0.1012E-09  0.8478E+04  0.6235E-01
    7.5228 14  1   24.7112   19.1484   24.7112    8.0755   -3.9797    1.0505    0.0000    0.0037  -10.0000    4.8416  0.2021E+09  0.3361E+03  0.2680E-11 -0.7806E-07  0.1000E-09  0.1000E-09  0.1000E-09  0.1014E-09  0.8478E+04  0.6235E-01
    7.5325 14  1   24.7112   19.1476   24.7112    8.0755   -3.9797    1.0517    0.0000    0.0037  -10.0000    4.8421  0.2021E+09  0.3341E+03  0.2681E-11 -0.7765E-07  0.1000E-09  0.1000E-09  0.1000E-09  0.1017E-09  0.8478E+04  0.6235E-01
    7.5422 14  1   24.7112   19.1468   24.7112    8.0755   -3.9797    1.0530    0.0000    0.0037  -10.0000    4.8427  0.2021E+09  0.3320E+03  0.2696E-11 -0.7765E-07  0.1000E-09  0.1000E-09  0.1000E-09  0.1020E-09  0.8478E+04  0.6235E-01
    7.5519 14  1   24.7112   19.1461   24.7112    8.0755   -3.9797    1.0542    0.0000    0.0037  -10.0000    4.8433  0.2021E+09  0.3300E+03  0.2711E-11 -0.7765E-07  0.1000E-09  0.1000E-09  0.1000E-09  0.1023E-09  0.8478E+04  0.6235E-01
    7.5616 14  1   24.7112   19.1453   24.7112    8.0755   -3.9797    1.0554    0.0000    0.0038  -10.0000    4.8439  0.2021E+09  0.3280E+03  0.2726E-11 -0.7765E-07  0.1000E-09  0.1000E-09  0.1000E-09  0.1026E-09  0.8478E+04  0.6235E-01
    7.5714 14  1   24.7112   19.1446   24.7112    8.0755   -3.9797    1.0567    0.0000    0.0038  -10.0000    4.8445  0.2021E+09  0.3260E+03  0.2711E-11 -0.7676E-07  0.1000E-09  0.1000E-09  0.1000E-09  0.1029E-09  0.8479E+04  0.6235E-01
    7.5811 14  1   24.7112   19.1439   24.7112    8.0755   -3.9797    1.0579    0.0000    0.0038  -10.0000    4.8451  0.2021E+09  0.3240E+03  0.2683E-11 -0.7553E-07  0.1000E-09  0.1000E-09  0.1000E-09  0.1032E-09  0.8479E+04  0.6235E-01
    7.5908 14  1   24.7112   19.1431   24.7112    8.0755   -3.9797    1.0592    0.0000    0.0038  -10.0000    4.8457  0.2022E+09  0.3220E+03  0.2686E-11 -0.7519E-07  0.1000E-09  0.1000E-09  0.1000E-09  0.1035E-09  0.8479E+04  0.6235E-01
    7.6005 14  1   24.7112   19.1424   24.7112    8.0755   -3.9797    1.0605    0.0000    0.0038  -10.0000    4.8463  0.2022E+09  0.3200E+03  0.2702E-11 -0.7519E-07  0.1000E-09  0.1000E-09  0.1000E-09  0.1039E-09  0.8479E+04  0.6235E-01
    7.6102 14  1   24.7112   19.1417   24.7112    8.0755   -3.9797    1.0617    0.0000    0.0038  -10.0000    4.8469  0.2022E+09  0.3181E+03  0.2718E-11 -0.7519E-07  0.1000E-09  0.1000E-09  0.1000E-09  0.1042E-09  0.8479E+04  0.6235E-01
    7.6199 14  1   24.7112   19.1409   24.7112    8.0755   -3.9797    1.0630    0.0000    0.0038  -10.0000    4.8475  0.2022E+09  0.3161E+03  0.2724E-11 -0.7494E-07  0.1000E-09  0.1000E-09  0.1000E-09  0.1045E-09  0.8479E+04  0.6235E-01
    7.6297 14  1   24.7112   19.1402   24.7112    8.0755   -3.9797    1.0643    0.0000    0.0038  -10.0000    4.8480  0.2022E+09  0.3141E+03  0.2716E-11 -0.7428E-07  0.1000E-09  0.1000E-09  0.1000E-09  0.1048E-09  0.8479E+04  0.6235E-01
    7.6394 14  1   24.7112   19.1395   24.7112    8.0755   -3.9797    1.0656    0.0000    0.0038  -10.0000    4.8486  0.2022E+09  0.3120E+03  0.2717E-11 -0.7386E-07  0.1000E-09  0.1000E-09  0.1000E-09  0.1051E-09  0.8480E+04  0.6235E-01
    7.6491 14  1   24.7112   19.1388   24.7112    8.0755   -3.9797    1.0669    0.0000    0.0039  -10.0000    4.8492  0.2022E+09  0.3101E+03  0.2734E-11 -0.7386E-07  0.1000E-09  0.1000E-09  0.1000E-09  0.1055E-09  0.8480E+04  0.6235E-01
    7.6588 14  1   24.7112   19.1381   24.7112    8.0755   -3.9797    1.0683    0.0000    0.0039  -10.0000    4.8498  0.2022E+09  0.3081E+03  0.2750E-11 -0.7386E-07  0.1000E-09  0.1000E-09  0.1000E-09  0.1058E-09  0.8480E+04  0.6235E-01
    7.6685 14  1   24.7112   19.1373   24.7112    8.0755   -3.9797    1.0696    0.0000    0.0039  -10.0000    4.8504  0.2023E+09  0.3061E+03  0.2763E-11 -0.7377E-07  0.1000E-09  0.1000E-09  0.1000E-09  0.1061E-09  0.8480E+04  0.6235E-01
    7.6782 14  1   24.7112   19.1366   24.7112    8.0755   -3.9797    1.0709    0.0000    0.0039  -10.0000    4.8510  0.2023E+09  0.3041E+03  0.2749E-11 -0.7295E-07  0.1000E-09  0.1000E-09  0.1000E-09  0.1064E-09  0.8480E+04  0.6235E-01
    7.6880 14  1   24.7112   19.1359   24.7112    8.0755   -3.9797    1.0723    0.0000    0.0039  -10.0000    4.8516  0.2023E+09  0.3021E+03  0.2739E-11 -0.7223E-07  0.1000E-09  0.1000E-09  0.1000E-09  0.1068E-09  0.8480E+04  0.6235E-01
    7.6977 14  1   24.7112   19.1352   24.7112    8.0755   -3.9797    1.0737    0.0000    0.0039  -10.0000    4.8523  0.2023E+09  0.3001E+03  0.2756E-11 -0.7223E-07  0.1000E-09  0.1000E-09  0.1000E-09  0.1071E-09  0.8480E+04  0.6235E-01
    7.7074 14  1   24.7112   19.1345   24.7112    8.0755   -3.9797    1.0750    0.0000    0.0039  -10.0000    4.8529  0.2023E+09  0.2981E+03  0.2774E-11 -0.7223E-07  0.1000E-09  0.1000E-09  0.1000E-09  0.1075E-09  0.8481E+04  0.6235E-01
    7.7171 14  1   24.7112   19.1338   24.7112    8.0755   -3.9797    1.0764    0.0000    0.0039  -10.0000    4.8535  0.2023E+09  0.2961E+03  0.2791E-11 -0.7223E-07  0.1000E-09  0.1000E-09  0.1000E-09  0.1078E-09  0.8481E+04  0.6235E-01
    7.7268 14  1   24.7112   19.1331   24.7112    8.0755   -3.9797    1.0778    0.0000    0.0040  -10.0000    4.8541  0.2023E+09  0.2941E+03  0.2763E-11 -0.7106E-07  0.1000E-09  0.1000E-09  0.1000E-09  0.1082E-09  0.8481E+04  0.6235E-01
    7.7365 14  1   24.7112   19.1325   24.7112    8.0755   -3.9797    1.0792    0.0000    0.0040  -10.0000    4.8547  0.2024E+09  0.2921E+03  0.2727E-11 -0.6968E-07  0.1000E-09  0.1000E-09  0.1000E-09  0.1085E-09  0.8481E+04  0.6235E-01
    7.7463 14  1   24.7112   19.1318   24.7112    8.0755   -3.9797    1.0806    0.0000    0.0040  -10.0000    4.8553  0.2024E+09  0.2901E+03  0.2736E-11 -0.6947E-07  0.1000E-09  0.1000E-09  0.1000E-09  0.1089E-09  0.8481E+04  0.6235E-01
    7.7560 14  1   24.7112   19.1311   24.7112    8.0755   -3.9797    1.0820    0.0000    0.0040  -10.0000    4.8559  0.2024E+09  0.2882E+03  0.2754E-11 -0.6947E-07  0.1000E-09  0.1000E-09  0.1000E-09  0.1092E-09  0.8481E+04  0.6235E-01
    7.7657 14  1   24.7112   19.1304   24.7112    8.0755   -3.9797    1.0834    0.0000    0.0040  -10.0000    4.8565  0.2024E+09  0.2862E+03  0.2772E-11 -0.6947E-07  0.1000E-09  0.1000E-09  0.1000E-09  0.1096E-09  0.8481E+04  0.6235E-01
    7.7754 14  1   24.7112   19.1298   24.7112    8.0755   -3.9797    1.0848    0.0000    0.0040  -10.0000    4.8571  0.2024E+09  0.2842E+03  0.2776E-11 -0.6913E-07  0.1000E-09  0.1000E-09  0.1000E-09  0.1100E-09  0.8481E+04  0.6235E-01
    7.7851 14  1   24.7112   19.1291   24.7112    8.0755   -3.9797    1.0863    0.0000    0.0040  -10.0000    4.8577  0.2024E+09  0.2822E+03  0.2767E-11 -0.6845E-07  0.1000E-09  0.1000E-09  0.1000E-09  0.1104E-09  0.8482E+04  0.6235E-01
    7.7948 14  1   24.7112   19.1284   24.7112    8.0755   -3.9797    1.0878    0.0000    0.0040  -10.0000    4.8583  0.2024E+09  0.2802E+03  0.2772E-11 -0.6812E-07  0.1000E-09  0.1000E-09  0.1000E-09  0.1107E-09  0.8482E+04  0.6235E-01
    7.8046 14  1   24.7112   19.1278   24.7112    8.0755   -3.9797    1.0892    0.0000    0.0041  -10.0000    4.8590  0.2024E+09  0.2782E+03  0.2791E-11 -0.6812E-07  0.1000E-09  0.1000E-09  0.1000E-09  0.1111E-09  0.8482E+04  0.6235E-01
    7.8143 14  1   24.7112   19.1271   24.7112    8.0755   -3.9797    1.0907    0.0000    0.0041  -10.0000    4.8596  0.2025E+09  0.2763E+03  0.2810E-11 -0.6812E-07  0.1000E-09  0.1000E-09  0.1000E-09  0.1115E-09  0.8482E+04  0.6235E-01
    7.8240 14  1   24.7112   19.1265   24.7112    8.0755   -3.9797    1.0920    0.0000    0.0041  -10.0000    4.8602  0.2025E+09  0.2745E+03  0.2653E-11 -0.6389E-07  0.1000E-09  0.1000E-09  0.1000E-09  0.1118E-09  0.8482E+04  0.6235E-01
    7.8337 14  1   24.7112   19.1260   24.7112    8.0755   -3.9797    1.0929    0.0000    0.0041  -10.0000    4.8607  0.2025E+09  0.2733E+03  0.1961E-11 -0.4694E-07  0.1000E-09  0.1000E-09  0.1000E-09  0.1121E-09  0.8482E+04  0.6235E-01
    7.8434 14  1   24.7112   19.1257   24.7112    8.0755   -3.9797    1.0939    0.0000    0.0041  -10.0000    4.8612  0.2025E+09  0.2721E+03  0.1449E-11 -0.3454E-07  0.1000E-09  0.1000E-09  0.1000E-09  0.1123E-09  0.8482E+04  0.6235E-01
    7.8531 14  1   24.7112   19.1253   24.7112    8.0755   -3.9797    1.0948    0.0000    0.0041  -10.0000    4.8617  0.2025E+09  0.2709E+03  0.1524E-11 -0.3618E-07  0.1000E-09  0.1000E-09  0.1000E-09  0.1126E-09  0.8482E+04  0.6235E-01
    7.8629 14  1   24.7112   19.1250   24.7112    8.0755   -3.9797    1.0957    0.0000    0.0041  -10.0000    4.8622  0.2025E+09  0.2697E+03  0.1593E-11 -0.3764E-07  0.1000E-09  0.1000E-09  0.1000E-09  0.1128E-09  0.8482E+04  0.6235E-01
    7.8726 14  1   24.7112   19.1246   24.7112    8.0755   -3.9797    1.0967    0.0000    0.0041  -10.0000    4.8627  0.2025E+09  0.2684E+03  0.1638E-11 -0.3854E-07  0.1000E-09  0.1000E-09  0.1000E-09  0.1131E-09  0.8482E+04  0.6235E-01
    7.8823 14  1   24.7112   19.1242   24.7112    8.0755   -3.9797    1.0976    0.0000    0.0041  -10.0000    4.8633  0.2025E+09  0.2672E+03  0.1689E-11 -0.3958E-07  0.1000E-09  0.1000E-09  0.1000E-09  0.1133E-09  0.8483E+04  0.6235E-01
    7.8920 14  1   24.7112   19.1238   24.7112    8.0755   -3.9797    1.0985    0.0000    0.0041  -10.0000    4.8638  0.2025E+09  0.2660E+03  0.1773E-11 -0.4138E-07  0.1000E-09  0.1000E-09  0.1000E-09  0.1136E-09  0.8483E+04  0.6235E-01
    7.9017 14  1   24.7112   19.1234   24.7112    8.0755   -3.9797    1.0995    0.0000    0.0042  -10.0000    4.8643  0.2025E+09  0.2648E+03  0.1850E-11 -0.4298E-07  0.1000E-09  0.1000E-09  0.1000E-09  0.1138E-09  0.8483E+04  0.6235E-01
    7.9114 14  1   24.7112   19.1230   24.7112    8.0755   -3.9797    1.1005    0.0000    0.0042  -10.0000    4.8648  0.2025E+09  0.2636E+03  0.1882E-11 -0.4352E-07  0.1000E-09  0.1000E-09  0.1000E-09  0.1141E-09  0.8483E+04  0.6235E-01
    7.9212 14  1   24.7112   19.1226   24.7112    8.0755   -3.9797    1.1014    0.0000    0.0042  -10.0000    4.8653  0.2026E+09  0.2623E+03  0.1918E-11 -0.4416E-07  0.1000E-09  0.1000E-09  0.1000E-09  0.1143E-09  0.8483E+04  0.6235E-01
    7.9309 14  1   24.7112   19.1221   24.7112    8.0755   -3.9797    1.1024    0.0000    0.0042  -10.0000    4.8659  0.2026E+09  0.2611E+03  0.1989E-11 -0.4561E-07  0.1000E-09  0.1000E-09  0.1000E-09  0.1146E-09  0.8483E+04  0.6235E-01
    7.9406 14  1   24.7112   19.1217   24.7112    8.0755   -3.9797    1.1033    0.0000    0.0042  -10.0000    4.8664  0.2026E+09  0.2599E+03  0.2058E-11 -0.4697E-07  0.1000E-09  0.1000E-09  0.1000E-09  0.1148E-09  0.8483E+04  0.6235E-01
    7.9503 14  1   24.7112   19.1212   24.7112    8.0755   -3.9797    1.1043    0.0000    0.0042  -10.0000    4.8669  0.2026E+09  0.2587E+03  0.2105E-11 -0.4784E-07  0.1000E-09  0.1000E-09  0.1000E-09  0.1151E-09  0.8483E+04  0.6235E-01
    7.9600 14  1   24.7112   19.1207   24.7112    8.0755   -3.9797    1.1053    0.0000    0.0042  -10.0000    4.8674  0.2026E+09  0.2575E+03  0.2154E-11 -0.4873E-07  0.1000E-09  0.1000E-09  0.1000E-09  0.1154E-09  0.8483E+04  0.6235E-01
    7.9697 14  1   24.7112   19.1202   24.7112    8.0755   -3.9797    1.1063    0.0000    0.0042  -10.0000    4.8680  0.2026E+09  0.2562E+03  0.2257E-11 -0.5084E-07  0.1000E-09  0.1000E-09  0.1000E-09  0.1156E-09  0.8483E+04  0.6235E-01
    7.9795 14  1   24.7112   19.1197   24.7112    8.0755   -3.9797    1.1073    0.0000    0.0042  -10.0000    4.8685  0.2026E+09  0.2550E+03  0.2355E-11 -0.5281E-07  0.1000E-09  0.1000E-09  0.1000E-09  0.1159E-09  0.8483E+04  0.6235E-01
    7.9892 14  1   24.7112   19.1192   24.7112    8.0755   -3.9797    1.1082    0.0000    0.0042  -10.0000    4.8690  0.2026E+09  0.2538E+03  0.2360E-11 -0.5267E-07  0.1000E-09  0.1000E-09  0.1000E-09  0.1162E-09  0.8483E+04  0.6235E-01
    7.9989 14  1   24.7112   19.1187   24.7112    8.0755   -3.9797    1.1092    0.0000    0.0042  -10.0000    4.8695  0.2026E+09  0.2526E+03  0.2367E-11 -0.5260E-07  0.1000E-09  0.1000E-09  0.1000E-09  0.1164E-09  0.8484E+04  0.6235E-01
    8.0086 14  1   24.7112   19.1181   24.7112    8.0755   -3.9797    1.1102    0.0000    0.0043  -10.0000    4.8700  0.2026E+09  0.2513E+03  0.2491E-11 -0.5511E-07  0.1000E-09  0.1000E-09  0.1000E-09  0.1167E-09  0.8484E+04  0.6235E-01
    8.0183 14  1   24.7112   19.1176   24.7112    8.0755   -3.9797    1.1112    0.0000    0.0043  -10.0000    4.8706  0.2027E+09  0.2501E+03  0.2615E-11 -0.5759E-07  0.1000E-09  0.1000E-09  0.1000E-09  0.1170E-09  0.8484E+04  0.6235E-01
    8.0280 14  1   24.7112   19.1170   24.7112    8.0755   -3.9797    1.1122    0.0000    0.0043  -10.0000    4.8711  0.2027E+09  0.2489E+03  0.2655E-11 -0.5819E-07  0.1000E-09  0.1000E-09  0.1000E-09  0.1173E-09  0.8484E+04  0.6235E-01
    8.0378 14  1   24.7112   19.1165   24.7112    8.0755   -3.9797    1.1132    0.0000    0.0043  -10.0000    4.8716  0.2027E+09  0.2477E+03  0.2695E-11 -0.5880E-07  0.1000E-09  0.1000E-09  0.1000E-09  0.1176E-09  0.8484E+04  0.6235E-01
    8.0475 14  1   24.7112   19.1159   24.7112    8.0755   -3.9797    1.1143    0.0000    0.0043  -10.0000    4.8722  0.2027E+09  0.2464E+03  0.2801E-11 -0.6082E-07  0.1000E-09  0.1000E-09  0.1000E-09  0.1178E-09  0.8484E+04  0.6235E-01
    8.0572 14  1   24.7112   19.1152   24.7112    8.0755   -3.9797    1.1153    0.0000    0.0043  -10.0000    4.8727  0.2027E+09  0.2452E+03  0.2907E-11 -0.6283E-07  0.1000E-09  0.1000E-09  0.1000E-09  0.1181E-09  0.8484E+04  0.6235E-01
    8.0669 14  1   24.7112   19.1146   24.7112    8.0755   -3.9797    1.1163    0.0000    0.0043  -10.0000    4.8732  0.2027E+09  0.2440E+03  0.2942E-11 -0.6329E-07  0.1000E-09  0.1000E-09  0.1000E-09  0.1184E-09  0.8484E+04  0.6235E-01
    8.0766 14  1   24.7112   19.1140   24.7112    8.0755   -3.9797    1.1173    0.0000    0.0043  -10.0000    4.8737  0.2027E+09  0.2427E+03  0.2977E-11 -0.6374E-07  0.1000E-09  0.1000E-09  0.1000E-09  0.1187E-09  0.8484E+04  0.6235E-01
    8.0863 14  1   24.7112   19.1134   24.7112    8.0755   -3.9797    1.1184    0.0000    0.0043  -10.0000    4.8743  0.2028E+09  0.2415E+03  0.3053E-11 -0.6507E-07  0.1000E-09  0.1000E-09  0.1000E-09  0.1190E-09  0.8485E+04  0.6235E-01
    8.0961 14  1   24.7112   19.1127   24.7112    8.0755   -3.9797    1.1194    0.0000    0.0043  -10.0000    4.8748  0.2028E+09  0.2403E+03  0.3132E-11 -0.6643E-07  0.1000E-09  0.1000E-09  0.1000E-09  0.1193E-09  0.8485E+04  0.6235E-01
    8.1058 14  1   24.7112   19.1121   24.7112    8.0755   -3.9797    1.1204    0.0000    0.0044  -10.0000    4.8753  0.2028E+09  0.2390E+03  0.3212E-11 -0.6781E-07  0.1000E-09  0.1000E-09  0.1000E-09  0.1196E-09  0.8485E+04  0.6235E-01
    8.1155 14  1   24.7112   19.1114   24.7112    8.0755   -3.9797    1.1215    0.0000    0.0044  -10.0000    4.8759  0.2028E+09  0.2378E+03  0.3294E-11 -0.6921E-07  0.1000E-09  0.1000E-09  0.1000E-09  0.1199E-09  0.8485E+04  0.6235E-01
    8.1252 14  1   24.7112   19.1107   24.7112    8.0755   -3.9797    1.1226    0.0000    0.0044  -10.0000    4.8764  0.2028E+09  0.2366E+03  0.3398E-11 -0.7105E-07  0.1000E-09  0.1000E-09  0.1000E-09  0.1202E-09  0.8485E+04  0.6235E-01
    8.1349 14  1   24.7112   19.1100   24.7112    8.0755   -3.9797    1.1236    0.0000    0.0044  -10.0000    4.8769  0.2028E+09  0.2353E+03  0.3508E-11 -0.7299E-07  0.1000E-09  0.1000E-09  0.1000E-09  0.1205E-09  0.8485E+04  0.6235E-01
    8.1446 14  1   24.7112   19.1093   24.7112    8.0755   -3.9797    1.1247    0.0000    0.0044  -10.0000    4.8775  0.2029E+09  0.2341E+03  0.3595E-11 -0.7444E-07  0.1000E-09  0.1000E-09  0.1000E-09  0.1208E-09  0.8485E+04  0.6235E-01
    8.1544 14  1   24.7112   19.1085   24.7112    8.0755   -3.9797    1.1258    0.0000    0.0044  -10.0000    4.8780  0.2029E+09  0.2328E+03  0.3683E-11 -0.7589E-07  0.1000E-09  0.1000E-09  0.1000E-09  0.1211E-09  0.8486E+04  0.6235E-01
    8.1641 14  1   24.7112   19.1078   24.7112    8.0755   -3.9797    1.1268    0.0000    0.0044  -10.0000    4.8786  0.2029E+09  0.2316E+03  0.3734E-11 -0.7655E-07  0.1000E-09  0.1000E-09  0.1000E-09  0.1214E-09  0.8486E+04  0.6235E-01
    8.1738 14  1   24.7112   19.1071   24.7112    8.0755   -3.9797    1.1279    0.0000    0.0044  -10.0000    4.8791  0.2029E+09  0.2304E+03  0.3780E-11 -0.7713E-07  0.1000E-09  0.1000E-09  0.1000E-09  0.1217E-09  0.8486E+04  0.6235E-01
    8.1835 14  1   24.7112   19.1063   24.7112    8.0755   -3.9797    1.1290    0.0000    0.0044  -10.0000    4.8796  0.2029E+09  0.2291E+03  0.3900E-11 -0.7917E-07  0.1000E-09  0.1000E-09  0.1000E-09  0.1220E-09  0.8486E+04  0.6235E-01
    8.1932 14  1   24.7112   19.1055   24.7112    8.0755   -3.9797    1.1301    0.0000    0.0045  -10.0000    4.8802  0.2029E+09  0.2279E+03  0.4032E-11 -0.8144E-07  0.1000E-09  0.1000E-09  0.1000E-09  0.1223E-09  0.8486E+04  0.6235E-01
    8.2029 14  1   24.7112   19.1047   24.7112    8.0755   -3.9797    1.1312    0.0000    0.0045  -10.0000    4.8807  0.2030E+09  0.2267E+03  0.4081E-11 -0.8203E-07  0.1000E-09  0.1000E-09  0.1000E-09  0.1226E-09  0.8486E+04  0.6235E-01
    8.2127 14  1   24.7112   19.1039   24.7112    8.0755   -3.9797    1.1323    0.0000    0.0045  -10.0000    4.8812  0.2030E+09  0.2254E+03  0.4119E-11 -0.8237E-07  0.1000E-09  0.1000E-09  0.1000E-09  0.1230E-09  0.8486E+04  0.6235E-01
    8.2224 14  1   24.7112   19.1031   24.7112    8.0755   -3.9797    1.1334    0.0000    0.0045  -10.0000    4.8818  0.2030E+09  0.2242E+03  0.4250E-11 -0.8458E-07  0.1000E-09  0.1000E-09  0.1000E-09  0.1233E-09  0.8487E+04  0.6235E-01
    8.2321 14  1   24.7112   19.1022   24.7112    8.0755   -3.9797    1.1345    0.0000    0.0045  -10.0000    4.8823  0.2030E+09  0.2229E+03  0.4401E-11 -0.8714E-07  0.1000E-09  0.1000E-09  0.1000E-09  0.1236E-09  0.8487E+04  0.6235E-01
    8.2418 14  1   24.7112   19.1014   24.7112    8.0755   -3.9797    1.1356    0.0000    0.0045  -10.0000    4.8829  0.2030E+09  0.2217E+03  0.4465E-11 -0.8795E-07  0.1000E-09  0.1000E-09  0.1000E-09  0.1239E-09  0.8487E+04  0.6235E-01
    8.2515 14  1   24.7112   19.1005   24.7112    8.0755   -3.9797    1.1367    0.0000    0.0045  -10.0000    4.8834  0.2031E+09  0.2205E+03  0.4513E-11 -0.8843E-07  0.1000E-09  0.1000E-09  0.1000E-09  0.1243E-09  0.8487E+04  0.6235E-01
    8.2612 14  1   24.7112   19.0996   24.7112    8.0755   -3.9797    1.1378    0.0000    0.0045  -10.0000    4.8839  0.2031E+09  0.2192E+03  0.4627E-11 -0.9022E-07  0.1000E-09  0.1000E-09  0.1000E-09  0.1246E-09  0.8487E+04  0.6235E-01
    8.2710 14  1   24.7112   19.0987   24.7112    8.0755   -3.9797    1.1390    0.0000    0.0045  -10.0000    4.8845  0.2031E+09  0.2180E+03  0.4760E-11 -0.9232E-07  0.1000E-09  0.1000E-09  0.1000E-09  0.1249E-09  0.8487E+04  0.6235E-01
    8.2807 14  1   24.7112   19.0978   24.7112    8.0755   -3.9797    1.1401    0.0000    0.0046  -10.0000    4.8850  0.2031E+09  0.2168E+03  0.4874E-11 -0.9405E-07  0.1000E-09  0.1000E-09  0.1000E-09  0.1253E-09  0.8488E+04  0.6235E-01
    8.2904 14  1   24.7112   19.0969   24.7112    8.0755   -3.9797    1.1412    0.0000    0.0046  -10.0000    4.8856  0.2032E+09  0.2155E+03  0.4985E-11 -0.9569E-07  0.1000E-09  0.1000E-09  0.1000E-09  0.1256E-09  0.8488E+04  0.6235E-01
    8.3001 14  1   24.7112   19.0960   24.7112    8.0755   -3.9797    1.1424    0.0000    0.0046  -10.0000    4.8861  0.2032E+09  0.2143E+03  0.5050E-11 -0.9642E-07  0.1000E-09  0.1000E-09  0.1000E-09  0.1259E-09  0.8488E+04  0.6235E-01
    8.3098 14  1   24.7112   19.0950   24.7112    8.0755   -3.9797    1.1435    0.0000    0.0046  -10.0000    4.8867  0.2032E+09  0.2131E+03  0.5104E-11 -0.9694E-07  0.1000E-09  0.1000E-09  0.1000E-09  0.1263E-09  0.8488E+04  0.6235E-01
    8.3195 14  1   24.7112   19.0941   24.7112    8.0755   -3.9797    1.1447    0.0000    0.0046  -10.0000    4.8872  0.2032E+09  0.2118E+03  0.5196E-11 -0.9818E-07  0.1000E-09  0.1000E-09  0.1000E-09  0.1266E-09  0.8488E+04  0.6235E-01
    8.3293 14  1   24.7112   19.0931   24.7112    8.0755   -3.9797    1.1458    0.0000    0.0046  -10.0000    4.8878  0.2033E+09  0.2106E+03  0.5306E-11 -0.9972E-07  0.1000E-09  0.1000E-09  0.1000E-09  0.1270E-09  0.8489E+04  0.6235E-01
    8.3390 14  1   24.7112   19.0921   24.7112    8.0755   -3.9797    1.1470    0.0000    0.0046  -10.0000    4.8883  0.2033E+09  0.2094E+03  0.5445E-11 -0.1018E-06  0.1000E-09  0.1000E-09  0.1000E-09  0.1273E-09  0.8489E+04  0.6235E-01
    8.3487 14  1   24.7112   19.0911   24.7112    8.0755   -3.9797    1.1482    0.0000    0.0046  -10.0000    4.8889  0.2033E+09  0.2081E+03  0.5601E-11 -0.1041E-06  0.1000E-09  0.1000E-09  0.1000E-09  0.1277E-09  0.8489E+04  0.6235E-01
    8.3584 14  1   24.7112   19.0901   24.7112    8.0755   -3.9797    1.1494    0.0000    0.0047  -10.0000    4.8894  0.2033E+09  0.2069E+03  0.5733E-11 -0.1060E-06  0.1000E-09  0.1000E-09  0.1000E-09  0.1281E-09  0.8489E+04  0.6235E-01
    8.3681 14  1   24.7112   19.0890   24.7112    8.0755   -3.9797    1.1505    0.0000    0.0047  -10.0000    4.8900  0.2034E+09  0.2057E+03  0.5856E-11 -0.1077E-06  0.1000E-09  0.1000E-09  0.1000E-09  0.1284E-09  0.8489E+04  0.6235E-01
    8.3778 14  1   24.7112   19.0880   24.7112    8.0755   -3.9797    1.1517    0.0000    0.0047  -10.0000    4.8905  0.2034E+09  0.2044E+03  0.5970E-11 -0.1092E-06  0.1000E-09  0.1000E-09  0.1000E-09  0.1288E-09  0.8490E+04  0.6235E-01
    8.3876 14  1   24.7112   19.0869   24.7112    8.0755   -3.9797    1.1529    0.0000    0.0047  -10.0000    4.8911  0.2034E+09  0.2032E+03  0.6083E-11 -0.1107E-06  0.1000E-09  0.1000E-09  0.1000E-09  0.1291E-09  0.8490E+04  0.6235E-01
    8.3973 14  1   24.7112   19.0858   24.7112    8.0755   -3.9797    1.1541    0.0000    0.0047  -10.0000    4.8916  0.2034E+09  0.2019E+03  0.6198E-11 -0.1121E-06  0.1000E-09  0.1000E-09  0.1000E-09  0.1295E-09  0.8490E+04  0.6235E-01
    8.4070 14  1   24.7112   19.0847   24.7112    8.0755   -3.9797    1.1553    0.0000    0.0047  -10.0000    4.8922  0.2035E+09  0.2007E+03  0.6319E-11 -0.1137E-06  0.1000E-09  0.1000E-09  0.1000E-09  0.1299E-09  0.8490E+04  0.6235E-01
    8.4167 14  1   24.7112   19.0836   24.7112    8.0755   -3.9797    1.1566    0.0000    0.0047  -10.0000    4.8927  0.2035E+09  0.1995E+03  0.6443E-11 -0.1153E-06  0.1000E-09  0.1000E-09  0.1000E-09  0.1303E-09  0.8490E+04  0.6235E-01
    8.4264 14  1   24.7112   19.0824   24.7112    8.0755   -3.9797    1.1578    0.0000    0.0047  -10.0000    4.8933  0.2035E+09  0.1982E+03  0.6570E-11 -0.1169E-06  0.1000E-09  0.1000E-09  0.1000E-09  0.1306E-09  0.8491E+04  0.6235E-01
    8.4361 14  1   24.7112   19.0813   24.7112    8.0755   -3.9797    1.1590    0.0000    0.0048  -10.0000    4.8938  0.2036E+09  0.1970E+03  0.6663E-11 -0.1179E-06  0.1000E-09  0.1000E-09  0.1000E-09  0.1310E-09  0.8491E+04  0.6235E-01
    8.4459 14  1   24.7112   19.0801   24.7112    8.0755   -3.9797    1.1602    0.0000    0.0048  -10.0000    4.8944  0.2036E+09  0.1958E+03  0.6738E-11 -0.1186E-06  0.1000E-09  0.1000E-09  0.1000E-09  0.1314E-09  0.8491E+04  0.6235E-01
    8.4556 14  1   24.7112   19.0790   24.7112    8.0755   -3.9797    1.1614    0.0000    0.0048  -10.0000    4.8949  0.2036E+09  0.1946E+03  0.6876E-11 -0.1203E-06  0.1000E-09  0.1000E-09  0.1000E-09  0.1318E-09  0.8491E+04  0.6235E-01
    8.4653 14  1   24.7112   19.0778   24.7112    8.0755   -3.9797    1.1627    0.0000    0.0048  -10.0000    4.8955  0.2037E+09  0.1933E+03  0.7061E-11 -0.1228E-06  0.1000E-09  0.1000E-09  0.1000E-09  0.1322E-09  0.8492E+04  0.6235E-01
    8.4750 14  1   24.7112   19.0766   24.7112    8.0755   -3.9797    1.1639    0.0000    0.0048  -10.0000    4.8961  0.2037E+09  0.1921E+03  0.7219E-11 -0.1249E-06  0.1000E-09  0.1000E-09  0.1000E-09  0.1326E-09  0.8492E+04  0.6235E-01
    8.4847 14  1   24.7112   19.0753   24.7112    8.0755   -3.9797    1.1652    0.0000    0.0048  -10.0000    4.8966  0.2037E+09  0.1909E+03  0.7359E-11 -0.1266E-06  0.1000E-09  0.1000E-09  0.1000E-09  0.1330E-09  0.8492E+04  0.6235E-01
    8.4944 14  1   24.7112   19.0741   24.7112    8.0755   -3.9797    1.1665    0.0000    0.0048  -10.0000    4.8972  0.2038E+09  0.1896E+03  0.7495E-11 -0.1282E-06  0.1000E-09  0.1000E-09  0.1000E-09  0.1334E-09  0.8492E+04  0.6235E-01
    8.5041 14  1   24.7112   19.0728   24.7112    8.0755   -3.9797    1.1677    0.0000    0.0049  -10.0000    4.8977  0.2038E+09  0.1884E+03  0.7632E-11 -0.1297E-06  0.1000E-09  0.1000E-09  0.1000E-09  0.1338E-09  0.8492E+04  0.6235E-01
    8.5139 14  1   24.7112   19.0715   24.7112    8.0755   -3.9797    1.1690    0.0000    0.0049  -10.0000    4.8983  0.2038E+09  0.1872E+03  0.7775E-11 -0.1314E-06  0.1000E-09  0.1000E-09  0.1000E-09  0.1342E-09  0.8493E+04  0.6235E-01
    8.5236 14  1   24.7112   19.0702   24.7112    8.0755   -3.9797    1.1703    0.0000    0.0049  -10.0000    4.8989  0.2039E+09  0.1860E+03  0.7928E-11 -0.1332E-06  0.1000E-09  0.1000E-09  0.1000E-09  0.1346E-09  0.8493E+04  0.6235E-01
    8.5333 14  1   24.7112   19.0689   24.7112    8.0755   -3.9797    1.1716    0.0000    0.0049  -10.0000    4.8994  0.2039E+09  0.1848E+03  0.8036E-11 -0.1342E-06  0.1000E-09  0.1000E-09  0.1000E-09  0.1350E-09  0.8493E+04  0.6235E-01
    8.5430 14  1   24.7112   19.0676   24.7112    8.0755   -3.9797    1.1729    0.0000    0.0049  -10.0000    4.9000  0.2039E+09  0.1835E+03  0.8105E-11 -0.1346E-06  0.1000E-09  0.1000E-09  0.1000E-09  0.1354E-09  0.8493E+04  0.6235E-01
    8.5527 14  1   24.7112   19.0663   24.7112    8.0755   -3.9797    1.1741    0.0000    0.0049  -10.0000    4.9005  0.2040E+09  0.1823E+03  0.8250E-11 -0.1362E-06  0.1000E-09  0.1000E-09  0.1000E-09  0.1359E-09  0.8494E+04  0.6235E-01
    8.5624 14  1   24.7112   19.0650   24.7112    8.0755   -3.9797    1.1755    0.0000    0.0049  -10.0000    4.9011  0.2040E+09  0.1811E+03  0.8475E-11 -0.1391E-06  0.1000E-09  0.1000E-09  0.1000E-09  0.1363E-09  0.8494E+04  0.6235E-01
    8.5722 14  1   24.7112   19.0636   24.7112    8.0755   -3.9797    1.1768    0.0000    0.0050  -10.0000    4.9017  0.2041E+09  0.1799E+03  0.8670E-11 -0.1414E-06  0.1000E-09  0.1000E-09  0.1000E-09  0.1367E-09  0.8494E+04  0.6235E-01
    8.5819 14  1   24.7112   19.0622   24.7112    8.0755   -3.9797    1.1781    0.0000    0.0050  -10.0000    4.9022  0.2041E+09  0.1787E+03  0.8837E-11 -0.1433E-06  0.1000E-09  0.1000E-09  0.1000E-09  0.1372E-09  0.8495E+04  0.6235E-01
    8.5916 14  1   24.7112   19.0608   24.7112    8.0755   -3.9797    1.1794    0.0000    0.0050  -10.0000    4.9028  0.2041E+09  0.1774E+03  0.9032E-11 -0.1455E-06  0.1000E-09  0.1000E-09  0.1000E-09  0.1376E-09  0.8495E+04  0.6235E-01
    8.6013 14  1   24.7112   19.0593   24.7112    8.0755   -3.9797    1.1808    0.0000    0.0050  -10.0000    4.9034  0.2042E+09  0.1762E+03  0.9266E-11 -0.1484E-06  0.1000E-09  0.1000E-09  0.1000E-09  0.1380E-09  0.8495E+04  0.6235E-01
    8.6110 14  1   24.7112   19.0579   24.7112    8.0755   -3.9797    1.1821    0.0000    0.0050  -10.0000    4.9039  0.2042E+09  0.1750E+03  0.9439E-11 -0.1502E-06  0.1000E-09  0.1000E-09  0.1000E-09  0.1385E-09  0.8495E+04  0.6235E-01
    8.6207 14  1   24.7112   19.0564   24.7112    8.0755   -3.9797    1.1834    0.0000    0.0050  -10.0000    4.9045  0.2043E+09  0.1738E+03  0.9534E-11 -0.1508E-06  0.1000E-09  0.1000E-09  0.1000E-09  0.1389E-09  0.8496E+04  0.6235E-01
    8.6305 14  1   24.7112   19.0549   24.7112    8.0755   -3.9797    1.1848    0.0000    0.0051  -10.0000    4.9051  0.2043E+09  0.1726E+03  0.9661E-11 -0.1519E-06  0.1000E-09  0.1000E-09  0.1000E-09  0.1394E-09  0.8496E+04  0.6235E-01
    8.6402 14  1   24.7112   19.0534   24.7112    8.0755   -3.9797    1.1862    0.0000    0.0051  -10.0000    4.9056  0.2044E+09  0.1714E+03  0.9835E-11 -0.1536E-06  0.1000E-09  0.1000E-09  0.1000E-09  0.1398E-09  0.8496E+04  0.6235E-01
    8.6499 14  1   24.7112   19.0519   24.7112    8.0755   -3.9797    1.1875    0.0000    0.0051  -10.0000    4.9062  0.2044E+09  0.1702E+03  0.1001E-10 -0.1553E-06  0.1000E-09  0.1000E-09  0.1000E-09  0.1403E-09  0.8497E+04  0.6235E-01
    8.6596 14  1   24.7112   19.0504   24.7112    8.0755   -3.9797    1.1889    0.0000    0.0051  -10.0000    4.9068  0.2045E+09  0.1690E+03  0.1018E-10 -0.1570E-06  0.1000E-09  0.1000E-09  0.1000E-09  0.1408E-09  0.8497E+04  0.6235E-01
    8.6693 14  1   24.7112   19.0489   24.7112    8.0755   -3.9797    1.1903    0.0000    0.0051  -10.0000    4.9074  0.2045E+09  0.1677E+03  0.1036E-10 -0.1587E-06  0.1000E-09  0.1000E-09  0.1000E-09  0.1412E-09  0.8497E+04  0.6235E-01
    8.6790 14  1   24.7112   19.0473   24.7112    8.0755   -3.9797    1.1917    0.0000    0.0051  -10.0000    4.9079  0.2046E+09  0.1665E+03  0.1056E-10 -0.1609E-06  0.1000E-09  0.1000E-09  0.1000E-09  0.1417E-09  0.8497E+04  0.6235E-01
    8.6888 14  1   24.7112   19.0457   24.7112    8.0755   -3.9797    1.1931    0.0000    0.0051  -10.0000    4.9085  0.2046E+09  0.1653E+03  0.1076E-10 -0.1628E-06  0.1000E-09  0.1000E-09  0.1000E-09  0.1422E-09  0.8498E+04  0.6235E-01
    8.6985 14  1   24.7112   19.0441   24.7112    8.0755   -3.9797    1.1945    0.0000    0.0052  -10.0000    4.9091  0.2047E+09  0.1641E+03  0.1093E-10 -0.1644E-06  0.1000E-09  0.1000E-09  0.1000E-09  0.1427E-09  0.8498E+04  0.6235E-01
    8.7082 14  1   24.7112   19.0425   24.7112    8.0755   -3.9797    1.1959    0.0000    0.0052  -10.0000    4.9097  0.2047E+09  0.1629E+03  0.1112E-10 -0.1662E-06  0.1000E-09  0.1000E-09  0.1000E-09  0.1432E-09  0.8498E+04  0.6235E-01
    8.7179 14  1   24.7112   19.0409   24.7112    8.0755   -3.9797    1.1973    0.0000    0.0052  -10.0000    4.9102  0.2048E+09  0.1617E+03  0.1135E-10 -0.1685E-06  0.1000E-09  0.1000E-09  0.1000E-09  0.1436E-09  0.8499E+04  0.6235E-01
    8.7276 14  1   24.7112   19.0392   24.7112    8.0755   -3.9797    1.1987    0.0000    0.0052  -10.0000    4.9108  0.2048E+09  0.1606E+03  0.1159E-10 -0.1708E-06  0.1000E-09  0.1000E-09  0.1000E-09  0.1441E-09  0.8499E+04  0.6235E-01
    8.7373 14  1   24.7112   19.0375   24.7112    8.0755   -3.9797    1.2001    0.0000    0.0052  -10.0000    4.9114  0.2049E+09  0.1594E+03  0.1184E-10 -0.1734E-06  0.1000E-09  0.1000E-09  0.1000E-09  0.1446E-09  0.8499E+04  0.6235E-01
    8.7471 14  1   24.7112   19.0358   24.7112    8.0755   -3.9797    1.2016    0.0000    0.0052  -10.0000    4.9120  0.2049E+09  0.1582E+03  0.1209E-10 -0.1760E-06  0.1000E-09  0.1000E-09  0.1000E-09  0.1451E-09  0.8500E+04  0.6235E-01
    8.7568 14  1   24.7112   19.0341   24.7112    8.0755   -3.9797    1.2030    0.0000    0.0053  -10.0000    4.9125  0.2050E+09  0.1570E+03  0.1236E-10 -0.1788E-06  0.1000E-09  0.1000E-09  0.1000E-09  0.1456E-09  0.8500E+04  0.6235E-01
    8.7665 14  1   24.7112   19.0323   24.7112    8.0755   -3.9797    1.2045    0.0000    0.0053  -10.0000    4.9131  0.2050E+09  0.1558E+03  0.1264E-10 -0.1815E-06  0.1000E-09  0.1000E-09  0.1000E-09  0.1461E-09  0.8500E+04  0.6235E-01
    8.7762 14  1   24.7112   19.0305   24.7112    8.0755   -3.9797    1.2059    0.0000    0.0053  -10.0000    4.9137  0.2051E+09  0.1546E+03  0.1291E-10 -0.1842E-06  0.1000E-09  0.1000E-09  0.1000E-09  0.1467E-09  0.8501E+04  0.6235E-01
    8.7859 14  1   24.7112   19.0287   24.7112    8.0755   -3.9797    1.2074    0.0000    0.0053  -10.0000    4.9143  0.2052E+09  0.1534E+03  0.1322E-10 -0.1873E-06  0.1000E-09  0.1000E-09  0.1000E-09  0.1472E-09  0.8501E+04  0.6235E-01
    8.7956 14  1   24.7112   19.0269   24.7112    8.0755   -3.9797    1.2089    0.0000    0.0053  -10.0000    4.9149  0.2052E+09  0.1522E+03  0.1361E-10 -0.1915E-06  0.1000E-09  0.1000E-09  0.1000E-09  0.1477E-09  0.8501E+04  0.6235E-01
    8.8054 14  1   24.7112   19.0250   24.7112    8.0755   -3.9797    1.2104    0.0000    0.0054  -10.0000    4.9155  0.2053E+09  0.1511E+03  0.1395E-10 -0.1950E-06  0.1000E-09  0.1000E-09  0.1000E-09  0.1482E-09  0.8502E+04  0.6235E-01
    8.8151 14  1   24.7112   19.0230   24.7112    8.0755   -3.9797    1.2119    0.0000    0.0054  -10.0000    4.9160  0.2053E+09  0.1499E+03  0.1417E-10 -0.1967E-06  0.1000E-09  0.1000E-09  0.1000E-09  0.1488E-09  0.8502E+04  0.6235E-01
    8.8248 14  1   24.7112   19.0211   24.7112    8.0755   -3.9797    1.2134    0.0000    0.0054  -10.0000    4.9166  0.2054E+09  0.1487E+03  0.1441E-10 -0.1987E-06  0.1000E-09  0.1000E-09  0.1000E-09  0.1493E-09  0.8503E+04  0.6235E-01
    8.8345 14  1   24.7112   19.0192   24.7112    8.0755   -3.9797    1.2149    0.0000    0.0054  -10.0000    4.9172  0.2055E+09  0.1475E+03  0.1473E-10 -0.2016E-06  0.1000E-09  0.1000E-09  0.1000E-09  0.1499E-09  0.8503E+04  0.6235E-01
    8.8442 14  1   24.7112   19.0172   24.7112    8.0755   -3.9797    1.2164    0.0000    0.0054  -10.0000    4.9178  0.2055E+09  0.1463E+03  0.1506E-10 -0.2047E-06  0.1000E-09  0.1000E-09  0.1000E-09  0.1504E-09  0.8503E+04  0.6235E-01
    8.8539 14  1   24.7112   19.0151   24.7112    8.0755   -3.9797    1.2179    0.0000    0.0054  -10.0000    4.9184  0.2056E+09  0.1451E+03  0.1546E-10 -0.2088E-06  0.1000E-09  0.1000E-09  0.1000E-09  0.1510E-09  0.8504E+04  0.6235E-01
    8.8637 14  1   24.7112   19.0131   24.7112    8.0755   -3.9797    1.2194    0.0000    0.0055  -10.0000    4.9190  0.2057E+09  0.1440E+03  0.1584E-10 -0.2123E-06  0.1000E-09  0.1000E-09  0.1000E-09  0.1515E-09  0.8504E+04  0.6235E-01
    8.8734 14  1   24.7112   19.0110   24.7112    8.0755   -3.9797    1.2210    0.0000    0.0055  -10.0000    4.9195  0.2058E+09  0.1428E+03  0.1610E-10 -0.2143E-06  0.1000E-09  0.1000E-09  0.1000E-09  0.1521E-09  0.8504E+04  0.6235E-01
    8.8831 14  1   24.7112   19.0089   24.7112    8.0755   -3.9797    1.2225    0.0000    0.0055  -10.0000    4.9201  0.2058E+09  0.1416E+03  0.1637E-10 -0.2164E-06  0.1000E-09  0.1000E-09  0.1000E-09  0.1527E-09  0.8505E+04  0.6235E-01
    8.8928 14  1   24.7112   19.0068   24.7112    8.0755   -3.9797    1.2241    0.0000    0.0055  -10.0000    4.9207  0.2059E+09  0.1405E+03  0.1674E-10 -0.2196E-06  0.1000E-09  0.1000E-09  0.1000E-09  0.1533E-09  0.8505E+04  0.6235E-01
    8.9025 14  1   24.7112   19.0046   24.7112    8.0755   -3.9797    1.2257    0.0000    0.0055  -10.0000    4.9213  0.2060E+09  0.1393E+03  0.1712E-10 -0.2230E-06  0.1000E-09  0.1000E-09  0.1000E-09  0.1538E-09  0.8506E+04  0.6235E-01
    8.9122 14  1   24.7112   19.0024   24.7112    8.0755   -3.9797    1.2273    0.0000    0.0056  -10.0000    4.9219  0.2061E+09  0.1381E+03  0.1757E-10 -0.2273E-06  0.1000E-09  0.1000E-09  0.1000E-09  0.1544E-09  0.8506E+04  0.6235E-01
    8.9220 14  1   24.7112   19.0001   24.7112    8.0755   -3.9797    1.2289    0.0000    0.0056  -10.0000    4.9225  0.2061E+09  0.1369E+03  0.1801E-10 -0.2312E-06  0.1000E-09  0.1000E-09  0.1000E-09  0.1550E-09  0.8507E+04  0.6235E-01
    8.9317 14  1   24.7112   18.9979   24.7112    8.0755   -3.9797    1.2305    0.0000    0.0056  -10.0000    4.9231  0.2062E+09  0.1358E+03  0.1830E-10 -0.2332E-06  0.1000E-09  0.1000E-09  0.1000E-09  0.1556E-09  0.8507E+04  0.6235E-01
    8.9414 14  1   24.7112   18.9956   24.7112    8.0755   -3.9797    1.2321    0.0000    0.0056  -10.0000    4.9237  0.2063E+09  0.1346E+03  0.1859E-10 -0.2352E-06  0.1000E-09  0.1000E-09  0.1000E-09  0.1563E-09  0.8507E+04  0.6235E-01
    8.9511 14  1   24.7112   18.9933   24.7112    8.0755   -3.9797    1.2337    0.0000    0.0056  -10.0000    4.9243  0.2064E+09  0.1335E+03  0.1899E-10 -0.2385E-06  0.1000E-09  0.1000E-09  0.1000E-09  0.1569E-09  0.8508E+04  0.6235E-01
    8.9608 14  1   24.7112   18.9909   24.7112    8.0755   -3.9797    1.2353    0.0000    0.0057  -10.0000    4.9248  0.2065E+09  0.1323E+03  0.1941E-10 -0.2419E-06  0.1000E-09  0.1000E-09  0.1000E-09  0.1575E-09  0.8508E+04  0.6235E-01
    8.9705 14  1   24.7112   18.9885   24.7112    8.0755   -3.9797    1.2369    0.0000    0.0057  -10.0000    4.9254  0.2066E+09  0.1311E+03  0.1993E-10 -0.2465E-06  0.1000E-09  0.1000E-09  0.1000E-09  0.1581E-09  0.8509E+04  0.6235E-01
    8.9803 14  1   24.7112   18.9861   24.7112    8.0755   -3.9797    1.2386    0.0000    0.0057  -10.0000    4.9260  0.2067E+09  0.1300E+03  0.2043E-10 -0.2509E-06  0.1000E-09  0.1000E-09  0.1000E-09  0.1588E-09  0.8509E+04  0.6235E-01
    8.9900 14  1   24.7112   18.9836   24.7112    8.0755   -3.9797    1.2402    0.0000    0.0057  -10.0000    4.9266  0.2067E+09  0.1288E+03  0.2076E-10 -0.2529E-06  0.1000E-09  0.1000E-09  0.1000E-09  0.1594E-09  0.8510E+04  0.6235E-01
    8.9997 14  1   24.7112   18.9811   24.7112    8.0755   -3.9797    1.2419    0.0000    0.0058  -10.0000    4.9272  0.2068E+09  0.1277E+03  0.2110E-10 -0.2551E-06  0.1000E-09  0.1000E-09  0.1000E-09  0.1600E-09  0.8510E+04  0.6235E-01
    9.0094 14  1   24.7112   18.9786   24.7112    8.0755   -3.9797    1.2436    0.0000    0.0058  -10.0000    4.9278  0.2069E+09  0.1265E+03  0.2166E-10 -0.2598E-06  0.1000E-09  0.1000E-09  0.1000E-09  0.1607E-09  0.8511E+04  0.6235E-01
    9.0191 14  1   24.7112   18.9761   24.7112    8.0755   -3.9797    1.2453    0.0000    0.0058  -10.0000    4.9284  0.2070E+09  0.1254E+03  0.2221E-10 -0.2644E-06  0.1000E-09  0.1000E-09  0.1000E-09  0.1614E-09  0.8511E+04  0.6235E-01
    9.0288 14  1   24.7112   18.9735   24.7112    8.0755   -3.9797    1.2470    0.0000    0.0058  -10.0000    4.9290  0.2071E+09  0.1242E+03  0.2259E-10 -0.2668E-06  0.1000E-09  0.1000E-09  0.1000E-09  0.1620E-09  0.8512E+04  0.6235E-01
    9.0386 14  1   24.7112   18.9708   24.7112    8.0755   -3.9797    1.2487    0.0000    0.0058  -10.0000    4.9296  0.2072E+09  0.1231E+03  0.2298E-10 -0.2693E-06  0.1000E-09  0.1000E-09  0.1000E-09  0.1627E-09  0.8512E+04  0.6235E-01
    9.0483 14  1   24.7112   18.9682   24.7112    8.0755   -3.9797    1.2504    0.0000    0.0059  -10.0000    4.9302  0.2073E+09  0.1220E+03  0.2345E-10 -0.2726E-06  0.1000E-09  0.1000E-09  0.1000E-09  0.1634E-09  0.8513E+04  0.6235E-01
    9.0580 14  1   24.7112   18.9655   24.7112    8.0755   -3.9797    1.2521    0.0000    0.0059  -10.0000    4.9308  0.2074E+09  0.1208E+03  0.2392E-10 -0.2759E-06  0.1000E-09  0.1000E-09  0.1000E-09  0.1641E-09  0.8513E+04  0.6235E-01
    9.0677 14  1   24.7112   18.9628   24.7112    8.0755   -3.9797    1.2539    0.0000    0.0059  -10.0000    4.9314  0.2075E+09  0.1197E+03  0.2455E-10 -0.2809E-06  0.1000E-09  0.1000E-09  0.1000E-09  0.1648E-09  0.8514E+04  0.6235E-01
    9.0774 14  1   24.7112   18.9600   24.7112    8.0755   -3.9797    1.2556    0.0000    0.0059  -10.0000    4.9320  0.2077E+09  0.1186E+03  0.2519E-10 -0.2859E-06  0.1000E-09  0.1000E-09  0.1000E-09  0.1655E-09  0.8514E+04  0.6235E-01
    9.0871 14  1   24.7112   18.9572   24.7112    8.0755   -3.9797    1.2574    0.0000    0.0060  -10.0000    4.9326  0.2078E+09  0.1174E+03  0.2570E-10 -0.2894E-06  0.1000E-09  0.1000E-09  0.1000E-09  0.1662E-09  0.8515E+04  0.6235E-01
    9.0969 14  1   24.7112   18.9543   24.7112    8.0755   -3.9797    1.2591    0.0000    0.0060  -10.0000    4.9332  0.2079E+09  0.1163E+03  0.2622E-10 -0.2928E-06  0.1000E-09  0.1000E-09  0.1000E-09  0.1669E-09  0.8516E+04  0.6235E-01
    9.1066 14  1   24.7112   18.9515   24.7112    8.0755   -3.9797    1.2609    0.0000    0.0060  -10.0000    4.9338  0.2080E+09  0.1152E+03  0.2669E-10 -0.2956E-06  0.1000E-09  0.1000E-09  0.1000E-09  0.1677E-09  0.8516E+04  0.6235E-01
    9.1163 14  1   24.7112   18.9486   24.7112    8.0755   -3.9797    1.2627    0.0000    0.0060  -10.0000    4.9344  0.2081E+09  0.1141E+03  0.2717E-10 -0.2985E-06  0.1000E-09  0.1000E-09  0.1000E-09  0.1684E-09  0.8517E+04  0.6235E-01
    9.1260 14  1   24.7112   18.9456   24.7112    8.0755   -3.9797    1.2645    0.0000    0.0061  -10.0000    4.9350  0.2082E+09  0.1130E+03  0.2783E-10 -0.3032E-06  0.1000E-09  0.1000E-09  0.1000E-09  0.1692E-09  0.8517E+04  0.6235E-01
    9.1357 14  1   24.7112   18.9426   24.7112    8.0755   -3.9797    1.2663    0.0000    0.0061  -10.0000    4.9356  0.2084E+09  0.1118E+03  0.2852E-10 -0.3081E-06  0.1000E-09  0.1000E-09  0.1000E-09  0.1699E-09  0.8518E+04  0.6235E-01
    9.1454 14  1   24.7112   18.9396   24.7112    8.0755   -3.9797    1.2682    0.0000    0.0061  -10.0000    4.9362  0.2085E+09  0.1107E+03  0.2911E-10 -0.3119E-06  0.1000E-09  0.1000E-09  0.1000E-09  0.1707E-09  0.8518E+04  0.6235E-01
    9.1552 14  1   24.7112   18.9365   24.7112    8.0755   -3.9797    1.2700    0.0000    0.0061  -10.0000    4.9369  0.2086E+09  0.1096E+03  0.2971E-10 -0.3156E-06  0.1000E-09  0.1000E-09  0.1000E-09  0.1714E-09  0.8519E+04  0.6235E-01
    9.1649 14  1   24.7112   18.9334   24.7112    8.0755   -3.9797    1.2719    0.0000    0.0062  -10.0000    4.9375  0.2088E+09  0.1085E+03  0.3036E-10 -0.3198E-06  0.1000E-09  0.1000E-09  0.1000E-09  0.1722E-09  0.8520E+04  0.6235E-01
    9.1746 14  1   24.7112   18.9303   24.7112    8.0755   -3.9797    1.2737    0.0000    0.0062  -10.0000    4.9381  0.2089E+09  0.1074E+03  0.3102E-10 -0.3240E-06  0.1000E-09  0.1000E-09  0.1000E-09  0.1730E-09  0.8520E+04  0.6235E-01
    9.1843 14  1   24.7112   18.9271   24.7112    8.0755   -3.9797    1.2756    0.0000    0.0062  -10.0000    4.9387  0.2090E+09  0.1063E+03  0.3156E-10 -0.3268E-06  0.1000E-09  0.1000E-09  0.1000E-09  0.1738E-09  0.8521E+04  0.6235E-01
    9.1940 14  1   24.7112   18.9239   24.7112    8.0755   -3.9797    1.2775    0.0000    0.0062  -10.0000    4.9393  0.2092E+09  0.1052E+03  0.3210E-10 -0.3295E-06  0.1000E-09  0.1000E-09  0.1000E-09  0.1746E-09  0.8521E+04  0.6235E-01
    9.2037 14  1   24.7112   18.9207   24.7112    8.0755   -3.9797    1.2794    0.0000    0.0063  -10.0000    4.9399  0.2093E+09  0.1041E+03  0.3278E-10 -0.3336E-06  0.1000E-09  0.1000E-09  0.1000E-09  0.1754E-09  0.8522E+04  0.6235E-01
    9.2135 14  1   24.7112   18.9174   24.7112    8.0755   -3.9797    1.2813    0.0000    0.0063  -10.0000    4.9405  0.2094E+09  0.1030E+03  0.3351E-10 -0.3380E-06  0.1000E-09  0.1000E-09  0.1000E-09  0.1763E-09  0.8523E+04  0.6235E-01
    9.2232 14  1   24.7112   18.9141   24.7112    8.0755   -3.9797    1.2832    0.0000    0.0063  -10.0000    4.9412  0.2096E+09  0.1020E+03  0.3429E-10 -0.3429E-06  0.1000E-09  0.1000E-09  0.1000E-09  0.1771E-09  0.8523E+04  0.6235E-01
    9.2329 14  1   24.7112   18.9107   24.7112    8.0755   -3.9797    1.2851    0.0000    0.0064  -10.0000    4.9418  0.2097E+09  0.1009E+03  0.3511E-10 -0.3479E-06  0.1000E-09  0.1000E-09  0.1000E-09  0.1779E-09  0.8524E+04  0.6235E-01
    9.2426 14  1   24.7112   18.9072   24.7112    8.0755   -3.9797    1.2870    0.0000    0.0064  -10.0000    4.9424  0.2099E+09  0.9980E+02  0.3587E-10 -0.3523E-06  0.1000E-09  0.1000E-09  0.1000E-09  0.1788E-09  0.8525E+04  0.6235E-01
    9.2523 14  1   24.7112   18.9038   24.7112    8.0755   -3.9797    1.2890    0.0000    0.0064  -10.0000    4.9430  0.2100E+09  0.9873E+02  0.3665E-10 -0.3567E-06  0.1000E-09  0.1000E-09  0.1000E-09  0.1797E-09  0.8525E+04  0.6235E-01
    9.2620 14  1   24.7112   18.9003   24.7112    8.0755   -3.9797    1.2910    0.0000    0.0064  -10.0000    4.9436  0.2102E+09  0.9766E+02  0.3741E-10 -0.3608E-06  0.1000E-09  0.1000E-09  0.1000E-09  0.1805E-09  0.8526E+04  0.6235E-01
    9.2718 14  1   24.7112   18.8967   24.7112    8.0755   -3.9797    1.2929    0.0000    0.0065  -10.0000    4.9443  0.2104E+09  0.9659E+02  0.3819E-10 -0.3650E-06  0.1000E-09  0.1000E-09  0.1000E-09  0.1814E-09  0.8527E+04  0.6235E-01
    9.2815 14  1   24.7112   18.8931   24.7112    8.0755   -3.9797    1.2949    0.0000    0.0065  -10.0000    4.9449  0.2105E+09  0.9553E+02  0.3902E-10 -0.3695E-06  0.1000E-09  0.1000E-09  0.1000E-09  0.1823E-09  0.8527E+04  0.6235E-01
    9.2863 14  1   24.7112   18.8913   24.7112    8.0755   -3.9797    1.2959    0.0000    0.0065  -10.0000    4.9452  0.2106E+09  0.9500E+02  0.3997E-10 -0.3751E-06  0.1000E-09  0.1000E-09  0.1000E-09  0.1828E-09  0.8528E+04  0.6235E-01
    9.2912 14  1   24.7112   18.8895   24.7112    8.0755   -3.9797    1.2969    0.0000    0.0065  -10.0000    4.9455  0.2107E+09  0.9447E+02  0.4016E-10 -0.3751E-06  0.1000E-09  0.1000E-09  0.1000E-09  0.1832E-09  0.8528E+04  0.6235E-01
    9.2960 14  1   24.7112   18.8877   24.7112    8.0755   -3.9797    1.2979    0.0000    0.0065  -10.0000    4.9458  0.2108E+09  0.9395E+02  0.4055E-10 -0.3769E-06  0.1000E-09  0.1000E-09  0.1000E-09  0.1837E-09  0.8529E+04  0.6235E-01
    9.3009 14  1   24.7112   18.8858   24.7112    8.0755   -3.9797    1.2990    0.0000    0.0066  -10.0000    4.9462  0.2109E+09  0.9342E+02  0.4110E-10 -0.3802E-06  0.1000E-09  0.1000E-09  0.1000E-09  0.1841E-09  0.8529E+04  0.6235E-01
    9.3058 14  1   24.7112   18.8840   24.7112    8.0755   -3.9797    1.3000    0.0000    0.0066  -10.0000    4.9465  0.2110E+09  0.9290E+02  0.4145E-10 -0.3817E-06  0.1000E-09  0.1000E-09  0.1000E-09  0.1846E-09  0.8529E+04  0.6235E-01
    9.3106 14  1   24.7112   18.8821   24.7112    8.0755   -3.9797    1.3010    0.0000    0.0066  -10.0000    4.9468  0.2111E+09  0.9238E+02  0.4164E-10 -0.3817E-06  0.1000E-09  0.1000E-09  0.1000E-09  0.1850E-09  0.8530E+04  0.6235E-01
    9.3155 14  1   24.7112   18.8802   24.7112    8.0755   -3.9797    1.3020    0.0000    0.0066  -10.0000    4.9471  0.2111E+09  0.9186E+02  0.4214E-10 -0.3845E-06  0.1000E-09  0.1000E-09  0.1000E-09  0.1855E-09  0.8530E+04  0.6235E-01
    9.3203 14  1   24.7112   18.8783   24.7112    8.0755   -3.9797    1.3030    0.0000    0.0066  -10.0000    4.9474  0.2112E+09  0.9134E+02  0.4294E-10 -0.3899E-06  0.1000E-09  0.1000E-09  0.1000E-09  0.1860E-09  0.8530E+04  0.6235E-01
    9.3252 14  1   24.7112   18.8764   24.7112    8.0755   -3.9797    1.3040    0.0000    0.0066  -10.0000    4.9477  0.2113E+09  0.9082E+02  0.4343E-10 -0.3925E-06  0.1000E-09  0.1000E-09  0.1000E-09  0.1865E-09  0.8531E+04  0.6235E-01
    9.3301 14  1   24.7112   18.8745   24.7112    8.0755   -3.9797    1.3050    0.0000    0.0066  -10.0000    4.9481  0.2114E+09  0.9030E+02  0.4363E-10 -0.3925E-06  0.1000E-09  0.1000E-09  0.1000E-09  0.1869E-09  0.8531E+04  0.6235E-01
    9.3349 14  1   24.7112   18.8726   24.7112    8.0755   -3.9797    1.3061    0.0000    0.0067  -10.0000    4.9484  0.2115E+09  0.8979E+02  0.4394E-10 -0.3934E-06  0.1000E-09  0.1000E-09  0.1000E-09  0.1874E-09  0.8531E+04  0.6235E-01
    9.3398 14  1   24.7112   18.8707   24.7112    8.0755   -3.9797    1.3071    0.0000    0.0067  -10.0000    4.9487  0.2116E+09  0.8927E+02  0.4437E-10 -0.3953E-06  0.1000E-09  0.1000E-09  0.1000E-09  0.1879E-09  0.8532E+04  0.6235E-01
    9.3446 14  1   24.7112   18.8688   24.7112    8.0755   -3.9797    1.3081    0.0000    0.0067  -10.0000    4.9490  0.2117E+09  0.8876E+02  0.4469E-10 -0.3963E-06  0.1000E-09  0.1000E-09  0.1000E-09  0.1884E-09  0.8532E+04  0.6235E-01
    9.3495 14  1   24.7112   18.8668   24.7112    8.0755   -3.9797    1.3091    0.0000    0.0067  -10.0000    4.9493  0.2118E+09  0.8825E+02  0.4490E-10 -0.3963E-06  0.1000E-09  0.1000E-09  0.1000E-09  0.1888E-09  0.8533E+04  0.6235E-01
    9.3543 14  1   24.7112   18.8649   24.7112    8.0755   -3.9797    1.3102    0.0000    0.0067  -10.0000    4.9497  0.2119E+09  0.8775E+02  0.4526E-10 -0.3975E-06  0.1000E-09  0.1000E-09  0.1000E-09  0.1893E-09  0.8533E+04  0.6235E-01
    9.3592 14  1   24.7112   18.8630   24.7112    8.0755   -3.9797    1.3112    0.0000    0.0067  -10.0000    4.9500  0.2120E+09  0.8724E+02  0.4579E-10 -0.4003E-06  0.1000E-09  0.1000E-09  0.1000E-09  0.1898E-09  0.8533E+04  0.6235E-01
    9.3641 14  1   24.7112   18.8610   24.7112    8.0755   -3.9797    1.3123    0.0000    0.0068  -10.0000    4.9503  0.2121E+09  0.8673E+02  0.4619E-10 -0.4018E-06  0.1000E-09  0.1000E-09  0.1000E-09  0.1903E-09  0.8534E+04  0.6235E-01
    9.3689 14  1   24.7112   18.8591   24.7112    8.0755   -3.9797    1.3133    0.0000    0.0068  -10.0000    4.9506  0.2122E+09  0.8623E+02  0.4641E-10 -0.4018E-06  0.1000E-09  0.1000E-09  0.1000E-09  0.1908E-09  0.8534E+04  0.6235E-01
    9.3738 14  1   24.7112   18.8571   24.7112    8.0755   -3.9797    1.3143    0.0000    0.0068  -10.0000    4.9509  0.2123E+09  0.8573E+02  0.4666E-10 -0.4020E-06  0.1000E-09  0.1000E-09  0.1000E-09  0.1913E-09  0.8535E+04  0.6235E-01
    9.3786 14  1   24.7112   18.8552   24.7112    8.0755   -3.9797    1.3154    0.0000    0.0068  -10.0000    4.9513  0.2124E+09  0.8523E+02  0.4694E-10 -0.4025E-06  0.1000E-09  0.1000E-09  0.1000E-09  0.1918E-09  0.8535E+04  0.6235E-01
    9.3835 14  1   24.7112   18.8532   24.7112    8.0755   -3.9797    1.3164    0.0000    0.0068  -10.0000    4.9516  0.2125E+09  0.8473E+02  0.4721E-10 -0.4028E-06  0.1000E-09  0.1000E-09  0.1000E-09  0.1923E-09  0.8535E+04  0.6235E-01
    9.3884 14  1   24.7112   18.8512   24.7112    8.0755   -3.9797    1.3175    0.0000    0.0068  -10.0000    4.9519  0.2126E+09  0.8424E+02  0.4744E-10 -0.4028E-06  0.1000E-09  0.1000E-09  0.1000E-09  0.1928E-09  0.8536E+04  0.6235E-01
    9.3932 14  1   24.7112   18.8493   24.7112    8.0755   -3.9797    1.3185    0.0000    0.0069  -10.0000    4.9522  0.2127E+09  0.8375E+02  0.4782E-10 -0.4042E-06  0.1000E-09  0.1000E-09  0.1000E-09  0.1933E-09  0.8536E+04  0.6235E-01
    9.3981 14  1   24.7112   18.8473   24.7112    8.0755   -3.9797    1.3196    0.0000    0.0069  -10.0000    4.9526  0.2128E+09  0.8326E+02  0.4849E-10 -0.4078E-06  0.1000E-09  0.1000E-09  0.1000E-09  0.1938E-09  0.8536E+04  0.6235E-01
    9.4029 14  1   24.7112   18.8453   24.7112    8.0755   -3.9797    1.3206    0.0000    0.0069  -10.0000    4.9529  0.2129E+09  0.8277E+02  0.4900E-10 -0.4101E-06  0.1000E-09  0.1000E-09  0.1000E-09  0.1943E-09  0.8537E+04  0.6235E-01
    9.4078 14  1   24.7112   18.8433   24.7112    8.0755   -3.9797    1.3217    0.0000    0.0069  -10.0000    4.9532  0.2130E+09  0.8228E+02  0.4924E-10 -0.4101E-06  0.1000E-09  0.1000E-09  0.1000E-09  0.1948E-09  0.8537E+04  0.6235E-01
    9.4126 14  1   24.7112   18.8413   24.7112    8.0755   -3.9797    1.3227    0.0000    0.0069  -10.0000    4.9535  0.2131E+09  0.8180E+02  0.4953E-10 -0.4105E-06  0.1000E-09  0.1000E-09  0.1000E-09  0.1953E-09  0.8538E+04  0.6235E-01
    9.4175 14  1   24.7112   18.8393   24.7112    8.0755   -3.9797    1.3238    0.0000    0.0069  -10.0000    4.9539  0.2132E+09  0.8132E+02  0.4994E-10 -0.4119E-06  0.1000E-09  0.1000E-09  0.1000E-09  0.1958E-09  0.8538E+04  0.6235E-01
    9.4224 14  1   24.7112   18.8373   24.7112    8.0755   -3.9797    1.3248    0.0000    0.0070  -10.0000    4.9542  0.2133E+09  0.8084E+02  0.5029E-10 -0.4127E-06  0.1000E-09  0.1000E-09  0.1000E-09  0.1963E-09  0.8538E+04  0.6235E-01
    9.4272 14  1   24.7112   18.8353   24.7112    8.0755   -3.9797    1.3259    0.0000    0.0070  -10.0000    4.9545  0.2134E+09  0.8036E+02  0.5054E-10 -0.4127E-06  0.1000E-09  0.1000E-09  0.1000E-09  0.1968E-09  0.8539E+04  0.6235E-01
    9.4321 14  1   24.7112   18.8333   24.7112    8.0755   -3.9797    1.3269    0.0000    0.0070  -10.0000    4.9549  0.2135E+09  0.7989E+02  0.5089E-10 -0.4136E-06  0.1000E-09  0.1000E-09  0.1000E-09  0.1973E-09  0.8539E+04  0.6235E-01
    9.4369 14  1   24.7112   18.8313   24.7112    8.0755   -3.9797    1.3280    0.0000    0.0070  -10.0000    4.9552  0.2136E+09  0.7942E+02  0.5150E-10 -0.4165E-06  0.1000E-09  0.1000E-09  0.1000E-09  0.1979E-09  0.8540E+04  0.6235E-01
    9.4418 14  1   24.7112   18.8292   24.7112    8.0755   -3.9797    1.3290    0.0000    0.0070  -10.0000    4.9555  0.2137E+09  0.7895E+02  0.5201E-10 -0.4186E-06  0.1000E-09  0.1000E-09  0.1000E-09  0.1984E-09  0.8540E+04  0.6235E-01
    9.4467 14  1   24.7112   18.8272   24.7112    8.0755   -3.9797    1.3301    0.0000    0.0070  -10.0000    4.9559  0.2138E+09  0.7848E+02  0.5226E-10 -0.4186E-06  0.1000E-09  0.1000E-09  0.1000E-09  0.1989E-09  0.8540E+04  0.6235E-01
    9.4515 14  1   24.7112   18.8252   24.7112    8.0755   -3.9797    1.3312    0.0000    0.0071  -10.0000    4.9562  0.2139E+09  0.7802E+02  0.5259E-10 -0.4191E-06  0.1000E-09  0.1000E-09  0.1000E-09  0.1994E-09  0.8541E+04  0.6235E-01
    9.4564 14  1   24.7112   18.8231   24.7112    8.0755   -3.9797    1.3322    0.0000    0.0071  -10.0000    4.9565  0.2140E+09  0.7755E+02  0.5313E-10 -0.4214E-06  0.1000E-09  0.1000E-09  0.1000E-09  0.1999E-09  0.8541E+04  0.6235E-01
    9.4612 14  1   24.7112   18.8211   24.7112    8.0755   -3.9797    1.3333    0.0000    0.0071  -10.0000    4.9569  0.2141E+09  0.7709E+02  0.5361E-10 -0.4231E-06  0.1000E-09  0.1000E-09  0.1000E-09  0.2005E-09  0.8542E+04  0.6235E-01
    9.4661 14  1   24.7112   18.8190   24.7112    8.0755   -3.9797    1.3343    0.0000    0.0071  -10.0000    4.9572  0.2142E+09  0.7664E+02  0.5387E-10 -0.4231E-06  0.1000E-09  0.1000E-09  0.1000E-09  0.2010E-09  0.8542E+04  0.6235E-01
    9.4709 14  1   24.7112   18.8170   24.7112    8.0755   -3.9797    1.3354    0.0000    0.0071  -10.0000    4.9575  0.2143E+09  0.7618E+02  0.5421E-10 -0.4236E-06  0.1000E-09  0.1000E-09  0.1000E-09  0.2015E-09  0.8542E+04  0.6235E-01
    9.4758 14  1   24.7112   18.8149   24.7112    8.0755   -3.9797    1.3364    0.0000    0.0071  -10.0000    4.9579  0.2144E+09  0.7573E+02  0.5483E-10 -0.4263E-06  0.1000E-09  0.1000E-09  0.1000E-09  0.2021E-09  0.8543E+04  0.6235E-01
    9.4807 14  1   24.7112   18.8128   24.7112    8.0755   -3.9797    1.3375    0.0000    0.0072  -10.0000    4.9582  0.2146E+09  0.7528E+02  0.5537E-10 -0.4285E-06  0.1000E-09  0.1000E-09  0.1000E-09  0.2026E-09  0.8543E+04  0.6235E-01
    9.4855 14  1   24.7112   18.8107   24.7112    8.0755   -3.9797    1.3386    0.0000    0.0072  -10.0000    4.9585  0.2147E+09  0.7483E+02  0.5565E-10 -0.4285E-06  0.1000E-09  0.1000E-09  0.1000E-09  0.2031E-09  0.8544E+04  0.6235E-01
    9.4904 14  1   24.7112   18.8086   24.7112    8.0755   -3.9797    1.3396    0.0000    0.0072  -10.0000    4.9589  0.2148E+09  0.7439E+02  0.5596E-10 -0.4288E-06  0.1000E-09  0.1000E-09  0.1000E-09  0.2036E-09  0.8544E+04  0.6235E-01
    9.4952 14  1   24.7112   18.8065   24.7112    8.0755   -3.9797    1.3407    0.0000    0.0072  -10.0000    4.9592  0.2149E+09  0.7395E+02  0.5648E-10 -0.4307E-06  0.1000E-09  0.1000E-09  0.1000E-09  0.2042E-09  0.8544E+04  0.6235E-01
    9.5001 14  1   24.7112   18.8044   24.7112    8.0755   -3.9797    1.3417    0.0000    0.0072  -10.0000    4.9596  0.2150E+09  0.7351E+02  0.5696E-10 -0.4323E-06  0.1000E-09  0.1000E-09  0.1000E-09  0.2047E-09  0.8545E+04  0.6235E-01
    9.5050 14  1   24.7112   18.8023   24.7112    8.0755   -3.9797    1.3427    0.0000    0.0072  -10.0000    4.9599  0.2151E+09  0.7307E+02  0.5724E-10 -0.4323E-06  0.1000E-09  0.1000E-09  0.1000E-09  0.2052E-09  0.8545E+04  0.6235E-01
    9.5098 14  1   24.7112   18.8002   24.7112    8.0755   -3.9797    1.3438    0.0000    0.0073  -10.0000    4.9602  0.2152E+09  0.7264E+02  0.5758E-10 -0.4327E-06  0.1000E-09  0.1000E-09  0.1000E-09  0.2058E-09  0.8546E+04  0.6235E-01
    9.5147 14  1   24.7112   18.7981   24.7112    8.0755   -3.9797    1.3448    0.0000    0.0073  -10.0000    4.9606  0.2154E+09  0.7221E+02  0.5828E-10 -0.4358E-06  0.1000E-09  0.1000E-09  0.1000E-09  0.2063E-09  0.8546E+04  0.6235E-01
    9.5195 14  1   24.7112   18.7960   24.7112    8.0755   -3.9797    1.3459    0.0000    0.0073  -10.0000    4.9609  0.2155E+09  0.7179E+02  0.5892E-10 -0.4385E-06  0.1000E-09  0.1000E-09  0.1000E-09  0.2069E-09  0.8546E+04  0.6235E-01
    9.5244 14  1   24.7112   18.7939   24.7112    8.0755   -3.9797    1.3469    0.0000    0.0073  -10.0000    4.9613  0.2156E+09  0.7137E+02  0.5921E-10 -0.4385E-06  0.1000E-09  0.1000E-09  0.1000E-09  0.2074E-09  0.8547E+04  0.6235E-01
    9.5292 14  1   24.7112   18.7917   24.7112    8.0755   -3.9797    1.3480    0.0000    0.0073  -10.0000    4.9616  0.2157E+09  0.7095E+02  0.5954E-10 -0.4388E-06  0.1000E-09  0.1000E-09  0.1000E-09  0.2079E-09  0.8547E+04  0.6235E-01
    9.5341 14  1   24.7112   18.7896   24.7112    8.0755   -3.9797    1.3490    0.0000    0.0074  -10.0000    4.9620  0.2158E+09  0.7053E+02  0.6024E-10 -0.4419E-06  0.1000E-09  0.1000E-09  0.1000E-09  0.2085E-09  0.8548E+04  0.6235E-01
    9.5390 14  1   24.7112   18.7874   24.7112    8.0755   -3.9797    1.3500    0.0000    0.0074  -10.0000    4.9623  0.2160E+09  0.7012E+02  0.6090E-10 -0.4446E-06  0.1000E-09  0.1000E-09  0.1000E-09  0.2090E-09  0.8548E+04  0.6235E-01
    9.5438 14  1   24.7112   18.7853   24.7112    8.0755   -3.9797    1.3510    0.0000    0.0074  -10.0000    4.9627  0.2161E+09  0.6971E+02  0.6120E-10 -0.4446E-06  0.1000E-09  0.1000E-09  0.1000E-09  0.2095E-09  0.8549E+04  0.6235E-01
    9.5487 14  1   24.7112   18.7831   24.7112    8.0755   -3.9797    1.3520    0.0000    0.0074  -10.0000    4.9630  0.2162E+09  0.6930E+02  0.6151E-10 -0.4448E-06  0.1000E-09  0.1000E-09  0.1000E-09  0.2101E-09  0.8549E+04  0.6235E-01
    9.5535 14  1   24.7112   18.7809   24.7112    8.0755   -3.9797    1.3530    0.0000    0.0074  -10.0000    4.9634  0.2163E+09  0.6890E+02  0.6216E-10 -0.4473E-06  0.1000E-09  0.1000E-09  0.1000E-09  0.2106E-09  0.8549E+04  0.6235E-01
    9.5584 14  1   24.7112   18.7787   24.7112    8.0755   -3.9797    1.3541    0.0000    0.0074  -10.0000    4.9638  0.2165E+09  0.6851E+02  0.6279E-10 -0.4498E-06  0.1000E-09  0.1000E-09  0.1000E-09  0.2111E-09  0.8550E+04  0.6235E-01
    9.5633 14  1   24.7112   18.7766   24.7112    8.0755   -3.9797    1.3551    0.0000    0.0075  -10.0000    4.9641  0.2166E+09  0.6811E+02  0.6308E-10 -0.4498E-06  0.1000E-09  0.1000E-09  0.1000E-09  0.2117E-09  0.8550E+04  0.6235E-01
    9.5681 14  1   24.7112   18.7744   24.7112    8.0755   -3.9797    1.3561    0.0000    0.0075  -10.0000    4.9645  0.2167E+09  0.6772E+02  0.6339E-10 -0.4498E-06  0.1000E-09  0.1000E-09  0.1000E-09  0.2122E-09  0.8551E+04  0.6235E-01
    9.5730 14  1   24.7112   18.7722   24.7112    8.0755   -3.9797    1.3570    0.0000    0.0075  -10.0000    4.9648  0.2168E+09  0.6733E+02  0.6405E-10 -0.4524E-06  0.1000E-09  0.1000E-09  0.1000E-09  0.2127E-09  0.8551E+04  0.6235E-01
    9.5778 14  1   24.7112   18.7700   24.7112    8.0755   -3.9797    1.3580    0.0000    0.0075  -10.0000    4.9652  0.2170E+09  0.6695E+02  0.6470E-10 -0.4549E-06  0.1000E-09  0.1000E-09  0.1000E-09  0.2132E-09  0.8552E+04  0.6235E-01
    9.5827 14  1   24.7112   18.7678   24.7112    8.0755   -3.9797    1.3590    0.0000    0.0075  -10.0000    4.9656  0.2171E+09  0.6658E+02  0.6500E-10 -0.4549E-06  0.1000E-09  0.1000E-09  0.1000E-09  0.2138E-09  0.8552E+04  0.6235E-01
    9.5875 14  1   24.7112   18.7656   24.7112    8.0755   -3.9797    1.3600    0.0000    0.0075  -10.0000    4.9659  0.2172E+09  0.6620E+02  0.6529E-10 -0.4549E-06  0.1000E-09  0.1000E-09  0.1000E-09  0.2143E-09  0.8552E+04  0.6235E-01
    9.5924 14  1   24.7112   18.7633   24.7112    8.0755   -3.9797    1.3609    0.0000    0.0076  -10.0000    4.9663  0.2174E+09  0.6584E+02  0.6606E-10 -0.4582E-06  0.1000E-09  0.1000E-09  0.1000E-09  0.2148E-09  0.8553E+04  0.6235E-01
    9.5973 14  1   24.7112   18.7611   24.7112    8.0755   -3.9797    1.3619    0.0000    0.0076  -10.0000    4.9667  0.2175E+09  0.6547E+02  0.6684E-10 -0.4616E-06  0.1000E-09  0.1000E-09  0.1000E-09  0.2153E-09  0.8553E+04  0.6235E-01
    9.6021 14  1   24.7112   18.7588   24.7112    8.0755   -3.9797    1.3628    0.0000    0.0076  -10.0000    4.9671  0.2176E+09  0.6511E+02  0.6714E-10 -0.4617E-06  0.1000E-09  0.1000E-09  0.1000E-09  0.2158E-09  0.8554E+04  0.6235E-01
    9.6070 14  1   24.7112   18.7566   24.7112    8.0755   -3.9797    1.3637    0.0000    0.0076  -10.0000    4.9675  0.2177E+09  0.6475E+02  0.6744E-10 -0.4617E-06  0.1000E-09  0.1000E-09  0.1000E-09  0.2163E-09  0.8554E+04  0.6235E-01
    9.6118 14  1   24.7112   18.7543   24.7112    8.0755   -3.9797    1.3646    0.0000    0.0076  -10.0000    4.9678  0.2179E+09  0.6441E+02  0.6816E-10 -0.4646E-06  0.1000E-09  0.1000E-09  0.1000E-09  0.2168E-09  0.8555E+04  0.6235E-01
    9.6167 14  1   24.7112   18.7521   24.7112    8.0755   -3.9797    1.3655    0.0000    0.0076  -10.0000    4.9682  0.2180E+09  0.6407E+02  0.6890E-10 -0.4677E-06  0.1000E-09  0.1000E-09  0.1000E-09  0.2173E-09  0.8555E+04  0.6235E-01
    9.6216 14  1   24.7112   18.7498   24.7112    8.0755   -3.9797    1.3664    0.0000    0.0076  -10.0000    4.9686  0.2182E+09  0.6374E+02  0.6921E-10 -0.4678E-06  0.1000E-09  0.1000E-09  0.1000E-09  0.2178E-09  0.8556E+04  0.6235E-01
    9.6264 14  1   24.7112   18.7475   24.7112    8.0755   -3.9797    1.3673    0.0000    0.0077  -10.0000    4.9690  0.2183E+09  0.6340E+02  0.6950E-10 -0.4678E-06  0.1000E-09  0.1000E-09  0.1000E-09  0.2183E-09  0.8556E+04  0.6235E-01
    9.6313 14  1   24.7112   18.7452   24.7112    8.0755   -3.9797    1.3681    0.0000    0.0077  -10.0000    4.9694  0.2184E+09  0.6308E+02  0.7026E-10 -0.4710E-06  0.1000E-09  0.1000E-09  0.1000E-09  0.2187E-09  0.8556E+04  0.6235E-01
    9.6361 14  1   24.7112   18.7429   24.7112    8.0755   -3.9797    1.3689    0.0000    0.0077  -10.0000    4.9698  0.2186E+09  0.6277E+02  0.7106E-10 -0.4745E-06  0.1000E-09  0.1000E-09  0.1000E-09  0.2192E-09  0.8557E+04  0.6235E-01
    9.6410 14  1   24.7112   18.7406   24.7112    8.0755   -3.9797    1.3697    0.0000    0.0077  -10.0000    4.9702  0.2187E+09  0.6246E+02  0.7138E-10 -0.4749E-06  0.1000E-09  0.1000E-09  0.1000E-09  0.2197E-09  0.8557E+04  0.6235E-01
    9.6458 14  1   24.7112   18.7383   24.7112    8.0755   -3.9797    1.3705    0.0000    0.0077  -10.0000    4.9706  0.2188E+09  0.6215E+02  0.7165E-10 -0.4749E-06  0.1000E-09  0.1000E-09  0.1000E-09  0.2201E-09  0.8558E+04  0.6235E-01
    9.6507 14  1   24.7112   18.7360   24.7112    8.0755   -3.9797    1.3713    0.0000    0.0077  -10.0000    4.9711  0.2190E+09  0.6187E+02  0.7234E-10 -0.4776E-06  0.1000E-09  0.1000E-09  0.1000E-09  0.2205E-09  0.8558E+04  0.6235E-01
    9.6556 14  1   24.7112   18.7337   24.7112    8.0755   -3.9797    1.3720    0.0000    0.0077  -10.0000    4.9715  0.2191E+09  0.6159E+02  0.7307E-10 -0.4807E-06  0.1000E-09  0.1000E-09  0.1000E-09  0.2210E-09  0.8559E+04  0.6235E-01
    9.6604 14  1   24.7112   18.7313   24.7112    8.0755   -3.9797    1.3727    0.0000    0.0078  -10.0000    4.9719  0.2193E+09  0.6131E+02  0.7338E-10 -0.4812E-06  0.1000E-09  0.1000E-09  0.1000E-09  0.2214E-09  0.8559E+04  0.6235E-01
    9.6653 14  1   24.7112   18.7290   24.7112    8.0755   -3.9797    1.3734    0.0000    0.0078  -10.0000    4.9723  0.2194E+09  0.6103E+02  0.7363E-10 -0.4812E-06  0.1000E-09  0.1000E-09  0.1000E-09  0.2218E-09  0.8560E+04  0.6235E-01
    9.6701 14  1   24.7112   18.7266   24.7112    8.0755   -3.9797    1.3740    0.0000    0.0078  -10.0000    4.9728  0.2196E+09  0.6079E+02  0.7432E-10 -0.4841E-06  0.1000E-09  0.1000E-09  0.1000E-09  0.2221E-09  0.8560E+04  0.6235E-01
    9.6750 14  1   24.7112   18.7243   24.7112    8.0755   -3.9797    1.3746    0.0000    0.0078  -10.0000    4.9733  0.2197E+09  0.6055E+02  0.7507E-10 -0.4876E-06  0.1000E-09  0.1000E-09  0.1000E-09  0.2225E-09  0.8561E+04  0.6235E-01
    9.6799 14  1   24.7112   18.7219   24.7112    8.0755   -3.9797    1.3751    0.0000    0.0078  -10.0000    4.9737  0.2198E+09  0.6032E+02  0.7537E-10 -0.4882E-06  0.1000E-09  0.1000E-09  0.1000E-09  0.2228E-09  0.8561E+04  0.6235E-01
    9.6847 14  1   24.7112   18.7195   24.7112    8.0755   -3.9797    1.3757    0.0000    0.0078  -10.0000    4.9742  0.2200E+09  0.6009E+02  0.7557E-10 -0.4882E-06  0.1000E-09  0.1000E-09  0.1000E-09  0.2231E-09  0.8562E+04  0.6235E-01
    9.6896 14  1   24.7112   18.7171   24.7112    8.0755   -3.9797    1.3761    0.0000    0.0078  -10.0000    4.9747  0.2201E+09  0.5990E+02  0.7624E-10 -0.4912E-06  0.1000E-09  0.1000E-09  0.1000E-09  0.2234E-09  0.8562E+04  0.6235E-01
    9.6944 14  1   24.7112   18.7147   24.7112    8.0755   -3.9797    1.3764    0.0000    0.0078  -10.0000    4.9752  0.2203E+09  0.5973E+02  0.7697E-10 -0.4949E-06  0.1000E-09  0.1000E-09  0.1000E-09  0.2236E-09  0.8562E+04  0.6235E-01
    9.6993 14  1   24.7112   18.7123   24.7112    8.0755   -3.9797    1.3768    0.0000    0.0078  -10.0000    4.9757  0.2204E+09  0.5956E+02  0.7722E-10 -0.4957E-06  0.1000E-09  0.1000E-09  0.1000E-09  0.2239E-09  0.8563E+04  0.6235E-01
    9.7041 14  1   24.7112   18.7099   24.7112    8.0755   -3.9797    1.3771    0.0000    0.0078  -10.0000    4.9762  0.2206E+09  0.5939E+02  0.7735E-10 -0.4957E-06  0.1000E-09  0.1000E-09  0.1000E-09  0.2241E-09  0.8563E+04  0.6235E-01
    9.7090 14  1   24.7112   18.7075   24.7112    8.0755   -3.9797    1.3770    0.0000    0.0078  -10.0000    4.9768  0.2207E+09  0.5934E+02  0.7821E-10 -0.5004E-06  0.1000E-09  0.1000E-09  0.1000E-09  0.2241E-09  0.8564E+04  0.6235E-01
    9.7139 14  1   24.7112   18.7050   24.7112    8.0755   -3.9797    1.3768    0.0000    0.0078  -10.0000    4.9775  0.2209E+09  0.5933E+02  0.7916E-10 -0.5066E-06  0.1000E-09  0.1000E-09  0.1000E-09  0.2240E-09  0.8564E+04  0.6235E-01
    9.7187 14  1   24.7112   18.7026   24.7112    8.0755   -3.9797    1.3765    0.0000    0.0078  -10.0000    4.9781  0.2210E+09  0.5932E+02  0.7932E-10 -0.5081E-06  0.1000E-09  0.1000E-09  0.1000E-09  0.2239E-09  0.8565E+04  0.6235E-01
    9.7236 14  1   24.7112   18.7001   24.7112    8.0755   -3.9797    1.3763    0.0000    0.0078  -10.0000    4.9788  0.2212E+09  0.5931E+02  0.7925E-10 -0.5081E-06  0.1000E-09  0.1000E-09  0.1000E-09  0.2239E-09  0.8565E+04  0.6235E-01
    9.7284 14  1   24.7112   18.6976   24.7112    8.0755   -3.9797    1.3754    0.0000    0.0078  -10.0000    4.9795  0.2213E+09  0.5946E+02  0.7960E-10 -0.5109E-06  0.1000E-09  0.1000E-09  0.1000E-09  0.2235E-09  0.8566E+04  0.6235E-01
    9.7333 14  1   24.7112   18.6951   24.7112    8.0755   -3.9797    1.3744    0.0000    0.0078  -10.0000    4.9803  0.2215E+09  0.5968E+02  0.7993E-10 -0.5148E-06  0.1000E-09  0.1000E-09  0.1000E-09  0.2230E-09  0.8566E+04  0.6235E-01
    9.7382 14  1   24.7112   18.6926   24.7112    8.0755   -3.9797    1.3733    0.0000    0.0078  -10.0000    4.9810  0.2216E+09  0.5990E+02  0.7973E-10 -0.5160E-06  0.1000E-09  0.1000E-09  0.1000E-09  0.2225E-09  0.8567E+04  0.6235E-01
    9.7430 14  1   24.7112   18.6901   24.7112    8.0755   -3.9797    1.3722    0.0000    0.0077  -10.0000    4.9818  0.2218E+09  0.6012E+02  0.7934E-10 -0.5160E-06  0.1000E-09  0.1000E-09  0.1000E-09  0.2220E-09  0.8567E+04  0.6235E-01
    9.7479 14  1   24.7112   18.6876   24.7112    8.0755   -3.9797    1.3704    0.0000    0.0077  -10.0000    4.9827  0.2219E+09  0.6053E+02  0.7927E-10 -0.5180E-06  0.1000E-09  0.1000E-09  0.1000E-09  0.2211E-09  0.8568E+04  0.6235E-01
    9.7527 14  1   24.7112   18.6850   24.7112    8.0755   -3.9797    1.3683    0.0000    0.0077  -10.0000    4.9836  0.2221E+09  0.6103E+02  0.7911E-10 -0.5210E-06  0.1000E-09  0.1000E-09  0.1000E-09  0.2201E-09  0.8568E+04  0.6235E-01
    9.7576 14  1   24.7112   18.6825   24.7112    8.0755   -3.9797    1.3662    0.0000    0.0076  -10.0000    4.9846  0.2222E+09  0.6154E+02  0.7852E-10 -0.5220E-06  0.1000E-09  0.1000E-09  0.1000E-09  0.2191E-09  0.8569E+04  0.6235E-01
    9.7624 14  1   24.7112   18.6800   24.7112    8.0755   -3.9797    1.3641    0.0000    0.0076  -10.0000    4.9855  0.2224E+09  0.6206E+02  0.7780E-10 -0.5220E-06  0.1000E-09  0.1000E-09  0.1000E-09  0.2181E-09  0.8569E+04  0.6235E-01
    9.7642 14  2   24.7112   18.6790   24.7112    8.0755   -3.9797    1.3633    0.0000    0.0076  -10.0000    4.9859  0.2224E+09  0.6212E+02  0.7707E-10 -0.5220E-06  0.1000E-09  0.1000E-09  0.1000E-09  0.2100E-09  0.8570E+04  0.6235E-01
    9.7648 14  2   24.7112   18.6788   24.7112    8.0755   -3.9797    1.3628    0.0000    0.0076  -10.0000    4.9861  0.2225E+09  0.6226E+02  0.7744E-10 -0.5263E-06  0.1000E-09  0.1000E-09  0.1000E-09  0.2097E-09  0.8570E+04  0.6235E-01
    9.7653 14  2   24.7112   18.6785   24.7112    8.0755   -3.9797    1.3623    0.0000    0.0076  -10.0000    4.9863  0.2225E+09  0.6239E+02  0.7789E-10 -0.5306E-06  0.1000E-09  0.1000E-09  0.1000E-09  0.2095E-09  0.8570E+04  0.6235E-01
    9.7658 14  2   24.7112   18.6782   24.7112    8.0755   -3.9797    1.3618    0.0000    0.0076  -10.0000    4.9865  0.2225E+09  0.6253E+02  0.7772E-10 -0.5306E-06  0.1000E-09  0.1000E-09  0.1000E-09  0.2092E-09  0.8570E+04  0.6235E-01
    9.7663 14  2   24.7112   18.6779   24.7112    8.0755   -3.9797    1.3613    0.0000    0.0076  -10.0000    4.9866  0.2225E+09  0.6266E+02  0.7754E-10 -0.5306E-06  0.1000E-09  0.1000E-09  0.1000E-09  0.2090E-09  0.8570E+04  0.6235E-01
    9.7668 14  2   24.7112   18.6776   24.7112    8.0755   -3.9797    1.3608    0.0000    0.0075  -10.0000    4.9868  0.2225E+09  0.6280E+02  0.7737E-10 -0.5306E-06  0.1000E-09  0.1000E-09  0.1000E-09  0.2087E-09  0.8570E+04  0.6235E-01
    9.7674 14  2   24.7112   18.6774   24.7112    8.0755   -3.9797    1.3603    0.0000    0.0075  -10.0000    4.9870  0.2225E+09  0.6293E+02  0.7720E-10 -0.5306E-06  0.1000E-09  0.1000E-09  0.1000E-09  0.2085E-09  0.8570E+04  0.6235E-01
    9.7679 14  2   24.7112   18.6771   24.7112    8.0755   -3.9797    1.3598    0.0000    0.0075  -10.0000    4.9872  0.2226E+09  0.6307E+02  0.7702E-10 -0.5306E-06  0.1000E-09  0.1000E-09  0.1000E-09  0.2083E-09  0.8570E+04  0.6235E-01
    9.7684 14  2   24.7112   18.6768   24.7112    8.0755   -3.9797    1.3593    0.0000    0.0075  -10.0000    4.9874  0.2226E+09  0.6320E+02  0.7685E-10 -0.5306E-06  0.1000E-09  0.1000E-09  0.1000E-09  0.2080E-09  0.8570E+04  0.6235E-01
    9.7689 14  2   24.7112   18.6765   24.7112    8.0755   -3.9797    1.3588    0.0000    0.0075  -10.0000    4.9876  0.2226E+09  0.6334E+02  0.7668E-10 -0.5306E-06  0.1000E-09  0.1000E-09  0.1000E-09  0.2078E-09  0.8570E+04  0.6235E-01
    9.7695 14  2   24.7112   18.6763   24.7112    8.0755   -3.9797    1.3583    0.0000    0.0075  -10.0000    4.9878  0.2226E+09  0.6348E+02  0.7650E-10 -0.5306E-06  0.1000E-09  0.1000E-09  0.1000E-09  0.2075E-09  0.8570E+04  0.6235E-01
    9.7700 14  2   24.7112   18.6760   24.7112    8.0755   -3.9797    1.3578    0.0000    0.0075  -10.0000    4.9880  0.2226E+09  0.6361E+02  0.7633E-10 -0.5306E-06  0.1000E-09  0.1000E-09  0.1000E-09  0.2073E-09  0.8570E+04  0.6235E-01
    9.7705 14  2   24.7112   18.6757   24.7112    8.0755   -3.9797    1.3573    0.0000    0.0075  -10.0000    4.9882  0.2226E+09  0.6375E+02  0.7616E-10 -0.5306E-06  0.1000E-09  0.1000E-09  0.1000E-09  0.2070E-09  0.8570E+04  0.6235E-01
    9.7710 14  2   24.7112   18.6754   24.7112    8.0755   -3.9797    1.3568    0.0000    0.0075  -10.0000    4.9884  0.2226E+09  0.6389E+02  0.7599E-10 -0.5306E-06  0.1000E-09  0.1000E-09  0.1000E-09  0.2068E-09  0.8570E+04  0.6235E-01
    9.7715 14  2   24.7112   18.6752   24.7112    8.0755   -3.9797    1.3563    0.0000    0.0075  -10.0000    4.9886  0.2227E+09  0.6403E+02  0.7582E-10 -0.5306E-06  0.1000E-09  0.1000E-09  0.1000E-09  0.2066E-09  0.8570E+04  0.6235E-01
    9.7721 14  2   24.7112   18.6749   24.7112    8.0755   -3.9797    1.3558    0.0000    0.0075  -10.0000    4.9888  0.2227E+09  0.6417E+02  0.7565E-10 -0.5306E-06  0.1000E-09  0.1000E-09  0.1000E-09  0.2063E-09  0.8570E+04  0.6235E-01
    9.7726 14  2   24.7112   18.6746   24.7112    8.0755   -3.9797    1.3553    0.0000    0.0074  -10.0000    4.9890  0.2227E+09  0.6430E+02  0.7548E-10 -0.5306E-06  0.1000E-09  0.1000E-09  0.1000E-09  0.2061E-09  0.8570E+04  0.6235E-01
    9.7731 14  2   24.7112   18.6743   24.7112    8.0755   -3.9797    1.3548    0.0000    0.0074  -10.0000    4.9892  0.2227E+09  0.6444E+02  0.7531E-10 -0.5306E-06  0.1000E-09  0.1000E-09  0.1000E-09  0.2058E-09  0.8570E+04  0.6235E-01
    9.7736 14  2   24.7112   18.6741   24.7112    8.0755   -3.9797    1.3543    0.0000    0.0074  -10.0000    4.9894  0.2227E+09  0.6458E+02  0.7514E-10 -0.5306E-06  0.1000E-09  0.1000E-09  0.1000E-09  0.2056E-09  0.8571E+04  0.6235E-01
    9.7741 14  2   24.7112   18.6738   24.7112    8.0755   -3.9797    1.3538    0.0000    0.0074  -10.0000    4.9896  0.2227E+09  0.6472E+02  0.7497E-10 -0.5306E-06  0.1000E-09  0.1000E-09  0.1000E-09  0.2053E-09  0.8571E+04  0.6235E-01
    9.7747 14  2   24.7112   18.6735   24.7112    8.0755   -3.9797    1.3533    0.0000    0.0074  -10.0000    4.9898  0.2228E+09  0.6486E+02  0.7480E-10 -0.5306E-06  0.1000E-09  0.1000E-09  0.1000E-09  0.2051E-09  0.8571E+04  0.6235E-01
    9.7752 14  2   24.7112   18.6732   24.7112    8.0755   -3.9797    1.3528    0.0000    0.0074  -10.0000    4.9899  0.2228E+09  0.6500E+02  0.7463E-10 -0.5306E-06  0.1000E-09  0.1000E-09  0.1000E-09  0.2049E-09  0.8571E+04  0.6235E-01
    9.7757 14  2   24.7112   18.6729   24.7112    8.0755   -3.9797    1.3523    0.0000    0.0074  -10.0000    4.9901  0.2228E+09  0.6514E+02  0.7446E-10 -0.5306E-06  0.1000E-09  0.1000E-09  0.1000E-09  0.2046E-09  0.8571E+04  0.6235E-01
    9.7762 14  2   24.7112   18.6727   24.7112    8.0755   -3.9797    1.3518    0.0000    0.0074  -10.0000    4.9903  0.2228E+09  0.6528E+02  0.7430E-10 -0.5306E-06  0.1000E-09  0.1000E-09  0.1000E-09  0.2044E-09  0.8571E+04  0.6235E-01
    9.7767 14  2   24.7112   18.6724   24.7112    8.0755   -3.9797    1.3513    0.0000    0.0074  -10.0000    4.9905  0.2228E+09  0.6542E+02  0.7413E-10 -0.5306E-06  0.1000E-09  0.1000E-09  0.1000E-09  0.2041E-09  0.8571E+04  0.6235E-01
    9.7773 14  2   24.7112   18.6721   24.7112    8.0755   -3.9797    1.3508    0.0000    0.0074  -10.0000    4.9907  0.2228E+09  0.6556E+02  0.7396E-10 -0.5306E-06  0.1000E-09  0.1000E-09  0.1000E-09  0.2039E-09  0.8571E+04  0.6235E-01
    9.7778 14  2   24.7112   18.6718   24.7112    8.0755   -3.9797    1.3503    0.0000    0.0074  -10.0000    4.9909  0.2228E+09  0.6571E+02  0.7380E-10 -0.5306E-06  0.1000E-09  0.1000E-09  0.1000E-09  0.2037E-09  0.8571E+04  0.6235E-01
    9.7783 14  2   24.7112   18.6716   24.7112    8.0755   -3.9797    1.3498    0.0000    0.0074  -10.0000    4.9911  0.2229E+09  0.6585E+02  0.7363E-10 -0.5306E-06  0.1000E-09  0.1000E-09  0.1000E-09  0.2034E-09  0.8571E+04  0.6235E-01
    9.7788 14  2   24.7112   18.6713   24.7112    8.0755   -3.9797    1.3493    0.0000    0.0073  -10.0000    4.9913  0.2229E+09  0.6599E+02  0.7347E-10 -0.5306E-06  0.1000E-09  0.1000E-09  0.1000E-09  0.2032E-09  0.8571E+04  0.6235E-01
    9.7794 14  2   24.7112   18.6710   24.7112    8.0755   -3.9797    1.3488    0.0000    0.0073  -10.0000    4.9915  0.2229E+09  0.6613E+02  0.7330E-10 -0.5306E-06  0.1000E-09  0.1000E-09  0.1000E-09  0.2030E-09  0.8571E+04  0.6235E-01
    9.7799 14  2   24.7112   18.6707   24.7112    8.0755   -3.9797    1.3483    0.0000    0.0073  -10.0000    4.9917  0.2229E+09  0.6628E+02  0.7313E-10 -0.5306E-06  0.1000E-09  0.1000E-09  0.1000E-09  0.2027E-09  0.8571E+04  0.6235E-01
    9.7804 14  2   24.7112   18.6705   24.7112    8.0755   -3.9797    1.3478    0.0000    0.0073  -10.0000    4.9919  0.2229E+09  0.6642E+02  0.7297E-10 -0.5306E-06  0.1000E-09  0.1000E-09  0.1000E-09  0.2025E-09  0.8571E+04  0.6235E-01
    9.7809 14  2   24.7112   18.6702   24.7112    8.0755   -3.9797    1.3473    0.0000    0.0073  -10.0000    4.9921  0.2229E+09  0.6656E+02  0.7281E-10 -0.5306E-06  0.1000E-09  0.1000E-09  0.1000E-09  0.2022E-09  0.8571E+04  0.6235E-01
    9.7814 14  2   24.7112   18.6699   24.7112    8.0755   -3.9797    1.3468    0.0000    0.0073  -10.0000    4.9923  0.2229E+09  0.6671E+02  0.7264E-10 -0.5306E-06  0.1000E-09  0.1000E-09  0.1000E-09  0.2020E-09  0.8571E+04  0.6235E-01
    9.7820 14  2   24.7112   18.6696   24.7112    8.0755   -3.9797    1.3463    0.0000    0.0073  -10.0000    4.9925  0.2230E+09  0.6685E+02  0.7248E-10 -0.5306E-06  0.1000E-09  0.1000E-09  0.1000E-09  0.2018E-09  0.8571E+04  0.6235E-01
    9.7825 14  2   24.7112   18.6694   24.7112    8.0755   -3.9797    1.3458    0.0000    0.0073  -10.0000    4.9927  0.2230E+09  0.6699E+02  0.7232E-10 -0.5306E-06  0.1000E-09  0.1000E-09  0.1000E-09  0.2015E-09  0.8571E+04  0.6235E-01
    9.7830 14  2   24.7112   18.6691   24.7112    8.0755   -3.9797    1.3453    0.0000    0.0073  -10.0000    4.9929  0.2230E+09  0.6714E+02  0.7215E-10 -0.5306E-06  0.1000E-09  0.1000E-09  0.1000E-09  0.2013E-09  0.8571E+04  0.6235E-01
    9.7835 14  2   24.7112   18.6688   24.7112    8.0755   -3.9797    1.3448    0.0000    0.0073  -10.0000    4.9931  0.2230E+09  0.6728E+02  0.7199E-10 -0.5306E-06  0.1000E-09  0.1000E-09  0.1000E-09  0.2011E-09  0.8572E+04  0.6235E-01
    9.7840 14  2   24.7112   18.6685   24.7112    8.0755   -3.9797    1.3440    0.0000    0.0073  -10.0000    4.9935  0.2230E+09  0.6752E+02  0.7066E-10 -0.5219E-06  0.1000E-09  0.1000E-09  0.1000E-09  0.2007E-09  0.8572E+04  0.6235E-01
    9.7846 14  2   24.7112   18.6683   24.7112    8.0755   -3.9797    1.3427    0.0000    0.0072  -10.0000    4.9945  0.2230E+09  0.6792E+02  0.6715E-10 -0.4977E-06  0.1000E-09  0.1000E-09  0.1000E-09  0.2001E-09  0.8572E+04  0.6235E-01
    9.7851 14  2   24.7112   18.6680   24.7112    8.0755   -3.9797    1.3413    0.0000    0.0072  -10.0000    4.9955  0.2230E+09  0.6833E+02  0.6466E-10 -0.4822E-06  0.1000E-09  0.1000E-09  0.1000E-09  0.1994E-09  0.8572E+04  0.6235E-01
    9.7856 14  2   24.7112   18.6678   24.7112    8.0755   -3.9797    1.3400    0.0000    0.0072  -10.0000    4.9964  0.2231E+09  0.6873E+02  0.6428E-10 -0.4822E-06  0.1000E-09  0.1000E-09  0.1000E-09  0.1988E-09  0.8572E+04  0.6235E-01
    9.7861 14  2   24.7112   18.6675   24.7112    8.0755   -3.9797    1.3387    0.0000    0.0072  -10.0000    4.9974  0.2231E+09  0.6914E+02  0.6389E-10 -0.4822E-06  0.1000E-09  0.1000E-09  0.1000E-09  0.1982E-09  0.8572E+04  0.6235E-01
    9.7866 14  2   24.7112   18.6673   24.7112    8.0755   -3.9797    1.3374    0.0000    0.0071  -10.0000    4.9984  0.2231E+09  0.6955E+02  0.6351E-10 -0.4822E-06  0.1000E-09  0.1000E-09  0.1000E-09  0.1976E-09  0.8572E+04  0.6235E-01
    9.7872 14  2   24.7112   18.6670   24.7112    8.0755   -3.9797    1.3361    0.0000    0.0071  -10.0000    4.9993  0.2231E+09  0.6997E+02  0.6314E-10 -0.4822E-06  0.1000E-09  0.1000E-09  0.1000E-09  0.1969E-09  0.8572E+04  0.6235E-01
    9.7877 14  2   24.7112   18.6668   24.7112    8.0755   -3.9797    1.3347    0.0000    0.0071  -10.0000    5.0003  0.2231E+09  0.7038E+02  0.6276E-10 -0.4822E-06  0.1000E-09  0.1000E-09  0.1000E-09  0.1963E-09  0.8572E+04  0.6235E-01
    9.7882 14  2   24.7112   18.6665   24.7112    8.0755   -3.9797    1.3334    0.0000    0.0071  -10.0000    5.0013  0.2231E+09  0.7080E+02  0.6239E-10 -0.4822E-06  0.1000E-09  0.1000E-09  0.1000E-09  0.1957E-09  0.8572E+04  0.6235E-01
    9.7887 14  2   24.7112   18.6663   24.7112    8.0755   -3.9797    1.3321    0.0000    0.0071  -10.0000    5.0022  0.2231E+09  0.7122E+02  0.6202E-10 -0.4822E-06  0.1000E-09  0.1000E-09  0.1000E-09  0.1951E-09  0.8572E+04  0.6235E-01
    9.7893 14  2   24.7112   18.6660   24.7112    8.0755   -3.9797    1.3308    0.0000    0.0070  -10.0000    5.0032  0.2231E+09  0.7165E+02  0.6165E-10 -0.4822E-06  0.1000E-09  0.1000E-09  0.1000E-09  0.1945E-09  0.8572E+04  0.6235E-01
    9.7898 14  2   24.7112   18.6658   24.7112    8.0755   -3.9797    1.3295    0.0000    0.0070  -10.0000    5.0042  0.2232E+09  0.7207E+02  0.6128E-10 -0.4822E-06  0.1000E-09  0.1000E-09  0.1000E-09  0.1939E-09  0.8572E+04  0.6235E-01
    9.7903 14  2   24.7112   18.6655   24.7112    8.0755   -3.9797    1.3281    0.0000    0.0070  -10.0000    5.0051  0.2232E+09  0.7250E+02  0.6092E-10 -0.4822E-06  0.1000E-09  0.1000E-09  0.1000E-09  0.1933E-09  0.8572E+04  0.6235E-01
    9.7908 14  2   24.7112   18.6653   24.7112    8.0755   -3.9797    1.3268    0.0000    0.0070  -10.0000    5.0061  0.2232E+09  0.7293E+02  0.6056E-10 -0.4822E-06  0.1000E-09  0.1000E-09  0.1000E-09  0.1927E-09  0.8572E+04  0.6235E-01
    9.7913 14  2   24.7112   18.6650   24.7112    8.0755   -3.9797    1.3255    0.0000    0.0070  -10.0000    5.0071  0.2232E+09  0.7337E+02  0.6020E-10 -0.4822E-06  0.1000E-09  0.1000E-09  0.1000E-09  0.1921E-09  0.8572E+04  0.6235E-01
    9.7919 14  2   24.7112   18.6648   24.7112    8.0755   -3.9797    1.3242    0.0000    0.0069  -10.0000    5.0080  0.2232E+09  0.7380E+02  0.5984E-10 -0.4822E-06  0.1000E-09  0.1000E-09  0.1000E-09  0.1915E-09  0.8572E+04  0.6235E-01
    9.7924 14  2   24.7112   18.6645   24.7112    8.0755   -3.9797    1.3229    0.0000    0.0069  -10.0000    5.0090  0.2232E+09  0.7424E+02  0.5948E-10 -0.4822E-06  0.1000E-09  0.1000E-09  0.1000E-09  0.1909E-09  0.8572E+04  0.6235E-01
    9.7929 14  2   24.7112   18.6643   24.7112    8.0755   -3.9797    1.3215    0.0000    0.0069  -10.0000    5.0100  0.2232E+09  0.7468E+02  0.5913E-10 -0.4822E-06  0.1000E-09  0.1000E-09  0.1000E-09  0.1903E-09  0.8572E+04  0.6235E-01
    9.7934 14  2   24.7112   18.6640   24.7112    8.0755   -3.9797    1.3202    0.0000    0.0069  -10.0000    5.0109  0.2232E+09  0.7513E+02  0.5878E-10 -0.4822E-06  0.1000E-09  0.1000E-09  0.1000E-09  0.1897E-09  0.8572E+04  0.6235E-01
    9.7939 14  2   24.7112   18.6637   24.7112    8.0755   -3.9797    1.3189    0.0000    0.0068  -10.0000    5.0119  0.2233E+09  0.7557E+02  0.5843E-10 -0.4822E-06  0.1000E-09  0.1000E-09  0.1000E-09  0.1891E-09  0.8573E+04  0.6235E-01
    9.7945 14  2   24.7112   18.6635   24.7112    8.0755   -3.9797    1.3176    0.0000    0.0068  -10.0000    5.0129  0.2233E+09  0.7602E+02  0.5808E-10 -0.4822E-06  0.1000E-09  0.1000E-09  0.1000E-09  0.1885E-09  0.8573E+04  0.6235E-01
    9.7950 14  2   24.7112   18.6632   24.7112    8.0755   -3.9797    1.3163    0.0000    0.0068  -10.0000    5.0138  0.2233E+09  0.7648E+02  0.5774E-10 -0.4822E-06  0.1000E-09  0.1000E-09  0.1000E-09  0.1879E-09  0.8573E+04  0.6235E-01
    9.7955 14  2   24.7112   18.6630   24.7112    8.0755   -3.9797    1.3149    0.0000    0.0068  -10.0000    5.0148  0.2233E+09  0.7693E+02  0.5739E-10 -0.4822E-06  0.1000E-09  0.1000E-09  0.1000E-09  0.1873E-09  0.8573E+04  0.6235E-01
    9.7960 14  2   24.7112   18.6627   24.7112    8.0755   -3.9797    1.3136    0.0000    0.0068  -10.0000    5.0158  0.2233E+09  0.7739E+02  0.5705E-10 -0.4822E-06  0.1000E-09  0.1000E-09  0.1000E-09  0.1867E-09  0.8573E+04  0.6235E-01
    9.7965 14  2   24.7112   18.6625   24.7112    8.0755   -3.9797    1.3123    0.0000    0.0067  -10.0000    5.0167  0.2233E+09  0.7785E+02  0.5671E-10 -0.4822E-06  0.1000E-09  0.1000E-09  0.1000E-09  0.1861E-09  0.8573E+04  0.6235E-01
    9.7971 14  2   24.7112   18.6622   24.7112    8.0755   -3.9797    1.3110    0.0000    0.0067  -10.0000    5.0177  0.2233E+09  0.7831E+02  0.5637E-10 -0.4822E-06  0.1000E-09  0.1000E-09  0.1000E-09  0.1855E-09  0.8573E+04  0.6235E-01
    9.7976 14  2   24.7112   18.6620   24.7112    8.0755   -3.9797    1.3097    0.0000    0.0067  -10.0000    5.0187  0.2233E+09  0.7878E+02  0.5604E-10 -0.4822E-06  0.1000E-09  0.1000E-09  0.1000E-09  0.1850E-09  0.8573E+04  0.6235E-01
    9.7981 14  2   24.7112   18.6617   24.7112    8.0755   -3.9797    1.3083    0.0000    0.0067  -10.0000    5.0196  0.2233E+09  0.7925E+02  0.5571E-10 -0.4822E-06  0.1000E-09  0.1000E-09  0.1000E-09  0.1844E-09  0.8573E+04  0.6235E-01
    9.7986 14  2   24.7112   18.6615   24.7112    8.0755   -3.9797    1.3070    0.0000    0.0067  -10.0000    5.0206  0.2234E+09  0.7972E+02  0.5537E-10 -0.4822E-06  0.1000E-09  0.1000E-09  0.1000E-09  0.1838E-09  0.8573E+04  0.6235E-01
    9.7992 14  2   24.7112   18.6612   24.7112    8.0755   -3.9797    1.3057    0.0000    0.0066  -10.0000    5.0216  0.2234E+09  0.8019E+02  0.5505E-10 -0.4822E-06  0.1000E-09  0.1000E-09  0.1000E-09  0.1832E-09  0.8573E+04  0.6235E-01
    9.7997 14  2   24.7112   18.6610   24.7112    8.0755   -3.9797    1.3044    0.0000    0.0066  -10.0000    5.0225  0.2234E+09  0.8067E+02  0.5472E-10 -0.4822E-06  0.1000E-09  0.1000E-09  0.1000E-09  0.1826E-09  0.8573E+04  0.6235E-01
    9.8002 14  2   24.7112   18.6607   24.7112    8.0755   -3.9797    1.3031    0.0000    0.0066  -10.0000    5.0235  0.2234E+09  0.8115E+02  0.5439E-10 -0.4822E-06  0.1000E-09  0.1000E-09  0.1000E-09  0.1821E-09  0.8573E+04  0.6235E-01
    9.8007 14  2   24.7112   18.6605   24.7112    8.0755   -3.9797    1.3017    0.0000    0.0066  -10.0000    5.0245  0.2234E+09  0.8163E+02  0.5407E-10 -0.4822E-06  0.1000E-09  0.1000E-09  0.1000E-09  0.1815E-09  0.8573E+04  0.6235E-01
    9.8012 14  2   24.7112   18.6602   24.7112    8.0755   -3.9797    1.3004    0.0000    0.0066  -10.0000    5.0254  0.2234E+09  0.8212E+02  0.5375E-10 -0.4822E-06  0.1000E-09  0.1000E-09  0.1000E-09  0.1809E-09  0.8573E+04  0.6235E-01
    9.8018 14  2   24.7112   18.6600   24.7112    8.0755   -3.9797    1.2991    0.0000    0.0065  -10.0000    5.0264  0.2234E+09  0.8261E+02  0.5343E-10 -0.4822E-06  0.1000E-09  0.1000E-09  0.1000E-09  0.1804E-09  0.8573E+04  0.6235E-01
    9.8023 14  2   24.7112   18.6597   24.7112    8.0755   -3.9797    1.2978    0.0000    0.0065  -10.0000    5.0274  0.2234E+09  0.8310E+02  0.5311E-10 -0.4822E-06  0.1000E-09  0.1000E-09  0.1000E-09  0.1798E-09  0.8573E+04  0.6235E-01
    9.8028 14  2   24.7112   18.6595   24.7112    8.0755   -3.9797    1.2965    0.0000    0.0065  -10.0000    5.0283  0.2234E+09  0.8359E+02  0.5279E-10 -0.4822E-06  0.1000E-09  0.1000E-09  0.1000E-09  0.1792E-09  0.8573E+04  0.6235E-01
    9.8033 14  2   24.7112   18.6592   24.7112    8.0755   -3.9797    1.2951    0.0000    0.0065  -10.0000    5.0293  0.2235E+09  0.8409E+02  0.5248E-10 -0.4822E-06  0.1000E-09  0.1000E-09  0.1000E-09  0.1787E-09  0.8573E+04  0.6235E-01
    9.8038 14  2   24.7112   18.6589   24.7112    8.0755   -3.9797    1.2945    0.0000    0.0065  -10.0000    5.0276  0.2235E+09  0.8431E+02  0.6341E-10 -0.5861E-06  0.1000E-09  0.1000E-09  0.1000E-09  0.1784E-09  0.8573E+04  0.6235E-01
    9.8044 14  2   24.7112   18.6586   24.7112    8.0755   -3.9797    1.2956    0.0000    0.0065  -10.0000    5.0234  0.2235E+09  0.8387E+02  0.7645E-10 -0.7086E-06  0.1000E-09  0.1000E-09  0.1000E-09  0.1789E-09  0.8574E+04  0.6235E-01
    9.8049 14  2   24.7112   18.6582   24.7112    8.0755   -3.9797    1.2987    0.0000    0.0065  -10.0000    5.0181  0.2235E+09  0.8267E+02  0.7914E-10 -0.7299E-06  0.1000E-09  0.1000E-09  0.1000E-09  0.1802E-09  0.8574E+04  0.6235E-01
    9.8054 14  2   24.7112   18.6578   24.7112    8.0755   -3.9797    1.3045    0.0000    0.0066  -10.0000    5.0122  0.2235E+09  0.8049E+02  0.8239E-10 -0.7492E-06  0.1000E-09  0.1000E-09  0.1000E-09  0.1827E-09  0.8574E+04  0.6235E-01
    9.8059 14  2   24.7112   18.6574   24.7112    8.0755   -3.9797    1.3135    0.0000    0.0068  -10.0000    5.0064  0.2235E+09  0.7720E+02  0.8638E-10 -0.7653E-06  0.1000E-09  0.1000E-09  0.1000E-09  0.1868E-09  0.8574E+04  0.6235E-01
    9.8064 14  2   24.7112   18.6570   24.7112    8.0755   -3.9797    1.3269    0.0000    0.0070  -10.0000    5.0014  0.2235E+09  0.7257E+02  0.9298E-10 -0.7906E-06  0.1000E-09  0.1000E-09  0.1000E-09  0.1929E-09  0.8574E+04  0.6235E-01
    9.8070 14  2   24.7112   18.6565   24.7112    8.0755   -3.9797    1.3452    0.0000    0.0073  -10.0000    4.9978  0.2236E+09  0.6673E+02  0.1044E-09 -0.8354E-06  0.1000E-09  0.1000E-09  0.1000E-09  0.2015E-09  0.8574E+04  0.6235E-01
    9.8075 14  2   24.7112   18.6561   24.7112    8.0755   -3.9797    1.3688    0.0000    0.0077  -10.0000    4.9960  0.2236E+09  0.5984E+02  0.1205E-09 -0.8878E-06  0.1000E-09  0.1000E-09  0.1000E-09  0.2132E-09  0.8574E+04  0.6235E-01
    9.8080 14  2   24.7112   18.6556   24.7112    8.0755   -3.9797    1.3976    0.0000    0.0082  -10.0000    4.9957  0.2236E+09  0.5240E+02  0.1381E-09 -0.9145E-06  0.1000E-09  0.1000E-09  0.1000E-09  0.2284E-09  0.8574E+04  0.6235E-01
    9.8085 14  2   24.7112   18.6551   24.7112    8.0755   -3.9797    1.4318    0.0000    0.0089  -10.0000    4.9965  0.2237E+09  0.4478E+02  0.1552E-09 -0.9020E-06  0.1000E-09  0.1000E-09  0.1000E-09  0.2477E-09  0.8574E+04  0.6235E-01
    9.8091 14  2   24.7112   18.6547   24.7112    8.0755   -3.9797    1.4709    0.0000    0.0097  -10.0000    4.9982  0.2237E+09  0.3740E+02  0.1755E-09 -0.8743E-06  0.1000E-09  0.1000E-09  0.1000E-09  0.2718E-09  0.8574E+04  0.6235E-01
    9.8096 14  2   24.7112   18.6542   24.7112    8.0755   -3.9797    1.5138    0.0000    0.0107  -10.0000    5.0004  0.2237E+09  0.3069E+02  0.1997E-09 -0.8343E-06  0.1000E-09  0.1000E-09  0.1000E-09  0.3008E-09  0.8574E+04  0.6235E-01
    9.8101 14  2   24.7112   18.6538   24.7112    8.0755   -3.9797    1.5605    0.0000    0.0119  -10.0000    5.0024  0.2238E+09  0.2475E+02  0.2312E-09 -0.7965E-06  0.1000E-09  0.1000E-09  0.1000E-09  0.3359E-09  0.8575E+04  0.6235E-01
    9.8106 14  2   24.7112   18.6534   24.7112    8.0755   -3.9797    1.6107    0.0000    0.0134  -10.0000    5.0039  0.2238E+09  0.1964E+02  0.2717E-09 -0.7592E-06  0.1000E-09  0.1000E-09  0.1000E-09  0.3780E-09  0.8575E+04  0.6235E-01
    9.8111 14  2   24.7112   18.6531   24.7112    8.0755   -3.9797    1.6650    0.0000    0.0152  -10.0000    5.0044  0.2239E+09  0.1530E+02  0.3201E-09 -0.7148E-06  0.1000E-09  0.1000E-09  0.1000E-09  0.4293E-09  0.8575E+04  0.6235E-01
    9.8117 14  2   24.7112   18.6527   24.7112    8.0755   -3.9797    1.7247    0.0000    0.0174  -10.0000    5.0040  0.2240E+09  0.1162E+02  0.3929E-09 -0.6891E-06  0.1000E-09  0.1000E-09  0.1000E-09  0.4938E-09  0.8575E+04  0.6235E-01
    9.8122 14  2   24.7112   18.6523   24.7112    8.0755   -3.9797    1.7905    0.0000    0.0203  -10.0000    5.0026  0.2241E+09  0.8578E+01  0.5418E-09 -0.7295E-06  0.1000E-09  0.1000E-09  0.1000E-09  0.5759E-09  0.8575E+04  0.6235E-01
    9.8127 14  2   24.7112   18.6519   24.7112    8.0755   -3.9797    1.8650    0.0000    0.0241  -10.0000    4.9998  0.2242E+09  0.6087E+01  0.8255E-09 -0.8317E-06  0.1000E-09  0.1000E-09  0.1000E-09  0.6852E-09  0.8575E+04  0.6235E-01
    9.8132 14  2   24.7112   18.6514   24.7112    8.0755   -3.9797    1.9499    0.0000    0.0293  -10.0000    4.9954  0.2245E+09  0.4117E+01  0.1311E-08 -0.9537E-06  0.1000E-09  0.1000E-09  0.1000E-09  0.8347E-09  0.8575E+04  0.6235E-01
    9.8137 14  2   24.7112   18.6508   24.7112    8.0755   -3.9797    2.0511    0.0000    0.0370  -10.0000    4.9889  0.2249E+09  0.2582E+01  0.2239E-08 -0.1129E-05  0.1000E-09  0.1000E-09  0.1000E-09  0.1056E-08  0.8575E+04  0.6235E-01
    9.8143 14  2   24.7112   18.6501   24.7112    8.0755   -3.9797    2.1703    0.0000    0.0486  -10.0000    4.9790  0.2258E+09  0.1491E+01  0.4224E-08 -0.1382E-05  0.1000E-09  0.1000E-09  0.1000E-09  0.1392E-08  0.8575E+04  0.6235E-01
    9.8148 14  2   24.7112   18.6492   24.7112    8.0755   -3.9797    2.3063    0.0000    0.0665  -10.0000    4.9632  0.2275E+09  0.7966E+00  0.8535E-08 -0.1697E-05  0.1000E-09  0.1000E-09  0.1000E-09  0.1907E-08  0.8575E+04  0.6235E-01
    9.8153 14  2   24.7113   18.6481   24.7113    8.0755   -3.9797    2.4602    0.0000    0.0948  -10.0000    4.9345  0.2311E+09  0.3919E+00  0.1832E-07 -0.2097E-05  0.1000E-09  0.1000E-09  0.1000E-09  0.2721E-08  0.8576E+04  0.6235E-01
    9.8158 14  2   24.7113   18.6468   24.7113    8.0755   -3.9797    2.6217    0.0000    0.1375  -10.0000    4.8754  0.2390E+09  0.1862E+00  0.3945E-07 -0.2483E-05  0.1000E-09  0.1917E-04  0.1000E-09  0.7574E-03  0.8576E+04  0.6235E-01
    9.8163 14  2   24.7113   18.6454   24.7113    8.0755   -3.9797    2.7230    0.0000    0.1737  -10.0000    4.7449  0.2538E+09  0.1167E+00  0.7479E-07 -0.2607E-05  0.1000E-09  0.5285E+01  0.1000E-09  0.2638E+03  0.8576E+04  0.6235E-01
    9.8163 14  4   24.7113   18.6454   24.7113    8.0755   -3.9797    2.7230    0.0000    0.1737  -10.0000    4.7449  0.2538E+09  0.1167E+00  0.0000E+00  0.0000E+00  0.1000E-09  0.1057E+02  0.1000E-09  0.5276E+03  0.8576E+04  0.6235E-01
    9.8235 14  4   24.7135   18.5928   24.7135    8.0755   -3.9797    2.9149    0.0000    0.2700  -10.0000    5.0017  0.1070E+10  0.4686E-01  0.2982E-06 -0.7336E-05  0.1000E-09  0.6655E+01  0.1000E-09  0.5196E+03  0.8585E+04  0.6235E-01
    9.8307 14  4   24.7207   18.4954   24.7207    8.0755   -3.9796    3.0198    0.0000    0.3438  -10.0000    5.2116  0.3764E+10  0.2737E-01  0.1014E-05 -0.1355E-04  0.1000E-09  0.5080E+00  0.1000E-09  0.5099E+02  0.8598E+04  0.6233E-01
    9.8379 14  4   24.7310   18.3950   24.7310    8.0755   -3.9794    3.0173    0.0000    0.3419  -10.0000    5.2066  0.7340E+10  0.2616E-01  0.1424E-05 -0.1399E-04  0.1000E-09  0.5428E+00  0.1000E-09  0.5469E+02  0.8608E+04  0.6230E-01
    9.8451 14  4   24.7413   18.2937   24.7413    8.0755   -3.9792    3.0149    0.0000    0.3400  -10.0000    5.2018  0.1074E+11  0.2497E-01  0.1437E-05 -0.1410E-04  0.1000E-09  0.5778E+00  0.1000E-09  0.5847E+02  0.8620E+04  0.6227E-01
    9.8523 14  4   24.7515   18.1940   24.7515    8.0755   -3.9790    3.0126    0.0000    0.3383  -10.0000    5.1971  0.1389E+11  0.2383E-01  0.1416E-05 -0.1388E-04  0.1000E-09  0.6132E+00  0.1000E-09  0.6233E+02  0.8631E+04  0.6225E-01
    9.8594 14  4   24.7614   18.0963   24.7614    8.0755   -3.9789    3.0103    0.0000    0.3365  -10.0000    5.1926  0.1681E+11  0.2274E-01  0.1389E-05 -0.1361E-04  0.1000E-09  0.6489E+00  0.1000E-09  0.6626E+02  0.8641E+04  0.6222E-01
    9.8666 14  4   24.7713   18.0002   24.7713    8.0755   -3.9787    3.0081    0.0000    0.3349  -10.0000    5.1882  0.1951E+11  0.2172E-01  0.1368E-05 -0.1338E-04  0.1000E-09  0.6857E+00  0.1000E-09  0.7033E+02  0.8652E+04  0.6219E-01
    9.8738 14  4   24.7809   17.9058   24.7809    8.0755   -3.9785    3.0059    0.0000    0.3332  -10.0000    5.1838  0.2201E+11  0.2074E-01  0.1344E-05 -0.1313E-04  0.1000E-09  0.7233E+00  0.1000E-09  0.7452E+02  0.8662E+04  0.6217E-01
    9.8810 14  4   24.7904   17.8133   24.7904    8.0755   -3.9784    3.0037    0.0000    0.3316  -10.0000    5.1795  0.2433E+11  0.1982E-01  0.1320E-05 -0.1288E-04  0.1000E-09  0.7621E+00  0.1000E-09  0.7887E+02  0.8673E+04  0.6214E-01
    9.8882 14  4   24.7997   17.7221   24.7997    8.0755   -3.9782    3.0016    0.0000    0.3300  -10.0000    5.1752  0.2648E+11  0.1895E-01  0.1302E-05 -0.1270E-04  0.1000E-09  0.8019E+00  0.1000E-09  0.8337E+02  0.8683E+04  0.6211E-01
    9.8954 14  4   24.8089   17.6326   24.8089    8.0755   -3.9780    2.9995    0.0000    0.3285  -10.0000    5.1709  0.2848E+11  0.1812E-01  0.1280E-05 -0.1246E-04  0.1000E-09  0.8428E+00  0.1000E-09  0.8801E+02  0.8693E+04  0.6209E-01
    9.9025 14  4   24.8180   17.5443   24.8180    8.0755   -3.9779    2.9974    0.0000    0.3269  -10.0000    5.1667  0.3035E+11  0.1733E-01  0.1263E-05 -0.1229E-04  0.1000E-09  0.8849E+00  0.1000E-09  0.9281E+02  0.8703E+04  0.6207E-01
    9.9097 14  4   24.8269   17.4576   24.8269    8.0755   -3.9777    2.9953    0.0000    0.3254  -10.0000    5.1626  0.3208E+11  0.1658E-01  0.1242E-05 -0.1207E-04  0.1000E-09  0.9276E+00  0.1000E-09  0.9772E+02  0.8713E+04  0.6204E-01
    9.9169 14  4   24.8357   17.3722   24.8357    8.0755   -3.9776    2.9932    0.0000    0.3240  -10.0000    5.1585  0.3369E+11  0.1586E-01  0.1224E-05 -0.1189E-04  0.1000E-09  0.9716E+00  0.1000E-09  0.1028E+03  0.8723E+04  0.6202E-01
    9.9241 14  4   24.8444   17.2881   24.8444    8.0755   -3.9774    2.9912    0.0000    0.3225  -10.0000    5.1545  0.3519E+11  0.1518E-01  0.1208E-05 -0.1171E-04  0.1000E-09  0.1016E+01  0.1000E-09  0.1080E+03  0.8732E+04  0.6199E-01
    9.9313 14  4   24.8529   17.2053   24.8529    8.0755   -3.9773    2.9893    0.0000    0.3211  -10.0000    5.1505  0.3658E+11  0.1453E-01  0.1189E-05 -0.1152E-04  0.1000E-09  0.1061E+01  0.1000E-09  0.1133E+03  0.8742E+04  0.6197E-01
    9.9384 14  4   24.8614   17.1236   24.8614    8.0755   -3.9771    2.9873    0.0000    0.3197  -10.0000    5.1467  0.3789E+11  0.1391E-01  0.1175E-05 -0.1137E-04  0.1000E-09  0.1106E+01  0.1000E-09  0.1187E+03  0.8751E+04  0.6195E-01
    9.9456 14  4   24.8697   17.0432   24.8697    8.0755   -3.9770    2.9854    0.0000    0.3184  -10.0000    5.1429  0.3910E+11  0.1332E-01  0.1158E-05 -0.1119E-04  0.1000E-09  0.1152E+01  0.1000E-09  0.1241E+03  0.8760E+04  0.6192E-01
    9.9528 14  4   24.8779   16.9638   24.8779    8.0755   -3.9768    2.9836    0.0000    0.3171  -10.0000    5.1391  0.4024E+11  0.1276E-01  0.1145E-05 -0.1106E-04  0.1000E-09  0.1198E+01  0.1000E-09  0.1297E+03  0.8769E+04  0.6190E-01
    9.9600 14  4   24.8860   16.8855   24.8860    8.0755   -3.9767    2.9818    0.0000    0.3158  -10.0000    5.1355  0.4130E+11  0.1222E-01  0.1130E-05 -0.1090E-04  0.1000E-09  0.1244E+01  0.1000E-09  0.1353E+03  0.8779E+04  0.6188E-01
    9.9672 14  4   24.8941   16.8084   24.8941    8.0755   -3.9765    2.9800    0.0000    0.3146  -10.0000    5.1320  0.4229E+11  0.1170E-01  0.1115E-05 -0.1074E-04  0.1000E-09  0.1290E+01  0.1000E-09  0.1409E+03  0.8787E+04  0.6186E-01
    9.9744 14  4   24.9020   16.7321   24.9020    8.0755   -3.9764    2.9783    0.0000    0.3134  -10.0000    5.1286  0.4322E+11  0.1120E-01  0.1104E-05 -0.1062E-04  0.1000E-09  0.1335E+01  0.1000E-09  0.1465E+03  0.8796E+04  0.6184E-01
    9.9815 14  4   24.9098   16.6568   24.9098    8.0755   -3.9763    2.9767    0.0000    0.3123  -10.0000    5.1253  0.4408E+11  0.1073E-01  0.1091E-05 -0.1048E-04  0.1000E-09  0.1379E+01  0.1000E-09  0.1521E+03  0.8805E+04  0.6182E-01
    9.9887 14  4   24.9176   16.5823   24.9176    8.0755   -3.9761    2.9751    0.0000    0.3112  -10.0000    5.1221  0.4490E+11  0.1027E-01  0.1082E-05 -0.1038E-04  0.1000E-09  0.1422E+01  0.1000E-09  0.1577E+03  0.8814E+04  0.6179E-01
    9.9959 14  4   24.9253   16.5087   24.9253    8.0755   -3.9760    2.9735    0.0000    0.3101  -10.0000    5.1191  0.4566E+11  0.9831E-02  0.1069E-05 -0.1024E-04  0.1000E-09  0.1464E+01  0.1000E-09  0.1632E+03  0.8822E+04  0.6177E-01
   10.0031 14  4   24.9329   16.4360   24.9329    8.0755   -3.9759    2.9720    0.0000    0.3091  -10.0000    5.1161  0.4637E+11  0.9411E-02  0.1059E-05 -0.1012E-04  0.1000E-09  0.1505E+01  0.1000E-09  0.1687E+03  0.8831E+04  0.6175E-01
   10.0103 14  4   24.9404   16.3640   24.9404    8.0755   -3.9757    2.9707    0.0000    0.3082  -10.0000    5.1133  0.4704E+11  0.9005E-02  0.1051E-05 -0.1002E-04  0.1000E-09  0.1544E+01  0.1000E-09  0.1739E+03  0.8840E+04  0.6173E-01
   10.0175 14  4   24.9479   16.2927   24.9479    8.0755   -3.9756    2.9693    0.0000    0.3073  -10.0000    5.1106  0.4767E+11  0.8616E-02  0.1043E-05 -0.9928E-05  0.1000E-09  0.1582E+01  0.1000E-09  0.1792E+03  0.8848E+04  0.6171E-01
   10.0246 14  4   24.9553   16.2221   24.9553    8.0755   -3.9755    2.9680    0.0000    0.3065  -10.0000    5.1081  0.4826E+11  0.8240E-02  0.1035E-05 -0.9832E-05  0.1000E-09  0.1617E+01  0.1000E-09  0.1842E+03  0.8856E+04  0.6169E-01
   10.0318 14  4   24.9627   16.1522   24.9627    8.0755   -3.9753    2.9668    0.0000    0.3057  -10.0000    5.1057  0.4881E+11  0.7880E-02  0.1026E-05 -0.9727E-05  0.1000E-09  0.1650E+01  0.1000E-09  0.1891E+03  0.8865E+04  0.6167E-01
   10.0390 14  4   24.9701   16.0829   24.9701    8.0755   -3.9752    2.9657    0.0000    0.3049  -10.0000    5.1033  0.4933E+11  0.7534E-02  0.1022E-05 -0.9659E-05  0.1000E-09  0.1682E+01  0.1000E-09  0.1940E+03  0.8873E+04  0.6165E-01
   10.0462 14  4   24.9773   16.0141   24.9773    8.0755   -3.9751    2.9646    0.0000    0.3042  -10.0000    5.1012  0.4982E+11  0.7199E-02  0.1016E-05 -0.9579E-05  0.1000E-09  0.1711E+01  0.1000E-09  0.1985E+03  0.8881E+04  0.6163E-01
   10.0534 14  4   24.9846   15.9458   24.9846    8.0755   -3.9750    2.9635    0.0000    0.3035  -10.0000    5.0991  0.5028E+11  0.6878E-02  0.1011E-05 -0.9509E-05  0.1000E-09  0.1739E+01  0.1000E-09  0.2030E+03  0.8889E+04  0.6161E-01
   10.0606 14  4   24.9918   15.8779   24.9918    8.0755   -3.9748    2.9626    0.0000    0.3029  -10.0000    5.0972  0.5071E+11  0.6568E-02  0.1007E-05 -0.9442E-05  0.1000E-09  0.1763E+01  0.1000E-09  0.2071E+03  0.8897E+04  0.6159E-01
   10.0677 14  4   24.9990   15.8107   24.9990    8.0755   -3.9747    2.9617    0.0000    0.3024  -10.0000    5.0953  0.5111E+11  0.6271E-02  0.1002E-05 -0.9368E-05  0.1000E-09  0.1786E+01  0.1000E-09  0.2112E+03  0.8905E+04  0.6157E-01
   10.0749 14  4   25.0062   15.7438   25.0062    8.0755   -3.9746    2.9608    0.0000    0.3018  -10.0000    5.0936  0.5150E+11  0.5985E-02  0.9994E-06 -0.9311E-05  0.1000E-09  0.1807E+01  0.1000E-09  0.2151E+03  0.8913E+04  0.6155E-01
   10.0821 14  4   25.0134   15.6774   25.0134    8.0755   -3.9745    2.9600    0.0000    0.3013  -10.0000    5.0920  0.5186E+11  0.5709E-02  0.9957E-06 -0.9246E-05  0.1000E-09  0.1825E+01  0.1000E-09  0.2187E+03  0.8921E+04  0.6153E-01
   10.0893 14  4   25.0205   15.6113   25.0205    8.0755   -3.9743    2.9593    0.0000    0.3009  -10.0000    5.0905  0.5219E+11  0.5444E-02  0.9943E-06 -0.9199E-05  0.1000E-09  0.1841E+01  0.1000E-09  0.2222E+03  0.8929E+04  0.6151E-01
   10.0965 14  4   25.0276   15.5456   25.0276    8.0755   -3.9742    2.9586    0.0000    0.3005  -10.0000    5.0892  0.5251E+11  0.5189E-02  0.9924E-06 -0.9148E-05  0.1000E-09  0.1854E+01  0.1000E-09  0.2254E+03  0.8937E+04  0.6149E-01
   10.1037 14  4   25.0348   15.4802   25.0348    8.0755   -3.9741    2.9579    0.0000    0.3001  -10.0000    5.0879  0.5281E+11  0.4945E-02  0.9911E-06 -0.9101E-05  0.1000E-09  0.1866E+01  0.1000E-09  0.2285E+03  0.8945E+04  0.6147E-01
   10.1108 14  4   25.0419   15.4151   25.0419    8.0755   -3.9740    2.9573    0.0000    0.2997  -10.0000    5.0867  0.5309E+11  0.4709E-02  0.9908E-06 -0.9063E-05  0.1000E-09  0.1875E+01  0.1000E-09  0.2313E+03  0.8952E+04  0.6145E-01
   10.1180 14  4   25.0490   15.3503   25.0490    8.0755   -3.9738    2.9568    0.0000    0.2994  -10.0000    5.0856  0.5336E+11  0.4483E-02  0.9903E-06 -0.9021E-05  0.1000E-09  0.1882E+01  0.1000E-09  0.2340E+03  0.8960E+04  0.6143E-01
   10.1252 14  4   25.0561   15.2857   25.0561    8.0755   -3.9737    2.9563    0.0000    0.2992  -10.0000    5.0845  0.5360E+11  0.4265E-02  0.9914E-06 -0.8993E-05  0.1000E-09  0.1887E+01  0.1000E-09  0.2364E+03  0.8968E+04  0.6142E-01
   10.1324 14  4   25.0632   15.2214   25.0632    8.0755   -3.9736    2.9558    0.0000    0.2989  -10.0000    5.0836  0.5384E+11  0.4056E-02  0.9915E-06 -0.8955E-05  0.1000E-09  0.1890E+01  0.1000E-09  0.2387E+03  0.8976E+04  0.6140E-01
   10.1396 14  4   25.0703   15.1575   25.0703    8.0755   -3.9735    2.9554    0.0000    0.2987  -10.0000    5.0828  0.5405E+11  0.3856E-02  0.9894E-06 -0.8896E-05  0.1000E-09  0.1892E+01  0.1000E-09  0.2408E+03  0.8983E+04  0.6138E-01
   10.1467 14  4   25.0769   15.0990   25.0769    8.0755   -3.9734    2.9550    0.0000    0.2985  -10.0000    5.0820  0.5424E+11  0.3681E-02  0.9095E-06 -0.8141E-05  0.1000E-09  0.1893E+01  0.1000E-09  0.2427E+03  0.8990E+04  0.6136E-01
   10.1539 14  4   25.0828   15.0458   25.0828    8.0755   -3.9733    2.9546    0.0000    0.2983  -10.0000    5.0813  0.5440E+11  0.3527E-02  0.8321E-06 -0.7417E-05  0.1000E-09  0.1894E+01  0.1000E-09  0.2445E+03  0.8997E+04  0.6134E-01
   10.1611 14  4   25.0888   14.9926   25.0888    8.0755   -3.9732    2.9543    0.0000    0.2982  -10.0000    5.0807  0.5456E+11  0.3378E-02  0.8343E-06 -0.7407E-05  0.1000E-09  0.1892E+01  0.1000E-09  0.2460E+03  0.9003E+04  0.6133E-01
   10.1683 14  4   25.0948   14.9395   25.0948    8.0755   -3.9730    2.9541    0.0000    0.2981  -10.0000    5.0801  0.5470E+11  0.3234E-02  0.8359E-06 -0.7392E-05  0.1000E-09  0.1890E+01  0.1000E-09  0.2474E+03  0.9009E+04  0.6131E-01
   10.1755 14  4   25.1009   14.8865   25.1009    8.0755   -3.9729    2.9539    0.0000    0.2980  -10.0000    5.0797  0.5484E+11  0.3095E-02  0.8370E-06 -0.7371E-05  0.1000E-09  0.1884E+01  0.1000E-09  0.2485E+03  0.9015E+04  0.6129E-01
   10.1827 14  4   25.1069   14.8337   25.1069    8.0755   -3.9728    2.9537    0.0000    0.2979  -10.0000    5.0793  0.5497E+11  0.2961E-02  0.8390E-06 -0.7358E-05  0.1000E-09  0.1878E+01  0.1000E-09  0.2495E+03  0.9022E+04  0.6128E-01
   10.1898 14  4   25.1129   14.7809   25.1129    8.0755   -3.9727    2.9535    0.0000    0.2979  -10.0000    5.0790  0.5509E+11  0.2830E-02  0.8417E-06 -0.7349E-05  0.1000E-09  0.1870E+01  0.1000E-09  0.2503E+03  0.9028E+04  0.6126E-01
   10.1970 14  4   25.1190   14.7282   25.1190    8.0755   -3.9726    2.9534    0.0000    0.2979  -10.0000    5.0787  0.5520E+11  0.2705E-02  0.8444E-06 -0.7340E-05  0.1000E-09  0.1861E+01  0.1000E-09  0.2510E+03  0.9034E+04  0.6124E-01
   10.2042 14  4   25.1251   14.6756   25.1251    8.0755   -3.9725    2.9533    0.0000    0.2979  -10.0000    5.0786  0.5531E+11  0.2584E-02  0.8469E-06 -0.7328E-05  0.1000E-09  0.1850E+01  0.1000E-09  0.2514E+03  0.9040E+04  0.6123E-01
   10.2114 14  4   25.1312   14.6230   25.1312    8.0755   -3.9724    2.9532    0.0000    0.2979  -10.0000    5.0785  0.5541E+11  0.2467E-02  0.8495E-06 -0.7316E-05  0.1000E-09  0.1837E+01  0.1000E-09  0.2517E+03  0.9047E+04  0.6121E-01
   10.2186 14  4   25.1373   14.5705   25.1373    8.0755   -3.9723    2.9532    0.0000    0.2980  -10.0000    5.0784  0.5551E+11  0.2354E-02  0.8530E-06 -0.7311E-05  0.1000E-09  0.1823E+01  0.1000E-09  0.2518E+03  0.9053E+04  0.6119E-01
   10.2258 14  4   25.1435   14.5180   25.1435    8.0755   -3.9722    2.9532    0.0000    0.2981  -10.0000    5.0785  0.5559E+11  0.2245E-02  0.8565E-06 -0.7306E-05  0.1000E-09  0.1808E+01  0.1000E-09  0.2517E+03  0.9059E+04  0.6117E-01
   10.2329 14  4   25.1496   14.4656   25.1496    8.0755   -3.9721    2.9533    0.0000    0.2982  -10.0000    5.0786  0.5568E+11  0.2140E-02  0.8596E-06 -0.7295E-05  0.1000E-09  0.1791E+01  0.1000E-09  0.2514E+03  0.9065E+04  0.6116E-01
   10.2401 14  4   25.1558   14.4133   25.1558    8.0755   -3.9720    2.9534    0.0000    0.2983  -10.0000    5.0787  0.5576E+11  0.2040E-02  0.8634E-06 -0.7290E-05  0.1000E-09  0.1773E+01  0.1000E-09  0.2511E+03  0.9071E+04  0.6114E-01
   10.2473 14  4   25.1621   14.3608   25.1621    8.0755   -3.9719    2.9535    0.0000    0.2985  -10.0000    5.0789  0.5583E+11  0.1942E-02  0.8688E-06 -0.7298E-05  0.1000E-09  0.1754E+01  0.1000E-09  0.2505E+03  0.9077E+04  0.6112E-01
   10.2545 14  4   25.1684   14.3084   25.1684    8.0755   -3.9718    2.9536    0.0000    0.2987  -10.0000    5.0792  0.5589E+11  0.1848E-02  0.8737E-06 -0.7300E-05  0.1000E-09  0.1734E+01  0.1000E-09  0.2498E+03  0.9083E+04  0.6111E-01
   10.2617 14  4   25.1747   14.2560   25.1747    8.0755   -3.9717    2.9538    0.0000    0.2989  -10.0000    5.0796  0.5596E+11  0.1758E-02  0.8780E-06 -0.7296E-05  0.1000E-09  0.1713E+01  0.1000E-09  0.2489E+03  0.9090E+04  0.6109E-01
   10.2689 14  4   25.1810   14.2036   25.1810    8.0755   -3.9716    2.9540    0.0000    0.2991  -10.0000    5.0800  0.5601E+11  0.1671E-02  0.8831E-06 -0.7297E-05  0.1000E-09  0.1690E+01  0.1000E-09  0.2478E+03  0.9096E+04  0.6107E-01
   10.2760 14  4   25.1874   14.1512   25.1874    8.0755   -3.9715    2.9542    0.0000    0.2994  -10.0000    5.0804  0.5607E+11  0.1588E-02  0.8884E-06 -0.7300E-05  0.1000E-09  0.1667E+01  0.1000E-09  0.2466E+03  0.9102E+04  0.6105E-01
   10.2832 14  4   25.1938   14.0987   25.1938    8.0755   -3.9713    2.9545    0.0000    0.2997  -10.0000    5.0810  0.5612E+11  0.1508E-02  0.8941E-06 -0.7304E-05  0.1000E-09  0.1643E+01  0.1000E-09  0.2453E+03  0.9108E+04  0.6104E-01
   10.2904 14  4   25.2003   14.0462   25.2003    8.0755   -3.9712    2.9548    0.0000    0.3000  -10.0000    5.0816  0.5616E+11  0.1431E-02  0.9000E-06 -0.7310E-05  0.1000E-09  0.1617E+01  0.1000E-09  0.2438E+03  0.9114E+04  0.6102E-01
   10.2976 14  4   25.2068   13.9937   25.2068    8.0755   -3.9711    2.9551    0.0000    0.3003  -10.0000    5.0822  0.5620E+11  0.1357E-02  0.9061E-06 -0.7315E-05  0.1000E-09  0.1591E+01  0.1000E-09  0.2422E+03  0.9120E+04  0.6100E-01
   10.3048 14  4   25.2133   13.9410   25.2133    8.0755   -3.9710    2.9555    0.0000    0.3006  -10.0000    5.0829  0.5624E+11  0.1286E-02  0.9127E-06 -0.7324E-05  0.1000E-09  0.1564E+01  0.1000E-09  0.2405E+03  0.9126E+04  0.6098E-01
   10.3119 14  4   25.2199   13.8884   25.2199    8.0755   -3.9709    2.9558    0.0000    0.3010  -10.0000    5.0837  0.5627E+11  0.1217E-02  0.9196E-06 -0.7333E-05  0.1000E-09  0.1537E+01  0.1000E-09  0.2385E+03  0.9132E+04  0.6096E-01
   10.3191 14  4   25.2266   13.8356   25.2266    8.0755   -3.9708    2.9563    0.0000    0.3014  -10.0000    5.0846  0.5630E+11  0.1152E-02  0.9266E-06 -0.7343E-05  0.1000E-09  0.1508E+01  0.1000E-09  0.2364E+03  0.9138E+04  0.6094E-01
   10.3263 14  4   25.2333   13.7828   25.2333    8.0755   -3.9707    2.9567    0.0000    0.3018  -10.0000    5.0854  0.5632E+11  0.1089E-02  0.9337E-06 -0.7352E-05  0.1000E-09  0.1479E+01  0.1000E-09  0.2343E+03  0.9144E+04  0.6093E-01
   10.3335 14  4   25.2401   13.7299   25.2401    8.0755   -3.9705    2.9572    0.0000    0.3023  -10.0000    5.0864  0.5634E+11  0.1029E-02  0.9419E-06 -0.7367E-05  0.1000E-09  0.1448E+01  0.1000E-09  0.2319E+03  0.9150E+04  0.6091E-01
   10.3407 14  4   25.2469   13.6769   25.2469    8.0755   -3.9704    2.9577    0.0000    0.3028  -10.0000    5.0874  0.5636E+11  0.9718E-03  0.9496E-06 -0.7379E-05  0.1000E-09  0.1418E+01  0.1000E-09  0.2295E+03  0.9156E+04  0.6089E-01
   10.3479 14  4   25.2538   13.6238   25.2538    8.0755   -3.9703    2.9583    0.0000    0.3032  -10.0000    5.0885  0.5637E+11  0.9169E-03  0.9574E-06 -0.7389E-05  0.1000E-09  0.1388E+01  0.1000E-09  0.2269E+03  0.9162E+04  0.6087E-01
   10.3550 14  4   25.2607   13.5706   25.2607    8.0755   -3.9702    2.9588    0.0000    0.3038  -10.0000    5.0896  0.5638E+11  0.8643E-03  0.9666E-06 -0.7408E-05  0.1000E-09  0.1356E+01  0.1000E-09  0.2243E+03  0.9168E+04  0.6085E-01
   10.3622 14  4   25.2677   13.5173   25.2677    8.0755   -3.9701    2.9594    0.0000    0.3043  -10.0000    5.0908  0.5639E+11  0.8141E-03  0.9751E-06 -0.7422E-05  0.1000E-09  0.1325E+01  0.1000E-09  0.2215E+03  0.9173E+04  0.6083E-01
   10.3694 14  4   25.2748   13.4639   25.2748    8.0755   -3.9699    2.9601    0.0000    0.3049  -10.0000    5.0921  0.5640E+11  0.7661E-03  0.9839E-06 -0.7436E-05  0.1000E-09  0.1292E+01  0.1000E-09  0.2185E+03  0.9179E+04  0.6081E-01
   10.3766 14  4   25.2819   13.4104   25.2819    8.0755   -3.9698    2.9607    0.0000    0.3055  -10.0000    5.0935  0.5640E+11  0.7203E-03  0.9935E-06 -0.7454E-05  0.1000E-09  0.1259E+01  0.1000E-09  0.2155E+03  0.9185E+04  0.6079E-01
   10.3838 14  4   25.2891   13.3567   25.2891    8.0755   -3.9697    2.9615    0.0000    0.3061  -10.0000    5.0949  0.5640E+11  0.6766E-03  0.1004E-05 -0.7476E-05  0.1000E-09  0.1226E+01  0.1000E-09  0.2122E+03  0.9191E+04  0.6077E-01
   10.3910 14  4   25.2966   13.3014   25.2966    8.0755   -3.9696    2.9622    0.0000    0.3068  -10.0000    5.0964  0.5639E+11  0.6339E-03  0.1041E-05 -0.7690E-05  0.1000E-09  0.1192E+01  0.1000E-09  0.2089E+03  0.9197E+04  0.6075E-01
   10.3981 14  4   25.3058   13.2337   25.3058    8.0755   -3.9694    2.9630    0.0000    0.3075  -10.0000    5.0979  0.5639E+11  0.5847E-03  0.1286E-05 -0.9429E-05  0.1000E-09  0.1156E+01  0.1000E-09  0.2055E+03  0.9204E+04  0.6073E-01
   10.4053 14  4   25.3167   13.1549   25.3167    8.0755   -3.9692    2.9638    0.0000    0.3083  -10.0000    5.0996  0.5637E+11  0.5312E-03  0.1510E-05 -0.1097E-04  0.1000E-09  0.1116E+01  0.1000E-09  0.2019E+03  0.9213E+04  0.6070E-01
   10.4125 14  4   25.3277   13.0760   25.3277    8.0755   -3.9690    2.9646    0.0000    0.3091  -10.0000    5.1013  0.5635E+11  0.4818E-03  0.1528E-05 -0.1099E-04  0.1000E-09  0.1076E+01  0.1000E-09  0.1982E+03  0.9221E+04  0.6066E-01
   10.4197 14  4   25.3388   12.9970   25.3388    8.0755   -3.9688    2.9655    0.0000    0.3100  -10.0000    5.1031  0.5633E+11  0.4362E-03  0.1546E-05 -0.1100E-04  0.1000E-09  0.1037E+01  0.1000E-09  0.1945E+03  0.9230E+04  0.6063E-01
   10.4269 14  4   25.3500   12.9179   25.3500    8.0755   -3.9687    2.9665    0.0000    0.3109  -10.0000    5.1050  0.5630E+11  0.3941E-03  0.1565E-05 -0.1101E-04  0.1000E-09  0.9976E+00  0.1000E-09  0.1905E+03  0.9238E+04  0.6060E-01
   10.4341 14  4   25.3612   12.8396   25.3612    8.0755   -3.9685    2.9672    0.0000    0.3116  -10.0000    5.1064  0.5626E+11  0.3563E-03  0.1566E-05 -0.1090E-04  0.1000E-09  0.9653E+00  0.1000E-09  0.1877E+03  0.9246E+04  0.6057E-01
   10.4412 14  4   25.3724   12.7627   25.3724    8.0755   -3.9683    2.9678    0.0000    0.3123  -10.0000    5.1076  0.5623E+11  0.3222E-03  0.1555E-05 -0.1071E-04  0.1000E-09  0.9352E+00  0.1000E-09  0.1851E+03  0.9254E+04  0.6054E-01
   10.4484 14  4   25.3836   12.6867   25.3836    8.0755   -3.9681    2.9684    0.0000    0.3130  -10.0000    5.1089  0.5619E+11  0.2913E-03  0.1552E-05 -0.1058E-04  0.1000E-09  0.9063E+00  0.1000E-09  0.1826E+03  0.9262E+04  0.6051E-01
   10.4556 14  4   25.3947   12.6118   25.3947    8.0755   -3.9679    2.9692    0.0000    0.3138  -10.0000    5.1105  0.5614E+11  0.2631E-03  0.1545E-05 -0.1043E-04  0.1000E-09  0.8749E+00  0.1000E-09  0.1795E+03  0.9269E+04  0.6048E-01
   10.4628 14  4   25.4057   12.5380   25.4057    8.0755   -3.9677    2.9701    0.0000    0.3147  -10.0000    5.1122  0.5610E+11  0.2375E-03  0.1539E-05 -0.1028E-04  0.1000E-09  0.8427E+00  0.1000E-09  0.1761E+03  0.9276E+04  0.6045E-01
   10.4700 14  4   25.4167   12.4653   25.4167    8.0755   -3.9675    2.9711    0.0000    0.3157  -10.0000    5.1142  0.5605E+11  0.2142E-03  0.1530E-05 -0.1011E-04  0.1000E-09  0.8091E+00  0.1000E-09  0.1723E+03  0.9284E+04  0.6042E-01
   10.4771 14  4   25.4275   12.3944   25.4275    8.0755   -3.9673    2.9722    0.0000    0.3168  -10.0000    5.1165  0.5600E+11  0.1933E-03  0.1510E-05 -0.9870E-05  0.1000E-09  0.7738E+00  0.1000E-09  0.1679E+03  0.9290E+04  0.6039E-01
   10.4843 14  4   25.4382   12.3254   25.4382    8.0755   -3.9671    2.9736    0.0000    0.3181  -10.0000    5.1193  0.5595E+11  0.1744E-03  0.1486E-05 -0.9608E-05  0.1000E-09  0.7359E+00  0.1000E-09  0.1628E+03  0.9297E+04  0.6036E-01
   10.4915 14  4   25.4487   12.2586   25.4487    8.0755   -3.9670    2.9756    0.0000    0.3198  -10.0000    5.1232  0.5590E+11  0.1572E-03  0.1456E-05 -0.9306E-05  0.1000E-09  0.6900E+00  0.1000E-09  0.1558E+03  0.9303E+04  0.6033E-01
   10.4987 14  4   25.4589   12.1940   25.4589    8.0755   -3.9668    2.9779    0.0000    0.3217  -10.0000    5.1279  0.5584E+11  0.1417E-03  0.1426E-05 -0.8995E-05  0.1000E-09  0.6409E+00  0.1000E-09  0.1478E+03  0.9309E+04  0.6030E-01
   10.5059 14  4   25.4690   12.1315   25.4690    8.0755   -3.9666    2.9817    0.0000    0.3248  -10.0000    5.1354  0.5579E+11  0.1271E-03  0.1398E-05 -0.8701E-05  0.1000E-09  0.5739E+00  0.1000E-09  0.1355E+03  0.9315E+04  0.6027E-01
   10.5131 14  4   25.4789   12.0709   25.4789    8.0755   -3.9665    2.9912    0.0000    0.3323  -10.0000    5.1545  0.5574E+11  0.1112E-03  0.1378E-05 -0.8433E-05  0.1000E-09  0.4408E+00  0.1000E-09  0.1080E+03  0.9321E+04  0.6024E-01
   10.5202 14  4   25.4893   12.0093   25.4893    8.0755   -3.9663    3.0145    0.0000    0.3509  -10.0000    5.2010  0.5568E+11  0.9102E-04  0.1448E-05 -0.8578E-05  0.1000E-09  0.2249E+00  0.1000E-09  0.5908E+02  0.9326E+04  0.6022E-01
   10.5274 14  4   25.5005   11.9472   25.5005    8.0755   -3.9661    3.0170    0.0000    0.3532  -10.0000    5.2060  0.5562E+11  0.8180E-04  0.1564E-05 -0.8653E-05  0.1000E-09  0.2054E+00  0.1000E-09  0.5513E+02  0.9330E+04  0.6018E-01
   10.5346 14 14   25.5069    4.2081   25.5069    4.2081   -3.9660   -4.7485    0.0000    0.0000  -10.0000  -10.0000  0.5559E+11  0.2000E+09  0.8882E-06 -0.4846E-05  0.1000E-09  0.1000E-09  0.1000E-09  0.1000E-09  0.1269E+05  0.2792E+00
   20.5346 14 14   25.5069    4.2081   25.5069    4.2081   -3.9660   -4.7485    0.0000    0.0000  -10.0000  -10.0000  0.5559E+11  0.2000E+09  0.0000E+00  0.0000E+00  0.1000E-09  0.1000E-09  0.1000E-09  0.1000E-09  0.1269E+05  0.2792E+00
   30.5346 14 14   25.5069    4.2081   25.5069    4.2081   -3.9660   -4.7485    0.0000    0.0000  -10.0000  -10.0000  0.5559E+11  0.2000E+09  0.0000E+00  0.0000E+00  0.1000E-09  0.1000E-09  0.1000E-09  0.1000E-09  0.1269E+05  0.2792E+00
   40.5346 14 14   25.5069    4.2081   25.5069    4.2081   -3.9660   -4.7485    0.0000    0.0000  -10.0000  -10.0000  0.5559E+11  0.2000E+09  0.0000E+00  0.0000E+00  0.1000E-09  0.1000E-09  0.1000E-09  0.1000E-09  0.1269E+05  0.2792E+00
   50.5346 14 14   25.5069    4.2081   25.5069    4.2081   -3.9660   -4.7485    0.0000    0.0000  -10.0000  -10.0000  0.5559E+11  0.2000E+09  0.0000E+00  0.0000E+00  0.1000E-09  0.1000E-09  0.1000E-09  0.1000E-09  0.1269E+05  0.2792E+00
   60.5346 14 14   25.5069    4.2081   25.5069    4.2081   -3.9660   -4.7485    0.0000    0.0000  -10.0000  -10.0000  0.5559E+11  0.2000E+09  0.0000E+00  0.0000E+00  0.1000E-09  0.1000E-09  0.1000E-09  0.1000E-09  0.1269E+05  0.2792E+00
   70.5346 14 14   25.5069    4.2081   25.5069    4.2081   -3.9660   -4.7485    0.0000    0.0000  -10.0000  -10.0000  0.5559E+11  0.2000E+09  0.0000E+00  0.0000E+00  0.1000E-09  0.1000E-09  0.1000E-09  0.1000E-09  0.1269E+05  0.2792E+00
   80.5346 14 14   25.5069    4.2081   25.5069    4.2081   -3.9660   -4.7485    0.0000    0.0000  -10.0000  -10.0000  0.5559E+11  0.2000E+09  0.0000E+00  0.0000E+00  0.1000E-09  0.1000E-09  0.1000E-09  0.1000E-09  0.1269E+05  0.2792E+00
   90.5346 14 14   25.5069    4.2081   25.5069    4.2081   -3.9660   -4.7485    0.0000    0.0000  -10.0000  -10.0000  0.5559E+11  0.2000E+09  0.0000E+00  0.0000E+00  0.1000E-09  0.1000E-09  0.1000E-09  0.1000E-09  0.1269E+05  0.2792E+00
  100.5346 14 14   25.5069    4.2081   25.5069    4.2081   -3.9660   -4.7485    0.0000    0.0000  -10.0000  -10.0000  0.5559E+11  0.2000E+09  0.0000E+00  0.0000E+00  0.1000E-09  0.1000E-09  0.1000E-09  0.1000E-09  0.1269E+05  0.2792E+00
  110.5346 14 14   25.5069    4.2081   25.5069    4.2081   -3.9660   -4.7485    0.0000    0.0000  -10.0000  -10.0000  0.5559E+11  0.2000E+09  0.0000E+00  0.0000E+00  0.1000E-09  0.1000E-09  0.1000E-09  0.1000E-09  0.1269E+05  0.2792E+00
  120.5346 14 14   25.5069    4.2081   25.5069    4.2081   -3.9660   -4.7485    0.0000    0.0000  -10.0000  -10.0000  0.5559E+11  0.2000E+09  0.0000E+00  0.0000E+00  0.1000E-09  0.1000E-09  0.1000E-09  0.1000E-09  0.1269E+05  0.2792E+00
  130.5346 14 14   25.5069    4.2081   25.5069    4.2081   -3.9660   -4.7485    0.0000    0.0000  -10.0000  -10.0000  0.5559E+11  0.2000E+09  0.0000E+00  0.0000E+00  0.1000E-09  0.1000E-09  0.1000E-09  0.1000E-09  0.1269E+05  0.2792E+00
  140.5346 14 14   25.5069    4.2081   25.5069    4.2081   -3.9660   -4.7485    0.0000    0.0000  -10.0000  -10.0000  0.5559E+11  0.2000E+09  0.0000E+00  0.0000E+00  0.1000E-09  0.1000E-09  0.1000E-09  0.1000E-09  0.1269E+05  0.2792E+00
  150.5346 14 14   25.5069    4.2081   25.5069    4.2081   -3.9660   -4.7485    0.0000    0.0000  -10.0000  -10.0000  0.5559E+11  0.2000E+09  0.0000E+00  0.0000E+00  0.1000E-09  0.1000E-09  0.1000E-09  0.1000E-09  0.1269E+05  0.2792E+00
  160.5346 14 14   25.5069    4.2081   25.5069    4.2081   -3.9660   -4.7485    0.0000    0.0000  -10.0000  -10.0000  0.5559E+11  0.2000E+09  0.0000E+00  0.0000E+00  0.1000E-09  0.1000E-09  0.1000E-09  0.1000E-09  0.1269E+05  0.2792E+00
  170.5346 14 14   25.5069    4.2081   25.5069    4.2081   -3.9660   -4.7485    0.0000    0.0000  -10.0000  -10.0000  0.5559E+11  0.2000E+09  0.0000E+00  0.0000E+00  0.1000E-09  0.1000E-09  0.1000E-09  0.1000E-09  0.1269E+05  0.2792E+00
  180.5346 14 14   25.5069    4.2081   25.5069    4.2081   -3.9660   -4.7485    0.0000    0.0000  -10.0000  -10.0000  0.5559E+11  0.2000E+09  0.0000E+00  0.0000E+00  0.1000E-09  0.1000E-09  0.1000E-09  0.1000E-09  0.1269E+05  0.2792E+00
  190.5346 14 14   25.5069    4.2081   25.5069    4.2081   -3.9660   -4.7485    0.0000    0.0000  -10.0000  -10.0000  0.5559E+11  0.2000E+09  0.0000E+00  0.0000E+00  0.1000E-09  0.1000E-09  0.1000E-09  0.1000E-09  0.1269E+05  0.2792E+00
  200.5346 14 14   25.5069    4.2081   25.5069    4.2081   -3.9660   -4.7485    0.0000    0.0000  -10.0000  -10.0000  0.5559E+11  0.2000E+09  0.0000E+00  0.0000E+00  0.1000E-09  0.1000E-09  0.1000E-09  0.1000E-09  0.1269E+05  0.2792E+00
  210.5346 14 14   25.5069    4.2081   25.5069    4.2081   -3.9660   -4.7485    0.0000    0.0000  -10.0000  -10.0000  0.5559E+11  0.2000E+09  0.0000E+00  0.0000E+00  0.1000E-09  0.1000E-09  0.1000E-09  0.1000E-09  0.1269E+05  0.2792E+00
  220.5346 14 14   25.5069    4.2081   25.5069    4.2081   -3.9660   -4.7485    0.0000    0.0000  -10.0000  -10.0000  0.5559E+11  0.2000E+09  0.0000E+00  0.0000E+00  0.1000E-09  0.1000E-09  0.1000E-09  0.1000E-09  0.1269E+05  0.2792E+00
  230.5346 14 14   25.5069    4.2081   25.5069    4.2081   -3.9660   -4.7485    0.0000    0.0000  -10.0000  -10.0000  0.5559E+11  0.2000E+09  0.0000E+00  0.0000E+00  0.1000E-09  0.1000E-09  0.1000E-09  0.1000E-09  0.1269E+05  0.2792E+00
  240.5346 14 14   25.5069    4.2081   25.5069    4.2081   -3.9660   -4.7485    0.0000    0.0000  -10.0000  -10.0000  0.5559E+11  0.2000E+09  0.0000E+00  0.0000E+00  0.1000E-09  0.1000E-09  0.1000E-09  0.1000E-09  0.1269E+05  0.2792E+00
  250.5346 14 14   25.5069    4.2081   25.5069    4.2081   -3.9660   -4.7485    0.0000    0.0000  -10.0000  -10.0000  0.5559E+11  0.2000E+09  0.0000E+00  0.0000E+00  0.1000E-09  0.1000E-09  0.1000E-09  0.1000E-09  0.1269E+05  0.2792E+00
  260.5346 14 14   25.5069    4.2081   25.5069    4.2081   -3.9660   -4.7485    0.0000    0.0000  -10.0000  -10.0000  0.5559E+11  0.2000E+09  0.0000E+00  0.0000E+00  0.1000E-09  0.1000E-09  0.1000E-09  0.1000E-09  0.1269E+05  0.2792E+00
  270.5346 14 14   25.5069    4.2081   25.5069    4.2081   -3.9660   -4.7485    0.0000    0.0000  -10.0000  -10.0000  0.5559E+11  0.2000E+09  0.0000E+00  0.0000E+00  0.1000E-09  0.1000E-09  0.1000E-09  0.1000E-09  0.1269E+05  0.2792E+00
  280.5346 14 14   25.5069    4.2081   25.5069    4.2081   -3.9660   -4.7485    0.0000    0.0000  -10.0000  -10.0000  0.5559E+11  0.2000E+09  0.0000E+00  0.0000E+00  0.1000E-09  0.1000E-09  0.1000E-09  0.1000E-09  0.1269E+05  0.2792E+00
  290.5346 14 14   25.5069    4.2081   25.5069    4.2081   -3.9660   -4.7485    0.0000    0.0000  -10.0000  -10.0000  0.5559E+11  0.2000E+09  0.0000E+00  0.0000E+00  0.1000E-09  0.1000E-09  0.1000E-09  0.1000E-09  0.1269E+05  0.2792E+00
  300.5346 14 14   25.5069    4.2081   25.5069    4.2081   -3.9660   -4.7485    0.0000    0.0000  -10.0000  -10.0000  0.5559E+11  0.2000E+09  0.0000E+00  0.0000E+00  0.1000E-09  0.1000E-09  0.1000E-09  0.1000E-09  0.1269E+05  0.2792E+00
  310.5346 14 14   25.5069    4.2081   25.5069    4.2081   -3.9660   -4.7485    0.0000    0.0000  -10.0000  -10.0000  0.5559E+11  0.2000E+09  0.0000E+00  0.0000E+00  0.1000E-09  0.1000E-09  0.1000E-09  0.1000E-09  0.1269E+05  0.2792E+00
  320.5346 14 14   25.5069    4.2081   25.5069    4.2081   -3.9660   -4.7485    0.0000    0.0000  -10.0000  -10.0000  0.5559E+11  0.2000E+09  0.0000E+00  0.0000E+00  0.1000E-09  0.1000E-09  0.1000E-09  0.1000E-09  0.1269E+05  0.2792E+00
  330.5346 14 14   25.5069    4.2081   25.5069    4.2081   -3.9660   -4.7485    0.0000    0.0000  -10.0000  -10.0000  0.5559E+11  0.2000E+09  0.0000E+00  0.0000E+00  0.1000E-09  0.1000E-09  0.1000E-09  0.1000E-09  0.1269E+05  0.2792E+00
  340.5346 14 14   25.5069    4.2081   25.5069    4.2081   -3.9660   -4.7485    0.0000    0.0000  -10.0000  -10.0000  0.5559E+11  0.2000E+09  0.0000E+00  0.0000E+00  0.1000E-09  0.1000E-09  0.1000E-09  0.1000E-09  0.1269E+05  0.2792E+00
  350.5346 14 14   25.5069    4.2081   25.5069    4.2081   -3.9660   -4.7485    0.0000    0.0000  -10.0000  -10.0000  0.5559E+11  0.2000E+09  0.0000E+00  0.0000E+00  0.1000E-09  0.1000E-09  0.1000E-09  0.1000E-09  0.1269E+05  0.2792E+00
  360.5346 14 14   25.5069    4.2081   25.5069    4.2081   -3.9660   -4.7485    0.0000    0.0000  -10.0000  -10.0000  0.5559E+11  0.2000E+09  0.0000E+00  0.0000E+00  0.1000E-09  0.1000E-09  0.1000E-09  0.1000E-09  0.1269E+05  0.2792E+00
  370.5346 14 14   25.5069    4.2081   25.5069    4.2081   -3.9660   -4.7485    0.0000    0.0000  -10.0000  -10.0000  0.5559E+11  0.2000E+09  0.0000E+00  0.0000E+00  0.1000E-09  0.1000E-09  0.1000E-09  0.1000E-09  0.1269E+05  0.2792E+00
  380.5346 14 14   25.5069    4.2081   25.5069    4.2081   -3.9660   -4.7485    0.0000    0.0000  -10.0000  -10.0000  0.5559E+11  0.2000E+09  0.0000E+00  0.0000E+00  0.1000E-09  0.1000E-09  0.1000E-09  0.1000E-09  0.1269E+05  0.2792E+00
  390.5346 14 14   25.5069    4.2081   25.5069    4.2081   -3.9660   -4.7485    0.0000    0.0000  -10.0000  -10.0000  0.5559E+11  0.2000E+09  0.0000E+00  0.0000E+00  0.1000E-09  0.1000E-09  0.1000E-09  0.1000E-09  0.1269E+05  0.2792E+00
  400.5346 14 14   25.5069    4.2081   25.5069    4.2081   -3.9660   -4.7485    0.0000    0.0000  -10.0000  -10.0000  0.5559E+11  0.2000E+09  0.0000E+00  0.0000E+00  0.1000E-09  0.1000E-09  0.1000E-09  0.1000E-09  0.1269E+05  0.2792E+00
  410.5346 14 14   25.5069    4.2081   25.5069    4.2081   -3.9660   -4.7485    0.0000    0.0000  -10.0000  -10.0000  0.5559E+11  0.2000E+09  0.0000E+00  0.0000E+00  0.1000E-09  0.1000E-09  0.1000E-09  0.1000E-09  0.1269E+05  0.2792E+00
  420.5346 14 14   25.5069    4.2081   25.5069    4.2081   -3.9660   -4.7485    0.0000    0.0000  -10.0000  -10.0000  0.5559E+11  0.2000E+09  0.0000E+00  0.0000E+00  0.1000E-09  0.1000E-09  0.1000E-09  0.1000E-09  0.1269E+05  0.2792E+00
  430.5346 14 14   25.5069    4.2081   25.5069    4.2081   -3.9660   -4.7485    0.0000    0.0000  -10.0000  -10.0000  0.5559E+11  0.2000E+09  0.0000E+00  0.0000E+00  0.1000E-09  0.1000E-09  0.1000E-09  0.1000E-09  0.1269E+05  0.2792E+00
  440.5346 14 14   25.5069    4.2081   25.5069    4.2081   -3.9660   -4.7485    0.0000    0.0000  -10.0000  -10.0000  0.5559E+11  0.2000E+09  0.0000E+00  0.0000E+00  0.1000E-09  0.1000E-09  0.1000E-09  0.1000E-09  0.1269E+05  0.2792E+00
  450.5346 14 14   25.5069    4.2081   25.5069    4.2081   -3.9660   -4.7485    0.0000    0.0000  -10.0000  -10.0000  0.5559E+11  0.2000E+09  0.0000E+00  0.0000E+00  0.1000E-09  0.1000E-09  0.1000E-09  0.1000E-09  0.1269E+05  0.2792E+00
  460.5346 14 14   25.5069    4.2081   25.5069    4.2081   -3.9660   -4.7485    0.0000    0.0000  -10.0000  -10.0000  0.5559E+11  0.2000E+09  0.0000E+00  0.0000E+00  0.1000E-09  0.1000E-09  0.1000E-09  0.1000E-09  0.1269E+05  0.2792E+00
  470.5346 14 14   25.5069    4.2081   25.5069    4.2081   -3.9660   -4.7485    0.0000    0.0000  -10.0000  -10.0000  0.5559E+11  0.2000E+09  0.0000E+00  0.0000E+00  0.1000E-09  0.1000E-09  0.1000E-09  0.1000E-09  0.1269E+05  0.2792E+00
  480.5346 14 14   25.5069    4.2081   25.5069    4.2081   -3.9660   -4.7485    0.0000    0.0000  -10.0000  -10.0000  0.5559E+11  0.2000E+09  0.0000E+00  0.0000E+00  0.1000E-09  0.1000E-09  0.1000E-09  0.1000E-09  0.1269E+05  0.2792E+00
  490.5346 14 14   25.5069    4.2081   25.5069    4.2081   -3.9660   -4.7485    0.0000    0.0000  -10.0000  -10.0000  0.5559E+11  0.2000E+09  0.0000E+00  0.0000E+00  0.1000E-09  0.1000E-09  0.1000E-09  0.1000E-09  0.1269E+05  0.2792E+00
  500.5346 14 14   25.5069    4.2081   25.5069    4.2081   -3.9660   -4.7485    0.0000    0.0000  -10.0000  -10.0000  0.5559E+11  0.2000E+09  0.0000E+00  0.0000E+00  0.1000E-09  0.1000E-09  0.1000E-09  0.1000E-09  0.1269E+05  0.2792E+00
  510.5346 14 14   25.5069    4.2081   25.5069    4.2081   -3.9660   -4.7485    0.0000    0.0000  -10.0000  -10.0000  0.5559E+11  0.2000E+09  0.0000E+00  0.0000E+00  0.1000E-09  0.1000E-09  0.1000E-09  0.1000E-09  0.1269E+05  0.2792E+00
  520.5346 14 14   25.5069    4.2081   25.5069    4.2081   -3.9660   -4.7485    0.0000    0.0000  -10.0000  -10.0000  0.5559E+11  0.2000E+09  0.0000E+00  0.0000E+00  0.1000E-09  0.1000E-09  0.1000E-09  0.1000E-09  0.1269E+05  0.2792E+00
  530.5346 14 14   25.5069    4.2081   25.5069    4.2081   -3.9660   -4.7485    0.0000    0.0000  -10.0000  -10.0000  0.5559E+11  0.2000E+09  0.0000E+00  0.0000E+00  0.1000E-09  0.1000E-09  0.1000E-09  0.1000E-09  0.1269E+05  0.2792E+00
  540.5346 14 14   25.5069    4.2081   25.5069    4.2081   -3.9660   -4.7485    0.0000    0.0000  -10.0000  -10.0000  0.5559E+11  0.2000E+09  0.0000E+00  0.0000E+00  0.1000E-09  0.1000E-09  0.1000E-09  0.1000E-09  0.1269E+05  0.2792E+00
  550.5346 14 14   25.5069    4.2081   25.5069    4.2081   -3.9660   -4.7485    0.0000    0.0000  -10.0000  -10.0000  0.5559E+11  0.2000E+09  0.0000E+00  0.0000E+00  0.1000E-09  0.1000E-09  0.1000E-09  0.1000E-09  0.1269E+05  0.2792E+00
  560.5346 14 14   25.5069    4.2081   25.5069    4.2081   -3.9660   -4.7485    0.0000    0.0000  -10.0000  -10.0000  0.5559E+11  0.2000E+09  0.0000E+00  0.0000E+00  0.1000E-09  0.1000E-09  0.1000E-09  0.1000E-09  0.1269E+05  0.2792E+00
  570.5346 14 14   25.5069    4.2081   25.5069    4.2081   -3.9660   -4.7485    0.0000    0.0000  -10.0000  -10.0000  0.5559E+11  0.2000E+09  0.0000E+00  0.0000E+00  0.1000E-09  0.1000E-09  0.1000E-09  0.1000E-09  0.1269E+05  0.2792E+00
  580.5346 14 14   25.5069    4.2081   25.5069    4.2081   -3.9660   -4.7485    0.0000    0.0000  -10.0000  -10.0000  0.5559E+11  0.2000E+09  0.0000E+00  0.0000E+00  0.1000E-09  0.1000E-09  0.1000E-09  0.1000E-09  0.1269E+05  0.2792E+00
  590.5346 14 14   25.5069    4.2081   25.5069    4.2081   -3.9660   -4.7485    0.0000    0.0000  -10.0000  -10.0000  0.5559E+11  0.2000E+09  0.0000E+00  0.0000E+00  0.1000E-09  0.1000E-09  0.1000E-09  0.1000E-09  0.1269E+05  0.2792E+00
  600.5346 14 14   25.5069    4.2081   25.5069    4.2081   -3.9660   -4.7485    0.0000    0.0000  -10.0000  -10.0000  0.5559E+11  0.2000E+09  0.0000E+00  0.0000E+00  0.1000E-09  0.1000E-09  0.1000E-09  0.1000E-09  0.1269E+05  0.2792E+00
  610.5346 14 14   25.5069    4.2081   25.5069    4.2081   -3.9660   -4.7485    0.0000    0.0000  -10.0000  -10.0000  0.5559E+11  0.2000E+09  0.0000E+00  0.0000E+00  0.1000E-09  0.1000E-09  0.1000E-09  0.1000E-09  0.1269E+05  0.2792E+00
  620.5346 14 14   25.5069    4.2081   25.5069    4.2081   -3.9660   -4.7485    0.0000    0.0000  -10.0000  -10.0000  0.5559E+11  0.2000E+09  0.0000E+00  0.0000E+00  0.1000E-09  0.1000E-09  0.1000E-09  0.1000E-09  0.1269E+05  0.2792E+00
  630.5346 14 14   25.5069    4.2081   25.5069    4.2081   -3.9660   -4.7485    0.0000    0.0000  -10.0000  -10.0000  0.5559E+11  0.2000E+09  0.0000E+00  0.0000E+00  0.1000E-09  0.1000E-09  0.1000E-09  0.1000E-09  0.1269E+05  0.2792E+00
  640.5346 14 14   25.5069    4.2081   25.5069    4.2081   -3.9660   -4.7485    0.0000    0.0000  -10.0000  -10.0000  0.5559E+11  0.2000E+09  0.0000E+00  0.0000E+00  0.1000E-09  0.1000E-09  0.1000E-09  0.1000E-09  0.1269E+05  0.2792E+00
  650.5346 14 14   25.5069    4.2081   25.5069    4.2081   -3.9660   -4.7485    0.0000    0.0000  -10.0000  -10.0000  0.5559E+11  0.2000E+09  0.0000E+00  0.0000E+00  0.1000E-09  0.1000E-09  0.1000E-09  0.1000E-09  0.1269E+05  0.2792E+00
  660.5346 14 14   25.5069    4.2081   25.5069    4.2081   -3.9660   -4.7485    0.0000    0.0000  -10.0000  -10.0000  0.5559E+11  0.2000E+09  0.0000E+00  0.0000E+00  0.1000E-09  0.1000E-09  0.1000E-09  0.1000E-09  0.1269E+05  0.2792E+00
  670.5346 14 14   25.5069    4.2081   25.5069    4.2081   -3.9660   -4.7485    0.0000    0.0000  -10.0000  -10.0000  0.5559E+11  0.2000E+09  0.0000E+00  0.0000E+00  0.1000E-09  0.1000E-09  0.1000E-09  0.1000E-09  0.1269E+05  0.2792E+00
  680.5346 14 14   25.5069    4.2081   25.5069    4.2081   -3.9660   -4.7485    0.0000    0.0000  -10.0000  -10.0000  0.5559E+11  0.2000E+09  0.0000E+00  0.0000E+00  0.1000E-09  0.1000E-09  0.1000E-09  0.1000E-09  0.1269E+05  0.2792E+00
  690.5346 14 14   25.5069    4.2081   25.5069    4.2081   -3.9660   -4.7485    0.0000    0.0000  -10.0000  -10.0000  0.5559E+11  0.2000E+09  0.0000E+00  0.0000E+00  0.1000E-09  0.1000E-09  0.1000E-09  0.1000E-09  0.1269E+05  0.2792E+00
  700.5346 14 14   25.5069    4.2081   25.5069    4.2081   -3.9660   -4.7485    0.0000    0.0000  -10.0000  -10.0000  0.5559E+11  0.2000E+09  0.0000E+00  0.0000E+00  0.1000E-09  0.1000E-09  0.1000E-09  0.1000E-09  0.1269E+05  0.2792E+00
  710.5346 14 14   25.5069    4.2081   25.5069    4.2081   -3.9660   -4.7485    0.0000    0.0000  -10.0000  -10.0000  0.5559E+11  0.2000E+09  0.0000E+00  0.0000E+00  0.1000E-09  0.1000E-09  0.1000E-09  0.1000E-09  0.1269E+05  0.2792E+00
  720.5346 14 14   25.5069    4.2081   25.5069    4.2081   -3.9660   -4.7485    0.0000    0.0000  -10.0000  -10.0000  0.5559E+11  0.2000E+09  0.0000E+00  0.0000E+00  0.1000E-09  0.1000E-09  0.1000E-09  0.1000E-09  0.1269E+05  0.2792E+00
  730.5346 14 14   25.5069    4.2081   25.5069    4.2081   -3.9660   -4.7485    0.0000    0.0000  -10.0000  -10.0000  0.5559E+11  0.2000E+09  0.0000E+00  0.0000E+00  0.1000E-09  0.1000E-09  0.1000E-09  0.1000E-09  0.1269E+05  0.2792E+00
  740.5346 14 14   25.5069    4.2081   25.5069    4.2081   -3.9660   -4.7485    0.0000    0.0000  -10.0000  -10.0000  0.5559E+11  0.2000E+09  0.0000E+00  0.0000E+00  0.1000E-09  0.1000E-09  0.1000E-09  0.1000E-09  0.1269E+05  0.2792E+00
  750.5346 14 14   25.5069    4.2081   25.5069    4.2081   -3.9660   -4.7485    0.0000    0.0000  -10.0000  -10.0000  0.5559E+11  0.2000E+09  0.0000E+00  0.0000E+00  0.1000E-09  0.1000E-09  0.1000E-09  0.1000E-09  0.1269E+05  0.2792E+00
  760.5346 14 14   25.5069    4.2081   25.5069    4.2081   -3.9660   -4.7485    0.0000    0.0000  -10.0000  -10.0000  0.5559E+11  0.2000E+09  0.0000E+00  0.0000E+00  0.1000E-09  0.1000E-09  0.1000E-09  0.1000E-09  0.1269E+05  0.2792E+00
  770.5346 14 14   25.5069    4.2081   25.5069    4.2081   -3.9660   -4.7485    0.0000    0.0000  -10.0000  -10.0000  0.5559E+11  0.2000E+09  0.0000E+00  0.0000E+00  0.1000E-09  0.1000E-09  0.1000E-09  0.1000E-09  0.1269E+05  0.2792E+00
  780.5346 14 14   25.5069    4.2081   25.5069    4.2081   -3.9660   -4.7485    0.0000    0.0000  -10.0000  -10.0000  0.5559E+11  0.2000E+09  0.0000E+00  0.0000E+00  0.1000E-09  0.1000E-09  0.1000E-09  0.1000E-09  0.1269E+05  0.2792E+00
  790.5346 14 14   25.5069    4.2081   25.5069    4.2081   -3.9660   -4.7485    0.0000    0.0000  -10.0000  -10.0000  0.5559E+11  0.2000E+09  0.0000E+00  0.0000E+00  0.1000E-09  0.1000E-09  0.1000E-09  0.1000E-09  0.1269E+05  0.2792E+00
  800.5346 14 14   25.5069    4.2081   25.5069    4.2081   -3.9660   -4.7485    0.0000    0.0000  -10.0000  -10.0000  0.5559E+11  0.2000E+09  0.0000E+00  0.0000E+00  0.1000E-09  0.1000E-09  0.1000E-09  0.1000E-09  0.1269E+05  0.2792E+00
  810.5346 14 14   25.5069    4.2081   25.5069    4.2081   -3.9660   -4.7485    0.0000    0.0000  -10.0000  -10.0000  0.5559E+11  0.2000E+09  0.0000E+00  0.0000E+00  0.1000E-09  0.1000E-09  0.1000E-09  0.1000E-09  0.1269E+05  0.2792E+00
  820.5346 14 14   25.5069    4.2081   25.5069    4.2081   -3.9660   -4.7485    0.0000    0.0000  -10.0000  -10.0000  0.5559E+11  0.2000E+09  0.0000E+00  0.0000E+00  0.1000E-09  0.1000E-09  0.1000E-09  0.1000E-09  0.1269E+05  0.2792E+00
  830.5346 14 14   25.5069    4.2081   25.5069    4.2081   -3.9660   -4.7485    0.0000    0.0000  -10.0000  -10.0000  0.5559E+11  0.2000E+09  0.0000E+00  0.0000E+00  0.1000E-09  0.1000E-09  0.1000E-09  0.1000E-09  0.1269E+05  0.2792E+00
  840.5346 14 14   25.5069    4.2081   25.5069    4.2081   -3.9660   -4.7485    0.0000    0.0000  -10.0000  -10.0000  0.5559E+11  0.2000E+09  0.0000E+00  0.0000E+00  0.1000E-09  0.1000E-09  0.1000E-09  0.1000E-09  0.1269E+05  0.2792E+00
  850.5346 14 14   25.5069    4.2081   25.5069    4.2081   -3.9660   -4.7485    0.0000    0.0000  -10.0000  -10.0000  0.5559E+11  0.2000E+09  0.0000E+00  0.0000E+00  0.1000E-09  0.1000E-09  0.1000E-09  0.1000E-09  0.1269E+05  0.2792E+00
  860.5346 14 14   25.5069    4.2081   25.5069    4.2081   -3.9660   -4.7485    0.0000    0.0000  -10.0000  -10.0000  0.5559E+11  0.2000E+09  0.0000E+00  0.0000E+00  0.1000E-09  0.1000E-09  0.1000E-09  0.1000E-09  0.1269E+05  0.2792E+00
  870.5346 14 14   25.5069    4.2081   25.5069    4.2081   -3.9660   -4.7485    0.0000    0.0000  -10.0000  -10.0000  0.5559E+11  0.2000E+09  0.0000E+00  0.0000E+00  0.1000E-09  0.1000E-09  0.1000E-09  0.1000E-09  0.1269E+05  0.2792E+00
  880.5346 14 14   25.5069    4.2081   25.5069    4.2081   -3.9660   -4.7485    0.0000    0.0000  -10.0000  -10.0000  0.5559E+11  0.2000E+09  0.0000E+00  0.0000E+00  0.1000E-09  0.1000E-09  0.1000E-09  0.1000E-09  0.1269E+05  0.2792E+00
  890.5346 14 14   25.5069    4.2081   25.5069    4.2081   -3.9660   -4.7485    0.0000    0.0000  -10.0000  -10.0000  0.5559E+11  0.2000E+09  0.0000E+00  0.0000E+00  0.1000E-09  0.1000E-09  0.1000E-09  0.1000E-09  0.1269E+05  0.2792E+00
  900.5346 14 14   25.5069    4.2081   25.5069    4.2081   -3.9660   -4.7485    0.0000    0.0000  -10.0000  -10.0000  0.5559E+11  0.2000E+09  0.0000E+00  0.0000E+00  0.1000E-09  0.1000E-09  0.1000E-09  0.1000E-09  0.1269E+05  0.2792E+00
  910.5346 14 14   25.5069    4.2081   25.5069    4.2081   -3.9660   -4.7485    0.0000    0.0000  -10.0000  -10.0000  0.5559E+11  0.2000E+09  0.0000E+00  0.0000E+00  0.1000E-09  0.1000E-09  0.1000E-09  0.1000E-09  0.1269E+05  0.2792E+00
  920.5346 14 14   25.5069    4.2081   25.5069    4.2081   -3.9660   -4.7485    0.0000    0.0000  -10.0000  -10.0000  0.5559E+11  0.2000E+09  0.0000E+00  0.0000E+00  0.1000E-09  0.1000E-09  0.1000E-09  0.1000E-09  0.1269E+05  0.2792E+00
  930.5346 14 14   25.5069    4.2081   25.5069    4.2081   -3.9660   -4.7485    0.0000    0.0000  -10.0000  -10.0000  0.5559E+11  0.2000E+09  0.0000E+00  0.0000E+00  0.1000E-09  0.1000E-09  0.1000E-09  0.1000E-09  0.1269E+05  0.2792E+00
  940.5346 14 14   25.5069    4.2081   25.5069    4.2081   -3.9660   -4.7485    0.0000    0.0000  -10.0000  -10.0000  0.5559E+11  0.2000E+09  0.0000E+00  0.0000E+00  0.1000E-09  0.1000E-09  0.1000E-09  0.1000E-09  0.1269E+05  0.2792E+00
  950.5346 14 14   25.5069    4.2081   25.5069    4.2081   -3.9660   -4.7485    0.0000    0.0000  -10.0000  -10.0000  0.5559E+11  0.2000E+09  0.0000E+00  0.0000E+00  0.1000E-09  0.1000E-09  0.1000E-09  0.1000E-09  0.1269E+05  0.2792E+00
  960.5346 14 14   25.5069    4.2081   25.5069    4.2081   -3.9660   -4.7485    0.0000    0.0000  -10.0000  -10.0000  0.5559E+11  0.2000E+09  0.0000E+00  0.0000E+00  0.1000E-09  0.1000E-09  0.1000E-09  0.1000E-09  0.1269E+05  0.2792E+00
  970.5346 14 14   25.5069    4.2081   25.5069    4.2081   -3.9660   -4.7485    0.0000    0.0000  -10.0000  -10.0000  0.5559E+11  0.2000E+09  0.0000E+00  0.0000E+00  0.1000E-09  0.1000E-09  0.1000E-09  0.1000E-09  0.1269E+05  0.2792E+00
  980.5346 14 14   25.5069    4.2081   25.5069    4.2081   -3.9660   -4.7485    0.0000    0.0000  -10.0000  -10.0000  0.5559E+11  0.2000E+09  0.0000E+00  0.0000E+00  0.1000E-09  0.1000E-09  0.1000E-09  0.1000E-09  0.1269E+05  0.2792E+00
  990.5346 14 14   25.5069    4.2081   25.5069    4.2081   -3.9660   -4.7485    0.0000    0.0000  -10.0000  -10.0000  0.5559E+11  0.2000E+09  0.0000E+00  0.0000E+00  0.1000E-09  0.1000E-09  0.1000E-09  0.1000E-09  0.1269E+05  0.2792E+00
 1000.5346 14 14   25.5069    4.2081   25.5069    4.2081   -3.9660   -4.7485    0.0000    0.0000  -10.0000  -10.0000  0.5559E+11  0.2000E+09  0.0000E+00  0.0000E+00  0.1000E-09  0.1000E-09  0.1000E-09  0.1000E-09  0.1269E+05  0.2792E+00
 1010.5346 14 14   25.5069    4.2081   25.5069    4.2081   -3.9660   -4.7485    0.0000    0.0000  -10.0000  -10.0000  0.5559E+11  0.2000E+09  0.0000E+00  0.0000E+00  0.1000E-09  0.1000E-09  0.1000E-09  0.1000E-09  0.1269E+05  0.2792E+00
 1020.5346 14 14   25.5069    4.2081   25.5069    4.2081   -3.9660   -4.7485    0.0000    0.0000  -10.0000  -10.0000  0.5559E+11  0.2000E+09  0.0000E+00  0.0000E+00  0.1000E-09  0.1000E-09  0.1000E-09  0.1000E-09  0.1269E+05  0.2792E+00
 1030.5347 14 14   25.5069    4.2081   25.5069    4.2081   -3.9660   -4.7485    0.0000    0.0000  -10.0000  -10.0000  0.5559E+11  0.2000E+09  0.0000E+00  0.0000E+00  0.1000E-09  0.1000E-09  0.1000E-09  0.1000E-09  0.1269E+05  0.2792E+00
 1040.5347 14 14   25.5069    4.2081   25.5069    4.2081   -3.9660   -4.7485    0.0000    0.0000  -10.0000  -10.0000  0.5559E+11  0.2000E+09  0.0000E+00  0.0000E+00  0.1000E-09  0.1000E-09  0.1000E-09  0.1000E-09  0.1269E+05  0.2792E+00
 1050.5347 14 14   25.5069    4.2081   25.5069    4.2081   -3.9660   -4.7485    0.0000    0.0000  -10.0000  -10.0000  0.5559E+11  0.2000E+09  0.0000E+00  0.0000E+00  0.1000E-09  0.1000E-09  0.1000E-09  0.1000E-09  0.1269E+05  0.2792E+00
 1060.5347 14 14   25.5069    4.2081   25.5069    4.2081   -3.9660   -4.7485    0.0000    0.0000  -10.0000  -10.0000  0.5559E+11  0.2000E+09  0.0000E+00  0.0000E+00  0.1000E-09  0.1000E-09  0.1000E-09  0.1000E-09  0.1269E+05  0.2792E+00
 1070.5347 14 14   25.5069    4.2081   25.5069    4.2081   -3.9660   -4.7485    0.0000    0.0000  -10.0000  -10.0000  0.5559E+11  0.2000E+09  0.0000E+00  0.0000E+00  0.1000E-09  0.1000E-09  0.1000E-09  0.1000E-09  0.1269E+05  0.2792E+00
 1080.5347 14 14   25.5069    4.2081   25.5069    4.2081   -3.9660   -4.7485    0.0000    0.0000  -10.0000  -10.0000  0.5559E+11  0.2000E+09  0.0000E+00  0.0000E+00  0.1000E-09  0.1000E-09  0.1000E-09  0.1000E-09  0.1269E+05  0.2792E+00
 1090.5347 14 14   25.5069    4.2081   25.5069    4.2081   -3.9660   -4.7485    0.0000    0.0000  -10.0000  -10.0000  0.5559E+11  0.2000E+09  0.0000E+00  0.0000E+00  0.1000E-09  0.1000E-09  0.1000E-09  0.1000E-09  0.1269E+05  0.2792E+00
 1100.5347 14 14   25.5069    4.2081   25.5069    4.2081   -3.9660   -4.7485    0.0000    0.0000  -10.0000  -10.0000  0.5559E+11  0.2000E+09  0.0000E+00  0.0000E+00  0.1000E-09  0.1000E-09  0.1000E-09  0.1000E-09  0.1269E+05  0.2792E+00
 1110.5347 14 14   25.5069    4.2081   25.5069    4.2081   -3.9660   -4.7485    0.0000    0.0000  -10.0000  -10.0000  0.5559E+11  0.2000E+09  0.0000E+00  0.0000E+00  0.1000E-09  0.1000E-09  0.1000E-09  0.1000E-09  0.1269E+05  0.2792E+00
 1120.5347 14 14   25.5069    4.2081   25.5069    4.2081   -3.9660   -4.7485    0.0000    0.0000  -10.0000  -10.0000  0.5559E+11  0.2000E+09  0.0000E+00  0.0000E+00  0.1000E-09  0.1000E-09  0.1000E-09  0.1000E-09  0.1269E+05  0.2792E+00
 1130.5347 14 14   25.5069    4.2081   25.5069    4.2081   -3.9660   -4.7485    0.0000    0.0000  -10.0000  -10.0000  0.5559E+11  0.2000E+09  0.0000E+00  0.0000E+00  0.1000E-09  0.1000E-09  0.1000E-09  0.1000E-09  0.1269E+05  0.2792E+00
 1140.5347 14 14   25.5069    4.2081   25.5069    4.2081   -3.9660   -4.7485    0.0000    0.0000  -10.0000  -10.0000  0.5559E+11  0.2000E+09  0.0000E+00  0.0000E+00  0.1000E-09  0.1000E-09  0.1000E-09  0.1000E-09  0.1269E+05  0.2792E+00
 1150.5347 14 14   25.5069    4.2081   25.5069    4.2081   -3.9660   -4.7485    0.0000    0.0000  -10.0000  -10.0000  0.5559E+11  0.2000E+09  0.0000E+00  0.0000E+00  0.1000E-09  0.1000E-09  0.1000E-09  0.1000E-09  0.1269E+05  0.2792E+00
 1160.5347 14 14   25.5069    4.2081   25.5069    4.2081   -3.9660   -4.7485    0.0000    0.0000  -10.0000  -10.0000  0.5559E+11  0.2000E+09  0.0000E+00  0.0000E+00  0.1000E-09  0.1000E-09  0.1000E-09  0.1000E-09  0.1269E+05  0.2792E+00
 1170.5347 14 14   25.5069    4.2081   25.5069    4.2081   -3.9660   -4.7485    0.0000    0.0000  -10.0000  -10.0000  0.5559E+11  0.2000E+09  0.0000E+00  0.0000E+00  0.1000E-09  0.1000E-09  0.1000E-09  0.1000E-09  0.1269E+05  0.2792E+00
 1180.5347 14 14   25.5069    4.2081   25.5069    4.2081   -3.9660   -4.7485    0.0000    0.0000  -10.0000  -10.0000  0.5559E+11  0.2000E+09  0.0000E+00  0.0000E+00  0.1000E-09  0.1000E-09  0.1000E-09  0.1000E-09  0.1269E+05  0.2792E+00
 1190.5347 14 14   25.5069    4.2081   25.5069    4.2081   -3.9660   -4.7485    0.0000    0.0000  -10.0000  -10.0000  0.5559E+11  0.2000E+09  0.0000E+00  0.0000E+00  0.1000E-09  0.1000E-09  0.1000E-09  0.1000E-09  0.1269E+05  0.2792E+00
 1200.5347 14 14   25.5069    4.2081   25.5069    4.2081   -3.9660   -4.7485    0.0000    0.0000  -10.0000  -10.0000  0.5559E+11  0.2000E+09  0.0000E+00  0.0000E+00  0.1000E-09  0.1000E-09  0.1000E-09  0.1000E-09  0.1269E+05  0.2792E+00
 1210.5347 14 14   25.5069    4.2081   25.5069    4.2081   -3.9660   -4.7485    0.0000    0.0000  -10.0000  -10.0000  0.5559E+11  0.2000E+09  0.0000E+00  0.0000E+00  0.1000E-09  0.1000E-09  0.1000E-09  0.1000E-09  0.1269E+05  0.2792E+00
 1220.5347 14 14   25.5069    4.2081   25.5069    4.2081   -3.9660   -4.7485    0.0000    0.0000  -10.0000  -10.0000  0.5559E+11  0.2000E+09  0.0000E+00  0.0000E+00  0.1000E-09  0.1000E-09  0.1000E-09  0.1000E-09  0.1269E+05  0.2792E+00
 1230.5347 14 14   25.5069    4.2081   25.5069    4.2081   -3.9660   -4.7485    0.0000    0.0000  -10.0000  -10.0000  0.5559E+11  0.2000E+09  0.0000E+00  0.0000E+00  0.1000E-09  0.1000E-09  0.1000E-09  0.1000E-09  0.1269E+05  0.2792E+00
 1240.5347 14 14   25.5069    4.2081   25.5069    4.2081   -3.9660   -4.7485    0.0000    0.0000  -10.0000  -10.0000  0.5559E+11  0.2000E+09  0.0000E+00  0.0000E+00  0.1000E-09  0.1000E-09  0.1000E-09  0.1000E-09  0.1269E+05  0.2792E+00
 1250.5347 14 14   25.5069    4.2081   25.5069    4.2081   -3.9660   -4.7485    0.0000    0.0000  -10.0000  -10.0000  0.5559E+11  0.2000E+09  0.0000E+00  0.0000E+00  0.1000E-09  0.1000E-09  0.1000E-09  0.1000E-09  0.1269E+05  0.2792E+00
 1260.5347 14 14   25.5069    4.2081   25.5069    4.2081   -3.9660   -4.7485    0.0000    0.0000  -10.0000  -10.0000  0.5559E+11  0.2000E+09  0.0000E+00  0.0000E+00  0.1000E-09  0.1000E-09  0.1000E-09  0.1000E-09  0.1269E+05  0.2792E+00
 1270.5347 14 14   25.5069    4.2081   25.5069    4.2081   -3.9660   -4.7485    0.0000    0.0000  -10.0000  -10.0000  0.5559E+11  0.2000E+09  0.0000E+00  0.0000E+00  0.1000E-09  0.1000E-09  0.1000E-09  0.1000E-09  0.1269E+05  0.2792E+00
 1280.5347 14 14   25.5069    4.2081   25.5069    4.2081   -3.9660   -4.7485    0.0000    0.0000  -10.0000  -10.0000  0.5559E+11  0.2000E+09  0.0000E+00  0.0000E+00  0.1000E-09  0.1000E-09  0.1000E-09  0.1000E-09  0.1269E+05  0.2792E+00
 1290.5347 14 14   25.5069    4.2081   25.5069    4.2081   -3.9660   -4.7485    0.0000    0.0000  -10.0000  -10.0000  0.5559E+11  0.2000E+09  0.0000E+00  0.0000E+00  0.1000E-09  0.1000E-09  0.1000E-09  0.1000E-09  0.1269E+05  0.2792E+00
 1300.5347 14 14   25.5069    4.2081   25.5069    4.2081   -3.9660   -4.7485    0.0000    0.0000  -10.0000  -10.0000  0.5559E+11  0.2000E+09  0.0000E+00  0.0000E+00  0.1000E-09  0.1000E-09  0.1000E-09  0.1000E-09  0.1269E+05  0.2792E+00
 1310.5347 14 14   25.5069    4.2081   25.5069    4.2081   -3.9660   -4.7485    0.0000    0.0000  -10.0000  -10.0000  0.5559E+11  0.2000E+09  0.0000E+00  0.0000E+00  0.1000E-09  0.1000E-09  0.1000E-09  0.1000E-09  0.1269E+05  0.2792E+00
 1320.5347 14 14   25.5069    4.2081   25.5069    4.2081   -3.9660   -4.7485    0.0000    0.0000  -10.0000  -10.0000  0.5559E+11  0.2000E+09  0.0000E+00  0.0000E+00  0.1000E-09  0.1000E-09  0.1000E-09  0.1000E-09  0.1269E+05  0.2792E+00
 1330.5347 14 14   25.5069    4.2081   25.5069    4.2081   -3.9660   -4.7485    0.0000    0.0000  -10.0000  -10.0000  0.5559E+11  0.2000E+09  0.0000E+00  0.0000E+00  0.1000E-09  0.1000E-09  0.1000E-09  0.1000E-09  0.1269E+05  0.2792E+00
 1340.5347 14 14   25.5069    4.2081   25.5069    4.2081   -3.9660   -4.7485    0.0000    0.0000  -10.0000  -10.0000  0.5559E+11  0.2000E+09  0.0000E+00  0.0000E+00  0.1000E-09  0.1000E-09  0.1000E-09  0.1000E-09  0.1269E+05  0.2792E+00
 1350.5347 14 14   25.5069    4.2081   25.5069    4.2081   -3.9660   -4.7485    0.0000    0.0000  -10.0000  -10.0000  0.5559E+11  0.2000E+09  0.0000E+00  0.0000E+00  0.1000E-09  0.1000E-09  0.1000E-09  0.1000E-09  0.1269E+05  0.2792E+00
 1360.5347 14 14   25.5069    4.2081   25.5069    4.2081   -3.9660   -4.7485    0.0000    0.0000  -10.0000  -10.0000  0.5559E+11  0.2000E+09  0.0000E+00  0.0000E+00  0.1000E-09  0.1000E-09  0.1000E-09  0.1000E-09  0.1269E+05  0.2792E+00
 1370.5347 14 14   25.5069    4.2081   25.5069    4.2081   -3.9660   -4.7485    0.0000    0.0000  -10.0000  -10.0000  0.5559E+11  0.2000E+09  0.0000E+00  0.0000E+00  0.1000E-09  0.1000E-09  0.1000E-09  0.1000E-09  0.1269E+05  0.2792E+00
 1380.5347 14 14   25.5069    4.2081   25.5069    4.2081   -3.9660   -4.7485    0.0000    0.0000  -10.0000  -10.0000  0.5559E+11  0.2000E+09  0.0000E+00  0.0000E+00  0.1000E-09  0.1000E-09  0.1000E-09  0.1000E-09  0.1269E+05  0.2792E+00
 1390.5347 14 14   25.5069    4.2081   25.5069    4.2081   -3.9660   -4.7485    0.0000    0.0000  -10.0000  -10.0000  0.5559E+11  0.2000E+09  0.0000E+00  0.0000E+00  0.1000E-09  0.1000E-09  0.1000E-09  0.1000E-09  0.1269E+05  0.2792E+00
 1400.5347 14 14   25.5069    4.2081   25.5069    4.2081   -3.9660   -4.7485    0.0000    0.0000  -10.0000  -10.0000  0.5559E+11  0.2000E+09  0.0000E+00  0.0000E+00  0.1000E-09  0.1000E-09  0.1000E-09  0.1000E-09  0.1269E+05  0.2792E+00
 1410.5347 14 14   25.5069    4.2081   25.5069    4.2081   -3.9660   -4.7485    0.0000    0.0000  -10.0000  -10.0000  0.5559E+11  0.2000E+09  0.0000E+00  0.0000E+00  0.1000E-09  0.1000E-09  0.1000E-09  0.1000E-09  0.1269E+05  0.2792E+00
 1420.5347 14 14   25.5069    4.2081   25.5069    4.2081   -3.9660   -4.7485    0.0000    0.0000  -10.0000  -10.0000  0.5559E+11  0.2000E+09  0.0000E+00  0.0000E+00  0.1000E-09  0.1000E-09  0.1000E-09  0.1000E-09  0.1269E+05  0.2792E+00
 1430.5347 14 14   25.5069    4.2081   25.5069    4.2081   -3.9660   -4.7485    0.0000    0.0000  -10.0000  -10.0000  0.5559E+11  0.2000E+09  0.0000E+00  0.0000E+00  0.1000E-09  0.1000E-09  0.1000E-09  0.1000E-09  0.1269E+05  0.2792E+00
 1440.5347 14 14   25.5069    4.2081   25.5069    4.2081   -3.9660   -4.7485    0.0000    0.0000  -10.0000  -10.0000  0.5559E+11  0.2000E+09  0.0000E+00  0.0000E+00  0.1000E-09  0.1000E-09  0.1000E-09  0.1000E-09  0.1269E+05  0.2792E+00
 1450.5347 14 14   25.5069    4.2081   25.5069    4.2081   -3.9660   -4.7485    0.0000    0.0000  -10.0000  -10.0000  0.5559E+11  0.2000E+09  0.0000E+00  0.0000E+00  0.1000E-09  0.1000E-09  0.1000E-09  0.1000E-09  0.1269E+05  0.2792E+00
 1460.5347 14 14   25.5069    4.2081   25.5069    4.2081   -3.9660   -4.7485    0.0000    0.0000  -10.0000  -10.0000  0.5559E+11  0.2000E+09  0.0000E+00  0.0000E+00  0.1000E-09  0.1000E-09  0.1000E-09  0.1000E-09  0.1269E+05  0.2792E+00
 1470.5347 14 14   25.5069    4.2081   25.5069    4.2081   -3.9660   -4.7485    0.0000    0.0000  -10.0000  -10.0000  0.5559E+11  0.2000E+09  0.0000E+00  0.0000E+00  0.1000E-09  0.1000E-09  0.1000E-09  0.1000E-09  0.1269E+05  0.2792E+00
 1480.5347 14 14   25.5069    4.2081   25.5069    4.2081   -3.9660   -4.7485    0.0000    0.0000  -10.0000  -10.0000  0.5559E+11  0.2000E+09  0.0000E+00  0.0000E+00  0.1000E-09  0.1000E-09  0.1000E-09  0.1000E-09  0.1269E+05  0.2792E+00
 1490.5347 14 14   25.5069    4.2081   25.5069    4.2081   -3.9660   -4.7485    0.0000    0.0000  -10.0000  -10.0000  0.5559E+11  0.2000E+09  0.0000E+00  0.0000E+00  0.1000E-09  0.1000E-09  0.1000E-09  0.1000E-09  0.1269E+05  0.2792E+00
 1500.5347 14 14   25.5069    4.2081   25.5069    4.2081   -3.9660   -4.7485    0.0000    0.0000  -10.0000  -10.0000  0.5559E+11  0.2000E+09  0.0000E+00  0.0000E+00  0.1000E-09  0.1000E-09  0.1000E-09  0.1000E-09  0.1269E+05  0.2792E+00
 1510.5347 14 14   25.5069    4.2081   25.5069    4.2081   -3.9660   -4.7485    0.0000    0.0000  -10.0000  -10.0000  0.5559E+11  0.2000E+09  0.0000E+00  0.0000E+00  0.1000E-09  0.1000E-09  0.1000E-09  0.1000E-09  0.1269E+05  0.2792E+00
 1520.5347 14 14   25.5069    4.2081   25.5069    4.2081   -3.9660   -4.7485    0.0000    0.0000  -10.0000  -10.0000  0.5559E+11  0.2000E+09  0.0000E+00  0.0000E+00  0.1000E-09  0.1000E-09  0.1000E-09  0.1000E-09  0.1269E+05  0.2792E+00
 1530.5347 14 14   25.5069    4.2081   25.5069    4.2081   -3.9660   -4.7485    0.0000    0.0000  -10.0000  -10.0000  0.5559E+11  0.2000E+09  0.0000E+00  0.0000E+00  0.1000E-09  0.1000E-09  0.1000E-09  0.1000E-09  0.1269E+05  0.2792E+00
 1540.5347 14 14   25.5069    4.2081   25.5069    4.2081   -3.9660   -4.7485    0.0000    0.0000  -10.0000  -10.0000  0.5559E+11  0.2000E+09  0.0000E+00  0.0000E+00  0.1000E-09  0.1000E-09  0.1000E-09  0.1000E-09  0.1269E+05  0.2792E+00
 1550.5347 14 14   25.5069    4.2081   25.5069    4.2081   -3.9660   -4.7485    0.0000    0.0000  -10.0000  -10.0000  0.5559E+11  0.2000E+09  0.0000E+00  0.0000E+00  0.1000E-09  0.1000E-09  0.1000E-09  0.1000E-09  0.1269E+05  0.2792E+00
 1560.5347 14 14   25.5069    4.2081   25.5069    4.2081   -3.9660   -4.7485    0.0000    0.0000  -10.0000  -10.0000  0.5559E+11  0.2000E+09  0.0000E+00  0.0000E+00  0.1000E-09  0.1000E-09  0.1000E-09  0.1000E-09  0.1269E+05  0.2792E+00
 1570.5347 14 14   25.5069    4.2081   25.5069    4.2081   -3.9660   -4.7485    0.0000    0.0000  -10.0000  -10.0000  0.5559E+11  0.2000E+09  0.0000E+00  0.0000E+00  0.1000E-09  0.1000E-09  0.1000E-09  0.1000E-09  0.1269E+05  0.2792E+00
 1580.5347 14 14   25.5069    4.2081   25.5069    4.2081   -3.9660   -4.7485    0.0000    0.0000  -10.0000  -10.0000  0.5559E+11  0.2000E+09  0.0000E+00  0.0000E+00  0.1000E-09  0.1000E-09  0.1000E-09  0.1000E-09  0.1269E+05  0.2792E+00
 1590.5347 14 14   25.5069    4.2081   25.5069    4.2081   -3.9660   -4.7485    0.0000    0.0000  -10.0000  -10.0000  0.5559E+11  0.2000E+09  0.0000E+00  0.0000E+00  0.1000E-09  0.1000E-09  0.1000E-09  0.1000E-09  0.1269E+05  0.2792E+00
 1600.5347 14 14   25.5069    4.2081   25.5069    4.2081   -3.9660   -4.7485    0.0000    0.0000  -10.0000  -10.0000  0.5559E+11  0.2000E+09  0.0000E+00  0.0000E+00  0.1000E-09  0.1000E-09  0.1000E-09  0.1000E-09  0.1269E+05  0.2792E+00
 1610.5347 14 14   25.5069    4.2081   25.5069    4.2081   -3.9660   -4.7485    0.0000    0.0000  -10.0000  -10.0000  0.5559E+11  0.2000E+09  0.0000E+00  0.0000E+00  0.1000E-09  0.1000E-09  0.1000E-09  0.1000E-09  0.1269E+05  0.2792E+00
 1620.5347 14 14   25.5069    4.2081   25.5069    4.2081   -3.9660   -4.7485    0.0000    0.0000  -10.0000  -10.0000  0.5559E+11  0.2000E+09  0.0000E+00  0.0000E+00  0.1000E-09  0.1000E-09  0.1000E-09  0.1000E-09  0.1269E+05  0.2792E+00
 1630.5347 14 14   25.5069    4.2081   25.5069    4.2081   -3.9660   -4.7485    0.0000    0.0000  -10.0000  -10.0000  0.5559E+11  0.2000E+09  0.0000E+00  0.0000E+00  0.1000E-09  0.1000E-09  0.1000E-09  0.1000E-09  0.1269E+05  0.2792E+00
 1640.5347 14 14   25.5069    4.2081   25.5069    4.2081   -3.9660   -4.7485    0.0000    0.0000  -10.0000  -10.0000  0.5559E+11  0.2000E+09  0.0000E+00  0.0000E+00  0.1000E-09  0.1000E-09  0.1000E-09  0.1000E-09  0.1269E+05  0.2792E+00
 1650.5347 14 14   25.5069    4.2081   25.5069    4.2081   -3.9660   -4.7485    0.0000    0.0000  -10.0000  -10.0000  0.5559E+11  0.2000E+09  0.0000E+00  0.0000E+00  0.1000E-09  0.1000E-09  0.1000E-09  0.1000E-09  0.1269E+05  0.2792E+00
 1660.5347 14 14   25.5069    4.2081   25.5069    4.2081   -3.9660   -4.7485    0.0000    0.0000  -10.0000  -10.0000  0.5559E+11  0.2000E+09  0.0000E+00  0.0000E+00  0.1000E-09  0.1000E-09  0.1000E-09  0.1000E-09  0.1269E+05  0.2792E+00
 1670.5347 14 14   25.5069    4.2081   25.5069    4.2081   -3.9660   -4.7485    0.0000    0.0000  -10.0000  -10.0000  0.5559E+11  0.2000E+09  0.0000E+00  0.0000E+00  0.1000E-09  0.1000E-09  0.1000E-09  0.1000E-09  0.1269E+05  0.2792E+00
 1680.5347 14 14   25.5069    4.2081   25.5069    4.2081   -3.9660   -4.7485    0.0000    0.0000  -10.0000  -10.0000  0.5559E+11  0.2000E+09  0.0000E+00  0.0000E+00  0.1000E-09  0.1000E-09  0.1000E-09  0.1000E-09  0.1269E+05  0.2792E+00
 1690.5347 14 14   25.5069    4.2081   25.5069    4.2081   -3.9660   -4.7485    0.0000    0.0000  -10.0000  -10.0000  0.5559E+11  0.2000E+09  0.0000E+00  0.0000E+00  0.1000E-09  0.1000E-09  0.1000E-09  0.1000E-09  0.1269E+05  0.2792E+00
 1700.5347 14 14   25.5069    4.2081   25.5069    4.2081   -3.9660   -4.7485    0.0000    0.0000  -10.0000  -10.0000  0.5559E+11  0.2000E+09  0.0000E+00  0.0000E+00  0.1000E-09  0.1000E-09  0.1000E-09  0.1000E-09  0.1269E+05  0.2792E+00
 1710.5347 14 14   25.5069    4.2081   25.5069    4.2081   -3.9660   -4.7485    0.0000    0.0000  -10.0000  -10.0000  0.5559E+11  0.2000E+09  0.0000E+00  0.0000E+00  0.1000E-09  0.1000E-09  0.1000E-09  0.1000E-09  0.1269E+05  0.2792E+00
 1720.5347 14 14   25.5069    4.2081   25.5069    4.2081   -3.9660   -4.7485    0.0000    0.0000  -10.0000  -10.0000  0.5559E+11  0.2000E+09  0.0000E+00  0.0000E+00  0.1000E-09  0.1000E-09  0.1000E-09  0.1000E-09  0.1269E+05  0.2792E+00
 1730.5347 14 14   25.5069    4.2081   25.5069    4.2081   -3.9660   -4.7485    0.0000    0.0000  -10.0000  -10.0000  0.5559E+11  0.2000E+09  0.0000E+00  0.0000E+00  0.1000E-09  0.1000E-09  0.1000E-09  0.1000E-09  0.1269E+05  0.2792E+00
 1740.5347 14 14   25.5069    4.2081   25.5069    4.2081   -3.9660   -4.7485    0.0000    0.0000  -10.0000  -10.0000  0.5559E+11  0.2000E+09  0.0000E+00  0.0000E+00  0.1000E-09  0.1000E-09  0.1000E-09  0.1000E-09  0.1269E+05  0.2792E+00
 1750.5347 14 14   25.5069    4.2081   25.5069    4.2081   -3.9660   -4.7485    0.0000    0.0000  -10.0000  -10.0000  0.5559E+11  0.2000E+09  0.0000E+00  0.0000E+00  0.1000E-09  0.1000E-09  0.1000E-09  0.1000E-09  0.1269E+05  0.2792E+00
 1760.5347 14 14   25.5069    4.2081   25.5069    4.2081   -3.9660   -4.7485    0.0000    0.0000  -10.0000  -10.0000  0.5559E+11  0.2000E+09  0.0000E+00  0.0000E+00  0.1000E-09  0.1000E-09  0.1000E-09  0.1000E-09  0.1269E+05  0.2792E+00
 1770.5347 14 14   25.5069    4.2081   25.5069    4.2081   -3.9660   -4.7485    0.0000    0.0000  -10.0000  -10.0000  0.5559E+11  0.2000E+09  0.0000E+00  0.0000E+00  0.1000E-09  0.1000E-09  0.1000E-09  0.1000E-09  0.1269E+05  0.2792E+00
 1780.5347 14 14   25.5069    4.2081   25.5069    4.2081   -3.9660   -4.7485    0.0000    0.0000  -10.0000  -10.0000  0.5559E+11  0.2000E+09  0.0000E+00  0.0000E+00  0.1000E-09  0.1000E-09  0.1000E-09  0.1000E-09  0.1269E+05  0.2792E+00
 1790.5347 14 14   25.5069    4.2081   25.5069    4.2081   -3.9660   -4.7485    0.0000    0.0000  -10.0000  -10.0000  0.5559E+11  0.2000E+09  0.0000E+00  0.0000E+00  0.1000E-09  0.1000E-09  0.1000E-09  0.1000E-09  0.1269E+05  0.2792E+00
 1800.5347 14 14   25.5069    4.2081   25.5069    4.2081   -3.9660   -4.7485    0.0000    0.0000  -10.0000  -10.0000  0.5559E+11  0.2000E+09  0.0000E+00  0.0000E+00  0.1000E-09  0.1000E-09  0.1000E-09  0.1000E-09  0.1269E+05  0.2792E+00
 1810.5347 14 14   25.5069    4.2081   25.5069    4.2081   -3.9660   -4.7485    0.0000    0.0000  -10.0000  -10.0000  0.5559E+11  0.2000E+09  0.0000E+00  0.0000E+00  0.1000E-09  0.1000E-09  0.1000E-09  0.1000E-09  0.1269E+05  0.2792E+00
 1820.5347 14 14   25.5069    4.2081   25.5069    4.2081   -3.9660   -4.7485    0.0000    0.0000  -10.0000  -10.0000  0.5559E+11  0.2000E+09  0.0000E+00  0.0000E+00  0.1000E-09  0.1000E-09  0.1000E-09  0.1000E-09  0.1269E+05  0.2792E+00
 1830.5347 14 14   25.5069    4.2081   25.5069    4.2081   -3.9660   -4.7485    0.0000    0.0000  -10.0000  -10.0000  0.5559E+11  0.2000E+09  0.0000E+00  0.0000E+00  0.1000E-09  0.1000E-09  0.1000E-09  0.1000E-09  0.1269E+05  0.2792E+00
 1840.5347 14 14   25.5069    4.2081   25.5069    4.2081   -3.9660   -4.7485    0.0000    0.0000  -10.0000  -10.0000  0.5559E+11  0.2000E+09  0.0000E+00  0.0000E+00  0.1000E-09  0.1000E-09  0.1000E-09  0.1000E-09  0.1269E+05  0.2792E+00
 1850.5347 14 14   25.5069    4.2081   25.5069    4.2081   -3.9660   -4.7485    0.0000    0.0000  -10.0000  -10.0000  0.5559E+11  0.2000E+09  0.0000E+00  0.0000E+00  0.1000E-09  0.1000E-09  0.1000E-09  0.1000E-09  0.1269E+05  0.2792E+00
 1860.5347 14 14   25.5069    4.2081   25.5069    4.2081   -3.9660   -4.7485    0.0000    0.0000  -10.0000  -10.0000  0.5559E+11  0.2000E+09  0.0000E+00  0.0000E+00  0.1000E-09  0.1000E-09  0.1000E-09  0.1000E-09  0.1269E+05  0.2792E+00
 1870.5347 14 14   25.5069    4.2081   25.5069    4.2081   -3.9660   -4.7485    0.0000    0.0000  -10.0000  -10.0000  0.5559E+11  0.2000E+09  0.0000E+00  0.0000E+00  0.1000E-09  0.1000E-09  0.1000E-09  0.1000E-09  0.1269E+05  0.2792E+00
 1880.5347 14 14   25.5069    4.2081   25.5069    4.2081   -3.9660   -4.7485    0.0000    0.0000  -10.0000  -10.0000  0.5559E+11  0.2000E+09  0.0000E+00  0.0000E+00  0.1000E-09  0.1000E-09  0.1000E-09  0.1000E-09  0.1269E+05  0.2792E+00
 1890.5347 14 14   25.5069    4.2081   25.5069    4.2081   -3.9660   -4.7485    0.0000    0.0000  -10.0000  -10.0000  0.5559E+11  0.2000E+09  0.0000E+00  0.0000E+00  0.1000E-09  0.1000E-09  0.1000E-09  0.1000E-09  0.1269E+05  0.2792E+00
 1900.5347 14 14   25.5069    4.2081   25.5069    4.2081   -3.9660   -4.7485    0.0000    0.0000  -10.0000  -10.0000  0.5559E+11  0.2000E+09  0.0000E+00  0.0000E+00  0.1000E-09  0.1000E-09  0.1000E-09  0.1000E-09  0.1269E+05  0.2792E+00
 1910.5347 14 14   25.5069    4.2081   25.5069    4.2081   -3.9660   -4.7485    0.0000    0.0000  -10.0000  -10.0000  0.5559E+11  0.2000E+09  0.0000E+00  0.0000E+00  0.1000E-09  0.1000E-09  0.1000E-09  0.1000E-09  0.1269E+05  0.2792E+00
 1920.5347 14 14   25.5069    4.2081   25.5069    4.2081   -3.9660   -4.7485    0.0000    0.0000  -10.0000  -10.0000  0.5559E+11  0.2000E+09  0.0000E+00  0.0000E+00  0.1000E-09  0.1000E-09  0.1000E-09  0.1000E-09  0.1269E+05  0.2792E+00
 1930.5347 14 14   25.5069    4.2081   25.5069    4.2081   -3.9660   -4.7485    0.0000    0.0000  -10.0000  -10.0000  0.5559E+11  0.2000E+09  0.0000E+00  0.0000E+00  0.1000E-09  0.1000E-09  0.1000E-09  0.1000E-09  0.1269E+05  0.2792E+00
 1940.5347 14 14   25.5069    4.2081   25.5069    4.2081   -3.9660   -4.7485    0.0000    0.0000  -10.0000  -10.0000  0.5559E+11  0.2000E+09  0.0000E+00  0.0000E+00  0.1000E-09  0.1000E-09  0.1000E-09  0.1000E-09  0.1269E+05  0.2792E+00
 1950.5347 14 14   25.5069    4.2081   25.5069    4.2081   -3.9660   -4.7485    0.0000    0.0000  -10.0000  -10.0000  0.5559E+11  0.2000E+09  0.0000E+00  0.0000E+00  0.1000E-09  0.1000E-09  0.1000E-09  0.1000E-09  0.1269E+05  0.2792E+00
 1960.5347 14 14   25.5069    4.2081   25.5069    4.2081   -3.9660   -4.7485    0.0000    0.0000  -10.0000  -10.0000  0.5559E+11  0.2000E+09  0.0000E+00  0.0000E+00  0.1000E-09  0.1000E-09  0.1000E-09  0.1000E-09  0.1269E+05  0.2792E+00
 1970.5347 14 14   25.5069    4.2081   25.5069    4.2081   -3.9660   -4.7485    0.0000    0.0000  -10.0000  -10.0000  0.5559E+11  0.2000E+09  0.0000E+00  0.0000E+00  0.1000E-09  0.1000E-09  0.1000E-09  0.1000E-09  0.1269E+05  0.2792E+00
 1980.5347 14 14   25.5069    4.2081   25.5069    4.2081   -3.9660   -4.7485    0.0000    0.0000  -10.0000  -10.0000  0.5559E+11  0.2000E+09  0.0000E+00  0.0000E+00  0.1000E-09  0.1000E-09  0.1000E-09  0.1000E-09  0.1269E+05  0.2792E+00
 1990.5347 14 14   25.5069    4.2081   25.5069    4.2081   -3.9660   -4.7485    0.0000    0.0000  -10.0000  -10.0000  0.5559E+11  0.2000E+09  0.0000E+00  0.0000E+00  0.1000E-09  0.1000E-09  0.1000E-09  0.1000E-09  0.1269E+05  0.2792E+00
 2000.5347 14 14   25.5069    4.2081   25.5069    4.2081   -3.9660   -4.7485    0.0000    0.0000  -10.0000  -10.0000  0.5559E+11  0.2000E+09  0.0000E+00  0.0000E+00  0.1000E-09  0.1000E-09  0.1000E-09  0.1000E-09  0.1269E+05  0.2792E+00
 2010.5347 14 14   25.5069    4.2081   25.5069    4.2081   -3.9660   -4.7485    0.0000    0.0000  -10.0000  -10.0000  0.5559E+11  0.2000E+09  0.0000E+00  0.0000E+00  0.1000E-09  0.1000E-09  0.1000E-09  0.1000E-09  0.1269E+05  0.2792E+00
 2020.5347 14 14   25.5069    4.2081   25.5069    4.2081   -3.9660   -4.7485    0.0000    0.0000  -10.0000  -10.0000  0.5559E+11  0.2000E+09  0.0000E+00  0.0000E+00  0.1000E-09  0.1000E-09  0.1000E-09  0.1000E-09  0.1269E+05  0.2792E+00
 2030.5347 14 14   25.5069    4.2081   25.5069    4.2081   -3.9660   -4.7485    0.0000    0.0000  -10.0000  -10.0000  0.5559E+11  0.2000E+09  0.0000E+00  0.0000E+00  0.1000E-09  0.1000E-09  0.1000E-09  0.1000E-09  0.1269E+05  0.2792E+00
 2040.5347 14 14   25.5069    4.2081   25.5069    4.2081   -3.9660   -4.7485    0.0000    0.0000  -10.0000  -10.0000  0.5559E+11  0.2000E+09  0.0000E+00  0.0000E+00  0.1000E-09  0.1000E-09  0.1000E-09  0.1000E-09  0.1269E+05  0.2792E+00
 2050.5347 14 14   25.5069    4.2081   25.5069    4.2081   -3.9660   -4.7485    0.0000    0.0000  -10.0000  -10.0000  0.5559E+11  0.2000E+09  0.0000E+00  0.0000E+00  0.1000E-09  0.1000E-09  0.1000E-09  0.1000E-09  0.1269E+05  0.2792E+00
 2060.5347 14 14   25.5069    4.2081   25.5069    4.2081   -3.9660   -4.7485    0.0000    0.0000  -10.0000  -10.0000  0.5559E+11  0.2000E+09  0.0000E+00  0.0000E+00  0.1000E-09  0.1000E-09  0.1000E-09  0.1000E-09  0.1269E+05  0.2792E+00
 2070.5347 14 14   25.5069    4.2081   25.5069    4.2081   -3.9660   -4.7485    0.0000    0.0000  -10.0000  -10.0000  0.5559E+11  0.2000E+09  0.0000E+00  0.0000E+00  0.1000E-09  0.1000E-09  0.1000E-09  0.1000E-09  0.1269E+05  0.2792E+00
 2080.5347 14 14   25.5069    4.2081   25.5069    4.2081   -3.9660   -4.7485    0.0000    0.0000  -10.0000  -10.0000  0.5559E+11  0.2000E+09  0.0000E+00  0.0000E+00  0.1000E-09  0.1000E-09  0.1000E-09  0.1000E-09  0.1269E+05  0.2792E+00
 2090.5347 14 14   25.5069    4.2081   25.5069    4.2081   -3.9660   -4.7485    0.0000    0.0000  -10.0000  -10.0000  0.5559E+11  0.2000E+09  0.0000E+00  0.0000E+00  0.1000E-09  0.1000E-09  0.1000E-09  0.1000E-09  0.1269E+05  0.2792E+00
 2100.5347 14 14   25.5069    4.2081   25.5069    4.2081   -3.9660   -4.7485    0.0000    0.0000  -10.0000  -10.0000  0.5559E+11  0.2000E+09  0.0000E+00  0.0000E+00  0.1000E-09  0.1000E-09  0.1000E-09  0.1000E-09  0.1269E+05  0.2792E+00
 2110.5347 14 14   25.5069    4.2081   25.5069    4.2081   -3.9660   -4.7485    0.0000    0.0000  -10.0000  -10.0000  0.5559E+11  0.2000E+09  0.0000E+00  0.0000E+00  0.1000E-09  0.1000E-09  0.1000E-09  0.1000E-09  0.1269E+05  0.2792E+00
 2120.5347 14 14   25.5069    4.2081   25.5069    4.2081   -3.9660   -4.7485    0.0000    0.0000  -10.0000  -10.0000  0.5559E+11  0.2000E+09  0.0000E+00  0.0000E+00  0.1000E-09  0.1000E-09  0.1000E-09  0.1000E-09  0.1269E+05  0.2792E+00
 2130.5347 14 14   25.5069    4.2081   25.5069    4.2081   -3.9660   -4.7485    0.0000    0.0000  -10.0000  -10.0000  0.5559E+11  0.2000E+09  0.0000E+00  0.0000E+00  0.1000E-09  0.1000E-09  0.1000E-09  0.1000E-09  0.1269E+05  0.2792E+00
 2140.5347 14 14   25.5069    4.2081   25.5069    4.2081   -3.9660   -4.7485    0.0000    0.0000  -10.0000  -10.0000  0.5559E+11  0.2000E+09  0.0000E+00  0.0000E+00  0.1000E-09  0.1000E-09  0.1000E-09  0.1000E-09  0.1269E+05  0.2792E+00
 2150.5347 14 14   25.5069    4.2081   25.5069    4.2081   -3.9660   -4.7485    0.0000    0.0000  -10.0000  -10.0000  0.5559E+11  0.2000E+09  0.0000E+00  0.0000E+00  0.1000E-09  0.1000E-09  0.1000E-09  0.1000E-09  0.1269E+05  0.2792E+00
 2160.5347 14 14   25.5069    4.2081   25.5069    4.2081   -3.9660   -4.7485    0.0000    0.0000  -10.0000  -10.0000  0.5559E+11  0.2000E+09  0.0000E+00  0.0000E+00  0.1000E-09  0.1000E-09  0.1000E-09  0.1000E-09  0.1269E+05  0.2792E+00
 2170.5347 14 14   25.5069    4.2081   25.5069    4.2081   -3.9660   -4.7485    0.0000    0.0000  -10.0000  -10.0000  0.5559E+11  0.2000E+09  0.0000E+00  0.0000E+00  0.1000E-09  0.1000E-09  0.1000E-09  0.1000E-09  0.1269E+05  0.2792E+00
 2180.5347 14 14   25.5069    4.2081   25.5069    4.2081   -3.9660   -4.7485    0.0000    0.0000  -10.0000  -10.0000  0.5559E+11  0.2000E+09  0.0000E+00  0.0000E+00  0.1000E-09  0.1000E-09  0.1000E-09  0.1000E-09  0.1269E+05  0.2792E+00
 2190.5347 14 14   25.5069    4.2081   25.5069    4.2081   -3.9660   -4.7485    0.0000    0.0000  -10.0000  -10.0000  0.5559E+11  0.2000E+09  0.0000E+00  0.0000E+00  0.1000E-09  0.1000E-09  0.1000E-09  0.1000E-09  0.1269E+05  0.2792E+00
 2200.5347 14 14   25.5069    4.2081   25.5069    4.2081   -3.9660   -4.7485    0.0000    0.0000  -10.0000  -10.0000  0.5559E+11  0.2000E+09  0.0000E+00  0.0000E+00  0.1000E-09  0.1000E-09  0.1000E-09  0.1000E-09  0.1269E+05  0.2792E+00
 2210.5347 14 14   25.5069    4.2081   25.5069    4.2081   -3.9660   -4.7485    0.0000    0.0000  -10.0000  -10.0000  0.5559E+11  0.2000E+09  0.0000E+00  0.0000E+00  0.1000E-09  0.1000E-09  0.1000E-09  0.1000E-09  0.1269E+05  0.2792E+00
 2220.5347 14 14   25.5069    4.2081   25.5069    4.2081   -3.9660   -4.7485    0.0000    0.0000  -10.0000  -10.0000  0.5559E+11  0.2000E+09  0.0000E+00  0.0000E+00  0.1000E-09  0.1000E-09  0.1000E-09  0.1000E-09  0.1269E+05  0.2792E+00
 2230.5347 14 14   25.5069    4.2081   25.5069    4.2081   -3.9660   -4.7485    0.0000    0.0000  -10.0000  -10.0000  0.5559E+11  0.2000E+09  0.0000E+00  0.0000E+00  0.1000E-09  0.1000E-09  0.1000E-09  0.1000E-09  0.1269E+05  0.2792E+00
 2240.5347 14 14   25.5069    4.2081   25.5069    4.2081   -3.9660   -4.7485    0.0000    0.0000  -10.0000  -10.0000  0.5559E+11  0.2000E+09  0.0000E+00  0.0000E+00  0.1000E-09  0.1000E-09  0.1000E-09  0.1000E-09  0.1269E+05  0.2792E+00
 2250.5347 14 14   25.5069    4.2081   25.5069    4.2081   -3.9660   -4.7485    0.0000    0.0000  -10.0000  -10.0000  0.5559E+11  0.2000E+09  0.0000E+00  0.0000E+00  0.1000E-09  0.1000E-09  0.1000E-09  0.1000E-09  0.1269E+05  0.2792E+00
 2260.5347 14 14   25.5069    4.2081   25.5069    4.2081   -3.9660   -4.7485    0.0000    0.0000  -10.0000  -10.0000  0.5559E+11  0.2000E+09  0.0000E+00  0.0000E+00  0.1000E-09  0.1000E-09  0.1000E-09  0.1000E-09  0.1269E+05  0.2792E+00
 2270.5347 14 14   25.5069    4.2081   25.5069    4.2081   -3.9660   -4.7485    0.0000    0.0000  -10.0000  -10.0000  0.5559E+11  0.2000E+09  0.0000E+00  0.0000E+00  0.1000E-09  0.1000E-09  0.1000E-09  0.1000E-09  0.1269E+05  0.2792E+00
 2280.5347 14 14   25.5069    4.2081   25.5069    4.2081   -3.9660   -4.7485    0.0000    0.0000  -10.0000  -10.0000  0.5559E+11  0.2000E+09  0.0000E+00  0.0000E+00  0.1000E-09  0.1000E-09  0.1000E-09  0.1000E-09  0.1269E+05  0.2792E+00
 2290.5347 14 14   25.5069    4.2081   25.5069    4.2081   -3.9660   -4.7485    0.0000    0.0000  -10.0000  -10.0000  0.5559E+11  0.2000E+09  0.0000E+00  0.0000E+00  0.1000E-09  0.1000E-09  0.1000E-09  0.1000E-09  0.1269E+05  0.2792E+00
 2300.5347 14 14   25.5069    4.2081   25.5069    4.2081   -3.9660   -4.7485    0.0000    0.0000  -10.0000  -10.0000  0.5559E+11  0.2000E+09  0.0000E+00  0.0000E+00  0.1000E-09  0.1000E-09  0.1000E-09  0.1000E-09  0.1269E+05  0.2792E+00
 2310.5347 14 14   25.5069    4.2081   25.5069    4.2081   -3.9660   -4.7485    0.0000    0.0000  -10.0000  -10.0000  0.5559E+11  0.2000E+09  0.0000E+00  0.0000E+00  0.1000E-09  0.1000E-09  0.1000E-09  0.1000E-09  0.1269E+05  0.2792E+00
 2320.5347 14 14   25.5069    4.2081   25.5069    4.2081   -3.9660   -4.7485    0.0000    0.0000  -10.0000  -10.0000  0.5559E+11  0.2000E+09  0.0000E+00  0.0000E+00  0.1000E-09  0.1000E-09  0.1000E-09  0.1000E-09  0.1269E+05  0.2792E+00
 2330.5347 14 14   25.5069    4.2081   25.5069    4.2081   -3.9660   -4.7485    0.0000    0.0000  -10.0000  -10.0000  0.5559E+11  0.2000E+09  0.0000E+00  0.0000E+00  0.1000E-09  0.1000E-09  0.1000E-09  0.1000E-09  0.1269E+05  0.2792E+00
 2340.5347 14 14   25.5069    4.2081   25.5069    4.2081   -3.9660   -4.7485    0.0000    0.0000  -10.0000  -10.0000  0.5559E+11  0.2000E+09  0.0000E+00  0.0000E+00  0.1000E-09  0.1000E-09  0.1000E-09  0.1000E-09  0.1269E+05  0.2792E+00
 2350.5347 14 14   25.5069    4.2081   25.5069    4.2081   -3.9660   -4.7485    0.0000    0.0000  -10.0000  -10.0000  0.5559E+11  0.2000E+09  0.0000E+00  0.0000E+00  0.1000E-09  0.1000E-09  0.1000E-09  0.1000E-09  0.1269E+05  0.2792E+00
 2360.5347 14 14   25.5069    4.2081   25.5069    4.2081   -3.9660   -4.7485    0.0000    0.0000  -10.0000  -10.0000  0.5559E+11  0.2000E+09  0.0000E+00  0.0000E+00  0.1000E-09  0.1000E-09  0.1000E-09  0.1000E-09  0.1269E+05  0.2792E+00
 2370.5347 14 14   25.5069    4.2081   25.5069    4.2081   -3.9660   -4.7485    0.0000    0.0000  -10.0000  -10.0000  0.5559E+11  0.2000E+09  0.0000E+00  0.0000E+00  0.1000E-09  0.1000E-09  0.1000E-09  0.1000E-09  0.1269E+05  0.2792E+00
 2380.5347 14 14   25.5069    4.2081   25.5069    4.2081   -3.9660   -4.7485    0.0000    0.0000  -10.0000  -10.0000  0.5559E+11  0.2000E+09  0.0000E+00  0.0000E+00  0.1000E-09  0.1000E-09  0.1000E-09  0.1000E-09  0.1269E+05  0.2792E+00
 2390.5347 14 14   25.5069    4.2081   25.5069    4.2081   -3.9660   -4.7485    0.0000    0.0000  -10.0000  -10.0000  0.5559E+11  0.2000E+09  0.0000E+00  0.0000E+00  0.1000E-09  0.1000E-09  0.1000E-09  0.1000E-09  0.1269E+05  0.2792E+00
 2400.5347 14 14   25.5069    4.2081   25.5069    4.2081   -3.9660   -4.7485    0.0000    0.0000  -10.0000  -10.0000  0.5559E+11  0.2000E+09  0.0000E+00  0.0000E+00  0.1000E-09  0.1000E-09  0.1000E-09  0.1000E-09  0.1269E+05  0.2792E+00
 2410.5347 14 14   25.5069    4.2081   25.5069    4.2081   -3.9660   -4.7485    0.0000    0.0000  -10.0000  -10.0000  0.5559E+11  0.2000E+09  0.0000E+00  0.0000E+00  0.1000E-09  0.1000E-09  0.1000E-09  0.1000E-09  0.1269E+05  0.2792E+00
 2420.5347 14 14   25.5069    4.2081   25.5069    4.2081   -3.9660   -4.7485    0.0000    0.0000  -10.0000  -10.0000  0.5559E+11  0.2000E+09  0.0000E+00  0.0000E+00  0.1000E-09  0.1000E-09  0.1000E-09  0.1000E-09  0.1269E+05  0.2792E+00
 2430.5347 14 14   25.5069    4.2081   25.5069    4.2081   -3.9660   -4.7485    0.0000    0.0000  -10.0000  -10.0000  0.5559E+11  0.2000E+09  0.0000E+00  0.0000E+00  0.1000E-09  0.1000E-09  0.1000E-09  0.1000E-09  0.1269E+05  0.2792E+00
 2440.5347 14 14   25.5069    4.2081   25.5069    4.2081   -3.9660   -4.7485    0.0000    0.0000  -10.0000  -10.0000  0.5559E+11  0.2000E+09  0.0000E+00  0.0000E+00  0.1000E-09  0.1000E-09  0.1000E-09  0.1000E-09  0.1269E+05  0.2792E+00
 2450.5347 14 14   25.5069    4.2081   25.5069    4.2081   -3.9660   -4.7485    0.0000    0.0000  -10.0000  -10.0000  0.5559E+11  0.2000E+09  0.0000E+00  0.0000E+00  0.1000E-09  0.1000E-09  0.1000E-09  0.1000E-09  0.1269E+05  0.2792E+00
 2460.5347 14 14   25.5069    4.2081   25.5069    4.2081   -3.9660   -4.7485    0.0000    0.0000  -10.0000  -10.0000  0.5559E+11  0.2000E+09  0.0000E+00  0.0000E+00  0.1000E-09  0.1000E-09  0.1000E-09  0.1000E-09  0.1269E+05  0.2792E+00
 2470.5347 14 14   25.5069    4.2081   25.5069    4.2081   -3.9660   -4.7485    0.0000    0.0000  -10.0000  -10.0000  0.5559E+11  0.2000E+09  0.0000E+00  0.0000E+00  0.1000E-09  0.1000E-09  0.1000E-09  0.1000E-09  0.1269E+05  0.2792E+00
 2480.5347 14 14   25.5069    4.2081   25.5069    4.2081   -3.9660   -4.7485    0.0000    0.0000  -10.0000  -10.0000  0.5559E+11  0.2000E+09  0.0000E+00  0.0000E+00  0.1000E-09  0.1000E-09  0.1000E-09  0.1000E-09  0.1269E+05  0.2792E+00
 2490.5347 14 14   25.5069    4.2081   25.5069    4.2081   -3.9660   -4.7485    0.0000    0.0000  -10.0000  -10.0000  0.5559E+11  0.2000E+09  0.0000E+00  0.0000E+00  0.1000E-09  0.1000E-09  0.1000E-09  0.1000E-09  0.1269E+05  0.2792E+00
 2500.5347 14 14   25.5069    4.2081   25.5069    4.2081   -3.9660   -4.7485    0.0000    0.0000  -10.0000  -10.0000  0.5559E+11  0.2000E+09  0.0000E+00  0.0000E+00  0.1000E-09  0.1000E-09  0.1000E-09  0.1000E-09  0.1269E+05  0.2792E+00
 2510.5347 14 14   25.5069    4.2081   25.5069    4.2081   -3.9660   -4.7485    0.0000    0.0000  -10.0000  -10.0000  0.5559E+11  0.2000E+09  0.0000E+00  0.0000E+00  0.1000E-09  0.1000E-09  0.1000E-09  0.1000E-09  0.1269E+05  0.2792E+00
 2520.5347 14 14   25.5069    4.2081   25.5069    4.2081   -3.9660   -4.7485    0.0000    0.0000  -10.0000  -10.0000  0.5559E+11  0.2000E+09  0.0000E+00  0.0000E+00  0.1000E-09  0.1000E-09  0.1000E-09  0.1000E-09  0.1269E+05  0.2792E+00
 2530.5347 14 14   25.5069    4.2081   25.5069    4.2081   -3.9660   -4.7485    0.0000    0.0000  -10.0000  -10.0000  0.5559E+11  0.2000E+09  0.0000E+00  0.0000E+00  0.1000E-09  0.1000E-09  0.1000E-09  0.1000E-09  0.1269E+05  0.2792E+00
 2540.5347 14 14   25.5069    4.2081   25.5069    4.2081   -3.9660   -4.7485    0.0000    0.0000  -10.0000  -10.0000  0.5559E+11  0.2000E+09  0.0000E+00  0.0000E+00  0.1000E-09  0.1000E-09  0.1000E-09  0.1000E-09  0.1269E+05  0.2792E+00
 2550.5347 14 14   25.5069    4.2081   25.5069    4.2081   -3.9660   -4.7485    0.0000    0.0000  -10.0000  -10.0000  0.5559E+11  0.2000E+09  0.0000E+00  0.0000E+00  0.1000E-09  0.1000E-09  0.1000E-09  0.1000E-09  0.1269E+05  0.2792E+00
 2560.5347 14 14   25.5069    4.2081   25.5069    4.2081   -3.9660   -4.7485    0.0000    0.0000  -10.0000  -10.0000  0.5559E+11  0.2000E+09  0.0000E+00  0.0000E+00  0.1000E-09  0.1000E-09  0.1000E-09  0.1000E-09  0.1269E+05  0.2792E+00
 2570.5347 14 14   25.5069    4.2081   25.5069    4.2081   -3.9660   -4.7485    0.0000    0.0000  -10.0000  -10.0000  0.5559E+11  0.2000E+09  0.0000E+00  0.0000E+00  0.1000E-09  0.1000E-09  0.1000E-09  0.1000E-09  0.1269E+05  0.2792E+00
 2580.5347 14 14   25.5069    4.2081   25.5069    4.2081   -3.9660   -4.7485    0.0000    0.0000  -10.0000  -10.0000  0.5559E+11  0.2000E+09  0.0000E+00  0.0000E+00  0.1000E-09  0.1000E-09  0.1000E-09  0.1000E-09  0.1269E+05  0.2792E+00
 2590.5347 14 14   25.5069    4.2081   25.5069    4.2081   -3.9660   -4.7485    0.0000    0.0000  -10.0000  -10.0000  0.5559E+11  0.2000E+09  0.0000E+00  0.0000E+00  0.1000E-09  0.1000E-09  0.1000E-09  0.1000E-09  0.1269E+05  0.2792E+00
 2600.5347 14 14   25.5069    4.2081   25.5069    4.2081   -3.9660   -4.7485    0.0000    0.0000  -10.0000  -10.0000  0.5559E+11  0.2000E+09  0.0000E+00  0.0000E+00  0.1000E-09  0.1000E-09  0.1000E-09  0.1000E-09  0.1269E+05  0.2792E+00
 2610.5347 14 14   25.5069    4.2081   25.5069    4.2081   -3.9660   -4.7485    0.0000    0.0000  -10.0000  -10.0000  0.5559E+11  0.2000E+09  0.0000E+00  0.0000E+00  0.1000E-09  0.1000E-09  0.1000E-09  0.1000E-09  0.1269E+05  0.2792E+00
 2620.5347 14 14   25.5069    4.2081   25.5069    4.2081   -3.9660   -4.7485    0.0000    0.0000  -10.0000  -10.0000  0.5559E+11  0.2000E+09  0.0000E+00  0.0000E+00  0.1000E-09  0.1000E-09  0.1000E-09  0.1000E-09  0.1269E+05  0.2792E+00
 2630.5347 14 14   25.5069    4.2081   25.5069    4.2081   -3.9660   -4.7485    0.0000    0.0000  -10.0000  -10.0000  0.5559E+11  0.2000E+09  0.0000E+00  0.0000E+00  0.1000E-09  0.1000E-09  0.1000E-09  0.1000E-09  0.1269E+05  0.2792E+00
 2640.5347 14 14   25.5069    4.2081   25.5069    4.2081   -3.9660   -4.7485    0.0000    0.0000  -10.0000  -10.0000  0.5559E+11  0.2000E+09  0.0000E+00  0.0000E+00  0.1000E-09  0.1000E-09  0.1000E-09  0.1000E-09  0.1269E+05  0.2792E+00
 2650.5347 14 14   25.5069    4.2081   25.5069    4.2081   -3.9660   -4.7485    0.0000    0.0000  -10.0000  -10.0000  0.5559E+11  0.2000E+09  0.0000E+00  0.0000E+00  0.1000E-09  0.1000E-09  0.1000E-09  0.1000E-09  0.1269E+05  0.2792E+00
 2660.5347 14 14   25.5069    4.2081   25.5069    4.2081   -3.9660   -4.7485    0.0000    0.0000  -10.0000  -10.0000  0.5559E+11  0.2000E+09  0.0000E+00  0.0000E+00  0.1000E-09  0.1000E-09  0.1000E-09  0.1000E-09  0.1269E+05  0.2792E+00
 2670.5347 14 14   25.5069    4.2081   25.5069    4.2081   -3.9660   -4.7485    0.0000    0.0000  -10.0000  -10.0000  0.5559E+11  0.2000E+09  0.0000E+00  0.0000E+00  0.1000E-09  0.1000E-09  0.1000E-09  0.1000E-09  0.1269E+05  0.2792E+00
 2680.5347 14 14   25.5069    4.2081   25.5069    4.2081   -3.9660   -4.7485    0.0000    0.0000  -10.0000  -10.0000  0.5559E+11  0.2000E+09  0.0000E+00  0.0000E+00  0.1000E-09  0.1000E-09  0.1000E-09  0.1000E-09  0.1269E+05  0.2792E+00
 2690.5347 14 14   25.5069    4.2081   25.5069    4.2081   -3.9660   -4.7485    0.0000    0.0000  -10.0000  -10.0000  0.5559E+11  0.2000E+09  0.0000E+00  0.0000E+00  0.1000E-09  0.1000E-09  0.1000E-09  0.1000E-09  0.1269E+05  0.2792E+00
 2700.5347 14 14   25.5069    4.2081   25.5069    4.2081   -3.9660   -4.7485    0.0000    0.0000  -10.0000  -10.0000  0.5559E+11  0.2000E+09  0.0000E+00  0.0000E+00  0.1000E-09  0.1000E-09  0.1000E-09  0.1000E-09  0.1269E+05  0.2792E+00
 2710.5347 14 14   25.5069    4.2081   25.5069    4.2081   -3.9660   -4.7485    0.0000    0.0000  -10.0000  -10.0000  0.5559E+11  0.2000E+09  0.0000E+00  0.0000E+00  0.1000E-09  0.1000E-09  0.1000E-09  0.1000E-09  0.1269E+05  0.2792E+00
 2720.5347 14 14   25.5069    4.2081   25.5069    4.2081   -3.9660   -4.7485    0.0000    0.0000  -10.0000  -10.0000  0.5559E+11  0.2000E+09  0.0000E+00  0.0000E+00  0.1000E-09  0.1000E-09  0.1000E-09  0.1000E-09  0.1269E+05  0.2792E+00
 2730.5347 14 14   25.5069    4.2081   25.5069    4.2081   -3.9660   -4.7485    0.0000    0.0000  -10.0000  -10.0000  0.5559E+11  0.2000E+09  0.0000E+00  0.0000E+00  0.1000E-09  0.1000E-09  0.1000E-09  0.1000E-09  0.1269E+05  0.2792E+00
 2740.5347 14 14   25.5069    4.2081   25.5069    4.2081   -3.9660   -4.7485    0.0000    0.0000  -10.0000  -10.0000  0.5559E+11  0.2000E+09  0.0000E+00  0.0000E+00  0.1000E-09  0.1000E-09  0.1000E-09  0.1000E-09  0.1269E+05  0.2792E+00
 2750.5347 14 14   25.5069    4.2081   25.5069    4.2081   -3.9660   -4.7485    0.0000    0.0000  -10.0000  -10.0000  0.5559E+11  0.2000E+09  0.0000E+00  0.0000E+00  0.1000E-09  0.1000E-09  0.1000E-09  0.1000E-09  0.1269E+05  0.2792E+00
 2760.5347 14 14   25.5069    4.2081   25.5069    4.2081   -3.9660   -4.7485    0.0000    0.0000  -10.0000  -10.0000  0.5559E+11  0.2000E+09  0.0000E+00  0.0000E+00  0.1000E-09  0.1000E-09  0.1000E-09  0.1000E-09  0.1269E+05  0.2792E+00
 2770.5347 14 14   25.5069    4.2081   25.5069    4.2081   -3.9660   -4.7485    0.0000    0.0000  -10.0000  -10.0000  0.5559E+11  0.2000E+09  0.0000E+00  0.0000E+00  0.1000E-09  0.1000E-09  0.1000E-09  0.1000E-09  0.1269E+05  0.2792E+00
 2780.5347 14 14   25.5069    4.2081   25.5069    4.2081   -3.9660   -4.7485    0.0000    0.0000  -10.0000  -10.0000  0.5559E+11  0.2000E+09  0.0000E+00  0.0000E+00  0.1000E-09  0.1000E-09  0.1000E-09  0.1000E-09  0.1269E+05  0.2792E+00
 2790.5347 14 14   25.5069    4.2081   25.5069    4.2081   -3.9660   -4.7485    0.0000    0.0000  -10.0000  -10.0000  0.5559E+11  0.2000E+09  0.0000E+00  0.0000E+00  0.1000E-09  0.1000E-09  0.1000E-09  0.1000E-09  0.1269E+05  0.2792E+00
 2800.5347 14 14   25.5069    4.2081   25.5069    4.2081   -3.9660   -4.7485    0.0000    0.0000  -10.0000  -10.0000  0.5559E+11  0.2000E+09  0.0000E+00  0.0000E+00  0.1000E-09  0.1000E-09  0.1000E-09  0.1000E-09  0.1269E+05  0.2792E+00
 2810.5347 14 14   25.5069    4.2081   25.5069    4.2081   -3.9660   -4.7485    0.0000    0.0000  -10.0000  -10.0000  0.5559E+11  0.2000E+09  0.0000E+00  0.0000E+00  0.1000E-09  0.1000E-09  0.1000E-09  0.1000E-09  0.1269E+05  0.2792E+00
 2820.5347 14 14   25.5069    4.2081   25.5069    4.2081   -3.9660   -4.7485    0.0000    0.0000  -10.0000  -10.0000  0.5559E+11  0.2000E+09  0.0000E+00  0.0000E+00  0.1000E-09  0.1000E-09  0.1000E-09  0.1000E-09  0.1269E+05  0.2792E+00
 2830.5347 14 14   25.5069    4.2081   25.5069    4.2081   -3.9660   -4.7485    0.0000    0.0000  -10.0000  -10.0000  0.5559E+11  0.2000E+09  0.0000E+00  0.0000E+00  0.1000E-09  0.1000E-09  0.1000E-09  0.1000E-09  0.1269E+05  0.2792E+00
 2840.5347 14 14   25.5069    4.2081   25.5069    4.2081   -3.9660   -4.7485    0.0000    0.0000  -10.0000  -10.0000  0.5559E+11  0.2000E+09  0.0000E+00  0.0000E+00  0.1000E-09  0.1000E-09  0.1000E-09  0.1000E-09  0.1269E+05  0.2792E+00
 2850.5347 14 14   25.5069    4.2081   25.5069    4.2081   -3.9660   -4.7485    0.0000    0.0000  -10.0000  -10.0000  0.5559E+11  0.2000E+09  0.0000E+00  0.0000E+00  0.1000E-09  0.1000E-09  0.1000E-09  0.1000E-09  0.1269E+05  0.2792E+00
 2860.5347 14 14   25.5069    4.2081   25.5069    4.2081   -3.9660   -4.7485    0.0000    0.0000  -10.0000  -10.0000  0.5559E+11  0.2000E+09  0.0000E+00  0.0000E+00  0.1000E-09  0.1000E-09  0.1000E-09  0.1000E-09  0.1269E+05  0.2792E+00
 2870.5347 14 14   25.5069    4.2081   25.5069    4.2081   -3.9660   -4.7485    0.0000    0.0000  -10.0000  -10.0000  0.5559E+11  0.2000E+09  0.0000E+00  0.0000E+00  0.1000E-09  0.1000E-09  0.1000E-09  0.1000E-09  0.1269E+05  0.2792E+00
 2880.5347 14 14   25.5069    4.2081   25.5069    4.2081   -3.9660   -4.7485    0.0000    0.0000  -10.0000  -10.0000  0.5559E+11  0.2000E+09  0.0000E+00  0.0000E+00  0.1000E-09  0.1000E-09  0.1000E-09  0.1000E-09  0.1269E+05  0.2792E+00
 2890.5347 14 14   25.5069    4.2081   25.5069    4.2081   -3.9660   -4.7485    0.0000    0.0000  -10.0000  -10.0000  0.5559E+11  0.2000E+09  0.0000E+00  0.0000E+00  0.1000E-09  0.1000E-09  0.1000E-09  0.1000E-09  0.1269E+05  0.2792E+00
 2900.5347 14 14   25.5069    4.2081   25.5069    4.2081   -3.9660   -4.7485    0.0000    0.0000  -10.0000  -10.0000  0.5559E+11  0.2000E+09  0.0000E+00  0.0000E+00  0.1000E-09  0.1000E-09  0.1000E-09  0.1000E-09  0.1269E+05  0.2792E+00
 2910.5347 14 14   25.5069    4.2081   25.5069    4.2081   -3.9660   -4.7485    0.0000    0.0000  -10.0000  -10.0000  0.5559E+11  0.2000E+09  0.0000E+00  0.0000E+00  0.1000E-09  0.1000E-09  0.1000E-09  0.1000E-09  0.1269E+05  0.2792E+00
 2920.5347 14 14   25.5069    4.2081   25.5069    4.2081   -3.9660   -4.7485    0.0000    0.0000  -10.0000  -10.0000  0.5559E+11  0.2000E+09  0.0000E+00  0.0000E+00  0.1000E-09  0.1000E-09  0.1000E-09  0.1000E-09  0.1269E+05  0.2792E+00
 2930.5347 14 14   25.5069    4.2081   25.5069    4.2081   -3.9660   -4.7485    0.0000    0.0000  -10.0000  -10.0000  0.5559E+11  0.2000E+09  0.0000E+00  0.0000E+00  0.1000E-09  0.1000E-09  0.1000E-09  0.1000E-09  0.1269E+05  0.2792E+00
 2940.5347 14 14   25.5069    4.2081   25.5069    4.2081   -3.9660   -4.7485    0.0000    0.0000  -10.0000  -10.0000  0.5559E+11  0.2000E+09  0.0000E+00  0.0000E+00  0.1000E-09  0.1000E-09  0.1000E-09  0.1000E-09  0.1269E+05  0.2792E+00
 2950.5347 14 14   25.5069    4.2081   25.5069    4.2081   -3.9660   -4.7485    0.0000    0.0000  -10.0000  -10.0000  0.5559E+11  0.2000E+09  0.0000E+00  0.0000E+00  0.1000E-09  0.1000E-09  0.1000E-09  0.1000E-09  0.1269E+05  0.2792E+00
 2960.5347 14 14   25.5069    4.2081   25.5069    4.2081   -3.9660   -4.7485    0.0000    0.0000  -10.0000  -10.0000  0.5559E+11  0.2000E+09  0.0000E+00  0.0000E+00  0.1000E-09  0.1000E-09  0.1000E-09  0.1000E-09  0.1269E+05  0.2792E+00
 2970.5347 14 14   25.5069    4.2081   25.5069    4.2081   -3.9660   -4.7485    0.0000    0.0000  -10.0000  -10.0000  0.5559E+11  0.2000E+09  0.0000E+00  0.0000E+00  0.1000E-09  0.1000E-09  0.1000E-09  0.1000E-09  0.1269E+05  0.2792E+00
 2980.5347 14 14   25.5069    4.2081   25.5069    4.2081   -3.9660   -4.7485    0.0000    0.0000  -10.0000  -10.0000  0.5559E+11  0.2000E+09  0.0000E+00  0.0000E+00  0.1000E-09  0.1000E-09  0.1000E-09  0.1000E-09  0.1269E+05  0.2792E+00
 2990.5347 14 14   25.5069    4.2081   25.5069    4.2081   -3.9660   -4.7485    0.0000    0.0000  -10.0000  -10.0000  0.5559E+11  0.2000E+09  0.0000E+00  0.0000E+00  0.1000E-09  0.1000E-09  0.1000E-09  0.1000E-09  0.1269E+05  0.2792E+00
 3000.5347 14 14   25.5069    4.2081   25.5069    4.2081   -3.9660   -4.7485    0.0000    0.0000  -10.0000  -10.0000  0.5559E+11  0.2000E+09  0.0000E+00  0.0000E+00  0.1000E-09  0.1000E-09  0.1000E-09  0.1000E-09  0.1269E+05  0.2792E+00
 3010.5347 14 14   25.5069    4.2081   25.5069    4.2081   -3.9660   -4.7485    0.0000    0.0000  -10.0000  -10.0000  0.5559E+11  0.2000E+09  0.0000E+00  0.0000E+00  0.1000E-09  0.1000E-09  0.1000E-09  0.1000E-09  0.1269E+05  0.2792E+00
 3020.5347 14 14   25.5069    4.2081   25.5069    4.2081   -3.9660   -4.7485    0.0000    0.0000  -10.0000  -10.0000  0.5559E+11  0.2000E+09  0.0000E+00  0.0000E+00  0.1000E-09  0.1000E-09  0.1000E-09  0.1000E-09  0.1269E+05  0.2792E+00
 3030.5347 14 14   25.5069    4.2081   25.5069    4.2081   -3.9660   -4.7485    0.0000    0.0000  -10.0000  -10.0000  0.5559E+11  0.2000E+09  0.0000E+00  0.0000E+00  0.1000E-09  0.1000E-09  0.1000E-09  0.1000E-09  0.1269E+05  0.2792E+00
 3040.5347 14 14   25.5069    4.2081   25.5069    4.2081   -3.9660   -4.7485    0.0000    0.0000  -10.0000  -10.0000  0.5559E+11  0.2000E+09  0.0000E+00  0.0000E+00  0.1000E-09  0.1000E-09  0.1000E-09  0.1000E-09  0.1269E+05  0.2792E+00
 3050.5347 14 14   25.5069    4.2081   25.5069    4.2081   -3.9660   -4.7485    0.0000    0.0000  -10.0000  -10.0000  0.5559E+11  0.2000E+09  0.0000E+00  0.0000E+00  0.1000E-09  0.1000E-09  0.1000E-09  0.1000E-09  0.1269E+05  0.2792E+00
 3060.5347 14 14   25.5069    4.2081   25.5069    4.2081   -3.9660   -4.7485    0.0000    0.0000  -10.0000  -10.0000  0.5559E+11  0.2000E+09  0.0000E+00  0.0000E+00  0.1000E-09  0.1000E-09  0.1000E-09  0.1000E-09  0.1269E+05  0.2792E+00
 3070.5347 14 14   25.5069    4.2081   25.5069    4.2081   -3.9660   -4.7485    0.0000    0.0000  -10.0000  -10.0000  0.5559E+11  0.2000E+09  0.0000E+00  0.0000E+00  0.1000E-09  0.1000E-09  0.1000E-09  0.1000E-09  0.1269E+05  0.2792E+00
 3080.5347 14 14   25.5069    4.2081   25.5069    4.2081   -3.9660   -4.7485    0.0000    0.0000  -10.0000  -10.0000  0.5559E+11  0.2000E+09  0.0000E+00  0.0000E+00  0.1000E-09  0.1000E-09  0.1000E-09  0.1000E-09  0.1269E+05  0.2792E+00
 3090.5347 14 14   25.5069    4.2081   25.5069    4.2081   -3.9660   -4.7485    0.0000    0.0000  -10.0000  -10.0000  0.5559E+11  0.2000E+09  0.0000E+00  0.0000E+00  0.1000E-09  0.1000E-09  0.1000E-09  0.1000E-09  0.1269E+05  0.2792E+00
 3100.5347 14 14   25.5069    4.2081   25.5069    4.2081   -3.9660   -4.7485    0.0000    0.0000  -10.0000  -10.0000  0.5559E+11  0.2000E+09  0.0000E+00  0.0000E+00  0.1000E-09  0.1000E-09  0.1000E-09  0.1000E-09  0.1269E+05  0.2792E+00
 3110.5347 14 14   25.5069    4.2081   25.5069    4.2081   -3.9660   -4.7485    0.0000    0.0000  -10.0000  -10.0000  0.5559E+11  0.2000E+09  0.0000E+00  0.0000E+00  0.1000E-09  0.1000E-09  0.1000E-09  0.1000E-09  0.1269E+05  0.2792E+00
 3120.5347 14 14   25.5069    4.2081   25.5069    4.2081   -3.9660   -4.7485    0.0000    0.0000  -10.0000  -10.0000  0.5559E+11  0.2000E+09  0.0000E+00  0.0000E+00  0.1000E-09  0.1000E-09  0.1000E-09  0.1000E-09  0.1269E+05  0.2792E+00
 3130.5347 14 14   25.5069    4.2081   25.5069    4.2081   -3.9660   -4.7485    0.0000    0.0000  -10.0000  -10.0000  0.5559E+11  0.2000E+09  0.0000E+00  0.0000E+00  0.1000E-09  0.1000E-09  0.1000E-09  0.1000E-09  0.1269E+05  0.2792E+00
 3140.5347 14 14   25.5069    4.2081   25.5069    4.2081   -3.9660   -4.7485    0.0000    0.0000  -10.0000  -10.0000  0.5559E+11  0.2000E+09  0.0000E+00  0.0000E+00  0.1000E-09  0.1000E-09  0.1000E-09  0.1000E-09  0.1269E+05  0.2792E+00
 3150.5347 14 14   25.5069    4.2081   25.5069    4.2081   -3.9660   -4.7485    0.0000    0.0000  -10.0000  -10.0000  0.5559E+11  0.2000E+09  0.0000E+00  0.0000E+00  0.1000E-09  0.1000E-09  0.1000E-09  0.1000E-09  0.1269E+05  0.2792E+00
 3160.5347 14 14   25.5069    4.2081   25.5069    4.2081   -3.9660   -4.7485    0.0000    0.0000  -10.0000  -10.0000  0.5559E+11  0.2000E+09  0.0000E+00  0.0000E+00  0.1000E-09  0.1000E-09  0.1000E-09  0.1000E-09  0.1269E+05  0.2792E+00
 3170.5347 14 14   25.5069    4.2081   25.5069    4.2081   -3.9660   -4.7485    0.0000    0.0000  -10.0000  -10.0000  0.5559E+11  0.2000E+09  0.0000E+00  0.0000E+00  0.1000E-09  0.1000E-09  0.1000E-09  0.1000E-09  0.1269E+05  0.2792E+00
 3180.5347 14 14   25.5069    4.2081   25.5069    4.2081   -3.9660   -4.7485    0.0000    0.0000  -10.0000  -10.0000  0.5559E+11  0.2000E+09  0.0000E+00  0.0000E+00  0.1000E-09  0.1000E-09  0.1000E-09  0.1000E-09  0.1269E+05  0.2792E+00
 3190.5347 14 14   25.5069    4.2081   25.5069    4.2081   -3.9660   -4.7485    0.0000    0.0000  -10.0000  -10.0000  0.5559E+11  0.2000E+09  0.0000E+00  0.0000E+00  0.1000E-09  0.1000E-09  0.1000E-09  0.1000E-09  0.1269E+05  0.2792E+00
 3200.5347 14 14   25.5069    4.2081   25.5069    4.2081   -3.9660   -4.7485    0.0000    0.0000  -10.0000  -10.0000  0.5559E+11  0.2000E+09  0.0000E+00  0.0000E+00  0.1000E-09  0.1000E-09  0.1000E-09  0.1000E-09  0.1269E+05  0.2792E+00
 3210.5347 14 14   25.5069    4.2081   25.5069    4.2081   -3.9660   -4.7485    0.0000    0.0000  -10.0000  -10.0000  0.5559E+11  0.2000E+09  0.0000E+00  0.0000E+00  0.1000E-09  0.1000E-09  0.1000E-09  0.1000E-09  0.1269E+05  0.2792E+00
 3220.5347 14 14   25.5069    4.2081   25.5069    4.2081   -3.9660   -4.7485    0.0000    0.0000  -10.0000  -10.0000  0.5559E+11  0.2000E+09  0.0000E+00  0.0000E+00  0.1000E-09  0.1000E-09  0.1000E-09  0.1000E-09  0.1269E+05  0.2792E+00
 3230.5347 14 14   25.5069    4.2081   25.5069    4.2081   -3.9660   -4.7485    0.0000    0.0000  -10.0000  -10.0000  0.5559E+11  0.2000E+09  0.0000E+00  0.0000E+00  0.1000E-09  0.1000E-09  0.1000E-09  0.1000E-09  0.1269E+05  0.2792E+00
 3240.5347 14 14   25.5069    4.2081   25.5069    4.2081   -3.9660   -4.7485    0.0000    0.0000  -10.0000  -10.0000  0.5559E+11  0.2000E+09  0.0000E+00  0.0000E+00  0.1000E-09  0.1000E-09  0.1000E-09  0.1000E-09  0.1269E+05  0.2792E+00
 3250.5347 14 14   25.5069    4.2081   25.5069    4.2081   -3.9660   -4.7485    0.0000    0.0000  -10.0000  -10.0000  0.5559E+11  0.2000E+09  0.0000E+00  0.0000E+00  0.1000E-09  0.1000E-09  0.1000E-09  0.1000E-09  0.1269E+05  0.2792E+00
 3260.5347 14 14   25.5069    4.2081   25.5069    4.2081   -3.9660   -4.7485    0.0000    0.0000  -10.0000  -10.0000  0.5559E+11  0.2000E+09  0.0000E+00  0.0000E+00  0.1000E-09  0.1000E-09  0.1000E-09  0.1000E-09  0.1269E+05  0.2792E+00
 3270.5347 14 14   25.5069    4.2081   25.5069    4.2081   -3.9660   -4.7485    0.0000    0.0000  -10.0000  -10.0000  0.5559E+11  0.2000E+09  0.0000E+00  0.0000E+00  0.1000E-09  0.1000E-09  0.1000E-09  0.1000E-09  0.1269E+05  0.2792E+00
 3280.5347 14 14   25.5069    4.2081   25.5069    4.2081   -3.9660   -4.7485    0.0000    0.0000  -10.0000  -10.0000  0.5559E+11  0.2000E+09  0.0000E+00  0.0000E+00  0.1000E-09  0.1000E-09  0.1000E-09  0.1000E-09  0.1269E+05  0.2792E+00
 3290.5347 14 14   25.5069    4.2081   25.5069    4.2081   -3.9660   -4.7485    0.0000    0.0000  -10.0000  -10.0000  0.5559E+11  0.2000E+09  0.0000E+00  0.0000E+00  0.1000E-09  0.1000E-09  0.1000E-09  0.1000E-09  0.1269E+05  0.2792E+00
 3300.5347 14 14   25.5069    4.2081   25.5069    4.2081   -3.9660   -4.7485    0.0000    0.0000  -10.0000  -10.0000  0.5559E+11  0.2000E+09  0.0000E+00  0.0000E+00  0.1000E-09  0.1000E-09  0.1000E-09  0.1000E-09  0.1269E+05  0.2792E+00
 3310.5347 14 14   25.5069    4.2081   25.5069    4.2081   -3.9660   -4.7485    0.0000    0.0000  -10.0000  -10.0000  0.5559E+11  0.2000E+09  0.0000E+00  0.0000E+00  0.1000E-09  0.1000E-09  0.1000E-09  0.1000E-09  0.1269E+05  0.2792E+00
 3320.5347 14 14   25.5069    4.2081   25.5069    4.2081   -3.9660   -4.7485    0.0000    0.0000  -10.0000  -10.0000  0.5559E+11  0.2000E+09  0.0000E+00  0.0000E+00  0.1000E-09  0.1000E-09  0.1000E-09  0.1000E-09  0.1269E+05  0.2792E+00
 3330.5347 14 14   25.5069    4.2081   25.5069    4.2081   -3.9660   -4.7485    0.0000    0.0000  -10.0000  -10.0000  0.5559E+11  0.2000E+09  0.0000E+00  0.0000E+00  0.1000E-09  0.1000E-09  0.1000E-09  0.1000E-09  0.1269E+05  0.2792E+00
 3340.5347 14 14   25.5069    4.2081   25.5069    4.2081   -3.9660   -4.7485    0.0000    0.0000  -10.0000  -10.0000  0.5559E+11  0.2000E+09  0.0000E+00  0.0000E+00  0.1000E-09  0.1000E-09  0.1000E-09  0.1000E-09  0.1269E+05  0.2792E+00
 3350.5347 14 14   25.5069    4.2081   25.5069    4.2081   -3.9660   -4.7485    0.0000    0.0000  -10.0000  -10.0000  0.5559E+11  0.2000E+09  0.0000E+00  0.0000E+00  0.1000E-09  0.1000E-09  0.1000E-09  0.1000E-09  0.1269E+05  0.2792E+00
 3360.5347 14 14   25.5069    4.2081   25.5069    4.2081   -3.9660   -4.7485    0.0000    0.0000  -10.0000  -10.0000  0.5559E+11  0.2000E+09  0.0000E+00  0.0000E+00  0.1000E-09  0.1000E-09  0.1000E-09  0.1000E-09  0.1269E+05  0.2792E+00
 3370.5347 14 14   25.5069    4.2081   25.5069    4.2081   -3.9660   -4.7485    0.0000    0.0000  -10.0000  -10.0000  0.5559E+11  0.2000E+09  0.0000E+00  0.0000E+00  0.1000E-09  0.1000E-09  0.1000E-09  0.1000E-09  0.1269E+05  0.2792E+00
 3380.5347 14 14   25.5069    4.2081   25.5069    4.2081   -3.9660   -4.7485    0.0000    0.0000  -10.0000  -10.0000  0.5559E+11  0.2000E+09  0.0000E+00  0.0000E+00  0.1000E-09  0.1000E-09  0.1000E-09  0.1000E-09  0.1269E+05  0.2792E+00
 3390.5347 14 14   25.5069    4.2081   25.5069    4.2081   -3.9660   -4.7485    0.0000    0.0000  -10.0000  -10.0000  0.5559E+11  0.2000E+09  0.0000E+00  0.0000E+00  0.1000E-09  0.1000E-09  0.1000E-09  0.1000E-09  0.1269E+05  0.2792E+00
 3400.5347 14 14   25.5069    4.2081   25.5069    4.2081   -3.9660   -4.7485    0.0000    0.0000  -10.0000  -10.0000  0.5559E+11  0.2000E+09  0.0000E+00  0.0000E+00  0.1000E-09  0.1000E-09  0.1000E-09  0.1000E-09  0.1269E+05  0.2792E+00
 3410.5347 14 14   25.5069    4.2081   25.5069    4.2081   -3.9660   -4.7485    0.0000    0.0000  -10.0000  -10.0000  0.5559E+11  0.2000E+09  0.0000E+00  0.0000E+00  0.1000E-09  0.1000E-09  0.1000E-09  0.1000E-09  0.1269E+05  0.2792E+00
 3420.5347 14 14   25.5069    4.2081   25.5069    4.2081   -3.9660   -4.7485    0.0000    0.0000  -10.0000  -10.0000  0.5559E+11  0.2000E+09  0.0000E+00  0.0000E+00  0.1000E-09  0.1000E-09  0.1000E-09  0.1000E-09  0.1269E+05  0.2792E+00
 3430.5347 14 14   25.5069    4.2081   25.5069    4.2081   -3.9660   -4.7485    0.0000    0.0000  -10.0000  -10.0000  0.5559E+11  0.2000E+09  0.0000E+00  0.0000E+00  0.1000E-09  0.1000E-09  0.1000E-09  0.1000E-09  0.1269E+05  0.2792E+00
 3440.5347 14 14   25.5069    4.2081   25.5069    4.2081   -3.9660   -4.7485    0.0000    0.0000  -10.0000  -10.0000  0.5559E+11  0.2000E+09  0.0000E+00  0.0000E+00  0.1000E-09  0.1000E-09  0.1000E-09  0.1000E-09  0.1269E+05  0.2792E+00
 3450.5347 14 14   25.5069    4.2081   25.5069    4.2081   -3.9660   -4.7485    0.0000    0.0000  -10.0000  -10.0000  0.5559E+11  0.2000E+09  0.0000E+00  0.0000E+00  0.1000E-09  0.1000E-09  0.1000E-09  0.1000E-09  0.1269E+05  0.2792E+00
 3460.5347 14 14   25.5069    4.2081   25.5069    4.2081   -3.9660   -4.7485    0.0000    0.0000  -10.0000  -10.0000  0.5559E+11  0.2000E+09  0.0000E+00  0.0000E+00  0.1000E-09  0.1000E-09  0.1000E-09  0.1000E-09  0.1269E+05  0.2792E+00
 3470.5347 14 14   25.5069    4.2081   25.5069    4.2081   -3.9660   -4.7485    0.0000    0.0000  -10.0000  -10.0000  0.5559E+11  0.2000E+09  0.0000E+00  0.0000E+00  0.1000E-09  0.1000E-09  0.1000E-09  0.1000E-09  0.1269E+05  0.2792E+00
 3480.5347 14 14   25.5069    4.2081   25.5069    4.2081   -3.9660   -4.7485    0.0000    0.0000  -10.0000  -10.0000  0.5559E+11  0.2000E+09  0.0000E+00  0.0000E+00  0.1000E-09  0.1000E-09  0.1000E-09  0.1000E-09  0.1269E+05  0.2792E+00
 3490.5347 14 14   25.5069    4.2081   25.5069    4.2081   -3.9660   -4.7485    0.0000    0.0000  -10.0000  -10.0000  0.5559E+11  0.2000E+09  0.0000E+00  0.0000E+00  0.1000E-09  0.1000E-09  0.1000E-09  0.1000E-09  0.1269E+05  0.2792E+00
 3500.5347 14 14   25.5069    4.2081   25.5069    4.2081   -3.9660   -4.7485    0.0000    0.0000  -10.0000  -10.0000  0.5559E+11  0.2000E+09  0.0000E+00  0.0000E+00  0.1000E-09  0.1000E-09  0.1000E-09  0.1000E-09  0.1269E+05  0.2792E+00
 3510.5347 14 14   25.5069    4.2081   25.5069    4.2081   -3.9660   -4.7485    0.0000    0.0000  -10.0000  -10.0000  0.5559E+11  0.2000E+09  0.0000E+00  0.0000E+00  0.1000E-09  0.1000E-09  0.1000E-09  0.1000E-09  0.1269E+05  0.2792E+00
 3520.5347 14 14   25.5069    4.2081   25.5069    4.2081   -3.9660   -4.7485    0.0000    0.0000  -10.0000  -10.0000  0.5559E+11  0.2000E+09  0.0000E+00  0.0000E+00  0.1000E-09  0.1000E-09  0.1000E-09  0.1000E-09  0.1269E+05  0.2792E+00
 3530.5347 14 14   25.5069    4.2081   25.5069    4.2081   -3.9660   -4.7485    0.0000    0.0000  -10.0000  -10.0000  0.5559E+11  0.2000E+09  0.0000E+00  0.0000E+00  0.1000E-09  0.1000E-09  0.1000E-09  0.1000E-09  0.1269E+05  0.2792E+00
 3540.5347 14 14   25.5069    4.2081   25.5069    4.2081   -3.9660   -4.7485    0.0000    0.0000  -10.0000  -10.0000  0.5559E+11  0.2000E+09  0.0000E+00  0.0000E+00  0.1000E-09  0.1000E-09  0.1000E-09  0.1000E-09  0.1269E+05  0.2792E+00
 3550.5347 14 14   25.5069    4.2081   25.5069    4.2081   -3.9660   -4.7485    0.0000    0.0000  -10.0000  -10.0000  0.5559E+11  0.2000E+09  0.0000E+00  0.0000E+00  0.1000E-09  0.1000E-09  0.1000E-09  0.1000E-09  0.1269E+05  0.2792E+00
 3560.5347 14 14   25.5069    4.2081   25.5069    4.2081   -3.9660   -4.7485    0.0000    0.0000  -10.0000  -10.0000  0.5559E+11  0.2000E+09  0.0000E+00  0.0000E+00  0.1000E-09  0.1000E-09  0.1000E-09  0.1000E-09  0.1269E+05  0.2792E+00
 3570.5347 14 14   25.5069    4.2081   25.5069    4.2081   -3.9660   -4.7485    0.0000    0.0000  -10.0000  -10.0000  0.5559E+11  0.2000E+09  0.0000E+00  0.0000E+00  0.1000E-09  0.1000E-09  0.1000E-09  0.1000E-09  0.1269E+05  0.2792E+00
 3580.5347 14 14   25.5069    4.2081   25.5069    4.2081   -3.9660   -4.7485    0.0000    0.0000  -10.0000  -10.0000  0.5559E+11  0.2000E+09  0.0000E+00  0.0000E+00  0.1000E-09  0.1000E-09  0.1000E-09  0.1000E-09  0.1269E+05  0.2792E+00
 3590.5347 14 14   25.5069    4.2081   25.5069    4.2081   -3.9660   -4.7485    0.0000    0.0000  -10.0000  -10.0000  0.5559E+11  0.2000E+09  0.0000E+00  0.0000E+00  0.1000E-09  0.1000E-09  0.1000E-09  0.1000E-09  0.1269E+05  0.2792E+00
 3600.5347 14 14   25.5069    4.2081   25.5069    4.2081   -3.9660   -4.7485    0.0000    0.0000  -10.0000  -10.0000  0.5559E+11  0.2000E+09  0.0000E+00  0.0000E+00  0.1000E-09  0.1000E-09  0.1000E-09  0.1000E-09  0.1269E+05  0.2792E+00
 3610.5347 14 14   25.5069    4.2081   25.5069    4.2081   -3.9660   -4.7485    0.0000    0.0000  -10.0000  -10.0000  0.5559E+11  0.2000E+09  0.0000E+00  0.0000E+00  0.1000E-09  0.1000E-09  0.1000E-09  0.1000E-09  0.1269E+05  0.2792E+00
 3620.5347 14 14   25.5069    4.2081   25.5069    4.2081   -3.9660   -4.7485    0.0000    0.0000  -10.0000  -10.0000  0.5559E+11  0.2000E+09  0.0000E+00  0.0000E+00  0.1000E-09  0.1000E-09  0.1000E-09  0.1000E-09  0.1269E+05  0.2792E+00
 3630.5347 14 14   25.5069    4.2081   25.5069    4.2081   -3.9660   -4.7485    0.0000    0.0000  -10.0000  -10.0000  0.5559E+11  0.2000E+09  0.0000E+00  0.0000E+00  0.1000E-09  0.1000E-09  0.1000E-09  0.1000E-09  0.1269E+05  0.2792E+00
 3640.5347 14 14   25.5069    4.2081   25.5069    4.2081   -3.9660   -4.7485    0.0000    0.0000  -10.0000  -10.0000  0.5559E+11  0.2000E+09  0.0000E+00  0.0000E+00  0.1000E-09  0.1000E-09  0.1000E-09  0.1000E-09  0.1269E+05  0.2792E+00
 3650.5347 14 14   25.5069    4.2081   25.5069    4.2081   -3.9660   -4.7485    0.0000    0.0000  -10.0000  -10.0000  0.5559E+11  0.2000E+09  0.0000E+00  0.0000E+00  0.1000E-09  0.1000E-09  0.1000E-09  0.1000E-09  0.1269E+05  0.2792E+00
 3660.5347 14 14   25.5069    4.2081   25.5069    4.2081   -3.9660   -4.7485    0.0000    0.0000  -10.0000  -10.0000  0.5559E+11  0.2000E+09  0.0000E+00  0.0000E+00  0.1000E-09  0.1000E-09  0.1000E-09  0.1000E-09  0.1269E+05  0.2792E+00
 3670.5347 14 14   25.5069    4.2081   25.5069    4.2081   -3.9660   -4.7485    0.0000    0.0000  -10.0000  -10.0000  0.5559E+11  0.2000E+09  0.0000E+00  0.0000E+00  0.1000E-09  0.1000E-09  0.1000E-09  0.1000E-09  0.1269E+05  0.2792E+00
 3680.5347 14 14   25.5069    4.2081   25.5069    4.2081   -3.9660   -4.7485    0.0000    0.0000  -10.0000  -10.0000  0.5559E+11  0.2000E+09  0.0000E+00  0.0000E+00  0.1000E-09  0.1000E-09  0.1000E-09  0.1000E-09  0.1269E+05  0.2792E+00
 3690.5347 14 14   25.5069    4.2081   25.5069    4.2081   -3.9660   -4.7485    0.0000    0.0000  -10.0000  -10.0000  0.5559E+11  0.2000E+09  0.0000E+00  0.0000E+00  0.1000E-09  0.1000E-09  0.1000E-09  0.1000E-09  0.1269E+05  0.2792E+00
 3700.5347 14 14   25.5069    4.2081   25.5069    4.2081   -3.9660   -4.7485    0.0000    0.0000  -10.0000  -10.0000  0.5559E+11  0.2000E+09  0.0000E+00  0.0000E+00  0.1000E-09  0.1000E-09  0.1000E-09  0.1000E-09  0.1269E+05  0.2792E+00
 3710.5347 14 14   25.5069    4.2081   25.5069    4.2081   -3.9660   -4.7485    0.0000    0.0000  -10.0000  -10.0000  0.5559E+11  0.2000E+09  0.0000E+00  0.0000E+00  0.1000E-09  0.1000E-09  0.1000E-09  0.1000E-09  0.1269E+05  0.2792E+00
 3720.5347 14 14   25.5069    4.2081   25.5069    4.2081   -3.9660   -4.7485    0.0000    0.0000  -10.0000  -10.0000  0.5559E+11  0.2000E+09  0.0000E+00  0.0000E+00  0.1000E-09  0.1000E-09  0.1000E-09  0.1000E-09  0.1269E+05  0.2792E+00
 3730.5347 14 14   25.5069    4.2081   25.5069    4.2081   -3.9660   -4.7485    0.0000    0.0000  -10.0000  -10.0000  0.5559E+11  0.2000E+09  0.0000E+00  0.0000E+00  0.1000E-09  0.1000E-09  0.1000E-09  0.1000E-09  0.1269E+05  0.2792E+00
 3740.5347 14 14   25.5069    4.2081   25.5069    4.2081   -3.9660   -4.7485    0.0000    0.0000  -10.0000  -10.0000  0.5559E+11  0.2000E+09  0.0000E+00  0.0000E+00  0.1000E-09  0.1000E-09  0.1000E-09  0.1000E-09  0.1269E+05  0.2792E+00
 3750.5347 14 14   25.5069    4.2081   25.5069    4.2081   -3.9660   -4.7485    0.0000    0.0000  -10.0000  -10.0000  0.5559E+11  0.2000E+09  0.0000E+00  0.0000E+00  0.1000E-09  0.1000E-09  0.1000E-09  0.1000E-09  0.1269E+05  0.2792E+00
 3760.5347 14 14   25.5069    4.2081   25.5069    4.2081   -3.9660   -4.7485    0.0000    0.0000  -10.0000  -10.0000  0.5559E+11  0.2000E+09  0.0000E+00  0.0000E+00  0.1000E-09  0.1000E-09  0.1000E-09  0.1000E-09  0.1269E+05  0.2792E+00
 3770.5347 14 14   25.5069    4.2081   25.5069    4.2081   -3.9660   -4.7485    0.0000    0.0000  -10.0000  -10.0000  0.5559E+11  0.2000E+09  0.0000E+00  0.0000E+00  0.1000E-09  0.1000E-09  0.1000E-09  0.1000E-09  0.1269E+05  0.2792E+00
 3780.5347 14 14   25.5069    4.2081   25.5069    4.2081   -3.9660   -4.7485    0.0000    0.0000  -10.0000  -10.0000  0.5559E+11  0.2000E+09  0.0000E+00  0.0000E+00  0.1000E-09  0.1000E-09  0.1000E-09  0.1000E-09  0.1269E+05  0.2792E+00
 3790.5347 14 14   25.5069    4.2081   25.5069    4.2081   -3.9660   -4.7485    0.0000    0.0000  -10.0000  -10.0000  0.5559E+11  0.2000E+09  0.0000E+00  0.0000E+00  0.1000E-09  0.1000E-09  0.1000E-09  0.1000E-09  0.1269E+05  0.2792E+00
 3800.5347 14 14   25.5069    4.2081   25.5069    4.2081   -3.9660   -4.7485    0.0000    0.0000  -10.0000  -10.0000  0.5559E+11  0.2000E+09  0.0000E+00  0.0000E+00  0.1000E-09  0.1000E-09  0.1000E-09  0.1000E-09  0.1269E+05  0.2792E+00
 3810.5347 14 14   25.5069    4.2081   25.5069    4.2081   -3.9660   -4.7485    0.0000    0.0000  -10.0000  -10.0000  0.5559E+11  0.2000E+09  0.0000E+00  0.0000E+00  0.1000E-09  0.1000E-09  0.1000E-09  0.1000E-09  0.1269E+05  0.2792E+00
 3820.5347 14 14   25.5069    4.2081   25.5069    4.2081   -3.9660   -4.7485    0.0000    0.0000  -10.0000  -10.0000  0.5559E+11  0.2000E+09  0.0000E+00  0.0000E+00  0.1000E-09  0.1000E-09  0.1000E-09  0.1000E-09  0.1269E+05  0.2792E+00
 3830.5347 14 14   25.5069    4.2081   25.5069    4.2081   -3.9660   -4.7485    0.0000    0.0000  -10.0000  -10.0000  0.5559E+11  0.2000E+09  0.0000E+00  0.0000E+00  0.1000E-09  0.1000E-09  0.1000E-09  0.1000E-09  0.1269E+05  0.2792E+00
 3840.5347 14 14   25.5069    4.2081   25.5069    4.2081   -3.9660   -4.7485    0.0000    0.0000  -10.0000  -10.0000  0.5559E+11  0.2000E+09  0.0000E+00  0.0000E+00  0.1000E-09  0.1000E-09  0.1000E-09  0.1000E-09  0.1269E+05  0.2792E+00
 3850.5347 14 14   25.5069    4.2081   25.5069    4.2081   -3.9660   -4.7485    0.0000    0.0000  -10.0000  -10.0000  0.5559E+11  0.2000E+09  0.0000E+00  0.0000E+00  0.1000E-09  0.1000E-09  0.1000E-09  0.1000E-09  0.1269E+05  0.2792E+00
 3860.5347 14 14   25.5069    4.2081   25.5069    4.2081   -3.9660   -4.7485    0.0000    0.0000  -10.0000  -10.0000  0.5559E+11  0.2000E+09  0.0000E+00  0.0000E+00  0.1000E-09  0.1000E-09  0.1000E-09  0.1000E-09  0.1269E+05  0.2792E+00
 3870.5347 14 14   25.5069    4.2081   25.5069    4.2081   -3.9660   -4.7485    0.0000    0.0000  -10.0000  -10.0000  0.5559E+11  0.2000E+09  0.0000E+00  0.0000E+00  0.1000E-09  0.1000E-09  0.1000E-09  0.1000E-09  0.1269E+05  0.2792E+00
 3880.5347 14 14   25.5069    4.2081   25.5069    4.2081   -3.9660   -4.7485    0.0000    0.0000  -10.0000  -10.0000  0.5559E+11  0.2000E+09  0.0000E+00  0.0000E+00  0.1000E-09  0.1000E-09  0.1000E-09  0.1000E-09  0.1269E+05  0.2792E+00
 3890.5347 14 14   25.5069    4.2081   25.5069    4.2081   -3.9660   -4.7485    0.0000    0.0000  -10.0000  -10.0000  0.5559E+11  0.2000E+09  0.0000E+00  0.0000E+00  0.1000E-09  0.1000E-09  0.1000E-09  0.1000E-09  0.1269E+05  0.2792E+00
 3900.5347 14 14   25.5069    4.2081   25.5069    4.2081   -3.9660   -4.7485    0.0000    0.0000  -10.0000  -10.0000  0.5559E+11  0.2000E+09  0.0000E+00  0.0000E+00  0.1000E-09  0.1000E-09  0.1000E-09  0.1000E-09  0.1269E+05  0.2792E+00
 3910.5347 14 14   25.5069    4.2081   25.5069    4.2081   -3.9660   -4.7485    0.0000    0.0000  -10.0000  -10.0000  0.5559E+11  0.2000E+09  0.0000E+00  0.0000E+00  0.1000E-09  0.1000E-09  0.1000E-09  0.1000E-09  0.1269E+05  0.2792E+00
 3920.5347 14 14   25.5069    4.2081   25.5069    4.2081   -3.9660   -4.7485    0.0000    0.0000  -10.0000  -10.0000  0.5559E+11  0.2000E+09  0.0000E+00  0.0000E+00  0.1000E-09  0.1000E-09  0.1000E-09  0.1000E-09  0.1269E+05  0.2792E+00
 3930.5347 14 14   25.5069    4.2081   25.5069    4.2081   -3.9660   -4.7485    0.0000    0.0000  -10.0000  -10.0000  0.5559E+11  0.2000E+09  0.0000E+00  0.0000E+00  0.1000E-09  0.1000E-09  0.1000E-09  0.1000E-09  0.1269E+05  0.2792E+00
 3940.5347 14 14   25.5069    4.2081   25.5069    4.2081   -3.9660   -4.7485    0.0000    0.0000  -10.0000  -10.0000  0.5559E+11  0.2000E+09  0.0000E+00  0.0000E+00  0.1000E-09  0.1000E-09  0.1000E-09  0.1000E-09  0.1269E+05  0.2792E+00
 3950.5347 14 14   25.5069    4.2081   25.5069    4.2081   -3.9660   -4.7485    0.0000    0.0000  -10.0000  -10.0000  0.5559E+11  0.2000E+09  0.0000E+00  0.0000E+00  0.1000E-09  0.1000E-09  0.1000E-09  0.1000E-09  0.1269E+05  0.2792E+00
 3960.5347 14 14   25.5069    4.2081   25.5069    4.2081   -3.9660   -4.7485    0.0000    0.0000  -10.0000  -10.0000  0.5559E+11  0.2000E+09  0.0000E+00  0.0000E+00  0.1000E-09  0.1000E-09  0.1000E-09  0.1000E-09  0.1269E+05  0.2792E+00
 3970.5347 14 14   25.5069    4.2081   25.5069    4.2081   -3.9660   -4.7485    0.0000    0.0000  -10.0000  -10.0000  0.5559E+11  0.2000E+09  0.0000E+00  0.0000E+00  0.1000E-09  0.1000E-09  0.1000E-09  0.1000E-09  0.1269E+05  0.2792E+00
 3980.5347 14 14   25.5069    4.2081   25.5069    4.2081   -3.9660   -4.7485    0.0000    0.0000  -10.0000  -10.0000  0.5559E+11  0.2000E+09  0.0000E+00  0.0000E+00  0.1000E-09  0.1000E-09  0.1000E-09  0.1000E-09  0.1269E+05  0.2792E+00
 3990.5347 14 14   25.5069    4.2081   25.5069    4.2081   -3.9660   -4.7485    0.0000    0.0000  -10.0000  -10.0000  0.5559E+11  0.2000E+09  0.0000E+00  0.0000E+00  0.1000E-09  0.1000E-09  0.1000E-09  0.1000E-09  0.1269E+05  0.2792E+00
 4000.5347 14 14   25.5069    4.2081   25.5069    4.2081   -3.9660   -4.7485    0.0000    0.0000  -10.0000  -10.0000  0.5559E+11  0.2000E+09  0.0000E+00  0.0000E+00  0.1000E-09  0.1000E-09  0.1000E-09  0.1000E-09  0.1269E+05  0.2792E+00
 4010.5347 14 14   25.5069    4.2081   25.5069    4.2081   -3.9660   -4.7485    0.0000    0.0000  -10.0000  -10.0000  0.5559E+11  0.2000E+09  0.0000E+00  0.0000E+00  0.1000E-09  0.1000E-09  0.1000E-09  0.1000E-09  0.1269E+05  0.2792E+00
 4020.5347 14 14   25.5069    4.2081   25.5069    4.2081   -3.9660   -4.7485    0.0000    0.0000  -10.0000  -10.0000  0.5559E+11  0.2000E+09  0.0000E+00  0.0000E+00  0.1000E-09  0.1000E-09  0.1000E-09  0.1000E-09  0.1269E+05  0.2792E+00
 4030.5347 14 14   25.5069    4.2081   25.5069    4.2081   -3.9660   -4.7485    0.0000    0.0000  -10.0000  -10.0000  0.5559E+11  0.2000E+09  0.0000E+00  0.0000E+00  0.1000E-09  0.1000E-09  0.1000E-09  0.1000E-09  0.1269E+05  0.2792E+00
 4040.5347 14 14   25.5069    4.2081   25.5069    4.2081   -3.9660   -4.7485    0.0000    0.0000  -10.0000  -10.0000  0.5559E+11  0.2000E+09  0.0000E+00  0.0000E+00  0.1000E-09  0.1000E-09  0.1000E-09  0.1000E-09  0.1269E+05  0.2792E+00
 4050.5347 14 14   25.5069    4.2081   25.5069    4.2081   -3.9660   -4.7485    0.0000    0.0000  -10.0000  -10.0000  0.5559E+11  0.2000E+09  0.0000E+00  0.0000E+00  0.1000E-09  0.1000E-09  0.1000E-09  0.1000E-09  0.1269E+05  0.2792E+00
 4060.5347 14 14   25.5069    4.2081   25.5069    4.2081   -3.9660   -4.7485    0.0000    0.0000  -10.0000  -10.0000  0.5559E+11  0.2000E+09  0.0000E+00  0.0000E+00  0.1000E-09  0.1000E-09  0.1000E-09  0.1000E-09  0.1269E+05  0.2792E+00
 4070.5347 14 14   25.5069    4.2081   25.5069    4.2081   -3.9660   -4.7485    0.0000    0.0000  -10.0000  -10.0000  0.5559E+11  0.2000E+09  0.0000E+00  0.0000E+00  0.1000E-09  0.1000E-09  0.1000E-09  0.1000E-09  0.1269E+05  0.2792E+00
 4080.5347 14 14   25.5069    4.2081   25.5069    4.2081   -3.9660   -4.7485    0.0000    0.0000  -10.0000  -10.0000  0.5559E+11  0.2000E+09  0.0000E+00  0.0000E+00  0.1000E-09  0.1000E-09  0.1000E-09  0.1000E-09  0.1269E+05  0.2792E+00
 4090.5347 14 14   25.5069    4.2081   25.5069    4.2081   -3.9660   -4.7485    0.0000    0.0000  -10.0000  -10.0000  0.5559E+11  0.2000E+09  0.0000E+00  0.0000E+00  0.1000E-09  0.1000E-09  0.1000E-09  0.1000E-09  0.1269E+05  0.2792E+00
 4100.5347 14 14   25.5069    4.2081   25.5069    4.2081   -3.9660   -4.7485    0.0000    0.0000  -10.0000  -10.0000  0.5559E+11  0.2000E+09  0.0000E+00  0.0000E+00  0.1000E-09  0.1000E-09  0.1000E-09  0.1000E-09  0.1269E+05  0.2792E+00
 4110.5347 14 14   25.5069    4.2081   25.5069    4.2081   -3.9660   -4.7485    0.0000    0.0000  -10.0000  -10.0000  0.5559E+11  0.2000E+09  0.0000E+00  0.0000E+00  0.1000E-09  0.1000E-09  0.1000E-09  0.1000E-09  0.1269E+05  0.2792E+00
 4120.5347 14 14   25.5069    4.2081   25.5069    4.2081   -3.9660   -4.7485    0.0000    0.0000  -10.0000  -10.0000  0.5559E+11  0.2000E+09  0.0000E+00  0.0000E+00  0.1000E-09  0.1000E-09  0.1000E-09  0.1000E-09  0.1269E+05  0.2792E+00
 4130.5347 14 14   25.5069    4.2081   25.5069    4.2081   -3.9660   -4.7485    0.0000    0.0000  -10.0000  -10.0000  0.5559E+11  0.2000E+09  0.0000E+00  0.0000E+00  0.1000E-09  0.1000E-09  0.1000E-09  0.1000E-09  0.1269E+05  0.2792E+00
 4140.5347 14 14   25.5069    4.2081   25.5069    4.2081   -3.9660   -4.7485    0.0000    0.0000  -10.0000  -10.0000  0.5559E+11  0.2000E+09  0.0000E+00  0.0000E+00  0.1000E-09  0.1000E-09  0.1000E-09  0.1000E-09  0.1269E+05  0.2792E+00
 4150.5347 14 14   25.5069    4.2081   25.5069    4.2081   -3.9660   -4.7485    0.0000    0.0000  -10.0000  -10.0000  0.5559E+11  0.2000E+09  0.0000E+00  0.0000E+00  0.1000E-09  0.1000E-09  0.1000E-09  0.1000E-09  0.1269E+05  0.2792E+00
 4160.5347 14 14   25.5069    4.2081   25.5069    4.2081   -3.9660   -4.7485    0.0000    0.0000  -10.0000  -10.0000  0.5559E+11  0.2000E+09  0.0000E+00  0.0000E+00  0.1000E-09  0.1000E-09  0.1000E-09  0.1000E-09  0.1269E+05  0.2792E+00
 4170.5347 14 14   25.5069    4.2081   25.5069    4.2081   -3.9660   -4.7485    0.0000    0.0000  -10.0000  -10.0000  0.5559E+11  0.2000E+09  0.0000E+00  0.0000E+00  0.1000E-09  0.1000E-09  0.1000E-09  0.1000E-09  0.1269E+05  0.2792E+00
 4180.5347 14 14   25.5069    4.2081   25.5069    4.2081   -3.9660   -4.7485    0.0000    0.0000  -10.0000  -10.0000  0.5559E+11  0.2000E+09  0.0000E+00  0.0000E+00  0.1000E-09  0.1000E-09  0.1000E-09  0.1000E-09  0.1269E+05  0.2792E+00
 4190.5347 14 14   25.5069    4.2081   25.5069    4.2081   -3.9660   -4.7485    0.0000    0.0000  -10.0000  -10.0000  0.5559E+11  0.2000E+09  0.0000E+00  0.0000E+00  0.1000E-09  0.1000E-09  0.1000E-09  0.1000E-09  0.1269E+05  0.2792E+00
 4200.5347 14 14   25.5069    4.2081   25.5069    4.2081   -3.9660   -4.7485    0.0000    0.0000  -10.0000  -10.0000  0.5559E+11  0.2000E+09  0.0000E+00  0.0000E+00  0.1000E-09  0.1000E-09  0.1000E-09  0.1000E-09  0.1269E+05  0.2792E+00
 4210.5347 14 14   25.5069    4.2081   25.5069    4.2081   -3.9660   -4.7485    0.0000    0.0000  -10.0000  -10.0000  0.5559E+11  0.2000E+09  0.0000E+00  0.0000E+00  0.1000E-09  0.1000E-09  0.1000E-09  0.1000E-09  0.1269E+05  0.2792E+00
 4220.5347 14 14   25.5069    4.2081   25.5069    4.2081   -3.9660   -4.7485    0.0000    0.0000  -10.0000  -10.0000  0.5559E+11  0.2000E+09  0.0000E+00  0.0000E+00  0.1000E-09  0.1000E-09  0.1000E-09  0.1000E-09  0.1269E+05  0.2792E+00
 4230.5347 14 14   25.5069    4.2081   25.5069    4.2081   -3.9660   -4.7485    0.0000    0.0000  -10.0000  -10.0000  0.5559E+11  0.2000E+09  0.0000E+00  0.0000E+00  0.1000E-09  0.1000E-09  0.1000E-09  0.1000E-09  0.1269E+05  0.2792E+00
 4240.5347 14 14   25.5069    4.2081   25.5069    4.2081   -3.9660   -4.7485    0.0000    0.0000  -10.0000  -10.0000  0.5559E+11  0.2000E+09  0.0000E+00  0.0000E+00  0.1000E-09  0.1000E-09  0.1000E-09  0.1000E-09  0.1269E+05  0.2792E+00
 4250.5347 14 14   25.5069    4.2081   25.5069    4.2081   -3.9660   -4.7485    0.0000    0.0000  -10.0000  -10.0000  0.5559E+11  0.2000E+09  0.0000E+00  0.0000E+00  0.1000E-09  0.1000E-09  0.1000E-09  0.1000E-09  0.1269E+05  0.2792E+00
 4260.5347 14 14   25.5069    4.2081   25.5069    4.2081   -3.9660   -4.7485    0.0000    0.0000  -10.0000  -10.0000  0.5559E+11  0.2000E+09  0.0000E+00  0.0000E+00  0.1000E-09  0.1000E-09  0.1000E-09  0.1000E-09  0.1269E+05  0.2792E+00
 4270.5347 14 14   25.5069    4.2081   25.5069    4.2081   -3.9660   -4.7485    0.0000    0.0000  -10.0000  -10.0000  0.5559E+11  0.2000E+09  0.0000E+00  0.0000E+00  0.1000E-09  0.1000E-09  0.1000E-09  0.1000E-09  0.1269E+05  0.2792E+00
 4280.5347 14 14   25.5069    4.2081   25.5069    4.2081   -3.9660   -4.7485    0.0000    0.0000  -10.0000  -10.0000  0.5559E+11  0.2000E+09  0.0000E+00  0.0000E+00  0.1000E-09  0.1000E-09  0.1000E-09  0.1000E-09  0.1269E+05  0.2792E+00
 4290.5347 14 14   25.5069    4.2081   25.5069    4.2081   -3.9660   -4.7485    0.0000    0.0000  -10.0000  -10.0000  0.5559E+11  0.2000E+09  0.0000E+00  0.0000E+00  0.1000E-09  0.1000E-09  0.1000E-09  0.1000E-09  0.1269E+05  0.2792E+00
 4300.5347 14 14   25.5069    4.2081   25.5069    4.2081   -3.9660   -4.7485    0.0000    0.0000  -10.0000  -10.0000  0.5559E+11  0.2000E+09  0.0000E+00  0.0000E+00  0.1000E-09  0.1000E-09  0.1000E-09  0.1000E-09  0.1269E+05  0.2792E+00
 4310.5347 14 14   25.5069    4.2081   25.5069    4.2081   -3.9660   -4.7485    0.0000    0.0000  -10.0000  -10.0000  0.5559E+11  0.2000E+09  0.0000E+00  0.0000E+00  0.1000E-09  0.1000E-09  0.1000E-09  0.1000E-09  0.1269E+05  0.2792E+00
 4320.5347 14 14   25.5069    4.2081   25.5069    4.2081   -3.9660   -4.7485    0.0000    0.0000  -10.0000  -10.0000  0.5559E+11  0.2000E+09  0.0000E+00  0.0000E+00  0.1000E-09  0.1000E-09  0.1000E-09  0.1000E-09  0.1269E+05  0.2792E+00
 4330.5347 14 14   25.5069    4.2081   25.5069    4.2081   -3.9660   -4.7485    0.0000    0.0000  -10.0000  -10.0000  0.5559E+11  0.2000E+09  0.0000E+00  0.0000E+00  0.1000E-09  0.1000E-09  0.1000E-09  0.1000E-09  0.1269E+05  0.2792E+00
 4340.5347 14 14   25.5069    4.2081   25.5069    4.2081   -3.9660   -4.7485    0.0000    0.0000  -10.0000  -10.0000  0.5559E+11  0.2000E+09  0.0000E+00  0.0000E+00  0.1000E-09  0.1000E-09  0.1000E-09  0.1000E-09  0.1269E+05  0.2792E+00
 4350.5347 14 14   25.5069    4.2081   25.5069    4.2081   -3.9660   -4.7485    0.0000    0.0000  -10.0000  -10.0000  0.5559E+11  0.2000E+09  0.0000E+00  0.0000E+00  0.1000E-09  0.1000E-09  0.1000E-09  0.1000E-09  0.1269E+05  0.2792E+00
 4360.5347 14 14   25.5069    4.2081   25.5069    4.2081   -3.9660   -4.7485    0.0000    0.0000  -10.0000  -10.0000  0.5559E+11  0.2000E+09  0.0000E+00  0.0000E+00  0.1000E-09  0.1000E-09  0.1000E-09  0.1000E-09  0.1269E+05  0.2792E+00
 4370.5347 14 14   25.5069    4.2081   25.5069    4.2081   -3.9660   -4.7485    0.0000    0.0000  -10.0000  -10.0000  0.5559E+11  0.2000E+09  0.0000E+00  0.0000E+00  0.1000E-09  0.1000E-09  0.1000E-09  0.1000E-09  0.1269E+05  0.2792E+00
 4380.5347 14 14   25.5069    4.2081   25.5069    4.2081   -3.9660   -4.7485    0.0000    0.0000  -10.0000  -10.0000  0.5559E+11  0.2000E+09  0.0000E+00  0.0000E+00  0.1000E-09  0.1000E-09  0.1000E-09  0.1000E-09  0.1269E+05  0.2792E+00
 4390.5347 14 14   25.5069    4.2081   25.5069    4.2081   -3.9660   -4.7485    0.0000    0.0000  -10.0000  -10.0000  0.5559E+11  0.2000E+09  0.0000E+00  0.0000E+00  0.1000E-09  0.1000E-09  0.1000E-09  0.1000E-09  0.1269E+05  0.2792E+00
 4400.5347 14 14   25.5069    4.2081   25.5069    4.2081   -3.9660   -4.7485    0.0000    0.0000  -10.0000  -10.0000  0.5559E+11  0.2000E+09  0.0000E+00  0.0000E+00  0.1000E-09  0.1000E-09  0.1000E-09  0.1000E-09  0.1269E+05  0.2792E+00
 4410.5347 14 14   25.5069    4.2081   25.5069    4.2081   -3.9660   -4.7485    0.0000    0.0000  -10.0000  -10.0000  0.5559E+11  0.2000E+09  0.0000E+00  0.0000E+00  0.1000E-09  0.1000E-09  0.1000E-09  0.1000E-09  0.1269E+05  0.2792E+00
 4420.5347 14 14   25.5069    4.2081   25.5069    4.2081   -3.9660   -4.7485    0.0000    0.0000  -10.0000  -10.0000  0.5559E+11  0.2000E+09  0.0000E+00  0.0000E+00  0.1000E-09  0.1000E-09  0.1000E-09  0.1000E-09  0.1269E+05  0.2792E+00
 4430.5347 14 14   25.5069    4.2081   25.5069    4.2081   -3.9660   -4.7485    0.0000    0.0000  -10.0000  -10.0000  0.5559E+11  0.2000E+09  0.0000E+00  0.0000E+00  0.1000E-09  0.1000E-09  0.1000E-09  0.1000E-09  0.1269E+05  0.2792E+00
 4440.5347 14 14   25.5069    4.2081   25.5069    4.2081   -3.9660   -4.7485    0.0000    0.0000  -10.0000  -10.0000  0.5559E+11  0.2000E+09  0.0000E+00  0.0000E+00  0.1000E-09  0.1000E-09  0.1000E-09  0.1000E-09  0.1269E+05  0.2792E+00
 4450.5347 14 14   25.5069    4.2081   25.5069    4.2081   -3.9660   -4.7485    0.0000    0.0000  -10.0000  -10.0000  0.5559E+11  0.2000E+09  0.0000E+00  0.0000E+00  0.1000E-09  0.1000E-09  0.1000E-09  0.1000E-09  0.1269E+05  0.2792E+00
 4460.5347 14 14   25.5069    4.2081   25.5069    4.2081   -3.9660   -4.7485    0.0000    0.0000  -10.0000  -10.0000  0.5559E+11  0.2000E+09  0.0000E+00  0.0000E+00  0.1000E-09  0.1000E-09  0.1000E-09  0.1000E-09  0.1269E+05  0.2792E+00
 4470.5347 14 14   25.5069    4.2081   25.5069    4.2081   -3.9660   -4.7485    0.0000    0.0000  -10.0000  -10.0000  0.5559E+11  0.2000E+09  0.0000E+00  0.0000E+00  0.1000E-09  0.1000E-09  0.1000E-09  0.1000E-09  0.1269E+05  0.2792E+00
 4480.5347 14 14   25.5069    4.2081   25.5069    4.2081   -3.9660   -4.7485    0.0000    0.0000  -10.0000  -10.0000  0.5559E+11  0.2000E+09  0.0000E+00  0.0000E+00  0.1000E-09  0.1000E-09  0.1000E-09  0.1000E-09  0.1269E+05  0.2792E+00
 4490.5347 14 14   25.5069    4.2081   25.5069    4.2081   -3.9660   -4.7485    0.0000    0.0000  -10.0000  -10.0000  0.5559E+11  0.2000E+09  0.0000E+00  0.0000E+00  0.1000E-09  0.1000E-09  0.1000E-09  0.1000E-09  0.1269E+05  0.2792E+00
 4500.5347 14 14   25.5069    4.2081   25.5069    4.2081   -3.9660   -4.7485    0.0000    0.0000  -10.0000  -10.0000  0.5559E+11  0.2000E+09  0.0000E+00  0.0000E+00  0.1000E-09  0.1000E-09  0.1000E-09  0.1000E-09  0.1269E+05  0.2792E+00
 4510.5347 14 14   25.5069    4.2081   25.5069    4.2081   -3.9660   -4.7485    0.0000    0.0000  -10.0000  -10.0000  0.5559E+11  0.2000E+09  0.0000E+00  0.0000E+00  0.1000E-09  0.1000E-09  0.1000E-09  0.1000E-09  0.1269E+05  0.2792E+00
 4520.5347 14 14   25.5069    4.2081   25.5069    4.2081   -3.9660   -4.7485    0.0000    0.0000  -10.0000  -10.0000  0.5559E+11  0.2000E+09  0.0000E+00  0.0000E+00  0.1000E-09  0.1000E-09  0.1000E-09  0.1000E-09  0.1269E+05  0.2792E+00
 4530.5347 14 14   25.5069    4.2081   25.5069    4.2081   -3.9660   -4.7485    0.0000    0.0000  -10.0000  -10.0000  0.5559E+11  0.2000E+09  0.0000E+00  0.0000E+00  0.1000E-09  0.1000E-09  0.1000E-09  0.1000E-09  0.1269E+05  0.2792E+00
 4540.5347 14 14   25.5069    4.2081   25.5069    4.2081   -3.9660   -4.7485    0.0000    0.0000  -10.0000  -10.0000  0.5559E+11  0.2000E+09  0.0000E+00  0.0000E+00  0.1000E-09  0.1000E-09  0.1000E-09  0.1000E-09  0.1269E+05  0.2792E+00
 4550.5347 14 14   25.5069    4.2081   25.5069    4.2081   -3.9660   -4.7485    0.0000    0.0000  -10.0000  -10.0000  0.5559E+11  0.2000E+09  0.0000E+00  0.0000E+00  0.1000E-09  0.1000E-09  0.1000E-09  0.1000E-09  0.1269E+05  0.2792E+00
 4560.5347 14 14   25.5069    4.2081   25.5069    4.2081   -3.9660   -4.7485    0.0000    0.0000  -10.0000  -10.0000  0.5559E+11  0.2000E+09  0.0000E+00  0.0000E+00  0.1000E-09  0.1000E-09  0.1000E-09  0.1000E-09  0.1269E+05  0.2792E+00
 4570.5347 14 14   25.5069    4.2081   25.5069    4.2081   -3.9660   -4.7485    0.0000    0.0000  -10.0000  -10.0000  0.5559E+11  0.2000E+09  0.0000E+00  0.0000E+00  0.1000E-09  0.1000E-09  0.1000E-09  0.1000E-09  0.1269E+05  0.2792E+00
 4580.5347 14 14   25.5069    4.2081   25.5069    4.2081   -3.9660   -4.7485    0.0000    0.0000  -10.0000  -10.0000  0.5559E+11  0.2000E+09  0.0000E+00  0.0000E+00  0.1000E-09  0.1000E-09  0.1000E-09  0.1000E-09  0.1269E+05  0.2792E+00
 4590.5347 14 14   25.5069    4.2081   25.5069    4.2081   -3.9660   -4.7485    0.0000    0.0000  -10.0000  -10.0000  0.5559E+11  0.2000E+09  0.0000E+00  0.0000E+00  0.1000E-09  0.1000E-09  0.1000E-09  0.1000E-09  0.1269E+05  0.2792E+00
 4600.5347 14 14   25.5069    4.2081   25.5069    4.2081   -3.9660   -4.7485    0.0000    0.0000  -10.0000  -10.0000  0.5559E+11  0.2000E+09  0.0000E+00  0.0000E+00  0.1000E-09  0.1000E-09  0.1000E-09  0.1000E-09  0.1269E+05  0.2792E+00
 4610.5347 14 14   25.5069    4.2081   25.5069    4.2081   -3.9660   -4.7485    0.0000    0.0000  -10.0000  -10.0000  0.5559E+11  0.2000E+09  0.0000E+00  0.0000E+00  0.1000E-09  0.1000E-09  0.1000E-09  0.1000E-09  0.1269E+05  0.2792E+00
 4620.5347 14 14   25.5069    4.2081   25.5069    4.2081   -3.9660   -4.7485    0.0000    0.0000  -10.0000  -10.0000  0.5559E+11  0.2000E+09  0.0000E+00  0.0000E+00  0.1000E-09  0.1000E-09  0.1000E-09  0.1000E-09  0.1269E+05  0.2792E+00
 4630.5347 14 14   25.5069    4.2081   25.5069    4.2081   -3.9660   -4.7485    0.0000    0.0000  -10.0000  -10.0000  0.5559E+11  0.2000E+09  0.0000E+00  0.0000E+00  0.1000E-09  0.1000E-09  0.1000E-09  0.1000E-09  0.1269E+05  0.2792E+00
 4640.5347 14 14   25.5069    4.2081   25.5069    4.2081   -3.9660   -4.7485    0.0000    0.0000  -10.0000  -10.0000  0.5559E+11  0.2000E+09  0.0000E+00  0.0000E+00  0.1000E-09  0.1000E-09  0.1000E-09  0.1000E-09  0.1269E+05  0.2792E+00
 4650.5347 14 14   25.5069    4.2081   25.5069    4.2081   -3.9660   -4.7485    0.0000    0.0000  -10.0000  -10.0000  0.5559E+11  0.2000E+09  0.0000E+00  0.0000E+00  0.1000E-09  0.1000E-09  0.1000E-09  0.1000E-09  0.1269E+05  0.2792E+00
 4660.5347 14 14   25.5069    4.2081   25.5069    4.2081   -3.9660   -4.7485    0.0000    0.0000  -10.0000  -10.0000  0.5559E+11  0.2000E+09  0.0000E+00  0.0000E+00  0.1000E-09  0.1000E-09  0.1000E-09  0.1000E-09  0.1269E+05  0.2792E+00
 4670.5347 14 14   25.5069    4.2081   25.5069    4.2081   -3.9660   -4.7485    0.0000    0.0000  -10.0000  -10.0000  0.5559E+11  0.2000E+09  0.0000E+00  0.0000E+00  0.1000E-09  0.1000E-09  0.1000E-09  0.1000E-09  0.1269E+05  0.2792E+00
 4680.5347 14 14   25.5069    4.2081   25.5069    4.2081   -3.9660   -4.7485    0.0000    0.0000  -10.0000  -10.0000  0.5559E+11  0.2000E+09  0.0000E+00  0.0000E+00  0.1000E-09  0.1000E-09  0.1000E-09  0.1000E-09  0.1269E+05  0.2792E+00
 4690.5347 14 14   25.5069    4.2081   25.5069    4.2081   -3.9660   -4.7485    0.0000    0.0000  -10.0000  -10.0000  0.5559E+11  0.2000E+09  0.0000E+00  0.0000E+00  0.1000E-09  0.1000E-09  0.1000E-09  0.1000E-09  0.1269E+05  0.2792E+00
 4700.5347 14 14   25.5069    4.2081   25.5069    4.2081   -3.9660   -4.7485    0.0000    0.0000  -10.0000  -10.0000  0.5559E+11  0.2000E+09  0.0000E+00  0.0000E+00  0.1000E-09  0.1000E-09  0.1000E-09  0.1000E-09  0.1269E+05  0.2792E+00
 4710.5347 14 14   25.5069    4.2081   25.5069    4.2081   -3.9660   -4.7485    0.0000    0.0000  -10.0000  -10.0000  0.5559E+11  0.2000E+09  0.0000E+00  0.0000E+00  0.1000E-09  0.1000E-09  0.1000E-09  0.1000E-09  0.1269E+05  0.2792E+00
 4720.5347 14 14   25.5069    4.2081   25.5069    4.2081   -3.9660   -4.7485    0.0000    0.0000  -10.0000  -10.0000  0.5559E+11  0.2000E+09  0.0000E+00  0.0000E+00  0.1000E-09  0.1000E-09  0.1000E-09  0.1000E-09  0.1269E+05  0.2792E+00
 4730.5347 14 14   25.5069    4.2081   25.5069    4.2081   -3.9660   -4.7485    0.0000    0.0000  -10.0000  -10.0000  0.5559E+11  0.2000E+09  0.0000E+00  0.0000E+00  0.1000E-09  0.1000E-09  0.1000E-09  0.1000E-09  0.1269E+05  0.2792E+00
 4740.5347 14 14   25.5069    4.2081   25.5069    4.2081   -3.9660   -4.7485    0.0000    0.0000  -10.0000  -10.0000  0.5559E+11  0.2000E+09  0.0000E+00  0.0000E+00  0.1000E-09  0.1000E-09  0.1000E-09  0.1000E-09  0.1269E+05  0.2792E+00
 4750.5347 14 14   25.5069    4.2081   25.5069    4.2081   -3.9660   -4.7485    0.0000    0.0000  -10.0000  -10.0000  0.5559E+11  0.2000E+09  0.0000E+00  0.0000E+00  0.1000E-09  0.1000E-09  0.1000E-09  0.1000E-09  0.1269E+05  0.2792E+00
 4760.5347 14 14   25.5069    4.2081   25.5069    4.2081   -3.9660   -4.7485    0.0000    0.0000  -10.0000  -10.0000  0.5559E+11  0.2000E+09  0.0000E+00  0.0000E+00  0.1000E-09  0.1000E-09  0.1000E-09  0.1000E-09  0.1269E+05  0.2792E+00
 4770.5347 14 14   25.5069    4.2081   25.5069    4.2081   -3.9660   -4.7485    0.0000    0.0000  -10.0000  -10.0000  0.5559E+11  0.2000E+09  0.0000E+00  0.0000E+00  0.1000E-09  0.1000E-09  0.1000E-09  0.1000E-09  0.1269E+05  0.2792E+00
 4780.5347 14 14   25.5069    4.2081   25.5069    4.2081   -3.9660   -4.7485    0.0000    0.0000  -10.0000  -10.0000  0.5559E+11  0.2000E+09  0.0000E+00  0.0000E+00  0.1000E-09  0.1000E-09  0.1000E-09  0.1000E-09  0.1269E+05  0.2792E+00
 4790.5347 14 14   25.5069    4.2081   25.5069    4.2081   -3.9660   -4.7485    0.0000    0.0000  -10.0000  -10.0000  0.5559E+11  0.2000E+09  0.0000E+00  0.0000E+00  0.1000E-09  0.1000E-09  0.1000E-09  0.1000E-09  0.1269E+05  0.2792E+00
 4800.5347 14 14   25.5069    4.2081   25.5069    4.2081   -3.9660   -4.7485    0.0000    0.0000  -10.0000  -10.0000  0.5559E+11  0.2000E+09  0.0000E+00  0.0000E+00  0.1000E-09  0.1000E-09  0.1000E-09  0.1000E-09  0.1269E+05  0.2792E+00
 4810.5347 14 14   25.5069    4.2081   25.5069    4.2081   -3.9660   -4.7485    0.0000    0.0000  -10.0000  -10.0000  0.5559E+11  0.2000E+09  0.0000E+00  0.0000E+00  0.1000E-09  0.1000E-09  0.1000E-09  0.1000E-09  0.1269E+05  0.2792E+00
 4820.5347 14 14   25.5069    4.2081   25.5069    4.2081   -3.9660   -4.7485    0.0000    0.0000  -10.0000  -10.0000  0.5559E+11  0.2000E+09  0.0000E+00  0.0000E+00  0.1000E-09  0.1000E-09  0.1000E-09  0.1000E-09  0.1269E+05  0.2792E+00
 4830.5347 14 14   25.5069    4.2081   25.5069    4.2081   -3.9660   -4.7485    0.0000    0.0000  -10.0000  -10.0000  0.5559E+11  0.2000E+09  0.0000E+00  0.0000E+00  0.1000E-09  0.1000E-09  0.1000E-09  0.1000E-09  0.1269E+05  0.2792E+00
 4840.5347 14 14   25.5069    4.2081   25.5069    4.2081   -3.9660   -4.7485    0.0000    0.0000  -10.0000  -10.0000  0.5559E+11  0.2000E+09  0.0000E+00  0.0000E+00  0.1000E-09  0.1000E-09  0.1000E-09  0.1000E-09  0.1269E+05  0.2792E+00
 4850.5347 14 14   25.5069    4.2081   25.5069    4.2081   -3.9660   -4.7485    0.0000    0.0000  -10.0000  -10.0000  0.5559E+11  0.2000E+09  0.0000E+00  0.0000E+00  0.1000E-09  0.1000E-09  0.1000E-09  0.1000E-09  0.1269E+05  0.2792E+00
 4860.5347 14 14   25.5069    4.2081   25.5069    4.2081   -3.9660   -4.7485    0.0000    0.0000  -10.0000  -10.0000  0.5559E+11  0.2000E+09  0.0000E+00  0.0000E+00  0.1000E-09  0.1000E-09  0.1000E-09  0.1000E-09  0.1269E+05  0.2792E+00
 4870.5347 14 14   25.5069    4.2081   25.5069    4.2081   -3.9660   -4.7485    0.0000    0.0000  -10.0000  -10.0000  0.5559E+11  0.2000E+09  0.0000E+00  0.0000E+00  0.1000E-09  0.1000E-09  0.1000E-09  0.1000E-09  0.1269E+05  0.2792E+00
 4880.5347 14 14   25.5069    4.2081   25.5069    4.2081   -3.9660   -4.7485    0.0000    0.0000  -10.0000  -10.0000  0.5559E+11  0.2000E+09  0.0000E+00  0.0000E+00  0.1000E-09  0.1000E-09  0.1000E-09  0.1000E-09  0.1269E+05  0.2792E+00
 4890.5347 14 14   25.5069    4.2081   25.5069    4.2081   -3.9660   -4.7485    0.0000    0.0000  -10.0000  -10.0000  0.5559E+11  0.2000E+09  0.0000E+00  0.0000E+00  0.1000E-09  0.1000E-09  0.1000E-09  0.1000E-09  0.1269E+05  0.2792E+00
 4900.5347 14 14   25.5069    4.2081   25.5069    4.2081   -3.9660   -4.7485    0.0000    0.0000  -10.0000  -10.0000  0.5559E+11  0.2000E+09  0.0000E+00  0.0000E+00  0.1000E-09  0.1000E-09  0.1000E-09  0.1000E-09  0.1269E+05  0.2792E+00
 4910.5347 14 14   25.5069    4.2081   25.5069    4.2081   -3.9660   -4.7485    0.0000    0.0000  -10.0000  -10.0000  0.5559E+11  0.2000E+09  0.0000E+00  0.0000E+00  0.1000E-09  0.1000E-09  0.1000E-09  0.1000E-09  0.1269E+05  0.2792E+00
 4920.5347 14 14   25.5069    4.2081   25.5069    4.2081   -3.9660   -4.7485    0.0000    0.0000  -10.0000  -10.0000  0.5559E+11  0.2000E+09  0.0000E+00  0.0000E+00  0.1000E-09  0.1000E-09  0.1000E-09  0.1000E-09  0.1269E+05  0.2792E+00
 4930.5347 14 14   25.5069    4.2081   25.5069    4.2081   -3.9660   -4.7485    0.0000    0.0000  -10.0000  -10.0000  0.5559E+11  0.2000E+09  0.0000E+00  0.0000E+00  0.1000E-09  0.1000E-09  0.1000E-09  0.1000E-09  0.1269E+05  0.2792E+00
 4940.5347 14 14   25.5069    4.2081   25.5069    4.2081   -3.9660   -4.7485    0.0000    0.0000  -10.0000  -10.0000  0.5559E+11  0.2000E+09  0.0000E+00  0.0000E+00  0.1000E-09  0.1000E-09  0.1000E-09  0.1000E-09  0.1269E+05  0.2792E+00
 4950.5347 14 14   25.5069    4.2081   25.5069    4.2081   -3.9660   -4.7485    0.0000    0.0000  -10.0000  -10.0000  0.5559E+11  0.2000E+09  0.0000E+00  0.0000E+00  0.1000E-09  0.1000E-09  0.1000E-09  0.1000E-09  0.1269E+05  0.2792E+00
 4960.5347 14 14   25.5069    4.2081   25.5069    4.2081   -3.9660   -4.7485    0.0000    0.0000  -10.0000  -10.0000  0.5559E+11  0.2000E+09  0.0000E+00  0.0000E+00  0.1000E-09  0.1000E-09  0.1000E-09  0.1000E-09  0.1269E+05  0.2792E+00
 4970.5347 14 14   25.5069    4.2081   25.5069    4.2081   -3.9660   -4.7485    0.0000    0.0000  -10.0000  -10.0000  0.5559E+11  0.2000E+09  0.0000E+00  0.0000E+00  0.1000E-09  0.1000E-09  0.1000E-09  0.1000E-09  0.1269E+05  0.2792E+00
 4980.5347 14 14   25.5069    4.2081   25.5069    4.2081   -3.9660   -4.7485    0.0000    0.0000  -10.0000  -10.0000  0.5559E+11  0.2000E+09  0.0000E+00  0.0000E+00  0.1000E-09  0.1000E-09  0.1000E-09  0.1000E-09  0.1269E+05  0.2792E+00
 4990.5347 14 14   25.5069    4.2081   25.5069    4.2081   -3.9660   -4.7485    0.0000    0.0000  -10.0000  -10.0000  0.5559E+11  0.2000E+09  0.0000E+00  0.0000E+00  0.1000E-09  0.1000E-09  0.1000E-09  0.1000E-09  0.1269E+05  0.2792E+00
 5000.5347 14 14   25.5069    4.2081   25.5069    4.2081   -3.9660   -4.7485    0.0000    0.0000  -10.0000  -10.0000  0.5559E+11  0.2000E+09  0.0000E+00  0.0000E+00  0.1000E-09  0.1000E-09  0.1000E-09  0.1000E-09  0.1269E+05  0.2792E+00
 5010.5347 14 14   25.5069    4.2081   25.5069    4.2081   -3.9660   -4.7485    0.0000    0.0000  -10.0000  -10.0000  0.5559E+11  0.2000E+09  0.0000E+00  0.0000E+00  0.1000E-09  0.1000E-09  0.1000E-09  0.1000E-09  0.1269E+05  0.2792E+00
 5020.5347 14 14   25.5069    4.2081   25.5069    4.2081   -3.9660   -4.7485    0.0000    0.0000  -10.0000  -10.0000  0.5559E+11  0.2000E+09  0.0000E+00  0.0000E+00  0.1000E-09  0.1000E-09  0.1000E-09  0.1000E-09  0.1269E+05  0.2792E+00
 5030.5347 14 14   25.5069    4.2081   25.5069    4.2081   -3.9660   -4.7485    0.0000    0.0000  -10.0000  -10.0000  0.5559E+11  0.2000E+09  0.0000E+00  0.0000E+00  0.1000E-09  0.1000E-09  0.1000E-09  0.1000E-09  0.1269E+05  0.2792E+00
 5040.5347 14 14   25.5069    4.2081   25.5069    4.2081   -3.9660   -4.7485    0.0000    0.0000  -10.0000  -10.0000  0.5559E+11  0.2000E+09  0.0000E+00  0.0000E+00  0.1000E-09  0.1000E-09  0.1000E-09  0.1000E-09  0.1269E+05  0.2792E+00
 5050.5347 14 14   25.5069    4.2081   25.5069    4.2081   -3.9660   -4.7485    0.0000    0.0000  -10.0000  -10.0000  0.5559E+11  0.2000E+09  0.0000E+00  0.0000E+00  0.1000E-09  0.1000E-09  0.1000E-09  0.1000E-09  0.1269E+05  0.2792E+00
 5060.5347 14 14   25.5069    4.2081   25.5069    4.2081   -3.9660   -4.7485    0.0000    0.0000  -10.0000  -10.0000  0.5559E+11  0.2000E+09  0.0000E+00  0.0000E+00  0.1000E-09  0.1000E-09  0.1000E-09  0.1000E-09  0.1269E+05  0.2792E+00
 5070.5347 14 14   25.5069    4.2081   25.5069    4.2081   -3.9660   -4.7485    0.0000    0.0000  -10.0000  -10.0000  0.5559E+11  0.2000E+09  0.0000E+00  0.0000E+00  0.1000E-09  0.1000E-09  0.1000E-09  0.1000E-09  0.1269E+05  0.2792E+00
 5080.5347 14 14   25.5069    4.2081   25.5069    4.2081   -3.9660   -4.7485    0.0000    0.0000  -10.0000  -10.0000  0.5559E+11  0.2000E+09  0.0000E+00  0.0000E+00  0.1000E-09  0.1000E-09  0.1000E-09  0.1000E-09  0.1269E+05  0.2792E+00
 5090.5347 14 14   25.5069    4.2081   25.5069    4.2081   -3.9660   -4.7485    0.0000    0.0000  -10.0000  -10.0000  0.5559E+11  0.2000E+09  0.0000E+00  0.0000E+00  0.1000E-09  0.1000E-09  0.1000E-09  0.1000E-09  0.1269E+05  0.2792E+00
 5100.5347 14 14   25.5069    4.2081   25.5069    4.2081   -3.9660   -4.7485    0.0000    0.0000  -10.0000  -10.0000  0.5559E+11  0.2000E+09  0.0000E+00  0.0000E+00  0.1000E-09  0.1000E-09  0.1000E-09  0.1000E-09  0.1269E+05  0.2792E+00
 5110.5347 14 14   25.5069    4.2081   25.5069    4.2081   -3.9660   -4.7485    0.0000    0.0000  -10.0000  -10.0000  0.5559E+11  0.2000E+09  0.0000E+00  0.0000E+00  0.1000E-09  0.1000E-09  0.1000E-09  0.1000E-09  0.1269E+05  0.2792E+00
 5120.5347 14 14   25.5069    4.2081   25.5069    4.2081   -3.9660   -4.7485    0.0000    0.0000  -10.0000  -10.0000  0.5559E+11  0.2000E+09  0.0000E+00  0.0000E+00  0.1000E-09  0.1000E-09  0.1000E-09  0.1000E-09  0.1269E+05  0.2792E+00
 5130.5347 14 14   25.5069    4.2081   25.5069    4.2081   -3.9660   -4.7485    0.0000    0.0000  -10.0000  -10.0000  0.5559E+11  0.2000E+09  0.0000E+00  0.0000E+00  0.1000E-09  0.1000E-09  0.1000E-09  0.1000E-09  0.1269E+05  0.2792E+00
 5140.5347 14 14   25.5069    4.2081   25.5069    4.2081   -3.9660   -4.7485    0.0000    0.0000  -10.0000  -10.0000  0.5559E+11  0.2000E+09  0.0000E+00  0.0000E+00  0.1000E-09  0.1000E-09  0.1000E-09  0.1000E-09  0.1269E+05  0.2792E+00
 5150.5347 14 14   25.5069    4.2081   25.5069    4.2081   -3.9660   -4.7485    0.0000    0.0000  -10.0000  -10.0000  0.5559E+11  0.2000E+09  0.0000E+00  0.0000E+00  0.1000E-09  0.1000E-09  0.1000E-09  0.1000E-09  0.1269E+05  0.2792E+00
 5160.5347 14 14   25.5069    4.2081   25.5069    4.2081   -3.9660   -4.7485    0.0000    0.0000  -10.0000  -10.0000  0.5559E+11  0.2000E+09  0.0000E+00  0.0000E+00  0.1000E-09  0.1000E-09  0.1000E-09  0.1000E-09  0.1269E+05  0.2792E+00
 5170.5347 14 14   25.5069    4.2081   25.5069    4.2081   -3.9660   -4.7485    0.0000    0.0000  -10.0000  -10.0000  0.5559E+11  0.2000E+09  0.0000E+00  0.0000E+00  0.1000E-09  0.1000E-09  0.1000E-09  0.1000E-09  0.1269E+05  0.2792E+00
 5180.5347 14 14   25.5069    4.2081   25.5069    4.2081   -3.9660   -4.7485    0.0000    0.0000  -10.0000  -10.0000  0.5559E+11  0.2000E+09  0.0000E+00  0.0000E+00  0.1000E-09  0.1000E-09  0.1000E-09  0.1000E-09  0.1269E+05  0.2792E+00
 5190.5347 14 14   25.5069    4.2081   25.5069    4.2081   -3.9660   -4.7485    0.0000    0.0000  -10.0000  -10.0000  0.5559E+11  0.2000E+09  0.0000E+00  0.0000E+00  0.1000E-09  0.1000E-09  0.1000E-09  0.1000E-09  0.1269E+05  0.2792E+00
 5200.5347 14 14   25.5069    4.2081   25.5069    4.2081   -3.9660   -4.7485    0.0000    0.0000  -10.0000  -10.0000  0.5559E+11  0.2000E+09  0.0000E+00  0.0000E+00  0.1000E-09  0.1000E-09  0.1000E-09  0.1000E-09  0.1269E+05  0.2792E+00
 5210.5347 14 14   25.5069    4.2081   25.5069    4.2081   -3.9660   -4.7485    0.0000    0.0000  -10.0000  -10.0000  0.5559E+11  0.2000E+09  0.0000E+00  0.0000E+00  0.1000E-09  0.1000E-09  0.1000E-09  0.1000E-09  0.1269E+05  0.2792E+00
 5220.5347 14 14   25.5069    4.2081   25.5069    4.2081   -3.9660   -4.7485    0.0000    0.0000  -10.0000  -10.0000  0.5559E+11  0.2000E+09  0.0000E+00  0.0000E+00  0.1000E-09  0.1000E-09  0.1000E-09  0.1000E-09  0.1269E+05  0.2792E+00
 5230.5347 14 14   25.5069    4.2081   25.5069    4.2081   -3.9660   -4.7485    0.0000    0.0000  -10.0000  -10.0000  0.5559E+11  0.2000E+09  0.0000E+00  0.0000E+00  0.1000E-09  0.1000E-09  0.1000E-09  0.1000E-09  0.1269E+05  0.2792E+00
 5240.5347 14 14   25.5069    4.2081   25.5069    4.2081   -3.9660   -4.7485    0.0000    0.0000  -10.0000  -10.0000  0.5559E+11  0.2000E+09  0.0000E+00  0.0000E+00  0.1000E-09  0.1000E-09  0.1000E-09  0.1000E-09  0.1269E+05  0.2792E+00
 5250.5347 14 14   25.5069    4.2081   25.5069    4.2081   -3.9660   -4.7485    0.0000    0.0000  -10.0000  -10.0000  0.5559E+11  0.2000E+09  0.0000E+00  0.0000E+00  0.1000E-09  0.1000E-09  0.1000E-09  0.1000E-09  0.1269E+05  0.2792E+00
 5260.5347 14 14   25.5069    4.2081   25.5069    4.2081   -3.9660   -4.7485    0.0000    0.0000  -10.0000  -10.0000  0.5559E+11  0.2000E+09  0.0000E+00  0.0000E+00  0.1000E-09  0.1000E-09  0.1000E-09  0.1000E-09  0.1269E+05  0.2792E+00
 5270.5347 14 14   25.5069    4.2081   25.5069    4.2081   -3.9660   -4.7485    0.0000    0.0000  -10.0000  -10.0000  0.5559E+11  0.2000E+09  0.0000E+00  0.0000E+00  0.1000E-09  0.1000E-09  0.1000E-09  0.1000E-09  0.1269E+05  0.2792E+00
 5280.5347 14 14   25.5069    4.2081   25.5069    4.2081   -3.9660   -4.7485    0.0000    0.0000  -10.0000  -10.0000  0.5559E+11  0.2000E+09  0.0000E+00  0.0000E+00  0.1000E-09  0.1000E-09  0.1000E-09  0.1000E-09  0.1269E+05  0.2792E+00
 5290.5347 14 14   25.5069    4.2081   25.5069    4.2081   -3.9660   -4.7485    0.0000    0.0000  -10.0000  -10.0000  0.5559E+11  0.2000E+09  0.0000E+00  0.0000E+00  0.1000E-09  0.1000E-09  0.1000E-09  0.1000E-09  0.1269E+05  0.2792E+00
 5300.5347 14 14   25.5069    4.2081   25.5069    4.2081   -3.9660   -4.7485    0.0000    0.0000  -10.0000  -10.0000  0.5559E+11  0.2000E+09  0.0000E+00  0.0000E+00  0.1000E-09  0.1000E-09  0.1000E-09  0.1000E-09  0.1269E+05  0.2792E+00
 5310.5347 14 14   25.5069    4.2081   25.5069    4.2081   -3.9660   -4.7485    0.0000    0.0000  -10.0000  -10.0000  0.5559E+11  0.2000E+09  0.0000E+00  0.0000E+00  0.1000E-09  0.1000E-09  0.1000E-09  0.1000E-09  0.1269E+05  0.2792E+00
 5320.5347 14 14   25.5069    4.2081   25.5069    4.2081   -3.9660   -4.7485    0.0000    0.0000  -10.0000  -10.0000  0.5559E+11  0.2000E+09  0.0000E+00  0.0000E+00  0.1000E-09  0.1000E-09  0.1000E-09  0.1000E-09  0.1269E+05  0.2792E+00
 5330.5347 14 14   25.5069    4.2081   25.5069    4.2081   -3.9660   -4.7485    0.0000    0.0000  -10.0000  -10.0000  0.5559E+11  0.2000E+09  0.0000E+00  0.0000E+00  0.1000E-09  0.1000E-09  0.1000E-09  0.1000E-09  0.1269E+05  0.2792E+00
 5340.5347 14 14   25.5069    4.2081   25.5069    4.2081   -3.9660   -4.7485    0.0000    0.0000  -10.0000  -10.0000  0.5559E+11  0.2000E+09  0.0000E+00  0.0000E+00  0.1000E-09  0.1000E-09  0.1000E-09  0.1000E-09  0.1269E+05  0.2792E+00
 5350.5347 14 14   25.5069    4.2081   25.5069    4.2081   -3.9660   -4.7485    0.0000    0.0000  -10.0000  -10.0000  0.5559E+11  0.2000E+09  0.0000E+00  0.0000E+00  0.1000E-09  0.1000E-09  0.1000E-09  0.1000E-09  0.1269E+05  0.2792E+00
 5360.5347 14 14   25.5069    4.2081   25.5069    4.2081   -3.9660   -4.7485    0.0000    0.0000  -10.0000  -10.0000  0.5559E+11  0.2000E+09  0.0000E+00  0.0000E+00  0.1000E-09  0.1000E-09  0.1000E-09  0.1000E-09  0.1269E+05  0.2792E+00
 5370.5347 14 14   25.5069    4.2081   25.5069    4.2081   -3.9660   -4.7485    0.0000    0.0000  -10.0000  -10.0000  0.5559E+11  0.2000E+09  0.0000E+00  0.0000E+00  0.1000E-09  0.1000E-09  0.1000E-09  0.1000E-09  0.1269E+05  0.2792E+00
 5380.5347 14 14   25.5069    4.2081   25.5069    4.2081   -3.9660   -4.7485    0.0000    0.0000  -10.0000  -10.0000  0.5559E+11  0.2000E+09  0.0000E+00  0.0000E+00  0.1000E-09  0.1000E-09  0.1000E-09  0.1000E-09  0.1269E+05  0.2792E+00
 5390.5347 14 14   25.5069    4.2081   25.5069    4.2081   -3.9660   -4.7485    0.0000    0.0000  -10.0000  -10.0000  0.5559E+11  0.2000E+09  0.0000E+00  0.0000E+00  0.1000E-09  0.1000E-09  0.1000E-09  0.1000E-09  0.1269E+05  0.2792E+00
 5400.5347 14 14   25.5069    4.2081   25.5069    4.2081   -3.9660   -4.7485    0.0000    0.0000  -10.0000  -10.0000  0.5559E+11  0.2000E+09  0.0000E+00  0.0000E+00  0.1000E-09  0.1000E-09  0.1000E-09  0.1000E-09  0.1269E+05  0.2792E+00
 5410.5347 14 14   25.5069    4.2081   25.5069    4.2081   -3.9660   -4.7485    0.0000    0.0000  -10.0000  -10.0000  0.5559E+11  0.2000E+09  0.0000E+00  0.0000E+00  0.1000E-09  0.1000E-09  0.1000E-09  0.1000E-09  0.1269E+05  0.2792E+00
 5420.5347 14 14   25.5069    4.2081   25.5069    4.2081   -3.9660   -4.7485    0.0000    0.0000  -10.0000  -10.0000  0.5559E+11  0.2000E+09  0.0000E+00  0.0000E+00  0.1000E-09  0.1000E-09  0.1000E-09  0.1000E-09  0.1269E+05  0.2792E+00
 5430.5347 14 14   25.5069    4.2081   25.5069    4.2081   -3.9660   -4.7485    0.0000    0.0000  -10.0000  -10.0000  0.5559E+11  0.2000E+09  0.0000E+00  0.0000E+00  0.1000E-09  0.1000E-09  0.1000E-09  0.1000E-09  0.1269E+05  0.2792E+00
 5440.5347 14 14   25.5069    4.2081   25.5069    4.2081   -3.9660   -4.7485    0.0000    0.0000  -10.0000  -10.0000  0.5559E+11  0.2000E+09  0.0000E+00  0.0000E+00  0.1000E-09  0.1000E-09  0.1000E-09  0.1000E-09  0.1269E+05  0.2792E+00
 5450.5347 14 14   25.5069    4.2081   25.5069    4.2081   -3.9660   -4.7485    0.0000    0.0000  -10.0000  -10.0000  0.5559E+11  0.2000E+09  0.0000E+00  0.0000E+00  0.1000E-09  0.1000E-09  0.1000E-09  0.1000E-09  0.1269E+05  0.2792E+00
 5460.5347 14 14   25.5069    4.2081   25.5069    4.2081   -3.9660   -4.7485    0.0000    0.0000  -10.0000  -10.0000  0.5559E+11  0.2000E+09  0.0000E+00  0.0000E+00  0.1000E-09  0.1000E-09  0.1000E-09  0.1000E-09  0.1269E+05  0.2792E+00
 5470.5347 14 14   25.5069    4.2081   25.5069    4.2081   -3.9660   -4.7485    0.0000    0.0000  -10.0000  -10.0000  0.5559E+11  0.2000E+09  0.0000E+00  0.0000E+00  0.1000E-09  0.1000E-09  0.1000E-09  0.1000E-09  0.1269E+05  0.2792E+00
 5480.5347 14 14   25.5069    4.2081   25.5069    4.2081   -3.9660   -4.7485    0.0000    0.0000  -10.0000  -10.0000  0.5559E+11  0.2000E+09  0.0000E+00  0.0000E+00  0.1000E-09  0.1000E-09  0.1000E-09  0.1000E-09  0.1269E+05  0.2792E+00
 5490.5347 14 14   25.5069    4.2081   25.5069    4.2081   -3.9660   -4.7485    0.0000    0.0000  -10.0000  -10.0000  0.5559E+11  0.2000E+09  0.0000E+00  0.0000E+00  0.1000E-09  0.1000E-09  0.1000E-09  0.1000E-09  0.1269E+05  0.2792E+00
 5500.5347 14 14   25.5069    4.2081   25.5069    4.2081   -3.9660   -4.7485    0.0000    0.0000  -10.0000  -10.0000  0.5559E+11  0.2000E+09  0.0000E+00  0.0000E+00  0.1000E-09  0.1000E-09  0.1000E-09  0.1000E-09  0.1269E+05  0.2792E+00
 5510.5347 14 14   25.5069    4.2081   25.5069    4.2081   -3.9660   -4.7485    0.0000    0.0000  -10.0000  -10.0000  0.5559E+11  0.2000E+09  0.0000E+00  0.0000E+00  0.1000E-09  0.1000E-09  0.1000E-09  0.1000E-09  0.1269E+05  0.2792E+00
 5520.5347 14 14   25.5069    4.2081   25.5069    4.2081   -3.9660   -4.7485    0.0000    0.0000  -10.0000  -10.0000  0.5559E+11  0.2000E+09  0.0000E+00  0.0000E+00  0.1000E-09  0.1000E-09  0.1000E-09  0.1000E-09  0.1269E+05  0.2792E+00
 5530.5347 14 14   25.5069    4.2081   25.5069    4.2081   -3.9660   -4.7485    0.0000    0.0000  -10.0000  -10.0000  0.5559E+11  0.2000E+09  0.0000E+00  0.0000E+00  0.1000E-09  0.1000E-09  0.1000E-09  0.1000E-09  0.1269E+05  0.2792E+00
 5540.5347 14 14   25.5069    4.2081   25.5069    4.2081   -3.9660   -4.7485    0.0000    0.0000  -10.0000  -10.0000  0.5559E+11  0.2000E+09  0.0000E+00  0.0000E+00  0.1000E-09  0.1000E-09  0.1000E-09  0.1000E-09  0.1269E+05  0.2792E+00
 5550.5347 14 14   25.5069    4.2081   25.5069    4.2081   -3.9660   -4.7485    0.0000    0.0000  -10.0000  -10.0000  0.5559E+11  0.2000E+09  0.0000E+00  0.0000E+00  0.1000E-09  0.1000E-09  0.1000E-09  0.1000E-09  0.1269E+05  0.2792E+00
 5560.5347 14 14   25.5069    4.2081   25.5069    4.2081   -3.9660   -4.7485    0.0000    0.0000  -10.0000  -10.0000  0.5559E+11  0.2000E+09  0.0000E+00  0.0000E+00  0.1000E-09  0.1000E-09  0.1000E-09  0.1000E-09  0.1269E+05  0.2792E+00
 5570.5347 14 14   25.5069    4.2081   25.5069    4.2081   -3.9660   -4.7485    0.0000    0.0000  -10.0000  -10.0000  0.5559E+11  0.2000E+09  0.0000E+00  0.0000E+00  0.1000E-09  0.1000E-09  0.1000E-09  0.1000E-09  0.1269E+05  0.2792E+00
 5580.5347 14 14   25.5069    4.2081   25.5069    4.2081   -3.9660   -4.7485    0.0000    0.0000  -10.0000  -10.0000  0.5559E+11  0.2000E+09  0.0000E+00  0.0000E+00  0.1000E-09  0.1000E-09  0.1000E-09  0.1000E-09  0.1269E+05  0.2792E+00
 5590.5347 14 14   25.5069    4.2081   25.5069    4.2081   -3.9660   -4.7485    0.0000    0.0000  -10.0000  -10.0000  0.5559E+11  0.2000E+09  0.0000E+00  0.0000E+00  0.1000E-09  0.1000E-09  0.1000E-09  0.1000E-09  0.1269E+05  0.2792E+00
 5600.5347 14 14   25.5069    4.2081   25.5069    4.2081   -3.9660   -4.7485    0.0000    0.0000  -10.0000  -10.0000  0.5559E+11  0.2000E+09  0.0000E+00  0.0000E+00  0.1000E-09  0.1000E-09  0.1000E-09  0.1000E-09  0.1269E+05  0.2792E+00
 5610.5347 14 14   25.5069    4.2081   25.5069    4.2081   -3.9660   -4.7485    0.0000    0.0000  -10.0000  -10.0000  0.5559E+11  0.2000E+09  0.0000E+00  0.0000E+00  0.1000E-09  0.1000E-09  0.1000E-09  0.1000E-09  0.1269E+05  0.2792E+00
 5620.5347 14 14   25.5069    4.2081   25.5069    4.2081   -3.9660   -4.7485    0.0000    0.0000  -10.0000  -10.0000  0.5559E+11  0.2000E+09  0.0000E+00  0.0000E+00  0.1000E-09  0.1000E-09  0.1000E-09  0.1000E-09  0.1269E+05  0.2792E+00
 5630.5347 14 14   25.5069    4.2081   25.5069    4.2081   -3.9660   -4.7485    0.0000    0.0000  -10.0000  -10.0000  0.5559E+11  0.2000E+09  0.0000E+00  0.0000E+00  0.1000E-09  0.1000E-09  0.1000E-09  0.1000E-09  0.1269E+05  0.2792E+00
 5640.5347 14 14   25.5069    4.2081   25.5069    4.2081   -3.9660   -4.7485    0.0000    0.0000  -10.0000  -10.0000  0.5559E+11  0.2000E+09  0.0000E+00  0.0000E+00  0.1000E-09  0.1000E-09  0.1000E-09  0.1000E-09  0.1269E+05  0.2792E+00
 5650.5347 14 14   25.5069    4.2081   25.5069    4.2081   -3.9660   -4.7485    0.0000    0.0000  -10.0000  -10.0000  0.5559E+11  0.2000E+09  0.0000E+00  0.0000E+00  0.1000E-09  0.1000E-09  0.1000E-09  0.1000E-09  0.1269E+05  0.2792E+00
 5660.5347 14 14   25.5069    4.2081   25.5069    4.2081   -3.9660   -4.7485    0.0000    0.0000  -10.0000  -10.0000  0.5559E+11  0.2000E+09  0.0000E+00  0.0000E+00  0.1000E-09  0.1000E-09  0.1000E-09  0.1000E-09  0.1269E+05  0.2792E+00
 5670.5347 14 14   25.5069    4.2081   25.5069    4.2081   -3.9660   -4.7485    0.0000    0.0000  -10.0000  -10.0000  0.5559E+11  0.2000E+09  0.0000E+00  0.0000E+00  0.1000E-09  0.1000E-09  0.1000E-09  0.1000E-09  0.1269E+05  0.2792E+00
 5680.5347 14 14   25.5069    4.2081   25.5069    4.2081   -3.9660   -4.7485    0.0000    0.0000  -10.0000  -10.0000  0.5559E+11  0.2000E+09  0.0000E+00  0.0000E+00  0.1000E-09  0.1000E-09  0.1000E-09  0.1000E-09  0.1269E+05  0.2792E+00
 5690.5347 14 14   25.5069    4.2081   25.5069    4.2081   -3.9660   -4.7485    0.0000    0.0000  -10.0000  -10.0000  0.5559E+11  0.2000E+09  0.0000E+00  0.0000E+00  0.1000E-09  0.1000E-09  0.1000E-09  0.1000E-09  0.1269E+05  0.2792E+00
 5700.5347 14 14   25.5069    4.2081   25.5069    4.2081   -3.9660   -4.7485    0.0000    0.0000  -10.0000  -10.0000  0.5559E+11  0.2000E+09  0.0000E+00  0.0000E+00  0.1000E-09  0.1000E-09  0.1000E-09  0.1000E-09  0.1269E+05  0.2792E+00
 5710.5347 14 14   25.5069    4.2081   25.5069    4.2081   -3.9660   -4.7485    0.0000    0.0000  -10.0000  -10.0000  0.5559E+11  0.2000E+09  0.0000E+00  0.0000E+00  0.1000E-09  0.1000E-09  0.1000E-09  0.1000E-09  0.1269E+05  0.2792E+00
 5720.5347 14 14   25.5069    4.2081   25.5069    4.2081   -3.9660   -4.7485    0.0000    0.0000  -10.0000  -10.0000  0.5559E+11  0.2000E+09  0.0000E+00  0.0000E+00  0.1000E-09  0.1000E-09  0.1000E-09  0.1000E-09  0.1269E+05  0.2792E+00
 5730.5347 14 14   25.5069    4.2081   25.5069    4.2081   -3.9660   -4.7485    0.0000    0.0000  -10.0000  -10.0000  0.5559E+11  0.2000E+09  0.0000E+00  0.0000E+00  0.1000E-09  0.1000E-09  0.1000E-09  0.1000E-09  0.1269E+05  0.2792E+00
 5740.5347 14 14   25.5069    4.2081   25.5069    4.2081   -3.9660   -4.7485    0.0000    0.0000  -10.0000  -10.0000  0.5559E+11  0.2000E+09  0.0000E+00  0.0000E+00  0.1000E-09  0.1000E-09  0.1000E-09  0.1000E-09  0.1269E+05  0.2792E+00
 5750.5347 14 14   25.5069    4.2081   25.5069    4.2081   -3.9660   -4.7485    0.0000    0.0000  -10.0000  -10.0000  0.5559E+11  0.2000E+09  0.0000E+00  0.0000E+00  0.1000E-09  0.1000E-09  0.1000E-09  0.1000E-09  0.1269E+05  0.2792E+00
 5760.5347 14 14   25.5069    4.2081   25.5069    4.2081   -3.9660   -4.7485    0.0000    0.0000  -10.0000  -10.0000  0.5559E+11  0.2000E+09  0.0000E+00  0.0000E+00  0.1000E-09  0.1000E-09  0.1000E-09  0.1000E-09  0.1269E+05  0.2792E+00
 5770.5347 14 14   25.5069    4.2081   25.5069    4.2081   -3.9660   -4.7485    0.0000    0.0000  -10.0000  -10.0000  0.5559E+11  0.2000E+09  0.0000E+00  0.0000E+00  0.1000E-09  0.1000E-09  0.1000E-09  0.1000E-09  0.1269E+05  0.2792E+00
 5780.5347 14 14   25.5069    4.2081   25.5069    4.2081   -3.9660   -4.7485    0.0000    0.0000  -10.0000  -10.0000  0.5559E+11  0.2000E+09  0.0000E+00  0.0000E+00  0.1000E-09  0.1000E-09  0.1000E-09  0.1000E-09  0.1269E+05  0.2792E+00
 5790.5347 14 14   25.5069    4.2081   25.5069    4.2081   -3.9660   -4.7485    0.0000    0.0000  -10.0000  -10.0000  0.5559E+11  0.2000E+09  0.0000E+00  0.0000E+00  0.1000E-09  0.1000E-09  0.1000E-09  0.1000E-09  0.1269E+05  0.2792E+00
 5800.5347 14 14   25.5069    4.2081   25.5069    4.2081   -3.9660   -4.7485    0.0000    0.0000  -10.0000  -10.0000  0.5559E+11  0.2000E+09  0.0000E+00  0.0000E+00  0.1000E-09  0.1000E-09  0.1000E-09  0.1000E-09  0.1269E+05  0.2792E+00
 5810.5347 14 14   25.5069    4.2081   25.5069    4.2081   -3.9660   -4.7485    0.0000    0.0000  -10.0000  -10.0000  0.5559E+11  0.2000E+09  0.0000E+00  0.0000E+00  0.1000E-09  0.1000E-09  0.1000E-09  0.1000E-09  0.1269E+05  0.2792E+00
 5820.5347 14 14   25.5069    4.2081   25.5069    4.2081   -3.9660   -4.7485    0.0000    0.0000  -10.0000  -10.0000  0.5559E+11  0.2000E+09  0.0000E+00  0.0000E+00  0.1000E-09  0.1000E-09  0.1000E-09  0.1000E-09  0.1269E+05  0.2792E+00
 5830.5347 14 14   25.5069    4.2081   25.5069    4.2081   -3.9660   -4.7485    0.0000    0.0000  -10.0000  -10.0000  0.5559E+11  0.2000E+09  0.0000E+00  0.0000E+00  0.1000E-09  0.1000E-09  0.1000E-09  0.1000E-09  0.1269E+05  0.2792E+00
 5840.5347 14 14   25.5069    4.2081   25.5069    4.2081   -3.9660   -4.7485    0.0000    0.0000  -10.0000  -10.0000  0.5559E+11  0.2000E+09  0.0000E+00  0.0000E+00  0.1000E-09  0.1000E-09  0.1000E-09  0.1000E-09  0.1269E+05  0.2792E+00
 5850.5347 14 14   25.5069    4.2081   25.5069    4.2081   -3.9660   -4.7485    0.0000    0.0000  -10.0000  -10.0000  0.5559E+11  0.2000E+09  0.0000E+00  0.0000E+00  0.1000E-09  0.1000E-09  0.1000E-09  0.1000E-09  0.1269E+05  0.2792E+00
 5860.5347 14 14   25.5069    4.2081   25.5069    4.2081   -3.9660   -4.7485    0.0000    0.0000  -10.0000  -10.0000  0.5559E+11  0.2000E+09  0.0000E+00  0.0000E+00  0.1000E-09  0.1000E-09  0.1000E-09  0.1000E-09  0.1269E+05  0.2792E+00
 5870.5347 14 14   25.5069    4.2081   25.5069    4.2081   -3.9660   -4.7485    0.0000    0.0000  -10.0000  -10.0000  0.5559E+11  0.2000E+09  0.0000E+00  0.0000E+00  0.1000E-09  0.1000E-09  0.1000E-09  0.1000E-09  0.1269E+05  0.2792E+00
 5880.5347 14 14   25.5069    4.2081   25.5069    4.2081   -3.9660   -4.7485    0.0000    0.0000  -10.0000  -10.0000  0.5559E+11  0.2000E+09  0.0000E+00  0.0000E+00  0.1000E-09  0.1000E-09  0.1000E-09  0.1000E-09  0.1269E+05  0.2792E+00
 5890.5347 14 14   25.5069    4.2081   25.5069    4.2081   -3.9660   -4.7485    0.0000    0.0000  -10.0000  -10.0000  0.5559E+11  0.2000E+09  0.0000E+00  0.0000E+00  0.1000E-09  0.1000E-09  0.1000E-09  0.1000E-09  0.1269E+05  0.2792E+00
 5900.5347 14 14   25.5069    4.2081   25.5069    4.2081   -3.9660   -4.7485    0.0000    0.0000  -10.0000  -10.0000  0.5559E+11  0.2000E+09  0.0000E+00  0.0000E+00  0.1000E-09  0.1000E-09  0.1000E-09  0.1000E-09  0.1269E+05  0.2792E+00
 5910.5347 14 14   25.5069    4.2081   25.5069    4.2081   -3.9660   -4.7485    0.0000    0.0000  -10.0000  -10.0000  0.5559E+11  0.2000E+09  0.0000E+00  0.0000E+00  0.1000E-09  0.1000E-09  0.1000E-09  0.1000E-09  0.1269E+05  0.2792E+00
 5920.5347 14 14   25.5069    4.2081   25.5069    4.2081   -3.9660   -4.7485    0.0000    0.0000  -10.0000  -10.0000  0.5559E+11  0.2000E+09  0.0000E+00  0.0000E+00  0.1000E-09  0.1000E-09  0.1000E-09  0.1000E-09  0.1269E+05  0.2792E+00
 5930.5347 14 14   25.5069    4.2081   25.5069    4.2081   -3.9660   -4.7485    0.0000    0.0000  -10.0000  -10.0000  0.5559E+11  0.2000E+09  0.0000E+00  0.0000E+00  0.1000E-09  0.1000E-09  0.1000E-09  0.1000E-09  0.1269E+05  0.2792E+00
 5940.5347 14 14   25.5069    4.2081   25.5069    4.2081   -3.9660   -4.7485    0.0000    0.0000  -10.0000  -10.0000  0.5559E+11  0.2000E+09  0.0000E+00  0.0000E+00  0.1000E-09  0.1000E-09  0.1000E-09  0.1000E-09  0.1269E+05  0.2792E+00
 5950.5347 14 14   25.5069    4.2081   25.5069    4.2081   -3.9660   -4.7485    0.0000    0.0000  -10.0000  -10.0000  0.5559E+11  0.2000E+09  0.0000E+00  0.0000E+00  0.1000E-09  0.1000E-09  0.1000E-09  0.1000E-09  0.1269E+05  0.2792E+00
 5960.5347 14 14   25.5069    4.2081   25.5069    4.2081   -3.9660   -4.7485    0.0000    0.0000  -10.0000  -10.0000  0.5559E+11  0.2000E+09  0.0000E+00  0.0000E+00  0.1000E-09  0.1000E-09  0.1000E-09  0.1000E-09  0.1269E+05  0.2792E+00
 5970.5347 14 14   25.5069    4.2081   25.5069    4.2081   -3.9660   -4.7485    0.0000    0.0000  -10.0000  -10.0000  0.5559E+11  0.2000E+09  0.0000E+00  0.0000E+00  0.1000E-09  0.1000E-09  0.1000E-09  0.1000E-09  0.1269E+05  0.2792E+00
 5980.5347 14 14   25.5069    4.2081   25.5069    4.2081   -3.9660   -4.7485    0.0000    0.0000  -10.0000  -10.0000  0.5559E+11  0.2000E+09  0.0000E+00  0.0000E+00  0.1000E-09  0.1000E-09  0.1000E-09  0.1000E-09  0.1269E+05  0.2792E+00
 5990.5347 14 14   25.5069    4.2081   25.5069    4.2081   -3.9660   -4.7485    0.0000    0.0000  -10.0000  -10.0000  0.5559E+11  0.2000E+09  0.0000E+00  0.0000E+00  0.1000E-09  0.1000E-09  0.1000E-09  0.1000E-09  0.1269E+05  0.2792E+00
 6000.5347 14 14   25.5069    4.2081   25.5069    4.2081   -3.9660   -4.7485    0.0000    0.0000  -10.0000  -10.0000  0.5559E+11  0.2000E+09  0.0000E+00  0.0000E+00  0.1000E-09  0.1000E-09  0.1000E-09  0.1000E-09  0.1269E+05  0.2792E+00
 6010.5347 14 14   25.5069    4.2081   25.5069    4.2081   -3.9660   -4.7485    0.0000    0.0000  -10.0000  -10.0000  0.5559E+11  0.2000E+09  0.0000E+00  0.0000E+00  0.1000E-09  0.1000E-09  0.1000E-09  0.1000E-09  0.1269E+05  0.2792E+00
 6020.5347 14 14   25.5069    4.2081   25.5069    4.2081   -3.9660   -4.7485    0.0000    0.0000  -10.0000  -10.0000  0.5559E+11  0.2000E+09  0.0000E+00  0.0000E+00  0.1000E-09  0.1000E-09  0.1000E-09  0.1000E-09  0.1269E+05  0.2792E+00
 6030.5347 14 14   25.5069    4.2081   25.5069    4.2081   -3.9660   -4.7485    0.0000    0.0000  -10.0000  -10.0000  0.5559E+11  0.2000E+09  0.0000E+00  0.0000E+00  0.1000E-09  0.1000E-09  0.1000E-09  0.1000E-09  0.1269E+05  0.2792E+00
 6040.5347 14 14   25.5069    4.2081   25.5069    4.2081   -3.9660   -4.7485    0.0000    0.0000  -10.0000  -10.0000  0.5559E+11  0.2000E+09  0.0000E+00  0.0000E+00  0.1000E-09  0.1000E-09  0.1000E-09  0.1000E-09  0.1269E+05  0.2792E+00
 6050.5347 14 14   25.5069    4.2081   25.5069    4.2081   -3.9660   -4.7485    0.0000    0.0000  -10.0000  -10.0000  0.5559E+11  0.2000E+09  0.0000E+00  0.0000E+00  0.1000E-09  0.1000E-09  0.1000E-09  0.1000E-09  0.1269E+05  0.2792E+00
 6060.5347 14 14   25.5069    4.2081   25.5069    4.2081   -3.9660   -4.7485    0.0000    0.0000  -10.0000  -10.0000  0.5559E+11  0.2000E+09  0.0000E+00  0.0000E+00  0.1000E-09  0.1000E-09  0.1000E-09  0.1000E-09  0.1269E+05  0.2792E+00
 6070.5347 14 14   25.5069    4.2081   25.5069    4.2081   -3.9660   -4.7485    0.0000    0.0000  -10.0000  -10.0000  0.5559E+11  0.2000E+09  0.0000E+00  0.0000E+00  0.1000E-09  0.1000E-09  0.1000E-09  0.1000E-09  0.1269E+05  0.2792E+00
 6080.5347 14 14   25.5069    4.2081   25.5069    4.2081   -3.9660   -4.7485    0.0000    0.0000  -10.0000  -10.0000  0.5559E+11  0.2000E+09  0.0000E+00  0.0000E+00  0.1000E-09  0.1000E-09  0.1000E-09  0.1000E-09  0.1269E+05  0.2792E+00
 6090.5347 14 14   25.5069    4.2081   25.5069    4.2081   -3.9660   -4.7485    0.0000    0.0000  -10.0000  -10.0000  0.5559E+11  0.2000E+09  0.0000E+00  0.0000E+00  0.1000E-09  0.1000E-09  0.1000E-09  0.1000E-09  0.1269E+05  0.2792E+00
 6100.5347 14 14   25.5069    4.2081   25.5069    4.2081   -3.9660   -4.7485    0.0000    0.0000  -10.0000  -10.0000  0.5559E+11  0.2000E+09  0.0000E+00  0.0000E+00  0.1000E-09  0.1000E-09  0.1000E-09  0.1000E-09  0.1269E+05  0.2792E+00
 6110.5347 14 14   25.5069    4.2081   25.5069    4.2081   -3.9660   -4.7485    0.0000    0.0000  -10.0000  -10.0000  0.5559E+11  0.2000E+09  0.0000E+00  0.0000E+00  0.1000E-09  0.1000E-09  0.1000E-09  0.1000E-09  0.1269E+05  0.2792E+00
 6120.5347 14 14   25.5069    4.2081   25.5069    4.2081   -3.9660   -4.7485    0.0000    0.0000  -10.0000  -10.0000  0.5559E+11  0.2000E+09  0.0000E+00  0.0000E+00  0.1000E-09  0.1000E-09  0.1000E-09  0.1000E-09  0.1269E+05  0.2792E+00
 6130.5347 14 14   25.5069    4.2081   25.5069    4.2081   -3.9660   -4.7485    0.0000    0.0000  -10.0000  -10.0000  0.5559E+11  0.2000E+09  0.0000E+00  0.0000E+00  0.1000E-09  0.1000E-09  0.1000E-09  0.1000E-09  0.1269E+05  0.2792E+00
 6140.5347 14 14   25.5069    4.2081   25.5069    4.2081   -3.9660   -4.7485    0.0000    0.0000  -10.0000  -10.0000  0.5559E+11  0.2000E+09  0.0000E+00  0.0000E+00  0.1000E-09  0.1000E-09  0.1000E-09  0.1000E-09  0.1269E+05  0.2792E+00
 6150.5347 14 14   25.5069    4.2081   25.5069    4.2081   -3.9660   -4.7485    0.0000    0.0000  -10.0000  -10.0000  0.5559E+11  0.2000E+09  0.0000E+00  0.0000E+00  0.1000E-09  0.1000E-09  0.1000E-09  0.1000E-09  0.1269E+05  0.2792E+00
 6160.5347 14 14   25.5069    4.2081   25.5069    4.2081   -3.9660   -4.7485    0.0000    0.0000  -10.0000  -10.0000  0.5559E+11  0.2000E+09  0.0000E+00  0.0000E+00  0.1000E-09  0.1000E-09  0.1000E-09  0.1000E-09  0.1269E+05  0.2792E+00
 6170.5347 14 14   25.5069    4.2081   25.5069    4.2081   -3.9660   -4.7485    0.0000    0.0000  -10.0000  -10.0000  0.5559E+11  0.2000E+09  0.0000E+00  0.0000E+00  0.1000E-09  0.1000E-09  0.1000E-09  0.1000E-09  0.1269E+05  0.2792E+00
 6180.5347 14 14   25.5069    4.2081   25.5069    4.2081   -3.9660   -4.7485    0.0000    0.0000  -10.0000  -10.0000  0.5559E+11  0.2000E+09  0.0000E+00  0.0000E+00  0.1000E-09  0.1000E-09  0.1000E-09  0.1000E-09  0.1269E+05  0.2792E+00
 6190.5347 14 14   25.5069    4.2081   25.5069    4.2081   -3.9660   -4.7485    0.0000    0.0000  -10.0000  -10.0000  0.5559E+11  0.2000E+09  0.0000E+00  0.0000E+00  0.1000E-09  0.1000E-09  0.1000E-09  0.1000E-09  0.1269E+05  0.2792E+00
 6200.5347 14 14   25.5069    4.2081   25.5069    4.2081   -3.9660   -4.7485    0.0000    0.0000  -10.0000  -10.0000  0.5559E+11  0.2000E+09  0.0000E+00  0.0000E+00  0.1000E-09  0.1000E-09  0.1000E-09  0.1000E-09  0.1269E+05  0.2792E+00
 6210.5347 14 14   25.5069    4.2081   25.5069    4.2081   -3.9660   -4.7485    0.0000    0.0000  -10.0000  -10.0000  0.5559E+11  0.2000E+09  0.0000E+00  0.0000E+00  0.1000E-09  0.1000E-09  0.1000E-09  0.1000E-09  0.1269E+05  0.2792E+00
 6220.5347 14 14   25.5069    4.2081   25.5069    4.2081   -3.9660   -4.7485    0.0000    0.0000  -10.0000  -10.0000  0.5559E+11  0.2000E+09  0.0000E+00  0.0000E+00  0.1000E-09  0.1000E-09  0.1000E-09  0.1000E-09  0.1269E+05  0.2792E+00
 6230.5347 14 14   25.5069    4.2081   25.5069    4.2081   -3.9660   -4.7485    0.0000    0.0000  -10.0000  -10.0000  0.5559E+11  0.2000E+09  0.0000E+00  0.0000E+00  0.1000E-09  0.1000E-09  0.1000E-09  0.1000E-09  0.1269E+05  0.2792E+00
 6240.5347 14 14   25.5069    4.2081   25.5069    4.2081   -3.9660   -4.7485    0.0000    0.0000  -10.0000  -10.0000  0.5559E+11  0.2000E+09  0.0000E+00  0.0000E+00  0.1000E-09  0.1000E-09  0.1000E-09  0.1000E-09  0.1269E+05  0.2792E+00
 6250.5347 14 14   25.5069    4.2081   25.5069    4.2081   -3.9660   -4.7485    0.0000    0.0000  -10.0000  -10.0000  0.5559E+11  0.2000E+09  0.0000E+00  0.0000E+00  0.1000E-09  0.1000E-09  0.1000E-09  0.1000E-09  0.1269E+05  0.2792E+00
 6260.5347 14 14   25.5069    4.2081   25.5069    4.2081   -3.9660   -4.7485    0.0000    0.0000  -10.0000  -10.0000  0.5559E+11  0.2000E+09  0.0000E+00  0.0000E+00  0.1000E-09  0.1000E-09  0.1000E-09  0.1000E-09  0.1269E+05  0.2792E+00
 6270.5347 14 14   25.5069    4.2081   25.5069    4.2081   -3.9660   -4.7485    0.0000    0.0000  -10.0000  -10.0000  0.5559E+11  0.2000E+09  0.0000E+00  0.0000E+00  0.1000E-09  0.1000E-09  0.1000E-09  0.1000E-09  0.1269E+05  0.2792E+00
 6280.5347 14 14   25.5069    4.2081   25.5069    4.2081   -3.9660   -4.7485    0.0000    0.0000  -10.0000  -10.0000  0.5559E+11  0.2000E+09  0.0000E+00  0.0000E+00  0.1000E-09  0.1000E-09  0.1000E-09  0.1000E-09  0.1269E+05  0.2792E+00
 6290.5347 14 14   25.5069    4.2081   25.5069    4.2081   -3.9660   -4.7485    0.0000    0.0000  -10.0000  -10.0000  0.5559E+11  0.2000E+09  0.0000E+00  0.0000E+00  0.1000E-09  0.1000E-09  0.1000E-09  0.1000E-09  0.1269E+05  0.2792E+00
 6300.5347 14 14   25.5069    4.2081   25.5069    4.2081   -3.9660   -4.7485    0.0000    0.0000  -10.0000  -10.0000  0.5559E+11  0.2000E+09  0.0000E+00  0.0000E+00  0.1000E-09  0.1000E-09  0.1000E-09  0.1000E-09  0.1269E+05  0.2792E+00
 6310.5347 14 14   25.5069    4.2081   25.5069    4.2081   -3.9660   -4.7485    0.0000    0.0000  -10.0000  -10.0000  0.5559E+11  0.2000E+09  0.0000E+00  0.0000E+00  0.1000E-09  0.1000E-09  0.1000E-09  0.1000E-09  0.1269E+05  0.2792E+00
 6320.5347 14 14   25.5069    4.2081   25.5069    4.2081   -3.9660   -4.7485    0.0000    0.0000  -10.0000  -10.0000  0.5559E+11  0.2000E+09  0.0000E+00  0.0000E+00  0.1000E-09  0.1000E-09  0.1000E-09  0.1000E-09  0.1269E+05  0.2792E+00
 6330.5347 14 14   25.5069    4.2081   25.5069    4.2081   -3.9660   -4.7485    0.0000    0.0000  -10.0000  -10.0000  0.5559E+11  0.2000E+09  0.0000E+00  0.0000E+00  0.1000E-09  0.1000E-09  0.1000E-09  0.1000E-09  0.1269E+05  0.2792E+00
 6340.5347 14 14   25.5069    4.2081   25.5069    4.2081   -3.9660   -4.7485    0.0000    0.0000  -10.0000  -10.0000  0.5559E+11  0.2000E+09  0.0000E+00  0.0000E+00  0.1000E-09  0.1000E-09  0.1000E-09  0.1000E-09  0.1269E+05  0.2792E+00
 6350.5347 14 14   25.5069    4.2081   25.5069    4.2081   -3.9660   -4.7485    0.0000    0.0000  -10.0000  -10.0000  0.5559E+11  0.2000E+09  0.0000E+00  0.0000E+00  0.1000E-09  0.1000E-09  0.1000E-09  0.1000E-09  0.1269E+05  0.2792E+00
 6360.5347 14 14   25.5069    4.2081   25.5069    4.2081   -3.9660   -4.7485    0.0000    0.0000  -10.0000  -10.0000  0.5559E+11  0.2000E+09  0.0000E+00  0.0000E+00  0.1000E-09  0.1000E-09  0.1000E-09  0.1000E-09  0.1269E+05  0.2792E+00
 6370.5347 14 14   25.5069    4.2081   25.5069    4.2081   -3.9660   -4.7485    0.0000    0.0000  -10.0000  -10.0000  0.5559E+11  0.2000E+09  0.0000E+00  0.0000E+00  0.1000E-09  0.1000E-09  0.1000E-09  0.1000E-09  0.1269E+05  0.2792E+00
 6380.5347 14 14   25.5069    4.2081   25.5069    4.2081   -3.9660   -4.7485    0.0000    0.0000  -10.0000  -10.0000  0.5559E+11  0.2000E+09  0.0000E+00  0.0000E+00  0.1000E-09  0.1000E-09  0.1000E-09  0.1000E-09  0.1269E+05  0.2792E+00
 6390.5347 14 14   25.5069    4.2081   25.5069    4.2081   -3.9660   -4.7485    0.0000    0.0000  -10.0000  -10.0000  0.5559E+11  0.2000E+09  0.0000E+00  0.0000E+00  0.1000E-09  0.1000E-09  0.1000E-09  0.1000E-09  0.1269E+05  0.2792E+00
 6400.5347 14 14   25.5069    4.2081   25.5069    4.2081   -3.9660   -4.7485    0.0000    0.0000  -10.0000  -10.0000  0.5559E+11  0.2000E+09  0.0000E+00  0.0000E+00  0.1000E-09  0.1000E-09  0.1000E-09  0.1000E-09  0.1269E+05  0.2792E+00
 6410.5347 14 14   25.5069    4.2081   25.5069    4.2081   -3.9660   -4.7485    0.0000    0.0000  -10.0000  -10.0000  0.5559E+11  0.2000E+09  0.0000E+00  0.0000E+00  0.1000E-09  0.1000E-09  0.1000E-09  0.1000E-09  0.1269E+05  0.2792E+00
 6420.5347 14 14   25.5069    4.2081   25.5069    4.2081   -3.9660   -4.7485    0.0000    0.0000  -10.0000  -10.0000  0.5559E+11  0.2000E+09  0.0000E+00  0.0000E+00  0.1000E-09  0.1000E-09  0.1000E-09  0.1000E-09  0.1269E+05  0.2792E+00
 6430.5347 14 14   25.5069    4.2081   25.5069    4.2081   -3.9660   -4.7485    0.0000    0.0000  -10.0000  -10.0000  0.5559E+11  0.2000E+09  0.0000E+00  0.0000E+00  0.1000E-09  0.1000E-09  0.1000E-09  0.1000E-09  0.1269E+05  0.2792E+00
 6440.5347 14 14   25.5069    4.2081   25.5069    4.2081   -3.9660   -4.7485    0.0000    0.0000  -10.0000  -10.0000  0.5559E+11  0.2000E+09  0.0000E+00  0.0000E+00  0.1000E-09  0.1000E-09  0.1000E-09  0.1000E-09  0.1269E+05  0.2792E+00
 6450.5347 14 14   25.5069    4.2081   25.5069    4.2081   -3.9660   -4.7485    0.0000    0.0000  -10.0000  -10.0000  0.5559E+11  0.2000E+09  0.0000E+00  0.0000E+00  0.1000E-09  0.1000E-09  0.1000E-09  0.1000E-09  0.1269E+05  0.2792E+00
 6460.5347 14 14   25.5069    4.2081   25.5069    4.2081   -3.9660   -4.7485    0.0000    0.0000  -10.0000  -10.0000  0.5559E+11  0.2000E+09  0.0000E+00  0.0000E+00  0.1000E-09  0.1000E-09  0.1000E-09  0.1000E-09  0.1269E+05  0.2792E+00
 6470.5347 14 14   25.5069    4.2081   25.5069    4.2081   -3.9660   -4.7485    0.0000    0.0000  -10.0000  -10.0000  0.5559E+11  0.2000E+09  0.0000E+00  0.0000E+00  0.1000E-09  0.1000E-09  0.1000E-09  0.1000E-09  0.1269E+05  0.2792E+00
 6480.5347 14 14   25.5069    4.2081   25.5069    4.2081   -3.9660   -4.7485    0.0000    0.0000  -10.0000  -10.0000  0.5559E+11  0.2000E+09  0.0000E+00  0.0000E+00  0.1000E-09  0.1000E-09  0.1000E-09  0.1000E-09  0.1269E+05  0.2792E+00
 6490.5347 14 14   25.5069    4.2081   25.5069    4.2081   -3.9660   -4.7485    0.0000    0.0000  -10.0000  -10.0000  0.5559E+11  0.2000E+09  0.0000E+00  0.0000E+00  0.1000E-09  0.1000E-09  0.1000E-09  0.1000E-09  0.1269E+05  0.2792E+00
 6500.5347 14 14   25.5069    4.2081   25.5069    4.2081   -3.9660   -4.7485    0.0000    0.0000  -10.0000  -10.0000  0.5559E+11  0.2000E+09  0.0000E+00  0.0000E+00  0.1000E-09  0.1000E-09  0.1000E-09  0.1000E-09  0.1269E+05  0.2792E+00
 6510.5347 14 14   25.5069    4.2081   25.5069    4.2081   -3.9660   -4.7485    0.0000    0.0000  -10.0000  -10.0000  0.5559E+11  0.2000E+09  0.0000E+00  0.0000E+00  0.1000E-09  0.1000E-09  0.1000E-09  0.1000E-09  0.1269E+05  0.2792E+00
 6520.5347 14 14   25.5069    4.2081   25.5069    4.2081   -3.9660   -4.7485    0.0000    0.0000  -10.0000  -10.0000  0.5559E+11  0.2000E+09  0.0000E+00  0.0000E+00  0.1000E-09  0.1000E-09  0.1000E-09  0.1000E-09  0.1269E+05  0.2792E+00
 6530.5347 14 14   25.5069    4.2081   25.5069    4.2081   -3.9660   -4.7485    0.0000    0.0000  -10.0000  -10.0000  0.5559E+11  0.2000E+09  0.0000E+00  0.0000E+00  0.1000E-09  0.1000E-09  0.1000E-09  0.1000E-09  0.1269E+05  0.2792E+00
 6540.5347 14 14   25.5069    4.2081   25.5069    4.2081   -3.9660   -4.7485    0.0000    0.0000  -10.0000  -10.0000  0.5559E+11  0.2000E+09  0.0000E+00  0.0000E+00  0.1000E-09  0.1000E-09  0.1000E-09  0.1000E-09  0.1269E+05  0.2792E+00
 6550.5347 14 14   25.5069    4.2081   25.5069    4.2081   -3.9660   -4.7485    0.0000    0.0000  -10.0000  -10.0000  0.5559E+11  0.2000E+09  0.0000E+00  0.0000E+00  0.1000E-09  0.1000E-09  0.1000E-09  0.1000E-09  0.1269E+05  0.2792E+00
 6560.5347 14 14   25.5069    4.2081   25.5069    4.2081   -3.9660   -4.7485    0.0000    0.0000  -10.0000  -10.0000  0.5559E+11  0.2000E+09  0.0000E+00  0.0000E+00  0.1000E-09  0.1000E-09  0.1000E-09  0.1000E-09  0.1269E+05  0.2792E+00
 6570.5347 14 14   25.5069    4.2081   25.5069    4.2081   -3.9660   -4.7485    0.0000    0.0000  -10.0000  -10.0000  0.5559E+11  0.2000E+09  0.0000E+00  0.0000E+00  0.1000E-09  0.1000E-09  0.1000E-09  0.1000E-09  0.1269E+05  0.2792E+00
 6580.5347 14 14   25.5069    4.2081   25.5069    4.2081   -3.9660   -4.7485    0.0000    0.0000  -10.0000  -10.0000  0.5559E+11  0.2000E+09  0.0000E+00  0.0000E+00  0.1000E-09  0.1000E-09  0.1000E-09  0.1000E-09  0.1269E+05  0.2792E+00
 6590.5347 14 14   25.5069    4.2081   25.5069    4.2081   -3.9660   -4.7485    0.0000    0.0000  -10.0000  -10.0000  0.5559E+11  0.2000E+09  0.0000E+00  0.0000E+00  0.1000E-09  0.1000E-09  0.1000E-09  0.1000E-09  0.1269E+05  0.2792E+00
 6600.5347 14 14   25.5069    4.2081   25.5069    4.2081   -3.9660   -4.7485    0.0000    0.0000  -10.0000  -10.0000  0.5559E+11  0.2000E+09  0.0000E+00  0.0000E+00  0.1000E-09  0.1000E-09  0.1000E-09  0.1000E-09  0.1269E+05  0.2792E+00
 6610.5347 14 14   25.5069    4.2081   25.5069    4.2081   -3.9660   -4.7485    0.0000    0.0000  -10.0000  -10.0000  0.5559E+11  0.2000E+09  0.0000E+00  0.0000E+00  0.1000E-09  0.1000E-09  0.1000E-09  0.1000E-09  0.1269E+05  0.2792E+00
 6620.5347 14 14   25.5069    4.2081   25.5069    4.2081   -3.9660   -4.7485    0.0000    0.0000  -10.0000  -10.0000  0.5559E+11  0.2000E+09  0.0000E+00  0.0000E+00  0.1000E-09  0.1000E-09  0.1000E-09  0.1000E-09  0.1269E+05  0.2792E+00
 6630.5347 14 14   25.5069    4.2081   25.5069    4.2081   -3.9660   -4.7485    0.0000    0.0000  -10.0000  -10.0000  0.5559E+11  0.2000E+09  0.0000E+00  0.0000E+00  0.1000E-09  0.1000E-09  0.1000E-09  0.1000E-09  0.1269E+05  0.2792E+00
 6640.5347 14 14   25.5069    4.2081   25.5069    4.2081   -3.9660   -4.7485    0.0000    0.0000  -10.0000  -10.0000  0.5559E+11  0.2000E+09  0.0000E+00  0.0000E+00  0.1000E-09  0.1000E-09  0.1000E-09  0.1000E-09  0.1269E+05  0.2792E+00
 6650.5347 14 14   25.5069    4.2081   25.5069    4.2081   -3.9660   -4.7485    0.0000    0.0000  -10.0000  -10.0000  0.5559E+11  0.2000E+09  0.0000E+00  0.0000E+00  0.1000E-09  0.1000E-09  0.1000E-09  0.1000E-09  0.1269E+05  0.2792E+00
 6660.5347 14 14   25.5069    4.2081   25.5069    4.2081   -3.9660   -4.7485    0.0000    0.0000  -10.0000  -10.0000  0.5559E+11  0.2000E+09  0.0000E+00  0.0000E+00  0.1000E-09  0.1000E-09  0.1000E-09  0.1000E-09  0.1269E+05  0.2792E+00
 6670.5347 14 14   25.5069    4.2081   25.5069    4.2081   -3.9660   -4.7485    0.0000    0.0000  -10.0000  -10.0000  0.5559E+11  0.2000E+09  0.0000E+00  0.0000E+00  0.1000E-09  0.1000E-09  0.1000E-09  0.1000E-09  0.1269E+05  0.2792E+00
 6680.5347 14 14   25.5069    4.2081   25.5069    4.2081   -3.9660   -4.7485    0.0000    0.0000  -10.0000  -10.0000  0.5559E+11  0.2000E+09  0.0000E+00  0.0000E+00  0.1000E-09  0.1000E-09  0.1000E-09  0.1000E-09  0.1269E+05  0.2792E+00
 6690.5347 14 14   25.5069    4.2081   25.5069    4.2081   -3.9660   -4.7485    0.0000    0.0000  -10.0000  -10.0000  0.5559E+11  0.2000E+09  0.0000E+00  0.0000E+00  0.1000E-09  0.1000E-09  0.1000E-09  0.1000E-09  0.1269E+05  0.2792E+00
 6700.5347 14 14   25.5069    4.2081   25.5069    4.2081   -3.9660   -4.7485    0.0000    0.0000  -10.0000  -10.0000  0.5559E+11  0.2000E+09  0.0000E+00  0.0000E+00  0.1000E-09  0.1000E-09  0.1000E-09  0.1000E-09  0.1269E+05  0.2792E+00
 6710.5347 14 14   25.5069    4.2081   25.5069    4.2081   -3.9660   -4.7485    0.0000    0.0000  -10.0000  -10.0000  0.5559E+11  0.2000E+09  0.0000E+00  0.0000E+00  0.1000E-09  0.1000E-09  0.1000E-09  0.1000E-09  0.1269E+05  0.2792E+00
 6720.5347 14 14   25.5069    4.2081   25.5069    4.2081   -3.9660   -4.7485    0.0000    0.0000  -10.0000  -10.0000  0.5559E+11  0.2000E+09  0.0000E+00  0.0000E+00  0.1000E-09  0.1000E-09  0.1000E-09  0.1000E-09  0.1269E+05  0.2792E+00
 6730.5347 14 14   25.5069    4.2081   25.5069    4.2081   -3.9660   -4.7485    0.0000    0.0000  -10.0000  -10.0000  0.5559E+11  0.2000E+09  0.0000E+00  0.0000E+00  0.1000E-09  0.1000E-09  0.1000E-09  0.1000E-09  0.1269E+05  0.2792E+00
 6740.5347 14 14   25.5069    4.2081   25.5069    4.2081   -3.9660   -4.7485    0.0000    0.0000  -10.0000  -10.0000  0.5559E+11  0.2000E+09  0.0000E+00  0.0000E+00  0.1000E-09  0.1000E-09  0.1000E-09  0.1000E-09  0.1269E+05  0.2792E+00
 6750.5347 14 14   25.5069    4.2081   25.5069    4.2081   -3.9660   -4.7485    0.0000    0.0000  -10.0000  -10.0000  0.5559E+11  0.2000E+09  0.0000E+00  0.0000E+00  0.1000E-09  0.1000E-09  0.1000E-09  0.1000E-09  0.1269E+05  0.2792E+00
 6760.5347 14 14   25.5069    4.2081   25.5069    4.2081   -3.9660   -4.7485    0.0000    0.0000  -10.0000  -10.0000  0.5559E+11  0.2000E+09  0.0000E+00  0.0000E+00  0.1000E-09  0.1000E-09  0.1000E-09  0.1000E-09  0.1269E+05  0.2792E+00
 6770.5347 14 14   25.5069    4.2081   25.5069    4.2081   -3.9660   -4.7485    0.0000    0.0000  -10.0000  -10.0000  0.5559E+11  0.2000E+09  0.0000E+00  0.0000E+00  0.1000E-09  0.1000E-09  0.1000E-09  0.1000E-09  0.1269E+05  0.2792E+00
 6780.5347 14 14   25.5069    4.2081   25.5069    4.2081   -3.9660   -4.7485    0.0000    0.0000  -10.0000  -10.0000  0.5559E+11  0.2000E+09  0.0000E+00  0.0000E+00  0.1000E-09  0.1000E-09  0.1000E-09  0.1000E-09  0.1269E+05  0.2792E+00
 6790.5347 14 14   25.5069    4.2081   25.5069    4.2081   -3.9660   -4.7485    0.0000    0.0000  -10.0000  -10.0000  0.5559E+11  0.2000E+09  0.0000E+00  0.0000E+00  0.1000E-09  0.1000E-09  0.1000E-09  0.1000E-09  0.1269E+05  0.2792E+00
 6800.5347 14 14   25.5069    4.2081   25.5069    4.2081   -3.9660   -4.7485    0.0000    0.0000  -10.0000  -10.0000  0.5559E+11  0.2000E+09  0.0000E+00  0.0000E+00  0.1000E-09  0.1000E-09  0.1000E-09  0.1000E-09  0.1269E+05  0.2792E+00
 6810.5347 14 14   25.5069    4.2081   25.5069    4.2081   -3.9660   -4.7485    0.0000    0.0000  -10.0000  -10.0000  0.5559E+11  0.2000E+09  0.0000E+00  0.0000E+00  0.1000E-09  0.1000E-09  0.1000E-09  0.1000E-09  0.1269E+05  0.2792E+00
 6820.5347 14 14   25.5069    4.2081   25.5069    4.2081   -3.9660   -4.7485    0.0000    0.0000  -10.0000  -10.0000  0.5559E+11  0.2000E+09  0.0000E+00  0.0000E+00  0.1000E-09  0.1000E-09  0.1000E-09  0.1000E-09  0.1269E+05  0.2792E+00
 6830.5347 14 14   25.5069    4.2081   25.5069    4.2081   -3.9660   -4.7485    0.0000    0.0000  -10.0000  -10.0000  0.5559E+11  0.2000E+09  0.0000E+00  0.0000E+00  0.1000E-09  0.1000E-09  0.1000E-09  0.1000E-09  0.1269E+05  0.2792E+00
 6840.5347 14 14   25.5069    4.2081   25.5069    4.2081   -3.9660   -4.7485    0.0000    0.0000  -10.0000  -10.0000  0.5559E+11  0.2000E+09  0.0000E+00  0.0000E+00  0.1000E-09  0.1000E-09  0.1000E-09  0.1000E-09  0.1269E+05  0.2792E+00
 6850.5347 14 14   25.5069    4.2081   25.5069    4.2081   -3.9660   -4.7485    0.0000    0.0000  -10.0000  -10.0000  0.5559E+11  0.2000E+09  0.0000E+00  0.0000E+00  0.1000E-09  0.1000E-09  0.1000E-09  0.1000E-09  0.1269E+05  0.2792E+00
 6860.5347 14 14   25.5069    4.2081   25.5069    4.2081   -3.9660   -4.7485    0.0000    0.0000  -10.0000  -10.0000  0.5559E+11  0.2000E+09  0.0000E+00  0.0000E+00  0.1000E-09  0.1000E-09  0.1000E-09  0.1000E-09  0.1269E+05  0.2792E+00
 6870.5347 14 14   25.5069    4.2081   25.5069    4.2081   -3.9660   -4.7485    0.0000    0.0000  -10.0000  -10.0000  0.5559E+11  0.2000E+09  0.0000E+00  0.0000E+00  0.1000E-09  0.1000E-09  0.1000E-09  0.1000E-09  0.1269E+05  0.2792E+00
 6880.5347 14 14   25.5069    4.2081   25.5069    4.2081   -3.9660   -4.7485    0.0000    0.0000  -10.0000  -10.0000  0.5559E+11  0.2000E+09  0.0000E+00  0.0000E+00  0.1000E-09  0.1000E-09  0.1000E-09  0.1000E-09  0.1269E+05  0.2792E+00
 6890.5347 14 14   25.5069    4.2081   25.5069    4.2081   -3.9660   -4.7485    0.0000    0.0000  -10.0000  -10.0000  0.5559E+11  0.2000E+09  0.0000E+00  0.0000E+00  0.1000E-09  0.1000E-09  0.1000E-09  0.1000E-09  0.1269E+05  0.2792E+00
 6900.5347 14 14   25.5069    4.2081   25.5069    4.2081   -3.9660   -4.7485    0.0000    0.0000  -10.0000  -10.0000  0.5559E+11  0.2000E+09  0.0000E+00  0.0000E+00  0.1000E-09  0.1000E-09  0.1000E-09  0.1000E-09  0.1269E+05  0.2792E+00
 6910.5347 14 14   25.5069    4.2081   25.5069    4.2081   -3.9660   -4.7485    0.0000    0.0000  -10.0000  -10.0000  0.5559E+11  0.2000E+09  0.0000E+00  0.0000E+00  0.1000E-09  0.1000E-09  0.1000E-09  0.1000E-09  0.1269E+05  0.2792E+00
 6920.5347 14 14   25.5069    4.2081   25.5069    4.2081   -3.9660   -4.7485    0.0000    0.0000  -10.0000  -10.0000  0.5559E+11  0.2000E+09  0.0000E+00  0.0000E+00  0.1000E-09  0.1000E-09  0.1000E-09  0.1000E-09  0.1269E+05  0.2792E+00
 6930.5347 14 14   25.5069    4.2081   25.5069    4.2081   -3.9660   -4.7485    0.0000    0.0000  -10.0000  -10.0000  0.5559E+11  0.2000E+09  0.0000E+00  0.0000E+00  0.1000E-09  0.1000E-09  0.1000E-09  0.1000E-09  0.1269E+05  0.2792E+00
 6940.5347 14 14   25.5069    4.2081   25.5069    4.2081   -3.9660   -4.7485    0.0000    0.0000  -10.0000  -10.0000  0.5559E+11  0.2000E+09  0.0000E+00  0.0000E+00  0.1000E-09  0.1000E-09  0.1000E-09  0.1000E-09  0.1269E+05  0.2792E+00
 6950.5347 14 14   25.5069    4.2081   25.5069    4.2081   -3.9660   -4.7485    0.0000    0.0000  -10.0000  -10.0000  0.5559E+11  0.2000E+09  0.0000E+00  0.0000E+00  0.1000E-09  0.1000E-09  0.1000E-09  0.1000E-09  0.1269E+05  0.2792E+00
 6960.5347 14 14   25.5069    4.2081   25.5069    4.2081   -3.9660   -4.7485    0.0000    0.0000  -10.0000  -10.0000  0.5559E+11  0.2000E+09  0.0000E+00  0.0000E+00  0.1000E-09  0.1000E-09  0.1000E-09  0.1000E-09  0.1269E+05  0.2792E+00
 6970.5347 14 14   25.5069    4.2081   25.5069    4.2081   -3.9660   -4.7485    0.0000    0.0000  -10.0000  -10.0000  0.5559E+11  0.2000E+09  0.0000E+00  0.0000E+00  0.1000E-09  0.1000E-09  0.1000E-09  0.1000E-09  0.1269E+05  0.2792E+00
 6980.5347 14 14   25.5069    4.2081   25.5069    4.2081   -3.9660   -4.7485    0.0000    0.0000  -10.0000  -10.0000  0.5559E+11  0.2000E+09  0.0000E+00  0.0000E+00  0.1000E-09  0.1000E-09  0.1000E-09  0.1000E-09  0.1269E+05  0.2792E+00
 6990.5347 14 14   25.5069    4.2081   25.5069    4.2081   -3.9660   -4.7485    0.0000    0.0000  -10.0000  -10.0000  0.5559E+11  0.2000E+09  0.0000E+00  0.0000E+00  0.1000E-09  0.1000E-09  0.1000E-09  0.1000E-09  0.1269E+05  0.2792E+00
 7000.5347 14 14   25.5069    4.2081   25.5069    4.2081   -3.9660   -4.7485    0.0000    0.0000  -10.0000  -10.0000  0.5559E+11  0.2000E+09  0.0000E+00  0.0000E+00  0.1000E-09  0.1000E-09  0.1000E-09  0.1000E-09  0.1269E+05  0.2792E+00
 7010.5347 14 14   25.5069    4.2081   25.5069    4.2081   -3.9660   -4.7485    0.0000    0.0000  -10.0000  -10.0000  0.5559E+11  0.2000E+09  0.0000E+00  0.0000E+00  0.1000E-09  0.1000E-09  0.1000E-09  0.1000E-09  0.1269E+05  0.2792E+00
 7020.5347 14 14   25.5069    4.2081   25.5069    4.2081   -3.9660   -4.7485    0.0000    0.0000  -10.0000  -10.0000  0.5559E+11  0.2000E+09  0.0000E+00  0.0000E+00  0.1000E-09  0.1000E-09  0.1000E-09  0.1000E-09  0.1269E+05  0.2792E+00
 7030.5347 14 14   25.5069    4.2081   25.5069    4.2081   -3.9660   -4.7485    0.0000    0.0000  -10.0000  -10.0000  0.5559E+11  0.2000E+09  0.0000E+00  0.0000E+00  0.1000E-09  0.1000E-09  0.1000E-09  0.1000E-09  0.1269E+05  0.2792E+00
 7040.5347 14 14   25.5069    4.2081   25.5069    4.2081   -3.9660   -4.7485    0.0000    0.0000  -10.0000  -10.0000  0.5559E+11  0.2000E+09  0.0000E+00  0.0000E+00  0.1000E-09  0.1000E-09  0.1000E-09  0.1000E-09  0.1269E+05  0.2792E+00
 7050.5347 14 14   25.5069    4.2081   25.5069    4.2081   -3.9660   -4.7485    0.0000    0.0000  -10.0000  -10.0000  0.5559E+11  0.2000E+09  0.0000E+00  0.0000E+00  0.1000E-09  0.1000E-09  0.1000E-09  0.1000E-09  0.1269E+05  0.2792E+00
 7060.5347 14 14   25.5069    4.2081   25.5069    4.2081   -3.9660   -4.7485    0.0000    0.0000  -10.0000  -10.0000  0.5559E+11  0.2000E+09  0.0000E+00  0.0000E+00  0.1000E-09  0.1000E-09  0.1000E-09  0.1000E-09  0.1269E+05  0.2792E+00
 7070.5347 14 14   25.5069    4.2081   25.5069    4.2081   -3.9660   -4.7485    0.0000    0.0000  -10.0000  -10.0000  0.5559E+11  0.2000E+09  0.0000E+00  0.0000E+00  0.1000E-09  0.1000E-09  0.1000E-09  0.1000E-09  0.1269E+05  0.2792E+00
 7080.5347 14 14   25.5069    4.2081   25.5069    4.2081   -3.9660   -4.7485    0.0000    0.0000  -10.0000  -10.0000  0.5559E+11  0.2000E+09  0.0000E+00  0.0000E+00  0.1000E-09  0.1000E-09  0.1000E-09  0.1000E-09  0.1269E+05  0.2792E+00
 7090.5347 14 14   25.5069    4.2081   25.5069    4.2081   -3.9660   -4.7485    0.0000    0.0000  -10.0000  -10.0000  0.5559E+11  0.2000E+09  0.0000E+00  0.0000E+00  0.1000E-09  0.1000E-09  0.1000E-09  0.1000E-09  0.1269E+05  0.2792E+00
 7100.5347 14 14   25.5069    4.2081   25.5069    4.2081   -3.9660   -4.7485    0.0000    0.0000  -10.0000  -10.0000  0.5559E+11  0.2000E+09  0.0000E+00  0.0000E+00  0.1000E-09  0.1000E-09  0.1000E-09  0.1000E-09  0.1269E+05  0.2792E+00
 7110.5347 14 14   25.5069    4.2081   25.5069    4.2081   -3.9660   -4.7485    0.0000    0.0000  -10.0000  -10.0000  0.5559E+11  0.2000E+09  0.0000E+00  0.0000E+00  0.1000E-09  0.1000E-09  0.1000E-09  0.1000E-09  0.1269E+05  0.2792E+00
 7120.5347 14 14   25.5069    4.2081   25.5069    4.2081   -3.9660   -4.7485    0.0000    0.0000  -10.0000  -10.0000  0.5559E+11  0.2000E+09  0.0000E+00  0.0000E+00  0.1000E-09  0.1000E-09  0.1000E-09  0.1000E-09  0.1269E+05  0.2792E+00
 7130.5347 14 14   25.5069    4.2081   25.5069    4.2081   -3.9660   -4.7485    0.0000    0.0000  -10.0000  -10.0000  0.5559E+11  0.2000E+09  0.0000E+00  0.0000E+00  0.1000E-09  0.1000E-09  0.1000E-09  0.1000E-09  0.1269E+05  0.2792E+00
 7140.5347 14 14   25.5069    4.2081   25.5069    4.2081   -3.9660   -4.7485    0.0000    0.0000  -10.0000  -10.0000  0.5559E+11  0.2000E+09  0.0000E+00  0.0000E+00  0.1000E-09  0.1000E-09  0.1000E-09  0.1000E-09  0.1269E+05  0.2792E+00
 7150.5347 14 14   25.5069    4.2081   25.5069    4.2081   -3.9660   -4.7485    0.0000    0.0000  -10.0000  -10.0000  0.5559E+11  0.2000E+09  0.0000E+00  0.0000E+00  0.1000E-09  0.1000E-09  0.1000E-09  0.1000E-09  0.1269E+05  0.2792E+00
 7160.5347 14 14   25.5069    4.2081   25.5069    4.2081   -3.9660   -4.7485    0.0000    0.0000  -10.0000  -10.0000  0.5559E+11  0.2000E+09  0.0000E+00  0.0000E+00  0.1000E-09  0.1000E-09  0.1000E-09  0.1000E-09  0.1269E+05  0.2792E+00
 7170.5347 14 14   25.5069    4.2081   25.5069    4.2081   -3.9660   -4.7485    0.0000    0.0000  -10.0000  -10.0000  0.5559E+11  0.2000E+09  0.0000E+00  0.0000E+00  0.1000E-09  0.1000E-09  0.1000E-09  0.1000E-09  0.1269E+05  0.2792E+00
 7180.5347 14 14   25.5069    4.2081   25.5069    4.2081   -3.9660   -4.7485    0.0000    0.0000  -10.0000  -10.0000  0.5559E+11  0.2000E+09  0.0000E+00  0.0000E+00  0.1000E-09  0.1000E-09  0.1000E-09  0.1000E-09  0.1269E+05  0.2792E+00
 7190.5347 14 14   25.5069    4.2081   25.5069    4.2081   -3.9660   -4.7485    0.0000    0.0000  -10.0000  -10.0000  0.5559E+11  0.2000E+09  0.0000E+00  0.0000E+00  0.1000E-09  0.1000E-09  0.1000E-09  0.1000E-09  0.1269E+05  0.2792E+00
 7200.5347 14 14   25.5069    4.2081   25.5069    4.2081   -3.9660   -4.7485    0.0000    0.0000  -10.0000  -10.0000  0.5559E+11  0.2000E+09  0.0000E+00  0.0000E+00  0.1000E-09  0.1000E-09  0.1000E-09  0.1000E-09  0.1269E+05  0.2792E+00
 7210.5347 14 14   25.5069    4.2081   25.5069    4.2081   -3.9660   -4.7485    0.0000    0.0000  -10.0000  -10.0000  0.5559E+11  0.2000E+09  0.0000E+00  0.0000E+00  0.1000E-09  0.1000E-09  0.1000E-09  0.1000E-09  0.1269E+05  0.2792E+00
 7220.5347 14 14   25.5069    4.2081   25.5069    4.2081   -3.9660   -4.7485    0.0000    0.0000  -10.0000  -10.0000  0.5559E+11  0.2000E+09  0.0000E+00  0.0000E+00  0.1000E-09  0.1000E-09  0.1000E-09  0.1000E-09  0.1269E+05  0.2792E+00
 7230.5347 14 14   25.5069    4.2081   25.5069    4.2081   -3.9660   -4.7485    0.0000    0.0000  -10.0000  -10.0000  0.5559E+11  0.2000E+09  0.0000E+00  0.0000E+00  0.1000E-09  0.1000E-09  0.1000E-09  0.1000E-09  0.1269E+05  0.2792E+00
 7240.5347 14 14   25.5069    4.2081   25.5069    4.2081   -3.9660   -4.7485    0.0000    0.0000  -10.0000  -10.0000  0.5559E+11  0.2000E+09  0.0000E+00  0.0000E+00  0.1000E-09  0.1000E-09  0.1000E-09  0.1000E-09  0.1269E+05  0.2792E+00
 7250.5347 14 14   25.5069    4.2081   25.5069    4.2081   -3.9660   -4.7485    0.0000    0.0000  -10.0000  -10.0000  0.5559E+11  0.2000E+09  0.0000E+00  0.0000E+00  0.1000E-09  0.1000E-09  0.1000E-09  0.1000E-09  0.1269E+05  0.2792E+00
 7260.5347 14 14   25.5069    4.2081   25.5069    4.2081   -3.9660   -4.7485    0.0000    0.0000  -10.0000  -10.0000  0.5559E+11  0.2000E+09  0.0000E+00  0.0000E+00  0.1000E-09  0.1000E-09  0.1000E-09  0.1000E-09  0.1269E+05  0.2792E+00
 7270.5347 14 14   25.5069    4.2081   25.5069    4.2081   -3.9660   -4.7485    0.0000    0.0000  -10.0000  -10.0000  0.5559E+11  0.2000E+09  0.0000E+00  0.0000E+00  0.1000E-09  0.1000E-09  0.1000E-09  0.1000E-09  0.1269E+05  0.2792E+00
 7280.5347 14 14   25.5069    4.2081   25.5069    4.2081   -3.9660   -4.7485    0.0000    0.0000  -10.0000  -10.0000  0.5559E+11  0.2000E+09  0.0000E+00  0.0000E+00  0.1000E-09  0.1000E-09  0.1000E-09  0.1000E-09  0.1269E+05  0.2792E+00
 7290.5347 14 14   25.5069    4.2081   25.5069    4.2081   -3.9660   -4.7485    0.0000    0.0000  -10.0000  -10.0000  0.5559E+11  0.2000E+09  0.0000E+00  0.0000E+00  0.1000E-09  0.1000E-09  0.1000E-09  0.1000E-09  0.1269E+05  0.2792E+00
 7300.5347 14 14   25.5069    4.2081   25.5069    4.2081   -3.9660   -4.7485    0.0000    0.0000  -10.0000  -10.0000  0.5559E+11  0.2000E+09  0.0000E+00  0.0000E+00  0.1000E-09  0.1000E-09  0.1000E-09  0.1000E-09  0.1269E+05  0.2792E+00
 7310.5347 14 14   25.5069    4.2081   25.5069    4.2081   -3.9660   -4.7485    0.0000    0.0000  -10.0000  -10.0000  0.5559E+11  0.2000E+09  0.0000E+00  0.0000E+00  0.1000E-09  0.1000E-09  0.1000E-09  0.1000E-09  0.1269E+05  0.2792E+00
 7320.5347 14 14   25.5069    4.2081   25.5069    4.2081   -3.9660   -4.7485    0.0000    0.0000  -10.0000  -10.0000  0.5559E+11  0.2000E+09  0.0000E+00  0.0000E+00  0.1000E-09  0.1000E-09  0.1000E-09  0.1000E-09  0.1269E+05  0.2792E+00
 7330.5347 14 14   25.5069    4.2081   25.5069    4.2081   -3.9660   -4.7485    0.0000    0.0000  -10.0000  -10.0000  0.5559E+11  0.2000E+09  0.0000E+00  0.0000E+00  0.1000E-09  0.1000E-09  0.1000E-09  0.1000E-09  0.1269E+05  0.2792E+00
 7340.5347 14 14   25.5069    4.2081   25.5069    4.2081   -3.9660   -4.7485    0.0000    0.0000  -10.0000  -10.0000  0.5559E+11  0.2000E+09  0.0000E+00  0.0000E+00  0.1000E-09  0.1000E-09  0.1000E-09  0.1000E-09  0.1269E+05  0.2792E+00
 7350.5347 14 14   25.5069    4.2081   25.5069    4.2081   -3.9660   -4.7485    0.0000    0.0000  -10.0000  -10.0000  0.5559E+11  0.2000E+09  0.0000E+00  0.0000E+00  0.1000E-09  0.1000E-09  0.1000E-09  0.1000E-09  0.1269E+05  0.2792E+00
 7360.5347 14 14   25.5069    4.2081   25.5069    4.2081   -3.9660   -4.7485    0.0000    0.0000  -10.0000  -10.0000  0.5559E+11  0.2000E+09  0.0000E+00  0.0000E+00  0.1000E-09  0.1000E-09  0.1000E-09  0.1000E-09  0.1269E+05  0.2792E+00
 7370.5347 14 14   25.5069    4.2081   25.5069    4.2081   -3.9660   -4.7485    0.0000    0.0000  -10.0000  -10.0000  0.5559E+11  0.2000E+09  0.0000E+00  0.0000E+00  0.1000E-09  0.1000E-09  0.1000E-09  0.1000E-09  0.1269E+05  0.2792E+00
 7380.5347 14 14   25.5069    4.2081   25.5069    4.2081   -3.9660   -4.7485    0.0000    0.0000  -10.0000  -10.0000  0.5559E+11  0.2000E+09  0.0000E+00  0.0000E+00  0.1000E-09  0.1000E-09  0.1000E-09  0.1000E-09  0.1269E+05  0.2792E+00
 7390.5347 14 14   25.5069    4.2081   25.5069    4.2081   -3.9660   -4.7485    0.0000    0.0000  -10.0000  -10.0000  0.5559E+11  0.2000E+09  0.0000E+00  0.0000E+00  0.1000E-09  0.1000E-09  0.1000E-09  0.1000E-09  0.1269E+05  0.2792E+00
 7400.5347 14 14   25.5069    4.2081   25.5069    4.2081   -3.9660   -4.7485    0.0000    0.0000  -10.0000  -10.0000  0.5559E+11  0.2000E+09  0.0000E+00  0.0000E+00  0.1000E-09  0.1000E-09  0.1000E-09  0.1000E-09  0.1269E+05  0.2792E+00
 7410.5347 14 14   25.5069    4.2081   25.5069    4.2081   -3.9660   -4.7485    0.0000    0.0000  -10.0000  -10.0000  0.5559E+11  0.2000E+09  0.0000E+00  0.0000E+00  0.1000E-09  0.1000E-09  0.1000E-09  0.1000E-09  0.1269E+05  0.2792E+00
 7420.5347 14 14   25.5069    4.2081   25.5069    4.2081   -3.9660   -4.7485    0.0000    0.0000  -10.0000  -10.0000  0.5559E+11  0.2000E+09  0.0000E+00  0.0000E+00  0.1000E-09  0.1000E-09  0.1000E-09  0.1000E-09  0.1269E+05  0.2792E+00
 7430.5347 14 14   25.5069    4.2081   25.5069    4.2081   -3.9660   -4.7485    0.0000    0.0000  -10.0000  -10.0000  0.5559E+11  0.2000E+09  0.0000E+00  0.0000E+00  0.1000E-09  0.1000E-09  0.1000E-09  0.1000E-09  0.1269E+05  0.2792E+00
 7440.5347 14 14   25.5069    4.2081   25.5069    4.2081   -3.9660   -4.7485    0.0000    0.0000  -10.0000  -10.0000  0.5559E+11  0.2000E+09  0.0000E+00  0.0000E+00  0.1000E-09  0.1000E-09  0.1000E-09  0.1000E-09  0.1269E+05  0.2792E+00
 7450.5347 14 14   25.5069    4.2081   25.5069    4.2081   -3.9660   -4.7485    0.0000    0.0000  -10.0000  -10.0000  0.5559E+11  0.2000E+09  0.0000E+00  0.0000E+00  0.1000E-09  0.1000E-09  0.1000E-09  0.1000E-09  0.1269E+05  0.2792E+00
 7460.5347 14 14   25.5069    4.2081   25.5069    4.2081   -3.9660   -4.7485    0.0000    0.0000  -10.0000  -10.0000  0.5559E+11  0.2000E+09  0.0000E+00  0.0000E+00  0.1000E-09  0.1000E-09  0.1000E-09  0.1000E-09  0.1269E+05  0.2792E+00
 7470.5347 14 14   25.5069    4.2081   25.5069    4.2081   -3.9660   -4.7485    0.0000    0.0000  -10.0000  -10.0000  0.5559E+11  0.2000E+09  0.0000E+00  0.0000E+00  0.1000E-09  0.1000E-09  0.1000E-09  0.1000E-09  0.1269E+05  0.2792E+00
 7480.5347 14 14   25.5069    4.2081   25.5069    4.2081   -3.9660   -4.7485    0.0000    0.0000  -10.0000  -10.0000  0.5559E+11  0.2000E+09  0.0000E+00  0.0000E+00  0.1000E-09  0.1000E-09  0.1000E-09  0.1000E-09  0.1269E+05  0.2792E+00
 7490.5347 14 14   25.5069    4.2081   25.5069    4.2081   -3.9660   -4.7485    0.0000    0.0000  -10.0000  -10.0000  0.5559E+11  0.2000E+09  0.0000E+00  0.0000E+00  0.1000E-09  0.1000E-09  0.1000E-09  0.1000E-09  0.1269E+05  0.2792E+00
 7500.5347 14 14   25.5069    4.2081   25.5069    4.2081   -3.9660   -4.7485    0.0000    0.0000  -10.0000  -10.0000  0.5559E+11  0.2000E+09  0.0000E+00  0.0000E+00  0.1000E-09  0.1000E-09  0.1000E-09  0.1000E-09  0.1269E+05  0.2792E+00
 7510.5347 14 14   25.5069    4.2081   25.5069    4.2081   -3.9660   -4.7485    0.0000    0.0000  -10.0000  -10.0000  0.5559E+11  0.2000E+09  0.0000E+00  0.0000E+00  0.1000E-09  0.1000E-09  0.1000E-09  0.1000E-09  0.1269E+05  0.2792E+00
 7520.5347 14 14   25.5069    4.2081   25.5069    4.2081   -3.9660   -4.7485    0.0000    0.0000  -10.0000  -10.0000  0.5559E+11  0.2000E+09  0.0000E+00  0.0000E+00  0.1000E-09  0.1000E-09  0.1000E-09  0.1000E-09  0.1269E+05  0.2792E+00
 7530.5347 14 14   25.5069    4.2081   25.5069    4.2081   -3.9660   -4.7485    0.0000    0.0000  -10.0000  -10.0000  0.5559E+11  0.2000E+09  0.0000E+00  0.0000E+00  0.1000E-09  0.1000E-09  0.1000E-09  0.1000E-09  0.1269E+05  0.2792E+00
 7540.5347 14 14   25.5069    4.2081   25.5069    4.2081   -3.9660   -4.7485    0.0000    0.0000  -10.0000  -10.0000  0.5559E+11  0.2000E+09  0.0000E+00  0.0000E+00  0.1000E-09  0.1000E-09  0.1000E-09  0.1000E-09  0.1269E+05  0.2792E+00
 7550.5347 14 14   25.5069    4.2081   25.5069    4.2081   -3.9660   -4.7485    0.0000    0.0000  -10.0000  -10.0000  0.5559E+11  0.2000E+09  0.0000E+00  0.0000E+00  0.1000E-09  0.1000E-09  0.1000E-09  0.1000E-09  0.1269E+05  0.2792E+00
 7560.5347 14 14   25.5069    4.2081   25.5069    4.2081   -3.9660   -4.7485    0.0000    0.0000  -10.0000  -10.0000  0.5559E+11  0.2000E+09  0.0000E+00  0.0000E+00  0.1000E-09  0.1000E-09  0.1000E-09  0.1000E-09  0.1269E+05  0.2792E+00
 7570.5347 14 14   25.5069    4.2081   25.5069    4.2081   -3.9660   -4.7485    0.0000    0.0000  -10.0000  -10.0000  0.5559E+11  0.2000E+09  0.0000E+00  0.0000E+00  0.1000E-09  0.1000E-09  0.1000E-09  0.1000E-09  0.1269E+05  0.2792E+00
 7580.5347 14 14   25.5069    4.2081   25.5069    4.2081   -3.9660   -4.7485    0.0000    0.0000  -10.0000  -10.0000  0.5559E+11  0.2000E+09  0.0000E+00  0.0000E+00  0.1000E-09  0.1000E-09  0.1000E-09  0.1000E-09  0.1269E+05  0.2792E+00
 7590.5347 14 14   25.5069    4.2081   25.5069    4.2081   -3.9660   -4.7485    0.0000    0.0000  -10.0000  -10.0000  0.5559E+11  0.2000E+09  0.0000E+00  0.0000E+00  0.1000E-09  0.1000E-09  0.1000E-09  0.1000E-09  0.1269E+05  0.2792E+00
 7600.5347 14 14   25.5069    4.2081   25.5069    4.2081   -3.9660   -4.7485    0.0000    0.0000  -10.0000  -10.0000  0.5559E+11  0.2000E+09  0.0000E+00  0.0000E+00  0.1000E-09  0.1000E-09  0.1000E-09  0.1000E-09  0.1269E+05  0.2792E+00
 7610.5347 14 14   25.5069    4.2081   25.5069    4.2081   -3.9660   -4.7485    0.0000    0.0000  -10.0000  -10.0000  0.5559E+11  0.2000E+09  0.0000E+00  0.0000E+00  0.1000E-09  0.1000E-09  0.1000E-09  0.1000E-09  0.1269E+05  0.2792E+00
 7620.5347 14 14   25.5069    4.2081   25.5069    4.2081   -3.9660   -4.7485    0.0000    0.0000  -10.0000  -10.0000  0.5559E+11  0.2000E+09  0.0000E+00  0.0000E+00  0.1000E-09  0.1000E-09  0.1000E-09  0.1000E-09  0.1269E+05  0.2792E+00
 7630.5347 14 14   25.5069    4.2081   25.5069    4.2081   -3.9660   -4.7485    0.0000    0.0000  -10.0000  -10.0000  0.5559E+11  0.2000E+09  0.0000E+00  0.0000E+00  0.1000E-09  0.1000E-09  0.1000E-09  0.1000E-09  0.1269E+05  0.2792E+00
 7640.5347 14 14   25.5069    4.2081   25.5069    4.2081   -3.9660   -4.7485    0.0000    0.0000  -10.0000  -10.0000  0.5559E+11  0.2000E+09  0.0000E+00  0.0000E+00  0.1000E-09  0.1000E-09  0.1000E-09  0.1000E-09  0.1269E+05  0.2792E+00
 7650.5347 14 14   25.5069    4.2081   25.5069    4.2081   -3.9660   -4.7485    0.0000    0.0000  -10.0000  -10.0000  0.5559E+11  0.2000E+09  0.0000E+00  0.0000E+00  0.1000E-09  0.1000E-09  0.1000E-09  0.1000E-09  0.1269E+05  0.2792E+00
 7660.5347 14 14   25.5069    4.2081   25.5069    4.2081   -3.9660   -4.7485    0.0000    0.0000  -10.0000  -10.0000  0.5559E+11  0.2000E+09  0.0000E+00  0.0000E+00  0.1000E-09  0.1000E-09  0.1000E-09  0.1000E-09  0.1269E+05  0.2792E+00
 7670.5347 14 14   25.5069    4.2081   25.5069    4.2081   -3.9660   -4.7485    0.0000    0.0000  -10.0000  -10.0000  0.5559E+11  0.2000E+09  0.0000E+00  0.0000E+00  0.1000E-09  0.1000E-09  0.1000E-09  0.1000E-09  0.1269E+05  0.2792E+00
 7680.5347 14 14   25.5069    4.2081   25.5069    4.2081   -3.9660   -4.7485    0.0000    0.0000  -10.0000  -10.0000  0.5559E+11  0.2000E+09  0.0000E+00  0.0000E+00  0.1000E-09  0.1000E-09  0.1000E-09  0.1000E-09  0.1269E+05  0.2792E+00
 7690.5347 14 14   25.5069    4.2081   25.5069    4.2081   -3.9660   -4.7485    0.0000    0.0000  -10.0000  -10.0000  0.5559E+11  0.2000E+09  0.0000E+00  0.0000E+00  0.1000E-09  0.1000E-09  0.1000E-09  0.1000E-09  0.1269E+05  0.2792E+00
 7700.5347 14 14   25.5069    4.2081   25.5069    4.2081   -3.9660   -4.7485    0.0000    0.0000  -10.0000  -10.0000  0.5559E+11  0.2000E+09  0.0000E+00  0.0000E+00  0.1000E-09  0.1000E-09  0.1000E-09  0.1000E-09  0.1269E+05  0.2792E+00
 7710.5347 14 14   25.5069    4.2081   25.5069    4.2081   -3.9660   -4.7485    0.0000    0.0000  -10.0000  -10.0000  0.5559E+11  0.2000E+09  0.0000E+00  0.0000E+00  0.1000E-09  0.1000E-09  0.1000E-09  0.1000E-09  0.1269E+05  0.2792E+00
 7720.5347 14 14   25.5069    4.2081   25.5069    4.2081   -3.9660   -4.7485    0.0000    0.0000  -10.0000  -10.0000  0.5559E+11  0.2000E+09  0.0000E+00  0.0000E+00  0.1000E-09  0.1000E-09  0.1000E-09  0.1000E-09  0.1269E+05  0.2792E+00
 7730.5347 14 14   25.5069    4.2081   25.5069    4.2081   -3.9660   -4.7485    0.0000    0.0000  -10.0000  -10.0000  0.5559E+11  0.2000E+09  0.0000E+00  0.0000E+00  0.1000E-09  0.1000E-09  0.1000E-09  0.1000E-09  0.1269E+05  0.2792E+00
 7740.5347 14 14   25.5069    4.2081   25.5069    4.2081   -3.9660   -4.7485    0.0000    0.0000  -10.0000  -10.0000  0.5559E+11  0.2000E+09  0.0000E+00  0.0000E+00  0.1000E-09  0.1000E-09  0.1000E-09  0.1000E-09  0.1269E+05  0.2792E+00
 7750.5347 14 14   25.5069    4.2081   25.5069    4.2081   -3.9660   -4.7485    0.0000    0.0000  -10.0000  -10.0000  0.5559E+11  0.2000E+09  0.0000E+00  0.0000E+00  0.1000E-09  0.1000E-09  0.1000E-09  0.1000E-09  0.1269E+05  0.2792E+00
 7760.5347 14 14   25.5069    4.2081   25.5069    4.2081   -3.9660   -4.7485    0.0000    0.0000  -10.0000  -10.0000  0.5559E+11  0.2000E+09  0.0000E+00  0.0000E+00  0.1000E-09  0.1000E-09  0.1000E-09  0.1000E-09  0.1269E+05  0.2792E+00
 7770.5347 14 14   25.5069    4.2081   25.5069    4.2081   -3.9660   -4.7485    0.0000    0.0000  -10.0000  -10.0000  0.5559E+11  0.2000E+09  0.0000E+00  0.0000E+00  0.1000E-09  0.1000E-09  0.1000E-09  0.1000E-09  0.1269E+05  0.2792E+00
 7780.5347 14 14   25.5069    4.2081   25.5069    4.2081   -3.9660   -4.7485    0.0000    0.0000  -10.0000  -10.0000  0.5559E+11  0.2000E+09  0.0000E+00  0.0000E+00  0.1000E-09  0.1000E-09  0.1000E-09  0.1000E-09  0.1269E+05  0.2792E+00
 7790.5347 14 14   25.5069    4.2081   25.5069    4.2081   -3.9660   -4.7485    0.0000    0.0000  -10.0000  -10.0000  0.5559E+11  0.2000E+09  0.0000E+00  0.0000E+00  0.1000E-09  0.1000E-09  0.1000E-09  0.1000E-09  0.1269E+05  0.2792E+00
 7800.5347 14 14   25.5069    4.2081   25.5069    4.2081   -3.9660   -4.7485    0.0000    0.0000  -10.0000  -10.0000  0.5559E+11  0.2000E+09  0.0000E+00  0.0000E+00  0.1000E-09  0.1000E-09  0.1000E-09  0.1000E-09  0.1269E+05  0.2792E+00
 7810.5347 14 14   25.5069    4.2081   25.5069    4.2081   -3.9660   -4.7485    0.0000    0.0000  -10.0000  -10.0000  0.5559E+11  0.2000E+09  0.0000E+00  0.0000E+00  0.1000E-09  0.1000E-09  0.1000E-09  0.1000E-09  0.1269E+05  0.2792E+00
 7820.5347 14 14   25.5069    4.2081   25.5069    4.2081   -3.9660   -4.7485    0.0000    0.0000  -10.0000  -10.0000  0.5559E+11  0.2000E+09  0.0000E+00  0.0000E+00  0.1000E-09  0.1000E-09  0.1000E-09  0.1000E-09  0.1269E+05  0.2792E+00
 7830.5347 14 14   25.5069    4.2081   25.5069    4.2081   -3.9660   -4.7485    0.0000    0.0000  -10.0000  -10.0000  0.5559E+11  0.2000E+09  0.0000E+00  0.0000E+00  0.1000E-09  0.1000E-09  0.1000E-09  0.1000E-09  0.1269E+05  0.2792E+00
 7840.5347 14 14   25.5069    4.2081   25.5069    4.2081   -3.9660   -4.7485    0.0000    0.0000  -10.0000  -10.0000  0.5559E+11  0.2000E+09  0.0000E+00  0.0000E+00  0.1000E-09  0.1000E-09  0.1000E-09  0.1000E-09  0.1269E+05  0.2792E+00
 7850.5347 14 14   25.5069    4.2081   25.5069    4.2081   -3.9660   -4.7485    0.0000    0.0000  -10.0000  -10.0000  0.5559E+11  0.2000E+09  0.0000E+00  0.0000E+00  0.1000E-09  0.1000E-09  0.1000E-09  0.1000E-09  0.1269E+05  0.2792E+00
 7860.5347 14 14   25.5069    4.2081   25.5069    4.2081   -3.9660   -4.7485    0.0000    0.0000  -10.0000  -10.0000  0.5559E+11  0.2000E+09  0.0000E+00  0.0000E+00  0.1000E-09  0.1000E-09  0.1000E-09  0.1000E-09  0.1269E+05  0.2792E+00
 7870.5347 14 14   25.5069    4.2081   25.5069    4.2081   -3.9660   -4.7485    0.0000    0.0000  -10.0000  -10.0000  0.5559E+11  0.2000E+09  0.0000E+00  0.0000E+00  0.1000E-09  0.1000E-09  0.1000E-09  0.1000E-09  0.1269E+05  0.2792E+00
 7880.5347 14 14   25.5069    4.2081   25.5069    4.2081   -3.9660   -4.7485    0.0000    0.0000  -10.0000  -10.0000  0.5559E+11  0.2000E+09  0.0000E+00  0.0000E+00  0.1000E-09  0.1000E-09  0.1000E-09  0.1000E-09  0.1269E+05  0.2792E+00
 7890.5347 14 14   25.5069    4.2081   25.5069    4.2081   -3.9660   -4.7485    0.0000    0.0000  -10.0000  -10.0000  0.5559E+11  0.2000E+09  0.0000E+00  0.0000E+00  0.1000E-09  0.1000E-09  0.1000E-09  0.1000E-09  0.1269E+05  0.2792E+00
 7900.5347 14 14   25.5069    4.2081   25.5069    4.2081   -3.9660   -4.7485    0.0000    0.0000  -10.0000  -10.0000  0.5559E+11  0.2000E+09  0.0000E+00  0.0000E+00  0.1000E-09  0.1000E-09  0.1000E-09  0.1000E-09  0.1269E+05  0.2792E+00
 7910.5347 14 14   25.5069    4.2081   25.5069    4.2081   -3.9660   -4.7485    0.0000    0.0000  -10.0000  -10.0000  0.5559E+11  0.2000E+09  0.0000E+00  0.0000E+00  0.1000E-09  0.1000E-09  0.1000E-09  0.1000E-09  0.1269E+05  0.2792E+00
 7920.5347 14 14   25.5069    4.2081   25.5069    4.2081   -3.9660   -4.7485    0.0000    0.0000  -10.0000  -10.0000  0.5559E+11  0.2000E+09  0.0000E+00  0.0000E+00  0.1000E-09  0.1000E-09  0.1000E-09  0.1000E-09  0.1269E+05  0.2792E+00
 7930.5347 14 14   25.5069    4.2081   25.5069    4.2081   -3.9660   -4.7485    0.0000    0.0000  -10.0000  -10.0000  0.5559E+11  0.2000E+09  0.0000E+00  0.0000E+00  0.1000E-09  0.1000E-09  0.1000E-09  0.1000E-09  0.1269E+05  0.2792E+00
 7940.5347 14 14   25.5069    4.2081   25.5069    4.2081   -3.9660   -4.7485    0.0000    0.0000  -10.0000  -10.0000  0.5559E+11  0.2000E+09  0.0000E+00  0.0000E+00  0.1000E-09  0.1000E-09  0.1000E-09  0.1000E-09  0.1269E+05  0.2792E+00
 7950.5347 14 14   25.5069    4.2081   25.5069    4.2081   -3.9660   -4.7485    0.0000    0.0000  -10.0000  -10.0000  0.5559E+11  0.2000E+09  0.0000E+00  0.0000E+00  0.1000E-09  0.1000E-09  0.1000E-09  0.1000E-09  0.1269E+05  0.2792E+00
 7960.5347 14 14   25.5069    4.2081   25.5069    4.2081   -3.9660   -4.7485    0.0000    0.0000  -10.0000  -10.0000  0.5559E+11  0.2000E+09  0.0000E+00  0.0000E+00  0.1000E-09  0.1000E-09  0.1000E-09  0.1000E-09  0.1269E+05  0.2792E+00
 7970.5347 14 14   25.5069    4.2081   25.5069    4.2081   -3.9660   -4.7485    0.0000    0.0000  -10.0000  -10.0000  0.5559E+11  0.2000E+09  0.0000E+00  0.0000E+00  0.1000E-09  0.1000E-09  0.1000E-09  0.1000E-09  0.1269E+05  0.2792E+00
 7980.5347 14 14   25.5069    4.2081   25.5069    4.2081   -3.9660   -4.7485    0.0000    0.0000  -10.0000  -10.0000  0.5559E+11  0.2000E+09  0.0000E+00  0.0000E+00  0.1000E-09  0.1000E-09  0.1000E-09  0.1000E-09  0.1269E+05  0.2792E+00
 7990.5347 14 14   25.5069    4.2081   25.5069    4.2081   -3.9660   -4.7485    0.0000    0.0000  -10.0000  -10.0000  0.5559E+11  0.2000E+09  0.0000E+00  0.0000E+00  0.1000E-09  0.1000E-09  0.1000E-09  0.1000E-09  0.1269E+05  0.2792E+00
 8000.5347 14 14   25.5069    4.2081   25.5069    4.2081   -3.9660   -4.7485    0.0000    0.0000  -10.0000  -10.0000  0.5559E+11  0.2000E+09  0.0000E+00  0.0000E+00  0.1000E-09  0.1000E-09  0.1000E-09  0.1000E-09  0.1269E+05  0.2792E+00
 8010.5347 14 14   25.5069    4.2081   25.5069    4.2081   -3.9660   -4.7485    0.0000    0.0000  -10.0000  -10.0000  0.5559E+11  0.2000E+09  0.0000E+00  0.0000E+00  0.1000E-09  0.1000E-09  0.1000E-09  0.1000E-09  0.1269E+05  0.2792E+00
 8020.5347 14 14   25.5069    4.2081   25.5069    4.2081   -3.9660   -4.7485    0.0000    0.0000  -10.0000  -10.0000  0.5559E+11  0.2000E+09  0.0000E+00  0.0000E+00  0.1000E-09  0.1000E-09  0.1000E-09  0.1000E-09  0.1269E+05  0.2792E+00
 8030.5347 14 14   25.5069    4.2081   25.5069    4.2081   -3.9660   -4.7485    0.0000    0.0000  -10.0000  -10.0000  0.5559E+11  0.2000E+09  0.0000E+00  0.0000E+00  0.1000E-09  0.1000E-09  0.1000E-09  0.1000E-09  0.1269E+05  0.2792E+00
 8040.5347 14 14   25.5069    4.2081   25.5069    4.2081   -3.9660   -4.7485    0.0000    0.0000  -10.0000  -10.0000  0.5559E+11  0.2000E+09  0.0000E+00  0.0000E+00  0.1000E-09  0.1000E-09  0.1000E-09  0.1000E-09  0.1269E+05  0.2792E+00
 8050.5347 14 14   25.5069    4.2081   25.5069    4.2081   -3.9660   -4.7485    0.0000    0.0000  -10.0000  -10.0000  0.5559E+11  0.2000E+09  0.0000E+00  0.0000E+00  0.1000E-09  0.1000E-09  0.1000E-09  0.1000E-09  0.1269E+05  0.2792E+00
 8060.5347 14 14   25.5069    4.2081   25.5069    4.2081   -3.9660   -4.7485    0.0000    0.0000  -10.0000  -10.0000  0.5559E+11  0.2000E+09  0.0000E+00  0.0000E+00  0.1000E-09  0.1000E-09  0.1000E-09  0.1000E-09  0.1269E+05  0.2792E+00
 8070.5347 14 14   25.5069    4.2081   25.5069    4.2081   -3.9660   -4.7485    0.0000    0.0000  -10.0000  -10.0000  0.5559E+11  0.2000E+09  0.0000E+00  0.0000E+00  0.1000E-09  0.1000E-09  0.1000E-09  0.1000E-09  0.1269E+05  0.2792E+00
 8080.5347 14 14   25.5069    4.2081   25.5069    4.2081   -3.9660   -4.7485    0.0000    0.0000  -10.0000  -10.0000  0.5559E+11  0.2000E+09  0.0000E+00  0.0000E+00  0.1000E-09  0.1000E-09  0.1000E-09  0.1000E-09  0.1269E+05  0.2792E+00
 8090.5347 14 14   25.5069    4.2081   25.5069    4.2081   -3.9660   -4.7485    0.0000    0.0000  -10.0000  -10.0000  0.5559E+11  0.2000E+09  0.0000E+00  0.0000E+00  0.1000E-09  0.1000E-09  0.1000E-09  0.1000E-09  0.1269E+05  0.2792E+00
 8100.5347 14 14   25.5069    4.2081   25.5069    4.2081   -3.9660   -4.7485    0.0000    0.0000  -10.0000  -10.0000  0.5559E+11  0.2000E+09  0.0000E+00  0.0000E+00  0.1000E-09  0.1000E-09  0.1000E-09  0.1000E-09  0.1269E+05  0.2792E+00
 8110.5347 14 14   25.5069    4.2081   25.5069    4.2081   -3.9660   -4.7485    0.0000    0.0000  -10.0000  -10.0000  0.5559E+11  0.2000E+09  0.0000E+00  0.0000E+00  0.1000E-09  0.1000E-09  0.1000E-09  0.1000E-09  0.1269E+05  0.2792E+00
 8120.5347 14 14   25.5069    4.2081   25.5069    4.2081   -3.9660   -4.7485    0.0000    0.0000  -10.0000  -10.0000  0.5559E+11  0.2000E+09  0.0000E+00  0.0000E+00  0.1000E-09  0.1000E-09  0.1000E-09  0.1000E-09  0.1269E+05  0.2792E+00
 8130.5347 14 14   25.5069    4.2081   25.5069    4.2081   -3.9660   -4.7485    0.0000    0.0000  -10.0000  -10.0000  0.5559E+11  0.2000E+09  0.0000E+00  0.0000E+00  0.1000E-09  0.1000E-09  0.1000E-09  0.1000E-09  0.1269E+05  0.2792E+00
 8140.5347 14 14   25.5069    4.2081   25.5069    4.2081   -3.9660   -4.7485    0.0000    0.0000  -10.0000  -10.0000  0.5559E+11  0.2000E+09  0.0000E+00  0.0000E+00  0.1000E-09  0.1000E-09  0.1000E-09  0.1000E-09  0.1269E+05  0.2792E+00
 8150.5347 14 14   25.5069    4.2081   25.5069    4.2081   -3.9660   -4.7485    0.0000    0.0000  -10.0000  -10.0000  0.5559E+11  0.2000E+09  0.0000E+00  0.0000E+00  0.1000E-09  0.1000E-09  0.1000E-09  0.1000E-09  0.1269E+05  0.2792E+00
 8160.5347 14 14   25.5069    4.2081   25.5069    4.2081   -3.9660   -4.7485    0.0000    0.0000  -10.0000  -10.0000  0.5559E+11  0.2000E+09  0.0000E+00  0.0000E+00  0.1000E-09  0.1000E-09  0.1000E-09  0.1000E-09  0.1269E+05  0.2792E+00
 8170.5347 14 14   25.5069    4.2081   25.5069    4.2081   -3.9660   -4.7485    0.0000    0.0000  -10.0000  -10.0000  0.5559E+11  0.2000E+09  0.0000E+00  0.0000E+00  0.1000E-09  0.1000E-09  0.1000E-09  0.1000E-09  0.1269E+05  0.2792E+00
 8180.5347 14 14   25.5069    4.2081   25.5069    4.2081   -3.9660   -4.7485    0.0000    0.0000  -10.0000  -10.0000  0.5559E+11  0.2000E+09  0.0000E+00  0.0000E+00  0.1000E-09  0.1000E-09  0.1000E-09  0.1000E-09  0.1269E+05  0.2792E+00
 8190.5347 14 14   25.5069    4.2081   25.5069    4.2081   -3.9660   -4.7485    0.0000    0.0000  -10.0000  -10.0000  0.5559E+11  0.2000E+09  0.0000E+00  0.0000E+00  0.1000E-09  0.1000E-09  0.1000E-09  0.1000E-09  0.1269E+05  0.2792E+00
 8200.5342 14 14   25.5069    4.2081   25.5069    4.2081   -3.9660   -4.7485    0.0000    0.0000  -10.0000  -10.0000  0.5559E+11  0.2000E+09  0.0000E+00  0.0000E+00  0.1000E-09  0.1000E-09  0.1000E-09  0.1000E-09  0.1269E+05  0.2792E+00
 8210.5342 14 14   25.5069    4.2081   25.5069    4.2081   -3.9660   -4.7485    0.0000    0.0000  -10.0000  -10.0000  0.5559E+11  0.2000E+09  0.0000E+00  0.0000E+00  0.1000E-09  0.1000E-09  0.1000E-09  0.1000E-09  0.1269E+05  0.2792E+00
 8220.5342 14 14   25.5069    4.2081   25.5069    4.2081   -3.9660   -4.7485    0.0000    0.0000  -10.0000  -10.0000  0.5559E+11  0.2000E+09  0.0000E+00  0.0000E+00  0.1000E-09  0.1000E-09  0.1000E-09  0.1000E-09  0.1269E+05  0.2792E+00
 8230.5342 14 14   25.5069    4.2081   25.5069    4.2081   -3.9660   -4.7485    0.0000    0.0000  -10.0000  -10.0000  0.5559E+11  0.2000E+09  0.0000E+00  0.0000E+00  0.1000E-09  0.1000E-09  0.1000E-09  0.1000E-09  0.1269E+05  0.2792E+00
 8240.5342 14 14   25.5069    4.2081   25.5069    4.2081   -3.9660   -4.7485    0.0000    0.0000  -10.0000  -10.0000  0.5559E+11  0.2000E+09  0.0000E+00  0.0000E+00  0.1000E-09  0.1000E-09  0.1000E-09  0.1000E-09  0.1269E+05  0.2792E+00
 8250.5342 14 14   25.5069    4.2081   25.5069    4.2081   -3.9660   -4.7485    0.0000    0.0000  -10.0000  -10.0000  0.5559E+11  0.2000E+09  0.0000E+00  0.0000E+00  0.1000E-09  0.1000E-09  0.1000E-09  0.1000E-09  0.1269E+05  0.2792E+00
 8260.5342 14 14   25.5069    4.2081   25.5069    4.2081   -3.9660   -4.7485    0.0000    0.0000  -10.0000  -10.0000  0.5559E+11  0.2000E+09  0.0000E+00  0.0000E+00  0.1000E-09  0.1000E-09  0.1000E-09  0.1000E-09  0.1269E+05  0.2792E+00
 8270.5342 14 14   25.5069    4.2081   25.5069    4.2081   -3.9660   -4.7485    0.0000    0.0000  -10.0000  -10.0000  0.5559E+11  0.2000E+09  0.0000E+00  0.0000E+00  0.1000E-09  0.1000E-09  0.1000E-09  0.1000E-09  0.1269E+05  0.2792E+00
 8280.5342 14 14   25.5069    4.2081   25.5069    4.2081   -3.9660   -4.7485    0.0000    0.0000  -10.0000  -10.0000  0.5559E+11  0.2000E+09  0.0000E+00  0.0000E+00  0.1000E-09  0.1000E-09  0.1000E-09  0.1000E-09  0.1269E+05  0.2792E+00
 8290.5342 14 14   25.5069    4.2081   25.5069    4.2081   -3.9660   -4.7485    0.0000    0.0000  -10.0000  -10.0000  0.5559E+11  0.2000E+09  0.0000E+00  0.0000E+00  0.1000E-09  0.1000E-09  0.1000E-09  0.1000E-09  0.1269E+05  0.2792E+00
 8300.5342 14 14   25.5069    4.2081   25.5069    4.2081   -3.9660   -4.7485    0.0000    0.0000  -10.0000  -10.0000  0.5559E+11  0.2000E+09  0.0000E+00  0.0000E+00  0.1000E-09  0.1000E-09  0.1000E-09  0.1000E-09  0.1269E+05  0.2792E+00
 8310.5342 14 14   25.5069    4.2081   25.5069    4.2081   -3.9660   -4.7485    0.0000    0.0000  -10.0000  -10.0000  0.5559E+11  0.2000E+09  0.0000E+00  0.0000E+00  0.1000E-09  0.1000E-09  0.1000E-09  0.1000E-09  0.1269E+05  0.2792E+00
 8320.5342 14 14   25.5069    4.2081   25.5069    4.2081   -3.9660   -4.7485    0.0000    0.0000  -10.0000  -10.0000  0.5559E+11  0.2000E+09  0.0000E+00  0.0000E+00  0.1000E-09  0.1000E-09  0.1000E-09  0.1000E-09  0.1269E+05  0.2792E+00
 8330.5342 14 14   25.5069    4.2081   25.5069    4.2081   -3.9660   -4.7485    0.0000    0.0000  -10.0000  -10.0000  0.5559E+11  0.2000E+09  0.0000E+00  0.0000E+00  0.1000E-09  0.1000E-09  0.1000E-09  0.1000E-09  0.1269E+05  0.2792E+00
 8340.5342 14 14   25.5069    4.2081   25.5069    4.2081   -3.9660   -4.7485    0.0000    0.0000  -10.0000  -10.0000  0.5559E+11  0.2000E+09  0.0000E+00  0.0000E+00  0.1000E-09  0.1000E-09  0.1000E-09  0.1000E-09  0.1269E+05  0.2792E+00
 8350.5342 14 14   25.5069    4.2081   25.5069    4.2081   -3.9660   -4.7485    0.0000    0.0000  -10.0000  -10.0000  0.5559E+11  0.2000E+09  0.0000E+00  0.0000E+00  0.1000E-09  0.1000E-09  0.1000E-09  0.1000E-09  0.1269E+05  0.2792E+00
 8360.5342 14 14   25.5069    4.2081   25.5069    4.2081   -3.9660   -4.7485    0.0000    0.0000  -10.0000  -10.0000  0.5559E+11  0.2000E+09  0.0000E+00  0.0000E+00  0.1000E-09  0.1000E-09  0.1000E-09  0.1000E-09  0.1269E+05  0.2792E+00
 8370.5342 14 14   25.5069    4.2081   25.5069    4.2081   -3.9660   -4.7485    0.0000    0.0000  -10.0000  -10.0000  0.5559E+11  0.2000E+09  0.0000E+00  0.0000E+00  0.1000E-09  0.1000E-09  0.1000E-09  0.1000E-09  0.1269E+05  0.2792E+00
 8380.5342 14 14   25.5069    4.2081   25.5069    4.2081   -3.9660   -4.7485    0.0000    0.0000  -10.0000  -10.0000  0.5559E+11  0.2000E+09  0.0000E+00  0.0000E+00  0.1000E-09  0.1000E-09  0.1000E-09  0.1000E-09  0.1269E+05  0.2792E+00
 8390.5342 14 14   25.5069    4.2081   25.5069    4.2081   -3.9660   -4.7485    0.0000    0.0000  -10.0000  -10.0000  0.5559E+11  0.2000E+09  0.0000E+00  0.0000E+00  0.1000E-09  0.1000E-09  0.1000E-09  0.1000E-09  0.1269E+05  0.2792E+00
 8400.5342 14 14   25.5069    4.2081   25.5069    4.2081   -3.9660   -4.7485    0.0000    0.0000  -10.0000  -10.0000  0.5559E+11  0.2000E+09  0.0000E+00  0.0000E+00  0.1000E-09  0.1000E-09  0.1000E-09  0.1000E-09  0.1269E+05  0.2792E+00
 8410.5342 14 14   25.5069    4.2081   25.5069    4.2081   -3.9660   -4.7485    0.0000    0.0000  -10.0000  -10.0000  0.5559E+11  0.2000E+09  0.0000E+00  0.0000E+00  0.1000E-09  0.1000E-09  0.1000E-09  0.1000E-09  0.1269E+05  0.2792E+00
 8420.5342 14 14   25.5069    4.2081   25.5069    4.2081   -3.9660   -4.7485    0.0000    0.0000  -10.0000  -10.0000  0.5559E+11  0.2000E+09  0.0000E+00  0.0000E+00  0.1000E-09  0.1000E-09  0.1000E-09  0.1000E-09  0.1269E+05  0.2792E+00
 8430.5342 14 14   25.5069    4.2081   25.5069    4.2081   -3.9660   -4.7485    0.0000    0.0000  -10.0000  -10.0000  0.5559E+11  0.2000E+09  0.0000E+00  0.0000E+00  0.1000E-09  0.1000E-09  0.1000E-09  0.1000E-09  0.1269E+05  0.2792E+00
 8440.5342 14 14   25.5069    4.2081   25.5069    4.2081   -3.9660   -4.7485    0.0000    0.0000  -10.0000  -10.0000  0.5559E+11  0.2000E+09  0.0000E+00  0.0000E+00  0.1000E-09  0.1000E-09  0.1000E-09  0.1000E-09  0.1269E+05  0.2792E+00
 8450.5342 14 14   25.5069    4.2081   25.5069    4.2081   -3.9660   -4.7485    0.0000    0.0000  -10.0000  -10.0000  0.5559E+11  0.2000E+09  0.0000E+00  0.0000E+00  0.1000E-09  0.1000E-09  0.1000E-09  0.1000E-09  0.1269E+05  0.2792E+00
 8460.5342 14 14   25.5069    4.2081   25.5069    4.2081   -3.9660   -4.7485    0.0000    0.0000  -10.0000  -10.0000  0.5559E+11  0.2000E+09  0.0000E+00  0.0000E+00  0.1000E-09  0.1000E-09  0.1000E-09  0.1000E-09  0.1269E+05  0.2792E+00
 8470.5342 14 14   25.5069    4.2081   25.5069    4.2081   -3.9660   -4.7485    0.0000    0.0000  -10.0000  -10.0000  0.5559E+11  0.2000E+09  0.0000E+00  0.0000E+00  0.1000E-09  0.1000E-09  0.1000E-09  0.1000E-09  0.1269E+05  0.2792E+00
 8480.5342 14 14   25.5069    4.2081   25.5069    4.2081   -3.9660   -4.7485    0.0000    0.0000  -10.0000  -10.0000  0.5559E+11  0.2000E+09  0.0000E+00  0.0000E+00  0.1000E-09  0.1000E-09  0.1000E-09  0.1000E-09  0.1269E+05  0.2792E+00
 8490.5342 14 14   25.5069    4.2081   25.5069    4.2081   -3.9660   -4.7485    0.0000    0.0000  -10.0000  -10.0000  0.5559E+11  0.2000E+09  0.0000E+00  0.0000E+00  0.1000E-09  0.1000E-09  0.1000E-09  0.1000E-09  0.1269E+05  0.2792E+00
 8500.5342 14 14   25.5069    4.2081   25.5069    4.2081   -3.9660   -4.7485    0.0000    0.0000  -10.0000  -10.0000  0.5559E+11  0.2000E+09  0.0000E+00  0.0000E+00  0.1000E-09  0.1000E-09  0.1000E-09  0.1000E-09  0.1269E+05  0.2792E+00
 8510.5342 14 14   25.5069    4.2081   25.5069    4.2081   -3.9660   -4.7485    0.0000    0.0000  -10.0000  -10.0000  0.5559E+11  0.2000E+09  0.0000E+00  0.0000E+00  0.1000E-09  0.1000E-09  0.1000E-09  0.1000E-09  0.1269E+05  0.2792E+00
 8520.5342 14 14   25.5069    4.2081   25.5069    4.2081   -3.9660   -4.7485    0.0000    0.0000  -10.0000  -10.0000  0.5559E+11  0.2000E+09  0.0000E+00  0.0000E+00  0.1000E-09  0.1000E-09  0.1000E-09  0.1000E-09  0.1269E+05  0.2792E+00
 8530.5342 14 14   25.5069    4.2081   25.5069    4.2081   -3.9660   -4.7485    0.0000    0.0000  -10.0000  -10.0000  0.5559E+11  0.2000E+09  0.0000E+00  0.0000E+00  0.1000E-09  0.1000E-09  0.1000E-09  0.1000E-09  0.1269E+05  0.2792E+00
 8540.5342 14 14   25.5069    4.2081   25.5069    4.2081   -3.9660   -4.7485    0.0000    0.0000  -10.0000  -10.0000  0.5559E+11  0.2000E+09  0.0000E+00  0.0000E+00  0.1000E-09  0.1000E-09  0.1000E-09  0.1000E-09  0.1269E+05  0.2792E+00
 8550.5342 14 14   25.5069    4.2081   25.5069    4.2081   -3.9660   -4.7485    0.0000    0.0000  -10.0000  -10.0000  0.5559E+11  0.2000E+09  0.0000E+00  0.0000E+00  0.1000E-09  0.1000E-09  0.1000E-09  0.1000E-09  0.1269E+05  0.2792E+00
 8560.5342 14 14   25.5069    4.2081   25.5069    4.2081   -3.9660   -4.7485    0.0000    0.0000  -10.0000  -10.0000  0.5559E+11  0.2000E+09  0.0000E+00  0.0000E+00  0.1000E-09  0.1000E-09  0.1000E-09  0.1000E-09  0.1269E+05  0.2792E+00
 8570.5342 14 14   25.5069    4.2081   25.5069    4.2081   -3.9660   -4.7485    0.0000    0.0000  -10.0000  -10.0000  0.5559E+11  0.2000E+09  0.0000E+00  0.0000E+00  0.1000E-09  0.1000E-09  0.1000E-09  0.1000E-09  0.1269E+05  0.2792E+00
 8580.5342 14 14   25.5069    4.2081   25.5069    4.2081   -3.9660   -4.7485    0.0000    0.0000  -10.0000  -10.0000  0.5559E+11  0.2000E+09  0.0000E+00  0.0000E+00  0.1000E-09  0.1000E-09  0.1000E-09  0.1000E-09  0.1269E+05  0.2792E+00
 8590.5342 14 14   25.5069    4.2081   25.5069    4.2081   -3.9660   -4.7485    0.0000    0.0000  -10.0000  -10.0000  0.5559E+11  0.2000E+09  0.0000E+00  0.0000E+00  0.1000E-09  0.1000E-09  0.1000E-09  0.1000E-09  0.1269E+05  0.2792E+00
 8600.5342 14 14   25.5069    4.2081   25.5069    4.2081   -3.9660   -4.7485    0.0000    0.0000  -10.0000  -10.0000  0.5559E+11  0.2000E+09  0.0000E+00  0.0000E+00  0.1000E-09  0.1000E-09  0.1000E-09  0.1000E-09  0.1269E+05  0.2792E+00
 8610.5342 14 14   25.5069    4.2081   25.5069    4.2081   -3.9660   -4.7485    0.0000    0.0000  -10.0000  -10.0000  0.5559E+11  0.2000E+09  0.0000E+00  0.0000E+00  0.1000E-09  0.1000E-09  0.1000E-09  0.1000E-09  0.1269E+05  0.2792E+00
 8620.5342 14 14   25.5069    4.2081   25.5069    4.2081   -3.9660   -4.7485    0.0000    0.0000  -10.0000  -10.0000  0.5559E+11  0.2000E+09  0.0000E+00  0.0000E+00  0.1000E-09  0.1000E-09  0.1000E-09  0.1000E-09  0.1269E+05  0.2792E+00
 8630.5342 14 14   25.5069    4.2081   25.5069    4.2081   -3.9660   -4.7485    0.0000    0.0000  -10.0000  -10.0000  0.5559E+11  0.2000E+09  0.0000E+00  0.0000E+00  0.1000E-09  0.1000E-09  0.1000E-09  0.1000E-09  0.1269E+05  0.2792E+00
 8640.5342 14 14   25.5069    4.2081   25.5069    4.2081   -3.9660   -4.7485    0.0000    0.0000  -10.0000  -10.0000  0.5559E+11  0.2000E+09  0.0000E+00  0.0000E+00  0.1000E-09  0.1000E-09  0.1000E-09  0.1000E-09  0.1269E+05  0.2792E+00
 8650.5342 14 14   25.5069    4.2081   25.5069    4.2081   -3.9660   -4.7485    0.0000    0.0000  -10.0000  -10.0000  0.5559E+11  0.2000E+09  0.0000E+00  0.0000E+00  0.1000E-09  0.1000E-09  0.1000E-09  0.1000E-09  0.1269E+05  0.2792E+00
 8660.5342 14 14   25.5069    4.2081   25.5069    4.2081   -3.9660   -4.7485    0.0000    0.0000  -10.0000  -10.0000  0.5559E+11  0.2000E+09  0.0000E+00  0.0000E+00  0.1000E-09  0.1000E-09  0.1000E-09  0.1000E-09  0.1269E+05  0.2792E+00
 8670.5342 14 14   25.5069    4.2081   25.5069    4.2081   -3.9660   -4.7485    0.0000    0.0000  -10.0000  -10.0000  0.5559E+11  0.2000E+09  0.0000E+00  0.0000E+00  0.1000E-09  0.1000E-09  0.1000E-09  0.1000E-09  0.1269E+05  0.2792E+00
 8680.5342 14 14   25.5069    4.2081   25.5069    4.2081   -3.9660   -4.7485    0.0000    0.0000  -10.0000  -10.0000  0.5559E+11  0.2000E+09  0.0000E+00  0.0000E+00  0.1000E-09  0.1000E-09  0.1000E-09  0.1000E-09  0.1269E+05  0.2792E+00
 8690.5342 14 14   25.5069    4.2081   25.5069    4.2081   -3.9660   -4.7485    0.0000    0.0000  -10.0000  -10.0000  0.5559E+11  0.2000E+09  0.0000E+00  0.0000E+00  0.1000E-09  0.1000E-09  0.1000E-09  0.1000E-09  0.1269E+05  0.2792E+00
 8700.5342 14 14   25.5069    4.2081   25.5069    4.2081   -3.9660   -4.7485    0.0000    0.0000  -10.0000  -10.0000  0.5559E+11  0.2000E+09  0.0000E+00  0.0000E+00  0.1000E-09  0.1000E-09  0.1000E-09  0.1000E-09  0.1269E+05  0.2792E+00
 8710.5342 14 14   25.5069    4.2081   25.5069    4.2081   -3.9660   -4.7485    0.0000    0.0000  -10.0000  -10.0000  0.5559E+11  0.2000E+09  0.0000E+00  0.0000E+00  0.1000E-09  0.1000E-09  0.1000E-09  0.1000E-09  0.1269E+05  0.2792E+00
 8720.5342 14 14   25.5069    4.2081   25.5069    4.2081   -3.9660   -4.7485    0.0000    0.0000  -10.0000  -10.0000  0.5559E+11  0.2000E+09  0.0000E+00  0.0000E+00  0.1000E-09  0.1000E-09  0.1000E-09  0.1000E-09  0.1269E+05  0.2792E+00
 8730.5342 14 14   25.5069    4.2081   25.5069    4.2081   -3.9660   -4.7485    0.0000    0.0000  -10.0000  -10.0000  0.5559E+11  0.2000E+09  0.0000E+00  0.0000E+00  0.1000E-09  0.1000E-09  0.1000E-09  0.1000E-09  0.1269E+05  0.2792E+00
 8740.5342 14 14   25.5069    4.2081   25.5069    4.2081   -3.9660   -4.7485    0.0000    0.0000  -10.0000  -10.0000  0.5559E+11  0.2000E+09  0.0000E+00  0.0000E+00  0.1000E-09  0.1000E-09  0.1000E-09  0.1000E-09  0.1269E+05  0.2792E+00
 8750.5342 14 14   25.5069    4.2081   25.5069    4.2081   -3.9660   -4.7485    0.0000    0.0000  -10.0000  -10.0000  0.5559E+11  0.2000E+09  0.0000E+00  0.0000E+00  0.1000E-09  0.1000E-09  0.1000E-09  0.1000E-09  0.1269E+05  0.2792E+00
 8760.5342 14 14   25.5069    4.2081   25.5069    4.2081   -3.9660   -4.7485    0.0000    0.0000  -10.0000  -10.0000  0.5559E+11  0.2000E+09  0.0000E+00  0.0000E+00  0.1000E-09  0.1000E-09  0.1000E-09  0.1000E-09  0.1269E+05  0.2792E+00
 8770.5342 14 14   25.5069    4.2081   25.5069    4.2081   -3.9660   -4.7485    0.0000    0.0000  -10.0000  -10.0000  0.5559E+11  0.2000E+09  0.0000E+00  0.0000E+00  0.1000E-09  0.1000E-09  0.1000E-09  0.1000E-09  0.1269E+05  0.2792E+00
 8780.5342 14 14   25.5069    4.2081   25.5069    4.2081   -3.9660   -4.7485    0.0000    0.0000  -10.0000  -10.0000  0.5559E+11  0.2000E+09  0.0000E+00  0.0000E+00  0.1000E-09  0.1000E-09  0.1000E-09  0.1000E-09  0.1269E+05  0.2792E+00
 8790.5342 14 14   25.5069    4.2081   25.5069    4.2081   -3.9660   -4.7485    0.0000    0.0000  -10.0000  -10.0000  0.5559E+11  0.2000E+09  0.0000E+00  0.0000E+00  0.1000E-09  0.1000E-09  0.1000E-09  0.1000E-09  0.1269E+05  0.2792E+00
 8800.5342 14 14   25.5069    4.2081   25.5069    4.2081   -3.9660   -4.7485    0.0000    0.0000  -10.0000  -10.0000  0.5559E+11  0.2000E+09  0.0000E+00  0.0000E+00  0.1000E-09  0.1000E-09  0.1000E-09  0.1000E-09  0.1269E+05  0.2792E+00
 8810.5342 14 14   25.5069    4.2081   25.5069    4.2081   -3.9660   -4.7485    0.0000    0.0000  -10.0000  -10.0000  0.5559E+11  0.2000E+09  0.0000E+00  0.0000E+00  0.1000E-09  0.1000E-09  0.1000E-09  0.1000E-09  0.1269E+05  0.2792E+00
 8820.5342 14 14   25.5069    4.2081   25.5069    4.2081   -3.9660   -4.7485    0.0000    0.0000  -10.0000  -10.0000  0.5559E+11  0.2000E+09  0.0000E+00  0.0000E+00  0.1000E-09  0.1000E-09  0.1000E-09  0.1000E-09  0.1269E+05  0.2792E+00
 8830.5342 14 14   25.5069    4.2081   25.5069    4.2081   -3.9660   -4.7485    0.0000    0.0000  -10.0000  -10.0000  0.5559E+11  0.2000E+09  0.0000E+00  0.0000E+00  0.1000E-09  0.1000E-09  0.1000E-09  0.1000E-09  0.1269E+05  0.2792E+00
 8840.5342 14 14   25.5069    4.2081   25.5069    4.2081   -3.9660   -4.7485    0.0000    0.0000  -10.0000  -10.0000  0.5559E+11  0.2000E+09  0.0000E+00  0.0000E+00  0.1000E-09  0.1000E-09  0.1000E-09  0.1000E-09  0.1269E+05  0.2792E+00
 8850.5342 14 14   25.5069    4.2081   25.5069    4.2081   -3.9660   -4.7485    0.0000    0.0000  -10.0000  -10.0000  0.5559E+11  0.2000E+09  0.0000E+00  0.0000E+00  0.1000E-09  0.1000E-09  0.1000E-09  0.1000E-09  0.1269E+05  0.2792E+00
 8860.5342 14 14   25.5069    4.2081   25.5069    4.2081   -3.9660   -4.7485    0.0000    0.0000  -10.0000  -10.0000  0.5559E+11  0.2000E+09  0.0000E+00  0.0000E+00  0.1000E-09  0.1000E-09  0.1000E-09  0.1000E-09  0.1269E+05  0.2792E+00
 8870.5342 14 14   25.5069    4.2081   25.5069    4.2081   -3.9660   -4.7485    0.0000    0.0000  -10.0000  -10.0000  0.5559E+11  0.2000E+09  0.0000E+00  0.0000E+00  0.1000E-09  0.1000E-09  0.1000E-09  0.1000E-09  0.1269E+05  0.2792E+00
 8880.5342 14 14   25.5069    4.2081   25.5069    4.2081   -3.9660   -4.7485    0.0000    0.0000  -10.0000  -10.0000  0.5559E+11  0.2000E+09  0.0000E+00  0.0000E+00  0.1000E-09  0.1000E-09  0.1000E-09  0.1000E-09  0.1269E+05  0.2792E+00
 8890.5342 14 14   25.5069    4.2081   25.5069    4.2081   -3.9660   -4.7485    0.0000    0.0000  -10.0000  -10.0000  0.5559E+11  0.2000E+09  0.0000E+00  0.0000E+00  0.1000E-09  0.1000E-09  0.1000E-09  0.1000E-09  0.1269E+05  0.2792E+00
 8900.5342 14 14   25.5069    4.2081   25.5069    4.2081   -3.9660   -4.7485    0.0000    0.0000  -10.0000  -10.0000  0.5559E+11  0.2000E+09  0.0000E+00  0.0000E+00  0.1000E-09  0.1000E-09  0.1000E-09  0.1000E-09  0.1269E+05  0.2792E+00
 8910.5342 14 14   25.5069    4.2081   25.5069    4.2081   -3.9660   -4.7485    0.0000    0.0000  -10.0000  -10.0000  0.5559E+11  0.2000E+09  0.0000E+00  0.0000E+00  0.1000E-09  0.1000E-09  0.1000E-09  0.1000E-09  0.1269E+05  0.2792E+00
 8920.5342 14 14   25.5069    4.2081   25.5069    4.2081   -3.9660   -4.7485    0.0000    0.0000  -10.0000  -10.0000  0.5559E+11  0.2000E+09  0.0000E+00  0.0000E+00  0.1000E-09  0.1000E-09  0.1000E-09  0.1000E-09  0.1269E+05  0.2792E+00
 8930.5342 14 14   25.5069    4.2081   25.5069    4.2081   -3.9660   -4.7485    0.0000    0.0000  -10.0000  -10.0000  0.5559E+11  0.2000E+09  0.0000E+00  0.0000E+00  0.1000E-09  0.1000E-09  0.1000E-09  0.1000E-09  0.1269E+05  0.2792E+00
 8940.5342 14 14   25.5069    4.2081   25.5069    4.2081   -3.9660   -4.7485    0.0000    0.0000  -10.0000  -10.0000  0.5559E+11  0.2000E+09  0.0000E+00  0.0000E+00  0.1000E-09  0.1000E-09  0.1000E-09  0.1000E-09  0.1269E+05  0.2792E+00
 8950.5342 14 14   25.5069    4.2081   25.5069    4.2081   -3.9660   -4.7485    0.0000    0.0000  -10.0000  -10.0000  0.5559E+11  0.2000E+09  0.0000E+00  0.0000E+00  0.1000E-09  0.1000E-09  0.1000E-09  0.1000E-09  0.1269E+05  0.2792E+00
 8960.5342 14 14   25.5069    4.2081   25.5069    4.2081   -3.9660   -4.7485    0.0000    0.0000  -10.0000  -10.0000  0.5559E+11  0.2000E+09  0.0000E+00  0.0000E+00  0.1000E-09  0.1000E-09  0.1000E-09  0.1000E-09  0.1269E+05  0.2792E+00
 8970.5342 14 14   25.5069    4.2081   25.5069    4.2081   -3.9660   -4.7485    0.0000    0.0000  -10.0000  -10.0000  0.5559E+11  0.2000E+09  0.0000E+00  0.0000E+00  0.1000E-09  0.1000E-09  0.1000E-09  0.1000E-09  0.1269E+05  0.2792E+00
 8980.5342 14 14   25.5069    4.2081   25.5069    4.2081   -3.9660   -4.7485    0.0000    0.0000  -10.0000  -10.0000  0.5559E+11  0.2000E+09  0.0000E+00  0.0000E+00  0.1000E-09  0.1000E-09  0.1000E-09  0.1000E-09  0.1269E+05  0.2792E+00
 8990.5342 14 14   25.5069    4.2081   25.5069    4.2081   -3.9660   -4.7485    0.0000    0.0000  -10.0000  -10.0000  0.5559E+11  0.2000E+09  0.0000E+00  0.0000E+00  0.1000E-09  0.1000E-09  0.1000E-09  0.1000E-09  0.1269E+05  0.2792E+00
 9000.5342 14 14   25.5069    4.2081   25.5069    4.2081   -3.9660   -4.7485    0.0000    0.0000  -10.0000  -10.0000  0.5559E+11  0.2000E+09  0.0000E+00  0.0000E+00  0.1000E-09  0.1000E-09  0.1000E-09  0.1000E-09  0.1269E+05  0.2792E+00
 9010.5342 14 14   25.5069    4.2081   25.5069    4.2081   -3.9660   -4.7485    0.0000    0.0000  -10.0000  -10.0000  0.5559E+11  0.2000E+09  0.0000E+00  0.0000E+00  0.1000E-09  0.1000E-09  0.1000E-09  0.1000E-09  0.1269E+05  0.2792E+00
 9020.5342 14 14   25.5069    4.2081   25.5069    4.2081   -3.9660   -4.7485    0.0000    0.0000  -10.0000  -10.0000  0.5559E+11  0.2000E+09  0.0000E+00  0.0000E+00  0.1000E-09  0.1000E-09  0.1000E-09  0.1000E-09  0.1269E+05  0.2792E+00
 9030.5342 14 14   25.5069    4.2081   25.5069    4.2081   -3.9660   -4.7485    0.0000    0.0000  -10.0000  -10.0000  0.5559E+11  0.2000E+09  0.0000E+00  0.0000E+00  0.1000E-09  0.1000E-09  0.1000E-09  0.1000E-09  0.1269E+05  0.2792E+00
 9040.5342 14 14   25.5069    4.2081   25.5069    4.2081   -3.9660   -4.7485    0.0000    0.0000  -10.0000  -10.0000  0.5559E+11  0.2000E+09  0.0000E+00  0.0000E+00  0.1000E-09  0.1000E-09  0.1000E-09  0.1000E-09  0.1269E+05  0.2792E+00
 9050.5342 14 14   25.5069    4.2081   25.5069    4.2081   -3.9660   -4.7485    0.0000    0.0000  -10.0000  -10.0000  0.5559E+11  0.2000E+09  0.0000E+00  0.0000E+00  0.1000E-09  0.1000E-09  0.1000E-09  0.1000E-09  0.1269E+05  0.2792E+00
 9060.5342 14 14   25.5069    4.2081   25.5069    4.2081   -3.9660   -4.7485    0.0000    0.0000  -10.0000  -10.0000  0.5559E+11  0.2000E+09  0.0000E+00  0.0000E+00  0.1000E-09  0.1000E-09  0.1000E-09  0.1000E-09  0.1269E+05  0.2792E+00
 9070.5342 14 14   25.5069    4.2081   25.5069    4.2081   -3.9660   -4.7485    0.0000    0.0000  -10.0000  -10.0000  0.5559E+11  0.2000E+09  0.0000E+00  0.0000E+00  0.1000E-09  0.1000E-09  0.1000E-09  0.1000E-09  0.1269E+05  0.2792E+00
 9080.5342 14 14   25.5069    4.2081   25.5069    4.2081   -3.9660   -4.7485    0.0000    0.0000  -10.0000  -10.0000  0.5559E+11  0.2000E+09  0.0000E+00  0.0000E+00  0.1000E-09  0.1000E-09  0.1000E-09  0.1000E-09  0.1269E+05  0.2792E+00
 9090.5342 14 14   25.5069    4.2081   25.5069    4.2081   -3.9660   -4.7485    0.0000    0.0000  -10.0000  -10.0000  0.5559E+11  0.2000E+09  0.0000E+00  0.0000E+00  0.1000E-09  0.1000E-09  0.1000E-09  0.1000E-09  0.1269E+05  0.2792E+00
 9100.5342 14 14   25.5069    4.2081   25.5069    4.2081   -3.9660   -4.7485    0.0000    0.0000  -10.0000  -10.0000  0.5559E+11  0.2000E+09  0.0000E+00  0.0000E+00  0.1000E-09  0.1000E-09  0.1000E-09  0.1000E-09  0.1269E+05  0.2792E+00
 9110.5342 14 14   25.5069    4.2081   25.5069    4.2081   -3.9660   -4.7485    0.0000    0.0000  -10.0000  -10.0000  0.5559E+11  0.2000E+09  0.0000E+00  0.0000E+00  0.1000E-09  0.1000E-09  0.1000E-09  0.1000E-09  0.1269E+05  0.2792E+00
 9120.5342 14 14   25.5069    4.2081   25.5069    4.2081   -3.9660   -4.7485    0.0000    0.0000  -10.0000  -10.0000  0.5559E+11  0.2000E+09  0.0000E+00  0.0000E+00  0.1000E-09  0.1000E-09  0.1000E-09  0.1000E-09  0.1269E+05  0.2792E+00
 9130.5342 14 14   25.5069    4.2081   25.5069    4.2081   -3.9660   -4.7485    0.0000    0.0000  -10.0000  -10.0000  0.5559E+11  0.2000E+09  0.0000E+00  0.0000E+00  0.1000E-09  0.1000E-09  0.1000E-09  0.1000E-09  0.1269E+05  0.2792E+00
 9140.5342 14 14   25.5069    4.2081   25.5069    4.2081   -3.9660   -4.7485    0.0000    0.0000  -10.0000  -10.0000  0.5559E+11  0.2000E+09  0.0000E+00  0.0000E+00  0.1000E-09  0.1000E-09  0.1000E-09  0.1000E-09  0.1269E+05  0.2792E+00
 9150.5342 14 14   25.5069    4.2081   25.5069    4.2081   -3.9660   -4.7485    0.0000    0.0000  -10.0000  -10.0000  0.5559E+11  0.2000E+09  0.0000E+00  0.0000E+00  0.1000E-09  0.1000E-09  0.1000E-09  0.1000E-09  0.1269E+05  0.2792E+00
 9160.5342 14 14   25.5069    4.2081   25.5069    4.2081   -3.9660   -4.7485    0.0000    0.0000  -10.0000  -10.0000  0.5559E+11  0.2000E+09  0.0000E+00  0.0000E+00  0.1000E-09  0.1000E-09  0.1000E-09  0.1000E-09  0.1269E+05  0.2792E+00
 9170.5342 14 14   25.5069    4.2081   25.5069    4.2081   -3.9660   -4.7485    0.0000    0.0000  -10.0000  -10.0000  0.5559E+11  0.2000E+09  0.0000E+00  0.0000E+00  0.1000E-09  0.1000E-09  0.1000E-09  0.1000E-09  0.1269E+05  0.2792E+00
 9180.5342 14 14   25.5069    4.2081   25.5069    4.2081   -3.9660   -4.7485    0.0000    0.0000  -10.0000  -10.0000  0.5559E+11  0.2000E+09  0.0000E+00  0.0000E+00  0.1000E-09  0.1000E-09  0.1000E-09  0.1000E-09  0.1269E+05  0.2792E+00
 9190.5342 14 14   25.5069    4.2081   25.5069    4.2081   -3.9660   -4.7485    0.0000    0.0000  -10.0000  -10.0000  0.5559E+11  0.2000E+09  0.0000E+00  0.0000E+00  0.1000E-09  0.1000E-09  0.1000E-09  0.1000E-09  0.1269E+05  0.2792E+00
 9200.5342 14 14   25.5069    4.2081   25.5069    4.2081   -3.9660   -4.7485    0.0000    0.0000  -10.0000  -10.0000  0.5559E+11  0.2000E+09  0.0000E+00  0.0000E+00  0.1000E-09  0.1000E-09  0.1000E-09  0.1000E-09  0.1269E+05  0.2792E+00
 9210.5342 14 14   25.5069    4.2081   25.5069    4.2081   -3.9660   -4.7485    0.0000    0.0000  -10.0000  -10.0000  0.5559E+11  0.2000E+09  0.0000E+00  0.0000E+00  0.1000E-09  0.1000E-09  0.1000E-09  0.1000E-09  0.1269E+05  0.2792E+00
 9220.5342 14 14   25.5069    4.2081   25.5069    4.2081   -3.9660   -4.7485    0.0000    0.0000  -10.0000  -10.0000  0.5559E+11  0.2000E+09  0.0000E+00  0.0000E+00  0.1000E-09  0.1000E-09  0.1000E-09  0.1000E-09  0.1269E+05  0.2792E+00
 9230.5342 14 14   25.5069    4.2081   25.5069    4.2081   -3.9660   -4.7485    0.0000    0.0000  -10.0000  -10.0000  0.5559E+11  0.2000E+09  0.0000E+00  0.0000E+00  0.1000E-09  0.1000E-09  0.1000E-09  0.1000E-09  0.1269E+05  0.2792E+00
 9240.5342 14 14   25.5069    4.2081   25.5069    4.2081   -3.9660   -4.7485    0.0000    0.0000  -10.0000  -10.0000  0.5559E+11  0.2000E+09  0.0000E+00  0.0000E+00  0.1000E-09  0.1000E-09  0.1000E-09  0.1000E-09  0.1269E+05  0.2792E+00
 9250.5342 14 14   25.5069    4.2081   25.5069    4.2081   -3.9660   -4.7485    0.0000    0.0000  -10.0000  -10.0000  0.5559E+11  0.2000E+09  0.0000E+00  0.0000E+00  0.1000E-09  0.1000E-09  0.1000E-09  0.1000E-09  0.1269E+05  0.2792E+00
 9260.5342 14 14   25.5069    4.2081   25.5069    4.2081   -3.9660   -4.7485    0.0000    0.0000  -10.0000  -10.0000  0.5559E+11  0.2000E+09  0.0000E+00  0.0000E+00  0.1000E-09  0.1000E-09  0.1000E-09  0.1000E-09  0.1269E+05  0.2792E+00
 9270.5342 14 14   25.5069    4.2081   25.5069    4.2081   -3.9660   -4.7485    0.0000    0.0000  -10.0000  -10.0000  0.5559E+11  0.2000E+09  0.0000E+00  0.0000E+00  0.1000E-09  0.1000E-09  0.1000E-09  0.1000E-09  0.1269E+05  0.2792E+00
 9280.5342 14 14   25.5069    4.2081   25.5069    4.2081   -3.9660   -4.7485    0.0000    0.0000  -10.0000  -10.0000  0.5559E+11  0.2000E+09  0.0000E+00  0.0000E+00  0.1000E-09  0.1000E-09  0.1000E-09  0.1000E-09  0.1269E+05  0.2792E+00
 9290.5342 14 14   25.5069    4.2081   25.5069    4.2081   -3.9660   -4.7485    0.0000    0.0000  -10.0000  -10.0000  0.5559E+11  0.2000E+09  0.0000E+00  0.0000E+00  0.1000E-09  0.1000E-09  0.1000E-09  0.1000E-09  0.1269E+05  0.2792E+00
 9300.5342 14 14   25.5069    4.2081   25.5069    4.2081   -3.9660   -4.7485    0.0000    0.0000  -10.0000  -10.0000  0.5559E+11  0.2000E+09  0.0000E+00  0.0000E+00  0.1000E-09  0.1000E-09  0.1000E-09  0.1000E-09  0.1269E+05  0.2792E+00
 9310.5342 14 14   25.5069    4.2081   25.5069    4.2081   -3.9660   -4.7485    0.0000    0.0000  -10.0000  -10.0000  0.5559E+11  0.2000E+09  0.0000E+00  0.0000E+00  0.1000E-09  0.1000E-09  0.1000E-09  0.1000E-09  0.1269E+05  0.2792E+00
 9320.5342 14 14   25.5069    4.2081   25.5069    4.2081   -3.9660   -4.7485    0.0000    0.0000  -10.0000  -10.0000  0.5559E+11  0.2000E+09  0.0000E+00  0.0000E+00  0.1000E-09  0.1000E-09  0.1000E-09  0.1000E-09  0.1269E+05  0.2792E+00
 9330.5342 14 14   25.5069    4.2081   25.5069    4.2081   -3.9660   -4.7485    0.0000    0.0000  -10.0000  -10.0000  0.5559E+11  0.2000E+09  0.0000E+00  0.0000E+00  0.1000E-09  0.1000E-09  0.1000E-09  0.1000E-09  0.1269E+05  0.2792E+00
 9340.5342 14 14   25.5069    4.2081   25.5069    4.2081   -3.9660   -4.7485    0.0000    0.0000  -10.0000  -10.0000  0.5559E+11  0.2000E+09  0.0000E+00  0.0000E+00  0.1000E-09  0.1000E-09  0.1000E-09  0.1000E-09  0.1269E+05  0.2792E+00
 9350.5342 14 14   25.5069    4.2081   25.5069    4.2081   -3.9660   -4.7485    0.0000    0.0000  -10.0000  -10.0000  0.5559E+11  0.2000E+09  0.0000E+00  0.0000E+00  0.1000E-09  0.1000E-09  0.1000E-09  0.1000E-09  0.1269E+05  0.2792E+00
 9360.5342 14 14   25.5069    4.2081   25.5069    4.2081   -3.9660   -4.7485    0.0000    0.0000  -10.0000  -10.0000  0.5559E+11  0.2000E+09  0.0000E+00  0.0000E+00  0.1000E-09  0.1000E-09  0.1000E-09  0.1000E-09  0.1269E+05  0.2792E+00
 9370.5342 14 14   25.5069    4.2081   25.5069    4.2081   -3.9660   -4.7485    0.0000    0.0000  -10.0000  -10.0000  0.5559E+11  0.2000E+09  0.0000E+00  0.0000E+00  0.1000E-09  0.1000E-09  0.1000E-09  0.1000E-09  0.1269E+05  0.2792E+00
 9380.5342 14 14   25.5069    4.2081   25.5069    4.2081   -3.9660   -4.7485    0.0000    0.0000  -10.0000  -10.0000  0.5559E+11  0.2000E+09  0.0000E+00  0.0000E+00  0.1000E-09  0.1000E-09  0.1000E-09  0.1000E-09  0.1269E+05  0.2792E+00
 9390.5342 14 14   25.5069    4.2081   25.5069    4.2081   -3.9660   -4.7485    0.0000    0.0000  -10.0000  -10.0000  0.5559E+11  0.2000E+09  0.0000E+00  0.0000E+00  0.1000E-09  0.1000E-09  0.1000E-09  0.1000E-09  0.1269E+05  0.2792E+00
 9400.5342 14 14   25.5069    4.2081   25.5069    4.2081   -3.9660   -4.7485    0.0000    0.0000  -10.0000  -10.0000  0.5559E+11  0.2000E+09  0.0000E+00  0.0000E+00  0.1000E-09  0.1000E-09  0.1000E-09  0.1000E-09  0.1269E+05  0.2792E+00
 9410.5342 14 14   25.5069    4.2081   25.5069    4.2081   -3.9660   -4.7485    0.0000    0.0000  -10.0000  -10.0000  0.5559E+11  0.2000E+09  0.0000E+00  0.0000E+00  0.1000E-09  0.1000E-09  0.1000E-09  0.1000E-09  0.1269E+05  0.2792E+00
 9420.5342 14 14   25.5069    4.2081   25.5069    4.2081   -3.9660   -4.7485    0.0000    0.0000  -10.0000  -10.0000  0.5559E+11  0.2000E+09  0.0000E+00  0.0000E+00  0.1000E-09  0.1000E-09  0.1000E-09  0.1000E-09  0.1269E+05  0.2792E+00
 9430.5342 14 14   25.5069    4.2081   25.5069    4.2081   -3.9660   -4.7485    0.0000    0.0000  -10.0000  -10.0000  0.5559E+11  0.2000E+09  0.0000E+00  0.0000E+00  0.1000E-09  0.1000E-09  0.1000E-09  0.1000E-09  0.1269E+05  0.2792E+00
 9440.5342 14 14   25.5069    4.2081   25.5069    4.2081   -3.9660   -4.7485    0.0000    0.0000  -10.0000  -10.0000  0.5559E+11  0.2000E+09  0.0000E+00  0.0000E+00  0.1000E-09  0.1000E-09  0.1000E-09  0.1000E-09  0.1269E+05  0.2792E+00
 9450.5342 14 14   25.5069    4.2081   25.5069    4.2081   -3.9660   -4.7485    0.0000    0.0000  -10.0000  -10.0000  0.5559E+11  0.2000E+09  0.0000E+00  0.0000E+00  0.1000E-09  0.1000E-09  0.1000E-09  0.1000E-09  0.1269E+05  0.2792E+00
 9460.5342 14 14   25.5069    4.2081   25.5069    4.2081   -3.9660   -4.7485    0.0000    0.0000  -10.0000  -10.0000  0.5559E+11  0.2000E+09  0.0000E+00  0.0000E+00  0.1000E-09  0.1000E-09  0.1000E-09  0.1000E-09  0.1269E+05  0.2792E+00
 9470.5342 14 14   25.5069    4.2081   25.5069    4.2081   -3.9660   -4.7485    0.0000    0.0000  -10.0000  -10.0000  0.5559E+11  0.2000E+09  0.0000E+00  0.0000E+00  0.1000E-09  0.1000E-09  0.1000E-09  0.1000E-09  0.1269E+05  0.2792E+00
 9480.5342 14 14   25.5069    4.2081   25.5069    4.2081   -3.9660   -4.7485    0.0000    0.0000  -10.0000  -10.0000  0.5559E+11  0.2000E+09  0.0000E+00  0.0000E+00  0.1000E-09  0.1000E-09  0.1000E-09  0.1000E-09  0.1269E+05  0.2792E+00
 9490.5342 14 14   25.5069    4.2081   25.5069    4.2081   -3.9660   -4.7485    0.0000    0.0000  -10.0000  -10.0000  0.5559E+11  0.2000E+09  0.0000E+00  0.0000E+00  0.1000E-09  0.1000E-09  0.1000E-09  0.1000E-09  0.1269E+05  0.2792E+00
 9500.5342 14 14   25.5069    4.2081   25.5069    4.2081   -3.9660   -4.7485    0.0000    0.0000  -10.0000  -10.0000  0.5559E+11  0.2000E+09  0.0000E+00  0.0000E+00  0.1000E-09  0.1000E-09  0.1000E-09  0.1000E-09  0.1269E+05  0.2792E+00
 9510.5342 14 14   25.5069    4.2081   25.5069    4.2081   -3.9660   -4.7485    0.0000    0.0000  -10.0000  -10.0000  0.5559E+11  0.2000E+09  0.0000E+00  0.0000E+00  0.1000E-09  0.1000E-09  0.1000E-09  0.1000E-09  0.1269E+05  0.2792E+00
 9520.5342 14 14   25.5069    4.2081   25.5069    4.2081   -3.9660   -4.7485    0.0000    0.0000  -10.0000  -10.0000  0.5559E+11  0.2000E+09  0.0000E+00  0.0000E+00  0.1000E-09  0.1000E-09  0.1000E-09  0.1000E-09  0.1269E+05  0.2792E+00
 9530.5342 14 14   25.5069    4.2081   25.5069    4.2081   -3.9660   -4.7485    0.0000    0.0000  -10.0000  -10.0000  0.5559E+11  0.2000E+09  0.0000E+00  0.0000E+00  0.1000E-09  0.1000E-09  0.1000E-09  0.1000E-09  0.1269E+05  0.2792E+00
 9540.5342 14 14   25.5069    4.2081   25.5069    4.2081   -3.9660   -4.7485    0.0000    0.0000  -10.0000  -10.0000  0.5559E+11  0.2000E+09  0.0000E+00  0.0000E+00  0.1000E-09  0.1000E-09  0.1000E-09  0.1000E-09  0.1269E+05  0.2792E+00
 9550.5342 14 14   25.5069    4.2081   25.5069    4.2081   -3.9660   -4.7485    0.0000    0.0000  -10.0000  -10.0000  0.5559E+11  0.2000E+09  0.0000E+00  0.0000E+00  0.1000E-09  0.1000E-09  0.1000E-09  0.1000E-09  0.1269E+05  0.2792E+00
 9560.5342 14 14   25.5069    4.2081   25.5069    4.2081   -3.9660   -4.7485    0.0000    0.0000  -10.0000  -10.0000  0.5559E+11  0.2000E+09  0.0000E+00  0.0000E+00  0.1000E-09  0.1000E-09  0.1000E-09  0.1000E-09  0.1269E+05  0.2792E+00
 9570.5342 14 14   25.5069    4.2081   25.5069    4.2081   -3.9660   -4.7485    0.0000    0.0000  -10.0000  -10.0000  0.5559E+11  0.2000E+09  0.0000E+00  0.0000E+00  0.1000E-09  0.1000E-09  0.1000E-09  0.1000E-09  0.1269E+05  0.2792E+00
 9580.5342 14 14   25.5069    4.2081   25.5069    4.2081   -3.9660   -4.7485    0.0000    0.0000  -10.0000  -10.0000  0.5559E+11  0.2000E+09  0.0000E+00  0.0000E+00  0.1000E-09  0.1000E-09  0.1000E-09  0.1000E-09  0.1269E+05  0.2792E+00
 9590.5342 14 14   25.5069    4.2081   25.5069    4.2081   -3.9660   -4.7485    0.0000    0.0000  -10.0000  -10.0000  0.5559E+11  0.2000E+09  0.0000E+00  0.0000E+00  0.1000E-09  0.1000E-09  0.1000E-09  0.1000E-09  0.1269E+05  0.2792E+00
 9600.5342 14 14   25.5069    4.2081   25.5069    4.2081   -3.9660   -4.7485    0.0000    0.0000  -10.0000  -10.0000  0.5559E+11  0.2000E+09  0.0000E+00  0.0000E+00  0.1000E-09  0.1000E-09  0.1000E-09  0.1000E-09  0.1269E+05  0.2792E+00
 9610.5342 14 14   25.5069    4.2081   25.5069    4.2081   -3.9660   -4.7485    0.0000    0.0000  -10.0000  -10.0000  0.5559E+11  0.2000E+09  0.0000E+00  0.0000E+00  0.1000E-09  0.1000E-09  0.1000E-09  0.1000E-09  0.1269E+05  0.2792E+00
 9620.5342 14 14   25.5069    4.2081   25.5069    4.2081   -3.9660   -4.7485    0.0000    0.0000  -10.0000  -10.0000  0.5559E+11  0.2000E+09  0.0000E+00  0.0000E+00  0.1000E-09  0.1000E-09  0.1000E-09  0.1000E-09  0.1269E+05  0.2792E+00
 9630.5342 14 14   25.5069    4.2081   25.5069    4.2081   -3.9660   -4.7485    0.0000    0.0000  -10.0000  -10.0000  0.5559E+11  0.2000E+09  0.0000E+00  0.0000E+00  0.1000E-09  0.1000E-09  0.1000E-09  0.1000E-09  0.1269E+05  0.2792E+00
 9640.5342 14 14   25.5069    4.2081   25.5069    4.2081   -3.9660   -4.7485    0.0000    0.0000  -10.0000  -10.0000  0.5559E+11  0.2000E+09  0.0000E+00  0.0000E+00  0.1000E-09  0.1000E-09  0.1000E-09  0.1000E-09  0.1269E+05  0.2792E+00
 9650.5342 14 14   25.5069    4.2081   25.5069    4.2081   -3.9660   -4.7485    0.0000    0.0000  -10.0000  -10.0000  0.5559E+11  0.2000E+09  0.0000E+00  0.0000E+00  0.1000E-09  0.1000E-09  0.1000E-09  0.1000E-09  0.1269E+05  0.2792E+00
 9660.5342 14 14   25.5069    4.2081   25.5069    4.2081   -3.9660   -4.7485    0.0000    0.0000  -10.0000  -10.0000  0.5559E+11  0.2000E+09  0.0000E+00  0.0000E+00  0.1000E-09  0.1000E-09  0.1000E-09  0.1000E-09  0.1269E+05  0.2792E+00
 9670.5342 14 14   25.5069    4.2081   25.5069    4.2081   -3.9660   -4.7485    0.0000    0.0000  -10.0000  -10.0000  0.5559E+11  0.2000E+09  0.0000E+00  0.0000E+00  0.1000E-09  0.1000E-09  0.1000E-09  0.1000E-09  0.1269E+05  0.2792E+00
 9680.5342 14 14   25.5069    4.2081   25.5069    4.2081   -3.9660   -4.7485    0.0000    0.0000  -10.0000  -10.0000  0.5559E+11  0.2000E+09  0.0000E+00  0.0000E+00  0.1000E-09  0.1000E-09  0.1000E-09  0.1000E-09  0.1269E+05  0.2792E+00
 9690.5342 14 14   25.5069    4.2081   25.5069    4.2081   -3.9660   -4.7485    0.0000    0.0000  -10.0000  -10.0000  0.5559E+11  0.2000E+09  0.0000E+00  0.0000E+00  0.1000E-09  0.1000E-09  0.1000E-09  0.1000E-09  0.1269E+05  0.2792E+00
 9700.5342 14 14   25.5069    4.2081   25.5069    4.2081   -3.9660   -4.7485    0.0000    0.0000  -10.0000  -10.0000  0.5559E+11  0.2000E+09  0.0000E+00  0.0000E+00  0.1000E-09  0.1000E-09  0.1000E-09  0.1000E-09  0.1269E+05  0.2792E+00
 9710.5342 14 14   25.5069    4.2081   25.5069    4.2081   -3.9660   -4.7485    0.0000    0.0000  -10.0000  -10.0000  0.5559E+11  0.2000E+09  0.0000E+00  0.0000E+00  0.1000E-09  0.1000E-09  0.1000E-09  0.1000E-09  0.1269E+05  0.2792E+00
 9720.5342 14 14   25.5069    4.2081   25.5069    4.2081   -3.9660   -4.7485    0.0000    0.0000  -10.0000  -10.0000  0.5559E+11  0.2000E+09  0.0000E+00  0.0000E+00  0.1000E-09  0.1000E-09  0.1000E-09  0.1000E-09  0.1269E+05  0.2792E+00
 9730.5342 14 14   25.5069    4.2081   25.5069    4.2081   -3.9660   -4.7485    0.0000    0.0000  -10.0000  -10.0000  0.5559E+11  0.2000E+09  0.0000E+00  0.0000E+00  0.1000E-09  0.1000E-09  0.1000E-09  0.1000E-09  0.1269E+05  0.2792E+00
 9740.5342 14 14   25.5069    4.2081   25.5069    4.2081   -3.9660   -4.7485    0.0000    0.0000  -10.0000  -10.0000  0.5559E+11  0.2000E+09  0.0000E+00  0.0000E+00  0.1000E-09  0.1000E-09  0.1000E-09  0.1000E-09  0.1269E+05  0.2792E+00
 9750.5342 14 14   25.5069    4.2081   25.5069    4.2081   -3.9660   -4.7485    0.0000    0.0000  -10.0000  -10.0000  0.5559E+11  0.2000E+09  0.0000E+00  0.0000E+00  0.1000E-09  0.1000E-09  0.1000E-09  0.1000E-09  0.1269E+05  0.2792E+00
 9760.5342 14 14   25.5069    4.2081   25.5069    4.2081   -3.9660   -4.7485    0.0000    0.0000  -10.0000  -10.0000  0.5559E+11  0.2000E+09  0.0000E+00  0.0000E+00  0.1000E-09  0.1000E-09  0.1000E-09  0.1000E-09  0.1269E+05  0.2792E+00
 9770.5342 14 14   25.5069    4.2081   25.5069    4.2081   -3.9660   -4.7485    0.0000    0.0000  -10.0000  -10.0000  0.5559E+11  0.2000E+09  0.0000E+00  0.0000E+00  0.1000E-09  0.1000E-09  0.1000E-09  0.1000E-09  0.1269E+05  0.2792E+00
 9780.5342 14 14   25.5069    4.2081   25.5069    4.2081   -3.9660   -4.7485    0.0000    0.0000  -10.0000  -10.0000  0.5559E+11  0.2000E+09  0.0000E+00  0.0000E+00  0.1000E-09  0.1000E-09  0.1000E-09  0.1000E-09  0.1269E+05  0.2792E+00
 9790.5342 14 14   25.5069    4.2081   25.5069    4.2081   -3.9660   -4.7485    0.0000    0.0000  -10.0000  -10.0000  0.5559E+11  0.2000E+09  0.0000E+00  0.0000E+00  0.1000E-09  0.1000E-09  0.1000E-09  0.1000E-09  0.1269E+05  0.2792E+00
 9800.5342 14 14   25.5069    4.2081   25.5069    4.2081   -3.9660   -4.7485    0.0000    0.0000  -10.0000  -10.0000  0.5559E+11  0.2000E+09  0.0000E+00  0.0000E+00  0.1000E-09  0.1000E-09  0.1000E-09  0.1000E-09  0.1269E+05  0.2792E+00
 9810.5342 14 14   25.5069    4.2081   25.5069    4.2081   -3.9660   -4.7485    0.0000    0.0000  -10.0000  -10.0000  0.5559E+11  0.2000E+09  0.0000E+00  0.0000E+00  0.1000E-09  0.1000E-09  0.1000E-09  0.1000E-09  0.1269E+05  0.2792E+00
 9820.5342 14 14   25.5069    4.2081   25.5069    4.2081   -3.9660   -4.7485    0.0000    0.0000  -10.0000  -10.0000  0.5559E+11  0.2000E+09  0.0000E+00  0.0000E+00  0.1000E-09  0.1000E-09  0.1000E-09  0.1000E-09  0.1269E+05  0.2792E+00
 9830.5342 14 14   25.5069    4.2081   25.5069    4.2081   -3.9660   -4.7485    0.0000    0.0000  -10.0000  -10.0000  0.5559E+11  0.2000E+09  0.0000E+00  0.0000E+00  0.1000E-09  0.1000E-09  0.1000E-09  0.1000E-09  0.1269E+05  0.2792E+00
 9840.5342 14 14   25.5069    4.2081   25.5069    4.2081   -3.9660   -4.7485    0.0000    0.0000  -10.0000  -10.0000  0.5559E+11  0.2000E+09  0.0000E+00  0.0000E+00  0.1000E-09  0.1000E-09  0.1000E-09  0.1000E-09  0.1269E+05  0.2792E+00
 9850.5342 14 14   25.5069    4.2081   25.5069    4.2081   -3.9660   -4.7485    0.0000    0.0000  -10.0000  -10.0000  0.5559E+11  0.2000E+09  0.0000E+00  0.0000E+00  0.1000E-09  0.1000E-09  0.1000E-09  0.1000E-09  0.1269E+05  0.2792E+00
 9860.5342 14 14   25.5069    4.2081   25.5069    4.2081   -3.9660   -4.7485    0.0000    0.0000  -10.0000  -10.0000  0.5559E+11  0.2000E+09  0.0000E+00  0.0000E+00  0.1000E-09  0.1000E-09  0.1000E-09  0.1000E-09  0.1269E+05  0.2792E+00
 9870.5342 14 14   25.5069    4.2081   25.5069    4.2081   -3.9660   -4.7485    0.0000    0.0000  -10.0000  -10.0000  0.5559E+11  0.2000E+09  0.0000E+00  0.0000E+00  0.1000E-09  0.1000E-09  0.1000E-09  0.1000E-09  0.1269E+05  0.2792E+00
 9880.5342 14 14   25.5069    4.2081   25.5069    4.2081   -3.9660   -4.7485    0.0000    0.0000  -10.0000  -10.0000  0.5559E+11  0.2000E+09  0.0000E+00  0.0000E+00  0.1000E-09  0.1000E-09  0.1000E-09  0.1000E-09  0.1269E+05  0.2792E+00
 9890.5342 14 14   25.5069    4.2081   25.5069    4.2081   -3.9660   -4.7485    0.0000    0.0000  -10.0000  -10.0000  0.5559E+11  0.2000E+09  0.0000E+00  0.0000E+00  0.1000E-09  0.1000E-09  0.1000E-09  0.1000E-09  0.1269E+05  0.2792E+00
 9900.5342 14 14   25.5069    4.2081   25.5069    4.2081   -3.9660   -4.7485    0.0000    0.0000  -10.0000  -10.0000  0.5559E+11  0.2000E+09  0.0000E+00  0.0000E+00  0.1000E-09  0.1000E-09  0.1000E-09  0.1000E-09  0.1269E+05  0.2792E+00
 9910.5342 14 14   25.5069    4.2081   25.5069    4.2081   -3.9660   -4.7485    0.0000    0.0000  -10.0000  -10.0000  0.5559E+11  0.2000E+09  0.0000E+00  0.0000E+00  0.1000E-09  0.1000E-09  0.1000E-09  0.1000E-09  0.1269E+05  0.2792E+00
 9920.5342 14 14   25.5069    4.2081   25.5069    4.2081   -3.9660   -4.7485    0.0000    0.0000  -10.0000  -10.0000  0.5559E+11  0.2000E+09  0.0000E+00  0.0000E+00  0.1000E-09  0.1000E-09  0.1000E-09  0.1000E-09  0.1269E+05  0.2792E+00
 9930.5342 14 14   25.5069    4.2081   25.5069    4.2081   -3.9660   -4.7485    0.0000    0.0000  -10.0000  -10.0000  0.5559E+11  0.2000E+09  0.0000E+00  0.0000E+00  0.1000E-09  0.1000E-09  0.1000E-09  0.1000E-09  0.1269E+05  0.2792E+00
 9940.5342 14 14   25.5069    4.2081   25.5069    4.2081   -3.9660   -4.7485    0.0000    0.0000  -10.0000  -10.0000  0.5559E+11  0.2000E+09  0.0000E+00  0.0000E+00  0.1000E-09  0.1000E-09  0.1000E-09  0.1000E-09  0.1269E+05  0.2792E+00
 9950.5342 14 14   25.5069    4.2081   25.5069    4.2081   -3.9660   -4.7485    0.0000    0.0000  -10.0000  -10.0000  0.5559E+11  0.2000E+09  0.0000E+00  0.0000E+00  0.1000E-09  0.1000E-09  0.1000E-09  0.1000E-09  0.1269E+05  0.2792E+00
 9960.5342 14 14   25.5069    4.2081   25.5069    4.2081   -3.9660   -4.7485    0.0000    0.0000  -10.0000  -10.0000  0.5559E+11  0.2000E+09  0.0000E+00  0.0000E+00  0.1000E-09  0.1000E-09  0.1000E-09  0.1000E-09  0.1269E+05  0.2792E+00
 9970.5342 14 14   25.5069    4.2081   25.5069    4.2081   -3.9660   -4.7485    0.0000    0.0000  -10.0000  -10.0000  0.5559E+11  0.2000E+09  0.0000E+00  0.0000E+00  0.1000E-09  0.1000E-09  0.1000E-09  0.1000E-09  0.1269E+05  0.2792E+00
 9980.5342 14 14   25.5069    4.2081   25.5069    4.2081   -3.9660   -4.7485    0.0000    0.0000  -10.0000  -10.0000  0.5559E+11  0.2000E+09  0.0000E+00  0.0000E+00  0.1000E-09  0.1000E-09  0.1000E-09  0.1000E-09  0.1269E+05  0.2792E+00
 9990.5342 14 14   25.5069    4.2081   25.5069    4.2081   -3.9660   -4.7485    0.0000    0.0000  -10.0000  -10.0000  0.5559E+11  0.2000E+09  0.0000E+00  0.0000E+00  0.1000E-09  0.1000E-09  0.1000E-09  0.1000E-09  0.1269E+05  0.2792E+00
10000.5342 14 14   25.5069    4.2081   25.5069    4.2081   -3.9660   -4.7485    0.0000    0.0000  -10.0000  -10.0000  0.5559E+11  0.2000E+09  0.0000E+00  0.0000E+00  0.1000E-09  0.1000E-09  0.1000E-09  0.1000E-09  0.1269E+05  0.2792E+00
10010.5342 14 14   25.5069    4.2081   25.5069    4.2081   -3.9660   -4.7485    0.0000    0.0000  -10.0000  -10.0000  0.5559E+11  0.2000E+09  0.0000E+00  0.0000E+00  0.1000E-09  0.1000E-09  0.1000E-09  0.1000E-09  0.1269E+05  0.2792E+00
10020.5342 14 14   25.5069    4.2081   25.5069    4.2081   -3.9660   -4.7485    0.0000    0.0000  -10.0000  -10.0000  0.5559E+11  0.2000E+09  0.0000E+00  0.0000E+00  0.1000E-09  0.1000E-09  0.1000E-09  0.1000E-09  0.1269E+05  0.2792E+00
10030.5342 14 14   25.5069    4.2081   25.5069    4.2081   -3.9660   -4.7485    0.0000    0.0000  -10.0000  -10.0000  0.5559E+11  0.2000E+09  0.0000E+00  0.0000E+00  0.1000E-09  0.1000E-09  0.1000E-09  0.1000E-09  0.1269E+05  0.2792E+00
10040.5342 14 14   25.5069    4.2081   25.5069    4.2081   -3.9660   -4.7485    0.0000    0.0000  -10.0000  -10.0000  0.5559E+11  0.2000E+09  0.0000E+00  0.0000E+00  0.1000E-09  0.1000E-09  0.1000E-09  0.1000E-09  0.1269E+05  0.2792E+00
10050.5342 14 14   25.5069    4.2081   25.5069    4.2081   -3.9660   -4.7485    0.0000    0.0000  -10.0000  -10.0000  0.5559E+11  0.2000E+09  0.0000E+00  0.0000E+00  0.1000E-09  0.1000E-09  0.1000E-09  0.1000E-09  0.1269E+05  0.2792E+00
10060.5342 14 14   25.5069    4.2081   25.5069    4.2081   -3.9660   -4.7485    0.0000    0.0000  -10.0000  -10.0000  0.5559E+11  0.2000E+09  0.0000E+00  0.0000E+00  0.1000E-09  0.1000E-09  0.1000E-09  0.1000E-09  0.1269E+05  0.2792E+00
10070.5342 14 14   25.5069    4.2081   25.5069    4.2081   -3.9660   -4.7485    0.0000    0.0000  -10.0000  -10.0000  0.5559E+11  0.2000E+09  0.0000E+00  0.0000E+00  0.1000E-09  0.1000E-09  0.1000E-09  0.1000E-09  0.1269E+05  0.2792E+00
10080.5342 14 14   25.5069    4.2081   25.5069    4.2081   -3.9660   -4.7485    0.0000    0.0000  -10.0000  -10.0000  0.5559E+11  0.2000E+09  0.0000E+00  0.0000E+00  0.1000E-09  0.1000E-09  0.1000E-09  0.1000E-09  0.1269E+05  0.2792E+00
10090.5342 14 14   25.5069    4.2081   25.5069    4.2081   -3.9660   -4.7485    0.0000    0.0000  -10.0000  -10.0000  0.5559E+11  0.2000E+09  0.0000E+00  0.0000E+00  0.1000E-09  0.1000E-09  0.1000E-09  0.1000E-09  0.1269E+05  0.2792E+00
10100.5342 14 14   25.5069    4.2081   25.5069    4.2081   -3.9660   -4.7485    0.0000    0.0000  -10.0000  -10.0000  0.5559E+11  0.2000E+09  0.0000E+00  0.0000E+00  0.1000E-09  0.1000E-09  0.1000E-09  0.1000E-09  0.1269E+05  0.2792E+00
10110.5342 14 14   25.5069    4.2081   25.5069    4.2081   -3.9660   -4.7485    0.0000    0.0000  -10.0000  -10.0000  0.5559E+11  0.2000E+09  0.0000E+00  0.0000E+00  0.1000E-09  0.1000E-09  0.1000E-09  0.1000E-09  0.1269E+05  0.2792E+00
10120.5342 14 14   25.5069    4.2081   25.5069    4.2081   -3.9660   -4.7485    0.0000    0.0000  -10.0000  -10.0000  0.5559E+11  0.2000E+09  0.0000E+00  0.0000E+00  0.1000E-09  0.1000E-09  0.1000E-09  0.1000E-09  0.1269E+05  0.2792E+00
10130.5342 14 14   25.5069    4.2081   25.5069    4.2081   -3.9660   -4.7485    0.0000    0.0000  -10.0000  -10.0000  0.5559E+11  0.2000E+09  0.0000E+00  0.0000E+00  0.1000E-09  0.1000E-09  0.1000E-09  0.1000E-09  0.1269E+05  0.2792E+00
10140.5342 14 14   25.5069    4.2081   25.5069    4.2081   -3.9660   -4.7485    0.0000    0.0000  -10.0000  -10.0000  0.5559E+11  0.2000E+09  0.0000E+00  0.0000E+00  0.1000E-09  0.1000E-09  0.1000E-09  0.1000E-09  0.1269E+05  0.2792E+00
10150.5342 14 14   25.5069    4.2081   25.5069    4.2081   -3.9660   -4.7485    0.0000    0.0000  -10.0000  -10.0000  0.5559E+11  0.2000E+09  0.0000E+00  0.0000E+00  0.1000E-09  0.1000E-09  0.1000E-09  0.1000E-09  0.1269E+05  0.2792E+00
10160.5342 14 14   25.5069    4.2081   25.5069    4.2081   -3.9660   -4.7485    0.0000    0.0000  -10.0000  -10.0000  0.5559E+11  0.2000E+09  0.0000E+00  0.0000E+00  0.1000E-09  0.1000E-09  0.1000E-09  0.1000E-09  0.1269E+05  0.2792E+00
10170.5342 14 14   25.5069    4.2081   25.5069    4.2081   -3.9660   -4.7485    0.0000    0.0000  -10.0000  -10.0000  0.5559E+11  0.2000E+09  0.0000E+00  0.0000E+00  0.1000E-09  0.1000E-09  0.1000E-09  0.1000E-09  0.1269E+05  0.2792E+00
10180.5342 14 14   25.5069    4.2081   25.5069    4.2081   -3.9660   -4.7485    0.0000    0.0000  -10.0000  -10.0000  0.5559E+11  0.2000E+09  0.0000E+00  0.0000E+00  0.1000E-09  0.1000E-09  0.1000E-09  0.1000E-09  0.1269E+05  0.2792E+00
10190.5342 14 14   25.5069    4.2081   25.5069    4.2081   -3.9660   -4.7485    0.0000    0.0000  -10.0000  -10.0000  0.5559E+11  0.2000E+09  0.0000E+00  0.0000E+00  0.1000E-09  0.1000E-09  0.1000E-09  0.1000E-09  0.1269E+05  0.2792E+00
10200.5342 14 14   25.5069    4.2081   25.5069    4.2081   -3.9660   -4.7485    0.0000    0.0000  -10.0000  -10.0000  0.5559E+11  0.2000E+09  0.0000E+00  0.0000E+00  0.1000E-09  0.1000E-09  0.1000E-09  0.1000E-09  0.1269E+05  0.2792E+00
10210.5342 14 14   25.5069    4.2081   25.5069    4.2081   -3.9660   -4.7485    0.0000    0.0000  -10.0000  -10.0000  0.5559E+11  0.2000E+09  0.0000E+00  0.0000E+00  0.1000E-09  0.1000E-09  0.1000E-09  0.1000E-09  0.1269E+05  0.2792E+00
10220.5342 14 14   25.5069    4.2081   25.5069    4.2081   -3.9660   -4.7485    0.0000    0.0000  -10.0000  -10.0000  0.5559E+11  0.2000E+09  0.0000E+00  0.0000E+00  0.1000E-09  0.1000E-09  0.1000E-09  0.1000E-09  0.1269E+05  0.2792E+00
10230.5342 14 14   25.5069    4.2081   25.5069    4.2081   -3.9660   -4.7485    0.0000    0.0000  -10.0000  -10.0000  0.5559E+11  0.2000E+09  0.0000E+00  0.0000E+00  0.1000E-09  0.1000E-09  0.1000E-09  0.1000E-09  0.1269E+05  0.2792E+00
10240.5342 14 14   25.5069    4.2081   25.5069    4.2081   -3.9660   -4.7485    0.0000    0.0000  -10.0000  -10.0000  0.5559E+11  0.2000E+09  0.0000E+00  0.0000E+00  0.1000E-09  0.1000E-09  0.1000E-09  0.1000E-09  0.1269E+05  0.2792E+00
10250.5342 14 14   25.5069    4.2081   25.5069    4.2081   -3.9660   -4.7485    0.0000    0.0000  -10.0000  -10.0000  0.5559E+11  0.2000E+09  0.0000E+00  0.0000E+00  0.1000E-09  0.1000E-09  0.1000E-09  0.1000E-09  0.1269E+05  0.2792E+00
10260.5342 14 14   25.5069    4.2081   25.5069    4.2081   -3.9660   -4.7485    0.0000    0.0000  -10.0000  -10.0000  0.5559E+11  0.2000E+09  0.0000E+00  0.0000E+00  0.1000E-09  0.1000E-09  0.1000E-09  0.1000E-09  0.1269E+05  0.2792E+00
10270.5342 14 14   25.5069    4.2081   25.5069    4.2081   -3.9660   -4.7485    0.0000    0.0000  -10.0000  -10.0000  0.5559E+11  0.2000E+09  0.0000E+00  0.0000E+00  0.1000E-09  0.1000E-09  0.1000E-09  0.1000E-09  0.1269E+05  0.2792E+00
10280.5342 14 14   25.5069    4.2081   25.5069    4.2081   -3.9660   -4.7485    0.0000    0.0000  -10.0000  -10.0000  0.5559E+11  0.2000E+09  0.0000E+00  0.0000E+00  0.1000E-09  0.1000E-09  0.1000E-09  0.1000E-09  0.1269E+05  0.2792E+00
10290.5342 14 14   25.5069    4.2081   25.5069    4.2081   -3.9660   -4.7485    0.0000    0.0000  -10.0000  -10.0000  0.5559E+11  0.2000E+09  0.0000E+00  0.0000E+00  0.1000E-09  0.1000E-09  0.1000E-09  0.1000E-09  0.1269E+05  0.2792E+00
10300.5342 14 14   25.5069    4.2081   25.5069    4.2081   -3.9660   -4.7485    0.0000    0.0000  -10.0000  -10.0000  0.5559E+11  0.2000E+09  0.0000E+00  0.0000E+00  0.1000E-09  0.1000E-09  0.1000E-09  0.1000E-09  0.1269E+05  0.2792E+00
10310.5342 14 14   25.5069    4.2081   25.5069    4.2081   -3.9660   -4.7485    0.0000    0.0000  -10.0000  -10.0000  0.5559E+11  0.2000E+09  0.0000E+00  0.0000E+00  0.1000E-09  0.1000E-09  0.1000E-09  0.1000E-09  0.1269E+05  0.2792E+00
10320.5342 14 14   25.5069    4.2081   25.5069    4.2081   -3.9660   -4.7485    0.0000    0.0000  -10.0000  -10.0000  0.5559E+11  0.2000E+09  0.0000E+00  0.0000E+00  0.1000E-09  0.1000E-09  0.1000E-09  0.1000E-09  0.1269E+05  0.2792E+00
10330.5342 14 14   25.5069    4.2081   25.5069    4.2081   -3.9660   -4.7485    0.0000    0.0000  -10.0000  -10.0000  0.5559E+11  0.2000E+09  0.0000E+00  0.0000E+00  0.1000E-09  0.1000E-09  0.1000E-09  0.1000E-09  0.1269E+05  0.2792E+00
10340.5342 14 14   25.5069    4.2081   25.5069    4.2081   -3.9660   -4.7485    0.0000    0.0000  -10.0000  -10.0000  0.5559E+11  0.2000E+09  0.0000E+00  0.0000E+00  0.1000E-09  0.1000E-09  0.1000E-09  0.1000E-09  0.1269E+05  0.2792E+00
10350.5342 14 14   25.5069    4.2081   25.5069    4.2081   -3.9660   -4.7485    0.0000    0.0000  -10.0000  -10.0000  0.5559E+11  0.2000E+09  0.0000E+00  0.0000E+00  0.1000E-09  0.1000E-09  0.1000E-09  0.1000E-09  0.1269E+05  0.2792E+00
10360.5342 14 14   25.5069    4.2081   25.5069    4.2081   -3.9660   -4.7485    0.0000    0.0000  -10.0000  -10.0000  0.5559E+11  0.2000E+09  0.0000E+00  0.0000E+00  0.1000E-09  0.1000E-09  0.1000E-09  0.1000E-09  0.1269E+05  0.2792E+00
10370.5342 14 14   25.5069    4.2081   25.5069    4.2081   -3.9660   -4.7485    0.0000    0.0000  -10.0000  -10.0000  0.5559E+11  0.2000E+09  0.0000E+00  0.0000E+00  0.1000E-09  0.1000E-09  0.1000E-09  0.1000E-09  0.1269E+05  0.2792E+00
10380.5342 14 14   25.5069    4.2081   25.5069    4.2081   -3.9660   -4.7485    0.0000    0.0000  -10.0000  -10.0000  0.5559E+11  0.2000E+09  0.0000E+00  0.0000E+00  0.1000E-09  0.1000E-09  0.1000E-09  0.1000E-09  0.1269E+05  0.2792E+00
10390.5342 14 14   25.5069    4.2081   25.5069    4.2081   -3.9660   -4.7485    0.0000    0.0000  -10.0000  -10.0000  0.5559E+11  0.2000E+09  0.0000E+00  0.0000E+00  0.1000E-09  0.1000E-09  0.1000E-09  0.1000E-09  0.1269E+05  0.2792E+00
10400.5342 14 14   25.5069    4.2081   25.5069    4.2081   -3.9660   -4.7485    0.0000    0.0000  -10.0000  -10.0000  0.5559E+11  0.2000E+09  0.0000E+00  0.0000E+00  0.1000E-09  0.1000E-09  0.1000E-09  0.1000E-09  0.1269E+05  0.2792E+00
10410.5342 14 14   25.5069    4.2081   25.5069    4.2081   -3.9660   -4.7485    0.0000    0.0000  -10.0000  -10.0000  0.5559E+11  0.2000E+09  0.0000E+00  0.0000E+00  0.1000E-09  0.1000E-09  0.1000E-09  0.1000E-09  0.1269E+05  0.2792E+00
10420.5342 14 14   25.5069    4.2081   25.5069    4.2081   -3.9660   -4.7485    0.0000    0.0000  -10.0000  -10.0000  0.5559E+11  0.2000E+09  0.0000E+00  0.0000E+00  0.1000E-09  0.1000E-09  0.1000E-09  0.1000E-09  0.1269E+05  0.2792E+00
10430.5342 14 14   25.5069    4.2081   25.5069    4.2081   -3.9660   -4.7485    0.0000    0.0000  -10.0000  -10.0000  0.5559E+11  0.2000E+09  0.0000E+00  0.0000E+00  0.1000E-09  0.1000E-09  0.1000E-09  0.1000E-09  0.1269E+05  0.2792E+00
10440.5342 14 14   25.5069    4.2081   25.5069    4.2081   -3.9660   -4.7485    0.0000    0.0000  -10.0000  -10.0000  0.5559E+11  0.2000E+09  0.0000E+00  0.0000E+00  0.1000E-09  0.1000E-09  0.1000E-09  0.1000E-09  0.1269E+05  0.2792E+00
10450.5342 14 14   25.5069    4.2081   25.5069    4.2081   -3.9660   -4.7485    0.0000    0.0000  -10.0000  -10.0000  0.5559E+11  0.2000E+09  0.0000E+00  0.0000E+00  0.1000E-09  0.1000E-09  0.1000E-09  0.1000E-09  0.1269E+05  0.2792E+00
10460.5342 14 14   25.5069    4.2081   25.5069    4.2081   -3.9660   -4.7485    0.0000    0.0000  -10.0000  -10.0000  0.5559E+11  0.2000E+09  0.0000E+00  0.0000E+00  0.1000E-09  0.1000E-09  0.1000E-09  0.1000E-09  0.1269E+05  0.2792E+00
10470.5342 14 14   25.5069    4.2081   25.5069    4.2081   -3.9660   -4.7485    0.0000    0.0000  -10.0000  -10.0000  0.5559E+11  0.2000E+09  0.0000E+00  0.0000E+00  0.1000E-09  0.1000E-09  0.1000E-09  0.1000E-09  0.1269E+05  0.2792E+00
10480.5342 14 14   25.5069    4.2081   25.5069    4.2081   -3.9660   -4.7485    0.0000    0.0000  -10.0000  -10.0000  0.5559E+11  0.2000E+09  0.0000E+00  0.0000E+00  0.1000E-09  0.1000E-09  0.1000E-09  0.1000E-09  0.1269E+05  0.2792E+00
10490.5342 14 14   25.5069    4.2081   25.5069    4.2081   -3.9660   -4.7485    0.0000    0.0000  -10.0000  -10.0000  0.5559E+11  0.2000E+09  0.0000E+00  0.0000E+00  0.1000E-09  0.1000E-09  0.1000E-09  0.1000E-09  0.1269E+05  0.2792E+00
10500.5342 14 14   25.5069    4.2081   25.5069    4.2081   -3.9660   -4.7485    0.0000    0.0000  -10.0000  -10.0000  0.5559E+11  0.2000E+09  0.0000E+00  0.0000E+00  0.1000E-09  0.1000E-09  0.1000E-09  0.1000E-09  0.1269E+05  0.2792E+00
10510.5342 14 14   25.5069    4.2081   25.5069    4.2081   -3.9660   -4.7485    0.0000    0.0000  -10.0000  -10.0000  0.5559E+11  0.2000E+09  0.0000E+00  0.0000E+00  0.1000E-09  0.1000E-09  0.1000E-09  0.1000E-09  0.1269E+05  0.2792E+00
10520.5342 14 14   25.5069    4.2081   25.5069    4.2081   -3.9660   -4.7485    0.0000    0.0000  -10.0000  -10.0000  0.5559E+11  0.2000E+09  0.0000E+00  0.0000E+00  0.1000E-09  0.1000E-09  0.1000E-09  0.1000E-09  0.1269E+05  0.2792E+00
10530.5342 14 14   25.5069    4.2081   25.5069    4.2081   -3.9660   -4.7485    0.0000    0.0000  -10.0000  -10.0000  0.5559E+11  0.2000E+09  0.0000E+00  0.0000E+00  0.1000E-09  0.1000E-09  0.1000E-09  0.1000E-09  0.1269E+05  0.2792E+00
10540.5342 14 14   25.5069    4.2081   25.5069    4.2081   -3.9660   -4.7485    0.0000    0.0000  -10.0000  -10.0000  0.5559E+11  0.2000E+09  0.0000E+00  0.0000E+00  0.1000E-09  0.1000E-09  0.1000E-09  0.1000E-09  0.1269E+05  0.2792E+00
10550.5342 14 14   25.5069    4.2081   25.5069    4.2081   -3.9660   -4.7485    0.0000    0.0000  -10.0000  -10.0000  0.5559E+11  0.2000E+09  0.0000E+00  0.0000E+00  0.1000E-09  0.1000E-09  0.1000E-09  0.1000E-09  0.1269E+05  0.2792E+00
10560.5342 14 14   25.5069    4.2081   25.5069    4.2081   -3.9660   -4.7485    0.0000    0.0000  -10.0000  -10.0000  0.5559E+11  0.2000E+09  0.0000E+00  0.0000E+00  0.1000E-09  0.1000E-09  0.1000E-09  0.1000E-09  0.1269E+05  0.2792E+00
10570.5342 14 14   25.5069    4.2081   25.5069    4.2081   -3.9660   -4.7485    0.0000    0.0000  -10.0000  -10.0000  0.5559E+11  0.2000E+09  0.0000E+00  0.0000E+00  0.1000E-09  0.1000E-09  0.1000E-09  0.1000E-09  0.1269E+05  0.2792E+00
10580.5342 14 14   25.5069    4.2081   25.5069    4.2081   -3.9660   -4.7485    0.0000    0.0000  -10.0000  -10.0000  0.5559E+11  0.2000E+09  0.0000E+00  0.0000E+00  0.1000E-09  0.1000E-09  0.1000E-09  0.1000E-09  0.1269E+05  0.2792E+00
10590.5342 14 14   25.5069    4.2081   25.5069    4.2081   -3.9660   -4.7485    0.0000    0.0000  -10.0000  -10.0000  0.5559E+11  0.2000E+09  0.0000E+00  0.0000E+00  0.1000E-09  0.1000E-09  0.1000E-09  0.1000E-09  0.1269E+05  0.2792E+00
10600.5342 14 14   25.5069    4.2081   25.5069    4.2081   -3.9660   -4.7485    0.0000    0.0000  -10.0000  -10.0000  0.5559E+11  0.2000E+09  0.0000E+00  0.0000E+00  0.1000E-09  0.1000E-09  0.1000E-09  0.1000E-09  0.1269E+05  0.2792E+00
10610.5342 14 14   25.5069    4.2081   25.5069    4.2081   -3.9660   -4.7485    0.0000    0.0000  -10.0000  -10.0000  0.5559E+11  0.2000E+09  0.0000E+00  0.0000E+00  0.1000E-09  0.1000E-09  0.1000E-09  0.1000E-09  0.1269E+05  0.2792E+00
10620.5342 14 14   25.5069    4.2081   25.5069    4.2081   -3.9660   -4.7485    0.0000    0.0000  -10.0000  -10.0000  0.5559E+11  0.2000E+09  0.0000E+00  0.0000E+00  0.1000E-09  0.1000E-09  0.1000E-09  0.1000E-09  0.1269E+05  0.2792E+00
10630.5342 14 14   25.5069    4.2081   25.5069    4.2081   -3.9660   -4.7485    0.0000    0.0000  -10.0000  -10.0000  0.5559E+11  0.2000E+09  0.0000E+00  0.0000E+00  0.1000E-09  0.1000E-09  0.1000E-09  0.1000E-09  0.1269E+05  0.2792E+00
10640.5342 14 14   25.5069    4.2081   25.5069    4.2081   -3.9660   -4.7485    0.0000    0.0000  -10.0000  -10.0000  0.5559E+11  0.2000E+09  0.0000E+00  0.0000E+00  0.1000E-09  0.1000E-09  0.1000E-09  0.1000E-09  0.1269E+05  0.2792E+00
10650.5342 14 14   25.5069    4.2081   25.5069    4.2081   -3.9660   -4.7485    0.0000    0.0000  -10.0000  -10.0000  0.5559E+11  0.2000E+09  0.0000E+00  0.0000E+00  0.1000E-09  0.1000E-09  0.1000E-09  0.1000E-09  0.1269E+05  0.2792E+00
10660.5342 14 14   25.5069    4.2081   25.5069    4.2081   -3.9660   -4.7485    0.0000    0.0000  -10.0000  -10.0000  0.5559E+11  0.2000E+09  0.0000E+00  0.0000E+00  0.1000E-09  0.1000E-09  0.1000E-09  0.1000E-09  0.1269E+05  0.2792E+00
10670.5342 14 14   25.5069    4.2081   25.5069    4.2081   -3.9660   -4.7485    0.0000    0.0000  -10.0000  -10.0000  0.5559E+11  0.2000E+09  0.0000E+00  0.0000E+00  0.1000E-09  0.1000E-09  0.1000E-09  0.1000E-09  0.1269E+05  0.2792E+00
10680.5342 14 14   25.5069    4.2081   25.5069    4.2081   -3.9660   -4.7485    0.0000    0.0000  -10.0000  -10.0000  0.5559E+11  0.2000E+09  0.0000E+00  0.0000E+00  0.1000E-09  0.1000E-09  0.1000E-09  0.1000E-09  0.1269E+05  0.2792E+00
10690.5342 14 14   25.5069    4.2081   25.5069    4.2081   -3.9660   -4.7485    0.0000    0.0000  -10.0000  -10.0000  0.5559E+11  0.2000E+09  0.0000E+00  0.0000E+00  0.1000E-09  0.1000E-09  0.1000E-09  0.1000E-09  0.1269E+05  0.2792E+00
10700.5342 14 14   25.5069    4.2081   25.5069    4.2081   -3.9660   -4.7485    0.0000    0.0000  -10.0000  -10.0000  0.5559E+11  0.2000E+09  0.0000E+00  0.0000E+00  0.1000E-09  0.1000E-09  0.1000E-09  0.1000E-09  0.1269E+05  0.2792E+00
10710.5342 14 14   25.5069    4.2081   25.5069    4.2081   -3.9660   -4.7485    0.0000    0.0000  -10.0000  -10.0000  0.5559E+11  0.2000E+09  0.0000E+00  0.0000E+00  0.1000E-09  0.1000E-09  0.1000E-09  0.1000E-09  0.1269E+05  0.2792E+00
10720.5342 14 14   25.5069    4.2081   25.5069    4.2081   -3.9660   -4.7485    0.0000    0.0000  -10.0000  -10.0000  0.5559E+11  0.2000E+09  0.0000E+00  0.0000E+00  0.1000E-09  0.1000E-09  0.1000E-09  0.1000E-09  0.1269E+05  0.2792E+00
10730.5342 14 14   25.5069    4.2081   25.5069    4.2081   -3.9660   -4.7485    0.0000    0.0000  -10.0000  -10.0000  0.5559E+11  0.2000E+09  0.0000E+00  0.0000E+00  0.1000E-09  0.1000E-09  0.1000E-09  0.1000E-09  0.1269E+05  0.2792E+00
10740.5342 14 14   25.5069    4.2081   25.5069    4.2081   -3.9660   -4.7485    0.0000    0.0000  -10.0000  -10.0000  0.5559E+11  0.2000E+09  0.0000E+00  0.0000E+00  0.1000E-09  0.1000E-09  0.1000E-09  0.1000E-09  0.1269E+05  0.2792E+00
10750.5342 14 14   25.5069    4.2081   25.5069    4.2081   -3.9660   -4.7485    0.0000    0.0000  -10.0000  -10.0000  0.5559E+11  0.2000E+09  0.0000E+00  0.0000E+00  0.1000E-09  0.1000E-09  0.1000E-09  0.1000E-09  0.1269E+05  0.2792E+00
10760.5342 14 14   25.5069    4.2081   25.5069    4.2081   -3.9660   -4.7485    0.0000    0.0000  -10.0000  -10.0000  0.5559E+11  0.2000E+09  0.0000E+00  0.0000E+00  0.1000E-09  0.1000E-09  0.1000E-09  0.1000E-09  0.1269E+05  0.2792E+00
10770.5342 14 14   25.5069    4.2081   25.5069    4.2081   -3.9660   -4.7485    0.0000    0.0000  -10.0000  -10.0000  0.5559E+11  0.2000E+09  0.0000E+00  0.0000E+00  0.1000E-09  0.1000E-09  0.1000E-09  0.1000E-09  0.1269E+05  0.2792E+00
10780.5342 14 14   25.5069    4.2081   25.5069    4.2081   -3.9660   -4.7485    0.0000    0.0000  -10.0000  -10.0000  0.5559E+11  0.2000E+09  0.0000E+00  0.0000E+00  0.1000E-09  0.1000E-09  0.1000E-09  0.1000E-09  0.1269E+05  0.2792E+00
10790.5342 14 14   25.5069    4.2081   25.5069    4.2081   -3.9660   -4.7485    0.0000    0.0000  -10.0000  -10.0000  0.5559E+11  0.2000E+09  0.0000E+00  0.0000E+00  0.1000E-09  0.1000E-09  0.1000E-09  0.1000E-09  0.1269E+05  0.2792E+00
10800.5342 14 14   25.5069    4.2081   25.5069    4.2081   -3.9660   -4.7485    0.0000    0.0000  -10.0000  -10.0000  0.5559E+11  0.2000E+09  0.0000E+00  0.0000E+00  0.1000E-09  0.1000E-09  0.1000E-09  0.1000E-09  0.1269E+05  0.2792E+00
10810.5342 14 14   25.5069    4.2081   25.5069    4.2081   -3.9660   -4.7485    0.0000    0.0000  -10.0000  -10.0000  0.5559E+11  0.2000E+09  0.0000E+00  0.0000E+00  0.1000E-09  0.1000E-09  0.1000E-09  0.1000E-09  0.1269E+05  0.2792E+00
10820.5342 14 14   25.5069    4.2081   25.5069    4.2081   -3.9660   -4.7485    0.0000    0.0000  -10.0000  -10.0000  0.5559E+11  0.2000E+09  0.0000E+00  0.0000E+00  0.1000E-09  0.1000E-09  0.1000E-09  0.1000E-09  0.1269E+05  0.2792E+00
10830.5342 14 14   25.5069    4.2081   25.5069    4.2081   -3.9660   -4.7485    0.0000    0.0000  -10.0000  -10.0000  0.5559E+11  0.2000E+09  0.0000E+00  0.0000E+00  0.1000E-09  0.1000E-09  0.1000E-09  0.1000E-09  0.1269E+05  0.2792E+00
10840.5342 14 14   25.5069    4.2081   25.5069    4.2081   -3.9660   -4.7485    0.0000    0.0000  -10.0000  -10.0000  0.5559E+11  0.2000E+09  0.0000E+00  0.0000E+00  0.1000E-09  0.1000E-09  0.1000E-09  0.1000E-09  0.1269E+05  0.2792E+00
10850.5342 14 14   25.5069    4.2081   25.5069    4.2081   -3.9660   -4.7485    0.0000    0.0000  -10.0000  -10.0000  0.5559E+11  0.2000E+09  0.0000E+00  0.0000E+00  0.1000E-09  0.1000E-09  0.1000E-09  0.1000E-09  0.1269E+05  0.2792E+00
10860.5342 14 14   25.5069    4.2081   25.5069    4.2081   -3.9660   -4.7485    0.0000    0.0000  -10.0000  -10.0000  0.5559E+11  0.2000E+09  0.0000E+00  0.0000E+00  0.1000E-09  0.1000E-09  0.1000E-09  0.1000E-09  0.1269E+05  0.2792E+00
10870.5342 14 14   25.5069    4.2081   25.5069    4.2081   -3.9660   -4.7485    0.0000    0.0000  -10.0000  -10.0000  0.5559E+11  0.2000E+09  0.0000E+00  0.0000E+00  0.1000E-09  0.1000E-09  0.1000E-09  0.1000E-09  0.1269E+05  0.2792E+00
10880.5342 14 14   25.5069    4.2081   25.5069    4.2081   -3.9660   -4.7485    0.0000    0.0000  -10.0000  -10.0000  0.5559E+11  0.2000E+09  0.0000E+00  0.0000E+00  0.1000E-09  0.1000E-09  0.1000E-09  0.1000E-09  0.1269E+05  0.2792E+00
10890.5342 14 14   25.5069    4.2081   25.5069    4.2081   -3.9660   -4.7485    0.0000    0.0000  -10.0000  -10.0000  0.5559E+11  0.2000E+09  0.0000E+00  0.0000E+00  0.1000E-09  0.1000E-09  0.1000E-09  0.1000E-09  0.1269E+05  0.2792E+00
10900.5342 14 14   25.5069    4.2081   25.5069    4.2081   -3.9660   -4.7485    0.0000    0.0000  -10.0000  -10.0000  0.5559E+11  0.2000E+09  0.0000E+00  0.0000E+00  0.1000E-09  0.1000E-09  0.1000E-09  0.1000E-09  0.1269E+05  0.2792E+00
10910.5342 14 14   25.5069    4.2081   25.5069    4.2081   -3.9660   -4.7485    0.0000    0.0000  -10.0000  -10.0000  0.5559E+11  0.2000E+09  0.0000E+00  0.0000E+00  0.1000E-09  0.1000E-09  0.1000E-09  0.1000E-09  0.1269E+05  0.2792E+00
10920.5342 14 14   25.5069    4.2081   25.5069    4.2081   -3.9660   -4.7485    0.0000    0.0000  -10.0000  -10.0000  0.5559E+11  0.2000E+09  0.0000E+00  0.0000E+00  0.1000E-09  0.1000E-09  0.1000E-09  0.1000E-09  0.1269E+05  0.2792E+00
10930.5342 14 14   25.5069    4.2081   25.5069    4.2081   -3.9660   -4.7485    0.0000    0.0000  -10.0000  -10.0000  0.5559E+11  0.2000E+09  0.0000E+00  0.0000E+00  0.1000E-09  0.1000E-09  0.1000E-09  0.1000E-09  0.1269E+05  0.2792E+00
10940.5342 14 14   25.5069    4.2081   25.5069    4.2081   -3.9660   -4.7485    0.0000    0.0000  -10.0000  -10.0000  0.5559E+11  0.2000E+09  0.0000E+00  0.0000E+00  0.1000E-09  0.1000E-09  0.1000E-09  0.1000E-09  0.1269E+05  0.2792E+00
10950.5342 14 14   25.5069    4.2081   25.5069    4.2081   -3.9660   -4.7485    0.0000    0.0000  -10.0000  -10.0000  0.5559E+11  0.2000E+09  0.0000E+00  0.0000E+00  0.1000E-09  0.1000E-09  0.1000E-09  0.1000E-09  0.1269E+05  0.2792E+00
10960.5342 14 14   25.5069    4.2081   25.5069    4.2081   -3.9660   -4.7485    0.0000    0.0000  -10.0000  -10.0000  0.5559E+11  0.2000E+09  0.0000E+00  0.0000E+00  0.1000E-09  0.1000E-09  0.1000E-09  0.1000E-09  0.1269E+05  0.2792E+00
10970.5342 14 14   25.5069    4.2081   25.5069    4.2081   -3.9660   -4.7485    0.0000    0.0000  -10.0000  -10.0000  0.5559E+11  0.2000E+09  0.0000E+00  0.0000E+00  0.1000E-09  0.1000E-09  0.1000E-09  0.1000E-09  0.1269E+05  0.2792E+00
10980.5342 14 14   25.5069    4.2081   25.5069    4.2081   -3.9660   -4.7485    0.0000    0.0000  -10.0000  -10.0000  0.5559E+11  0.2000E+09  0.0000E+00  0.0000E+00  0.1000E-09  0.1000E-09  0.1000E-09  0.1000E-09  0.1269E+05  0.2792E+00
10990.5342 14 14   25.5069    4.2081   25.5069    4.2081   -3.9660   -4.7485    0.0000    0.0000  -10.0000  -10.0000  0.5559E+11  0.2000E+09  0.0000E+00  0.0000E+00  0.1000E-09  0.1000E-09  0.1000E-09  0.1000E-09  0.1269E+05  0.2792E+00
11000.5342 14 14   25.5069    4.2081   25.5069    4.2081   -3.9660   -4.7485    0.0000    0.0000  -10.0000  -10.0000  0.5559E+11  0.2000E+09  0.0000E+00  0.0000E+00  0.1000E-09  0.1000E-09  0.1000E-09  0.1000E-09  0.1269E+05  0.2792E+00
11010.5342 14 14   25.5069    4.2081   25.5069    4.2081   -3.9660   -4.7485    0.0000    0.0000  -10.0000  -10.0000  0.5559E+11  0.2000E+09  0.0000E+00  0.0000E+00  0.1000E-09  0.1000E-09  0.1000E-09  0.1000E-09  0.1269E+05  0.2792E+00
11020.5342 14 14   25.5069    4.2081   25.5069    4.2081   -3.9660   -4.7485    0.0000    0.0000  -10.0000  -10.0000  0.5559E+11  0.2000E+09  0.0000E+00  0.0000E+00  0.1000E-09  0.1000E-09  0.1000E-09  0.1000E-09  0.1269E+05  0.2792E+00
11030.5342 14 14   25.5069    4.2081   25.5069    4.2081   -3.9660   -4.7485    0.0000    0.0000  -10.0000  -10.0000  0.5559E+11  0.2000E+09  0.0000E+00  0.0000E+00  0.1000E-09  0.1000E-09  0.1000E-09  0.1000E-09  0.1269E+05  0.2792E+00
11040.5342 14 14   25.5069    4.2081   25.5069    4.2081   -3.9660   -4.7485    0.0000    0.0000  -10.0000  -10.0000  0.5559E+11  0.2000E+09  0.0000E+00  0.0000E+00  0.1000E-09  0.1000E-09  0.1000E-09  0.1000E-09  0.1269E+05  0.2792E+00
11050.5342 14 14   25.5069    4.2081   25.5069    4.2081   -3.9660   -4.7485    0.0000    0.0000  -10.0000  -10.0000  0.5559E+11  0.2000E+09  0.0000E+00  0.0000E+00  0.1000E-09  0.1000E-09  0.1000E-09  0.1000E-09  0.1269E+05  0.2792E+00
11060.5342 14 14   25.5069    4.2081   25.5069    4.2081   -3.9660   -4.7485    0.0000    0.0000  -10.0000  -10.0000  0.5559E+11  0.2000E+09  0.0000E+00  0.0000E+00  0.1000E-09  0.1000E-09  0.1000E-09  0.1000E-09  0.1269E+05  0.2792E+00
11070.5342 14 14   25.5069    4.2081   25.5069    4.2081   -3.9660   -4.7485    0.0000    0.0000  -10.0000  -10.0000  0.5559E+11  0.2000E+09  0.0000E+00  0.0000E+00  0.1000E-09  0.1000E-09  0.1000E-09  0.1000E-09  0.1269E+05  0.2792E+00
11080.5342 14 14   25.5069    4.2081   25.5069    4.2081   -3.9660   -4.7485    0.0000    0.0000  -10.0000  -10.0000  0.5559E+11  0.2000E+09  0.0000E+00  0.0000E+00  0.1000E-09  0.1000E-09  0.1000E-09  0.1000E-09  0.1269E+05  0.2792E+00
11090.5342 14 14   25.5069    4.2081   25.5069    4.2081   -3.9660   -4.7485    0.0000    0.0000  -10.0000  -10.0000  0.5559E+11  0.2000E+09  0.0000E+00  0.0000E+00  0.1000E-09  0.1000E-09  0.1000E-09  0.1000E-09  0.1269E+05  0.2792E+00
11100.5342 14 14   25.5069    4.2081   25.5069    4.2081   -3.9660   -4.7485    0.0000    0.0000  -10.0000  -10.0000  0.5559E+11  0.2000E+09  0.0000E+00  0.0000E+00  0.1000E-09  0.1000E-09  0.1000E-09  0.1000E-09  0.1269E+05  0.2792E+00
11110.5342 14 14   25.5069    4.2081   25.5069    4.2081   -3.9660   -4.7485    0.0000    0.0000  -10.0000  -10.0000  0.5559E+11  0.2000E+09  0.0000E+00  0.0000E+00  0.1000E-09  0.1000E-09  0.1000E-09  0.1000E-09  0.1269E+05  0.2792E+00
11120.5342 14 14   25.5069    4.2081   25.5069    4.2081   -3.9660   -4.7485    0.0000    0.0000  -10.0000  -10.0000  0.5559E+11  0.2000E+09  0.0000E+00  0.0000E+00  0.1000E-09  0.1000E-09  0.1000E-09  0.1000E-09  0.1269E+05  0.2792E+00
11130.5342 14 14   25.5069    4.2081   25.5069    4.2081   -3.9660   -4.7485    0.0000    0.0000  -10.0000  -10.0000  0.5559E+11  0.2000E+09  0.0000E+00  0.0000E+00  0.1000E-09  0.1000E-09  0.1000E-09  0.1000E-09  0.1269E+05  0.2792E+00
11140.5342 14 14   25.5069    4.2081   25.5069    4.2081   -3.9660   -4.7485    0.0000    0.0000  -10.0000  -10.0000  0.5559E+11  0.2000E+09  0.0000E+00  0.0000E+00  0.1000E-09  0.1000E-09  0.1000E-09  0.1000E-09  0.1269E+05  0.2792E+00
11150.5342 14 14   25.5069    4.2081   25.5069    4.2081   -3.9660   -4.7485    0.0000    0.0000  -10.0000  -10.0000  0.5559E+11  0.2000E+09  0.0000E+00  0.0000E+00  0.1000E-09  0.1000E-09  0.1000E-09  0.1000E-09  0.1269E+05  0.2792E+00
11160.5342 14 14   25.5069    4.2081   25.5069    4.2081   -3.9660   -4.7485    0.0000    0.0000  -10.0000  -10.0000  0.5559E+11  0.2000E+09  0.0000E+00  0.0000E+00  0.1000E-09  0.1000E-09  0.1000E-09  0.1000E-09  0.1269E+05  0.2792E+00
11170.5342 14 14   25.5069    4.2081   25.5069    4.2081   -3.9660   -4.7485    0.0000    0.0000  -10.0000  -10.0000  0.5559E+11  0.2000E+09  0.0000E+00  0.0000E+00  0.1000E-09  0.1000E-09  0.1000E-09  0.1000E-09  0.1269E+05  0.2792E+00
11180.5342 14 14   25.5069    4.2081   25.5069    4.2081   -3.9660   -4.7485    0.0000    0.0000  -10.0000  -10.0000  0.5559E+11  0.2000E+09  0.0000E+00  0.0000E+00  0.1000E-09  0.1000E-09  0.1000E-09  0.1000E-09  0.1269E+05  0.2792E+00
11190.5342 14 14   25.5069    4.2081   25.5069    4.2081   -3.9660   -4.7485    0.0000    0.0000  -10.0000  -10.0000  0.5559E+11  0.2000E+09  0.0000E+00  0.0000E+00  0.1000E-09  0.1000E-09  0.1000E-09  0.1000E-09  0.1269E+05  0.2792E+00
11200.5342 14 14   25.5069    4.2081   25.5069    4.2081   -3.9660   -4.7485    0.0000    0.0000  -10.0000  -10.0000  0.5559E+11  0.2000E+09  0.0000E+00  0.0000E+00  0.1000E-09  0.1000E-09  0.1000E-09  0.1000E-09  0.1269E+05  0.2792E+00
11210.5342 14 14   25.5069    4.2081   25.5069    4.2081   -3.9660   -4.7485    0.0000    0.0000  -10.0000  -10.0000  0.5559E+11  0.2000E+09  0.0000E+00  0.0000E+00  0.1000E-09  0.1000E-09  0.1000E-09  0.1000E-09  0.1269E+05  0.2792E+00
11220.5342 14 14   25.5069    4.2081   25.5069    4.2081   -3.9660   -4.7485    0.0000    0.0000  -10.0000  -10.0000  0.5559E+11  0.2000E+09  0.0000E+00  0.0000E+00  0.1000E-09  0.1000E-09  0.1000E-09  0.1000E-09  0.1269E+05  0.2792E+00
11230.5342 14 14   25.5069    4.2081   25.5069    4.2081   -3.9660   -4.7485    0.0000    0.0000  -10.0000  -10.0000  0.5559E+11  0.2000E+09  0.0000E+00  0.0000E+00  0.1000E-09  0.1000E-09  0.1000E-09  0.1000E-09  0.1269E+05  0.2792E+00
11240.5342 14 14   25.5069    4.2081   25.5069    4.2081   -3.9660   -4.7485    0.0000    0.0000  -10.0000  -10.0000  0.5559E+11  0.2000E+09  0.0000E+00  0.0000E+00  0.1000E-09  0.1000E-09  0.1000E-09  0.1000E-09  0.1269E+05  0.2792E+00
11250.5342 14 14   25.5069    4.2081   25.5069    4.2081   -3.9660   -4.7485    0.0000    0.0000  -10.0000  -10.0000  0.5559E+11  0.2000E+09  0.0000E+00  0.0000E+00  0.1000E-09  0.1000E-09  0.1000E-09  0.1000E-09  0.1269E+05  0.2792E+00
11260.5342 14 14   25.5069    4.2081   25.5069    4.2081   -3.9660   -4.7485    0.0000    0.0000  -10.0000  -10.0000  0.5559E+11  0.2000E+09  0.0000E+00  0.0000E+00  0.1000E-09  0.1000E-09  0.1000E-09  0.1000E-09  0.1269E+05  0.2792E+00
11270.5342 14 14   25.5069    4.2081   25.5069    4.2081   -3.9660   -4.7485    0.0000    0.0000  -10.0000  -10.0000  0.5559E+11  0.2000E+09  0.0000E+00  0.0000E+00  0.1000E-09  0.1000E-09  0.1000E-09  0.1000E-09  0.1269E+05  0.2792E+00
11280.5342 14 14   25.5069    4.2081   25.5069    4.2081   -3.9660   -4.7485    0.0000    0.0000  -10.0000  -10.0000  0.5559E+11  0.2000E+09  0.0000E+00  0.0000E+00  0.1000E-09  0.1000E-09  0.1000E-09  0.1000E-09  0.1269E+05  0.2792E+00
11290.5342 14 14   25.5069    4.2081   25.5069    4.2081   -3.9660   -4.7485    0.0000    0.0000  -10.0000  -10.0000  0.5559E+11  0.2000E+09  0.0000E+00  0.0000E+00  0.1000E-09  0.1000E-09  0.1000E-09  0.1000E-09  0.1269E+05  0.2792E+00
11300.5342 14 14   25.5069    4.2081   25.5069    4.2081   -3.9660   -4.7485    0.0000    0.0000  -10.0000  -10.0000  0.5559E+11  0.2000E+09  0.0000E+00  0.0000E+00  0.1000E-09  0.1000E-09  0.1000E-09  0.1000E-09  0.1269E+05  0.2792E+00
11310.5342 14 14   25.5069    4.2081   25.5069    4.2081   -3.9660   -4.7485    0.0000    0.0000  -10.0000  -10.0000  0.5559E+11  0.2000E+09  0.0000E+00  0.0000E+00  0.1000E-09  0.1000E-09  0.1000E-09  0.1000E-09  0.1269E+05  0.2792E+00
11320.5342 14 14   25.5069    4.2081   25.5069    4.2081   -3.9660   -4.7485    0.0000    0.0000  -10.0000  -10.0000  0.5559E+11  0.2000E+09  0.0000E+00  0.0000E+00  0.1000E-09  0.1000E-09  0.1000E-09  0.1000E-09  0.1269E+05  0.2792E+00
11330.5342 14 14   25.5069    4.2081   25.5069    4.2081   -3.9660   -4.7485    0.0000    0.0000  -10.0000  -10.0000  0.5559E+11  0.2000E+09  0.0000E+00  0.0000E+00  0.1000E-09  0.1000E-09  0.1000E-09  0.1000E-09  0.1269E+05  0.2792E+00
11340.5342 14 14   25.5069    4.2081   25.5069    4.2081   -3.9660   -4.7485    0.0000    0.0000  -10.0000  -10.0000  0.5559E+11  0.2000E+09  0.0000E+00  0.0000E+00  0.1000E-09  0.1000E-09  0.1000E-09  0.1000E-09  0.1269E+05  0.2792E+00
11350.5342 14 14   25.5069    4.2081   25.5069    4.2081   -3.9660   -4.7485    0.0000    0.0000  -10.0000  -10.0000  0.5559E+11  0.2000E+09  0.0000E+00  0.0000E+00  0.1000E-09  0.1000E-09  0.1000E-09  0.1000E-09  0.1269E+05  0.2792E+00
11360.5342 14 14   25.5069    4.2081   25.5069    4.2081   -3.9660   -4.7485    0.0000    0.0000  -10.0000  -10.0000  0.5559E+11  0.2000E+09  0.0000E+00  0.0000E+00  0.1000E-09  0.1000E-09  0.1000E-09  0.1000E-09  0.1269E+05  0.2792E+00
11370.5342 14 14   25.5069    4.2081   25.5069    4.2081   -3.9660   -4.7485    0.0000    0.0000  -10.0000  -10.0000  0.5559E+11  0.2000E+09  0.0000E+00  0.0000E+00  0.1000E-09  0.1000E-09  0.1000E-09  0.1000E-09  0.1269E+05  0.2792E+00
11380.5342 14 14   25.5069    4.2081   25.5069    4.2081   -3.9660   -4.7485    0.0000    0.0000  -10.0000  -10.0000  0.5559E+11  0.2000E+09  0.0000E+00  0.0000E+00  0.1000E-09  0.1000E-09  0.1000E-09  0.1000E-09  0.1269E+05  0.2792E+00
11390.5342 14 14   25.5069    4.2081   25.5069    4.2081   -3.9660   -4.7485    0.0000    0.0000  -10.0000  -10.0000  0.5559E+11  0.2000E+09  0.0000E+00  0.0000E+00  0.1000E-09  0.1000E-09  0.1000E-09  0.1000E-09  0.1269E+05  0.2792E+00
11400.5342 14 14   25.5069    4.2081   25.5069    4.2081   -3.9660   -4.7485    0.0000    0.0000  -10.0000  -10.0000  0.5559E+11  0.2000E+09  0.0000E+00  0.0000E+00  0.1000E-09  0.1000E-09  0.1000E-09  0.1000E-09  0.1269E+05  0.2792E+00
11410.5342 14 14   25.5069    4.2081   25.5069    4.2081   -3.9660   -4.7485    0.0000    0.0000  -10.0000  -10.0000  0.5559E+11  0.2000E+09  0.0000E+00  0.0000E+00  0.1000E-09  0.1000E-09  0.1000E-09  0.1000E-09  0.1269E+05  0.2792E+00
11420.5342 14 14   25.5069    4.2081   25.5069    4.2081   -3.9660   -4.7485    0.0000    0.0000  -10.0000  -10.0000  0.5559E+11  0.2000E+09  0.0000E+00  0.0000E+00  0.1000E-09  0.1000E-09  0.1000E-09  0.1000E-09  0.1269E+05  0.2792E+00
11430.5342 14 14   25.5069    4.2081   25.5069    4.2081   -3.9660   -4.7485    0.0000    0.0000  -10.0000  -10.0000  0.5559E+11  0.2000E+09  0.0000E+00  0.0000E+00  0.1000E-09  0.1000E-09  0.1000E-09  0.1000E-09  0.1269E+05  0.2792E+00
11440.5342 14 14   25.5069    4.2081   25.5069    4.2081   -3.9660   -4.7485    0.0000    0.0000  -10.0000  -10.0000  0.5559E+11  0.2000E+09  0.0000E+00  0.0000E+00  0.1000E-09  0.1000E-09  0.1000E-09  0.1000E-09  0.1269E+05  0.2792E+00
11450.5342 14 14   25.5069    4.2081   25.5069    4.2081   -3.9660   -4.7485    0.0000    0.0000  -10.0000  -10.0000  0.5559E+11  0.2000E+09  0.0000E+00  0.0000E+00  0.1000E-09  0.1000E-09  0.1000E-09  0.1000E-09  0.1269E+05  0.2792E+00
11460.5342 14 14   25.5069    4.2081   25.5069    4.2081   -3.9660   -4.7485    0.0000    0.0000  -10.0000  -10.0000  0.5559E+11  0.2000E+09  0.0000E+00  0.0000E+00  0.1000E-09  0.1000E-09  0.1000E-09  0.1000E-09  0.1269E+05  0.2792E+00
11470.5342 14 14   25.5069    4.2081   25.5069    4.2081   -3.9660   -4.7485    0.0000    0.0000  -10.0000  -10.0000  0.5559E+11  0.2000E+09  0.0000E+00  0.0000E+00  0.1000E-09  0.1000E-09  0.1000E-09  0.1000E-09  0.1269E+05  0.2792E+00
11480.5342 14 14   25.5069    4.2081   25.5069    4.2081   -3.9660   -4.7485    0.0000    0.0000  -10.0000  -10.0000  0.5559E+11  0.2000E+09  0.0000E+00  0.0000E+00  0.1000E-09  0.1000E-09  0.1000E-09  0.1000E-09  0.1269E+05  0.2792E+00
11490.5342 14 14   25.5069    4.2081   25.5069    4.2081   -3.9660   -4.7485    0.0000    0.0000  -10.0000  -10.0000  0.5559E+11  0.2000E+09  0.0000E+00  0.0000E+00  0.1000E-09  0.1000E-09  0.1000E-09  0.1000E-09  0.1269E+05  0.2792E+00
11500.5342 14 14   25.5069    4.2081   25.5069    4.2081   -3.9660   -4.7485    0.0000    0.0000  -10.0000  -10.0000  0.5559E+11  0.2000E+09  0.0000E+00  0.0000E+00  0.1000E-09  0.1000E-09  0.1000E-09  0.1000E-09  0.1269E+05  0.2792E+00
11510.5342 14 14   25.5069    4.2081   25.5069    4.2081   -3.9660   -4.7485    0.0000    0.0000  -10.0000  -10.0000  0.5559E+11  0.2000E+09  0.0000E+00  0.0000E+00  0.1000E-09  0.1000E-09  0.1000E-09  0.1000E-09  0.1269E+05  0.2792E+00
11520.5342 14 14   25.5069    4.2081   25.5069    4.2081   -3.9660   -4.7485    0.0000    0.0000  -10.0000  -10.0000  0.5559E+11  0.2000E+09  0.0000E+00  0.0000E+00  0.1000E-09  0.1000E-09  0.1000E-09  0.1000E-09  0.1269E+05  0.2792E+00
11530.5342 14 14   25.5069    4.2081   25.5069    4.2081   -3.9660   -4.7485    0.0000    0.0000  -10.0000  -10.0000  0.5559E+11  0.2000E+09  0.0000E+00  0.0000E+00  0.1000E-09  0.1000E-09  0.1000E-09  0.1000E-09  0.1269E+05  0.2792E+00
11540.5342 14 14   25.5069    4.2081   25.5069    4.2081   -3.9660   -4.7485    0.0000    0.0000  -10.0000  -10.0000  0.5559E+11  0.2000E+09  0.0000E+00  0.0000E+00  0.1000E-09  0.1000E-09  0.1000E-09  0.1000E-09  0.1269E+05  0.2792E+00
11550.5342 14 14   25.5069    4.2081   25.5069    4.2081   -3.9660   -4.7485    0.0000    0.0000  -10.0000  -10.0000  0.5559E+11  0.2000E+09  0.0000E+00  0.0000E+00  0.1000E-09  0.1000E-09  0.1000E-09  0.1000E-09  0.1269E+05  0.2792E+00
11560.5342 14 14   25.5069    4.2081   25.5069    4.2081   -3.9660   -4.7485    0.0000    0.0000  -10.0000  -10.0000  0.5559E+11  0.2000E+09  0.0000E+00  0.0000E+00  0.1000E-09  0.1000E-09  0.1000E-09  0.1000E-09  0.1269E+05  0.2792E+00
11570.5342 14 14   25.5069    4.2081   25.5069    4.2081   -3.9660   -4.7485    0.0000    0.0000  -10.0000  -10.0000  0.5559E+11  0.2000E+09  0.0000E+00  0.0000E+00  0.1000E-09  0.1000E-09  0.1000E-09  0.1000E-09  0.1269E+05  0.2792E+00
11580.5342 14 14   25.5069    4.2081   25.5069    4.2081   -3.9660   -4.7485    0.0000    0.0000  -10.0000  -10.0000  0.5559E+11  0.2000E+09  0.0000E+00  0.0000E+00  0.1000E-09  0.1000E-09  0.1000E-09  0.1000E-09  0.1269E+05  0.2792E+00
11590.5342 14 14   25.5069    4.2081   25.5069    4.2081   -3.9660   -4.7485    0.0000    0.0000  -10.0000  -10.0000  0.5559E+11  0.2000E+09  0.0000E+00  0.0000E+00  0.1000E-09  0.1000E-09  0.1000E-09  0.1000E-09  0.1269E+05  0.2792E+00
11600.5342 14 14   25.5069    4.2081   25.5069    4.2081   -3.9660   -4.7485    0.0000    0.0000  -10.0000  -10.0000  0.5559E+11  0.2000E+09  0.0000E+00  0.0000E+00  0.1000E-09  0.1000E-09  0.1000E-09  0.1000E-09  0.1269E+05  0.2792E+00
11610.5342 14 14   25.5069    4.2081   25.5069    4.2081   -3.9660   -4.7485    0.0000    0.0000  -10.0000  -10.0000  0.5559E+11  0.2000E+09  0.0000E+00  0.0000E+00  0.1000E-09  0.1000E-09  0.1000E-09  0.1000E-09  0.1269E+05  0.2792E+00
11620.5342 14 14   25.5069    4.2081   25.5069    4.2081   -3.9660   -4.7485    0.0000    0.0000  -10.0000  -10.0000  0.5559E+11  0.2000E+09  0.0000E+00  0.0000E+00  0.1000E-09  0.1000E-09  0.1000E-09  0.1000E-09  0.1269E+05  0.2792E+00
11630.5342 14 14   25.5069    4.2081   25.5069    4.2081   -3.9660   -4.7485    0.0000    0.0000  -10.0000  -10.0000  0.5559E+11  0.2000E+09  0.0000E+00  0.0000E+00  0.1000E-09  0.1000E-09  0.1000E-09  0.1000E-09  0.1269E+05  0.2792E+00
11640.5342 14 14   25.5069    4.2081   25.5069    4.2081   -3.9660   -4.7485    0.0000    0.0000  -10.0000  -10.0000  0.5559E+11  0.2000E+09  0.0000E+00  0.0000E+00  0.1000E-09  0.1000E-09  0.1000E-09  0.1000E-09  0.1269E+05  0.2792E+00
11650.5342 14 14   25.5069    4.2081   25.5069    4.2081   -3.9660   -4.7485    0.0000    0.0000  -10.0000  -10.0000  0.5559E+11  0.2000E+09  0.0000E+00  0.0000E+00  0.1000E-09  0.1000E-09  0.1000E-09  0.1000E-09  0.1269E+05  0.2792E+00
11660.5342 14 14   25.5069    4.2081   25.5069    4.2081   -3.9660   -4.7485    0.0000    0.0000  -10.0000  -10.0000  0.5559E+11  0.2000E+09  0.0000E+00  0.0000E+00  0.1000E-09  0.1000E-09  0.1000E-09  0.1000E-09  0.1269E+05  0.2792E+00
11670.5342 14 14   25.5069    4.2081   25.5069    4.2081   -3.9660   -4.7485    0.0000    0.0000  -10.0000  -10.0000  0.5559E+11  0.2000E+09  0.0000E+00  0.0000E+00  0.1000E-09  0.1000E-09  0.1000E-09  0.1000E-09  0.1269E+05  0.2792E+00
11680.5342 14 14   25.5069    4.2081   25.5069    4.2081   -3.9660   -4.7485    0.0000    0.0000  -10.0000  -10.0000  0.5559E+11  0.2000E+09  0.0000E+00  0.0000E+00  0.1000E-09  0.1000E-09  0.1000E-09  0.1000E-09  0.1269E+05  0.2792E+00
11690.5342 14 14   25.5069    4.2081   25.5069    4.2081   -3.9660   -4.7485    0.0000    0.0000  -10.0000  -10.0000  0.5559E+11  0.2000E+09  0.0000E+00  0.0000E+00  0.1000E-09  0.1000E-09  0.1000E-09  0.1000E-09  0.1269E+05  0.2792E+00
11700.5342 14 14   25.5069    4.2081   25.5069    4.2081   -3.9660   -4.7485    0.0000    0.0000  -10.0000  -10.0000  0.5559E+11  0.2000E+09  0.0000E+00  0.0000E+00  0.1000E-09  0.1000E-09  0.1000E-09  0.1000E-09  0.1269E+05  0.2792E+00
11710.5342 14 14   25.5069    4.2081   25.5069    4.2081   -3.9660   -4.7485    0.0000    0.0000  -10.0000  -10.0000  0.5559E+11  0.2000E+09  0.0000E+00  0.0000E+00  0.1000E-09  0.1000E-09  0.1000E-09  0.1000E-09  0.1269E+05  0.2792E+00
11720.5342 14 14   25.5069    4.2081   25.5069    4.2081   -3.9660   -4.7485    0.0000    0.0000  -10.0000  -10.0000  0.5559E+11  0.2000E+09  0.0000E+00  0.0000E+00  0.1000E-09  0.1000E-09  0.1000E-09  0.1000E-09  0.1269E+05  0.2792E+00
11730.5342 14 14   25.5069    4.2081   25.5069    4.2081   -3.9660   -4.7485    0.0000    0.0000  -10.0000  -10.0000  0.5559E+11  0.2000E+09  0.0000E+00  0.0000E+00  0.1000E-09  0.1000E-09  0.1000E-09  0.1000E-09  0.1269E+05  0.2792E+00
11740.5342 14 14   25.5069    4.2081   25.5069    4.2081   -3.9660   -4.7485    0.0000    0.0000  -10.0000  -10.0000  0.5559E+11  0.2000E+09  0.0000E+00  0.0000E+00  0.1000E-09  0.1000E-09  0.1000E-09  0.1000E-09  0.1269E+05  0.2792E+00
11750.5342 14 14   25.5069    4.2081   25.5069    4.2081   -3.9660   -4.7485    0.0000    0.0000  -10.0000  -10.0000  0.5559E+11  0.2000E+09  0.0000E+00  0.0000E+00  0.1000E-09  0.1000E-09  0.1000E-09  0.1000E-09  0.1269E+05  0.2792E+00
11760.5342 14 14   25.5069    4.2081   25.5069    4.2081   -3.9660   -4.7485    0.0000    0.0000  -10.0000  -10.0000  0.5559E+11  0.2000E+09  0.0000E+00  0.0000E+00  0.1000E-09  0.1000E-09  0.1000E-09  0.1000E-09  0.1269E+05  0.2792E+00
11770.5342 14 14   25.5069    4.2081   25.5069    4.2081   -3.9660   -4.7485    0.0000    0.0000  -10.0000  -10.0000  0.5559E+11  0.2000E+09  0.0000E+00  0.0000E+00  0.1000E-09  0.1000E-09  0.1000E-09  0.1000E-09  0.1269E+05  0.2792E+00
11780.5342 14 14   25.5069    4.2081   25.5069    4.2081   -3.9660   -4.7485    0.0000    0.0000  -10.0000  -10.0000  0.5559E+11  0.2000E+09  0.0000E+00  0.0000E+00  0.1000E-09  0.1000E-09  0.1000E-09  0.1000E-09  0.1269E+05  0.2792E+00
11790.5342 14 14   25.5069    4.2081   25.5069    4.2081   -3.9660   -4.7485    0.0000    0.0000  -10.0000  -10.0000  0.5559E+11  0.2000E+09  0.0000E+00  0.0000E+00  0.1000E-09  0.1000E-09  0.1000E-09  0.1000E-09  0.1269E+05  0.2792E+00
11800.5342 14 14   25.5069    4.2081   25.5069    4.2081   -3.9660   -4.7485    0.0000    0.0000  -10.0000  -10.0000  0.5559E+11  0.2000E+09  0.0000E+00  0.0000E+00  0.1000E-09  0.1000E-09  0.1000E-09  0.1000E-09  0.1269E+05  0.2792E+00
11810.5342 14 14   25.5069    4.2081   25.5069    4.2081   -3.9660   -4.7485    0.0000    0.0000  -10.0000  -10.0000  0.5559E+11  0.2000E+09  0.0000E+00  0.0000E+00  0.1000E-09  0.1000E-09  0.1000E-09  0.1000E-09  0.1269E+05  0.2792E+00
11820.5342 14 14   25.5069    4.2081   25.5069    4.2081   -3.9660   -4.7485    0.0000    0.0000  -10.0000  -10.0000  0.5559E+11  0.2000E+09  0.0000E+00  0.0000E+00  0.1000E-09  0.1000E-09  0.1000E-09  0.1000E-09  0.1269E+05  0.2792E+00
11830.5342 14 14   25.5069    4.2081   25.5069    4.2081   -3.9660   -4.7485    0.0000    0.0000  -10.0000  -10.0000  0.5559E+11  0.2000E+09  0.0000E+00  0.0000E+00  0.1000E-09  0.1000E-09  0.1000E-09  0.1000E-09  0.1269E+05  0.2792E+00
11840.5342 14 14   25.5069    4.2081   25.5069    4.2081   -3.9660   -4.7485    0.0000    0.0000  -10.0000  -10.0000  0.5559E+11  0.2000E+09  0.0000E+00  0.0000E+00  0.1000E-09  0.1000E-09  0.1000E-09  0.1000E-09  0.1269E+05  0.2792E+00
11850.5342 14 14   25.5069    4.2081   25.5069    4.2081   -3.9660   -4.7485    0.0000    0.0000  -10.0000  -10.0000  0.5559E+11  0.2000E+09  0.0000E+00  0.0000E+00  0.1000E-09  0.1000E-09  0.1000E-09  0.1000E-09  0.1269E+05  0.2792E+00
11860.5342 14 14   25.5069    4.2081   25.5069    4.2081   -3.9660   -4.7485    0.0000    0.0000  -10.0000  -10.0000  0.5559E+11  0.2000E+09  0.0000E+00  0.0000E+00  0.1000E-09  0.1000E-09  0.1000E-09  0.1000E-09  0.1269E+05  0.2792E+00
11870.5342 14 14   25.5069    4.2081   25.5069    4.2081   -3.9660   -4.7485    0.0000    0.0000  -10.0000  -10.0000  0.5559E+11  0.2000E+09  0.0000E+00  0.0000E+00  0.1000E-09  0.1000E-09  0.1000E-09  0.1000E-09  0.1269E+05  0.2792E+00
11880.5342 14 14   25.5069    4.2081   25.5069    4.2081   -3.9660   -4.7485    0.0000    0.0000  -10.0000  -10.0000  0.5559E+11  0.2000E+09  0.0000E+00  0.0000E+00  0.1000E-09  0.1000E-09  0.1000E-09  0.1000E-09  0.1269E+05  0.2792E+00
11890.5342 14 14   25.5069    4.2081   25.5069    4.2081   -3.9660   -4.7485    0.0000    0.0000  -10.0000  -10.0000  0.5559E+11  0.2000E+09  0.0000E+00  0.0000E+00  0.1000E-09  0.1000E-09  0.1000E-09  0.1000E-09  0.1269E+05  0.2792E+00
11900.5342 14 14   25.5069    4.2081   25.5069    4.2081   -3.9660   -4.7485    0.0000    0.0000  -10.0000  -10.0000  0.5559E+11  0.2000E+09  0.0000E+00  0.0000E+00  0.1000E-09  0.1000E-09  0.1000E-09  0.1000E-09  0.1269E+05  0.2792E+00
11910.5342 14 14   25.5069    4.2081   25.5069    4.2081   -3.9660   -4.7485    0.0000    0.0000  -10.0000  -10.0000  0.5559E+11  0.2000E+09  0.0000E+00  0.0000E+00  0.1000E-09  0.1000E-09  0.1000E-09  0.1000E-09  0.1269E+05  0.2792E+00
11920.5342 14 14   25.5069    4.2081   25.5069    4.2081   -3.9660   -4.7485    0.0000    0.0000  -10.0000  -10.0000  0.5559E+11  0.2000E+09  0.0000E+00  0.0000E+00  0.1000E-09  0.1000E-09  0.1000E-09  0.1000E-09  0.1269E+05  0.2792E+00
11930.5342 14 14   25.5069    4.2081   25.5069    4.2081   -3.9660   -4.7485    0.0000    0.0000  -10.0000  -10.0000  0.5559E+11  0.2000E+09  0.0000E+00  0.0000E+00  0.1000E-09  0.1000E-09  0.1000E-09  0.1000E-09  0.1269E+05  0.2792E+00
11940.5342 14 14   25.5069    4.2081   25.5069    4.2081   -3.9660   -4.7485    0.0000    0.0000  -10.0000  -10.0000  0.5559E+11  0.2000E+09  0.0000E+00  0.0000E+00  0.1000E-09  0.1000E-09  0.1000E-09  0.1000E-09  0.1269E+05  0.2792E+00
11950.5342 14 14   25.5069    4.2081   25.5069    4.2081   -3.9660   -4.7485    0.0000    0.0000  -10.0000  -10.0000  0.5559E+11  0.2000E+09  0.0000E+00  0.0000E+00  0.1000E-09  0.1000E-09  0.1000E-09  0.1000E-09  0.1269E+05  0.2792E+00
11960.5342 14 14   25.5069    4.2081   25.5069    4.2081   -3.9660   -4.7485    0.0000    0.0000  -10.0000  -10.0000  0.5559E+11  0.2000E+09  0.0000E+00  0.0000E+00  0.1000E-09  0.1000E-09  0.1000E-09  0.1000E-09  0.1269E+05  0.2792E+00
11970.5342 14 14   25.5069    4.2081   25.5069    4.2081   -3.9660   -4.7485    0.0000    0.0000  -10.0000  -10.0000  0.5559E+11  0.2000E+09  0.0000E+00  0.0000E+00  0.1000E-09  0.1000E-09  0.1000E-09  0.1000E-09  0.1269E+05  0.2792E+00
11980.5342 14 14   25.5069    4.2081   25.5069    4.2081   -3.9660   -4.7485    0.0000    0.0000  -10.0000  -10.0000  0.5559E+11  0.2000E+09  0.0000E+00  0.0000E+00  0.1000E-09  0.1000E-09  0.1000E-09  0.1000E-09  0.1269E+05  0.2792E+00
11990.5342 14 14   25.5069    4.2081   25.5069    4.2081   -3.9660   -4.7485    0.0000    0.0000  -10.0000  -10.0000  0.5559E+11  0.2000E+09  0.0000E+00  0.0000E+00  0.1000E-09  0.1000E-09  0.1000E-09  0.1000E-09  0.1269E+05  0.2792E+00
12000.5342 14 14   25.5069    4.2081   25.5069    4.2081   -3.9660   -4.7485    0.0000    0.0000  -10.0000  -10.0000  0.5559E+11  0.2000E+09  0.0000E+00  0.0000E+00  0.1000E-09  0.1000E-09  0.1000E-09  0.1000E-09  0.1269E+05  0.2792E+00
12010.5342 14 14   25.5069    4.2081   25.5069    4.2081   -3.9660   -4.7485    0.0000    0.0000  -10.0000  -10.0000  0.5559E+11  0.2000E+09  0.0000E+00  0.0000E+00  0.1000E-09  0.1000E-09  0.1000E-09  0.1000E-09  0.1269E+05  0.2792E+00
12020.5342 14 14   25.5069    4.2081   25.5069    4.2081   -3.9660   -4.7485    0.0000    0.0000  -10.0000  -10.0000  0.5559E+11  0.2000E+09  0.0000E+00  0.0000E+00  0.1000E-09  0.1000E-09  0.1000E-09  0.1000E-09  0.1269E+05  0.2792E+00
12030.5342 14 14   25.5069    4.2081   25.5069    4.2081   -3.9660   -4.7485    0.0000    0.0000  -10.0000  -10.0000  0.5559E+11  0.2000E+09  0.0000E+00  0.0000E+00  0.1000E-09  0.1000E-09  0.1000E-09  0.1000E-09  0.1269E+05  0.2792E+00
12040.5342 14 14   25.5069    4.2081   25.5069    4.2081   -3.9660   -4.7485    0.0000    0.0000  -10.0000  -10.0000  0.5559E+11  0.2000E+09  0.0000E+00  0.0000E+00  0.1000E-09  0.1000E-09  0.1000E-09  0.1000E-09  0.1269E+05  0.2792E+00
12050.5342 14 14   25.5069    4.2081   25.5069    4.2081   -3.9660   -4.7485    0.0000    0.0000  -10.0000  -10.0000  0.5559E+11  0.2000E+09  0.0000E+00  0.0000E+00  0.1000E-09  0.1000E-09  0.1000E-09  0.1000E-09  0.1269E+05  0.2792E+00
12060.5342 14 14   25.5069    4.2081   25.5069    4.2081   -3.9660   -4.7485    0.0000    0.0000  -10.0000  -10.0000  0.5559E+11  0.2000E+09  0.0000E+00  0.0000E+00  0.1000E-09  0.1000E-09  0.1000E-09  0.1000E-09  0.1269E+05  0.2792E+00
12070.5342 14 14   25.5069    4.2081   25.5069    4.2081   -3.9660   -4.7485    0.0000    0.0000  -10.0000  -10.0000  0.5559E+11  0.2000E+09  0.0000E+00  0.0000E+00  0.1000E-09  0.1000E-09  0.1000E-09  0.1000E-09  0.1269E+05  0.2792E+00
12080.5342 14 14   25.5069    4.2081   25.5069    4.2081   -3.9660   -4.7485    0.0000    0.0000  -10.0000  -10.0000  0.5559E+11  0.2000E+09  0.0000E+00  0.0000E+00  0.1000E-09  0.1000E-09  0.1000E-09  0.1000E-09  0.1269E+05  0.2792E+00
12090.5342 14 14   25.5069    4.2081   25.5069    4.2081   -3.9660   -4.7485    0.0000    0.0000  -10.0000  -10.0000  0.5559E+11  0.2000E+09  0.0000E+00  0.0000E+00  0.1000E-09  0.1000E-09  0.1000E-09  0.1000E-09  0.1269E+05  0.2792E+00
12100.5342 14 14   25.5069    4.2081   25.5069    4.2081   -3.9660   -4.7485    0.0000    0.0000  -10.0000  -10.0000  0.5559E+11  0.2000E+09  0.0000E+00  0.0000E+00  0.1000E-09  0.1000E-09  0.1000E-09  0.1000E-09  0.1269E+05  0.2792E+00
12110.5342 14 14   25.5069    4.2081   25.5069    4.2081   -3.9660   -4.7485    0.0000    0.0000  -10.0000  -10.0000  0.5559E+11  0.2000E+09  0.0000E+00  0.0000E+00  0.1000E-09  0.1000E-09  0.1000E-09  0.1000E-09  0.1269E+05  0.2792E+00
12120.5342 14 14   25.5069    4.2081   25.5069    4.2081   -3.9660   -4.7485    0.0000    0.0000  -10.0000  -10.0000  0.5559E+11  0.2000E+09  0.0000E+00  0.0000E+00  0.1000E-09  0.1000E-09  0.1000E-09  0.1000E-09  0.1269E+05  0.2792E+00
12130.5342 14 14   25.5069    4.2081   25.5069    4.2081   -3.9660   -4.7485    0.0000    0.0000  -10.0000  -10.0000  0.5559E+11  0.2000E+09  0.0000E+00  0.0000E+00  0.1000E-09  0.1000E-09  0.1000E-09  0.1000E-09  0.1269E+05  0.2792E+00
12140.5342 14 14   25.5069    4.2081   25.5069    4.2081   -3.9660   -4.7485    0.0000    0.0000  -10.0000  -10.0000  0.5559E+11  0.2000E+09  0.0000E+00  0.0000E+00  0.1000E-09  0.1000E-09  0.1000E-09  0.1000E-09  0.1269E+05  0.2792E+00
12150.5342 14 14   25.5069    4.2081   25.5069    4.2081   -3.9660   -4.7485    0.0000    0.0000  -10.0000  -10.0000  0.5559E+11  0.2000E+09  0.0000E+00  0.0000E+00  0.1000E-09  0.1000E-09  0.1000E-09  0.1000E-09  0.1269E+05  0.2792E+00
12160.5342 14 14   25.5069    4.2081   25.5069    4.2081   -3.9660   -4.7485    0.0000    0.0000  -10.0000  -10.0000  0.5559E+11  0.2000E+09  0.0000E+00  0.0000E+00  0.1000E-09  0.1000E-09  0.1000E-09  0.1000E-09  0.1269E+05  0.2792E+00
12170.5342 14 14   25.5069    4.2081   25.5069    4.2081   -3.9660   -4.7485    0.0000    0.0000  -10.0000  -10.0000  0.5559E+11  0.2000E+09  0.0000E+00  0.0000E+00  0.1000E-09  0.1000E-09  0.1000E-09  0.1000E-09  0.1269E+05  0.2792E+00
12180.5342 14 14   25.5069    4.2081   25.5069    4.2081   -3.9660   -4.7485    0.0000    0.0000  -10.0000  -10.0000  0.5559E+11  0.2000E+09  0.0000E+00  0.0000E+00  0.1000E-09  0.1000E-09  0.1000E-09  0.1000E-09  0.1269E+05  0.2792E+00
12190.5342 14 14   25.5069    4.2081   25.5069    4.2081   -3.9660   -4.7485    0.0000    0.0000  -10.0000  -10.0000  0.5559E+11  0.2000E+09  0.0000E+00  0.0000E+00  0.1000E-09  0.1000E-09  0.1000E-09  0.1000E-09  0.1269E+05  0.2792E+00
12200.5342 14 14   25.5069    4.2081   25.5069    4.2081   -3.9660   -4.7485    0.0000    0.0000  -10.0000  -10.0000  0.5559E+11  0.2000E+09  0.0000E+00  0.0000E+00  0.1000E-09  0.1000E-09  0.1000E-09  0.1000E-09  0.1269E+05  0.2792E+00
12210.5342 14 14   25.5069    4.2081   25.5069    4.2081   -3.9660   -4.7485    0.0000    0.0000  -10.0000  -10.0000  0.5559E+11  0.2000E+09  0.0000E+00  0.0000E+00  0.1000E-09  0.1000E-09  0.1000E-09  0.1000E-09  0.1269E+05  0.2792E+00
12220.5342 14 14   25.5069    4.2081   25.5069    4.2081   -3.9660   -4.7485    0.0000    0.0000  -10.0000  -10.0000  0.5559E+11  0.2000E+09  0.0000E+00  0.0000E+00  0.1000E-09  0.1000E-09  0.1000E-09  0.1000E-09  0.1269E+05  0.2792E+00
12230.5342 14 14   25.5069    4.2081   25.5069    4.2081   -3.9660   -4.7485    0.0000    0.0000  -10.0000  -10.0000  0.5559E+11  0.2000E+09  0.0000E+00  0.0000E+00  0.1000E-09  0.1000E-09  0.1000E-09  0.1000E-09  0.1269E+05  0.2792E+00
12240.5342 14 14   25.5069    4.2081   25.5069    4.2081   -3.9660   -4.7485    0.0000    0.0000  -10.0000  -10.0000  0.5559E+11  0.2000E+09  0.0000E+00  0.0000E+00  0.1000E-09  0.1000E-09  0.1000E-09  0.1000E-09  0.1269E+05  0.2792E+00
12250.5342 14 14   25.5069    4.2081   25.5069    4.2081   -3.9660   -4.7485    0.0000    0.0000  -10.0000  -10.0000  0.5559E+11  0.2000E+09  0.0000E+00  0.0000E+00  0.1000E-09  0.1000E-09  0.1000E-09  0.1000E-09  0.1269E+05  0.2792E+00
12260.5342 14 14   25.5069    4.2081   25.5069    4.2081   -3.9660   -4.7485    0.0000    0.0000  -10.0000  -10.0000  0.5559E+11  0.2000E+09  0.0000E+00  0.0000E+00  0.1000E-09  0.1000E-09  0.1000E-09  0.1000E-09  0.1269E+05  0.2792E+00
12270.5342 14 14   25.5069    4.2081   25.5069    4.2081   -3.9660   -4.7485    0.0000    0.0000  -10.0000  -10.0000  0.5559E+11  0.2000E+09  0.0000E+00  0.0000E+00  0.1000E-09  0.1000E-09  0.1000E-09  0.1000E-09  0.1269E+05  0.2792E+00
12280.5342 14 14   25.5069    4.2081   25.5069    4.2081   -3.9660   -4.7485    0.0000    0.0000  -10.0000  -10.0000  0.5559E+11  0.2000E+09  0.0000E+00  0.0000E+00  0.1000E-09  0.1000E-09  0.1000E-09  0.1000E-09  0.1269E+05  0.2792E+00
12290.5342 14 14   25.5069    4.2081   25.5069    4.2081   -3.9660   -4.7485    0.0000    0.0000  -10.0000  -10.0000  0.5559E+11  0.2000E+09  0.0000E+00  0.0000E+00  0.1000E-09  0.1000E-09  0.1000E-09  0.1000E-09  0.1269E+05  0.2792E+00
12300.5342 14 14   25.5069    4.2081   25.5069    4.2081   -3.9660   -4.7485    0.0000    0.0000  -10.0000  -10.0000  0.5559E+11  0.2000E+09  0.0000E+00  0.0000E+00  0.1000E-09  0.1000E-09  0.1000E-09  0.1000E-09  0.1269E+05  0.2792E+00
12310.5342 14 14   25.5069    4.2081   25.5069    4.2081   -3.9660   -4.7485    0.0000    0.0000  -10.0000  -10.0000  0.5559E+11  0.2000E+09  0.0000E+00  0.0000E+00  0.1000E-09  0.1000E-09  0.1000E-09  0.1000E-09  0.1269E+05  0.2792E+00
12320.5342 14 14   25.5069    4.2081   25.5069    4.2081   -3.9660   -4.7485    0.0000    0.0000  -10.0000  -10.0000  0.5559E+11  0.2000E+09  0.0000E+00  0.0000E+00  0.1000E-09  0.1000E-09  0.1000E-09  0.1000E-09  0.1269E+05  0.2792E+00
12330.5342 14 14   25.5069    4.2081   25.5069    4.2081   -3.9660   -4.7485    0.0000    0.0000  -10.0000  -10.0000  0.5559E+11  0.2000E+09  0.0000E+00  0.0000E+00  0.1000E-09  0.1000E-09  0.1000E-09  0.1000E-09  0.1269E+05  0.2792E+00
12340.5342 14 14   25.5069    4.2081   25.5069    4.2081   -3.9660   -4.7485    0.0000    0.0000  -10.0000  -10.0000  0.5559E+11  0.2000E+09  0.0000E+00  0.0000E+00  0.1000E-09  0.1000E-09  0.1000E-09  0.1000E-09  0.1269E+05  0.2792E+00
12350.5342 14 14   25.5069    4.2081   25.5069    4.2081   -3.9660   -4.7485    0.0000    0.0000  -10.0000  -10.0000  0.5559E+11  0.2000E+09  0.0000E+00  0.0000E+00  0.1000E-09  0.1000E-09  0.1000E-09  0.1000E-09  0.1269E+05  0.2792E+00
12360.5342 14 14   25.5069    4.2081   25.5069    4.2081   -3.9660   -4.7485    0.0000    0.0000  -10.0000  -10.0000  0.5559E+11  0.2000E+09  0.0000E+00  0.0000E+00  0.1000E-09  0.1000E-09  0.1000E-09  0.1000E-09  0.1269E+05  0.2792E+00
12370.5342 14 14   25.5069    4.2081   25.5069    4.2081   -3.9660   -4.7485    0.0000    0.0000  -10.0000  -10.0000  0.5559E+11  0.2000E+09  0.0000E+00  0.0000E+00  0.1000E-09  0.1000E-09  0.1000E-09  0.1000E-09  0.1269E+05  0.2792E+00
12380.5342 14 14   25.5069    4.2081   25.5069    4.2081   -3.9660   -4.7485    0.0000    0.0000  -10.0000  -10.0000  0.5559E+11  0.2000E+09  0.0000E+00  0.0000E+00  0.1000E-09  0.1000E-09  0.1000E-09  0.1000E-09  0.1269E+05  0.2792E+00
12390.5342 14 14   25.5069    4.2081   25.5069    4.2081   -3.9660   -4.7485    0.0000    0.0000  -10.0000  -10.0000  0.5559E+11  0.2000E+09  0.0000E+00  0.0000E+00  0.1000E-09  0.1000E-09  0.1000E-09  0.1000E-09  0.1269E+05  0.2792E+00
12400.5342 14 14   25.5069    4.2081   25.5069    4.2081   -3.9660   -4.7485    0.0000    0.0000  -10.0000  -10.0000  0.5559E+11  0.2000E+09  0.0000E+00  0.0000E+00  0.1000E-09  0.1000E-09  0.1000E-09  0.1000E-09  0.1269E+05  0.2792E+00
12410.5342 14 14   25.5069    4.2081   25.5069    4.2081   -3.9660   -4.7485    0.0000    0.0000  -10.0000  -10.0000  0.5559E+11  0.2000E+09  0.0000E+00  0.0000E+00  0.1000E-09  0.1000E-09  0.1000E-09  0.1000E-09  0.1269E+05  0.2792E+00
12420.5342 14 14   25.5069    4.2081   25.5069    4.2081   -3.9660   -4.7485    0.0000    0.0000  -10.0000  -10.0000  0.5559E+11  0.2000E+09  0.0000E+00  0.0000E+00  0.1000E-09  0.1000E-09  0.1000E-09  0.1000E-09  0.1269E+05  0.2792E+00
12430.5342 14 14   25.5069    4.2081   25.5069    4.2081   -3.9660   -4.7485    0.0000    0.0000  -10.0000  -10.0000  0.5559E+11  0.2000E+09  0.0000E+00  0.0000E+00  0.1000E-09  0.1000E-09  0.1000E-09  0.1000E-09  0.1269E+05  0.2792E+00
12440.5342 14 14   25.5069    4.2081   25.5069    4.2081   -3.9660   -4.7485    0.0000    0.0000  -10.0000  -10.0000  0.5559E+11  0.2000E+09  0.0000E+00  0.0000E+00  0.1000E-09  0.1000E-09  0.1000E-09  0.1000E-09  0.1269E+05  0.2792E+00
12450.5342 14 14   25.5069    4.2081   25.5069    4.2081   -3.9660   -4.7485    0.0000    0.0000  -10.0000  -10.0000  0.5559E+11  0.2000E+09  0.0000E+00  0.0000E+00  0.1000E-09  0.1000E-09  0.1000E-09  0.1000E-09  0.1269E+05  0.2792E+00
12460.5342 14 14   25.5069    4.2081   25.5069    4.2081   -3.9660   -4.7485    0.0000    0.0000  -10.0000  -10.0000  0.5559E+11  0.2000E+09  0.0000E+00  0.0000E+00  0.1000E-09  0.1000E-09  0.1000E-09  0.1000E-09  0.1269E+05  0.2792E+00
12470.5342 14 14   25.5069    4.2081   25.5069    4.2081   -3.9660   -4.7485    0.0000    0.0000  -10.0000  -10.0000  0.5559E+11  0.2000E+09  0.0000E+00  0.0000E+00  0.1000E-09  0.1000E-09  0.1000E-09  0.1000E-09  0.1269E+05  0.2792E+00
12480.5342 14 14   25.5069    4.2081   25.5069    4.2081   -3.9660   -4.7485    0.0000    0.0000  -10.0000  -10.0000  0.5559E+11  0.2000E+09  0.0000E+00  0.0000E+00  0.1000E-09  0.1000E-09  0.1000E-09  0.1000E-09  0.1269E+05  0.2792E+00
12490.5342 14 14   25.5069    4.2081   25.5069    4.2081   -3.9660   -4.7485    0.0000    0.0000  -10.0000  -10.0000  0.5559E+11  0.2000E+09  0.0000E+00  0.0000E+00  0.1000E-09  0.1000E-09  0.1000E-09  0.1000E-09  0.1269E+05  0.2792E+00
12500.5342 14 14   25.5069    4.2081   25.5069    4.2081   -3.9660   -4.7485    0.0000    0.0000  -10.0000  -10.0000  0.5559E+11  0.2000E+09  0.0000E+00  0.0000E+00  0.1000E-09  0.1000E-09  0.1000E-09  0.1000E-09  0.1269E+05  0.2792E+00
12510.5342 14 14   25.5069    4.2081   25.5069    4.2081   -3.9660   -4.7485    0.0000    0.0000  -10.0000  -10.0000  0.5559E+11  0.2000E+09  0.0000E+00  0.0000E+00  0.1000E-09  0.1000E-09  0.1000E-09  0.1000E-09  0.1269E+05  0.2792E+00
12520.5342 14 14   25.5069    4.2081   25.5069    4.2081   -3.9660   -4.7485    0.0000    0.0000  -10.0000  -10.0000  0.5559E+11  0.2000E+09  0.0000E+00  0.0000E+00  0.1000E-09  0.1000E-09  0.1000E-09  0.1000E-09  0.1269E+05  0.2792E+00
12530.5342 14 14   25.5069    4.2081   25.5069    4.2081   -3.9660   -4.7485    0.0000    0.0000  -10.0000  -10.0000  0.5559E+11  0.2000E+09  0.0000E+00  0.0000E+00  0.1000E-09  0.1000E-09  0.1000E-09  0.1000E-09  0.1269E+05  0.2792E+00
12540.5342 14 14   25.5069    4.2081   25.5069    4.2081   -3.9660   -4.7485    0.0000    0.0000  -10.0000  -10.0000  0.5559E+11  0.2000E+09  0.0000E+00  0.0000E+00  0.1000E-09  0.1000E-09  0.1000E-09  0.1000E-09  0.1269E+05  0.2792E+00
12550.5342 14 14   25.5069    4.2081   25.5069    4.2081   -3.9660   -4.7485    0.0000    0.0000  -10.0000  -10.0000  0.5559E+11  0.2000E+09  0.0000E+00  0.0000E+00  0.1000E-09  0.1000E-09  0.1000E-09  0.1000E-09  0.1269E+05  0.2792E+00
12560.5342 14 14   25.5069    4.2081   25.5069    4.2081   -3.9660   -4.7485    0.0000    0.0000  -10.0000  -10.0000  0.5559E+11  0.2000E+09  0.0000E+00  0.0000E+00  0.1000E-09  0.1000E-09  0.1000E-09  0.1000E-09  0.1269E+05  0.2792E+00
12570.5342 14 14   25.5069    4.2081   25.5069    4.2081   -3.9660   -4.7485    0.0000    0.0000  -10.0000  -10.0000  0.5559E+11  0.2000E+09  0.0000E+00  0.0000E+00  0.1000E-09  0.1000E-09  0.1000E-09  0.1000E-09  0.1269E+05  0.2792E+00
12580.5342 14 14   25.5069    4.2081   25.5069    4.2081   -3.9660   -4.7485    0.0000    0.0000  -10.0000  -10.0000  0.5559E+11  0.2000E+09  0.0000E+00  0.0000E+00  0.1000E-09  0.1000E-09  0.1000E-09  0.1000E-09  0.1269E+05  0.2792E+00
12590.5342 14 14   25.5069    4.2081   25.5069    4.2081   -3.9660   -4.7485    0.0000    0.0000  -10.0000  -10.0000  0.5559E+11  0.2000E+09  0.0000E+00  0.0000E+00  0.1000E-09  0.1000E-09  0.1000E-09  0.1000E-09  0.1269E+05  0.2792E+00
12600.5342 14 14   25.5069    4.2081   25.5069    4.2081   -3.9660   -4.7485    0.0000    0.0000  -10.0000  -10.0000  0.5559E+11  0.2000E+09  0.0000E+00  0.0000E+00  0.1000E-09  0.1000E-09  0.1000E-09  0.1000E-09  0.1269E+05  0.2792E+00
12610.5342 14 14   25.5069    4.2081   25.5069    4.2081   -3.9660   -4.7485    0.0000    0.0000  -10.0000  -10.0000  0.5559E+11  0.2000E+09  0.0000E+00  0.0000E+00  0.1000E-09  0.1000E-09  0.1000E-09  0.1000E-09  0.1269E+05  0.2792E+00
12620.5342 14 14   25.5069    4.2081   25.5069    4.2081   -3.9660   -4.7485    0.0000    0.0000  -10.0000  -10.0000  0.5559E+11  0.2000E+09  0.0000E+00  0.0000E+00  0.1000E-09  0.1000E-09  0.1000E-09  0.1000E-09  0.1269E+05  0.2792E+00
12630.5342 14 14   25.5069    4.2081   25.5069    4.2081   -3.9660   -4.7485    0.0000    0.0000  -10.0000  -10.0000  0.5559E+11  0.2000E+09  0.0000E+00  0.0000E+00  0.1000E-09  0.1000E-09  0.1000E-09  0.1000E-09  0.1269E+05  0.2792E+00
12640.5342 14 14   25.5069    4.2081   25.5069    4.2081   -3.9660   -4.7485    0.0000    0.0000  -10.0000  -10.0000  0.5559E+11  0.2000E+09  0.0000E+00  0.0000E+00  0.1000E-09  0.1000E-09  0.1000E-09  0.1000E-09  0.1269E+05  0.2792E+00
12650.5342 14 14   25.5069    4.2081   25.5069    4.2081   -3.9660   -4.7485    0.0000    0.0000  -10.0000  -10.0000  0.5559E+11  0.2000E+09  0.0000E+00  0.0000E+00  0.1000E-09  0.1000E-09  0.1000E-09  0.1000E-09  0.1269E+05  0.2792E+00
12660.5342 14 14   25.5069    4.2081   25.5069    4.2081   -3.9660   -4.7485    0.0000    0.0000  -10.0000  -10.0000  0.5559E+11  0.2000E+09  0.0000E+00  0.0000E+00  0.1000E-09  0.1000E-09  0.1000E-09  0.1000E-09  0.1269E+05  0.2792E+00
12670.5342 14 14   25.5069    4.2081   25.5069    4.2081   -3.9660   -4.7485    0.0000    0.0000  -10.0000  -10.0000  0.5559E+11  0.2000E+09  0.0000E+00  0.0000E+00  0.1000E-09  0.1000E-09  0.1000E-09  0.1000E-09  0.1269E+05  0.2792E+00
12680.5342 14 14   25.5069    4.2081   25.5069    4.2081   -3.9660   -4.7485    0.0000    0.0000  -10.0000  -10.0000  0.5559E+11  0.2000E+09  0.0000E+00  0.0000E+00  0.1000E-09  0.1000E-09  0.1000E-09  0.1000E-09  0.1269E+05  0.2792E+00
12690.5342 14 14   25.5069    4.2081   25.5069    4.2081   -3.9660   -4.7485    0.0000    0.0000  -10.0000  -10.0000  0.5559E+11  0.2000E+09  0.0000E+00  0.0000E+00  0.1000E-09  0.1000E-09  0.1000E-09  0.1000E-09  0.1269E+05  0.2792E+00
12700.5342 14 14   25.5069    4.2081   25.5069    4.2081   -3.9660   -4.7485    0.0000    0.0000  -10.0000  -10.0000  0.5559E+11  0.2000E+09  0.0000E+00  0.0000E+00  0.1000E-09  0.1000E-09  0.1000E-09  0.1000E-09  0.1269E+05  0.2792E+00
12710.5342 14 14   25.5069    4.2081   25.5069    4.2081   -3.9660   -4.7485    0.0000    0.0000  -10.0000  -10.0000  0.5559E+11  0.2000E+09  0.0000E+00  0.0000E+00  0.1000E-09  0.1000E-09  0.1000E-09  0.1000E-09  0.1269E+05  0.2792E+00
12720.5342 14 14   25.5069    4.2081   25.5069    4.2081   -3.9660   -4.7485    0.0000    0.0000  -10.0000  -10.0000  0.5559E+11  0.2000E+09  0.0000E+00  0.0000E+00  0.1000E-09  0.1000E-09  0.1000E-09  0.1000E-09  0.1269E+05  0.2792E+00
12730.5342 14 14   25.5069    4.2081   25.5069    4.2081   -3.9660   -4.7485    0.0000    0.0000  -10.0000  -10.0000  0.5559E+11  0.2000E+09  0.0000E+00  0.0000E+00  0.1000E-09  0.1000E-09  0.1000E-09  0.1000E-09  0.1269E+05  0.2792E+00
12740.5342 14 14   25.5069    4.2081   25.5069    4.2081   -3.9660   -4.7485    0.0000    0.0000  -10.0000  -10.0000  0.5559E+11  0.2000E+09  0.0000E+00  0.0000E+00  0.1000E-09  0.1000E-09  0.1000E-09  0.1000E-09  0.1269E+05  0.2792E+00
12750.5342 14 14   25.5069    4.2081   25.5069    4.2081   -3.9660   -4.7485    0.0000    0.0000  -10.0000  -10.0000  0.5559E+11  0.2000E+09  0.0000E+00  0.0000E+00  0.1000E-09  0.1000E-09  0.1000E-09  0.1000E-09  0.1269E+05  0.2792E+00
12760.5342 14 14   25.5069    4.2081   25.5069    4.2081   -3.9660   -4.7485    0.0000    0.0000  -10.0000  -10.0000  0.5559E+11  0.2000E+09  0.0000E+00  0.0000E+00  0.1000E-09  0.1000E-09  0.1000E-09  0.1000E-09  0.1269E+05  0.2792E+00
12770.5342 14 14   25.5069    4.2081   25.5069    4.2081   -3.9660   -4.7485    0.0000    0.0000  -10.0000  -10.0000  0.5559E+11  0.2000E+09  0.0000E+00  0.0000E+00  0.1000E-09  0.1000E-09  0.1000E-09  0.1000E-09  0.1269E+05  0.2792E+00
12780.5342 14 14   25.5069    4.2081   25.5069    4.2081   -3.9660   -4.7485    0.0000    0.0000  -10.0000  -10.0000  0.5559E+11  0.2000E+09  0.0000E+00  0.0000E+00  0.1000E-09  0.1000E-09  0.1000E-09  0.1000E-09  0.1269E+05  0.2792E+00
12790.5342 14 14   25.5069    4.2081   25.5069    4.2081   -3.9660   -4.7485    0.0000    0.0000  -10.0000  -10.0000  0.5559E+11  0.2000E+09  0.0000E+00  0.0000E+00  0.1000E-09  0.1000E-09  0.1000E-09  0.1000E-09  0.1269E+05  0.2792E+00
12800.5342 14 14   25.5069    4.2081   25.5069    4.2081   -3.9660   -4.7485    0.0000    0.0000  -10.0000  -10.0000  0.5559E+11  0.2000E+09  0.0000E+00  0.0000E+00  0.1000E-09  0.1000E-09  0.1000E-09  0.1000E-09  0.1269E+05  0.2792E+00
12810.5342 14 14   25.5069    4.2081   25.5069    4.2081   -3.9660   -4.7485    0.0000    0.0000  -10.0000  -10.0000  0.5559E+11  0.2000E+09  0.0000E+00  0.0000E+00  0.1000E-09  0.1000E-09  0.1000E-09  0.1000E-09  0.1269E+05  0.2792E+00
12820.5342 14 14   25.5069    4.2081   25.5069    4.2081   -3.9660   -4.7485    0.0000    0.0000  -10.0000  -10.0000  0.5559E+11  0.2000E+09  0.0000E+00  0.0000E+00  0.1000E-09  0.1000E-09  0.1000E-09  0.1000E-09  0.1269E+05  0.2792E+00
12830.5342 14 14   25.5069    4.2081   25.5069    4.2081   -3.9660   -4.7485    0.0000    0.0000  -10.0000  -10.0000  0.5559E+11  0.2000E+09  0.0000E+00  0.0000E+00  0.1000E-09  0.1000E-09  0.1000E-09  0.1000E-09  0.1269E+05  0.2792E+00
12840.5342 14 14   25.5069    4.2081   25.5069    4.2081   -3.9660   -4.7485    0.0000    0.0000  -10.0000  -10.0000  0.5559E+11  0.2000E+09  0.0000E+00  0.0000E+00  0.1000E-09  0.1000E-09  0.1000E-09  0.1000E-09  0.1269E+05  0.2792E+00
12850.5342 14 14   25.5069    4.2081   25.5069    4.2081   -3.9660   -4.7485    0.0000    0.0000  -10.0000  -10.0000  0.5559E+11  0.2000E+09  0.0000E+00  0.0000E+00  0.1000E-09  0.1000E-09  0.1000E-09  0.1000E-09  0.1269E+05  0.2792E+00
12860.5342 14 14   25.5069    4.2081   25.5069    4.2081   -3.9660   -4.7485    0.0000    0.0000  -10.0000  -10.0000  0.5559E+11  0.2000E+09  0.0000E+00  0.0000E+00  0.1000E-09  0.1000E-09  0.1000E-09  0.1000E-09  0.1269E+05  0.2792E+00
12870.5342 14 14   25.5069    4.2081   25.5069    4.2081   -3.9660   -4.7485    0.0000    0.0000  -10.0000  -10.0000  0.5559E+11  0.2000E+09  0.0000E+00  0.0000E+00  0.1000E-09  0.1000E-09  0.1000E-09  0.1000E-09  0.1269E+05  0.2792E+00
12880.5342 14 14   25.5069    4.2081   25.5069    4.2081   -3.9660   -4.7485    0.0000    0.0000  -10.0000  -10.0000  0.5559E+11  0.2000E+09  0.0000E+00  0.0000E+00  0.1000E-09  0.1000E-09  0.1000E-09  0.1000E-09  0.1269E+05  0.2792E+00
12890.5342 14 14   25.5069    4.2081   25.5069    4.2081   -3.9660   -4.7485    0.0000    0.0000  -10.0000  -10.0000  0.5559E+11  0.2000E+09  0.0000E+00  0.0000E+00  0.1000E-09  0.1000E-09  0.1000E-09  0.1000E-09  0.1269E+05  0.2792E+00
12900.5342 14 14   25.5069    4.2081   25.5069    4.2081   -3.9660   -4.7485    0.0000    0.0000  -10.0000  -10.0000  0.5559E+11  0.2000E+09  0.0000E+00  0.0000E+00  0.1000E-09  0.1000E-09  0.1000E-09  0.1000E-09  0.1269E+05  0.2792E+00
12910.5342 14 14   25.5069    4.2081   25.5069    4.2081   -3.9660   -4.7485    0.0000    0.0000  -10.0000  -10.0000  0.5559E+11  0.2000E+09  0.0000E+00  0.0000E+00  0.1000E-09  0.1000E-09  0.1000E-09  0.1000E-09  0.1269E+05  0.2792E+00
12920.5342 14 14   25.5069    4.2081   25.5069    4.2081   -3.9660   -4.7485    0.0000    0.0000  -10.0000  -10.0000  0.5559E+11  0.2000E+09  0.0000E+00  0.0000E+00  0.1000E-09  0.1000E-09  0.1000E-09  0.1000E-09  0.1269E+05  0.2792E+00
12930.5342 14 14   25.5069    4.2081   25.5069    4.2081   -3.9660   -4.7485    0.0000    0.0000  -10.0000  -10.0000  0.5559E+11  0.2000E+09  0.0000E+00  0.0000E+00  0.1000E-09  0.1000E-09  0.1000E-09  0.1000E-09  0.1269E+05  0.2792E+00
12940.5342 14 14   25.5069    4.2081   25.5069    4.2081   -3.9660   -4.7485    0.0000    0.0000  -10.0000  -10.0000  0.5559E+11  0.2000E+09  0.0000E+00  0.0000E+00  0.1000E-09  0.1000E-09  0.1000E-09  0.1000E-09  0.1269E+05  0.2792E+00
12950.5342 14 14   25.5069    4.2081   25.5069    4.2081   -3.9660   -4.7485    0.0000    0.0000  -10.0000  -10.0000  0.5559E+11  0.2000E+09  0.0000E+00  0.0000E+00  0.1000E-09  0.1000E-09  0.1000E-09  0.1000E-09  0.1269E+05  0.2792E+00
12960.5342 14 14   25.5069    4.2081   25.5069    4.2081   -3.9660   -4.7485    0.0000    0.0000  -10.0000  -10.0000  0.5559E+11  0.2000E+09  0.0000E+00  0.0000E+00  0.1000E-09  0.1000E-09  0.1000E-09  0.1000E-09  0.1269E+05  0.2792E+00
12970.5342 14 14   25.5069    4.2081   25.5069    4.2081   -3.9660   -4.7485    0.0000    0.0000  -10.0000  -10.0000  0.5559E+11  0.2000E+09  0.0000E+00  0.0000E+00  0.1000E-09  0.1000E-09  0.1000E-09  0.1000E-09  0.1269E+05  0.2792E+00
12980.5342 14 14   25.5069    4.2081   25.5069    4.2081   -3.9660   -4.7485    0.0000    0.0000  -10.0000  -10.0000  0.5559E+11  0.2000E+09  0.0000E+00  0.0000E+00  0.1000E-09  0.1000E-09  0.1000E-09  0.1000E-09  0.1269E+05  0.2792E+00
12990.5342 14 14   25.5069    4.2081   25.5069    4.2081   -3.9660   -4.7485    0.0000    0.0000  -10.0000  -10.0000  0.5559E+11  0.2000E+09  0.0000E+00  0.0000E+00  0.1000E-09  0.1000E-09  0.1000E-09  0.1000E-09  0.1269E+05  0.2792E+00
13000.5342 14 14   25.5069    4.2081   25.5069    4.2081   -3.9660   -4.7485    0.0000    0.0000  -10.0000  -10.0000  0.5559E+11  0.2000E+09  0.0000E+00  0.0000E+00  0.1000E-09  0.1000E-09  0.1000E-09  0.1000E-09  0.1269E+05  0.2792E+00
13010.5342 14 14   25.5069    4.2081   25.5069    4.2081   -3.9660   -4.7485    0.0000    0.0000  -10.0000  -10.0000  0.5559E+11  0.2000E+09  0.0000E+00  0.0000E+00  0.1000E-09  0.1000E-09  0.1000E-09  0.1000E-09  0.1269E+05  0.2792E+00
13020.5342 14 14   25.5069    4.2081   25.5069    4.2081   -3.9660   -4.7485    0.0000    0.0000  -10.0000  -10.0000  0.5559E+11  0.2000E+09  0.0000E+00  0.0000E+00  0.1000E-09  0.1000E-09  0.1000E-09  0.1000E-09  0.1269E+05  0.2792E+00
13030.5342 14 14   25.5069    4.2081   25.5069    4.2081   -3.9660   -4.7485    0.0000    0.0000  -10.0000  -10.0000  0.5559E+11  0.2000E+09  0.0000E+00  0.0000E+00  0.1000E-09  0.1000E-09  0.1000E-09  0.1000E-09  0.1269E+05  0.2792E+00
13040.5342 14 14   25.5069    4.2081   25.5069    4.2081   -3.9660   -4.7485    0.0000    0.0000  -10.0000  -10.0000  0.5559E+11  0.2000E+09  0.0000E+00  0.0000E+00  0.1000E-09  0.1000E-09  0.1000E-09  0.1000E-09  0.1269E+05  0.2792E+00
13050.5342 14 14   25.5069    4.2081   25.5069    4.2081   -3.9660   -4.7485    0.0000    0.0000  -10.0000  -10.0000  0.5559E+11  0.2000E+09  0.0000E+00  0.0000E+00  0.1000E-09  0.1000E-09  0.1000E-09  0.1000E-09  0.1269E+05  0.2792E+00
13060.5342 14 14   25.5069    4.2081   25.5069    4.2081   -3.9660   -4.7485    0.0000    0.0000  -10.0000  -10.0000  0.5559E+11  0.2000E+09  0.0000E+00  0.0000E+00  0.1000E-09  0.1000E-09  0.1000E-09  0.1000E-09  0.1269E+05  0.2792E+00
13070.5342 14 14   25.5069    4.2081   25.5069    4.2081   -3.9660   -4.7485    0.0000    0.0000  -10.0000  -10.0000  0.5559E+11  0.2000E+09  0.0000E+00  0.0000E+00  0.1000E-09  0.1000E-09  0.1000E-09  0.1000E-09  0.1269E+05  0.2792E+00
13080.5342 14 14   25.5069    4.2081   25.5069    4.2081   -3.9660   -4.7485    0.0000    0.0000  -10.0000  -10.0000  0.5559E+11  0.2000E+09  0.0000E+00  0.0000E+00  0.1000E-09  0.1000E-09  0.1000E-09  0.1000E-09  0.1269E+05  0.2792E+00
13090.5342 14 14   25.5069    4.2081   25.5069    4.2081   -3.9660   -4.7485    0.0000    0.0000  -10.0000  -10.0000  0.5559E+11  0.2000E+09  0.0000E+00  0.0000E+00  0.1000E-09  0.1000E-09  0.1000E-09  0.1000E-09  0.1269E+05  0.2792E+00
13100.5342 14 14   25.5069    4.2081   25.5069    4.2081   -3.9660   -4.7485    0.0000    0.0000  -10.0000  -10.0000  0.5559E+11  0.2000E+09  0.0000E+00  0.0000E+00  0.1000E-09  0.1000E-09  0.1000E-09  0.1000E-09  0.1269E+05  0.2792E+00
13110.5342 14 14   25.5069    4.2081   25.5069    4.2081   -3.9660   -4.7485    0.0000    0.0000  -10.0000  -10.0000  0.5559E+11  0.2000E+09  0.0000E+00  0.0000E+00  0.1000E-09  0.1000E-09  0.1000E-09  0.1000E-09  0.1269E+05  0.2792E+00
13120.5342 14 14   25.5069    4.2081   25.5069    4.2081   -3.9660   -4.7485    0.0000    0.0000  -10.0000  -10.0000  0.5559E+11  0.2000E+09  0.0000E+00  0.0000E+00  0.1000E-09  0.1000E-09  0.1000E-09  0.1000E-09  0.1269E+05  0.2792E+00
13130.5342 14 14   25.5069    4.2081   25.5069    4.2081   -3.9660   -4.7485    0.0000    0.0000  -10.0000  -10.0000  0.5559E+11  0.2000E+09  0.0000E+00  0.0000E+00  0.1000E-09  0.1000E-09  0.1000E-09  0.1000E-09  0.1269E+05  0.2792E+00
13140.5342 14 14   25.5069    4.2081   25.5069    4.2081   -3.9660   -4.7485    0.0000    0.0000  -10.0000  -10.0000  0.5559E+11  0.2000E+09  0.0000E+00  0.0000E+00  0.1000E-09  0.1000E-09  0.1000E-09  0.1000E-09  0.1269E+05  0.2792E+00
13150.5342 14 14   25.5069    4.2081   25.5069    4.2081   -3.9660   -4.7485    0.0000    0.0000  -10.0000  -10.0000  0.5559E+11  0.2000E+09  0.0000E+00  0.0000E+00  0.1000E-09  0.1000E-09  0.1000E-09  0.1000E-09  0.1269E+05  0.2792E+00
13160.5342 14 14   25.5069    4.2081   25.5069    4.2081   -3.9660   -4.7485    0.0000    0.0000  -10.0000  -10.0000  0.5559E+11  0.2000E+09  0.0000E+00  0.0000E+00  0.1000E-09  0.1000E-09  0.1000E-09  0.1000E-09  0.1269E+05  0.2792E+00
13170.5342 14 14   25.5069    4.2081   25.5069    4.2081   -3.9660   -4.7485    0.0000    0.0000  -10.0000  -10.0000  0.5559E+11  0.2000E+09  0.0000E+00  0.0000E+00  0.1000E-09  0.1000E-09  0.1000E-09  0.1000E-09  0.1269E+05  0.2792E+00
13180.5342 14 14   25.5069    4.2081   25.5069    4.2081   -3.9660   -4.7485    0.0000    0.0000  -10.0000  -10.0000  0.5559E+11  0.2000E+09  0.0000E+00  0.0000E+00  0.1000E-09  0.1000E-09  0.1000E-09  0.1000E-09  0.1269E+05  0.2792E+00
13190.5342 14 14   25.5069    4.2081   25.5069    4.2081   -3.9660   -4.7485    0.0000    0.0000  -10.0000  -10.0000  0.5559E+11  0.2000E+09  0.0000E+00  0.0000E+00  0.1000E-09  0.1000E-09  0.1000E-09  0.1000E-09  0.1269E+05  0.2792E+00
13200.5342 14 14   25.5069    4.2081   25.5069    4.2081   -3.9660   -4.7485    0.0000    0.0000  -10.0000  -10.0000  0.5559E+11  0.2000E+09  0.0000E+00  0.0000E+00  0.1000E-09  0.1000E-09  0.1000E-09  0.1000E-09  0.1269E+05  0.2792E+00
13210.5342 14 14   25.5069    4.2081   25.5069    4.2081   -3.9660   -4.7485    0.0000    0.0000  -10.0000  -10.0000  0.5559E+11  0.2000E+09  0.0000E+00  0.0000E+00  0.1000E-09  0.1000E-09  0.1000E-09  0.1000E-09  0.1269E+05  0.2792E+00
13220.5342 14 14   25.5069    4.2081   25.5069    4.2081   -3.9660   -4.7485    0.0000    0.0000  -10.0000  -10.0000  0.5559E+11  0.2000E+09  0.0000E+00  0.0000E+00  0.1000E-09  0.1000E-09  0.1000E-09  0.1000E-09  0.1269E+05  0.2792E+00
13230.5342 14 14   25.5069    4.2081   25.5069    4.2081   -3.9660   -4.7485    0.0000    0.0000  -10.0000  -10.0000  0.5559E+11  0.2000E+09  0.0000E+00  0.0000E+00  0.1000E-09  0.1000E-09  0.1000E-09  0.1000E-09  0.1269E+05  0.2792E+00
13240.5342 14 14   25.5069    4.2081   25.5069    4.2081   -3.9660   -4.7485    0.0000    0.0000  -10.0000  -10.0000  0.5559E+11  0.2000E+09  0.0000E+00  0.0000E+00  0.1000E-09  0.1000E-09  0.1000E-09  0.1000E-09  0.1269E+05  0.2792E+00
13250.5342 14 14   25.5069    4.2081   25.5069    4.2081   -3.9660   -4.7485    0.0000    0.0000  -10.0000  -10.0000  0.5559E+11  0.2000E+09  0.0000E+00  0.0000E+00  0.1000E-09  0.1000E-09  0.1000E-09  0.1000E-09  0.1269E+05  0.2792E+00
13260.5342 14 14   25.5069    4.2081   25.5069    4.2081   -3.9660   -4.7485    0.0000    0.0000  -10.0000  -10.0000  0.5559E+11  0.2000E+09  0.0000E+00  0.0000E+00  0.1000E-09  0.1000E-09  0.1000E-09  0.1000E-09  0.1269E+05  0.2792E+00
13270.5342 14 14   25.5069    4.2081   25.5069    4.2081   -3.9660   -4.7485    0.0000    0.0000  -10.0000  -10.0000  0.5559E+11  0.2000E+09  0.0000E+00  0.0000E+00  0.1000E-09  0.1000E-09  0.1000E-09  0.1000E-09  0.1269E+05  0.2792E+00
13280.5342 14 14   25.5069    4.2081   25.5069    4.2081   -3.9660   -4.7485    0.0000    0.0000  -10.0000  -10.0000  0.5559E+11  0.2000E+09  0.0000E+00  0.0000E+00  0.1000E-09  0.1000E-09  0.1000E-09  0.1000E-09  0.1269E+05  0.2792E+00
13290.5342 14 14   25.5069    4.2081   25.5069    4.2081   -3.9660   -4.7485    0.0000    0.0000  -10.0000  -10.0000  0.5559E+11  0.2000E+09  0.0000E+00  0.0000E+00  0.1000E-09  0.1000E-09  0.1000E-09  0.1000E-09  0.1269E+05  0.2792E+00
13300.5342 14 14   25.5069    4.2081   25.5069    4.2081   -3.9660   -4.7485    0.0000    0.0000  -10.0000  -10.0000  0.5559E+11  0.2000E+09  0.0000E+00  0.0000E+00  0.1000E-09  0.1000E-09  0.1000E-09  0.1000E-09  0.1269E+05  0.2792E+00
13310.5342 14 14   25.5069    4.2081   25.5069    4.2081   -3.9660   -4.7485    0.0000    0.0000  -10.0000  -10.0000  0.5559E+11  0.2000E+09  0.0000E+00  0.0000E+00  0.1000E-09  0.1000E-09  0.1000E-09  0.1000E-09  0.1269E+05  0.2792E+00
13320.5342 14 14   25.5069    4.2081   25.5069    4.2081   -3.9660   -4.7485    0.0000    0.0000  -10.0000  -10.0000  0.5559E+11  0.2000E+09  0.0000E+00  0.0000E+00  0.1000E-09  0.1000E-09  0.1000E-09  0.1000E-09  0.1269E+05  0.2792E+00
13330.5342 14 14   25.5069    4.2081   25.5069    4.2081   -3.9660   -4.7485    0.0000    0.0000  -10.0000  -10.0000  0.5559E+11  0.2000E+09  0.0000E+00  0.0000E+00  0.1000E-09  0.1000E-09  0.1000E-09  0.1000E-09  0.1269E+05  0.2792E+00
13340.5342 14 14   25.5069    4.2081   25.5069    4.2081   -3.9660   -4.7485    0.0000    0.0000  -10.0000  -10.0000  0.5559E+11  0.2000E+09  0.0000E+00  0.0000E+00  0.1000E-09  0.1000E-09  0.1000E-09  0.1000E-09  0.1269E+05  0.2792E+00
13350.5342 14 14   25.5069    4.2081   25.5069    4.2081   -3.9660   -4.7485    0.0000    0.0000  -10.0000  -10.0000  0.5559E+11  0.2000E+09  0.0000E+00  0.0000E+00  0.1000E-09  0.1000E-09  0.1000E-09  0.1000E-09  0.1269E+05  0.2792E+00
13360.5342 14 14   25.5069    4.2081   25.5069    4.2081   -3.9660   -4.7485    0.0000    0.0000  -10.0000  -10.0000  0.5559E+11  0.2000E+09  0.0000E+00  0.0000E+00  0.1000E-09  0.1000E-09  0.1000E-09  0.1000E-09  0.1269E+05  0.2792E+00
13370.5342 14 14   25.5069    4.2081   25.5069    4.2081   -3.9660   -4.7485    0.0000    0.0000  -10.0000  -10.0000  0.5559E+11  0.2000E+09  0.0000E+00  0.0000E+00  0.1000E-09  0.1000E-09  0.1000E-09  0.1000E-09  0.1269E+05  0.2792E+00
13380.5342 14 14   25.5069    4.2081   25.5069    4.2081   -3.9660   -4.7485    0.0000    0.0000  -10.0000  -10.0000  0.5559E+11  0.2000E+09  0.0000E+00  0.0000E+00  0.1000E-09  0.1000E-09  0.1000E-09  0.1000E-09  0.1269E+05  0.2792E+00
13390.5342 14 14   25.5069    4.2081   25.5069    4.2081   -3.9660   -4.7485    0.0000    0.0000  -10.0000  -10.0000  0.5559E+11  0.2000E+09  0.0000E+00  0.0000E+00  0.1000E-09  0.1000E-09  0.1000E-09  0.1000E-09  0.1269E+05  0.2792E+00
13400.5342 14 14   25.5069    4.2081   25.5069    4.2081   -3.9660   -4.7485    0.0000    0.0000  -10.0000  -10.0000  0.5559E+11  0.2000E+09  0.0000E+00  0.0000E+00  0.1000E-09  0.1000E-09  0.1000E-09  0.1000E-09  0.1269E+05  0.2792E+00
13410.5342 14 14   25.5069    4.2081   25.5069    4.2081   -3.9660   -4.7485    0.0000    0.0000  -10.0000  -10.0000  0.5559E+11  0.2000E+09  0.0000E+00  0.0000E+00  0.1000E-09  0.1000E-09  0.1000E-09  0.1000E-09  0.1269E+05  0.2792E+00
13420.5342 14 14   25.5069    4.2081   25.5069    4.2081   -3.9660   -4.7485    0.0000    0.0000  -10.0000  -10.0000  0.5559E+11  0.2000E+09  0.0000E+00  0.0000E+00  0.1000E-09  0.1000E-09  0.1000E-09  0.1000E-09  0.1269E+05  0.2792E+00
13430.5342 14 14   25.5069    4.2081   25.5069    4.2081   -3.9660   -4.7485    0.0000    0.0000  -10.0000  -10.0000  0.5559E+11  0.2000E+09  0.0000E+00  0.0000E+00  0.1000E-09  0.1000E-09  0.1000E-09  0.1000E-09  0.1269E+05  0.2792E+00
13440.5342 14 14   25.5069    4.2081   25.5069    4.2081   -3.9660   -4.7485    0.0000    0.0000  -10.0000  -10.0000  0.5559E+11  0.2000E+09  0.0000E+00  0.0000E+00  0.1000E-09  0.1000E-09  0.1000E-09  0.1000E-09  0.1269E+05  0.2792E+00
13450.5342 14 14   25.5069    4.2081   25.5069    4.2081   -3.9660   -4.7485    0.0000    0.0000  -10.0000  -10.0000  0.5559E+11  0.2000E+09  0.0000E+00  0.0000E+00  0.1000E-09  0.1000E-09  0.1000E-09  0.1000E-09  0.1269E+05  0.2792E+00
13460.5342 14 14   25.5069    4.2081   25.5069    4.2081   -3.9660   -4.7485    0.0000    0.0000  -10.0000  -10.0000  0.5559E+11  0.2000E+09  0.0000E+00  0.0000E+00  0.1000E-09  0.1000E-09  0.1000E-09  0.1000E-09  0.1269E+05  0.2792E+00
13470.5342 14 14   25.5069    4.2081   25.5069    4.2081   -3.9660   -4.7485    0.0000    0.0000  -10.0000  -10.0000  0.5559E+11  0.2000E+09  0.0000E+00  0.0000E+00  0.1000E-09  0.1000E-09  0.1000E-09  0.1000E-09  0.1269E+05  0.2792E+00
13480.5342 14 14   25.5069    4.2081   25.5069    4.2081   -3.9660   -4.7485    0.0000    0.0000  -10.0000  -10.0000  0.5559E+11  0.2000E+09  0.0000E+00  0.0000E+00  0.1000E-09  0.1000E-09  0.1000E-09  0.1000E-09  0.1269E+05  0.2792E+00
13490.5342 14 14   25.5069    4.2081   25.5069    4.2081   -3.9660   -4.7485    0.0000    0.0000  -10.0000  -10.0000  0.5559E+11  0.2000E+09  0.0000E+00  0.0000E+00  0.1000E-09  0.1000E-09  0.1000E-09  0.1000E-09  0.1269E+05  0.2792E+00
13500.5342 14 14   25.5069    4.2081   25.5069    4.2081   -3.9660   -4.7485    0.0000    0.0000  -10.0000  -10.0000  0.5559E+11  0.2000E+09  0.0000E+00  0.0000E+00  0.1000E-09  0.1000E-09  0.1000E-09  0.1000E-09  0.1269E+05  0.2792E+00
13510.5342 14 14   25.5069    4.2081   25.5069    4.2081   -3.9660   -4.7485    0.0000    0.0000  -10.0000  -10.0000  0.5559E+11  0.2000E+09  0.0000E+00  0.0000E+00  0.1000E-09  0.1000E-09  0.1000E-09  0.1000E-09  0.1269E+05  0.2792E+00
13520.5342 14 14   25.5069    4.2081   25.5069    4.2081   -3.9660   -4.7485    0.0000    0.0000  -10.0000  -10.0000  0.5559E+11  0.2000E+09  0.0000E+00  0.0000E+00  0.1000E-09  0.1000E-09  0.1000E-09  0.1000E-09  0.1269E+05  0.2792E+00
13530.5342 14 14   25.5069    4.2081   25.5069    4.2081   -3.9660   -4.7485    0.0000    0.0000  -10.0000  -10.0000  0.5559E+11  0.2000E+09  0.0000E+00  0.0000E+00  0.1000E-09  0.1000E-09  0.1000E-09  0.1000E-09  0.1269E+05  0.2792E+00
13540.5342 14 14   25.5069    4.2081   25.5069    4.2081   -3.9660   -4.7485    0.0000    0.0000  -10.0000  -10.0000  0.5559E+11  0.2000E+09  0.0000E+00  0.0000E+00  0.1000E-09  0.1000E-09  0.1000E-09  0.1000E-09  0.1269E+05  0.2792E+00
13550.5342 14 14   25.5069    4.2081   25.5069    4.2081   -3.9660   -4.7485    0.0000    0.0000  -10.0000  -10.0000  0.5559E+11  0.2000E+09  0.0000E+00  0.0000E+00  0.1000E-09  0.1000E-09  0.1000E-09  0.1000E-09  0.1269E+05  0.2792E+00
13560.5342 14 14   25.5069    4.2081   25.5069    4.2081   -3.9660   -4.7485    0.0000    0.0000  -10.0000  -10.0000  0.5559E+11  0.2000E+09  0.0000E+00  0.0000E+00  0.1000E-09  0.1000E-09  0.1000E-09  0.1000E-09  0.1269E+05  0.2792E+00
13570.5342 14 14   25.5069    4.2081   25.5069    4.2081   -3.9660   -4.7485    0.0000    0.0000  -10.0000  -10.0000  0.5559E+11  0.2000E+09  0.0000E+00  0.0000E+00  0.1000E-09  0.1000E-09  0.1000E-09  0.1000E-09  0.1269E+05  0.2792E+00
13580.5342 14 14   25.5069    4.2081   25.5069    4.2081   -3.9660   -4.7485    0.0000    0.0000  -10.0000  -10.0000  0.5559E+11  0.2000E+09  0.0000E+00  0.0000E+00  0.1000E-09  0.1000E-09  0.1000E-09  0.1000E-09  0.1269E+05  0.2792E+00
13590.5342 14 14   25.5069    4.2081   25.5069    4.2081   -3.9660   -4.7485    0.0000    0.0000  -10.0000  -10.0000  0.5559E+11  0.2000E+09  0.0000E+00  0.0000E+00  0.1000E-09  0.1000E-09  0.1000E-09  0.1000E-09  0.1269E+05  0.2792E+00
13600.5342 14 14   25.5069    4.2081   25.5069    4.2081   -3.9660   -4.7485    0.0000    0.0000  -10.0000  -10.0000  0.5559E+11  0.2000E+09  0.0000E+00  0.0000E+00  0.1000E-09  0.1000E-09  0.1000E-09  0.1000E-09  0.1269E+05  0.2792E+00
13610.5342 14 14   25.5069    4.2081   25.5069    4.2081   -3.9660   -4.7485    0.0000    0.0000  -10.0000  -10.0000  0.5559E+11  0.2000E+09  0.0000E+00  0.0000E+00  0.1000E-09  0.1000E-09  0.1000E-09  0.1000E-09  0.1269E+05  0.2792E+00
13620.5342 14 14   25.5069    4.2081   25.5069    4.2081   -3.9660   -4.7485    0.0000    0.0000  -10.0000  -10.0000  0.5559E+11  0.2000E+09  0.0000E+00  0.0000E+00  0.1000E-09  0.1000E-09  0.1000E-09  0.1000E-09  0.1269E+05  0.2792E+00
13630.5342 14 14   25.5069    4.2081   25.5069    4.2081   -3.9660   -4.7485    0.0000    0.0000  -10.0000  -10.0000  0.5559E+11  0.2000E+09  0.0000E+00  0.0000E+00  0.1000E-09  0.1000E-09  0.1000E-09  0.1000E-09  0.1269E+05  0.2792E+00
13640.5342 14 14   25.5069    4.2081   25.5069    4.2081   -3.9660   -4.7485    0.0000    0.0000  -10.0000  -10.0000  0.5559E+11  0.2000E+09  0.0000E+00  0.0000E+00  0.1000E-09  0.1000E-09  0.1000E-09  0.1000E-09  0.1269E+05  0.2792E+00
13650.5342 14 14   25.5069    4.2081   25.5069    4.2081   -3.9660   -4.7485    0.0000    0.0000  -10.0000  -10.0000  0.5559E+11  0.2000E+09  0.0000E+00  0.0000E+00  0.1000E-09  0.1000E-09  0.1000E-09  0.1000E-09  0.1269E+05  0.2792E+00
13660.5342 14 14   25.5069    4.2081   25.5069    4.2081   -3.9660   -4.7485    0.0000    0.0000  -10.0000  -10.0000  0.5559E+11  0.2000E+09  0.0000E+00  0.0000E+00  0.1000E-09  0.1000E-09  0.1000E-09  0.1000E-09  0.1269E+05  0.2792E+00
13670.5342 14 14   25.5069    4.2081   25.5069    4.2081   -3.9660   -4.7485    0.0000    0.0000  -10.0000  -10.0000  0.5559E+11  0.2000E+09  0.0000E+00  0.0000E+00  0.1000E-09  0.1000E-09  0.1000E-09  0.1000E-09  0.1269E+05  0.2792E+00
13680.5342 14 14   25.5069    4.2081   25.5069    4.2081   -3.9660   -4.7485    0.0000    0.0000  -10.0000  -10.0000  0.5559E+11  0.2000E+09  0.0000E+00  0.0000E+00  0.1000E-09  0.1000E-09  0.1000E-09  0.1000E-09  0.1269E+05  0.2792E+00
13690.5342 14 14   25.5069    4.2081   25.5069    4.2081   -3.9660   -4.7485    0.0000    0.0000  -10.0000  -10.0000  0.5559E+11  0.2000E+09  0.0000E+00  0.0000E+00  0.1000E-09  0.1000E-09  0.1000E-09  0.1000E-09  0.1269E+05  0.2792E+00
13700.0000 14 14   25.5069    4.2081   25.5069    4.2081   -3.9660   -4.7485    0.0000    0.0000  -10.0000  -10.0000  0.5559E+11  0.2000E+09  0.0000E+00  0.0000E+00  0.1000E-09  0.1000E-09  0.1000E-09  0.1000E-09  0.1269E+05  0.2792E+00
13700.0000 14 14   25.5069    4.2081   25.5069    4.2081   -3.9660   -4.7485    0.0000    0.0000  -10.0000  -10.0000  0.5559E+11  0.2000E+09 -0.0000E+00  0.0000E+00  0.1000E-09  0.1000E-09  0.1000E-09  0.1000E-09  0.1269E+05  0.2792E+00
   -1.0000 14 14   25.5069    4.2081   25.5069    4.2081   -3.9660   -4.7485    0.0000    0.0000  -10.0000  -10.0000  0.5559E+11  0.2000E+09 -0.0000E+00  0.0000E+00  0.1000E-09  0.1000E-09  0.1000E-09  0.1000E-09  0.1269E+05  0.2792E+00
