    0.0000  1  1   34.6737   20.8042   15.8243    8.7262    0.8824    0.7419    0.0024    0.0022    5.2511    4.6183  0.1152E+04  0.1719E+04  0.0000E+00  0.0000E+00  0.1000E-09  0.1000E-09  0.1000E-09  0.1000E-09  0.7447E+04  0.0000E+00
    0.0048  1  1   34.6737   20.8042   15.8243    8.7262    0.8824    0.7419    0.0024    0.0022    5.2511    4.6183  0.1152E+04  0.1719E+04  0.0000E+00  0.0000E+00  0.1000E-09  0.1000E-09  0.1000E-09  0.1000E-09  0.7447E+04  0.0000E+00
    0.0096  1  1   34.6737   20.8042   15.8243    8.7262    0.8824    0.7419    0.0024    0.0022    5.2511    4.6183  0.1152E+04  0.1719E+04  0.0000E+00  0.0000E+00  0.1000E-09  0.1000E-09  0.1000E-09  0.1000E-09  0.7447E+04  0.0000E+00
    0.0144  1  1   34.6737   20.8042   15.8243    8.7262    0.8824    0.7419    0.0024    0.0022    5.2511    4.6183  0.1152E+04  0.1719E+04  0.3552E-23 -0.1963E-18  0.1000E-09  0.1000E-09  0.1000E-09  0.1000E-09  0.7447E+04  0.0000E+00
    0.0192  1  1   34.6737   20.8042   15.8243    8.7262    0.8824    0.7419    0.0024    0.0022    5.2511    4.6183  0.1152E+04  0.1719E+04  0.3552E-23 -0.1963E-18  0.1000E-09  0.1000E-09  0.1000E-09  0.1000E-09  0.7447E+04  0.0000E+00
    0.0240  1  1   34.6737   20.8042   15.8243    8.7262    0.8824    0.7419    0.0024    0.0022    5.2511    4.6183  0.1152E+04  0.1719E+04  0.0000E+00  0.0000E+00  0.1000E-09  0.1000E-09  0.1000E-09  0.1000E-09  0.7447E+04  0.0000E+00
    0.0288  1  1   34.6737   20.8042   15.8243    8.7262    0.8824    0.7419    0.0024    0.0022    5.2511    4.6183  0.1152E+04  0.1719E+04  0.0000E+00  0.0000E+00  0.1000E-09  0.1000E-09  0.1000E-09  0.1000E-09  0.7447E+04  0.0000E+00
    0.0336  1  1   34.6737   20.8042   15.8243    8.7262    0.8824    0.7419    0.0024    0.0022    5.2511    4.6183  0.1152E+04  0.1719E+04  0.3552E-23 -0.1963E-18  0.1000E-09  0.1000E-09  0.1000E-09  0.1000E-09  0.7447E+04  0.0000E+00
    0.0384  1  1   34.6737   20.8042   15.8243    8.7262    0.8824    0.7419    0.0024    0.0022    5.2511    4.6183  0.1152E+04  0.1719E+04  0.0000E+00  0.0000E+00  0.1000E-09  0.1000E-09  0.1000E-09  0.1000E-09  0.7447E+04  0.0000E+00
    0.0432  1  1   34.6737   20.8042   15.8243    8.7262    0.8824    0.7419    0.0024    0.0022    5.2511    4.6183  0.1152E+04  0.1719E+04  0.0000E+00  0.0000E+00  0.1000E-09  0.1000E-09  0.1000E-09  0.1000E-09  0.7447E+04  0.0000E+00
    0.0480  1  1   34.6737   20.8042   15.8243    8.7262    0.8824    0.7419    0.0024    0.0022    5.2511    4.6183  0.1152E+04  0.1719E+04  0.0000E+00  0.0000E+00  0.1000E-09  0.1000E-09  0.1000E-09  0.1000E-09  0.7447E+04  0.0000E+00
    0.0528  1  1   34.6737   20.8042   15.8243    8.7262    0.8824    0.7419    0.0024    0.0022    5.2511    4.6183  0.1152E+04  0.1719E+04 -0.7402E-18  0.3323E-23  0.1000E-09  0.1000E-09  0.1000E-09  0.1000E-09  0.7447E+04  0.0000E+00
    0.0576  1  1   34.6737   20.8042   15.8243    8.7262    0.8824    0.7419    0.0024    0.0022    5.2511    4.6183  0.1152E+04  0.1719E+04  0.3552E-23 -0.1963E-18  0.1000E-09  0.1000E-09  0.1000E-09  0.1000E-09  0.7447E+04  0.0000E+00
    0.0624  1  1   34.6737   20.8042   15.8243    8.7262    0.8824    0.7419    0.0024    0.0022    5.2511    4.6183  0.1152E+04  0.1719E+04 -0.1480E-17 -0.1963E-18  0.1000E-09  0.1000E-09  0.1000E-09  0.1000E-09  0.7447E+04  0.0000E+00
    0.0672  1  1   34.6737   20.8042   15.8243    8.7262    0.8824    0.7419    0.0024    0.0022    5.2511    4.6183  0.1152E+04  0.1719E+04  0.0000E+00  0.0000E+00  0.1000E-09  0.1000E-09  0.1000E-09  0.1000E-09  0.7447E+04  0.0000E+00
    0.0720  1  1   34.6737   20.8042   15.8243    8.7262    0.8824    0.7419    0.0024    0.0022    5.2511    4.6183  0.1152E+04  0.1719E+04  0.0000E+00  0.0000E+00  0.1000E-09  0.1000E-09  0.1000E-09  0.1000E-09  0.7447E+04  0.0000E+00
    0.0768  1  1   34.6737   20.8042   15.8243    8.7262    0.8824    0.7419    0.0024    0.0022    5.2511    4.6183  0.1152E+04  0.1719E+04  0.0000E+00  0.0000E+00  0.1000E-09  0.1000E-09  0.1000E-09  0.1000E-09  0.7447E+04  0.0000E+00
    0.0816  1  1   34.6737   20.8042   15.8243    8.7262    0.8824    0.7419    0.0024    0.0022    5.2511    4.6183  0.1152E+04  0.1719E+04  0.0000E+00  0.0000E+00  0.1000E-09  0.1000E-09  0.1000E-09  0.1000E-09  0.7447E+04  0.0000E+00
    0.0864  1  1   34.6737   20.8042   15.8243    8.7262    0.8824    0.7419    0.0024    0.0022    5.2511    4.6183  0.1152E+04  0.1719E+04  0.0000E+00  0.0000E+00  0.1000E-09  0.1000E-09  0.1000E-09  0.1000E-09  0.7447E+04  0.0000E+00
    0.0912  1  1   34.6737   20.8042   15.8243    8.7262    0.8824    0.7419    0.0024    0.0022    5.2511    4.6183  0.1152E+04  0.1719E+04  0.3552E-23 -0.1963E-18  0.1000E-09  0.1000E-09  0.1000E-09  0.1000E-09  0.7447E+04  0.0000E+00
    0.0960  1  1   34.6737   20.8042   15.8243    8.7262    0.8824    0.7419    0.0024    0.0022    5.2511    4.6183  0.1152E+04  0.1719E+04  0.0000E+00  0.0000E+00  0.1000E-09  0.1000E-09  0.1000E-09  0.1000E-09  0.7447E+04  0.0000E+00
    0.1008  1  1   34.6737   20.8042   15.8243    8.7262    0.8824    0.7419    0.0024    0.0022    5.2511    4.6183  0.1152E+04  0.1719E+04  0.3552E-23 -0.1963E-18  0.1000E-09  0.1000E-09  0.1000E-09  0.1000E-09  0.7447E+04  0.0000E+00
    0.1056  1  1   34.6737   20.8042   15.8243    8.7262    0.8824    0.7419    0.0024    0.0022    5.2511    4.6183  0.1152E+04  0.1719E+04  0.0000E+00  0.0000E+00  0.1000E-09  0.1000E-09  0.1000E-09  0.1000E-09  0.7447E+04  0.0000E+00
    0.1104  1  1   34.6737   20.8042   15.8243    8.7262    0.8824    0.7419    0.0024    0.0022    5.2511    4.6183  0.1152E+04  0.1719E+04  0.0000E+00  0.0000E+00  0.1000E-09  0.1000E-09  0.1000E-09  0.1000E-09  0.7447E+04  0.0000E+00
    0.1152  1  1   34.6737   20.8042   15.8243    8.7262    0.8824    0.7419    0.0024    0.0022    5.2511    4.6183  0.1152E+04  0.1719E+04  0.0000E+00  0.0000E+00  0.1000E-09  0.1000E-09  0.1000E-09  0.1000E-09  0.7447E+04  0.0000E+00
    0.1200  1  1   34.6737   20.8042   15.8243    8.7262    0.8824    0.7419    0.0024    0.0022    5.2511    4.6183  0.1152E+04  0.1719E+04  0.0000E+00  0.0000E+00  0.1000E-09  0.1000E-09  0.1000E-09  0.1000E-09  0.7447E+04  0.0000E+00
    0.1248  1  1   34.6737   20.8042   15.8243    8.7262    0.8824    0.7419    0.0024    0.0022    5.2511    4.6183  0.1152E+04  0.1719E+04  0.0000E+00  0.0000E+00  0.1000E-09  0.1000E-09  0.1000E-09  0.1000E-09  0.7447E+04  0.0000E+00
    0.1296  1  1   34.6737   20.8042   15.8243    8.7262    0.8824    0.7419    0.0024    0.0022    5.2511    4.6183  0.1152E+04  0.1719E+04  0.3552E-23 -0.1963E-18  0.1000E-09  0.1000E-09  0.1000E-09  0.1000E-09  0.7447E+04  0.0000E+00
    0.1344  1  1   34.6737   20.8042   15.8243    8.7262    0.8824    0.7419    0.0024    0.0022    5.2511    4.6183  0.1152E+04  0.1719E+04  0.0000E+00  0.0000E+00  0.1000E-09  0.1000E-09  0.1000E-09  0.1000E-09  0.7447E+04  0.0000E+00
    0.1392  1  1   34.6737   20.8042   15.8243    8.7262    0.8824    0.7419    0.0024    0.0022    5.2511    4.6183  0.1152E+04  0.1719E+04  0.0000E+00  0.0000E+00  0.1000E-09  0.1000E-09  0.1000E-09  0.1000E-09  0.7447E+04  0.0000E+00
    0.1440  1  1   34.6737   20.8042   15.8243    8.7262    0.8824    0.7419    0.0024    0.0022    5.2511    4.6183  0.1152E+04  0.1719E+04  0.3552E-23 -0.1963E-18  0.1000E-09  0.1000E-09  0.1000E-09  0.1000E-09  0.7447E+04  0.0000E+00
    0.1488  1  1   34.6737   20.8042   15.8243    8.7262    0.8824    0.7419    0.0024    0.0022    5.2511    4.6183  0.1152E+04  0.1719E+04  0.0000E+00  0.0000E+00  0.1000E-09  0.1000E-09  0.1000E-09  0.1000E-09  0.7447E+04  0.0000E+00
    0.1536  1  1   34.6737   20.8042   15.8243    8.7262    0.8824    0.7419    0.0024    0.0022    5.2511    4.6183  0.1152E+04  0.1719E+04  0.3552E-23 -0.1963E-18  0.1000E-09  0.1000E-09  0.1000E-09  0.1000E-09  0.7447E+04  0.0000E+00
    0.1584  1  1   34.6737   20.8042   15.8243    8.7262    0.8824    0.7419    0.0024    0.0022    5.2511    4.6183  0.1152E+04  0.1719E+04  0.0000E+00  0.0000E+00  0.1000E-09  0.1000E-09  0.1000E-09  0.1000E-09  0.7447E+04  0.0000E+00
    0.1632  1  1   34.6737   20.8042   15.8243    8.7262    0.8824    0.7419    0.0024    0.0022    5.2511    4.6183  0.1152E+04  0.1719E+04  0.3552E-23 -0.1963E-18  0.1000E-09  0.1000E-09  0.1000E-09  0.1000E-09  0.7447E+04  0.0000E+00
    0.1680  1  1   34.6737   20.8042   15.8243    8.7262    0.8824    0.7419    0.0024    0.0022    5.2511    4.6183  0.1152E+04  0.1719E+04  0.3552E-23 -0.1963E-18  0.1000E-09  0.1000E-09  0.1000E-09  0.1000E-09  0.7447E+04  0.0000E+00
    0.1728  1  1   34.6737   20.8042   15.8243    8.7262    0.8824    0.7419    0.0024    0.0022    5.2511    4.6183  0.1152E+04  0.1719E+04  0.0000E+00  0.0000E+00  0.1000E-09  0.1000E-09  0.1000E-09  0.1000E-09  0.7447E+04  0.0000E+00
    0.1776  1  1   34.6737   20.8042   15.8243    8.7262    0.8824    0.7419    0.0024    0.0022    5.2511    4.6183  0.1152E+04  0.1719E+04  0.0000E+00  0.0000E+00  0.1000E-09  0.1000E-09  0.1000E-09  0.1000E-09  0.7447E+04  0.0000E+00
    0.1824  1  1   34.6737   20.8042   15.8243    8.7262    0.8824    0.7419    0.0024    0.0022    5.2511    4.6183  0.1152E+04  0.1719E+04  0.0000E+00  0.0000E+00  0.1000E-09  0.1000E-09  0.1000E-09  0.1000E-09  0.7447E+04  0.0000E+00
    0.1872  1  1   34.6737   20.8042   15.8243    8.7262    0.8824    0.7419    0.0024    0.0022    5.2511    4.6183  0.1152E+04  0.1719E+04  0.0000E+00  0.0000E+00  0.1000E-09  0.1000E-09  0.1000E-09  0.1000E-09  0.7447E+04  0.0000E+00
    0.1920  1  1   34.6736   20.8042   15.8243    8.7262    0.8825    0.7419    0.0024    0.0022    5.2511    4.6183  0.1152E+04  0.1719E+04 -0.2050E-07  0.9202E-13  0.1000E-09  0.1000E-09  0.1000E-09  0.1000E-09  0.7447E+04  0.0000E+00
    0.1968  1  1   34.6731   20.8042   15.8243    8.7262    0.8827    0.7419    0.0024    0.0022    5.2514    4.6183  0.1151E+04  0.1719E+04 -0.9819E-07  0.4408E-12  0.1000E-09  0.1000E-09  0.1000E-09  0.1000E-09  0.7447E+04  0.0000E+00
    0.2016  1  1   34.6723   20.8042   15.8243    8.7262    0.8830    0.7419    0.0024    0.0022    5.2517    4.6183  0.1149E+04  0.1719E+04 -0.1699E-06  0.7636E-12  0.1000E-09  0.1000E-09  0.1000E-09  0.1000E-09  0.7447E+04  0.0000E+00
    0.2064  1  1   34.6711   20.8042   15.8243    8.7262    0.8833    0.7419    0.0024    0.0022    5.2519    4.6183  0.1147E+04  0.1719E+04 -0.2443E-06  0.1099E-11  0.1000E-09  0.1000E-09  0.1000E-09  0.1000E-09  0.7448E+04  0.0000E+00
    0.2112  1  1   34.6697   20.8042   15.8243    8.7262    0.8836    0.7419    0.0024    0.0022    5.2522    4.6183  0.1145E+04  0.1719E+04 -0.3042E-06  0.1371E-11  0.1000E-09  0.1000E-09  0.1000E-09  0.1000E-09  0.7448E+04  0.0000E+00
    0.2160  1  1   34.6682   20.8042   15.8243    8.7262    0.8838    0.7419    0.0024    0.0022    5.2525    4.6183  0.1143E+04  0.1719E+04 -0.3042E-06  0.1373E-11  0.1000E-09  0.1000E-09  0.1000E-09  0.1000E-09  0.7448E+04  0.0000E+00
    0.2208  1  1   34.6667   20.8042   15.8243    8.7262    0.8841    0.7419    0.0024    0.0022    5.2527    4.6183  0.1141E+04  0.1719E+04 -0.3042E-06  0.1375E-11  0.1000E-09  0.1000E-09  0.1000E-09  0.1000E-09  0.7448E+04  0.0000E+00
    0.2256  1  1   34.6653   20.8042   15.8243    8.7262    0.8844    0.7419    0.0024    0.0022    5.2530    4.6183  0.1139E+04  0.1719E+04 -0.3042E-06  0.1376E-11  0.1000E-09  0.1000E-09  0.1000E-09  0.1000E-09  0.7448E+04  0.0000E+00
    0.2304  1  1   34.6638   20.8042   15.8243    8.7262    0.8847    0.7419    0.0024    0.0022    5.2533    4.6183  0.1137E+04  0.1719E+04 -0.3055E-06  0.1384E-11  0.1000E-09  0.1000E-09  0.1000E-09  0.1000E-09  0.7449E+04  0.0000E+00
    0.2352  1  1   34.6623   20.8042   15.8243    8.7262    0.8850    0.7419    0.0024    0.0022    5.2536    4.6183  0.1135E+04  0.1719E+04 -0.3081E-06  0.1398E-11  0.1000E-09  0.1000E-09  0.1000E-09  0.1000E-09  0.7449E+04  0.0000E+00
    0.2400  1  1   34.6609   20.8042   15.8243    8.7262    0.8853    0.7419    0.0024    0.0022    5.2538    4.6183  0.1133E+04  0.1719E+04 -0.3094E-06  0.1406E-11  0.1000E-09  0.1000E-09  0.1000E-09  0.1000E-09  0.7449E+04  0.0000E+00
    0.2448  1  1   34.6594   20.8042   15.8243    8.7262    0.8856    0.7419    0.0024    0.0022    5.2541    4.6183  0.1131E+04  0.1719E+04 -0.3094E-06  0.1408E-11  0.1000E-09  0.1000E-09  0.1000E-09  0.1000E-09  0.7449E+04  0.0000E+00
    0.2496  1  1   34.6579   20.8042   15.8243    8.7262    0.8859    0.7419    0.0024    0.0022    5.2544    4.6183  0.1129E+04  0.1719E+04 -0.3094E-06  0.1410E-11  0.1000E-09  0.1000E-09  0.1000E-09  0.1000E-09  0.7449E+04  0.0000E+00
    0.2544  1  1   34.6564   20.8042   15.8243    8.7262    0.8862    0.7419    0.0024    0.0022    5.2547    4.6183  0.1127E+04  0.1719E+04 -0.3094E-06  0.1412E-11  0.1000E-09  0.1000E-09  0.1000E-09  0.1000E-09  0.7450E+04  0.0000E+00
    0.2592  1  1   34.6549   20.8042   15.8243    8.7262    0.8865    0.7419    0.0024    0.0022    5.2549    4.6183  0.1125E+04  0.1719E+04 -0.3109E-06  0.1420E-11  0.1000E-09  0.1000E-09  0.1000E-09  0.1000E-09  0.7450E+04  0.0000E+00
    0.2640  1  1   34.6534   20.8042   15.8243    8.7262    0.8868    0.7419    0.0024    0.0022    5.2552    4.6183  0.1122E+04  0.1719E+04 -0.3133E-06  0.1434E-11  0.1000E-09  0.1000E-09  0.1000E-09  0.1000E-09  0.7450E+04  0.0000E+00
    0.2688  1  1   34.6519   20.8042   15.8243    8.7262    0.8871    0.7419    0.0024    0.0022    5.2555    4.6183  0.1120E+04  0.1719E+04 -0.3142E-06  0.1440E-11  0.1000E-09  0.1000E-09  0.1000E-09  0.1000E-09  0.7450E+04  0.0000E+00
    0.2736  1  1   34.6504   20.8042   15.8243    8.7262    0.8874    0.7419    0.0024    0.0022    5.2557    4.6183  0.1118E+04  0.1719E+04 -0.3142E-06  0.1442E-11  0.1000E-09  0.1000E-09  0.1000E-09  0.1000E-09  0.7450E+04  0.0000E+00
    0.2784  1  1   34.6489   20.8042   15.8243    8.7262    0.8877    0.7419    0.0024    0.0022    5.2560    4.6183  0.1116E+04  0.1719E+04 -0.3142E-06  0.1444E-11  0.1000E-09  0.1000E-09  0.1000E-09  0.1000E-09  0.7451E+04  0.0000E+00
    0.2832  1  1   34.6474   20.8042   15.8243    8.7262    0.8881    0.7419    0.0024    0.0022    5.2563    4.6183  0.1114E+04  0.1719E+04 -0.3142E-06  0.1446E-11  0.1000E-09  0.1000E-09  0.1000E-09  0.1000E-09  0.7451E+04  0.0000E+00
    0.2880  1  1   34.6459   20.8042   15.8243    8.7262    0.8884    0.7419    0.0024    0.0022    5.2565    4.6183  0.1112E+04  0.1719E+04 -0.3124E-06  0.1440E-11  0.1000E-09  0.1000E-09  0.1000E-09  0.1000E-09  0.7451E+04  0.0000E+00
    0.2928  1  1   34.6444   20.8042   15.8243    8.7262    0.8887    0.7419    0.0025    0.0022    5.2568    4.6183  0.1110E+04  0.1719E+04 -0.3096E-06  0.1429E-11  0.1000E-09  0.1000E-09  0.1000E-09  0.1000E-09  0.7451E+04  0.0000E+00
    0.2976  1  1   34.6429   20.8042   15.8243    8.7262    0.8890    0.7419    0.0025    0.0022    5.2571    4.6183  0.1108E+04  0.1719E+04 -0.3086E-06  0.1426E-11  0.1000E-09  0.1000E-09  0.1000E-09  0.1000E-09  0.7451E+04  0.0000E+00
    0.3024  1  1   34.6414   20.8042   15.8243    8.7262    0.8893    0.7419    0.0025    0.0022    5.2573    4.6183  0.1106E+04  0.1719E+04 -0.3086E-06  0.1428E-11  0.1000E-09  0.1000E-09  0.1000E-09  0.1000E-09  0.7452E+04  0.0000E+00
    0.3072  1  1   34.6399   20.8042   15.8243    8.7262    0.8896    0.7419    0.0025    0.0022    5.2576    4.6183  0.1104E+04  0.1719E+04 -0.3086E-06  0.1430E-11  0.1000E-09  0.1000E-09  0.1000E-09  0.1000E-09  0.7452E+04  0.0000E+00
    0.3120  1  1   34.6385   20.8042   15.8243    8.7262    0.8899    0.7419    0.0025    0.0022    5.2579    4.6183  0.1102E+04  0.1719E+04 -0.3086E-06  0.1432E-11  0.1000E-09  0.1000E-09  0.1000E-09  0.1000E-09  0.7452E+04  0.0000E+00
    0.3168  1  1   34.6370   20.8042   15.8243    8.7262    0.8902    0.7419    0.0025    0.0022    5.2582    4.6183  0.1100E+04  0.1719E+04 -0.3116E-06  0.1448E-11  0.1000E-09  0.1000E-09  0.1000E-09  0.1000E-09  0.7452E+04  0.0000E+00
    0.3216  1  1   34.6355   20.8042   15.8243    8.7262    0.8905    0.7419    0.0025    0.0022    5.2584    4.6183  0.1098E+04  0.1719E+04 -0.3156E-06  0.1469E-11  0.1000E-09  0.1000E-09  0.1000E-09  0.1000E-09  0.7452E+04  0.0000E+00
    0.3264  1  1   34.6339   20.8042   15.8243    8.7262    0.8908    0.7419    0.0025    0.0022    5.2587    4.6183  0.1096E+04  0.1719E+04 -0.3166E-06  0.1475E-11  0.1000E-09  0.1000E-09  0.1000E-09  0.1000E-09  0.7453E+04  0.0000E+00
    0.3312  1  1   34.6324   20.8042   15.8243    8.7262    0.8911    0.7419    0.0025    0.0022    5.2590    4.6183  0.1094E+04  0.1719E+04 -0.3166E-06  0.1478E-11  0.1000E-09  0.1000E-09  0.1000E-09  0.1000E-09  0.7453E+04  0.0000E+00
    0.3360  1  1   34.6309   20.8042   15.8243    8.7262    0.8914    0.7419    0.0025    0.0022    5.2592    4.6183  0.1092E+04  0.1719E+04 -0.3166E-06  0.1480E-11  0.1000E-09  0.1000E-09  0.1000E-09  0.1000E-09  0.7453E+04  0.0000E+00
    0.3408  1  1   34.6294   20.8042   15.8243    8.7262    0.8917    0.7419    0.0025    0.0022    5.2595    4.6183  0.1090E+04  0.1719E+04 -0.3166E-06  0.1482E-11  0.1000E-09  0.1000E-09  0.1000E-09  0.1000E-09  0.7453E+04  0.0000E+00
    0.3456  1  1   34.6279   20.8042   15.8243    8.7262    0.8920    0.7419    0.0025    0.0022    5.2598    4.6183  0.1088E+04  0.1719E+04 -0.3168E-06  0.1485E-11  0.1000E-09  0.1000E-09  0.1000E-09  0.1000E-09  0.7453E+04  0.0000E+00
    0.3504  1  1   34.6263   20.8042   15.8243    8.7262    0.8923    0.7419    0.0025    0.0022    5.2600    4.6183  0.1086E+04  0.1719E+04 -0.3170E-06  0.1488E-11  0.1000E-09  0.1000E-09  0.1000E-09  0.1000E-09  0.7454E+04  0.0000E+00
    0.3552  1  1   34.6248   20.8042   15.8243    8.7262    0.8926    0.7419    0.0025    0.0022    5.2603    4.6183  0.1084E+04  0.1719E+04 -0.3171E-06  0.1490E-11  0.1000E-09  0.1000E-09  0.1000E-09  0.1000E-09  0.7454E+04  0.0000E+00
    0.3600  1  1   34.6233   20.8042   15.8243    8.7262    0.8928    0.7419    0.0025    0.0022    5.2606    4.6183  0.1082E+04  0.1719E+04 -0.3171E-06  0.1492E-11  0.1000E-09  0.1000E-09  0.1000E-09  0.1000E-09  0.7454E+04  0.0000E+00
    0.3648  1  1   34.6218   20.8042   15.8243    8.7262    0.8931    0.7419    0.0025    0.0022    5.2608    4.6183  0.1080E+04  0.1719E+04 -0.3171E-06  0.1494E-11  0.1000E-09  0.1000E-09  0.1000E-09  0.1000E-09  0.7454E+04  0.0000E+00
    0.3696  1  1   34.6203   20.8042   15.8243    8.7262    0.8934    0.7419    0.0025    0.0022    5.2611    4.6183  0.1078E+04  0.1719E+04 -0.3171E-06  0.1497E-11  0.1000E-09  0.1000E-09  0.1000E-09  0.1000E-09  0.7454E+04  0.0000E+00
    0.3744  1  1   34.6187   20.8042   15.8243    8.7262    0.8937    0.7419    0.0025    0.0022    5.2614    4.6183  0.1076E+04  0.1719E+04 -0.3209E-06  0.1517E-11  0.1000E-09  0.1000E-09  0.1000E-09  0.1000E-09  0.7455E+04  0.0000E+00
    0.3792  1  1   34.6171   20.8042   15.8243    8.7262    0.8940    0.7419    0.0025    0.0022    5.2616    4.6183  0.1074E+04  0.1719E+04 -0.3254E-06 -0.7776E-08  0.1000E-09  0.1000E-09  0.1000E-09  0.1000E-09  0.7455E+04  0.0000E+00
    0.3840  1  1   34.6156   20.8041   15.8243    8.7262    0.8943    0.7420    0.0025    0.0022    5.2619    4.6185  0.1072E+04  0.1718E+04 -0.3260E-06 -0.1767E-07  0.1000E-09  0.1000E-09  0.1000E-09  0.1000E-09  0.7455E+04  0.0000E+00
    0.3887  1  1   34.6140   20.8040   15.8243    8.7262    0.8946    0.7422    0.0025    0.0022    5.2622    4.6186  0.1070E+04  0.1716E+04 -0.3260E-06 -0.2784E-07  0.1000E-09  0.1000E-09  0.1000E-09  0.1000E-09  0.7455E+04  0.0000E+00
    0.3935  1  1   34.6125   20.8038   15.8243    8.7262    0.8949    0.7424    0.0025    0.0022    5.2624    4.6188  0.1068E+04  0.1714E+04 -0.3260E-06 -0.3763E-07  0.1000E-09  0.1000E-09  0.1000E-09  0.1000E-09  0.7455E+04  0.0000E+00
    0.3983  1  1   34.6109   20.8036   15.8243    8.7262    0.8952    0.7426    0.0025    0.0022    5.2627    4.6190  0.1066E+04  0.1713E+04 -0.3260E-06 -0.3907E-07  0.1000E-09  0.1000E-09  0.1000E-09  0.1000E-09  0.7456E+04  0.0000E+00
    0.4031  1  1   34.6093   20.8034   15.8243    8.7262    0.8954    0.7428    0.0025    0.0022    5.2630    4.6191  0.1065E+04  0.1711E+04 -0.3235E-06 -0.4460E-07  0.1000E-09  0.1000E-09  0.1000E-09  0.1000E-09  0.7456E+04  0.0000E+00
    0.4079  1  1   34.6078   20.8031   15.8243    8.7262    0.8957    0.7431    0.0025    0.0022    5.2632    4.6193  0.1063E+04  0.1709E+04 -0.3207E-06 -0.5297E-07  0.1000E-09  0.1000E-09  0.1000E-09  0.1000E-09  0.7456E+04  0.0000E+00
    0.4127  1  1   34.6063   20.8028   15.8243    8.7262    0.8960    0.7433    0.0025    0.0022    5.2635    4.6195  0.1061E+04  0.1707E+04 -0.3205E-06 -0.6310E-07  0.1000E-09  0.1000E-09  0.1000E-09  0.1000E-09  0.7456E+04  0.0000E+00
    0.4175  1  1   34.6047   20.8025   15.8243    8.7262    0.8963    0.7435    0.0025    0.0022    5.2638    4.6197  0.1059E+04  0.1705E+04 -0.3205E-06 -0.7009E-07  0.1000E-09  0.1000E-09  0.1000E-09  0.1000E-09  0.7457E+04  0.0000E+00
    0.4223  1  1   34.6032   20.8021   15.8243    8.7262    0.8966    0.7438    0.0025    0.0022    5.2640    4.6200  0.1057E+04  0.1702E+04 -0.3205E-06 -0.7449E-07  0.1000E-09  0.1000E-09  0.1000E-09  0.1000E-09  0.7457E+04  0.0000E+00
    0.4271  1  1   34.6016   20.8018   15.8243    8.7262    0.8969    0.7440    0.0025    0.0022    5.2643    4.6202  0.1055E+04  0.1700E+04 -0.3205E-06 -0.7488E-07  0.1000E-09  0.1000E-09  0.1000E-09  0.1000E-09  0.7457E+04  0.0000E+00
    0.4319  1  1   34.6001   20.8014   15.8243    8.7262    0.8971    0.7443    0.0025    0.0022    5.2646    4.6204  0.1053E+04  0.1698E+04 -0.3249E-06 -0.7488E-07  0.1000E-09  0.1000E-09  0.1000E-09  0.1000E-09  0.7457E+04  0.0000E+00
    0.4367  1  1   34.5985   20.8010   15.8243    8.7262    0.8974    0.7445    0.0025    0.0022    5.2648    4.6206  0.1052E+04  0.1696E+04 -0.3295E-06 -0.7487E-07  0.1000E-09  0.1000E-09  0.1000E-09  0.1000E-09  0.7458E+04  0.0000E+00
    0.4415  1  1   34.5969   20.8007   15.8243    8.7262    0.8977    0.7447    0.0025    0.0022    5.2651    4.6208  0.1050E+04  0.1694E+04 -0.3297E-06 -0.7487E-07  0.1000E-09  0.1000E-09  0.1000E-09  0.1000E-09  0.7458E+04  0.0000E+00
    0.4463  1  1   34.5953   20.8003   15.8243    8.7262    0.8980    0.7450    0.0025    0.0022    5.2654    4.6210  0.1048E+04  0.1692E+04 -0.3297E-06 -0.7486E-07  0.1000E-09  0.1000E-09  0.1000E-09  0.1000E-09  0.7458E+04  0.0000E+00
    0.4511  1  1   34.5938   20.8000   15.8243    8.7262    0.8982    0.7452    0.0025    0.0022    5.2656    4.6212  0.1046E+04  0.1690E+04 -0.3297E-06 -0.7486E-07  0.1000E-09  0.1000E-09  0.1000E-09  0.1000E-09  0.7458E+04  0.0000E+00
    0.4559  1  1   34.5922   20.7996   15.8243    8.7262    0.8985    0.7454    0.0025    0.0022    5.2659    4.6214  0.1044E+04  0.1688E+04 -0.3296E-06 -0.7486E-07  0.1000E-09  0.1000E-09  0.1000E-09  0.1000E-09  0.7459E+04  0.0000E+00
    0.4607  1  1   34.5906   20.7993   15.8243    8.7262    0.8988    0.7457    0.0025    0.0022    5.2662    4.6216  0.1042E+04  0.1685E+04 -0.3275E-06 -0.7317E-07  0.1000E-09  0.1000E-09  0.1000E-09  0.1000E-09  0.7459E+04  0.0000E+00
    0.4655  1  1   34.5890   20.7989   15.8243    8.7262    0.8991    0.7459    0.0025    0.0022    5.2664    4.6218  0.1041E+04  0.1684E+04 -0.3256E-06 -0.7031E-07  0.1000E-09  0.1000E-09  0.1000E-09  0.1000E-09  0.7459E+04  0.0000E+00
    0.4703  1  1   34.5875   20.7986   15.8243    8.7262    0.8993    0.7461    0.0025    0.0022    5.2667    4.6220  0.1039E+04  0.1682E+04 -0.3256E-06 -0.6744E-07  0.1000E-09  0.1000E-09  0.1000E-09  0.1000E-09  0.7460E+04  0.0000E+00
    0.4751  1  1   34.5859   20.7983   15.8243    8.7262    0.8996    0.7463    0.0025    0.0022    5.2670    4.6222  0.1037E+04  0.1680E+04 -0.3256E-06 -0.6458E-07  0.1000E-09  0.1000E-09  0.1000E-09  0.1000E-09  0.7460E+04  0.0000E+00
    0.4799  1  1   34.5844   20.7980   15.8243    8.7262    0.8999    0.7465    0.0025    0.0022    5.2672    4.6224  0.1035E+04  0.1678E+04 -0.3256E-06 -0.6406E-07  0.1000E-09  0.1000E-09  0.1000E-09  0.1000E-09  0.7460E+04  0.0000E+00
    0.4847  1  1   34.5828   20.7977   15.8243    8.7262    0.9001    0.7467    0.0025    0.0022    5.2675    4.6226  0.1034E+04  0.1676E+04 -0.3268E-06 -0.6406E-07  0.1000E-09  0.1000E-09  0.1000E-09  0.1000E-09  0.7460E+04  0.0000E+00
    0.4895  1  1   34.5812   20.7974   15.8243    8.7262    0.9004    0.7469    0.0025    0.0022    5.2678    4.6228  0.1032E+04  0.1674E+04 -0.3332E-06 -0.6243E-07  0.1000E-09  0.1000E-09  0.1000E-09  0.1000E-09  0.7461E+04  0.0000E+00
    0.4943  1  1   34.5796   20.7971   15.8243    8.7262    0.9007    0.7471    0.0025    0.0022    5.2680    4.6230  0.1030E+04  0.1673E+04 -0.3383E-06 -0.5720E-07  0.1000E-09  0.1000E-09  0.1000E-09  0.1000E-09  0.7461E+04  0.0000E+00
    0.4991  1  1   34.5779   20.7968   15.8243    8.7262    0.9009    0.7473    0.0025    0.0022    5.2683    4.6231  0.1028E+04  0.1671E+04 -0.3383E-06 -0.5198E-07  0.1000E-09  0.1000E-09  0.1000E-09  0.1000E-09  0.7461E+04  0.0000E+00
    0.5039  1  1   34.5763   20.7966   15.8243    8.7262    0.9012    0.7474    0.0025    0.0022    5.2685    4.6233  0.1026E+04  0.1670E+04 -0.3383E-06 -0.4675E-07  0.1000E-09  0.1000E-09  0.1000E-09  0.1000E-09  0.7461E+04  0.0000E+00
    0.5087  1  1   34.5747   20.7964   15.8243    8.7262    0.9015    0.7476    0.0025    0.0022    5.2688    4.6235  0.1025E+04  0.1668E+04 -0.3383E-06 -0.4436E-07  0.1000E-09  0.1000E-09  0.1000E-09  0.1000E-09  0.7462E+04  0.0000E+00
    0.5135  1  1   34.5731   20.7962   15.8243    8.7262    0.9017    0.7478    0.0025    0.0022    5.2691    4.6237  0.1023E+04  0.1667E+04 -0.3376E-06 -0.4436E-07  0.1000E-09  0.1000E-09  0.1000E-09  0.1000E-09  0.7462E+04  0.0000E+00
    0.5183  1  1   34.5715   20.7960   15.8243    8.7262    0.9020    0.7480    0.0025    0.0022    5.2693    4.6238  0.1021E+04  0.1665E+04 -0.3334E-06 -0.4436E-07  0.1000E-09  0.1000E-09  0.1000E-09  0.1000E-09  0.7462E+04  0.0000E+00
    0.5231  1  1   34.5699   20.7958   15.8243    8.7262    0.9023    0.7482    0.0025    0.0022    5.2696    4.6240  0.1019E+04  0.1664E+04 -0.3299E-06 -0.4436E-07  0.1000E-09  0.1000E-09  0.1000E-09  0.1000E-09  0.7462E+04  0.0000E+00
    0.5279  1  1   34.5683   20.7956   15.8243    8.7262    0.9025    0.7483    0.0025    0.0022    5.2699    4.6242  0.1018E+04  0.1662E+04 -0.3299E-06 -0.4436E-07  0.1000E-09  0.1000E-09  0.1000E-09  0.1000E-09  0.7463E+04  0.0000E+00
    0.5327  1  1   34.5667   20.7953   15.8243    8.7262    0.9028    0.7485    0.0025    0.0022    5.2701    4.6243  0.1016E+04  0.1661E+04 -0.3299E-06 -0.4436E-07  0.1000E-09  0.1000E-09  0.1000E-09  0.1000E-09  0.7463E+04  0.0000E+00
    0.5375  1  1   34.5651   20.7951   15.8243    8.7262    0.9030    0.7487    0.0025    0.0022    5.2704    4.6245  0.1014E+04  0.1659E+04 -0.3299E-06 -0.4427E-07  0.1000E-09  0.1000E-09  0.1000E-09  0.1000E-09  0.7463E+04  0.0000E+00
    0.5423  1  1   34.5635   20.7949   15.8243    8.7262    0.9033    0.7489    0.0025    0.0022    5.2707    4.6247  0.1013E+04  0.1658E+04 -0.3310E-06 -0.4386E-07  0.1000E-09  0.1000E-09  0.1000E-09  0.1000E-09  0.7463E+04  0.0000E+00
    0.5471  1  1   34.5619   20.7947   15.8243    8.7262    0.9036    0.7490    0.0025    0.0022    5.2709    4.6248  0.1011E+04  0.1656E+04 -0.3347E-06 -0.4346E-07  0.1000E-09  0.1000E-09  0.1000E-09  0.1000E-09  0.7463E+04  0.0000E+00
    0.5519  1  1   34.5603   20.7945   15.8243    8.7262    0.9038    0.7492    0.0025    0.0022    5.2712    4.6250  0.1009E+04  0.1655E+04 -0.3373E-06 -0.4306E-07  0.1000E-09  0.1000E-09  0.1000E-09  0.1000E-09  0.7464E+04  0.0000E+00
    0.5567  1  1   34.5587   20.7943   15.8243    8.7262    0.9041    0.7494    0.0025    0.0022    5.2715    4.6252  0.1008E+04  0.1653E+04 -0.3373E-06 -0.4284E-07  0.1000E-09  0.1000E-09  0.1000E-09  0.1000E-09  0.7464E+04  0.0000E+00
    0.5615  1  1   34.5571   20.7941   15.8243    8.7262    0.9043    0.7495    0.0025    0.0022    5.2717    4.6254  0.1006E+04  0.1652E+04 -0.3373E-06 -0.4284E-07  0.1000E-09  0.1000E-09  0.1000E-09  0.1000E-09  0.7464E+04  0.0000E+00
    0.5663  1  1   34.5555   20.7939   15.8243    8.7262    0.9046    0.7497    0.0025    0.0022    5.2720    4.6255  0.1004E+04  0.1650E+04 -0.3373E-06 -0.4284E-07  0.1000E-09  0.1000E-09  0.1000E-09  0.1000E-09  0.7464E+04  0.0000E+00
    0.5711  1  1   34.5538   20.7937   15.8243    8.7262    0.9049    0.7499    0.0025    0.0022    5.2723    4.6257  0.1002E+04  0.1649E+04 -0.3388E-06 -0.4284E-07  0.1000E-09  0.1000E-09  0.1000E-09  0.1000E-09  0.7465E+04  0.0000E+00
    0.5759  1  1   34.5522   20.7935   15.8243    8.7262    0.9051    0.7500    0.0025    0.0022    5.2725    4.6259  0.1001E+04  0.1647E+04 -0.3427E-06 -0.4284E-07  0.1000E-09  0.1000E-09  0.1000E-09  0.1000E-09  0.7465E+04  0.0000E+00
    0.5807  1  1   34.5505   20.7933   15.8243    8.7262    0.9054    0.7502    0.0025    0.0022    5.2728    4.6260  0.9991E+03  0.1646E+04 -0.3451E-06 -0.4284E-07  0.1000E-09  0.1000E-09  0.1000E-09  0.1000E-09  0.7465E+04  0.0000E+00
    0.5855  1  1   34.5489   20.7931   15.8243    8.7262    0.9056    0.7504    0.0025    0.0022    5.2730    4.6262  0.9974E+03  0.1645E+04 -0.3451E-06 -0.4284E-07  0.1000E-09  0.1000E-09  0.1000E-09  0.1000E-09  0.7465E+04  0.0000E+00
    0.5903  1  1   34.5472   20.7929   15.8243    8.7262    0.9059    0.7505    0.0025    0.0022    5.2733    4.6264  0.9957E+03  0.1643E+04 -0.3451E-06 -0.4292E-07  0.1000E-09  0.1000E-09  0.1000E-09  0.1000E-09  0.7466E+04  0.0000E+00
    0.5951  1  1   34.5456   20.7927   15.8243    8.7262    0.9061    0.7507    0.0025    0.0022    5.2736    4.6265  0.9940E+03  0.1642E+04 -0.3451E-06 -0.4303E-07  0.1000E-09  0.1000E-09  0.1000E-09  0.1000E-09  0.7466E+04  0.0000E+00
    0.5999  1  1   34.5439   20.7924   15.8243    8.7262    0.9064    0.7509    0.0025    0.0022    5.2738    4.6267  0.9924E+03  0.1640E+04 -0.3457E-06 -0.4314E-07  0.1000E-09  0.1000E-09  0.1000E-09  0.1000E-09  0.7466E+04  0.0000E+00
    0.6047  1  1   34.5422   20.7922   15.8243    8.7262    0.9067    0.7510    0.0026    0.0022    5.2741    4.6269  0.9907E+03  0.1639E+04 -0.3471E-06 -0.4324E-07  0.1000E-09  0.1000E-09  0.1000E-09  0.1000E-09  0.7466E+04  0.0000E+00
    0.6095  1  1   34.5406   20.7920   15.8243    8.7262    0.9069    0.7512    0.0026    0.0022    5.2744    4.6270  0.9890E+03  0.1638E+04 -0.3480E-06 -0.4325E-07  0.1000E-09  0.1000E-09  0.1000E-09  0.1000E-09  0.7467E+04  0.0000E+00
    0.6143  1  1   34.5389   20.7918   15.8243    8.7262    0.9072    0.7513    0.0026    0.0022    5.2746    4.6272  0.9874E+03  0.1636E+04 -0.3480E-06 -0.4325E-07  0.1000E-09  0.1000E-09  0.1000E-09  0.1000E-09  0.7467E+04  0.0000E+00
    0.6191  1  1   34.5372   20.7916   15.8243    8.7262    0.9074    0.7515    0.0026    0.0022    5.2749    4.6274  0.9857E+03  0.1635E+04 -0.3480E-06 -0.4325E-07  0.1000E-09  0.1000E-09  0.1000E-09  0.1000E-09  0.7467E+04  0.0000E+00
    0.6239  1  1   34.5356   20.7914   15.8243    8.7262    0.9077    0.7517    0.0026    0.0023    5.2752    4.6275  0.9841E+03  0.1633E+04 -0.3480E-06 -0.4325E-07  0.1000E-09  0.1000E-09  0.1000E-09  0.1000E-09  0.7467E+04  0.0000E+00
    0.6287  1  1   34.5339   20.7912   15.8243    8.7262    0.9079    0.7518    0.0026    0.0023    5.2754    4.6277  0.9824E+03  0.1632E+04 -0.3471E-06 -0.4325E-07  0.1000E-09  0.1000E-09  0.1000E-09  0.1000E-09  0.7468E+04  0.0000E+00
    0.6335  1  1   34.5322   20.7910   15.8243    8.7262    0.9082    0.7520    0.0026    0.0023    5.2757    4.6279  0.9808E+03  0.1631E+04 -0.3452E-06 -0.4325E-07  0.1000E-09  0.1000E-09  0.1000E-09  0.1000E-09  0.7468E+04  0.0000E+00
    0.6383  1  1   34.5306   20.7908   15.8243    8.7262    0.9084    0.7522    0.0026    0.0023    5.2759    4.6280  0.9792E+03  0.1629E+04 -0.3442E-06 -0.4327E-07  0.1000E-09  0.1000E-09  0.1000E-09  0.1000E-09  0.7468E+04  0.0000E+00
    0.6431  1  1   34.5289   20.7906   15.8243    8.7262    0.9087    0.7523    0.0026    0.0023    5.2762    4.6282  0.9776E+03  0.1628E+04 -0.3442E-06 -0.4333E-07  0.1000E-09  0.1000E-09  0.1000E-09  0.1000E-09  0.7469E+04  0.0000E+00
    0.6479  1  1   34.5273   20.7904   15.8243    8.7262    0.9089    0.7525    0.0026    0.0023    5.2765    4.6284  0.9759E+03  0.1627E+04 -0.3442E-06 -0.4339E-07  0.1000E-09  0.1000E-09  0.1000E-09  0.1000E-09  0.7469E+04  0.0000E+00
    0.6527  1  1   34.5256   20.7902   15.8243    8.7262    0.9092    0.7526    0.0026    0.0023    5.2767    4.6285  0.9743E+03  0.1625E+04 -0.3442E-06 -0.4345E-07  0.1000E-09  0.1000E-09  0.1000E-09  0.1000E-09  0.7469E+04  0.0000E+00
    0.6575  1  1   34.5240   20.7900   15.8243    8.7262    0.9094    0.7528    0.0026    0.0023    5.2770    4.6287  0.9727E+03  0.1624E+04 -0.3465E-06 -0.4347E-07  0.1000E-09  0.1000E-09  0.1000E-09  0.1000E-09  0.7469E+04  0.0000E+00
    0.6623  1  1   34.5223   20.7897   15.8243    8.7262    0.9097    0.7530    0.0026    0.0023    5.2773    4.6289  0.9711E+03  0.1623E+04 -0.3503E-06 -0.4347E-07  0.1000E-09  0.1000E-09  0.1000E-09  0.1000E-09  0.7470E+04  0.0000E+00
    0.6671  1  1   34.5206   20.7895   15.8243    8.7262    0.9099    0.7531    0.0026    0.0023    5.2775    4.6290  0.9695E+03  0.1621E+04 -0.3519E-06 -0.4347E-07  0.1000E-09  0.1000E-09  0.1000E-09  0.1000E-09  0.7470E+04  0.0000E+00
    0.6719  1  1   34.5189   20.7893   15.8243    8.7262    0.9102    0.7533    0.0026    0.0023    5.2778    4.6292  0.9679E+03  0.1620E+04 -0.3519E-06 -0.4347E-07  0.1000E-09  0.1000E-09  0.1000E-09  0.1000E-09  0.7470E+04  0.0000E+00
    0.6767  1  1   34.5172   20.7891   15.8243    8.7262    0.9104    0.7534    0.0026    0.0023    5.2781    4.6294  0.9663E+03  0.1619E+04 -0.3519E-06 -0.4347E-07  0.1000E-09  0.1000E-09  0.1000E-09  0.1000E-09  0.7470E+04  0.0000E+00
    0.6815  1  1   34.5155   20.7889   15.8243    8.7262    0.9107    0.7536    0.0026    0.0023    5.2783    4.6295  0.9647E+03  0.1617E+04 -0.3519E-06 -0.4347E-07  0.1000E-09  0.1000E-09  0.1000E-09  0.1000E-09  0.7471E+04  0.0000E+00
    0.6863  1  1   34.5138   20.7887   15.8243    8.7262    0.9109    0.7537    0.0026    0.0023    5.2786    4.6297  0.9631E+03  0.1616E+04 -0.3525E-06 -0.4353E-07  0.1000E-09  0.1000E-09  0.1000E-09  0.1000E-09  0.7471E+04  0.0000E+00
    0.6911  1  1   34.5121   20.7885   15.8243    8.7262    0.9112    0.7539    0.0026    0.0023    5.2789    4.6299  0.9615E+03  0.1615E+04 -0.3533E-06 -0.4416E-07  0.1000E-09  0.1000E-09  0.1000E-09  0.1000E-09  0.7471E+04  0.0000E+00
    0.6959  1  1   34.5105   20.7883   15.8243    8.7262    0.9114    0.7541    0.0026    0.0023    5.2791    4.6301  0.9599E+03  0.1613E+04 -0.3536E-06 -0.4479E-07  0.1000E-09  0.1000E-09  0.1000E-09  0.1000E-09  0.7471E+04  0.0000E+00
    0.7007  1  1   34.5088   20.7881   15.8243    8.7262    0.9117    0.7542    0.0026    0.0023    5.2794    4.6302  0.9583E+03  0.1612E+04 -0.3536E-06 -0.4541E-07  0.1000E-09  0.1000E-09  0.1000E-09  0.1000E-09  0.7472E+04  0.0000E+00
    0.7055  1  1   34.5071   20.7878   15.8243    8.7262    0.9119    0.7544    0.0026    0.0023    5.2797    4.6304  0.9567E+03  0.1611E+04 -0.3536E-06 -0.4584E-07  0.1000E-09  0.1000E-09  0.1000E-09  0.1000E-09  0.7472E+04  0.0000E+00
    0.7103  1  1   34.5054   20.7876   15.8243    8.7262    0.9122    0.7545    0.0026    0.0023    5.2799    4.6306  0.9551E+03  0.1609E+04 -0.3536E-06 -0.4584E-07  0.1000E-09  0.1000E-09  0.1000E-09  0.1000E-09  0.7472E+04  0.0000E+00
    0.7151  1  1   34.5037   20.7874   15.8243    8.7262    0.9124    0.7547    0.0026    0.0023    5.2802    4.6307  0.9535E+03  0.1608E+04 -0.3546E-06 -0.4584E-07  0.1000E-09  0.1000E-09  0.1000E-09  0.1000E-09  0.7472E+04  0.0000E+00
    0.7199  1  1   34.5019   20.7872   15.8243    8.7262    0.9127    0.7548    0.0026    0.0023    5.2805    4.6309  0.9519E+03  0.1607E+04 -0.3561E-06 -0.4584E-07  0.1000E-09  0.1000E-09  0.1000E-09  0.1000E-09  0.7473E+04  0.0000E+00
    0.7247  1  1   34.5002   20.7870   15.8243    8.7262    0.9129    0.7550    0.0026    0.0023    5.2807    4.6311  0.9504E+03  0.1605E+04 -0.3566E-06 -0.4584E-07  0.1000E-09  0.1000E-09  0.1000E-09  0.1000E-09  0.7473E+04  0.0000E+00
    0.7295  1  1   34.4985   20.7867   15.8243    8.7262    0.9132    0.7552    0.0026    0.0023    5.2810    4.6312  0.9488E+03  0.1604E+04 -0.3566E-06 -0.4584E-07  0.1000E-09  0.1000E-09  0.1000E-09  0.1000E-09  0.7473E+04  0.0000E+00
    0.7343  1  1   34.4968   20.7865   15.8243    8.7262    0.9134    0.7553    0.0026    0.0023    5.2812    4.6314  0.9472E+03  0.1603E+04 -0.3566E-06 -0.4549E-07  0.1000E-09  0.1000E-09  0.1000E-09  0.1000E-09  0.7473E+04  0.0000E+00
    0.7391  1  1   34.4951   20.7863   15.8243    8.7262    0.9137    0.7555    0.0026    0.0023    5.2815    4.6316  0.9456E+03  0.1601E+04 -0.3566E-06 -0.4460E-07  0.1000E-09  0.1000E-09  0.1000E-09  0.1000E-09  0.7474E+04  0.0000E+00
    0.7439  1  1   34.4934   20.7861   15.8243    8.7262    0.9139    0.7556    0.0026    0.0023    5.2818    4.6317  0.9441E+03  0.1600E+04 -0.3576E-06 -0.4370E-07  0.1000E-09  0.1000E-09  0.1000E-09  0.1000E-09  0.7474E+04  0.0000E+00
    0.7487  1  1   34.4917   20.7859   15.8243    8.7262    0.9142    0.7558    0.0026    0.0023    5.2820    4.6319  0.9425E+03  0.1599E+04 -0.3589E-06 -0.4281E-07  0.1000E-09  0.1000E-09  0.1000E-09  0.1000E-09  0.7474E+04  0.0000E+00
    0.7535  1  1   34.4899   20.7857   15.8243    8.7262    0.9144    0.7559    0.0026    0.0023    5.2823    4.6321  0.9409E+03  0.1597E+04 -0.3592E-06 -0.4247E-07  0.1000E-09  0.1000E-09  0.1000E-09  0.1000E-09  0.7474E+04  0.0000E+00
    0.7583  1  1   34.4882   20.7855   15.8243    8.7262    0.9147    0.7561    0.0026    0.0023    5.2826    4.6322  0.9394E+03  0.1596E+04 -0.3592E-06 -0.4247E-07  0.1000E-09  0.1000E-09  0.1000E-09  0.1000E-09  0.7475E+04  0.0000E+00
    0.7631  1  1   34.4865   20.7853   15.8243    8.7262    0.9149    0.7562    0.0026    0.0023    5.2828    4.6324  0.9378E+03  0.1595E+04 -0.3592E-06 -0.4247E-07  0.1000E-09  0.1000E-09  0.1000E-09  0.1000E-09  0.7475E+04  0.0000E+00
    0.7679  1  1   34.4848   20.7851   15.8243    8.7262    0.9151    0.7564    0.0026    0.0023    5.2831    4.6326  0.9363E+03  0.1594E+04 -0.3592E-06 -0.4247E-07  0.1000E-09  0.1000E-09  0.1000E-09  0.1000E-09  0.7475E+04  0.0000E+00
    0.7727  1  1   34.4830   20.7849   15.8243    8.7262    0.9154    0.7565    0.0026    0.0023    5.2834    4.6327  0.9347E+03  0.1592E+04 -0.3620E-06 -0.4247E-07  0.1000E-09  0.1000E-09  0.1000E-09  0.1000E-09  0.7475E+04  0.0000E+00
    0.7775  1  1   34.4813   20.7847   15.8243    8.7262    0.9156    0.7567    0.0026    0.0023    5.2836    4.6329  0.9331E+03  0.1591E+04 -0.3651E-06 -0.4247E-07  0.1000E-09  0.1000E-09  0.1000E-09  0.1000E-09  0.7476E+04  0.0000E+00
    0.7823  1  1   34.4795   20.7845   15.8243    8.7262    0.9159    0.7568    0.0026    0.0023    5.2839    4.6331  0.9316E+03  0.1590E+04 -0.3654E-06 -0.4247E-07  0.1000E-09  0.1000E-09  0.1000E-09  0.1000E-09  0.7476E+04  0.0000E+00
    0.7871  1  1   34.4778   20.7843   15.8243    8.7262    0.9161    0.7570    0.0026    0.0023    5.2842    4.6332  0.9300E+03  0.1589E+04 -0.3654E-06 -0.4321E-07  0.1000E-09  0.1000E-09  0.1000E-09  0.1000E-09  0.7476E+04  0.0000E+00
    0.7919  1  1   34.4760   20.7840   15.8243    8.7262    0.9164    0.7571    0.0026    0.0023    5.2844    4.6334  0.9285E+03  0.1587E+04 -0.3654E-06 -0.4412E-07  0.1000E-09  0.1000E-09  0.1000E-09  0.1000E-09  0.7477E+04  0.0000E+00
    0.7967  1  1   34.4743   20.7838   15.8243    8.7262    0.9166    0.7573    0.0026    0.0023    5.2847    4.6336  0.9269E+03  0.1586E+04 -0.3654E-06 -0.4504E-07  0.1000E-09  0.1000E-09  0.1000E-09  0.1000E-09  0.7477E+04  0.0000E+00
    0.8015  1  1   34.4725   20.7836   15.8243    8.7262    0.9169    0.7574    0.0026    0.0023    5.2850    4.6337  0.9254E+03  0.1585E+04 -0.3649E-06 -0.4593E-07  0.1000E-09  0.1000E-09  0.1000E-09  0.1000E-09  0.7477E+04  0.0000E+00
    0.8063  1  1   34.4708   20.7834   15.8243    8.7262    0.9171    0.7576    0.0026    0.0023    5.2853    4.6339  0.9240E+03  0.1584E+04 -0.3644E-06 -0.4593E-07  0.1000E-09  0.1000E-09  0.1000E-09  0.1000E-09  0.7477E+04  0.0000E+00
    0.8111  1  1   34.4690   20.7832   15.8243    8.7262    0.9173    0.7577    0.0026    0.0023    5.2856    4.6341  0.9225E+03  0.1582E+04 -0.3643E-06 -0.4593E-07  0.1000E-09  0.1000E-09  0.1000E-09  0.1000E-09  0.7478E+04  0.0000E+00
    0.8159  1  1   34.4673   20.7829   15.8243    8.7262    0.9176    0.7579    0.0026    0.0023    5.2859    4.6342  0.9210E+03  0.1581E+04 -0.3643E-06 -0.4593E-07  0.1000E-09  0.1000E-09  0.1000E-09  0.1000E-09  0.7478E+04  0.0000E+00
    0.8207  1  1   34.4655   20.7827   15.8243    8.7262    0.9178    0.7580    0.0026    0.0023    5.2861    4.6344  0.9195E+03  0.1580E+04 -0.3643E-06 -0.4593E-07  0.1000E-09  0.1000E-09  0.1000E-09  0.1000E-09  0.7478E+04  0.0000E+00
    0.8255  1  1   34.4638   20.7825   15.8243    8.7262    0.9180    0.7582    0.0026    0.0023    5.2864    4.6346  0.9181E+03  0.1579E+04 -0.3643E-06 -0.4593E-07  0.1000E-09  0.1000E-09  0.1000E-09  0.1000E-09  0.7478E+04  0.0000E+00
    0.8303  1  1   34.4620   20.7823   15.8243    8.7262    0.9183    0.7583    0.0026    0.0023    5.2867    4.6347  0.9166E+03  0.1577E+04 -0.3684E-06 -0.4593E-07  0.1000E-09  0.1000E-09  0.1000E-09  0.1000E-09  0.7479E+04  0.0000E+00
    0.8351  1  1   34.4602   20.7821   15.8243    8.7262    0.9185    0.7585    0.0026    0.0023    5.2870    4.6349  0.9150E+03  0.1576E+04 -0.3725E-06 -0.4581E-07  0.1000E-09  0.1000E-09  0.1000E-09  0.1000E-09  0.7479E+04  0.0000E+00
    0.8399  1  1   34.4584   20.7818   15.8243    8.7262    0.9188    0.7586    0.0026    0.0023    5.2872    4.6351  0.9135E+03  0.1575E+04 -0.3726E-06 -0.4555E-07  0.1000E-09  0.1000E-09  0.1000E-09  0.1000E-09  0.7479E+04  0.0000E+00
    0.8447  1  1   34.4566   20.7816   15.8243    8.7262    0.9190    0.7588    0.0026    0.0023    5.2875    4.6353  0.9120E+03  0.1574E+04 -0.3726E-06 -0.4529E-07  0.1000E-09  0.1000E-09  0.1000E-09  0.1000E-09  0.7479E+04  0.0000E+00
    0.8495  1  1   34.4549   20.7814   15.8243    8.7262    0.9192    0.7589    0.0026    0.0023    5.2878    4.6354  0.9105E+03  0.1572E+04 -0.3726E-06 -0.4503E-07  0.1000E-09  0.1000E-09  0.1000E-09  0.1000E-09  0.7480E+04  0.0000E+00
    0.8543  1  1   34.4531   20.7812   15.8243    8.7262    0.9195    0.7591    0.0026    0.0023    5.2881    4.6356  0.9089E+03  0.1571E+04 -0.3726E-06 -0.4495E-07  0.1000E-09  0.1000E-09  0.1000E-09  0.1000E-09  0.7480E+04  0.0000E+00
    0.8591  1  1   34.4513   20.7810   15.8243    8.7262    0.9197    0.7592    0.0026    0.0023    5.2883    4.6358  0.9074E+03  0.1570E+04 -0.3733E-06 -0.4495E-07  0.1000E-09  0.1000E-09  0.1000E-09  0.1000E-09  0.7480E+04  0.0000E+00
    0.8639  1  1   34.4495   20.7808   15.8243    8.7262    0.9200    0.7594    0.0026    0.0023    5.2886    4.6359  0.9059E+03  0.1569E+04 -0.3739E-06 -0.4495E-07  0.1000E-09  0.1000E-09  0.1000E-09  0.1000E-09  0.7481E+04  0.0000E+00
    0.8687  1  1   34.4477   20.7806   15.8243    8.7262    0.9202    0.7595    0.0026    0.0023    5.2888    4.6361  0.9044E+03  0.1568E+04 -0.3739E-06 -0.4495E-07  0.1000E-09  0.1000E-09  0.1000E-09  0.1000E-09  0.7481E+04  0.0000E+00
    0.8735  1  1   34.4459   20.7803   15.8243    8.7262    0.9205    0.7597    0.0026    0.0023    5.2891    4.6363  0.9029E+03  0.1566E+04 -0.3739E-06 -0.4495E-07  0.1000E-09  0.1000E-09  0.1000E-09  0.1000E-09  0.7481E+04  0.0000E+00
    0.8783  1  1   34.4441   20.7801   15.8243    8.7262    0.9207    0.7598    0.0026    0.0023    5.2894    4.6364  0.9014E+03  0.1565E+04 -0.3739E-06 -0.4495E-07  0.1000E-09  0.1000E-09  0.1000E-09  0.1000E-09  0.7481E+04  0.0000E+00
    0.8831  1  1   34.4423   20.7799   15.8243    8.7262    0.9210    0.7599    0.0026    0.0023    5.2896    4.6366  0.8998E+03  0.1564E+04 -0.3740E-06 -0.4518E-07  0.1000E-09  0.1000E-09  0.1000E-09  0.1000E-09  0.7482E+04  0.0000E+00
    0.8879  1  1   34.4405   20.7797   15.8243    8.7262    0.9212    0.7601    0.0026    0.0023    5.2899    4.6368  0.8983E+03  0.1563E+04 -0.3756E-06 -0.4564E-07  0.1000E-09  0.1000E-09  0.1000E-09  0.1000E-09  0.7482E+04  0.0000E+00
    0.8927  1  1   34.4387   20.7795   15.8243    8.7262    0.9215    0.7602    0.0026    0.0023    5.2902    4.6369  0.8968E+03  0.1561E+04 -0.3769E-06 -0.4609E-07  0.1000E-09  0.1000E-09  0.1000E-09  0.1000E-09  0.7482E+04  0.0000E+00
    0.8975  1  1   34.4369   20.7792   15.8243    8.7262    0.9217    0.7604    0.0026    0.0023    5.2905    4.6371  0.8953E+03  0.1560E+04 -0.3769E-06 -0.4655E-07  0.1000E-09  0.1000E-09  0.1000E-09  0.1000E-09  0.7482E+04  0.0000E+00
    0.9023  1  1   34.4351   20.7790   15.8243    8.7262    0.9219    0.7605    0.0026    0.0023    5.2907    4.6373  0.8938E+03  0.1559E+04 -0.3769E-06 -0.4667E-07  0.1000E-09  0.1000E-09  0.1000E-09  0.1000E-09  0.7483E+04  0.0000E+00
    0.9071  1  1   34.4333   20.7788   15.8243    8.7262    0.9222    0.7607    0.0026    0.0023    5.2910    4.6374  0.8923E+03  0.1558E+04 -0.3769E-06 -0.4667E-07  0.1000E-09  0.1000E-09  0.1000E-09  0.1000E-09  0.7483E+04  0.0000E+00
    0.9119  1  1   34.4314   20.7786   15.8243    8.7262    0.9224    0.7608    0.0026    0.0023    5.2913    4.6376  0.8908E+03  0.1557E+04 -0.3776E-06 -0.4667E-07  0.1000E-09  0.1000E-09  0.1000E-09  0.1000E-09  0.7483E+04  0.0000E+00
    0.9167  1  1   34.4296   20.7783   15.8243    8.7262    0.9227    0.7610    0.0026    0.0023    5.2915    4.6378  0.8893E+03  0.1555E+04 -0.3815E-06 -0.4667E-07  0.1000E-09  0.1000E-09  0.1000E-09  0.1000E-09  0.7484E+04  0.0000E+00
    0.9215  1  1   34.4278   20.7781   15.8243    8.7262    0.9229    0.7611    0.0026    0.0023    5.2918    4.6379  0.8878E+03  0.1554E+04 -0.3847E-06 -0.4667E-07  0.1000E-09  0.1000E-09  0.1000E-09  0.1000E-09  0.7484E+04  0.0000E+00
    0.9263  1  1   34.4259   20.7779   15.8243    8.7262    0.9232    0.7613    0.0026    0.0023    5.2921    4.6381  0.8863E+03  0.1553E+04 -0.3847E-06 -0.4667E-07  0.1000E-09  0.1000E-09  0.1000E-09  0.1000E-09  0.7484E+04  0.0000E+00
    0.9311  1  1   34.4241   20.7777   15.8243    8.7262    0.9234    0.7614    0.0026    0.0023    5.2923    4.6383  0.8848E+03  0.1552E+04 -0.3847E-06 -0.4670E-07  0.1000E-09  0.1000E-09  0.1000E-09  0.1000E-09  0.7484E+04  0.0000E+00
    0.9359  1  1   34.4222   20.7774   15.8243    8.7262    0.9237    0.7615    0.0026    0.0023    5.2926    4.6384  0.8833E+03  0.1551E+04 -0.3847E-06 -0.4679E-07  0.1000E-09  0.1000E-09  0.1000E-09  0.1000E-09  0.7485E+04  0.0000E+00
    0.9407  1  1   34.4204   20.7772   15.8243    8.7262    0.9239    0.7617    0.0026    0.0023    5.2929    4.6386  0.8818E+03  0.1549E+04 -0.3844E-06 -0.4689E-07  0.1000E-09  0.1000E-09  0.1000E-09  0.1000E-09  0.7485E+04  0.0000E+00
    0.9455  1  1   34.4185   20.7770   15.8243    8.7262    0.9242    0.7618    0.0027    0.0023    5.2931    4.6388  0.8803E+03  0.1548E+04 -0.3830E-06 -0.4698E-07  0.1000E-09  0.1000E-09  0.1000E-09  0.1000E-09  0.7485E+04  0.0000E+00
    0.9503  1  1   34.4167   20.7768   15.8243    8.7262    0.9244    0.7620    0.0027    0.0023    5.2934    4.6390  0.8788E+03  0.1547E+04 -0.3820E-06 -0.4703E-07  0.1000E-09  0.1000E-09  0.1000E-09  0.1000E-09  0.7486E+04  0.0000E+00
    0.9551  1  1   34.4149   20.7765   15.8243    8.7262    0.9247    0.7621    0.0027    0.0023    5.2937    4.6391  0.8773E+03  0.1546E+04 -0.3820E-06 -0.4703E-07  0.1000E-09  0.1000E-09  0.1000E-09  0.1000E-09  0.7486E+04  0.0000E+00
    0.9599  1  1   34.4130   20.7763   15.8243    8.7262    0.9249    0.7623    0.0027    0.0023    5.2939    4.6393  0.8758E+03  0.1545E+04 -0.3820E-06 -0.4703E-07  0.1000E-09  0.1000E-09  0.1000E-09  0.1000E-09  0.7486E+04  0.0000E+00
    0.9647  1  1   34.4112   20.7761   15.8243    8.7262    0.9252    0.7624    0.0027    0.0023    5.2942    4.6395  0.8743E+03  0.1543E+04 -0.3820E-06 -0.4703E-07  0.1000E-09  0.1000E-09  0.1000E-09  0.1000E-09  0.7486E+04  0.0000E+00
    0.9695  1  1   34.4094   20.7759   15.8243    8.7262    0.9254    0.7626    0.0027    0.0023    5.2945    4.6396  0.8728E+03  0.1542E+04 -0.3831E-06 -0.4703E-07  0.1000E-09  0.1000E-09  0.1000E-09  0.1000E-09  0.7487E+04  0.0000E+00
    0.9743  1  1   34.4075   20.7756   15.8243    8.7262    0.9257    0.7627    0.0027    0.0023    5.2948    4.6398  0.8713E+03  0.1541E+04 -0.3869E-06 -0.4703E-07  0.1000E-09  0.1000E-09  0.1000E-09  0.1000E-09  0.7487E+04  0.0000E+00
    0.9791  1  1   34.4057   20.7754   15.8243    8.7262    0.9259    0.7628    0.0027    0.0023    5.2950    4.6400  0.8698E+03  0.1540E+04 -0.3895E-06 -0.4695E-07  0.1000E-09  0.1000E-09  0.1000E-09  0.1000E-09  0.7487E+04  0.0000E+00
    0.9839  1  1   34.4038   20.7752   15.8243    8.7262    0.9261    0.7630    0.0027    0.0023    5.2953    4.6401  0.8683E+03  0.1539E+04 -0.3895E-06 -0.4653E-07  0.1000E-09  0.1000E-09  0.1000E-09  0.1000E-09  0.7488E+04  0.0000E+00
    0.9887  1  1   34.4019   20.7750   15.8243    8.7262    0.9264    0.7631    0.0027    0.0023    5.2956    4.6403  0.8668E+03  0.1538E+04 -0.3895E-06 -0.4612E-07  0.1000E-09  0.1000E-09  0.1000E-09  0.1000E-09  0.7488E+04  0.0000E+00
    0.9935  1  1   34.4000   20.7748   15.8243    8.7262    0.9266    0.7633    0.0027    0.0023    5.2958    4.6405  0.8654E+03  0.1536E+04 -0.3895E-06 -0.4570E-07  0.1000E-09  0.1000E-09  0.1000E-09  0.1000E-09  0.7488E+04  0.0000E+00
    0.9983  1  1   34.3982   20.7745   15.8243    8.7262    0.9269    0.7634    0.0027    0.0023    5.2961    4.6406  0.8639E+03  0.1535E+04 -0.3902E-06 -0.4546E-07  0.1000E-09  0.1000E-09  0.1000E-09  0.1000E-09  0.7488E+04  0.0000E+00
    1.0031  1  1   34.3963   20.7743   15.8243    8.7262    0.9271    0.7635    0.0027    0.0023    5.2964    4.6408  0.8624E+03  0.1534E+04 -0.3920E-06 -0.4546E-07  0.1000E-09  0.1000E-09  0.1000E-09  0.1000E-09  0.7489E+04  0.0000E+00
    1.0079  1  1   34.3944   20.7741   15.8243    8.7262    0.9274    0.7637    0.0027    0.0023    5.2966    4.6410  0.8609E+03  0.1533E+04 -0.3932E-06 -0.4546E-07  0.1000E-09  0.1000E-09  0.1000E-09  0.1000E-09  0.7489E+04  0.0000E+00
    1.0127  1  1   34.3925   20.7739   15.8243    8.7262    0.9276    0.7638    0.0027    0.0023    5.2969    4.6411  0.8594E+03  0.1532E+04 -0.3932E-06 -0.4546E-07  0.1000E-09  0.1000E-09  0.1000E-09  0.1000E-09  0.7489E+04  0.0000E+00
    1.0175  1  1   34.3906   20.7737   15.8243    8.7262    0.9279    0.7640    0.0027    0.0023    5.2972    4.6413  0.8579E+03  0.1531E+04 -0.3932E-06 -0.4546E-07  0.1000E-09  0.1000E-09  0.1000E-09  0.1000E-09  0.7490E+04  0.0000E+00
    1.0223  1  1   34.3887   20.7734   15.8243    8.7262    0.9281    0.7641    0.0027    0.0023    5.2974    4.6415  0.8565E+03  0.1530E+04 -0.3932E-06 -0.4546E-07  0.1000E-09  0.1000E-09  0.1000E-09  0.1000E-09  0.7490E+04  0.0000E+00
    1.0271  1  1   34.3869   20.7732   15.8243    8.7262    0.9284    0.7642    0.0027    0.0023    5.2977    4.6416  0.8550E+03  0.1528E+04 -0.3936E-06 -0.4546E-07  0.1000E-09  0.1000E-09  0.1000E-09  0.1000E-09  0.7490E+04  0.0000E+00
    1.0319  1  1   34.3850   20.7730   15.8243    8.7262    0.9286    0.7644    0.0027    0.0023    5.2980    4.6418  0.8535E+03  0.1527E+04 -0.3945E-06 -0.4589E-07  0.1000E-09  0.1000E-09  0.1000E-09  0.1000E-09  0.7490E+04  0.0000E+00
    1.0367  1  1   34.3831   20.7728   15.8243    8.7262    0.9289    0.7645    0.0027    0.0023    5.2983    4.6420  0.8520E+03  0.1526E+04 -0.3950E-06 -0.4651E-07  0.1000E-09  0.1000E-09  0.1000E-09  0.1000E-09  0.7491E+04  0.0000E+00
    1.0415  1  1   34.3812   20.7726   15.8243    8.7262    0.9291    0.7647    0.0027    0.0023    5.2985    4.6421  0.8505E+03  0.1525E+04 -0.3950E-06 -0.4713E-07  0.1000E-09  0.1000E-09  0.1000E-09  0.1000E-09  0.7491E+04  0.0000E+00
    1.0463  1  1   34.3793   20.7723   15.8243    8.7262    0.9294    0.7648    0.0027    0.0023    5.2988    4.6423  0.8491E+03  0.1524E+04 -0.3950E-06 -0.4774E-07  0.1000E-09  0.1000E-09  0.1000E-09  0.1000E-09  0.7491E+04  0.0000E+00
    1.0511  1  1   34.3774   20.7721   15.8243    8.7262    0.9296    0.7649    0.0027    0.0023    5.2991    4.6425  0.8476E+03  0.1523E+04 -0.3950E-06 -0.4779E-07  0.1000E-09  0.1000E-09  0.1000E-09  0.1000E-09  0.7492E+04  0.0000E+00
    1.0559  1  1   34.3755   20.7719   15.8243    8.7262    0.9299    0.7651    0.0027    0.0023    5.2993    4.6427  0.8461E+03  0.1522E+04 -0.3954E-06 -0.4779E-07  0.1000E-09  0.1000E-09  0.1000E-09  0.1000E-09  0.7492E+04  0.0000E+00
    1.0607  1  1   34.3736   20.7716   15.8243    8.7262    0.9302    0.7652    0.0027    0.0023    5.2996    4.6428  0.8446E+03  0.1520E+04 -0.3961E-06 -0.4779E-07  0.1000E-09  0.1000E-09  0.1000E-09  0.1000E-09  0.7492E+04  0.0000E+00
    1.0655  1  1   34.3717   20.7714   15.8243    8.7262    0.9304    0.7654    0.0027    0.0023    5.2999    4.6430  0.8432E+03  0.1519E+04 -0.3965E-06 -0.4779E-07  0.1000E-09  0.1000E-09  0.1000E-09  0.1000E-09  0.7492E+04  0.0000E+00
    1.0703  1  1   34.3698   20.7712   15.8243    8.7262    0.9307    0.7655    0.0027    0.0023    5.3002    4.6432  0.8417E+03  0.1518E+04 -0.3965E-06 -0.4779E-07  0.1000E-09  0.1000E-09  0.1000E-09  0.1000E-09  0.7493E+04  0.0000E+00
    1.0751  1  1   34.3679   20.7709   15.8243    8.7262    0.9309    0.7656    0.0027    0.0023    5.3004    4.6433  0.8402E+03  0.1517E+04 -0.3965E-06 -0.4779E-07  0.1000E-09  0.1000E-09  0.1000E-09  0.1000E-09  0.7493E+04  0.0000E+00
    1.0799  1  1   34.3660   20.7707   15.8243    8.7262    0.9312    0.7658    0.0027    0.0023    5.3007    4.6435  0.8388E+03  0.1516E+04 -0.3965E-06 -0.4749E-07  0.1000E-09  0.1000E-09  0.1000E-09  0.1000E-09  0.7493E+04  0.0000E+00
    1.0847  1  1   34.3641   20.7705   15.8243    8.7262    0.9314    0.7659    0.0027    0.0023    5.3010    4.6437  0.8373E+03  0.1515E+04 -0.3975E-06 -0.4709E-07  0.1000E-09  0.1000E-09  0.1000E-09  0.1000E-09  0.7494E+04  0.0000E+00
    1.0895  1  1   34.3621   20.7703   15.8243    8.7262    0.9317    0.7661    0.0027    0.0023    5.3012    4.6438  0.8359E+03  0.1514E+04 -0.3992E-06 -0.4669E-07  0.1000E-09  0.1000E-09  0.1000E-09  0.1000E-09  0.7494E+04  0.0000E+00
    1.0943  1  1   34.3602   20.7700   15.8243    8.7262    0.9319    0.7662    0.0027    0.0023    5.3015    4.6440  0.8344E+03  0.1512E+04 -0.3999E-06 -0.4629E-07  0.1000E-09  0.1000E-09  0.1000E-09  0.1000E-09  0.7494E+04  0.0000E+00
    1.0991  1  1   34.3583   20.7698   15.8243    8.7262    0.9322    0.7663    0.0027    0.0023    5.3018    4.6442  0.8329E+03  0.1511E+04 -0.3999E-06 -0.4628E-07  0.1000E-09  0.1000E-09  0.1000E-09  0.1000E-09  0.7494E+04  0.0000E+00
    1.1039  1  1   34.3564   20.7696   15.8243    8.7262    0.9324    0.7665    0.0027    0.0023    5.3021    4.6443  0.8315E+03  0.1510E+04 -0.3999E-06 -0.4628E-07  0.1000E-09  0.1000E-09  0.1000E-09  0.1000E-09  0.7495E+04  0.0000E+00
    1.1087  1  1   34.3545   20.7694   15.8243    8.7262    0.9327    0.7666    0.0027    0.0023    5.3023    4.6445  0.8300E+03  0.1509E+04 -0.3999E-06 -0.4628E-07  0.1000E-09  0.1000E-09  0.1000E-09  0.1000E-09  0.7495E+04  0.0000E+00
    1.1135  1  1   34.3525   20.7692   15.8243    8.7262    0.9329    0.7668    0.0027    0.0023    5.3026    4.6447  0.8286E+03  0.1508E+04 -0.4027E-06 -0.4628E-07  0.1000E-09  0.1000E-09  0.1000E-09  0.1000E-09  0.7495E+04  0.0000E+00
    1.1183  1  1   34.3506   20.7689   15.8243    8.7262    0.9332    0.7669    0.0027    0.0023    5.3029    4.6448  0.8271E+03  0.1507E+04 -0.4068E-06 -0.4628E-07  0.1000E-09  0.1000E-09  0.1000E-09  0.1000E-09  0.7496E+04  0.0000E+00
    1.1231  1  1   34.3486   20.7687   15.8243    8.7262    0.9334    0.7670    0.0027    0.0023    5.3031    4.6450  0.8256E+03  0.1506E+04 -0.4082E-06 -0.4628E-07  0.1000E-09  0.1000E-09  0.1000E-09  0.1000E-09  0.7496E+04  0.0000E+00
    1.1279  1  1   34.3467   20.7685   15.8243    8.7262    0.9337    0.7672    0.0027    0.0023    5.3034    4.6452  0.8242E+03  0.1505E+04 -0.4082E-06 -0.4631E-07  0.1000E-09  0.1000E-09  0.1000E-09  0.1000E-09  0.7496E+04  0.0000E+00
    1.1327  1  1   34.3447   20.7683   15.8243    8.7262    0.9340    0.7673    0.0027    0.0023    5.3037    4.6453  0.8227E+03  0.1504E+04 -0.4082E-06 -0.4638E-07  0.1000E-09  0.1000E-09  0.1000E-09  0.1000E-09  0.7496E+04  0.0000E+00
    1.1375  1  1   34.3427   20.7680   15.8243    8.7262    0.9342    0.7674    0.0027    0.0023    5.3040    4.6455  0.8212E+03  0.1502E+04 -0.4082E-06 -0.4645E-07  0.1000E-09  0.1000E-09  0.1000E-09  0.1000E-09  0.7497E+04  0.0000E+00
    1.1423  1  1   34.3408   20.7678   15.8243    8.7262    0.9345    0.7676    0.0027    0.0023    5.3042    4.6457  0.8198E+03  0.1501E+04 -0.4093E-06 -0.4652E-07  0.1000E-09  0.1000E-09  0.1000E-09  0.1000E-09  0.7497E+04  0.0000E+00
    1.1471  1  1   34.3388   20.7676   15.8243    8.7262    0.9347    0.7677    0.0027    0.0023    5.3045    4.6459  0.8183E+03  0.1500E+04 -0.4109E-06 -0.4655E-07  0.1000E-09  0.1000E-09  0.1000E-09  0.1000E-09  0.7497E+04  0.0000E+00
    1.1519  1  1   34.3368   20.7674   15.8243    8.7262    0.9350    0.7678    0.0027    0.0023    5.3048    4.6460  0.8169E+03  0.1499E+04 -0.4113E-06 -0.4655E-07  0.1000E-09  0.1000E-09  0.1000E-09  0.1000E-09  0.7498E+04  0.0000E+00
    1.1567  1  1   34.3349   20.7672   15.8243    8.7262    0.9352    0.7680    0.0027    0.0023    5.3051    4.6462  0.8154E+03  0.1498E+04 -0.4113E-06 -0.4655E-07  0.1000E-09  0.1000E-09  0.1000E-09  0.1000E-09  0.7498E+04  0.0000E+00
    1.1615  1  1   34.3329   20.7669   15.8243    8.7262    0.9355    0.7681    0.0027    0.0023    5.3053    4.6464  0.8139E+03  0.1497E+04 -0.4113E-06 -0.4655E-07  0.1000E-09  0.1000E-09  0.1000E-09  0.1000E-09  0.7498E+04  0.0000E+00
    1.1662  1  1   34.3309   20.7667   15.8243    8.7262    0.9357    0.7683    0.0027    0.0023    5.3056    4.6465  0.8125E+03  0.1496E+04 -0.4113E-06 -0.4655E-07  0.1000E-09  0.1000E-09  0.1000E-09  0.1000E-09  0.7499E+04  0.0000E+00
    1.1710  1  1   34.3289   20.7665   15.8243    8.7262    0.9360    0.7684    0.0027    0.0023    5.3059    4.6467  0.8110E+03  0.1495E+04 -0.4120E-06 -0.4655E-07  0.1000E-09  0.1000E-09  0.1000E-09  0.1000E-09  0.7499E+04  0.0000E+00
    1.1758  1  1   34.3270   20.7663   15.8243    8.7262    0.9363    0.7685    0.0027    0.0023    5.3062    4.6469  0.8096E+03  0.1494E+04 -0.4129E-06 -0.4669E-07  0.1000E-09  0.1000E-09  0.1000E-09  0.1000E-09  0.7499E+04  0.0000E+00
    1.1806  1  1   34.3250   20.7660   15.8243    8.7262    0.9365    0.7687    0.0027    0.0023    5.3064    4.6470  0.8081E+03  0.1493E+04 -0.4130E-06 -0.4770E-07  0.1000E-09  0.1000E-09  0.1000E-09  0.1000E-09  0.7499E+04  0.0000E+00
    1.1854  1  1   34.3230   20.7658   15.8243    8.7262    0.9368    0.7688    0.0027    0.0023    5.3067    4.6472  0.8067E+03  0.1492E+04 -0.4130E-06 -0.4870E-07  0.1000E-09  0.1000E-09  0.1000E-09  0.1000E-09  0.7500E+04  0.0000E+00
    1.1902  1  1   34.3210   20.7656   15.8243    8.7262    0.9370    0.7689    0.0027    0.0023    5.3070    4.6474  0.8052E+03  0.1490E+04 -0.4130E-06 -0.4970E-07  0.1000E-09  0.1000E-09  0.1000E-09  0.1000E-09  0.7500E+04  0.0000E+00
    1.1950  1  1   34.3190   20.7653   15.8243    8.7262    0.9373    0.7691    0.0027    0.0023    5.3073    4.6476  0.8038E+03  0.1489E+04 -0.4130E-06 -0.5032E-07  0.1000E-09  0.1000E-09  0.1000E-09  0.1000E-09  0.7500E+04  0.0000E+00
    1.1998  1  1   34.3170   20.7651   15.8243    8.7262    0.9376    0.7692    0.0027    0.0023    5.3075    4.6477  0.8023E+03  0.1488E+04 -0.4141E-06 -0.5032E-07  0.1000E-09  0.1000E-09  0.1000E-09  0.1000E-09  0.7501E+04  0.0000E+00
    1.2046  1  1   34.3150   20.7648   15.8243    8.7262    0.9378    0.7693    0.0027    0.0023    5.3078    4.6479  0.8009E+03  0.1487E+04 -0.4153E-06 -0.5032E-07  0.1000E-09  0.1000E-09  0.1000E-09  0.1000E-09  0.7501E+04  0.0000E+00
    1.2094  1  1   34.3130   20.7646   15.8243    8.7262    0.9381    0.7695    0.0027    0.0023    5.3081    4.6481  0.7994E+03  0.1486E+04 -0.4154E-06 -0.5032E-07  0.1000E-09  0.1000E-09  0.1000E-09  0.1000E-09  0.7501E+04  0.0000E+00
    1.2142  1  1   34.3111   20.7644   15.8243    8.7262    0.9383    0.7696    0.0027    0.0023    5.3084    4.6483  0.7980E+03  0.1485E+04 -0.4154E-06 -0.5032E-07  0.1000E-09  0.1000E-09  0.1000E-09  0.1000E-09  0.7502E+04  0.0000E+00
    1.2190  1  1   34.3091   20.7641   15.8243    8.7262    0.9386    0.7697    0.0027    0.0023    5.3086    4.6485  0.7966E+03  0.1484E+04 -0.4154E-06 -0.5032E-07  0.1000E-09  0.1000E-09  0.1000E-09  0.1000E-09  0.7502E+04  0.0000E+00
    1.2238  1  1   34.3071   20.7639   15.8243    8.7262    0.9389    0.7699    0.0027    0.0023    5.3089    4.6486  0.7951E+03  0.1483E+04 -0.4154E-06 -0.5026E-07  0.1000E-09  0.1000E-09  0.1000E-09  0.1000E-09  0.7502E+04  0.0000E+00
    1.2286  1  1   34.3051   20.7636   15.8243    8.7262    0.9391    0.7700    0.0027    0.0023    5.3092    4.6488  0.7937E+03  0.1482E+04 -0.4170E-06 -0.4953E-07  0.1000E-09  0.1000E-09  0.1000E-09  0.1000E-09  0.7503E+04  0.0000E+00
    1.2334  1  1   34.3031   20.7634   15.8243    8.7262    0.9394    0.7701    0.0027    0.0023    5.3095    4.6490  0.7922E+03  0.1481E+04 -0.4187E-06 -0.4880E-07  0.1000E-09  0.1000E-09  0.1000E-09  0.1000E-09  0.7503E+04  0.0000E+00
    1.2382  1  1   34.3010   20.7632   15.8243    8.7262    0.9396    0.7703    0.0027    0.0023    5.3097    4.6492  0.7908E+03  0.1480E+04 -0.4188E-06 -0.4806E-07  0.1000E-09  0.1000E-09  0.1000E-09  0.1000E-09  0.7503E+04  0.0000E+00
    1.2430  1  1   34.2990   20.7629   15.8243    8.7262    0.9399    0.7704    0.0027    0.0023    5.3100    4.6493  0.7893E+03  0.1479E+04 -0.4188E-06 -0.4757E-07  0.1000E-09  0.1000E-09  0.1000E-09  0.1000E-09  0.7503E+04  0.0000E+00
    1.2478  1  1   34.2970   20.7627   15.8243    8.7262    0.9402    0.7705    0.0027    0.0023    5.3103    4.6495  0.7879E+03  0.1478E+04 -0.4188E-06 -0.4757E-07  0.1000E-09  0.1000E-09  0.1000E-09  0.1000E-09  0.7504E+04  0.0000E+00
    1.2526  1  1   34.2950   20.7625   15.8243    8.7262    0.9404    0.7706    0.0027    0.0023    5.3106    4.6497  0.7865E+03  0.1477E+04 -0.4190E-06 -0.4757E-07  0.1000E-09  0.1000E-09  0.1000E-09  0.1000E-09  0.7504E+04  0.0000E+00
    1.2574  1  1   34.2930   20.7623   15.8243    8.7262    0.9407    0.7708    0.0027    0.0023    5.3108    4.6498  0.7850E+03  0.1475E+04 -0.4232E-06 -0.4757E-07  0.1000E-09  0.1000E-09  0.1000E-09  0.1000E-09  0.7504E+04  0.0000E+00
    1.2622  1  1   34.2909   20.7620   15.8243    8.7262    0.9410    0.7709    0.0027    0.0023    5.3111    4.6500  0.7836E+03  0.1474E+04 -0.4271E-06 -0.4757E-07  0.1000E-09  0.1000E-09  0.1000E-09  0.1000E-09  0.7505E+04  0.0000E+00
    1.2670  1  1   34.2889   20.7618   15.8243    8.7262    0.9412    0.7710    0.0028    0.0023    5.3114    4.6502  0.7821E+03  0.1473E+04 -0.4271E-06 -0.4757E-07  0.1000E-09  0.1000E-09  0.1000E-09  0.1000E-09  0.7505E+04  0.0000E+00
    1.2718  1  1   34.2868   20.7616   15.8243    8.7262    0.9415    0.7712    0.0028    0.0023    5.3117    4.6503  0.7807E+03  0.1472E+04 -0.4271E-06 -0.4757E-07  0.1000E-09  0.1000E-09  0.1000E-09  0.1000E-09  0.7505E+04  0.0000E+00
    1.2766  1  1   34.2848   20.7613   15.8243    8.7262    0.9417    0.7713    0.0028    0.0023    5.3119    4.6505  0.7793E+03  0.1471E+04 -0.4271E-06 -0.4799E-07  0.1000E-09  0.1000E-09  0.1000E-09  0.1000E-09  0.7506E+04  0.0000E+00
    1.2814  1  1   34.2827   20.7611   15.8243    8.7262    0.9420    0.7714    0.0028    0.0023    5.3122    4.6507  0.7778E+03  0.1470E+04 -0.4272E-06 -0.4843E-07  0.1000E-09  0.1000E-09  0.1000E-09  0.1000E-09  0.7506E+04  0.0000E+00
    1.2862  1  1   34.2807   20.7609   15.8243    8.7262    0.9423    0.7715    0.0028    0.0023    5.3125    4.6509  0.7764E+03  0.1469E+04 -0.4282E-06 -0.4888E-07  0.1000E-09  0.1000E-09  0.1000E-09  0.1000E-09  0.7506E+04  0.0000E+00
    1.2910  1  1   34.2786   20.7606   15.8243    8.7262    0.9425    0.7717    0.0028    0.0023    5.3128    4.6510  0.7749E+03  0.1468E+04 -0.4291E-06 -0.4924E-07  0.1000E-09  0.1000E-09  0.1000E-09  0.1000E-09  0.7507E+04  0.0000E+00
    1.2958  1  1   34.2766   20.7604   15.8243    8.7262    0.9428    0.7718    0.0028    0.0023    5.3130    4.6512  0.7735E+03  0.1467E+04 -0.4291E-06 -0.4924E-07  0.1000E-09  0.1000E-09  0.1000E-09  0.1000E-09  0.7507E+04  0.0000E+00
    1.3006  1  1   34.2745   20.7602   15.8243    8.7262    0.9431    0.7719    0.0028    0.0023    5.3133    4.6514  0.7721E+03  0.1466E+04 -0.4291E-06 -0.4924E-07  0.1000E-09  0.1000E-09  0.1000E-09  0.1000E-09  0.7507E+04  0.0000E+00
    1.3054  1  1   34.2724   20.7599   15.8243    8.7262    0.9433    0.7721    0.0028    0.0023    5.3136    4.6515  0.7706E+03  0.1465E+04 -0.4291E-06 -0.4924E-07  0.1000E-09  0.1000E-09  0.1000E-09  0.1000E-09  0.7507E+04  0.0000E+00
    1.3102  1  1   34.2704   20.7597   15.8243    8.7262    0.9436    0.7722    0.0028    0.0023    5.3139    4.6517  0.7692E+03  0.1464E+04 -0.4294E-06 -0.4924E-07  0.1000E-09  0.1000E-09  0.1000E-09  0.1000E-09  0.7508E+04  0.0000E+00
    1.3150  1  1   34.2683   20.7595   15.8243    8.7262    0.9439    0.7723    0.0028    0.0023    5.3142    4.6519  0.7678E+03  0.1463E+04 -0.4313E-06 -0.4924E-07  0.1000E-09  0.1000E-09  0.1000E-09  0.1000E-09  0.7508E+04  0.0000E+00
    1.3198  1  1   34.2662   20.7592   15.8243    8.7262    0.9441    0.7725    0.0028    0.0023    5.3144    4.6521  0.7663E+03  0.1462E+04 -0.4329E-06 -0.4924E-07  0.1000E-09  0.1000E-09  0.1000E-09  0.1000E-09  0.7508E+04  0.0000E+00
    1.3246  1  1   34.2642   20.7590   15.8243    8.7262    0.9444    0.7726    0.0028    0.0023    5.3147    4.6522  0.7649E+03  0.1461E+04 -0.4329E-06 -0.4932E-07  0.1000E-09  0.1000E-09  0.1000E-09  0.1000E-09  0.7509E+04  0.0000E+00
    1.3294  1  1   34.2621   20.7587   15.8243    8.7262    0.9447    0.7727    0.0028    0.0023    5.3150    4.6524  0.7634E+03  0.1460E+04 -0.4329E-06 -0.4945E-07  0.1000E-09  0.1000E-09  0.1000E-09  0.1000E-09  0.7509E+04  0.0000E+00
    1.3342  1  1   34.2600   20.7585   15.8243    8.7262    0.9449    0.7729    0.0028    0.0023    5.3153    4.6526  0.7620E+03  0.1459E+04 -0.4329E-06 -0.4959E-07  0.1000E-09  0.1000E-09  0.1000E-09  0.1000E-09  0.7509E+04  0.0000E+00
    1.3390  1  1   34.2579   20.7583   15.8243    8.7262    0.9452    0.7730    0.0028    0.0023    5.3155    4.6527  0.7606E+03  0.1458E+04 -0.4331E-06 -0.4972E-07  0.1000E-09  0.1000E-09  0.1000E-09  0.1000E-09  0.7510E+04  0.0000E+00
    1.3438  1  1   34.2558   20.7580   15.8243    8.7262    0.9455    0.7731    0.0028    0.0023    5.3158    4.6529  0.7592E+03  0.1457E+04 -0.4341E-06 -0.4975E-07  0.1000E-09  0.1000E-09  0.1000E-09  0.1000E-09  0.7510E+04  0.0000E+00
    1.3486  1  1   34.2537   20.7578   15.8243    8.7262    0.9458    0.7732    0.0028    0.0023    5.3161    4.6531  0.7577E+03  0.1456E+04 -0.4348E-06 -0.4975E-07  0.1000E-09  0.1000E-09  0.1000E-09  0.1000E-09  0.7510E+04  0.0000E+00
    1.3534  1  1   34.2517   20.7575   15.8243    8.7262    0.9460    0.7734    0.0028    0.0023    5.3164    4.6533  0.7563E+03  0.1455E+04 -0.4348E-06 -0.4975E-07  0.1000E-09  0.1000E-09  0.1000E-09  0.1000E-09  0.7511E+04  0.0000E+00
    1.3582  1  1   34.2496   20.7573   15.8243    8.7262    0.9463    0.7735    0.0028    0.0023    5.3167    4.6534  0.7549E+03  0.1454E+04 -0.4348E-06 -0.4975E-07  0.1000E-09  0.1000E-09  0.1000E-09  0.1000E-09  0.7511E+04  0.0000E+00
    1.3630  1  1   34.2475   20.7571   15.8243    8.7262    0.9466    0.7736    0.0028    0.0023    5.3169    4.6536  0.7534E+03  0.1453E+04 -0.4348E-06 -0.4975E-07  0.1000E-09  0.1000E-09  0.1000E-09  0.1000E-09  0.7511E+04  0.0000E+00
    1.3678  1  1   34.2454   20.7568   15.8243    8.7262    0.9468    0.7738    0.0028    0.0023    5.3172    4.6538  0.7520E+03  0.1452E+04 -0.4362E-06 -0.4975E-07  0.1000E-09  0.1000E-09  0.1000E-09  0.1000E-09  0.7512E+04  0.0000E+00
    1.3726  1  1   34.2433   20.7566   15.8243    8.7262    0.9471    0.7739    0.0028    0.0024    5.3175    4.6539  0.7506E+03  0.1451E+04 -0.4402E-06 -0.4976E-07  0.1000E-09  0.1000E-09  0.1000E-09  0.1000E-09  0.7512E+04  0.0000E+00
    1.3774  1  1   34.2412   20.7564   15.8243    8.7262    0.9474    0.7740    0.0028    0.0024    5.3178    4.6541  0.7491E+03  0.1450E+04 -0.4428E-06 -0.4982E-07  0.1000E-09  0.1000E-09  0.1000E-09  0.1000E-09  0.7512E+04  0.0000E+00
    1.3822  1  1   34.2390   20.7561   15.8243    8.7262    0.9477    0.7742    0.0028    0.0024    5.3181    4.6543  0.7477E+03  0.1448E+04 -0.4428E-06 -0.4987E-07  0.1000E-09  0.1000E-09  0.1000E-09  0.1000E-09  0.7513E+04  0.0000E+00
    1.3870  1  1   34.2369   20.7559   15.8243    8.7262    0.9479    0.7743    0.0028    0.0024    5.3183    4.6544  0.7463E+03  0.1447E+04 -0.4428E-06 -0.4993E-07  0.1000E-09  0.1000E-09  0.1000E-09  0.1000E-09  0.7513E+04  0.0000E+00
    1.3918  1  1   34.2348   20.7556   15.8243    8.7262    0.9482    0.7744    0.0028    0.0024    5.3186    4.6546  0.7449E+03  0.1446E+04 -0.4428E-06 -0.4995E-07  0.1000E-09  0.1000E-09  0.1000E-09  0.1000E-09  0.7513E+04  0.0000E+00
    1.3966  1  1   34.2327   20.7554   15.8243    8.7262    0.9485    0.7746    0.0028    0.0024    5.3189    4.6548  0.7434E+03  0.1445E+04 -0.4445E-06 -0.4995E-07  0.1000E-09  0.1000E-09  0.1000E-09  0.1000E-09  0.7514E+04  0.0000E+00
    1.4014  1  1   34.2305   20.7552   15.8243    8.7262    0.9488    0.7747    0.0028    0.0024    5.3192    4.6550  0.7420E+03  0.1444E+04 -0.4489E-06 -0.4995E-07  0.1000E-09  0.1000E-09  0.1000E-09  0.1000E-09  0.7514E+04  0.0000E+00
    1.4062  1  1   34.2283   20.7549   15.8243    8.7262    0.9490    0.7748    0.0028    0.0024    5.3195    4.6551  0.7405E+03  0.1443E+04 -0.4516E-06 -0.4995E-07  0.1000E-09  0.1000E-09  0.1000E-09  0.1000E-09  0.7514E+04  0.0000E+00
    1.4110  1  1   34.2262   20.7547   15.8243    8.7262    0.9493    0.7750    0.0028    0.0024    5.3197    4.6553  0.7391E+03  0.1442E+04 -0.4516E-06 -0.4995E-07  0.1000E-09  0.1000E-09  0.1000E-09  0.1000E-09  0.7515E+04  0.0000E+00
    1.4158  1  1   34.2240   20.7544   15.8243    8.7262    0.9496    0.7751    0.0028    0.0024    5.3200    4.6555  0.7377E+03  0.1441E+04 -0.4516E-06 -0.4995E-07  0.1000E-09  0.1000E-09  0.1000E-09  0.1000E-09  0.7515E+04  0.0000E+00
    1.4206  1  1   34.2218   20.7542   15.8243    8.7262    0.9499    0.7752    0.0028    0.0024    5.3203    4.6557  0.7363E+03  0.1440E+04 -0.4516E-06 -0.4997E-07  0.1000E-09  0.1000E-09  0.1000E-09  0.1000E-09  0.7515E+04  0.0000E+00
    1.4254  1  1   34.2197   20.7540   15.8243    8.7262    0.9501    0.7753    0.0028    0.0024    5.3206    4.6558  0.7348E+03  0.1439E+04 -0.4510E-06 -0.5010E-07  0.1000E-09  0.1000E-09  0.1000E-09  0.1000E-09  0.7515E+04  0.0000E+00
    1.4302  1  1   34.2175   20.7537   15.8243    8.7262    0.9504    0.7755    0.0028    0.0024    5.3209    4.6560  0.7334E+03  0.1438E+04 -0.4495E-06 -0.5023E-07  0.1000E-09  0.1000E-09  0.1000E-09  0.1000E-09  0.7516E+04  0.0000E+00
    1.4350  1  1   34.2154   20.7535   15.8243    8.7262    0.9507    0.7756    0.0028    0.0024    5.3211    4.6562  0.7320E+03  0.1437E+04 -0.4486E-06 -0.5036E-07  0.1000E-09  0.1000E-09  0.1000E-09  0.1000E-09  0.7516E+04  0.0000E+00
    1.4398  1  1   34.2132   20.7532   15.8243    8.7262    0.9510    0.7757    0.0028    0.0024    5.3214    4.6563  0.7305E+03  0.1436E+04 -0.4486E-06 -0.5044E-07  0.1000E-09  0.1000E-09  0.1000E-09  0.1000E-09  0.7516E+04  0.0000E+00
    1.4446  1  1   34.2110   20.7530   15.8243    8.7262    0.9513    0.7759    0.0028    0.0024    5.3217    4.6565  0.7291E+03  0.1435E+04 -0.4486E-06 -0.5044E-07  0.1000E-09  0.1000E-09  0.1000E-09  0.1000E-09  0.7517E+04  0.0000E+00
    1.4494  1  1   34.2089   20.7527   15.8243    8.7262    0.9515    0.7760    0.0028    0.0024    5.3220    4.6567  0.7277E+03  0.1434E+04 -0.4486E-06 -0.5044E-07  0.1000E-09  0.1000E-09  0.1000E-09  0.1000E-09  0.7517E+04  0.0000E+00
    1.4542  1  1   34.2067   20.7525   15.8243    8.7262    0.9518    0.7761    0.0028    0.0024    5.3223    4.6569  0.7263E+03  0.1433E+04 -0.4492E-06 -0.5044E-07  0.1000E-09  0.1000E-09  0.1000E-09  0.1000E-09  0.7517E+04  0.0000E+00
    1.4590  1  1   34.2046   20.7523   15.8243    8.7262    0.9521    0.7763    0.0028    0.0024    5.3225    4.6570  0.7249E+03  0.1432E+04 -0.4505E-06 -0.5044E-07  0.1000E-09  0.1000E-09  0.1000E-09  0.1000E-09  0.7518E+04  0.0000E+00
    1.4638  1  1   34.2024   20.7520   15.8243    8.7262    0.9524    0.7764    0.0028    0.0024    5.3228    4.6572  0.7234E+03  0.1431E+04 -0.4511E-06 -0.5044E-07  0.1000E-09  0.1000E-09  0.1000E-09  0.1000E-09  0.7518E+04  0.0000E+00
    1.4686  1  1   34.2002   20.7518   15.8243    8.7262    0.9527    0.7765    0.0028    0.0024    5.3231    4.6574  0.7220E+03  0.1430E+04 -0.4511E-06 -0.5043E-07  0.1000E-09  0.1000E-09  0.1000E-09  0.1000E-09  0.7518E+04  0.0000E+00
    1.4734  1  1   34.1981   20.7515   15.8243    8.7262    0.9529    0.7767    0.0028    0.0024    5.3234    4.6575  0.7206E+03  0.1429E+04 -0.4511E-06 -0.5003E-07  0.1000E-09  0.1000E-09  0.1000E-09  0.1000E-09  0.7519E+04  0.0000E+00
    1.4782  1  1   34.1959   20.7513   15.8243    8.7262    0.9532    0.7768    0.0028    0.0024    5.3237    4.6577  0.7192E+03  0.1428E+04 -0.4511E-06 -0.4963E-07  0.1000E-09  0.1000E-09  0.1000E-09  0.1000E-09  0.7519E+04  0.0000E+00
    1.4830  1  1   34.1937   20.7511   15.8243    8.7262    0.9535    0.7769    0.0028    0.0024    5.3239    4.6579  0.7178E+03  0.1427E+04 -0.4536E-06 -0.4922E-07  0.1000E-09  0.1000E-09  0.1000E-09  0.1000E-09  0.7519E+04  0.0000E+00
    1.4878  1  1   34.1915   20.7508   15.8243    8.7262    0.9538    0.7771    0.0028    0.0024    5.3242    4.6580  0.7164E+03  0.1426E+04 -0.4578E-06 -0.4892E-07  0.1000E-09  0.1000E-09  0.1000E-09  0.1000E-09  0.7520E+04  0.0000E+00
    1.4926  1  1   34.1893   20.7506   15.8243    8.7262    0.9541    0.7772    0.0028    0.0024    5.3245    4.6582  0.7149E+03  0.1425E+04 -0.4596E-06 -0.4892E-07  0.1000E-09  0.1000E-09  0.1000E-09  0.1000E-09  0.7520E+04  0.0000E+00
    1.4974  1  1   34.1871   20.7504   15.8243    8.7262    0.9544    0.7773    0.0028    0.0024    5.3248    4.6584  0.7135E+03  0.1424E+04 -0.4596E-06 -0.4892E-07  0.1000E-09  0.1000E-09  0.1000E-09  0.1000E-09  0.7520E+04  0.0000E+00
    1.5022  1  1   34.1849   20.7501   15.8243    8.7262    0.9546    0.7775    0.0028    0.0024    5.3251    4.6586  0.7121E+03  0.1423E+04 -0.4596E-06 -0.4892E-07  0.1000E-09  0.1000E-09  0.1000E-09  0.1000E-09  0.7521E+04  0.0000E+00
    1.5070  1  1   34.1827   20.7499   15.8243    8.7262    0.9549    0.7776    0.0028    0.0024    5.3254    4.6587  0.7107E+03  0.1422E+04 -0.4596E-06 -0.4892E-07  0.1000E-09  0.1000E-09  0.1000E-09  0.1000E-09  0.7521E+04  0.0000E+00
    1.5118  1  1   34.1805   20.7497   15.8243    8.7262    0.9552    0.7777    0.0028    0.0024    5.3256    4.6589  0.7093E+03  0.1421E+04 -0.4588E-06 -0.4892E-07  0.1000E-09  0.1000E-09  0.1000E-09  0.1000E-09  0.7521E+04  0.0000E+00
    1.5166  1  1   34.1783   20.7494   15.8243    8.7262    0.9555    0.7778    0.0028    0.0024    5.3259    4.6591  0.7078E+03  0.1420E+04 -0.4574E-06 -0.4892E-07  0.1000E-09  0.1000E-09  0.1000E-09  0.1000E-09  0.7522E+04  0.0000E+00
    1.5214  1  1   34.1761   20.7492   15.8243    8.7262    0.9558    0.7780    0.0028    0.0024    5.3262    4.6592  0.7064E+03  0.1419E+04 -0.4569E-06 -0.4927E-07  0.1000E-09  0.1000E-09  0.1000E-09  0.1000E-09  0.7522E+04  0.0000E+00
    1.5262  1  1   34.1739   20.7489   15.8243    8.7262    0.9561    0.7781    0.0028    0.0024    5.3265    4.6594  0.7050E+03  0.1418E+04 -0.4569E-06 -0.4989E-07  0.1000E-09  0.1000E-09  0.1000E-09  0.1000E-09  0.7522E+04  0.0000E+00
    1.5310  1  1   34.1717   20.7487   15.8243    8.7262    0.9564    0.7782    0.0028    0.0024    5.3268    4.6596  0.7036E+03  0.1417E+04 -0.4569E-06 -0.5051E-07  0.1000E-09  0.1000E-09  0.1000E-09  0.1000E-09  0.7523E+04  0.0000E+00
    1.5358  1  1   34.1695   20.7485   15.8243    8.7262    0.9566    0.7784    0.0028    0.0024    5.3271    4.6598  0.7022E+03  0.1416E+04 -0.4569E-06 -0.5113E-07  0.1000E-09  0.1000E-09  0.1000E-09  0.1000E-09  0.7523E+04  0.0000E+00
    1.5406  1  1   34.1673   20.7482   15.8243    8.7262    0.9569    0.7785    0.0028    0.0024    5.3274    4.6599  0.7008E+03  0.1414E+04 -0.4601E-06 -0.5127E-07  0.1000E-09  0.1000E-09  0.1000E-09  0.1000E-09  0.7523E+04  0.0000E+00
    1.5454  1  1   34.1651   20.7480   15.8243    8.7262    0.9572    0.7786    0.0028    0.0024    5.3276    4.6601  0.6994E+03  0.1413E+04 -0.4645E-06 -0.5127E-07  0.1000E-09  0.1000E-09  0.1000E-09  0.1000E-09  0.7524E+04  0.0000E+00
    1.5502  1  1   34.1629   20.7477   15.8243    8.7262    0.9575    0.7788    0.0029    0.0024    5.3279    4.6603  0.6980E+03  0.1412E+04 -0.4656E-06 -0.5127E-07  0.1000E-09  0.1000E-09  0.1000E-09  0.1000E-09  0.7524E+04  0.0000E+00
    1.5550  1  1   34.1606   20.7475   15.8243    8.7262    0.9578    0.7789    0.0029    0.0024    5.3282    4.6604  0.6965E+03  0.1411E+04 -0.4656E-06 -0.5127E-07  0.1000E-09  0.1000E-09  0.1000E-09  0.1000E-09  0.7524E+04  0.0000E+00
    1.5598  1  1   34.1584   20.7472   15.8243    8.7262    0.9581    0.7790    0.0029    0.0024    5.3285    4.6606  0.6951E+03  0.1410E+04 -0.4656E-06 -0.5127E-07  0.1000E-09  0.1000E-09  0.1000E-09  0.1000E-09  0.7525E+04  0.0000E+00
    1.5646  1  1   34.1562   20.7470   15.8243    8.7262    0.9584    0.7792    0.0029    0.0024    5.3288    4.6608  0.6937E+03  0.1409E+04 -0.4656E-06 -0.5127E-07  0.1000E-09  0.1000E-09  0.1000E-09  0.1000E-09  0.7525E+04  0.0000E+00
    1.5694  1  1   34.1539   20.7467   15.8243    8.7262    0.9587    0.7793    0.0029    0.0024    5.3291    4.6610  0.6923E+03  0.1408E+04 -0.4710E-06 -0.5125E-07  0.1000E-09  0.1000E-09  0.1000E-09  0.1000E-09  0.7525E+04  0.0000E+00
    1.5742  1  1   34.1516   20.7465   15.8243    8.7262    0.9590    0.7794    0.0029    0.0024    5.3294    4.6611  0.6909E+03  0.1407E+04 -0.4774E-06 -0.5123E-07  0.1000E-09  0.1000E-09  0.1000E-09  0.1000E-09  0.7526E+04  0.0000E+00
    1.5790  1  1   34.1493   20.7462   15.8243    8.7262    0.9593    0.7796    0.0029    0.0024    5.3297    4.6613  0.6895E+03  0.1406E+04 -0.4785E-06 -0.5121E-07  0.1000E-09  0.1000E-09  0.1000E-09  0.1000E-09  0.7526E+04  0.0000E+00
    1.5838  1  1   34.1470   20.7460   15.8243    8.7262    0.9595    0.7797    0.0029    0.0024    5.3300    4.6615  0.6881E+03  0.1405E+04 -0.4785E-06 -0.5119E-07  0.1000E-09  0.1000E-09  0.1000E-09  0.1000E-09  0.7527E+04  0.0000E+00
    1.5886  1  1   34.1447   20.7458   15.8243    8.7262    0.9598    0.7798    0.0029    0.0024    5.3303    4.6617  0.6866E+03  0.1404E+04 -0.4785E-06 -0.5118E-07  0.1000E-09  0.1000E-09  0.1000E-09  0.1000E-09  0.7527E+04  0.0000E+00
    1.5934  1  1   34.1424   20.7455   15.8243    8.7262    0.9601    0.7800    0.0029    0.0024    5.3306    4.6618  0.6852E+03  0.1403E+04 -0.4785E-06 -0.5118E-07  0.1000E-09  0.1000E-09  0.1000E-09  0.1000E-09  0.7527E+04  0.0000E+00
    1.5982  1  1   34.1402   20.7453   15.8243    8.7262    0.9604    0.7801    0.0029    0.0024    5.3309    4.6620  0.6838E+03  0.1402E+04 -0.4760E-06 -0.5118E-07  0.1000E-09  0.1000E-09  0.1000E-09  0.1000E-09  0.7528E+04  0.0000E+00
    1.6030  1  1   34.1379   20.7450   15.8243    8.7262    0.9607    0.7802    0.0029    0.0024    5.3312    4.6622  0.6824E+03  0.1401E+04 -0.4730E-06 -0.5118E-07  0.1000E-09  0.1000E-09  0.1000E-09  0.1000E-09  0.7528E+04  0.0000E+00
    1.6078  1  1   34.1356   20.7448   15.8243    8.7262    0.9610    0.7804    0.0029    0.0024    5.3314    4.6623  0.6810E+03  0.1400E+04 -0.4724E-06 -0.5118E-07  0.1000E-09  0.1000E-09  0.1000E-09  0.1000E-09  0.7528E+04  0.0000E+00
    1.6126  1  1   34.1333   20.7445   15.8243    8.7262    0.9613    0.7805    0.0029    0.0024    5.3317    4.6625  0.6797E+03  0.1399E+04 -0.4724E-06 -0.5118E-07  0.1000E-09  0.1000E-09  0.1000E-09  0.1000E-09  0.7529E+04  0.0000E+00
    1.6174  1  1   34.1311   20.7443   15.8243    8.7262    0.9616    0.7806    0.0029    0.0024    5.3320    4.6627  0.6783E+03  0.1398E+04 -0.4724E-06 -0.5120E-07  0.1000E-09  0.1000E-09  0.1000E-09  0.1000E-09  0.7529E+04  0.0000E+00
    1.6222  1  1   34.1288   20.7440   15.8243    8.7262    0.9619    0.7808    0.0029    0.0024    5.3323    4.6629  0.6769E+03  0.1397E+04 -0.4724E-06 -0.5181E-07  0.1000E-09  0.1000E-09  0.1000E-09  0.1000E-09  0.7529E+04  0.0000E+00
    1.6270  1  1   34.1265   20.7438   15.8243    8.7262    0.9622    0.7809    0.0029    0.0024    5.3326    4.6630  0.6755E+03  0.1396E+04 -0.4757E-06 -0.5242E-07  0.1000E-09  0.1000E-09  0.1000E-09  0.1000E-09  0.7530E+04  0.0000E+00
    1.6318  1  1   34.1242   20.7435   15.8243    8.7262    0.9625    0.7810    0.0029    0.0024    5.3329    4.6632  0.6741E+03  0.1395E+04 -0.4791E-06 -0.5304E-07  0.1000E-09  0.1000E-09  0.1000E-09  0.1000E-09  0.7530E+04  0.0000E+00
    1.6366  1  1   34.1219   20.7433   15.8243    8.7262    0.9628    0.7812    0.0029    0.0024    5.3332    4.6634  0.6727E+03  0.1394E+04 -0.4793E-06 -0.5349E-07  0.1000E-09  0.1000E-09  0.1000E-09  0.1000E-09  0.7530E+04  0.0000E+00
    1.6414  1  1   34.1196   20.7430   15.8243    8.7262    0.9631    0.7813    0.0029    0.0024    5.3335    4.6636  0.6713E+03  0.1393E+04 -0.4793E-06 -0.5349E-07  0.1000E-09  0.1000E-09  0.1000E-09  0.1000E-09  0.7531E+04  0.0000E+00
    1.6462  1  1   34.1173   20.7428   15.8243    8.7262    0.9634    0.7814    0.0029    0.0024    5.3338    4.6637  0.6699E+03  0.1392E+04 -0.4793E-06 -0.5349E-07  0.1000E-09  0.1000E-09  0.1000E-09  0.1000E-09  0.7531E+04  0.0000E+00
    1.6510  1  1   34.1150   20.7425   15.8243    8.7262    0.9637    0.7816    0.0029    0.0024    5.3341    4.6639  0.6685E+03  0.1391E+04 -0.4793E-06 -0.5349E-07  0.1000E-09  0.1000E-09  0.1000E-09  0.1000E-09  0.7531E+04  0.0000E+00
    1.6558  1  1   34.1127   20.7422   15.8243    8.7262    0.9640    0.7817    0.0029    0.0024    5.3344    4.6641  0.6671E+03  0.1390E+04 -0.4840E-06 -0.5349E-07  0.1000E-09  0.1000E-09  0.1000E-09  0.1000E-09  0.7532E+04  0.0000E+00
    1.6606  1  1   34.1104   20.7420   15.8243    8.7262    0.9643    0.7818    0.0029    0.0024    5.3346    4.6643  0.6656E+03  0.1389E+04 -0.4886E-06 -0.5349E-07  0.1000E-09  0.1000E-09  0.1000E-09  0.1000E-09  0.7532E+04  0.0000E+00
    1.6654  1  1   34.1080   20.7417   15.8243    8.7262    0.9646    0.7820    0.0029    0.0024    5.3349    4.6644  0.6642E+03  0.1388E+04 -0.4886E-06 -0.5349E-07  0.1000E-09  0.1000E-09  0.1000E-09  0.1000E-09  0.7532E+04  0.0000E+00
    1.6702  1  1   34.1057   20.7415   15.8243    8.7262    0.9649    0.7821    0.0029    0.0024    5.3352    4.6646  0.6628E+03  0.1387E+04 -0.4886E-06 -0.5310E-07  0.1000E-09  0.1000E-09  0.1000E-09  0.1000E-09  0.7533E+04  0.0000E+00
    1.6750  1  1   34.1033   20.7412   15.8243    8.7262    0.9652    0.7822    0.0029    0.0024    5.3355    4.6648  0.6614E+03  0.1386E+04 -0.4886E-06 -0.5268E-07  0.1000E-09  0.1000E-09  0.1000E-09  0.1000E-09  0.7533E+04  0.0000E+00
    1.6798  1  1   34.1010   20.7410   15.8243    8.7262    0.9655    0.7823    0.0029    0.0024    5.3358    4.6650  0.6600E+03  0.1385E+04 -0.4885E-06 -0.5225E-07  0.1000E-09  0.1000E-09  0.1000E-09  0.1000E-09  0.7534E+04  0.0000E+00
    1.6846  1  1   34.0986   20.7407   15.8243    8.7262    0.9658    0.7825    0.0029    0.0024    5.3361    4.6651  0.6586E+03  0.1384E+04 -0.4871E-06 -0.5190E-07  0.1000E-09  0.1000E-09  0.1000E-09  0.1000E-09  0.7534E+04  0.0000E+00
    1.6894  1  1   34.0963   20.7405   15.8243    8.7262    0.9661    0.7826    0.0029    0.0024    5.3364    4.6653  0.6572E+03  0.1383E+04 -0.4858E-06 -0.5190E-07  0.1000E-09  0.1000E-09  0.1000E-09  0.1000E-09  0.7534E+04  0.0000E+00
    1.6942  1  1   34.0940   20.7402   15.8243    8.7262    0.9664    0.7827    0.0029    0.0024    5.3367    4.6655  0.6558E+03  0.1382E+04 -0.4858E-06 -0.5190E-07  0.1000E-09  0.1000E-09  0.1000E-09  0.1000E-09  0.7535E+04  0.0000E+00
    1.6990  1  1   34.0917   20.7400   15.8243    8.7262    0.9667    0.7829    0.0029    0.0024    5.3370    4.6657  0.6544E+03  0.1381E+04 -0.4858E-06 -0.5190E-07  0.1000E-09  0.1000E-09  0.1000E-09  0.1000E-09  0.7535E+04  0.0000E+00
    1.7038  1  1   34.0893   20.7397   15.8243    8.7262    0.9670    0.7830    0.0029    0.0024    5.3373    4.6658  0.6530E+03  0.1380E+04 -0.4858E-06 -0.5190E-07  0.1000E-09  0.1000E-09  0.1000E-09  0.1000E-09  0.7535E+04  0.0000E+00
    1.7086  1  1   34.0870   20.7395   15.8243    8.7262    0.9673    0.7831    0.0029    0.0024    5.3375    4.6660  0.6516E+03  0.1379E+04 -0.4865E-06 -0.5190E-07  0.1000E-09  0.1000E-09  0.1000E-09  0.1000E-09  0.7536E+04  0.0000E+00
    1.7134  1  1   34.0846   20.7392   15.8243    8.7262    0.9676    0.7833    0.0029    0.0024    5.3378    4.6662  0.6502E+03  0.1378E+04 -0.4911E-06 -0.5190E-07  0.1000E-09  0.1000E-09  0.1000E-09  0.1000E-09  0.7536E+04  0.0000E+00
    1.7182  1  1   34.0823   20.7390   15.8243    8.7262    0.9679    0.7834    0.0029    0.0024    5.3381    4.6663  0.6488E+03  0.1377E+04 -0.4950E-06 -0.5224E-07  0.1000E-09  0.1000E-09  0.1000E-09  0.1000E-09  0.7536E+04  0.0000E+00
    1.7230  1  1   34.0799   20.7387   15.8243    8.7262    0.9683    0.7835    0.0029    0.0024    5.3384    4.6665  0.6474E+03  0.1376E+04 -0.4950E-06 -0.5289E-07  0.1000E-09  0.1000E-09  0.1000E-09  0.1000E-09  0.7537E+04  0.0000E+00
    1.7278  1  1   34.0775   20.7385   15.8243    8.7262    0.9686    0.7837    0.0029    0.0024    5.3387    4.6667  0.6460E+03  0.1375E+04 -0.4950E-06 -0.5354E-07  0.1000E-09  0.1000E-09  0.1000E-09  0.1000E-09  0.7537E+04  0.0000E+00
    1.7326  1  1   34.0751   20.7382   15.8243    8.7262    0.9689    0.7838    0.0029    0.0024    5.3390    4.6669  0.6446E+03  0.1374E+04 -0.4950E-06 -0.5419E-07  0.1000E-09  0.1000E-09  0.1000E-09  0.1000E-09  0.7537E+04  0.0000E+00
    1.7374  1  1   34.0727   20.7379   15.8243    8.7262    0.9692    0.7839    0.0029    0.0024    5.3393    4.6671  0.6432E+03  0.1373E+04 -0.4957E-06 -0.5435E-07  0.1000E-09  0.1000E-09  0.1000E-09  0.1000E-09  0.7538E+04  0.0000E+00
    1.7422  1  1   34.0704   20.7377   15.8243    8.7262    0.9695    0.7841    0.0029    0.0024    5.3396    4.6672  0.6418E+03  0.1372E+04 -0.4989E-06 -0.5435E-07  0.1000E-09  0.1000E-09  0.1000E-09  0.1000E-09  0.7538E+04  0.0000E+00
    1.7470  1  1   34.0679   20.7374   15.8243    8.7262    0.9698    0.7842    0.0029    0.0024    5.3399    4.6674  0.6404E+03  0.1371E+04 -0.5013E-06 -0.5435E-07  0.1000E-09  0.1000E-09  0.1000E-09  0.1000E-09  0.7539E+04  0.0000E+00
    1.7518  1  1   34.0655   20.7372   15.8243    8.7262    0.9701    0.7843    0.0029    0.0024    5.3401    4.6676  0.6390E+03  0.1370E+04 -0.5013E-06 -0.5435E-07  0.1000E-09  0.1000E-09  0.1000E-09  0.1000E-09  0.7539E+04  0.0000E+00
    1.7566  1  1   34.0631   20.7369   15.8243    8.7262    0.9704    0.7845    0.0029    0.0024    5.3404    4.6678  0.6376E+03  0.1369E+04 -0.5013E-06 -0.5435E-07  0.1000E-09  0.1000E-09  0.1000E-09  0.1000E-09  0.7539E+04  0.0000E+00
    1.7614  1  1   34.0607   20.7366   15.8243    8.7262    0.9708    0.7846    0.0029    0.0024    5.3407    4.6679  0.6362E+03  0.1368E+04 -0.5013E-06 -0.5435E-07  0.1000E-09  0.1000E-09  0.1000E-09  0.1000E-09  0.7540E+04  0.0000E+00
    1.7662  1  1   34.0583   20.7364   15.8243    8.7262    0.9711    0.7847    0.0029    0.0024    5.3410    4.6681  0.6348E+03  0.1367E+04 -0.5011E-06 -0.5411E-07  0.1000E-09  0.1000E-09  0.1000E-09  0.1000E-09  0.7540E+04  0.0000E+00
    1.7710  1  1   34.0559   20.7361   15.8243    8.7262    0.9714    0.7849    0.0029    0.0024    5.3413    4.6683  0.6334E+03  0.1366E+04 -0.5005E-06 -0.5372E-07  0.1000E-09  0.1000E-09  0.1000E-09  0.1000E-09  0.7540E+04  0.0000E+00
    1.7758  1  1   34.0535   20.7359   15.8243    8.7262    0.9717    0.7850    0.0029    0.0024    5.3416    4.6685  0.6320E+03  0.1365E+04 -0.5001E-06 -0.5333E-07  0.1000E-09  0.1000E-09  0.1000E-09  0.1000E-09  0.7541E+04  0.0000E+00
    1.7806  1  1   34.0511   20.7356   15.8243    8.7262    0.9720    0.7851    0.0029    0.0024    5.3419    4.6686  0.6306E+03  0.1364E+04 -0.5001E-06 -0.5294E-07  0.1000E-09  0.1000E-09  0.1000E-09  0.1000E-09  0.7541E+04  0.0000E+00
    1.7854  1  1   34.0487   20.7354   15.8243    8.7262    0.9723    0.7853    0.0029    0.0024    5.3422    4.6688  0.6292E+03  0.1363E+04 -0.5001E-06 -0.5287E-07  0.1000E-09  0.1000E-09  0.1000E-09  0.1000E-09  0.7541E+04  0.0000E+00
    1.7902  1  1   34.0463   20.7351   15.8243    8.7262    0.9727    0.7854    0.0029    0.0024    5.3425    4.6690  0.6278E+03  0.1362E+04 -0.5001E-06 -0.5287E-07  0.1000E-09  0.1000E-09  0.1000E-09  0.1000E-09  0.7542E+04  0.0000E+00
    1.7950  1  1   34.0439   20.7348   15.8243    8.7262    0.9730    0.7855    0.0029    0.0024    5.3428    4.6692  0.6264E+03  0.1361E+04 -0.5015E-06 -0.5287E-07  0.1000E-09  0.1000E-09  0.1000E-09  0.1000E-09  0.7542E+04  0.0000E+00
    1.7998  1  1   34.0415   20.7346   15.8243    8.7262    0.9733    0.7857    0.0030    0.0024    5.3431    4.6693  0.6250E+03  0.1360E+04 -0.5055E-06 -0.5287E-07  0.1000E-09  0.1000E-09  0.1000E-09  0.1000E-09  0.7543E+04  0.0000E+00
    1.8046  1  1   34.0390   20.7343   15.8243    8.7262    0.9736    0.7858    0.0030    0.0024    5.3434    4.6695  0.6236E+03  0.1359E+04 -0.5083E-06 -0.5287E-07  0.1000E-09  0.1000E-09  0.1000E-09  0.1000E-09  0.7543E+04  0.0000E+00
    1.8094  1  1   34.0366   20.7341   15.8243    8.7262    0.9740    0.7859    0.0030    0.0024    5.3437    4.6697  0.6222E+03  0.1358E+04 -0.5083E-06 -0.5287E-07  0.1000E-09  0.1000E-09  0.1000E-09  0.1000E-09  0.7543E+04  0.0000E+00
    1.8142  1  1   34.0342   20.7338   15.8243    8.7262    0.9743    0.7861    0.0030    0.0024    5.3440    4.6698  0.6208E+03  0.1357E+04 -0.5083E-06 -0.5290E-07  0.1000E-09  0.1000E-09  0.1000E-09  0.1000E-09  0.7544E+04  0.0000E+00
    1.8190  1  1   34.0317   20.7336   15.8243    8.7262    0.9746    0.7862    0.0030    0.0024    5.3443    4.6700  0.6194E+03  0.1356E+04 -0.5083E-06 -0.5298E-07  0.1000E-09  0.1000E-09  0.1000E-09  0.1000E-09  0.7544E+04  0.0000E+00
    1.8238  1  1   34.0293   20.7333   15.8243    8.7262    0.9749    0.7863    0.0030    0.0024    5.3445    4.6702  0.6180E+03  0.1355E+04 -0.5089E-06 -0.5306E-07  0.1000E-09  0.1000E-09  0.1000E-09  0.1000E-09  0.7544E+04  0.0000E+00
    1.8286  1  1   34.0268   20.7331   15.8243    8.7262    0.9752    0.7865    0.0030    0.0024    5.3448    4.6704  0.6166E+03  0.1354E+04 -0.5104E-06 -0.5314E-07  0.1000E-09  0.1000E-09  0.1000E-09  0.1000E-09  0.7545E+04  0.0000E+00
    1.8334  1  1   34.0244   20.7328   15.8243    8.7262    0.9756    0.7866    0.0030    0.0024    5.3451    4.6705  0.6152E+03  0.1353E+04 -0.5113E-06 -0.5318E-07  0.1000E-09  0.1000E-09  0.1000E-09  0.1000E-09  0.7545E+04  0.0000E+00
    1.8382  1  1   34.0219   20.7326   15.8243    8.7262    0.9759    0.7867    0.0030    0.0024    5.3454    4.6707  0.6138E+03  0.1352E+04 -0.5113E-06 -0.5318E-07  0.1000E-09  0.1000E-09  0.1000E-09  0.1000E-09  0.7546E+04  0.0000E+00
    1.8430  1  1   34.0195   20.7323   15.8243    8.7262    0.9762    0.7869    0.0030    0.0024    5.3457    4.6709  0.6125E+03  0.1351E+04 -0.5113E-06 -0.5318E-07  0.1000E-09  0.1000E-09  0.1000E-09  0.1000E-09  0.7546E+04  0.0000E+00
    1.8478  1  1   34.0170   20.7320   15.8243    8.7262    0.9766    0.7870    0.0030    0.0024    5.3460    4.6711  0.6111E+03  0.1350E+04 -0.5113E-06 -0.5318E-07  0.1000E-09  0.1000E-09  0.1000E-09  0.1000E-09  0.7546E+04  0.0000E+00
    1.8526  1  1   34.0146   20.7318   15.8243    8.7262    0.9769    0.7871    0.0030    0.0024    5.3463    4.6712  0.6097E+03  0.1349E+04 -0.5132E-06 -0.5318E-07  0.1000E-09  0.1000E-09  0.1000E-09  0.1000E-09  0.7547E+04  0.0000E+00
    1.8574  1  1   34.0121   20.7315   15.8243    8.7262    0.9772    0.7873    0.0030    0.0024    5.3466    4.6714  0.6083E+03  0.1348E+04 -0.5172E-06 -0.5318E-07  0.1000E-09  0.1000E-09  0.1000E-09  0.1000E-09  0.7547E+04  0.0000E+00
    1.8622  1  1   34.0096   20.7313   15.8243    8.7262    0.9775    0.7874    0.0030    0.0024    5.3469    4.6716  0.6069E+03  0.1347E+04 -0.5193E-06 -0.5327E-07  0.1000E-09  0.1000E-09  0.1000E-09  0.1000E-09  0.7547E+04  0.0000E+00
    1.8670  1  1   34.0071   20.7310   15.8243    8.7262    0.9779    0.7875    0.0030    0.0024    5.3472    4.6718  0.6055E+03  0.1346E+04 -0.5193E-06 -0.5378E-07  0.1000E-09  0.1000E-09  0.1000E-09  0.1000E-09  0.7548E+04  0.0000E+00
    1.8718  1  1   34.0046   20.7308   15.8243    8.7262    0.9782    0.7877    0.0030    0.0024    5.3475    4.6720  0.6041E+03  0.1345E+04 -0.5193E-06 -0.5429E-07  0.1000E-09  0.1000E-09  0.1000E-09  0.1000E-09  0.7548E+04  0.0000E+00
    1.8766  1  1   34.0021   20.7305   15.8243    8.7262    0.9785    0.7878    0.0030    0.0024    5.3478    4.6721  0.6027E+03  0.1344E+04 -0.5193E-06 -0.5480E-07  0.1000E-09  0.1000E-09  0.1000E-09  0.1000E-09  0.7549E+04  0.0000E+00
    1.8814  1  1   33.9996   20.7302   15.8243    8.7262    0.9789    0.7879    0.0030    0.0024    5.3481    4.6723  0.6013E+03  0.1343E+04 -0.5202E-06 -0.5510E-07  0.1000E-09  0.1000E-09  0.1000E-09  0.1000E-09  0.7549E+04  0.0000E+00
    1.8862  1  1   33.9971   20.7300   15.8243    8.7262    0.9792    0.7881    0.0030    0.0024    5.3484    4.6725  0.5999E+03  0.1342E+04 -0.5218E-06 -0.5510E-07  0.1000E-09  0.1000E-09  0.1000E-09  0.1000E-09  0.7549E+04  0.0000E+00
    1.8910  1  1   33.9946   20.7297   15.8243    8.7262    0.9795    0.7882    0.0030    0.0024    5.3487    4.6727  0.5985E+03  0.1341E+04 -0.5226E-06 -0.5510E-07  0.1000E-09  0.1000E-09  0.1000E-09  0.1000E-09  0.7550E+04  0.0000E+00
    1.8958  1  1   33.9921   20.7294   15.8243    8.7262    0.9799    0.7883    0.0030    0.0024    5.3490    4.6728  0.5971E+03  0.1340E+04 -0.5226E-06 -0.5510E-07  0.1000E-09  0.1000E-09  0.1000E-09  0.1000E-09  0.7550E+04  0.0000E+00
    1.9006  1  1   33.9896   20.7292   15.8243    8.7262    0.9802    0.7885    0.0030    0.0024    5.3493    4.6730  0.5957E+03  0.1339E+04 -0.5226E-06 -0.5510E-07  0.1000E-09  0.1000E-09  0.1000E-09  0.1000E-09  0.7550E+04  0.0000E+00
    1.9054  1  1   33.9871   20.7289   15.8243    8.7262    0.9805    0.7886    0.0030    0.0024    5.3496    4.6732  0.5944E+03  0.1338E+04 -0.5226E-06 -0.5510E-07  0.1000E-09  0.1000E-09  0.1000E-09  0.1000E-09  0.7551E+04  0.0000E+00
    1.9102  1  1   33.9846   20.7287   15.8243    8.7262    0.9809    0.7887    0.0030    0.0024    5.3499    4.6734  0.5930E+03  0.1337E+04 -0.5234E-06 -0.5510E-07  0.1000E-09  0.1000E-09  0.1000E-09  0.1000E-09  0.7551E+04  0.0000E+00
    1.9150  1  1   33.9820   20.7284   15.8243    8.7262    0.9812    0.7889    0.0030    0.0024    5.3502    4.6735  0.5916E+03  0.1336E+04 -0.5248E-06 -0.5485E-07  0.1000E-09  0.1000E-09  0.1000E-09  0.1000E-09  0.7552E+04  0.0000E+00
    1.9198  1  1   33.9795   20.7281   15.8243    8.7262    0.9816    0.7890    0.0030    0.0024    5.3505    4.6737  0.5902E+03  0.1335E+04 -0.5253E-06 -0.5455E-07  0.1000E-09  0.1000E-09  0.1000E-09  0.1000E-09  0.7552E+04  0.0000E+00
    1.9246  1  1   33.9770   20.7279   15.8243    8.7262    0.9819    0.7891    0.0030    0.0024    5.3508    4.6739  0.5888E+03  0.1334E+04 -0.5253E-06 -0.5425E-07  0.1000E-09  0.1000E-09  0.1000E-09  0.1000E-09  0.7552E+04  0.0000E+00
    1.9294  1  1   33.9745   20.7276   15.8243    8.7262    0.9822    0.7893    0.0030    0.0024    5.3511    4.6741  0.5874E+03  0.1333E+04 -0.5253E-06 -0.5396E-07  0.1000E-09  0.1000E-09  0.1000E-09  0.1000E-09  0.7553E+04  0.0000E+00
    1.9342  1  1   33.9720   20.7273   15.8243    8.7262    0.9826    0.7894    0.0030    0.0024    5.3514    4.6742  0.5860E+03  0.1332E+04 -0.5253E-06 -0.5396E-07  0.1000E-09  0.1000E-09  0.1000E-09  0.1000E-09  0.7553E+04  0.0000E+00
    1.9390  1  1   33.9694   20.7271   15.8243    8.7262    0.9829    0.7895    0.0030    0.0024    5.3517    4.6744  0.5847E+03  0.1331E+04 -0.5283E-06 -0.5396E-07  0.1000E-09  0.1000E-09  0.1000E-09  0.1000E-09  0.7554E+04  0.0000E+00
    1.9437  1  1   33.9669   20.7268   15.8243    8.7262    0.9833    0.7897    0.0030    0.0024    5.3520    4.6746  0.5833E+03  0.1330E+04 -0.5328E-06 -0.5396E-07  0.1000E-09  0.1000E-09  0.1000E-09  0.1000E-09  0.7554E+04  0.0000E+00
    1.9485  1  1   33.9643   20.7266   15.8243    8.7262    0.9836    0.7898    0.0030    0.0024    5.3523    4.6748  0.5819E+03  0.1329E+04 -0.5343E-06 -0.5396E-07  0.1000E-09  0.1000E-09  0.1000E-09  0.1000E-09  0.7554E+04  0.0000E+00
    1.9533  1  1   33.9617   20.7263   15.8243    8.7262    0.9839    0.7899    0.0030    0.0024    5.3526    4.6749  0.5805E+03  0.1328E+04 -0.5343E-06 -0.5396E-07  0.1000E-09  0.1000E-09  0.1000E-09  0.1000E-09  0.7555E+04  0.0000E+00
    1.9581  1  1   33.9592   20.7261   15.8243    8.7262    0.9843    0.7901    0.0030    0.0024    5.3529    4.6751  0.5791E+03  0.1327E+04 -0.5343E-06 -0.5396E-07  0.1000E-09  0.1000E-09  0.1000E-09  0.1000E-09  0.7555E+04  0.0000E+00
    1.9629  1  1   33.9566   20.7258   15.8243    8.7262    0.9846    0.7902    0.0030    0.0024    5.3532    4.6753  0.5778E+03  0.1326E+04 -0.5343E-06 -0.5441E-07  0.1000E-09  0.1000E-09  0.1000E-09  0.1000E-09  0.7556E+04  0.0000E+00
    1.9677  1  1   33.9540   20.7255   15.8243    8.7262    0.9850    0.7903    0.0030    0.0024    5.3535    4.6755  0.5764E+03  0.1325E+04 -0.5354E-06 -0.5495E-07  0.1000E-09  0.1000E-09  0.1000E-09  0.1000E-09  0.7556E+04  0.0000E+00
    1.9725  1  1   33.9515   20.7253   15.8243    8.7262    0.9853    0.7905    0.0030    0.0024    5.3538    4.6757  0.5750E+03  0.1324E+04 -0.5369E-06 -0.5550E-07  0.1000E-09  0.1000E-09  0.1000E-09  0.1000E-09  0.7556E+04  0.0000E+00
    1.9773  1  1   33.9489   20.7250   15.8243    8.7262    0.9857    0.7906    0.0030    0.0024    5.3541    4.6758  0.5736E+03  0.1323E+04 -0.5373E-06 -0.5601E-07  0.1000E-09  0.1000E-09  0.1000E-09  0.1000E-09  0.7557E+04  0.0000E+00
    1.9821  1  1   33.9463   20.7247   15.8243    8.7262    0.9860    0.7907    0.0030    0.0024    5.3544    4.6760  0.5722E+03  0.1322E+04 -0.5373E-06 -0.5601E-07  0.1000E-09  0.1000E-09  0.1000E-09  0.1000E-09  0.7557E+04  0.0000E+00
    1.9869  1  1   33.9437   20.7245   15.8243    8.7262    0.9864    0.7909    0.0030    0.0024    5.3547    4.6762  0.5709E+03  0.1321E+04 -0.5373E-06 -0.5601E-07  0.1000E-09  0.1000E-09  0.1000E-09  0.1000E-09  0.7557E+04  0.0000E+00
    1.9917  1  1   33.9412   20.7242   15.8243    8.7262    0.9867    0.7910    0.0030    0.0024    5.3551    4.6764  0.5695E+03  0.1320E+04 -0.5373E-06 -0.5601E-07  0.1000E-09  0.1000E-09  0.1000E-09  0.1000E-09  0.7558E+04  0.0000E+00
    1.9965  1  1   33.9386   20.7239   15.8243    8.7262    0.9871    0.7911    0.0030    0.0024    5.3554    4.6765  0.5681E+03  0.1319E+04 -0.5409E-06 -0.5601E-07  0.1000E-09  0.1000E-09  0.1000E-09  0.1000E-09  0.7558E+04  0.0000E+00
    2.0013  1  1   33.9359   20.7236   15.8243    8.7262    0.9874    0.7913    0.0030    0.0024    5.3557    4.6767  0.5667E+03  0.1318E+04 -0.5453E-06 -0.5601E-07  0.1000E-09  0.1000E-09  0.1000E-09  0.1000E-09  0.7559E+04  0.0000E+00
    2.0061  1  1   33.9333   20.7234   15.8243    8.7262    0.9878    0.7914    0.0030    0.0024    5.3560    4.6769  0.5653E+03  0.1317E+04 -0.5460E-06 -0.5601E-07  0.1000E-09  0.1000E-09  0.1000E-09  0.1000E-09  0.7559E+04  0.0000E+00
    2.0109  1  1   33.9307   20.7231   15.8243    8.7262    0.9881    0.7915    0.0030    0.0024    5.3563    4.6771  0.5640E+03  0.1316E+04 -0.5460E-06 -0.5576E-07  0.1000E-09  0.1000E-09  0.1000E-09  0.1000E-09  0.7559E+04  0.0000E+00
    2.0157  1  1   33.9281   20.7228   15.8243    8.7262    0.9885    0.7917    0.0031    0.0024    5.3566    4.6773  0.5626E+03  0.1315E+04 -0.5460E-06 -0.5536E-07  0.1000E-09  0.1000E-09  0.1000E-09  0.1000E-09  0.7560E+04  0.0000E+00
    2.0205  1  1   33.9255   20.7226   15.8243    8.7262    0.9888    0.7918    0.0031    0.0024    5.3569    4.6774  0.5612E+03  0.1314E+04 -0.5460E-06 -0.5495E-07  0.1000E-09  0.1000E-09  0.1000E-09  0.1000E-09  0.7560E+04  0.0000E+00
    2.0253  1  1   33.9228   20.7223   15.8243    8.7262    0.9892    0.7919    0.0031    0.0024    5.3572    4.6776  0.5598E+03  0.1313E+04 -0.5472E-06 -0.5455E-07  0.1000E-09  0.1000E-09  0.1000E-09  0.1000E-09  0.7561E+04  0.0000E+00
    2.0301  1  1   33.9202   20.7221   15.8243    8.7262    0.9895    0.7921    0.0031    0.0024    5.3575    4.6778  0.5584E+03  0.1313E+04 -0.5486E-06 -0.5449E-07  0.1000E-09  0.1000E-09  0.1000E-09  0.1000E-09  0.7561E+04  0.0000E+00
    2.0349  1  1   33.9176   20.7218   15.8243    8.7262    0.9899    0.7922    0.0031    0.0024    5.3578    4.6780  0.5570E+03  0.1312E+04 -0.5487E-06 -0.5449E-07  0.1000E-09  0.1000E-09  0.1000E-09  0.1000E-09  0.7561E+04  0.0000E+00
    2.0397  1  1   33.9149   20.7215   15.8243    8.7262    0.9903    0.7923    0.0031    0.0024    5.3581    4.6781  0.5557E+03  0.1311E+04 -0.5487E-06 -0.5449E-07  0.1000E-09  0.1000E-09  0.1000E-09  0.1000E-09  0.7562E+04  0.0000E+00
    2.0445  1  1   33.9123   20.7213   15.8243    8.7262    0.9906    0.7925    0.0031    0.0024    5.3584    4.6783  0.5543E+03  0.1310E+04 -0.5487E-06 -0.5449E-07  0.1000E-09  0.1000E-09  0.1000E-09  0.1000E-09  0.7562E+04  0.0000E+00
    2.0493  1  1   33.9097   20.7210   15.8243    8.7262    0.9910    0.7926    0.0031    0.0024    5.3587    4.6785  0.5529E+03  0.1309E+04 -0.5487E-06 -0.5449E-07  0.1000E-09  0.1000E-09  0.1000E-09  0.1000E-09  0.7563E+04  0.0000E+00
    2.0541  1  1   33.9070   20.7208   15.8243    8.7262    0.9913    0.7927    0.0031    0.0024    5.3590    4.6787  0.5515E+03  0.1308E+04 -0.5501E-06 -0.5449E-07  0.1000E-09  0.1000E-09  0.1000E-09  0.1000E-09  0.7563E+04  0.0000E+00
    2.0589  1  1   33.9044   20.7205   15.8243    8.7262    0.9917    0.7929    0.0031    0.0024    5.3593    4.6788  0.5502E+03  0.1307E+04 -0.5516E-06 -0.5457E-07  0.1000E-09  0.1000E-09  0.1000E-09  0.1000E-09  0.7563E+04  0.0000E+00
    2.0637  1  1   33.9017   20.7202   15.8243    8.7262    0.9921    0.7930    0.0031    0.0024    5.3596    4.6790  0.5488E+03  0.1306E+04 -0.5516E-06 -0.5520E-07  0.1000E-09  0.1000E-09  0.1000E-09  0.1000E-09  0.7564E+04  0.0000E+00
    2.0685  1  1   33.8991   20.7200   15.8243    8.7262    0.9924    0.7931    0.0031    0.0024    5.3599    4.6792  0.5474E+03  0.1305E+04 -0.5516E-06 -0.5583E-07  0.1000E-09  0.1000E-09  0.1000E-09  0.1000E-09  0.7564E+04  0.0000E+00
    2.0733  1  1   33.8964   20.7197   15.8243    8.7262    0.9928    0.7933    0.0031    0.0024    5.3602    4.6794  0.5460E+03  0.1304E+04 -0.5516E-06 -0.5646E-07  0.1000E-09  0.1000E-09  0.1000E-09  0.1000E-09  0.7565E+04  0.0000E+00
    2.0781  1  1   33.8938   20.7194   15.8243    8.7262    0.9932    0.7934    0.0031    0.0024    5.3605    4.6796  0.5447E+03  0.1303E+04 -0.5517E-06 -0.5687E-07  0.1000E-09  0.1000E-09  0.1000E-09  0.1000E-09  0.7565E+04  0.0000E+00
    2.0829  1  1   33.8911   20.7191   15.8243    8.7262    0.9935    0.7936    0.0031    0.0024    5.3608    4.6797  0.5433E+03  0.1302E+04 -0.5533E-06 -0.5687E-07  0.1000E-09  0.1000E-09  0.1000E-09  0.1000E-09  0.7565E+04  0.0000E+00
    2.0877  1  1   33.8885   20.7189   15.8243    8.7262    0.9939    0.7937    0.0031    0.0024    5.3611    4.6799  0.5419E+03  0.1301E+04 -0.5548E-06 -0.5687E-07  0.1000E-09  0.1000E-09  0.1000E-09  0.1000E-09  0.7566E+04  0.0000E+00
    2.0925  1  1   33.8858   20.7186   15.8243    8.7262    0.9943    0.7938    0.0031    0.0024    5.3614    4.6801  0.5406E+03  0.1300E+04 -0.5548E-06 -0.5687E-07  0.1000E-09  0.1000E-09  0.1000E-09  0.1000E-09  0.7566E+04  0.0000E+00
    2.0973  1  1   33.8831   20.7183   15.8243    8.7262    0.9946    0.7940    0.0031    0.0024    5.3617    4.6803  0.5392E+03  0.1299E+04 -0.5548E-06 -0.5687E-07  0.1000E-09  0.1000E-09  0.1000E-09  0.1000E-09  0.7567E+04  0.0000E+00
    2.1021  1  1   33.8805   20.7180   15.8243    8.7262    0.9950    0.7941    0.0031    0.0024    5.3620    4.6805  0.5378E+03  0.1298E+04 -0.5548E-06 -0.5687E-07  0.1000E-09  0.1000E-09  0.1000E-09  0.1000E-09  0.7567E+04  0.0000E+00
    2.1069  1  1   33.8778   20.7178   15.8243    8.7262    0.9954    0.7942    0.0031    0.0024    5.3623    4.6806  0.5365E+03  0.1297E+04 -0.5553E-06 -0.5687E-07  0.1000E-09  0.1000E-09  0.1000E-09  0.1000E-09  0.7568E+04  0.0000E+00
    2.1117  1  1   33.8751   20.7175   15.8243    8.7262    0.9957    0.7944    0.0031    0.0024    5.3626    4.6808  0.5351E+03  0.1296E+04 -0.5589E-06 -0.5687E-07  0.1000E-09  0.1000E-09  0.1000E-09  0.1000E-09  0.7568E+04  0.0000E+00
    2.1165  1  1   33.8724   20.7172   15.8243    8.7262    0.9961    0.7945    0.0031    0.0024    5.3629    4.6810  0.5337E+03  0.1295E+04 -0.5619E-06 -0.5688E-07  0.1000E-09  0.1000E-09  0.1000E-09  0.1000E-09  0.7568E+04  0.0000E+00
    2.1213  1  1   33.8697   20.7170   15.8243    8.7262    0.9965    0.7946    0.0031    0.0024    5.3633    4.6812  0.5324E+03  0.1294E+04 -0.5619E-06 -0.5688E-07  0.1000E-09  0.1000E-09  0.1000E-09  0.1000E-09  0.7569E+04  0.0000E+00
    2.1261  1  1   33.8670   20.7167   15.8243    8.7262    0.9969    0.7948    0.0031    0.0024    5.3636    4.6813  0.5310E+03  0.1293E+04 -0.5619E-06 -0.5688E-07  0.1000E-09  0.1000E-09  0.1000E-09  0.1000E-09  0.7569E+04  0.0000E+00
    2.1309  1  1   33.8643   20.7164   15.8243    8.7262    0.9972    0.7949    0.0031    0.0024    5.3639    4.6815  0.5296E+03  0.1292E+04 -0.5619E-06 -0.5688E-07  0.1000E-09  0.1000E-09  0.1000E-09  0.1000E-09  0.7570E+04  0.0000E+00
    2.1357  1  1   33.8616   20.7161   15.8243    8.7262    0.9976    0.7951    0.0031    0.0024    5.3642    4.6817  0.5283E+03  0.1291E+04 -0.5629E-06 -0.5688E-07  0.1000E-09  0.1000E-09  0.1000E-09  0.1000E-09  0.7570E+04  0.0000E+00
    2.1405  1  1   33.8589   20.7159   15.8243    8.7262    0.9980    0.7952    0.0031    0.0024    5.3645    4.6819  0.5269E+03  0.1290E+04 -0.5673E-06 -0.5688E-07  0.1000E-09  0.1000E-09  0.1000E-09  0.1000E-09  0.7570E+04  0.0000E+00
    2.1453  1  1   33.8562   20.7156   15.8243    8.7262    0.9984    0.7953    0.0031    0.0024    5.3648    4.6821  0.5255E+03  0.1289E+04 -0.5707E-06 -0.5688E-07  0.1000E-09  0.1000E-09  0.1000E-09  0.1000E-09  0.7571E+04  0.0000E+00
    2.1501  1  1   33.8534   20.7153   15.8243    8.7262    0.9988    0.7955    0.0031    0.0024    5.3651    4.6822  0.5241E+03  0.1288E+04 -0.5707E-06 -0.5688E-07  0.1000E-09  0.1000E-09  0.1000E-09  0.1000E-09  0.7571E+04  0.0000E+00
    2.1549  1  1   33.8507   20.7150   15.8243    8.7262    0.9991    0.7956    0.0031    0.0024    5.3654    4.6824  0.5228E+03  0.1287E+04 -0.5707E-06 -0.5688E-07  0.1000E-09  0.1000E-09  0.1000E-09  0.1000E-09  0.7572E+04  0.0000E+00
    2.1597  1  1   33.8480   20.7148   15.8243    8.7262    0.9995    0.7957    0.0031    0.0024    5.3657    4.6826  0.5214E+03  0.1286E+04 -0.5707E-06 -0.5700E-07  0.1000E-09  0.1000E-09  0.1000E-09  0.1000E-09  0.7572E+04  0.0000E+00
    2.1645  1  1   33.8452   20.7145   15.8243    8.7262    0.9999    0.7959    0.0031    0.0024    5.3660    4.6828  0.5200E+03  0.1285E+04 -0.5712E-06 -0.5722E-07  0.1000E-09  0.1000E-09  0.1000E-09  0.1000E-09  0.7573E+04  0.0000E+00
    2.1693  1  1   33.8425   20.7142   15.8243    8.7262    1.0003    0.7960    0.0031    0.0024    5.3663    4.6830  0.5187E+03  0.1284E+04 -0.5729E-06 -0.5745E-07  0.1000E-09  0.1000E-09  0.1000E-09  0.1000E-09  0.7573E+04  0.0000E+00
    2.1741  1  1   33.8397   20.7139   15.8243    8.7262    1.0007    0.7961    0.0031    0.0024    5.3666    4.6831  0.5173E+03  0.1283E+04 -0.5741E-06 -0.5768E-07  0.1000E-09  0.1000E-09  0.1000E-09  0.1000E-09  0.7573E+04  0.0000E+00
    2.1789  1  1   33.8370   20.7137   15.8243    8.7262    1.0011    0.7963    0.0031    0.0024    5.3670    4.6833  0.5159E+03  0.1282E+04 -0.5741E-06 -0.5774E-07  0.1000E-09  0.1000E-09  0.1000E-09  0.1000E-09  0.7574E+04  0.0000E+00
    2.1837  1  1   33.8342   20.7134   15.8243    8.7262    1.0014    0.7964    0.0031    0.0024    5.3673    4.6835  0.5146E+03  0.1281E+04 -0.5741E-06 -0.5774E-07  0.1000E-09  0.1000E-09  0.1000E-09  0.1000E-09  0.7574E+04  0.0000E+00
    2.1885  1  1   33.8314   20.7131   15.8243    8.7262    1.0018    0.7966    0.0031    0.0024    5.3676    4.6837  0.5132E+03  0.1280E+04 -0.5741E-06 -0.5774E-07  0.1000E-09  0.1000E-09  0.1000E-09  0.1000E-09  0.7575E+04  0.0000E+00
    2.1933  1  1   33.8287   20.7128   15.8243    8.7262    1.0022    0.7967    0.0031    0.0025    5.3679    4.6839  0.5118E+03  0.1279E+04 -0.5755E-06 -0.5774E-07  0.1000E-09  0.1000E-09  0.1000E-09  0.1000E-09  0.7575E+04  0.0000E+00
    2.1981  1  1   33.8259   20.7126   15.8243    8.7262    1.0026    0.7968    0.0031    0.0025    5.3682    4.6840  0.5105E+03  0.1278E+04 -0.5795E-06 -0.5774E-07  0.1000E-09  0.1000E-09  0.1000E-09  0.1000E-09  0.7575E+04  0.0000E+00
    2.2029  1  1   33.8231   20.7123   15.8243    8.7262    1.0030    0.7970    0.0031    0.0025    5.3685    4.6842  0.5091E+03  0.1277E+04 -0.5822E-06 -0.5774E-07  0.1000E-09  0.1000E-09  0.1000E-09  0.1000E-09  0.7576E+04  0.0000E+00
    2.2077  1  1   33.8203   20.7120   15.8243    8.7262    1.0034    0.7971    0.0032    0.0025    5.3688    4.6844  0.5077E+03  0.1276E+04 -0.5822E-06 -0.5774E-07  0.1000E-09  0.1000E-09  0.1000E-09  0.1000E-09  0.7576E+04  0.0000E+00
    2.2125  1  1   33.8175   20.7117   15.8243    8.7262    1.0038    0.7972    0.0032    0.0025    5.3691    4.6846  0.5064E+03  0.1275E+04 -0.5822E-06 -0.5775E-07  0.1000E-09  0.1000E-09  0.1000E-09  0.1000E-09  0.7577E+04  0.0000E+00
    2.2173  1  1   33.8147   20.7115   15.8243    8.7262    1.0042    0.7974    0.0032    0.0025    5.3694    4.6848  0.5050E+03  0.1274E+04 -0.5822E-06 -0.5776E-07  0.1000E-09  0.1000E-09  0.1000E-09  0.1000E-09  0.7577E+04  0.0000E+00
    2.2221  1  1   33.8119   20.7112   15.8243    8.7262    1.0046    0.7975    0.0032    0.0025    5.3697    4.6849  0.5037E+03  0.1273E+04 -0.5825E-06 -0.5777E-07  0.1000E-09  0.1000E-09  0.1000E-09  0.1000E-09  0.7578E+04  0.0000E+00
    2.2269  1  1   33.8091   20.7109   15.8243    8.7262    1.0050    0.7976    0.0032    0.0025    5.3700    4.6851  0.5023E+03  0.1273E+04 -0.5833E-06 -0.5777E-07  0.1000E-09  0.1000E-09  0.1000E-09  0.1000E-09  0.7578E+04  0.0000E+00
    2.2317  1  1   33.8063   20.7106   15.8243    8.7262    1.0054    0.7978    0.0032    0.0025    5.3704    4.6853  0.5010E+03  0.1272E+04 -0.5837E-06 -0.5777E-07  0.1000E-09  0.1000E-09  0.1000E-09  0.1000E-09  0.7578E+04  0.0000E+00
    2.2365  1  1   33.8035   20.7103   15.8243    8.7262    1.0057    0.7979    0.0032    0.0025    5.3707    4.6855  0.4996E+03  0.1271E+04 -0.5837E-06 -0.5777E-07  0.1000E-09  0.1000E-09  0.1000E-09  0.1000E-09  0.7579E+04  0.0000E+00
    2.2413  1  1   33.8007   20.7101   15.8243    8.7262    1.0061    0.7981    0.0032    0.0025    5.3710    4.6857  0.4983E+03  0.1270E+04 -0.5837E-06 -0.5777E-07  0.1000E-09  0.1000E-09  0.1000E-09  0.1000E-09  0.7579E+04  0.0000E+00
    2.2461  1  1   33.7979   20.7098   15.8243    8.7262    1.0065    0.7982    0.0032    0.0025    5.3713    4.6858  0.4969E+03  0.1269E+04 -0.5837E-06 -0.5777E-07  0.1000E-09  0.1000E-09  0.1000E-09  0.1000E-09  0.7580E+04  0.0000E+00
    2.2509  1  1   33.7951   20.7095   15.8243    8.7262    1.0069    0.7983    0.0032    0.0025    5.3716    4.6860  0.4956E+03  0.1268E+04 -0.5847E-06 -0.5777E-07  0.1000E-09  0.1000E-09  0.1000E-09  0.1000E-09  0.7580E+04  0.0000E+00
    2.2557  1  1   33.7923   20.7092   15.8243    8.7262    1.0073    0.7985    0.0032    0.0025    5.3719    4.6862  0.4942E+03  0.1267E+04 -0.5868E-06 -0.5779E-07  0.1000E-09  0.1000E-09  0.1000E-09  0.1000E-09  0.7581E+04  0.0000E+00
    2.2605  1  1   33.7895   20.7090   15.8243    8.7262    1.0077    0.7986    0.0032    0.0025    5.3722    4.6864  0.4929E+03  0.1266E+04 -0.5880E-06 -0.5786E-07  0.1000E-09  0.1000E-09  0.1000E-09  0.1000E-09  0.7581E+04  0.0000E+00
    2.2653  1  1   33.7867   20.7087   15.8243    8.7262    1.0081    0.7987    0.0032    0.0025    5.3725    4.6866  0.4915E+03  0.1265E+04 -0.5880E-06 -0.5794E-07  0.1000E-09  0.1000E-09  0.1000E-09  0.1000E-09  0.7581E+04  0.0000E+00
    2.2701  1  1   33.7838   20.7084   15.8243    8.7262    1.0085    0.7989    0.0032    0.0025    5.3728    4.6867  0.4902E+03  0.1264E+04 -0.5880E-06 -0.5802E-07  0.1000E-09  0.1000E-09  0.1000E-09  0.1000E-09  0.7582E+04  0.0000E+00
    2.2749  1  1   33.7810   20.7081   15.8243    8.7262    1.0090    0.7990    0.0032    0.0025    5.3731    4.6869  0.4888E+03  0.1263E+04 -0.5880E-06 -0.5806E-07  0.1000E-09  0.1000E-09  0.1000E-09  0.1000E-09  0.7582E+04  0.0000E+00
    2.2797  1  1   33.7782   20.7078   15.8243    8.7262    1.0094    0.7992    0.0032    0.0025    5.3734    4.6871  0.4875E+03  0.1262E+04 -0.5901E-06 -0.5806E-07  0.1000E-09  0.1000E-09  0.1000E-09  0.1000E-09  0.7583E+04  0.0000E+00
    2.2845  1  1   33.7753   20.7076   15.8243    8.7262    1.0098    0.7993    0.0032    0.0025    5.3738    4.6873  0.4861E+03  0.1261E+04 -0.5938E-06 -0.5806E-07  0.1000E-09  0.1000E-09  0.1000E-09  0.1000E-09  0.7583E+04  0.0000E+00
    2.2893  1  1   33.7725   20.7073   15.8243    8.7262    1.0102    0.7994    0.0032    0.0025    5.3741    4.6875  0.4848E+03  0.1260E+04 -0.5954E-06 -0.5806E-07  0.1000E-09  0.1000E-09  0.1000E-09  0.1000E-09  0.7584E+04  0.0000E+00
    2.2941  1  1   33.7696   20.7070   15.8243    8.7262    1.0106    0.7996    0.0032    0.0025    5.3744    4.6877  0.4834E+03  0.1259E+04 -0.5954E-06 -0.5806E-07  0.1000E-09  0.1000E-09  0.1000E-09  0.1000E-09  0.7584E+04  0.0000E+00
    2.2989  1  1   33.7668   20.7067   15.8243    8.7262    1.0110    0.7997    0.0032    0.0025    5.3747    4.6878  0.4821E+03  0.1258E+04 -0.5954E-06 -0.5806E-07  0.1000E-09  0.1000E-09  0.1000E-09  0.1000E-09  0.7584E+04  0.0000E+00
    2.3037  1  1   33.7639   20.7064   15.8243    8.7262    1.0114    0.7999    0.0032    0.0025    5.3750    4.6880  0.4807E+03  0.1257E+04 -0.5954E-06 -0.5806E-07  0.1000E-09  0.1000E-09  0.1000E-09  0.1000E-09  0.7585E+04  0.0000E+00
    2.3085  1  1   33.7610   20.7062   15.8243    8.7262    1.0118    0.8000    0.0032    0.0025    5.3753    4.6882  0.4794E+03  0.1256E+04 -0.5976E-06 -0.5824E-07  0.1000E-09  0.1000E-09  0.1000E-09  0.1000E-09  0.7585E+04  0.0000E+00
    2.3133  1  1   33.7582   20.7059   15.8243    8.7262    1.0122    0.8001    0.0032    0.0025    5.3757    4.6884  0.4780E+03  0.1255E+04 -0.6010E-06 -0.5844E-07  0.1000E-09  0.1000E-09  0.1000E-09  0.1000E-09  0.7586E+04  0.0000E+00
    2.3181  1  1   33.7553   20.7056   15.8243    8.7262    1.0127    0.8003    0.0032    0.0025    5.3760    4.6886  0.4767E+03  0.1254E+04 -0.6022E-06 -0.5864E-07  0.1000E-09  0.1000E-09  0.1000E-09  0.1000E-09  0.7586E+04  0.0000E+00
    2.3229  1  1   33.7524   20.7053   15.8243    8.7262    1.0131    0.8004    0.0032    0.0025    5.3763    4.6887  0.4753E+03  0.1253E+04 -0.6022E-06 -0.5881E-07  0.1000E-09  0.1000E-09  0.1000E-09  0.1000E-09  0.7587E+04  0.0000E+00
    2.3277  1  1   33.7495   20.7050   15.8243    8.7262    1.0135    0.8005    0.0032    0.0025    5.3766    4.6889  0.4740E+03  0.1252E+04 -0.6022E-06 -0.5881E-07  0.1000E-09  0.1000E-09  0.1000E-09  0.1000E-09  0.7587E+04  0.0000E+00
    2.3325  1  1   33.7466   20.7048   15.8243    8.7262    1.0139    0.8007    0.0032    0.0025    5.3769    4.6891  0.4726E+03  0.1251E+04 -0.6022E-06 -0.5881E-07  0.1000E-09  0.1000E-09  0.1000E-09  0.1000E-09  0.7588E+04  0.0000E+00
    2.3373  1  1   33.7437   20.7045   15.8243    8.7262    1.0143    0.8008    0.0032    0.0025    5.3772    4.6893  0.4713E+03  0.1250E+04 -0.6052E-06 -0.5881E-07  0.1000E-09  0.1000E-09  0.1000E-09  0.1000E-09  0.7588E+04  0.0000E+00
    2.3421  1  1   33.7408   20.7042   15.8243    8.7262    1.0147    0.8010    0.0032    0.0025    5.3776    4.6895  0.4699E+03  0.1249E+04 -0.6096E-06 -0.5881E-07  0.1000E-09  0.1000E-09  0.1000E-09  0.1000E-09  0.7588E+04  0.0000E+00
    2.3469  1  1   33.7378   20.7039   15.8243    8.7262    1.0152    0.8011    0.0032    0.0025    5.3779    4.6896  0.4686E+03  0.1248E+04 -0.6109E-06 -0.5881E-07  0.1000E-09  0.1000E-09  0.1000E-09  0.1000E-09  0.7589E+04  0.0000E+00
    2.3517  1  1   33.7349   20.7036   15.8243    8.7262    1.0156    0.8012    0.0032    0.0025    5.3782    4.6898  0.4672E+03  0.1247E+04 -0.6109E-06 -0.5881E-07  0.1000E-09  0.1000E-09  0.1000E-09  0.1000E-09  0.7589E+04  0.0000E+00
    2.3565  1  1   33.7320   20.7033   15.8243    8.7262    1.0160    0.8014    0.0032    0.0025    5.3785    4.6900  0.4659E+03  0.1246E+04 -0.6109E-06 -0.5885E-07  0.1000E-09  0.1000E-09  0.1000E-09  0.1000E-09  0.7590E+04  0.0000E+00
    2.3613  1  1   33.7290   20.7031   15.8243    8.7262    1.0164    0.8015    0.0032    0.0025    5.3788    4.6902  0.4646E+03  0.1245E+04 -0.6109E-06 -0.5892E-07  0.1000E-09  0.1000E-09  0.1000E-09  0.1000E-09  0.7590E+04  0.0000E+00
    2.3661  1  1   33.7261   20.7028   15.8243    8.7262    1.0169    0.8017    0.0032    0.0025    5.3791    4.6904  0.4632E+03  0.1244E+04 -0.6100E-06 -0.5899E-07  0.1000E-09  0.1000E-09  0.1000E-09  0.1000E-09  0.7591E+04  0.0000E+00
    2.3709  1  1   33.7232   20.7025   15.8243    8.7262    1.0173    0.8018    0.0033    0.0025    5.3794    4.6906  0.4619E+03  0.1243E+04 -0.6089E-06 -0.5906E-07  0.1000E-09  0.1000E-09  0.1000E-09  0.1000E-09  0.7591E+04  0.0000E+00
    2.3757  1  1   33.7203   20.7022   15.8243    8.7262    1.0177    0.8019    0.0033    0.0025    5.3798    4.6907  0.4605E+03  0.1243E+04 -0.6086E-06 -0.5907E-07  0.1000E-09  0.1000E-09  0.1000E-09  0.1000E-09  0.7592E+04  0.0000E+00
    2.3805  1  1   33.7173   20.7019   15.8243    8.7262    1.0182    0.8021    0.0033    0.0025    5.3801    4.6909  0.4592E+03  0.1242E+04 -0.6086E-06 -0.5907E-07  0.1000E-09  0.1000E-09  0.1000E-09  0.1000E-09  0.7592E+04  0.0000E+00
    2.3853  1  1   33.7144   20.7016   15.8243    8.7262    1.0186    0.8022    0.0033    0.0025    5.3804    4.6911  0.4579E+03  0.1241E+04 -0.6086E-06 -0.5907E-07  0.1000E-09  0.1000E-09  0.1000E-09  0.1000E-09  0.7592E+04  0.0000E+00
    2.3901  1  1   33.7115   20.7014   15.8243    8.7262    1.0190    0.8024    0.0033    0.0025    5.3807    4.6913  0.4565E+03  0.1240E+04 -0.6086E-06 -0.5907E-07  0.1000E-09  0.1000E-09  0.1000E-09  0.1000E-09  0.7593E+04  0.0000E+00
    2.3949  1  1   33.7086   20.7011   15.8243    8.7262    1.0194    0.8025    0.0033    0.0025    5.3810    4.6915  0.4552E+03  0.1239E+04 -0.6139E-06 -0.5907E-07  0.1000E-09  0.1000E-09  0.1000E-09  0.1000E-09  0.7593E+04  0.0000E+00
    2.3997  1  1   33.7056   20.7008   15.8243    8.7262    1.0199    0.8026    0.0033    0.0025    5.3814    4.6916  0.4539E+03  0.1238E+04 -0.6202E-06 -0.5907E-07  0.1000E-09  0.1000E-09  0.1000E-09  0.1000E-09  0.7594E+04  0.0000E+00
    2.4045  1  1   33.7026   20.7005   15.8243    8.7262    1.0203    0.8028    0.0033    0.0025    5.3817    4.6918  0.4525E+03  0.1237E+04 -0.6212E-06 -0.5935E-07  0.1000E-09  0.1000E-09  0.1000E-09  0.1000E-09  0.7594E+04  0.0000E+00
    2.4093  1  1   33.6996   20.7002   15.8243    8.7262    1.0208    0.8029    0.0033    0.0025    5.3820    4.6920  0.4512E+03  0.1236E+04 -0.6212E-06 -0.5986E-07  0.1000E-09  0.1000E-09  0.1000E-09  0.1000E-09  0.7595E+04  0.0000E+00
    2.4141  1  1   33.6966   20.6999   15.8243    8.7262    1.0212    0.8031    0.0033    0.0025    5.3823    4.6922  0.4498E+03  0.1235E+04 -0.6212E-06 -0.6037E-07  0.1000E-09  0.1000E-09  0.1000E-09  0.1000E-09  0.7595E+04  0.0000E+00
    2.4189  1  1   33.6937   20.6996   15.8243    8.7262    1.0216    0.8032    0.0033    0.0025    5.3826    4.6924  0.4485E+03  0.1234E+04 -0.6212E-06 -0.6088E-07  0.1000E-09  0.1000E-09  0.1000E-09  0.1000E-09  0.7596E+04  0.0000E+00
    2.4237  1  1   33.6907   20.6994   15.8243    8.7262    1.0221    0.8033    0.0033    0.0025    5.3830    4.6926  0.4472E+03  0.1233E+04 -0.6201E-06 -0.6099E-07  0.1000E-09  0.1000E-09  0.1000E-09  0.1000E-09  0.7596E+04  0.0000E+00
    2.4285  1  1   33.6877   20.6991   15.8243    8.7262    1.0225    0.8035    0.0033    0.0025    5.3833    4.6927  0.4458E+03  0.1232E+04 -0.6189E-06 -0.6099E-07  0.1000E-09  0.1000E-09  0.1000E-09  0.1000E-09  0.7597E+04  0.0000E+00
    2.4333  1  1   33.6847   20.6988   15.8243    8.7262    1.0230    0.8036    0.0033    0.0025    5.3836    4.6929  0.4445E+03  0.1231E+04 -0.6188E-06 -0.6099E-07  0.1000E-09  0.1000E-09  0.1000E-09  0.1000E-09  0.7597E+04  0.0000E+00
    2.4381  1  1   33.6818   20.6985   15.8243    8.7262    1.0234    0.8038    0.0033    0.0025    5.3839    4.6931  0.4432E+03  0.1230E+04 -0.6188E-06 -0.6099E-07  0.1000E-09  0.1000E-09  0.1000E-09  0.1000E-09  0.7598E+04  0.0000E+00
    2.4429  1  1   33.6788   20.6982   15.8243    8.7262    1.0238    0.8039    0.0033    0.0025    5.3842    4.6933  0.4419E+03  0.1229E+04 -0.6188E-06 -0.6099E-07  0.1000E-09  0.1000E-09  0.1000E-09  0.1000E-09  0.7598E+04  0.0000E+00
    2.4477  1  1   33.6758   20.6979   15.8243    8.7262    1.0243    0.8040    0.0033    0.0025    5.3846    4.6935  0.4406E+03  0.1228E+04 -0.6188E-06 -0.6099E-07  0.1000E-09  0.1000E-09  0.1000E-09  0.1000E-09  0.7598E+04  0.0000E+00
    2.4525  1  1   33.6728   20.6976   15.8243    8.7262    1.0247    0.8042    0.0033    0.0025    5.3849    4.6937  0.4392E+03  0.1227E+04 -0.6249E-06 -0.6093E-07  0.1000E-09  0.1000E-09  0.1000E-09  0.1000E-09  0.7599E+04  0.0000E+00
    2.4573  1  1   33.6698   20.6973   15.8243    8.7262    1.0252    0.8043    0.0033    0.0025    5.3852    4.6939  0.4379E+03  0.1226E+04 -0.6312E-06 -0.6071E-07  0.1000E-09  0.1000E-09  0.1000E-09  0.1000E-09  0.7599E+04  0.0000E+00
    2.4621  1  1   33.6668   20.6970   15.8243    8.7262    1.0256    0.8045    0.0033    0.0025    5.3855    4.6940  0.4366E+03  0.1225E+04 -0.6313E-06 -0.6049E-07  0.1000E-09  0.1000E-09  0.1000E-09  0.1000E-09  0.7600E+04  0.0000E+00
    2.4669  1  1   33.6637   20.6967   15.8243    8.7262    1.0261    0.8046    0.0033    0.0025    5.3859    4.6942  0.4352E+03  0.1224E+04 -0.6313E-06 -0.6026E-07  0.1000E-09  0.1000E-09  0.1000E-09  0.1000E-09  0.7600E+04  0.0000E+00
    2.4717  1  1   33.6607   20.6964   15.8243    8.7262    1.0265    0.8048    0.0033    0.0025    5.3862    4.6944  0.4339E+03  0.1223E+04 -0.6313E-06 -0.6015E-07  0.1000E-09  0.1000E-09  0.1000E-09  0.1000E-09  0.7601E+04  0.0000E+00
    2.4765  1  1   33.6577   20.6961   15.8243    8.7262    1.0270    0.8049    0.0033    0.0025    5.3865    4.6946  0.4326E+03  0.1222E+04 -0.6313E-06 -0.6015E-07  0.1000E-09  0.1000E-09  0.1000E-09  0.1000E-09  0.7601E+04  0.0000E+00
    2.4813  1  1   33.6546   20.6959   15.8243    8.7262    1.0275    0.8050    0.0033    0.0025    5.3868    4.6948  0.4313E+03  0.1221E+04 -0.6331E-06 -0.6015E-07  0.1000E-09  0.1000E-09  0.1000E-09  0.1000E-09  0.7602E+04  0.0000E+00
    2.4861  1  1   33.6516   20.6956   15.8243    8.7262    1.0279    0.8052    0.0033    0.0025    5.3872    4.6950  0.4299E+03  0.1220E+04 -0.6347E-06 -0.6015E-07  0.1000E-09  0.1000E-09  0.1000E-09  0.1000E-09  0.7602E+04  0.0000E+00
    2.4909  1  1   33.6485   20.6953   15.8243    8.7262    1.0284    0.8053    0.0033    0.0025    5.3875    4.6951  0.4286E+03  0.1219E+04 -0.6347E-06 -0.6015E-07  0.1000E-09  0.1000E-09  0.1000E-09  0.1000E-09  0.7603E+04  0.0000E+00
    2.4957  1  1   33.6455   20.6950   15.8243    8.7262    1.0288    0.8055    0.0033    0.0025    5.3878    4.6953  0.4273E+03  0.1218E+04 -0.6347E-06 -0.6015E-07  0.1000E-09  0.1000E-09  0.1000E-09  0.1000E-09  0.7603E+04  0.0000E+00
    2.5005  1  1   33.6425   20.6947   15.8243    8.7262    1.0293    0.8056    0.0033    0.0025    5.3881    4.6955  0.4260E+03  0.1217E+04 -0.6347E-06 -0.6028E-07  0.1000E-09  0.1000E-09  0.1000E-09  0.1000E-09  0.7604E+04  0.0000E+00
    2.5053  1  1   33.6394   20.6944   15.8243    8.7262    1.0297    0.8057    0.0033    0.0025    5.3885    4.6957  0.4247E+03  0.1216E+04 -0.6348E-06 -0.6077E-07  0.1000E-09  0.1000E-09  0.1000E-09  0.1000E-09  0.7604E+04  0.0000E+00
    2.5101  1  1   33.6364   20.6941   15.8243    8.7262    1.0302    0.8059    0.0033    0.0025    5.3888    4.6959  0.4234E+03  0.1215E+04 -0.6356E-06 -0.6125E-07  0.1000E-09  0.1000E-09  0.1000E-09  0.1000E-09  0.7604E+04  0.0000E+00
    2.5149  1  1   33.6333   20.6938   15.8243    8.7262    1.0307    0.8060    0.0033    0.0025    5.3891    4.6961  0.4220E+03  0.1214E+04 -0.6363E-06 -0.6173E-07  0.1000E-09  0.1000E-09  0.1000E-09  0.1000E-09  0.7605E+04  0.0000E+00
    2.5197  1  1   33.6302   20.6935   15.8243    8.7262    1.0311    0.8062    0.0034    0.0025    5.3894    4.6962  0.4207E+03  0.1214E+04 -0.6363E-06 -0.6196E-07  0.1000E-09  0.1000E-09  0.1000E-09  0.1000E-09  0.7605E+04  0.0000E+00
    2.5245  1  1   33.6272   20.6932   15.8243    8.7262    1.0316    0.8063    0.0034    0.0025    5.3898    4.6964  0.4194E+03  0.1213E+04 -0.6363E-06 -0.6196E-07  0.1000E-09  0.1000E-09  0.1000E-09  0.1000E-09  0.7606E+04  0.0000E+00
    2.5293  1  1   33.6241   20.6929   15.8243    8.7262    1.0321    0.8065    0.0034    0.0025    5.3901    4.6966  0.4181E+03  0.1212E+04 -0.6363E-06 -0.6196E-07  0.1000E-09  0.1000E-09  0.1000E-09  0.1000E-09  0.7606E+04  0.0000E+00
    2.5341  1  1   33.6211   20.6926   15.8243    8.7262    1.0325    0.8066    0.0034    0.0025    5.3904    4.6968  0.4168E+03  0.1211E+04 -0.6376E-06 -0.6196E-07  0.1000E-09  0.1000E-09  0.1000E-09  0.1000E-09  0.7607E+04  0.0000E+00
    2.5389  1  1   33.6180   20.6923   15.8243    8.7262    1.0330    0.8068    0.0034    0.0025    5.3907    4.6970  0.4155E+03  0.1210E+04 -0.6438E-06 -0.6196E-07  0.1000E-09  0.1000E-09  0.1000E-09  0.1000E-09  0.7607E+04  0.0000E+00
    2.5437  1  1   33.6149   20.6920   15.8243    8.7262    1.0335    0.8069    0.0034    0.0025    5.3911    4.6972  0.4142E+03  0.1209E+04 -0.6487E-06 -0.6196E-07  0.1000E-09  0.1000E-09  0.1000E-09  0.1000E-09  0.7608E+04  0.0000E+00
    2.5485  1  1   33.6118   20.6917   15.8243    8.7262    1.0340    0.8070    0.0034    0.0025    5.3914    4.6973  0.4128E+03  0.1208E+04 -0.6487E-06 -0.6191E-07  0.1000E-09  0.1000E-09  0.1000E-09  0.1000E-09  0.7608E+04  0.0000E+00
    2.5533  1  1   33.6087   20.6914   15.8243    8.7262    1.0344    0.8072    0.0034    0.0025    5.3917    4.6975  0.4115E+03  0.1207E+04 -0.6487E-06 -0.6158E-07  0.1000E-09  0.1000E-09  0.1000E-09  0.1000E-09  0.7609E+04  0.0000E+00
    2.5581  1  1   33.6055   20.6912   15.8243    8.7262    1.0349    0.8073    0.0034    0.0025    5.3921    4.6977  0.4102E+03  0.1206E+04 -0.6487E-06 -0.6124E-07  0.1000E-09  0.1000E-09  0.1000E-09  0.1000E-09  0.7609E+04  0.0000E+00
    2.5629  1  1   33.6024   20.6909   15.8243    8.7262    1.0354    0.8075    0.0034    0.0025    5.3924    4.6979  0.4089E+03  0.1205E+04 -0.6490E-06 -0.6090E-07  0.1000E-09  0.1000E-09  0.1000E-09  0.1000E-09  0.7610E+04  0.0000E+00
    2.5677  1  1   33.5993   20.6906   15.8243    8.7262    1.0359    0.8076    0.0034    0.0025    5.3927    4.6981  0.4076E+03  0.1204E+04 -0.6505E-06 -0.6070E-07  0.1000E-09  0.1000E-09  0.1000E-09  0.1000E-09  0.7610E+04  0.0000E+00
    2.5725  1  1   33.5962   20.6903   15.8243    8.7262    1.0364    0.8078    0.0034    0.0025    5.3930    4.6983  0.4063E+03  0.1203E+04 -0.6517E-06 -0.6070E-07  0.1000E-09  0.1000E-09  0.1000E-09  0.1000E-09  0.7611E+04  0.0000E+00
    2.5773  1  1   33.5930   20.6900   15.8243    8.7262    1.0368    0.8079    0.0034    0.0025    5.3934    4.6985  0.4050E+03  0.1202E+04 -0.6517E-06 -0.6070E-07  0.1000E-09  0.1000E-09  0.1000E-09  0.1000E-09  0.7611E+04  0.0000E+00
    2.5821  1  1   33.5899   20.6897   15.8243    8.7262    1.0373    0.8080    0.0034    0.0025    5.3937    4.6986  0.4037E+03  0.1201E+04 -0.6517E-06 -0.6070E-07  0.1000E-09  0.1000E-09  0.1000E-09  0.1000E-09  0.7612E+04  0.0000E+00
    2.5869  1  1   33.5868   20.6894   15.8243    8.7262    1.0378    0.8082    0.0034    0.0025    5.3940    4.6988  0.4024E+03  0.1200E+04 -0.6517E-06 -0.6070E-07  0.1000E-09  0.1000E-09  0.1000E-09  0.1000E-09  0.7612E+04  0.0000E+00
    2.5917  1  1   33.5837   20.6891   15.8243    8.7262    1.0383    0.8083    0.0034    0.0025    5.3943    4.6990  0.4011E+03  0.1199E+04 -0.6535E-06 -0.6070E-07  0.1000E-09  0.1000E-09  0.1000E-09  0.1000E-09  0.7613E+04  0.0000E+00
    2.5965  1  1   33.5805   20.6888   15.8243    8.7262    1.0388    0.8085    0.0034    0.0025    5.3947    4.6992  0.3998E+03  0.1198E+04 -0.6589E-06 -0.6070E-07  0.1000E-09  0.1000E-09  0.1000E-09  0.1000E-09  0.7613E+04  0.0000E+00
    2.6013  1  1   33.5773   20.6885   15.8243    8.7262    1.0393    0.8086    0.0034    0.0025    5.3950    4.6994  0.3985E+03  0.1197E+04 -0.6625E-06 -0.6144E-07  0.1000E-09  0.1000E-09  0.1000E-09  0.1000E-09  0.7614E+04  0.0000E+00
    2.6061  1  1   33.5741   20.6882   15.8243    8.7262    1.0398    0.8088    0.0034    0.0025    5.3953    4.6996  0.3972E+03  0.1196E+04 -0.6625E-06 -0.6241E-07  0.1000E-09  0.1000E-09  0.1000E-09  0.1000E-09  0.7614E+04  0.0000E+00
    2.6109  1  1   33.5710   20.6879   15.8243    8.7262    1.0403    0.8089    0.0034    0.0025    5.3956    4.6997  0.3959E+03  0.1195E+04 -0.6625E-06 -0.6338E-07  0.1000E-09  0.1000E-09  0.1000E-09  0.1000E-09  0.7614E+04  0.0000E+00
    2.6157  1  1   33.5678   20.6876   15.8243    8.7262    1.0407    0.8090    0.0034    0.0025    5.3960    4.6999  0.3946E+03  0.1194E+04 -0.6625E-06 -0.6434E-07  0.1000E-09  0.1000E-09  0.1000E-09  0.1000E-09  0.7615E+04  0.0000E+00
    2.6205  1  1   33.5646   20.6873   15.8243    8.7262    1.0412    0.8092    0.0034    0.0025    5.3963    4.7001  0.3933E+03  0.1193E+04 -0.6622E-06 -0.6435E-07  0.1000E-09  0.1000E-09  0.1000E-09  0.1000E-09  0.7615E+04  0.0000E+00
    2.6253  1  1   33.5614   20.6870   15.8243    8.7262    1.0417    0.8093    0.0034    0.0025    5.3966    4.7003  0.3920E+03  0.1192E+04 -0.6615E-06 -0.6435E-07  0.1000E-09  0.1000E-09  0.1000E-09  0.1000E-09  0.7616E+04  0.0000E+00
    2.6301  1  1   33.5583   20.6867   15.8243    8.7262    1.0422    0.8095    0.0034    0.0025    5.3970    4.7005  0.3907E+03  0.1191E+04 -0.6610E-06 -0.6435E-07  0.1000E-09  0.1000E-09  0.1000E-09  0.1000E-09  0.7616E+04  0.0000E+00
    2.6349  1  1   33.5551   20.6864   15.8243    8.7262    1.0427    0.8096    0.0034    0.0025    5.3973    4.7007  0.3894E+03  0.1190E+04 -0.6610E-06 -0.6435E-07  0.1000E-09  0.1000E-09  0.1000E-09  0.1000E-09  0.7617E+04  0.0000E+00
    2.6397  1  1   33.5519   20.6861   15.8243    8.7262    1.0432    0.8098    0.0034    0.0025    5.3976    4.7009  0.3881E+03  0.1189E+04 -0.6610E-06 -0.6435E-07  0.1000E-09  0.1000E-09  0.1000E-09  0.1000E-09  0.7617E+04  0.0000E+00
    2.6445  1  1   33.5487   20.6858   15.8243    8.7262    1.0437    0.8099    0.0034    0.0025    5.3980    4.7011  0.3868E+03  0.1188E+04 -0.6610E-06 -0.6435E-07  0.1000E-09  0.1000E-09  0.1000E-09  0.1000E-09  0.7618E+04  0.0000E+00
    2.6493  1  1   33.5456   20.6855   15.8243    8.7262    1.0442    0.8101    0.0034    0.0025    5.3983    4.7013  0.3855E+03  0.1187E+04 -0.6623E-06 -0.6392E-07  0.1000E-09  0.1000E-09  0.1000E-09  0.1000E-09  0.7618E+04  0.0000E+00
    2.6541  1  1   33.5424   20.6851   15.8243    8.7262    1.0447    0.8102    0.0035    0.0025    5.3986    4.7014  0.3842E+03  0.1186E+04 -0.6650E-06 -0.6319E-07  0.1000E-09  0.1000E-09  0.1000E-09  0.1000E-09  0.7619E+04  0.0000E+00
    2.6589  1  1   33.5392   20.6848   15.8243    8.7262    1.0453    0.8104    0.0035    0.0025    5.3990    4.7016  0.3829E+03  0.1185E+04 -0.6664E-06 -0.6246E-07  0.1000E-09  0.1000E-09  0.1000E-09  0.1000E-09  0.7619E+04  0.0000E+00
    2.6637  1  1   33.5360   20.6846   15.8243    8.7262    1.0458    0.8105    0.0035    0.0025    5.3993    4.7018  0.3817E+03  0.1184E+04 -0.6664E-06 -0.6172E-07  0.1000E-09  0.1000E-09  0.1000E-09  0.1000E-09  0.7620E+04  0.0000E+00
    2.6685  1  1   33.5328   20.6843   15.8243    8.7262    1.0463    0.8107    0.0035    0.0025    5.3996    4.7020  0.3804E+03  0.1184E+04 -0.6664E-06 -0.6159E-07  0.1000E-09  0.1000E-09  0.1000E-09  0.1000E-09  0.7620E+04  0.0000E+00
    2.6733  1  1   33.5296   20.6840   15.8243    8.7262    1.0468    0.8108    0.0035    0.0025    5.4000    4.7022  0.3791E+03  0.1183E+04 -0.6664E-06 -0.6159E-07  0.1000E-09  0.1000E-09  0.1000E-09  0.1000E-09  0.7621E+04  0.0000E+00
    2.6781  1  1   33.5264   20.6837   15.8243    8.7262    1.0473    0.8109    0.0035    0.0025    5.4003    4.7024  0.3778E+03  0.1182E+04 -0.6698E-06 -0.6159E-07  0.1000E-09  0.1000E-09  0.1000E-09  0.1000E-09  0.7621E+04  0.0000E+00
    2.6829  1  1   33.5231   20.6834   15.8243    8.7262    1.0478    0.8111    0.0035    0.0025    5.4006    4.7026  0.3765E+03  0.1181E+04 -0.6760E-06 -0.6159E-07  0.1000E-09  0.1000E-09  0.1000E-09  0.1000E-09  0.7622E+04  0.0000E+00
    2.6877  1  1   33.5199   20.6831   15.8243    8.7262    1.0483    0.8112    0.0035    0.0025    5.4010    4.7027  0.3752E+03  0.1180E+04 -0.6788E-06 -0.6159E-07  0.1000E-09  0.1000E-09  0.1000E-09  0.1000E-09  0.7622E+04  0.0000E+00
    2.6925  1  1   33.5166   20.6828   15.8243    8.7262    1.0489    0.8114    0.0035    0.0025    5.4013    4.7029  0.3739E+03  0.1179E+04 -0.6788E-06 -0.6159E-07  0.1000E-09  0.1000E-09  0.1000E-09  0.1000E-09  0.7623E+04  0.0000E+00
    2.6973  1  1   33.5133   20.6825   15.8243    8.7262    1.0494    0.8115    0.0035    0.0025    5.4016    4.7031  0.3726E+03  0.1178E+04 -0.6788E-06 -0.6178E-07  0.1000E-09  0.1000E-09  0.1000E-09  0.1000E-09  0.7623E+04  0.0000E+00
    2.7021  1  1   33.5101   20.6822   15.8243    8.7262    1.0499    0.8117    0.0035    0.0025    5.4020    4.7033  0.3714E+03  0.1177E+04 -0.6788E-06 -0.6227E-07  0.1000E-09  0.1000E-09  0.1000E-09  0.1000E-09  0.7624E+04  0.0000E+00
    2.7069  1  1   33.5068   20.6819   15.8243    8.7262    1.0504    0.8118    0.0035    0.0025    5.4023    4.7035  0.3701E+03  0.1176E+04 -0.6782E-06 -0.6276E-07  0.1000E-09  0.1000E-09  0.1000E-09  0.1000E-09  0.7624E+04  0.0000E+00
    2.7117  1  1   33.5036   20.6816   15.8243    8.7262    1.0510    0.8120    0.0035    0.0025    5.4026    4.7037  0.3688E+03  0.1175E+04 -0.6770E-06 -0.6326E-07  0.1000E-09  0.1000E-09  0.1000E-09  0.1000E-09  0.7625E+04  0.0000E+00
    2.7165  1  1   33.5003   20.6813   15.8243    8.7262    1.0515    0.8121    0.0035    0.0025    5.4030    4.7039  0.3675E+03  0.1174E+04 -0.6765E-06 -0.6345E-07  0.1000E-09  0.1000E-09  0.1000E-09  0.1000E-09  0.7625E+04  0.0000E+00
    2.7212  1  1   33.4971   20.6810   15.8243    8.7262    1.0520    0.8123    0.0035    0.0025    5.4033    4.7040  0.3662E+03  0.1173E+04 -0.6765E-06 -0.6345E-07  0.1000E-09  0.1000E-09  0.1000E-09  0.1000E-09  0.7626E+04  0.0000E+00
    2.7260  1  1   33.4938   20.6807   15.8243    8.7262    1.0525    0.8124    0.0035    0.0025    5.4036    4.7042  0.3650E+03  0.1172E+04 -0.6765E-06 -0.6345E-07  0.1000E-09  0.1000E-09  0.1000E-09  0.1000E-09  0.7626E+04  0.0000E+00
    2.7308  1  1   33.4906   20.6804   15.8243    8.7262    1.0531    0.8126    0.0035    0.0025    5.4040    4.7044  0.3637E+03  0.1171E+04 -0.6765E-06 -0.6345E-07  0.1000E-09  0.1000E-09  0.1000E-09  0.1000E-09  0.7627E+04  0.0000E+00
    2.7356  1  1   33.4873   20.6801   15.8243    8.7262    1.0536    0.8127    0.0035    0.0025    5.4043    4.7046  0.3624E+03  0.1170E+04 -0.6817E-06 -0.6345E-07  0.1000E-09  0.1000E-09  0.1000E-09  0.1000E-09  0.7627E+04  0.0000E+00
    2.7404  1  1   33.4840   20.6798   15.8243    8.7262    1.0541    0.8129    0.0035    0.0025    5.4047    4.7048  0.3612E+03  0.1169E+04 -0.6893E-06 -0.6345E-07  0.1000E-09  0.1000E-09  0.1000E-09  0.1000E-09  0.7628E+04  0.0000E+00
    2.7452  1  1   33.4807   20.6794   15.8243    8.7262    1.0547    0.8130    0.0035    0.0025    5.4050    4.7050  0.3599E+03  0.1168E+04 -0.6917E-06 -0.6345E-07  0.1000E-09  0.1000E-09  0.1000E-09  0.1000E-09  0.7628E+04  0.0000E+00
    2.7500  1  1   33.4774   20.6791   15.8243    8.7262    1.0552    0.8131    0.0035    0.0025    5.4053    4.7052  0.3586E+03  0.1167E+04 -0.6917E-06 -0.6362E-07  0.1000E-09  0.1000E-09  0.1000E-09  0.1000E-09  0.7629E+04  0.0000E+00
    2.7548  1  1   33.4740   20.6788   15.8243    8.7262    1.0558    0.8133    0.0035    0.0025    5.4057    4.7054  0.3573E+03  0.1166E+04 -0.6917E-06 -0.6378E-07  0.1000E-09  0.1000E-09  0.1000E-09  0.1000E-09  0.7629E+04  0.0000E+00
    2.7596  1  1   33.4707   20.6785   15.8243    8.7262    1.0563    0.8134    0.0035    0.0025    5.4060    4.7055  0.3561E+03  0.1165E+04 -0.6917E-06 -0.6395E-07  0.1000E-09  0.1000E-09  0.1000E-09  0.1000E-09  0.7630E+04  0.0000E+00
    2.7644  1  1   33.4674   20.6782   15.8243    8.7262    1.0568    0.8136    0.0035    0.0025    5.4064    4.7057  0.3548E+03  0.1164E+04 -0.6909E-06 -0.6407E-07  0.1000E-09  0.1000E-09  0.1000E-09  0.1000E-09  0.7630E+04  0.0000E+00
    2.7692  1  1   33.4641   20.6779   15.8243    8.7262    1.0574    0.8137    0.0036    0.0025    5.4067    4.7059  0.3535E+03  0.1163E+04 -0.6897E-06 -0.6407E-07  0.1000E-09  0.1000E-09  0.1000E-09  0.1000E-09  0.7631E+04  0.0000E+00
    2.7740  1  1   33.4608   20.6776   15.8243    8.7262    1.0579    0.8139    0.0036    0.0025    5.4070    4.7061  0.3522E+03  0.1162E+04 -0.6894E-06 -0.6407E-07  0.1000E-09  0.1000E-09  0.1000E-09  0.1000E-09  0.7631E+04  0.0000E+00
    2.7788  1  1   33.4575   20.6773   15.8243    8.7262    1.0585    0.8140    0.0036    0.0025    5.4074    4.7063  0.3510E+03  0.1161E+04 -0.6894E-06 -0.6407E-07  0.1000E-09  0.1000E-09  0.1000E-09  0.1000E-09  0.7632E+04  0.0000E+00
    2.7836  1  1   33.4542   20.6770   15.8243    8.7262    1.0590    0.8142    0.0036    0.0025    5.4077    4.7065  0.3497E+03  0.1160E+04 -0.6894E-06 -0.6407E-07  0.1000E-09  0.1000E-09  0.1000E-09  0.1000E-09  0.7632E+04  0.0000E+00
    2.7884  1  1   33.4509   20.6767   15.8243    8.7262    1.0596    0.8143    0.0036    0.0025    5.4081    4.7067  0.3485E+03  0.1159E+04 -0.6894E-06 -0.6407E-07  0.1000E-09  0.1000E-09  0.1000E-09  0.1000E-09  0.7633E+04  0.0000E+00
    2.7932  1  1   33.4475   20.6764   15.8243    8.7262    1.0602    0.8145    0.0036    0.0025    5.4084    4.7069  0.3472E+03  0.1159E+04 -0.6936E-06 -0.6407E-07  0.1000E-09  0.1000E-09  0.1000E-09  0.1000E-09  0.7633E+04  0.0000E+00
    2.7980  1  1   33.4442   20.6761   15.8243    8.7262    1.0607    0.8146    0.0036    0.0025    5.4087    4.7071  0.3459E+03  0.1158E+04 -0.6987E-06 -0.6414E-07  0.1000E-09  0.1000E-09  0.1000E-09  0.1000E-09  0.7634E+04  0.0000E+00
    2.8028  1  1   33.4408   20.6758   15.8243    8.7262    1.0613    0.8148    0.0036    0.0025    5.4091    4.7072  0.3447E+03  0.1157E+04 -0.6995E-06 -0.6424E-07  0.1000E-09  0.1000E-09  0.1000E-09  0.1000E-09  0.7635E+04  0.0000E+00
    2.8076  1  1   33.4375   20.6755   15.8243    8.7262    1.0618    0.8149    0.0036    0.0025    5.4094    4.7074  0.3434E+03  0.1156E+04 -0.6995E-06 -0.6433E-07  0.1000E-09  0.1000E-09  0.1000E-09  0.1000E-09  0.7635E+04  0.0000E+00
    2.8124  1  1   33.4341   20.6751   15.8243    8.7262    1.0624    0.8151    0.0036    0.0025    5.4098    4.7076  0.3422E+03  0.1155E+04 -0.6995E-06 -0.6443E-07  0.1000E-09  0.1000E-09  0.1000E-09  0.1000E-09  0.7636E+04  0.0000E+00
    2.8172  1  1   33.4308   20.6748   15.8243    8.7262    1.0629    0.8152    0.0036    0.0025    5.4101    4.7078  0.3409E+03  0.1154E+04 -0.6995E-06 -0.6443E-07  0.1000E-09  0.1000E-09  0.1000E-09  0.1000E-09  0.7636E+04  0.0000E+00
    2.8220  1  1   33.4274   20.6745   15.8243    8.7262    1.0635    0.8154    0.0036    0.0025    5.4105    4.7080  0.3396E+03  0.1153E+04 -0.7024E-06 -0.6443E-07  0.1000E-09  0.1000E-09  0.1000E-09  0.1000E-09  0.7637E+04  0.0000E+00
    2.8268  1  1   33.4240   20.6742   15.8243    8.7262    1.0641    0.8155    0.0036    0.0025    5.4108    4.7082  0.3384E+03  0.1152E+04 -0.7056E-06 -0.6443E-07  0.1000E-09  0.1000E-09  0.1000E-09  0.1000E-09  0.7637E+04  0.0000E+00
    2.8316  1  1   33.4206   20.6739   15.8243    8.7262    1.0647    0.8157    0.0036    0.0025    5.4111    4.7084  0.3371E+03  0.1151E+04 -0.7060E-06 -0.6443E-07  0.1000E-09  0.1000E-09  0.1000E-09  0.1000E-09  0.7638E+04  0.0000E+00
    2.8364  1  1   33.4172   20.6736   15.8243    8.7262    1.0652    0.8158    0.0036    0.0025    5.4115    4.7086  0.3359E+03  0.1150E+04 -0.7060E-06 -0.6443E-07  0.1000E-09  0.1000E-09  0.1000E-09  0.1000E-09  0.7638E+04  0.0000E+00
    2.8412  1  1   33.4138   20.6733   15.8243    8.7262    1.0658    0.8160    0.0036    0.0025    5.4118    4.7087  0.3346E+03  0.1149E+04 -0.7060E-06 -0.6443E-07  0.1000E-09  0.1000E-09  0.1000E-09  0.1000E-09  0.7639E+04  0.0000E+00
    2.8460  1  1   33.4104   20.6730   15.8243    8.7262    1.0664    0.8161    0.0036    0.0025    5.4122    4.7089  0.3334E+03  0.1148E+04 -0.7060E-06 -0.6453E-07  0.1000E-09  0.1000E-09  0.1000E-09  0.1000E-09  0.7639E+04  0.0000E+00
    2.8508  1  1   33.4071   20.6727   15.8243    8.7262    1.0670    0.8163    0.0036    0.0025    5.4125    4.7091  0.3321E+03  0.1147E+04 -0.7067E-06 -0.6470E-07  0.1000E-09  0.1000E-09  0.1000E-09  0.1000E-09  0.7640E+04  0.0000E+00
    2.8556  1  1   33.4037   20.6724   15.8243    8.7262    1.0675    0.8164    0.0036    0.0025    5.4129    4.7093  0.3309E+03  0.1146E+04 -0.7074E-06 -0.6487E-07  0.1000E-09  0.1000E-09  0.1000E-09  0.1000E-09  0.7640E+04  0.0000E+00
    2.8604  1  1   33.4003   20.6720   15.8243    8.7262    1.0681    0.8166    0.0036    0.0025    5.4132    4.7095  0.3296E+03  0.1145E+04 -0.7075E-06 -0.6504E-07  0.1000E-09  0.1000E-09  0.1000E-09  0.1000E-09  0.7641E+04  0.0000E+00
    2.8652  1  1   33.3969   20.6717   15.8243    8.7262    1.0687    0.8167    0.0036    0.0025    5.4136    4.7097  0.3284E+03  0.1144E+04 -0.7075E-06 -0.6506E-07  0.1000E-09  0.1000E-09  0.1000E-09  0.1000E-09  0.7641E+04  0.0000E+00
    2.8700  1  1   33.3935   20.6714   15.8243    8.7262    1.0693    0.8169    0.0036    0.0025    5.4139    4.7099  0.3271E+03  0.1143E+04 -0.7075E-06 -0.6506E-07  0.1000E-09  0.1000E-09  0.1000E-09  0.1000E-09  0.7642E+04  0.0000E+00
    2.8748  1  1   33.3901   20.6711   15.8243    8.7262    1.0699    0.8170    0.0037    0.0025    5.4143    4.7101  0.3259E+03  0.1142E+04 -0.7075E-06 -0.6506E-07  0.1000E-09  0.1000E-09  0.1000E-09  0.1000E-09  0.7642E+04  0.0000E+00
    2.8796  1  1   33.3867   20.6708   15.8243    8.7262    1.0705    0.8172    0.0037    0.0025    5.4146    4.7103  0.3247E+03  0.1141E+04 -0.7104E-06 -0.6506E-07  0.1000E-09  0.1000E-09  0.1000E-09  0.1000E-09  0.7643E+04  0.0000E+00
    2.8844  1  1   33.3832   20.6705   15.8243    8.7262    1.0711    0.8173    0.0037    0.0025    5.4150    4.7105  0.3234E+03  0.1140E+04 -0.7133E-06 -0.6506E-07  0.1000E-09  0.1000E-09  0.1000E-09  0.1000E-09  0.7643E+04  0.0000E+00
    2.8892  1  1   33.3798   20.6702   15.8243    8.7262    1.0717    0.8175    0.0037    0.0025    5.4153    4.7106  0.3222E+03  0.1139E+04 -0.7133E-06 -0.6506E-07  0.1000E-09  0.1000E-09  0.1000E-09  0.1000E-09  0.7644E+04  0.0000E+00
    2.8940  1  1   33.3764   20.6699   15.8243    8.7262    1.0722    0.8176    0.0037    0.0025    5.4157    4.7108  0.3209E+03  0.1138E+04 -0.7133E-06 -0.6535E-07  0.1000E-09  0.1000E-09  0.1000E-09  0.1000E-09  0.7644E+04  0.0000E+00
    2.8988  1  1   33.3730   20.6695   15.8243    8.7262    1.0728    0.8178    0.0037    0.0025    5.4160    4.7110  0.3197E+03  0.1137E+04 -0.7133E-06 -0.6584E-07  0.1000E-09  0.1000E-09  0.1000E-09  0.1000E-09  0.7645E+04  0.0000E+00
    2.9036  1  1   33.3695   20.6692   15.8243    8.7262    1.0734    0.8179    0.0037    0.0025    5.4164    4.7112  0.3185E+03  0.1136E+04 -0.7138E-06 -0.6633E-07  0.1000E-09  0.1000E-09  0.1000E-09  0.1000E-09  0.7646E+04  0.0000E+00
    2.9084  1  1   33.3661   20.6689   15.8243    8.7262    1.0740    0.8181    0.0037    0.0025    5.4167    4.7114  0.3172E+03  0.1135E+04 -0.7185E-06 -0.6683E-07  0.1000E-09  0.1000E-09  0.1000E-09  0.1000E-09  0.7646E+04  0.0000E+00
    2.9132  1  1   33.3626   20.6686   15.8243    8.7262    1.0746    0.8182    0.0037    0.0025    5.4171    4.7116  0.3160E+03  0.1134E+04 -0.7227E-06 -0.6692E-07  0.1000E-09  0.1000E-09  0.1000E-09  0.1000E-09  0.7647E+04  0.0000E+00
    2.9180  1  1   33.3592   20.6683   15.8243    8.7262    1.0753    0.8184    0.0037    0.0025    5.4174    4.7118  0.3148E+03  0.1133E+04 -0.7227E-06 -0.6692E-07  0.1000E-09  0.1000E-09  0.1000E-09  0.1000E-09  0.7647E+04  0.0000E+00
    2.9228  1  1   33.3557   20.6679   15.8243    8.7262    1.0759    0.8186    0.0037    0.0025    5.4177    4.7120  0.3135E+03  0.1132E+04 -0.7227E-06 -0.6692E-07  0.1000E-09  0.1000E-09  0.1000E-09  0.1000E-09  0.7648E+04  0.0000E+00
    2.9276  1  1   33.3522   20.6676   15.8243    8.7262    1.0765    0.8187    0.0037    0.0025    5.4181    4.7122  0.3123E+03  0.1131E+04 -0.7227E-06 -0.6692E-07  0.1000E-09  0.1000E-09  0.1000E-09  0.1000E-09  0.7648E+04  0.0000E+00
    2.9324  1  1   33.3488   20.6673   15.8243    8.7262    1.0771    0.8189    0.0037    0.0025    5.4184    4.7124  0.3111E+03  0.1131E+04 -0.7232E-06 -0.6692E-07  0.1000E-09  0.1000E-09  0.1000E-09  0.1000E-09  0.7649E+04  0.0000E+00
    2.9372  1  1   33.3453   20.6670   15.8243    8.7262    1.0777    0.8190    0.0037    0.0025    5.4188    4.7126  0.3099E+03  0.1130E+04 -0.7263E-06 -0.6692E-07  0.1000E-09  0.1000E-09  0.1000E-09  0.1000E-09  0.7649E+04  0.0000E+00
    2.9420  1  1   33.3418   20.6667   15.8243    8.7262    1.0783    0.8192    0.0037    0.0025    5.4192    4.7127  0.3086E+03  0.1129E+04 -0.7288E-06 -0.6678E-07  0.1000E-09  0.1000E-09  0.1000E-09  0.1000E-09  0.7650E+04  0.0000E+00
    2.9468  1  1   33.3383   20.6663   15.8243    8.7262    1.0789    0.8193    0.0037    0.0025    5.4195    4.7129  0.3074E+03  0.1128E+04 -0.7288E-06 -0.6641E-07  0.1000E-09  0.1000E-09  0.1000E-09  0.1000E-09  0.7650E+04  0.0000E+00
    2.9516  1  1   33.3348   20.6660   15.8243    8.7262    1.0796    0.8195    0.0037    0.0025    5.4199    4.7131  0.3062E+03  0.1127E+04 -0.7288E-06 -0.6604E-07  0.1000E-09  0.1000E-09  0.1000E-09  0.1000E-09  0.7651E+04  0.0000E+00
    2.9564  1  1   33.3313   20.6657   15.8243    8.7262    1.0802    0.8196    0.0037    0.0025    5.4202    4.7133  0.3050E+03  0.1126E+04 -0.7288E-06 -0.6567E-07  0.1000E-09  0.1000E-09  0.1000E-09  0.1000E-09  0.7651E+04  0.0000E+00
    2.9612  1  1   33.3278   20.6654   15.8243    8.7262    1.0808    0.8198    0.0037    0.0026    5.4206    4.7135  0.3037E+03  0.1125E+04 -0.7293E-06 -0.6553E-07  0.1000E-09  0.1000E-09  0.1000E-09  0.1000E-09  0.7652E+04  0.0000E+00
    2.9660  1  1   33.3243   20.6651   15.8243    8.7262    1.0814    0.8199    0.0037    0.0026    5.4209    4.7137  0.3025E+03  0.1124E+04 -0.7314E-06 -0.6553E-07  0.1000E-09  0.1000E-09  0.1000E-09  0.1000E-09  0.7653E+04  0.0000E+00
    2.9708  1  1   33.3207   20.6648   15.8243    8.7262    1.0821    0.8201    0.0038    0.0026    5.4213    4.7139  0.3013E+03  0.1123E+04 -0.7329E-06 -0.6553E-07  0.1000E-09  0.1000E-09  0.1000E-09  0.1000E-09  0.7653E+04  0.0000E+00
    2.9756  1  1   33.3172   20.6644   15.8243    8.7262    1.0827    0.8202    0.0038    0.0026    5.4216    4.7141  0.3001E+03  0.1122E+04 -0.7329E-06 -0.6553E-07  0.1000E-09  0.1000E-09  0.1000E-09  0.1000E-09  0.7654E+04  0.0000E+00
    2.9804  1  1   33.3137   20.6641   15.8243    8.7262    1.0833    0.8204    0.0038    0.0026    5.4220    4.7143  0.2989E+03  0.1121E+04 -0.7329E-06 -0.6553E-07  0.1000E-09  0.1000E-09  0.1000E-09  0.1000E-09  0.7654E+04  0.0000E+00
    2.9852  1  1   33.3102   20.6638   15.8243    8.7262    1.0840    0.8205    0.0038    0.0026    5.4223    4.7145  0.2976E+03  0.1120E+04 -0.7329E-06 -0.6553E-07  0.1000E-09  0.1000E-09  0.1000E-09  0.1000E-09  0.7655E+04  0.0000E+00
    2.9900  1  1   33.3067   20.6635   15.8243    8.7262    1.0846    0.8207    0.0038    0.0026    5.4227    4.7147  0.2964E+03  0.1119E+04 -0.7335E-06 -0.6553E-07  0.1000E-09  0.1000E-09  0.1000E-09  0.1000E-09  0.7655E+04  0.0000E+00
    2.9948  1  1   33.3031   20.6632   15.8243    8.7262    1.0852    0.8208    0.0038    0.0026    5.4230    4.7148  0.2952E+03  0.1118E+04 -0.7356E-06 -0.6619E-07  0.1000E-09  0.1000E-09  0.1000E-09  0.1000E-09  0.7656E+04  0.0000E+00
    2.9996  1  1   33.2996   20.6629   15.8243    8.7262    1.0859    0.8210    0.0038    0.0026    5.4234    4.7150  0.2940E+03  0.1117E+04 -0.7371E-06 -0.6688E-07  0.1000E-09  0.1000E-09  0.1000E-09  0.1000E-09  0.7656E+04  0.0000E+00
    3.0044  1  1   33.2961   20.6625   15.8243    8.7262    1.0865    0.8212    0.0038    0.0026    5.4238    4.7152  0.2928E+03  0.1116E+04 -0.7371E-06 -0.6757E-07  0.1000E-09  0.1000E-09  0.1000E-09  0.1000E-09  0.7657E+04  0.0000E+00
    3.0092  1  1   33.2925   20.6622   15.8243    8.7262    1.0872    0.8213    0.0038    0.0026    5.4241    4.7154  0.2916E+03  0.1115E+04 -0.7371E-06 -0.6813E-07  0.1000E-09  0.1000E-09  0.1000E-09  0.1000E-09  0.7657E+04  0.0000E+00
    3.0140  1  1   33.2890   20.6619   15.8243    8.7262    1.0878    0.8215    0.0038    0.0026    5.4245    4.7156  0.2904E+03  0.1114E+04 -0.7371E-06 -0.6813E-07  0.1000E-09  0.1000E-09  0.1000E-09  0.1000E-09  0.7658E+04  0.0000E+00
    3.0188  1  1   33.2854   20.6616   15.8243    8.7262    1.0885    0.8216    0.0038    0.0026    5.4248    4.7158  0.2892E+03  0.1113E+04 -0.7381E-06 -0.6813E-07  0.1000E-09  0.1000E-09  0.1000E-09  0.1000E-09  0.7659E+04  0.0000E+00
    3.0236  1  1   33.2819   20.6612   15.8243    8.7262    1.0891    0.8218    0.0038    0.0026    5.4252    4.7160  0.2880E+03  0.1112E+04 -0.7409E-06 -0.6813E-07  0.1000E-09  0.1000E-09  0.1000E-09  0.1000E-09  0.7659E+04  0.0000E+00
    3.0284  1  1   33.2783   20.6609   15.8243    8.7262    1.0898    0.8219    0.0038    0.0026    5.4255    4.7162  0.2868E+03  0.1111E+04 -0.7427E-06 -0.6813E-07  0.1000E-09  0.1000E-09  0.1000E-09  0.1000E-09  0.7660E+04  0.0000E+00
    3.0332  1  1   33.2748   20.6606   15.8243    8.7262    1.0905    0.8221    0.0038    0.0026    5.4259    4.7164  0.2856E+03  0.1110E+04 -0.7427E-06 -0.6813E-07  0.1000E-09  0.1000E-09  0.1000E-09  0.1000E-09  0.7660E+04  0.0000E+00
    3.0380  1  1   33.2712   20.6602   15.8243    8.7262    1.0911    0.8222    0.0038    0.0026    5.4263    4.7166  0.2844E+03  0.1109E+04 -0.7427E-06 -0.6813E-07  0.1000E-09  0.1000E-09  0.1000E-09  0.1000E-09  0.7661E+04  0.0000E+00
    3.0428  1  1   33.2676   20.6599   15.8243    8.7262    1.0918    0.8224    0.0038    0.0026    5.4266    4.7168  0.2832E+03  0.1108E+04 -0.7427E-06 -0.6809E-07  0.1000E-09  0.1000E-09  0.1000E-09  0.1000E-09  0.7661E+04  0.0000E+00
    3.0476  1  1   33.2641   20.6596   15.8243    8.7262    1.0924    0.8226    0.0038    0.0026    5.4270    4.7170  0.2820E+03  0.1107E+04 -0.7439E-06 -0.6805E-07  0.1000E-09  0.1000E-09  0.1000E-09  0.1000E-09  0.7662E+04  0.0000E+00
    3.0524  1  1   33.2605   20.6593   15.8243    8.7262    1.0931    0.8227    0.0038    0.0026    5.4273    4.7172  0.2808E+03  0.1106E+04 -0.7467E-06 -0.6801E-07  0.1000E-09  0.1000E-09  0.1000E-09  0.1000E-09  0.7662E+04  0.0000E+00
    3.0572  1  1   33.2569   20.6589   15.8243    8.7262    1.0938    0.8229    0.0038    0.0026    5.4277    4.7174  0.2796E+03  0.1105E+04 -0.7483E-06 -0.6797E-07  0.1000E-09  0.1000E-09  0.1000E-09  0.1000E-09  0.7663E+04  0.0000E+00
    3.0620  1  1   33.2533   20.6586   15.8243    8.7262    1.0945    0.8230    0.0039    0.0026    5.4281    4.7175  0.2784E+03  0.1104E+04 -0.7483E-06 -0.6797E-07  0.1000E-09  0.1000E-09  0.1000E-09  0.1000E-09  0.7663E+04  0.0000E+00
    3.0668  1  1   33.2497   20.6583   15.8243    8.7262    1.0951    0.8232    0.0039    0.0026    5.4284    4.7177  0.2772E+03  0.1103E+04 -0.7483E-06 -0.6797E-07  0.1000E-09  0.1000E-09  0.1000E-09  0.1000E-09  0.7664E+04  0.0000E+00
    3.0716  1  1   33.2461   20.6580   15.8243    8.7262    1.0958    0.8233    0.0039    0.0026    5.4288    4.7179  0.2760E+03  0.1102E+04 -0.7483E-06 -0.6797E-07  0.1000E-09  0.1000E-09  0.1000E-09  0.1000E-09  0.7665E+04  0.0000E+00
    3.0764  1  1   33.2425   20.6576   15.8243    8.7262    1.0965    0.8235    0.0039    0.0026    5.4292    4.7181  0.2748E+03  0.1102E+04 -0.7499E-06 -0.6797E-07  0.1000E-09  0.1000E-09  0.1000E-09  0.1000E-09  0.7665E+04  0.0000E+00
    3.0812  1  1   33.2389   20.6573   15.8243    8.7262    1.0972    0.8237    0.0039    0.0026    5.4295    4.7183  0.2736E+03  0.1101E+04 -0.7531E-06 -0.6797E-07  0.1000E-09  0.1000E-09  0.1000E-09  0.1000E-09  0.7666E+04  0.0000E+00
    3.0860  1  1   33.2353   20.6570   15.8243    8.7262    1.0979    0.8238    0.0039    0.0026    5.4299    4.7185  0.2725E+03  0.1100E+04 -0.7546E-06 -0.6797E-07  0.1000E-09  0.1000E-09  0.1000E-09  0.1000E-09  0.7666E+04  0.0000E+00
    3.0908  1  1   33.2317   20.6567   15.8243    8.7262    1.0986    0.8240    0.0039    0.0026    5.4302    4.7187  0.2713E+03  0.1099E+04 -0.7546E-06 -0.6784E-07  0.1000E-09  0.1000E-09  0.1000E-09  0.1000E-09  0.7667E+04  0.0000E+00
    3.0956  1  1   33.2280   20.6563   15.8243    8.7262    1.0993    0.8241    0.0039    0.0026    5.4306    4.7189  0.2701E+03  0.1098E+04 -0.7546E-06 -0.6760E-07  0.1000E-09  0.1000E-09  0.1000E-09  0.1000E-09  0.7667E+04  0.0000E+00
    3.1004  1  1   33.2244   20.6560   15.8243    8.7262    1.0999    0.8243    0.0039    0.0026    5.4310    4.7191  0.2689E+03  0.1097E+04 -0.7546E-06 -0.6735E-07  0.1000E-09  0.1000E-09  0.1000E-09  0.1000E-09  0.7668E+04  0.0000E+00
    3.1052  1  1   33.2208   20.6557   15.8243    8.7262    1.1006    0.8244    0.0039    0.0026    5.4313    4.7193  0.2677E+03  0.1096E+04 -0.7570E-06 -0.6710E-07  0.1000E-09  0.1000E-09  0.1000E-09  0.1000E-09  0.7669E+04  0.0000E+00
    3.1100  1  1   33.2171   20.6554   15.8243    8.7262    1.1014    0.8246    0.0039    0.0026    5.4317    4.7195  0.2665E+03  0.1095E+04 -0.7613E-06 -0.6703E-07  0.1000E-09  0.1000E-09  0.1000E-09  0.1000E-09  0.7669E+04  0.0000E+00
    3.1148  1  1   33.2135   20.6550   15.8243    8.7262    1.1021    0.8248    0.0039    0.0026    5.4321    4.7197  0.2654E+03  0.1094E+04 -0.7631E-06 -0.6703E-07  0.1000E-09  0.1000E-09  0.1000E-09  0.1000E-09  0.7670E+04  0.0000E+00
    3.1196  1  1   33.2098   20.6547   15.8243    8.7262    1.1028    0.8249    0.0039    0.0026    5.4324    4.7199  0.2642E+03  0.1093E+04 -0.7631E-06 -0.6703E-07  0.1000E-09  0.1000E-09  0.1000E-09  0.1000E-09  0.7670E+04  0.0000E+00
    3.1244  1  1   33.2061   20.6544   15.8243    8.7262    1.1035    0.8251    0.0039    0.0026    5.4328    4.7201  0.2630E+03  0.1092E+04 -0.7631E-06 -0.6703E-07  0.1000E-09  0.1000E-09  0.1000E-09  0.1000E-09  0.7671E+04  0.0000E+00
    3.1292  1  1   33.2025   20.6541   15.8243    8.7262    1.1042    0.8252    0.0039    0.0026    5.4332    4.7202  0.2619E+03  0.1091E+04 -0.7631E-06 -0.6703E-07  0.1000E-09  0.1000E-09  0.1000E-09  0.1000E-09  0.7671E+04  0.0000E+00
    3.1340  1  1   33.1988   20.6538   15.8243    8.7262    1.1049    0.8254    0.0039    0.0026    5.4335    4.7204  0.2607E+03  0.1090E+04 -0.7630E-06 -0.6703E-07  0.1000E-09  0.1000E-09  0.1000E-09  0.1000E-09  0.7672E+04  0.0000E+00
    3.1388  1  1   33.1952   20.6534   15.8243    8.7262    1.1056    0.8255    0.0040    0.0026    5.4339    4.7206  0.2595E+03  0.1089E+04 -0.7628E-06 -0.6726E-07  0.1000E-09  0.1000E-09  0.1000E-09  0.1000E-09  0.7673E+04  0.0000E+00
    3.1436  1  1   33.1915   20.6531   15.8243    8.7262    1.1063    0.8257    0.0040    0.0026    5.4343    4.7208  0.2583E+03  0.1088E+04 -0.7628E-06 -0.6784E-07  0.1000E-09  0.1000E-09  0.1000E-09  0.1000E-09  0.7673E+04  0.0000E+00
    3.1484  1  1   33.1878   20.6528   15.8243    8.7262    1.1071    0.8259    0.0040    0.0026    5.4346    4.7210  0.2572E+03  0.1087E+04 -0.7628E-06 -0.6842E-07  0.1000E-09  0.1000E-09  0.1000E-09  0.1000E-09  0.7674E+04  0.0000E+00
    3.1532  1  1   33.1842   20.6525   15.8243    8.7262    1.1078    0.8260    0.0040    0.0026    5.4350    4.7212  0.2560E+03  0.1086E+04 -0.7628E-06 -0.6899E-07  0.1000E-09  0.1000E-09  0.1000E-09  0.1000E-09  0.7674E+04  0.0000E+00
    3.1580  1  1   33.1805   20.6521   15.8243    8.7262    1.1085    0.8262    0.0040    0.0026    5.4354    4.7214  0.2549E+03  0.1085E+04 -0.7628E-06 -0.6921E-07  0.1000E-09  0.1000E-09  0.1000E-09  0.1000E-09  0.7675E+04  0.0000E+00
    3.1628  1  1   33.1768   20.6518   15.8243    8.7262    1.1092    0.8263    0.0040    0.0026    5.4357    4.7216  0.2537E+03  0.1084E+04 -0.7649E-06 -0.6921E-07  0.1000E-09  0.1000E-09  0.1000E-09  0.1000E-09  0.7675E+04  0.0000E+00
    3.1676  1  1   33.1732   20.6515   15.8243    8.7262    1.1100    0.8265    0.0040    0.0026    5.4361    4.7218  0.2525E+03  0.1083E+04 -0.7679E-06 -0.6921E-07  0.1000E-09  0.1000E-09  0.1000E-09  0.1000E-09  0.7676E+04  0.0000E+00
    3.1724  1  1   33.1695   20.6511   15.8243    8.7262    1.1107    0.8266    0.0040    0.0026    5.4365    4.7220  0.2514E+03  0.1082E+04 -0.7687E-06 -0.6921E-07  0.1000E-09  0.1000E-09  0.1000E-09  0.1000E-09  0.7677E+04  0.0000E+00
    3.1772  1  1   33.1658   20.6508   15.8243    8.7262    1.1114    0.8268    0.0040    0.0026    5.4368    4.7222  0.2502E+03  0.1081E+04 -0.7687E-06 -0.6921E-07  0.1000E-09  0.1000E-09  0.1000E-09  0.1000E-09  0.7677E+04  0.0000E+00
    3.1820  1  1   33.1621   20.6505   15.8243    8.7262    1.1122    0.8270    0.0040    0.0026    5.4372    4.7224  0.2491E+03  0.1080E+04 -0.7687E-06 -0.6921E-07  0.1000E-09  0.1000E-09  0.1000E-09  0.1000E-09  0.7678E+04  0.0000E+00
    3.1868  1  1   33.1584   20.6501   15.8243    8.7262    1.1129    0.8271    0.0040    0.0026    5.4376    4.7226  0.2479E+03  0.1079E+04 -0.7687E-06 -0.6923E-07  0.1000E-09  0.1000E-09  0.1000E-09  0.1000E-09  0.7678E+04  0.0000E+00
    3.1916  1  1   33.1547   20.6498   15.8243    8.7262    1.1136    0.8273    0.0040    0.0026    5.4379    4.7228  0.2468E+03  0.1078E+04 -0.7697E-06 -0.6933E-07  0.1000E-09  0.1000E-09  0.1000E-09  0.1000E-09  0.7679E+04  0.0000E+00
    3.1964  1  1   33.1510   20.6495   15.8243    8.7262    1.1144    0.8274    0.0040    0.0026    5.4383    4.7230  0.2456E+03  0.1078E+04 -0.7710E-06 -0.6942E-07  0.1000E-09  0.1000E-09  0.1000E-09  0.1000E-09  0.7679E+04  0.0000E+00
    3.2012  1  1   33.1473   20.6491   15.8243    8.7262    1.1152    0.8276    0.0040    0.0026    5.4387    4.7232  0.2445E+03  0.1077E+04 -0.7713E-06 -0.6952E-07  0.1000E-09  0.1000E-09  0.1000E-09  0.1000E-09  0.7680E+04  0.0000E+00
    3.2060  1  1   33.1436   20.6488   15.8243    8.7262    1.1159    0.8278    0.0040    0.0026    5.4391    4.7234  0.2433E+03  0.1076E+04 -0.7713E-06 -0.6958E-07  0.1000E-09  0.1000E-09  0.1000E-09  0.1000E-09  0.7681E+04  0.0000E+00
    3.2108  1  1   33.1399   20.6485   15.8243    8.7262    1.1167    0.8279    0.0041    0.0026    5.4394    4.7236  0.2422E+03  0.1075E+04 -0.7713E-06 -0.6958E-07  0.1000E-09  0.1000E-09  0.1000E-09  0.1000E-09  0.7681E+04  0.0000E+00
    3.2156  1  1   33.1362   20.6481   15.8243    8.7262    1.1174    0.8281    0.0041    0.0026    5.4398    4.7238  0.2411E+03  0.1074E+04 -0.7713E-06 -0.6958E-07  0.1000E-09  0.1000E-09  0.1000E-09  0.1000E-09  0.7682E+04  0.0000E+00
    3.2204  1  1   33.1325   20.6478   15.8243    8.7262    1.1182    0.8282    0.0041    0.0026    5.4402    4.7240  0.2399E+03  0.1073E+04 -0.7755E-06 -0.6958E-07  0.1000E-09  0.1000E-09  0.1000E-09  0.1000E-09  0.7682E+04  0.0000E+00
    3.2252  1  1   33.1287   20.6475   15.8243    8.7262    1.1190    0.8284    0.0041    0.0026    5.4405    4.7242  0.2388E+03  0.1072E+04 -0.7803E-06 -0.6958E-07  0.1000E-09  0.1000E-09  0.1000E-09  0.1000E-09  0.7683E+04  0.0000E+00
    3.2300  1  1   33.1250   20.6471   15.8243    8.7262    1.1197    0.8286    0.0041    0.0026    5.4409    4.7244  0.2376E+03  0.1071E+04 -0.7809E-06 -0.6958E-07  0.1000E-09  0.1000E-09  0.1000E-09  0.1000E-09  0.7683E+04  0.0000E+00
    3.2348  1  1   33.1212   20.6468   15.8243    8.7262    1.1205    0.8287    0.0041    0.0026    5.4413    4.7245  0.2365E+03  0.1070E+04 -0.7809E-06 -0.6959E-07  0.1000E-09  0.1000E-09  0.1000E-09  0.1000E-09  0.7684E+04  0.0000E+00
    3.2396  1  1   33.1175   20.6465   15.8243    8.7262    1.1213    0.8289    0.0041    0.0026    5.4417    4.7247  0.2354E+03  0.1069E+04 -0.7809E-06 -0.7013E-07  0.1000E-09  0.1000E-09  0.1000E-09  0.1000E-09  0.7685E+04  0.0000E+00
    3.2444  1  1   33.1137   20.6461   15.8243    8.7262    1.1221    0.8291    0.0041    0.0026    5.4420    4.7249  0.2342E+03  0.1068E+04 -0.7809E-06 -0.7068E-07  0.1000E-09  0.1000E-09  0.1000E-09  0.1000E-09  0.7685E+04  0.0000E+00
    3.2492  1  1   33.1100   20.6458   15.8243    8.7262    1.1229    0.8292    0.0041    0.0026    5.4424    4.7251  0.2331E+03  0.1067E+04 -0.7818E-06 -0.7123E-07  0.1000E-09  0.1000E-09  0.1000E-09  0.1000E-09  0.7686E+04  0.0000E+00
    3.2540  1  1   33.1062   20.6454   15.8243    8.7262    1.1236    0.8294    0.0041    0.0026    5.4428    4.7253  0.2320E+03  0.1066E+04 -0.7828E-06 -0.7165E-07  0.1000E-09  0.1000E-09  0.1000E-09  0.1000E-09  0.7686E+04  0.0000E+00
    3.2588  1  1   33.1025   20.6451   15.8243    8.7262    1.1244    0.8295    0.0041    0.0026    5.4432    4.7255  0.2308E+03  0.1065E+04 -0.7829E-06 -0.7165E-07  0.1000E-09  0.1000E-09  0.1000E-09  0.1000E-09  0.7687E+04  0.0000E+00
    3.2636  1  1   33.0987   20.6447   15.8243    8.7262    1.1252    0.8297    0.0041    0.0026    5.4436    4.7257  0.2297E+03  0.1064E+04 -0.7829E-06 -0.7165E-07  0.1000E-09  0.1000E-09  0.1000E-09  0.1000E-09  0.7688E+04  0.0000E+00
    3.2684  1  1   33.0950   20.6444   15.8243    8.7262    1.1260    0.8299    0.0041    0.0026    5.4439    4.7259  0.2286E+03  0.1063E+04 -0.7829E-06 -0.7165E-07  0.1000E-09  0.1000E-09  0.1000E-09  0.1000E-09  0.7688E+04  0.0000E+00
    3.2732  1  1   33.0912   20.6441   15.8243    8.7262    1.1268    0.8300    0.0041    0.0026    5.4443    4.7261  0.2275E+03  0.1062E+04 -0.7829E-06 -0.7165E-07  0.1000E-09  0.1000E-09  0.1000E-09  0.1000E-09  0.7689E+04  0.0000E+00
    3.2780  1  1   33.0874   20.6437   15.8243    8.7262    1.1276    0.8302    0.0042    0.0026    5.4447    4.7263  0.2264E+03  0.1061E+04 -0.7839E-06 -0.7165E-07  0.1000E-09  0.1000E-09  0.1000E-09  0.1000E-09  0.7689E+04  0.0000E+00
    3.2828  1  1   33.0837   20.6434   15.8243    8.7262    1.1284    0.8304    0.0042    0.0026    5.4451    4.7265  0.2252E+03  0.1060E+04 -0.7849E-06 -0.7165E-07  0.1000E-09  0.1000E-09  0.1000E-09  0.1000E-09  0.7690E+04  0.0000E+00
    3.2876  1  1   33.0799   20.6430   15.8243    8.7262    1.1293    0.8305    0.0042    0.0026    5.4455    4.7267  0.2241E+03  0.1059E+04 -0.7849E-06 -0.7176E-07  0.1000E-09  0.1000E-09  0.1000E-09  0.1000E-09  0.7690E+04  0.0000E+00
    3.2924  1  1   33.0761   20.6427   15.8243    8.7262    1.1301    0.8307    0.0042    0.0026    5.4458    4.7269  0.2230E+03  0.1058E+04 -0.7849E-06 -0.7191E-07  0.1000E-09  0.1000E-09  0.1000E-09  0.1000E-09  0.7691E+04  0.0000E+00
    3.2972  1  1   33.0724   20.6423   15.8243    8.7262    1.1309    0.8309    0.0042    0.0026    5.4462    4.7271  0.2219E+03  0.1057E+04 -0.7849E-06 -0.7206E-07  0.1000E-09  0.1000E-09  0.1000E-09  0.1000E-09  0.7692E+04  0.0000E+00
    3.3020  1  1   33.0686   20.6420   15.8243    8.7262    1.1317    0.8310    0.0042    0.0026    5.4466    4.7273  0.2208E+03  0.1056E+04 -0.7852E-06 -0.7221E-07  0.1000E-09  0.1000E-09  0.1000E-09  0.1000E-09  0.7692E+04  0.0000E+00
    3.3068  1  1   33.0648   20.6416   15.8243    8.7262    1.1325    0.8312    0.0042    0.0026    5.4470    4.7275  0.2197E+03  0.1055E+04 -0.7890E-06 -0.7221E-07  0.1000E-09  0.1000E-09  0.1000E-09  0.1000E-09  0.7693E+04  0.0000E+00
    3.3116  1  1   33.0610   20.6413   15.8243    8.7262    1.1334    0.8314    0.0042    0.0026    5.4474    4.7277  0.2186E+03  0.1054E+04 -0.7926E-06 -0.7221E-07  0.1000E-09  0.1000E-09  0.1000E-09  0.1000E-09  0.7693E+04  0.0000E+00
    3.3164  1  1   33.0572   20.6409   15.8243    8.7262    1.1342    0.8315    0.0042    0.0026    5.4478    4.7279  0.2174E+03  0.1053E+04 -0.7926E-06 -0.7221E-07  0.1000E-09  0.1000E-09  0.1000E-09  0.1000E-09  0.7694E+04  0.0000E+00
    3.3212  1  1   33.0534   20.6406   15.8243    8.7262    1.1350    0.8317    0.0042    0.0026    5.4482    4.7281  0.2163E+03  0.1052E+04 -0.7926E-06 -0.7221E-07  0.1000E-09  0.1000E-09  0.1000E-09  0.1000E-09  0.7695E+04  0.0000E+00
    3.3260  1  1   33.0496   20.6403   15.8243    8.7262    1.1359    0.8319    0.0042    0.0026    5.4485    4.7283  0.2152E+03  0.1051E+04 -0.7926E-06 -0.7221E-07  0.1000E-09  0.1000E-09  0.1000E-09  0.1000E-09  0.7695E+04  0.0000E+00
    3.3308  1  1   33.0458   20.6399   15.8243    8.7262    1.1367    0.8320    0.0042    0.0026    5.4489    4.7285  0.2142E+03  0.1050E+04 -0.7926E-06 -0.7221E-07  0.1000E-09  0.1000E-09  0.1000E-09  0.1000E-09  0.7696E+04  0.0000E+00
    3.3356  1  1   33.0420   20.6396   15.8243    8.7262    1.1375    0.8322    0.0042    0.0026    5.4493    4.7287  0.2130E+03  0.1049E+04 -0.7930E-06 -0.7196E-07  0.1000E-09  0.1000E-09  0.1000E-09  0.1000E-09  0.7696E+04  0.0000E+00
    3.3404  1  1   33.0382   20.6392   15.8243    8.7262    1.1384    0.8324    0.0043    0.0026    5.4497    4.7289  0.2119E+03  0.1048E+04 -0.7934E-06 -0.7157E-07  0.1000E-09  0.1000E-09  0.1000E-09  0.1000E-09  0.7697E+04  0.0000E+00
    3.3452  1  1   33.0344   20.6389   15.8243    8.7262    1.1392    0.8325    0.0043    0.0026    5.4501    4.7291  0.2109E+03  0.1047E+04 -0.7934E-06 -0.7118E-07  0.1000E-09  0.1000E-09  0.1000E-09  0.1000E-09  0.7698E+04  0.0000E+00
    3.3500  1  1   33.0306   20.6385   15.8243    8.7262    1.1401    0.8327    0.0043    0.0026    5.4505    4.7293  0.2098E+03  0.1046E+04 -0.7934E-06 -0.7078E-07  0.1000E-09  0.1000E-09  0.1000E-09  0.1000E-09  0.7698E+04  0.0000E+00
    3.3548  1  1   33.0268   20.6382   15.8243    8.7262    1.1409    0.8328    0.0043    0.0026    5.4508    4.7295  0.2087E+03  0.1045E+04 -0.7934E-06 -0.7072E-07  0.1000E-09  0.1000E-09  0.1000E-09  0.1000E-09  0.7699E+04  0.0000E+00
    3.3596  1  1   33.0229   20.6379   15.8243    8.7262    1.1418    0.8330    0.0043    0.0026    5.4512    4.7297  0.2076E+03  0.1044E+04 -0.7937E-06 -0.7072E-07  0.1000E-09  0.1000E-09  0.1000E-09  0.1000E-09  0.7699E+04  0.0000E+00
    3.3644  1  1   33.0191   20.6375   15.8243    8.7262    1.1427    0.8332    0.0043    0.0026    5.4516    4.7299  0.2065E+03  0.1043E+04 -0.7955E-06 -0.7072E-07  0.1000E-09  0.1000E-09  0.1000E-09  0.1000E-09  0.7700E+04  0.0000E+00
    3.3692  1  1   33.0153   20.6372   15.8243    8.7262    1.1436    0.8333    0.0043    0.0026    5.4521    4.7301  0.2054E+03  0.1043E+04 -0.7969E-06 -0.7072E-07  0.1000E-09  0.1000E-09  0.1000E-09  0.1000E-09  0.7701E+04  0.0000E+00
    3.3740  1  1   33.0115   20.6368   15.8243    8.7262    1.1445    0.8335    0.0043    0.0026    5.4525    4.7303  0.2043E+03  0.1042E+04 -0.7969E-06 -0.7072E-07  0.1000E-09  0.1000E-09  0.1000E-09  0.1000E-09  0.7701E+04  0.0000E+00
    3.3788  1  1   33.0077   20.6365   15.8243    8.7262    1.1454    0.8337    0.0043    0.0026    5.4529    4.7305  0.2032E+03  0.1041E+04 -0.7969E-06 -0.7072E-07  0.1000E-09  0.1000E-09  0.1000E-09  0.1000E-09  0.7702E+04  0.0000E+00
    3.3836  1  1   33.0038   20.6362   15.8243    8.7262    1.1462    0.8338    0.0043    0.0026    5.4533    4.7307  0.2021E+03  0.1040E+04 -0.7969E-06 -0.7076E-07  0.1000E-09  0.1000E-09  0.1000E-09  0.1000E-09  0.7702E+04  0.0000E+00
    3.3884  1  1   33.0000   20.6358   15.8243    8.7262    1.1471    0.8340    0.0043    0.0026    5.4537    4.7309  0.2010E+03  0.1039E+04 -0.7980E-06 -0.7089E-07  0.1000E-09  0.1000E-09  0.1000E-09  0.1000E-09  0.7703E+04  0.0000E+00
    3.3932  1  1   32.9962   20.6355   15.8243    8.7262    1.1480    0.8342    0.0043    0.0026    5.4541    4.7311  0.2000E+03  0.1038E+04 -0.8017E-06 -0.7103E-07  0.1000E-09  0.1000E-09  0.1000E-09  0.1000E-09  0.7704E+04  0.0000E+00
    3.3980  1  1   32.9923   20.6351   15.8243    8.7262    1.1489    0.8343    0.0044    0.0026    5.4545    4.7313  0.1989E+03  0.1037E+04 -0.8044E-06 -0.7116E-07  0.1000E-09  0.1000E-09  0.1000E-09  0.1000E-09  0.7704E+04  0.0000E+00
    3.4028  1  1   32.9884   20.6348   15.8243    8.7262    1.1498    0.8345    0.0044    0.0026    5.4549    4.7315  0.1978E+03  0.1036E+04 -0.8044E-06 -0.7123E-07  0.1000E-09  0.1000E-09  0.1000E-09  0.1000E-09  0.7705E+04  0.0000E+00
    3.4076  1  1   32.9846   20.6345   15.8243    8.7262    1.1507    0.8347    0.0044    0.0026    5.4553    4.7317  0.1967E+03  0.1035E+04 -0.8044E-06 -0.7123E-07  0.1000E-09  0.1000E-09  0.1000E-09  0.1000E-09  0.7705E+04  0.0000E+00
    3.4124  1  1   32.9807   20.6341   15.8243    8.7262    1.1516    0.8348    0.0044    0.0026    5.4557    4.7319  0.1957E+03  0.1034E+04 -0.8044E-06 -0.7123E-07  0.1000E-09  0.1000E-09  0.1000E-09  0.1000E-09  0.7706E+04  0.0000E+00
    3.4172  1  1   32.9768   20.6338   15.8243    8.7262    1.1525    0.8350    0.0044    0.0026    5.4561    4.7321  0.1946E+03  0.1033E+04 -0.8049E-06 -0.7123E-07  0.1000E-09  0.1000E-09  0.1000E-09  0.1000E-09  0.7707E+04  0.0000E+00
    3.4220  1  1   32.9730   20.6334   15.8243    8.7262    1.1534    0.8352    0.0044    0.0026    5.4565    4.7323  0.1935E+03  0.1032E+04 -0.8064E-06 -0.7123E-07  0.1000E-09  0.1000E-09  0.1000E-09  0.1000E-09  0.7707E+04  0.0000E+00
    3.4268  1  1   32.9691   20.6331   15.8243    8.7262    1.1544    0.8353    0.0044    0.0026    5.4569    4.7325  0.1925E+03  0.1031E+04 -0.8073E-06 -0.7123E-07  0.1000E-09  0.1000E-09  0.1000E-09  0.1000E-09  0.7708E+04  0.0000E+00
    3.4316  1  1   32.9652   20.6327   15.8243    8.7262    1.1553    0.8355    0.0044    0.0026    5.4573    4.7327  0.1914E+03  0.1030E+04 -0.8073E-06 -0.7124E-07  0.1000E-09  0.1000E-09  0.1000E-09  0.1000E-09  0.7708E+04  0.0000E+00
    3.4364  1  1   32.9614   20.6324   15.8243    8.7262    1.1562    0.8357    0.0044    0.0026    5.4577    4.7329  0.1904E+03  0.1029E+04 -0.8073E-06 -0.7179E-07  0.1000E-09  0.1000E-09  0.1000E-09  0.1000E-09  0.7709E+04  0.0000E+00
    3.4412  1  1   32.9575   20.6321   15.8243    8.7262    1.1571    0.8358    0.0044    0.0026    5.4581    4.7331  0.1893E+03  0.1028E+04 -0.8073E-06 -0.7234E-07  0.1000E-09  0.1000E-09  0.1000E-09  0.1000E-09  0.7710E+04  0.0000E+00
    3.4460  1  1   32.9536   20.6317   15.8243    8.7262    1.1580    0.8360    0.0044    0.0026    5.4585    4.7333  0.1883E+03  0.1027E+04 -0.8068E-06 -0.7289E-07  0.1000E-09  0.1000E-09  0.1000E-09  0.1000E-09  0.7710E+04  0.0000E+00
    3.4508  1  1   32.9497   20.6313   15.8243    8.7262    1.1590    0.8362    0.0045    0.0026    5.4589    4.7335  0.1872E+03  0.1026E+04 -0.8055E-06 -0.7331E-07  0.1000E-09  0.1000E-09  0.1000E-09  0.1000E-09  0.7711E+04  0.0000E+00
    3.4556  1  1   32.9459   20.6310   15.8243    8.7262    1.1599    0.8364    0.0045    0.0026    5.4593    4.7337  0.1862E+03  0.1025E+04 -0.8048E-06 -0.7331E-07  0.1000E-09  0.1000E-09  0.1000E-09  0.1000E-09  0.7711E+04  0.0000E+00
    3.4604  1  1   32.9420   20.6306   15.8243    8.7262    1.1608    0.8365    0.0045    0.0026    5.4597    4.7339  0.1851E+03  0.1024E+04 -0.8048E-06 -0.7331E-07  0.1000E-09  0.1000E-09  0.1000E-09  0.1000E-09  0.7712E+04  0.0000E+00
    3.4652  1  1   32.9382   20.6303   15.8243    8.7262    1.1618    0.8367    0.0045    0.0026    5.4600    4.7341  0.1841E+03  0.1023E+04 -0.8048E-06 -0.7331E-07  0.1000E-09  0.1000E-09  0.1000E-09  0.1000E-09  0.7713E+04  0.0000E+00
    3.4700  1  1   32.9343   20.6299   15.8243    8.7262    1.1627    0.8369    0.0045    0.0026    5.4604    4.7343  0.1831E+03  0.1022E+04 -0.8048E-06 -0.7331E-07  0.1000E-09  0.1000E-09  0.1000E-09  0.1000E-09  0.7713E+04  0.0000E+00
    3.4748  1  1   32.9304   20.6296   15.8243    8.7262    1.1637    0.8370    0.0045    0.0026    5.4608    4.7345  0.1820E+03  0.1021E+04 -0.8058E-06 -0.7331E-07  0.1000E-09  0.1000E-09  0.1000E-09  0.1000E-09  0.7714E+04  0.0000E+00
    3.4796  1  1   32.9265   20.6292   15.8243    8.7262    1.1647    0.8372    0.0045    0.0026    5.4612    4.7347  0.1810E+03  0.1020E+04 -0.8080E-06 -0.7331E-07  0.1000E-09  0.1000E-09  0.1000E-09  0.1000E-09  0.7714E+04  0.0000E+00
    3.4844  1  1   32.9227   20.6289   15.8243    8.7262    1.1656    0.8374    0.0045    0.0026    5.4616    4.7349  0.1800E+03  0.1019E+04 -0.8091E-06 -0.7341E-07  0.1000E-09  0.1000E-09  0.1000E-09  0.1000E-09  0.7715E+04  0.0000E+00
    3.4892  1  1   32.9188   20.6285   15.8243    8.7262    1.1666    0.8375    0.0045    0.0026    5.4620    4.7351  0.1789E+03  0.1018E+04 -0.8091E-06 -0.7355E-07  0.1000E-09  0.1000E-09  0.1000E-09  0.1000E-09  0.7716E+04  0.0000E+00
    3.4940  1  1   32.9149   20.6282   15.8243    8.7262    1.1676    0.8377    0.0045    0.0026    5.4624    4.7353  0.1779E+03  0.1017E+04 -0.8091E-06 -0.7370E-07  0.1000E-09  0.1000E-09  0.1000E-09  0.1000E-09  0.7716E+04  0.0000E+00
    3.4987  1  1   32.9110   20.6278   15.8243    8.7262    1.1685    0.8379    0.0045    0.0026    5.4628    4.7355  0.1769E+03  0.1016E+04 -0.8091E-06 -0.7384E-07  0.1000E-09  0.1000E-09  0.1000E-09  0.1000E-09  0.7717E+04  0.0000E+00
    3.5035  1  1   32.9071   20.6275   15.8243    8.7262    1.1695    0.8381    0.0046    0.0026    5.4632    4.7357  0.1759E+03  0.1015E+04 -0.8107E-06 -0.7385E-07  0.1000E-09  0.1000E-09  0.1000E-09  0.1000E-09  0.7718E+04  0.0000E+00
    3.5083  1  1   32.9032   20.6271   15.8243    8.7262    1.1705    0.8382    0.0046    0.0026    5.4636    4.7359  0.1748E+03  0.1014E+04 -0.8135E-06 -0.7385E-07  0.1000E-09  0.1000E-09  0.1000E-09  0.1000E-09  0.7718E+04  0.0000E+00
    3.5131  1  1   32.8993   20.6268   15.8243    8.7262    1.1715    0.8384    0.0046    0.0026    5.4640    4.7361  0.1738E+03  0.1013E+04 -0.8147E-06 -0.7385E-07  0.1000E-09  0.1000E-09  0.1000E-09  0.1000E-09  0.7719E+04  0.0000E+00
    3.5179  1  1   32.8954   20.6264   15.8243    8.7262    1.1725    0.8386    0.0046    0.0026    5.4644    4.7363  0.1728E+03  0.1012E+04 -0.8147E-06 -0.7385E-07  0.1000E-09  0.1000E-09  0.1000E-09  0.1000E-09  0.7719E+04  0.0000E+00
    3.5227  1  1   32.8915   20.6261   15.8243    8.7262    1.1735    0.8388    0.0046    0.0026    5.4649    4.7365  0.1718E+03  0.1012E+04 -0.8147E-06 -0.7385E-07  0.1000E-09  0.1000E-09  0.1000E-09  0.1000E-09  0.7720E+04  0.0000E+00
    3.5275  1  1   32.8876   20.6257   15.8243    8.7262    1.1745    0.8389    0.0046    0.0026    5.4653    4.7367  0.1707E+03  0.1011E+04 -0.8147E-06 -0.7385E-07  0.1000E-09  0.1000E-09  0.1000E-09  0.1000E-09  0.7721E+04  0.0000E+00
    3.5323  1  1   32.8837   20.6253   15.8243    8.7262    1.1755    0.8391    0.0046    0.0026    5.4657    4.7369  0.1697E+03  0.1010E+04 -0.8138E-06 -0.7392E-07  0.1000E-09  0.1000E-09  0.1000E-09  0.1000E-09  0.7721E+04  0.0000E+00
    3.5371  1  1   32.8798   20.6250   15.8243    8.7262    1.1765    0.8393    0.0046    0.0026    5.4661    4.7371  0.1687E+03  0.1009E+04 -0.8123E-06 -0.7407E-07  0.1000E-09  0.1000E-09  0.1000E-09  0.1000E-09  0.7722E+04  0.0000E+00
    3.5419  1  1   32.8759   20.6246   15.8243    8.7262    1.1776    0.8394    0.0046    0.0026    5.4665    4.7373  0.1677E+03  0.1008E+04 -0.8117E-06 -0.7421E-07  0.1000E-09  0.1000E-09  0.1000E-09  0.1000E-09  0.7722E+04  0.0000E+00
    3.5467  1  1   32.8720   20.6243   15.8243    8.7262    1.1786    0.8396    0.0047    0.0026    5.4669    4.7375  0.1667E+03  0.1007E+04 -0.8117E-06 -0.7436E-07  0.1000E-09  0.1000E-09  0.1000E-09  0.1000E-09  0.7723E+04  0.0000E+00
    3.5515  1  1   32.8681   20.6239   15.8243    8.7262    1.1796    0.8398    0.0047    0.0026    5.4673    4.7377  0.1657E+03  0.1006E+04 -0.8117E-06 -0.7440E-07  0.1000E-09  0.1000E-09  0.1000E-09  0.1000E-09  0.7724E+04  0.0000E+00
    3.5563  1  1   32.8642   20.6236   15.8243    8.7262    1.1806    0.8400    0.0047    0.0026    5.4677    4.7379  0.1647E+03  0.1005E+04 -0.8117E-06 -0.7440E-07  0.1000E-09  0.1000E-09  0.1000E-09  0.1000E-09  0.7724E+04  0.0000E+00
    3.5611  1  1   32.8603   20.6232   15.8243    8.7262    1.1817    0.8401    0.0047    0.0026    5.4681    4.7381  0.1637E+03  0.1004E+04 -0.8130E-06 -0.7440E-07  0.1000E-09  0.1000E-09  0.1000E-09  0.1000E-09  0.7725E+04  0.0000E+00
    3.5659  1  1   32.8564   20.6228   15.8243    8.7262    1.1827    0.8403    0.0047    0.0026    5.4685    4.7383  0.1627E+03  0.1003E+04 -0.8148E-06 -0.7440E-07  0.1000E-09  0.1000E-09  0.1000E-09  0.1000E-09  0.7726E+04  0.0000E+00
    3.5707  1  1   32.8525   20.6225   15.8243    8.7262    1.1838    0.8405    0.0047    0.0026    5.4689    4.7385  0.1617E+03  0.1002E+04 -0.8154E-06 -0.7440E-07  0.1000E-09  0.1000E-09  0.1000E-09  0.1000E-09  0.7726E+04  0.0000E+00
    3.5755  1  1   32.8486   20.6221   15.8243    8.7262    1.1848    0.8407    0.0047    0.0026    5.4693    4.7387  0.1607E+03  0.1001E+04 -0.8154E-06 -0.7440E-07  0.1000E-09  0.1000E-09  0.1000E-09  0.1000E-09  0.7727E+04  0.0000E+00
    3.5803  1  1   32.8446   20.6218   15.8243    8.7262    1.1859    0.8408    0.0047    0.0026    5.4697    4.7389  0.1597E+03  0.9998E+03 -0.8154E-06 -0.7446E-07  0.1000E-09  0.1000E-09  0.1000E-09  0.1000E-09  0.7727E+04  0.0000E+00
    3.5851  1  1   32.8407   20.6214   15.8243    8.7262    1.1869    0.8410    0.0047    0.0026    5.4701    4.7391  0.1587E+03  0.9989E+03 -0.8154E-06 -0.7462E-07  0.1000E-09  0.1000E-09  0.1000E-09  0.1000E-09  0.7728E+04  0.0000E+00
    3.5899  1  1   32.8368   20.6211   15.8243    8.7262    1.1880    0.8412    0.0048    0.0026    5.4706    4.7393  0.1578E+03  0.9979E+03 -0.8144E-06 -0.7478E-07  0.1000E-09  0.1000E-09  0.1000E-09  0.1000E-09  0.7729E+04  0.0000E+00
    3.5947  1  1   32.8329   20.6207   15.8243    8.7262    1.1891    0.8414    0.0048    0.0026    5.4710    4.7395  0.1568E+03  0.9969E+03 -0.8131E-06 -0.7494E-07  0.1000E-09  0.1000E-09  0.1000E-09  0.1000E-09  0.7729E+04  0.0000E+00
    3.5995  1  1   32.8290   20.6203   15.8243    8.7262    1.1902    0.8415    0.0048    0.0026    5.4714    4.7397  0.1558E+03  0.9959E+03 -0.8128E-06 -0.7501E-07  0.1000E-09  0.1000E-09  0.1000E-09  0.1000E-09  0.7730E+04  0.0000E+00
    3.6043  1  1   32.8251   20.6200   15.8243    8.7262    1.1913    0.8417    0.0048    0.0026    5.4718    4.7399  0.1548E+03  0.9949E+03 -0.8128E-06 -0.7501E-07  0.1000E-09  0.1000E-09  0.1000E-09  0.1000E-09  0.7730E+04  0.0000E+00
    3.6091  1  1   32.8212   20.6196   15.8243    8.7262    1.1923    0.8419    0.0048    0.0026    5.4722    4.7401  0.1538E+03  0.9940E+03 -0.8128E-06 -0.7501E-07  0.1000E-09  0.1000E-09  0.1000E-09  0.1000E-09  0.7731E+04  0.0000E+00
    3.6139  1  1   32.8173   20.6193   15.8243    8.7262    1.1934    0.8421    0.0048    0.0026    5.4726    4.7403  0.1529E+03  0.9930E+03 -0.8128E-06 -0.7501E-07  0.1000E-09  0.1000E-09  0.1000E-09  0.1000E-09  0.7732E+04  0.0000E+00
    3.6187  1  1   32.8134   20.6189   15.8243    8.7262    1.1945    0.8422    0.0048    0.0026    5.4730    4.7405  0.1519E+03  0.9920E+03 -0.8135E-06 -0.7501E-07  0.1000E-09  0.1000E-09  0.1000E-09  0.1000E-09  0.7732E+04  0.0000E+00
    3.6235  1  1   32.8095   20.6185   15.8243    8.7262    1.1956    0.8424    0.0048    0.0026    5.4734    4.7407  0.1509E+03  0.9911E+03 -0.8144E-06 -0.7501E-07  0.1000E-09  0.1000E-09  0.1000E-09  0.1000E-09  0.7733E+04  0.0000E+00
    3.6283  1  1   32.8056   20.6182   15.8243    8.7262    1.1968    0.8426    0.0048    0.0027    5.4739    4.7409  0.1500E+03  0.9901E+03 -0.8145E-06 -0.7518E-07  0.1000E-09  0.1000E-09  0.1000E-09  0.1000E-09  0.7734E+04  0.0000E+00
    3.6331  1  1   32.8017   20.6178   15.8243    8.7262    1.1979    0.8428    0.0049    0.0027    5.4743    4.7411  0.1490E+03  0.9891E+03 -0.8145E-06 -0.7571E-07  0.1000E-09  0.1000E-09  0.1000E-09  0.1000E-09  0.7734E+04  0.0000E+00
    3.6379  1  1   32.7978   20.6174   15.8243    8.7262    1.1990    0.8429    0.0049    0.0027    5.4747    4.7413  0.1480E+03  0.9881E+03 -0.8145E-06 -0.7624E-07  0.1000E-09  0.1000E-09  0.1000E-09  0.1000E-09  0.7735E+04  0.0000E+00
    3.6427  1  1   32.7939   20.6171   15.8243    8.7262    1.2001    0.8431    0.0049    0.0027    5.4751    4.7415  0.1471E+03  0.9871E+03 -0.8145E-06 -0.7677E-07  0.1000E-09  0.1000E-09  0.1000E-09  0.1000E-09  0.7735E+04  0.0000E+00
    3.6475  1  1   32.7900   20.6167   15.8243    8.7262    1.2012    0.8433    0.0049    0.0027    5.4755    4.7417  0.1461E+03  0.9861E+03 -0.8142E-06 -0.7701E-07  0.1000E-09  0.1000E-09  0.1000E-09  0.1000E-09  0.7736E+04  0.0000E+00
    3.6523  1  1   32.7860   20.6163   15.8243    8.7262    1.2024    0.8435    0.0049    0.0027    5.4759    4.7419  0.1452E+03  0.9852E+03 -0.8139E-06 -0.7701E-07  0.1000E-09  0.1000E-09  0.1000E-09  0.1000E-09  0.7737E+04  0.0000E+00
    3.6571  1  1   32.7821   20.6160   15.8243    8.7262    1.2035    0.8437    0.0049    0.0027    5.4764    4.7421  0.1442E+03  0.9842E+03 -0.8138E-06 -0.7701E-07  0.1000E-09  0.1000E-09  0.1000E-09  0.1000E-09  0.7737E+04  0.0000E+00
    3.6619  1  1   32.7782   20.6156   15.8243    8.7262    1.2047    0.8438    0.0049    0.0027    5.4768    4.7423  0.1433E+03  0.9832E+03 -0.8138E-06 -0.7701E-07  0.1000E-09  0.1000E-09  0.1000E-09  0.1000E-09  0.7738E+04  0.0000E+00
    3.6667  1  1   32.7743   20.6152   15.8243    8.7262    1.2058    0.8440    0.0049    0.0027    5.4772    4.7425  0.1423E+03  0.9822E+03 -0.8138E-06 -0.7701E-07  0.1000E-09  0.1000E-09  0.1000E-09  0.1000E-09  0.7738E+04  0.0000E+00
    3.6715  1  1   32.7704   20.6149   15.8243    8.7262    1.2070    0.8442    0.0050    0.0027    5.4776    4.7427  0.1414E+03  0.9812E+03 -0.8138E-06 -0.7701E-07  0.1000E-09  0.1000E-09  0.1000E-09  0.1000E-09  0.7739E+04  0.0000E+00
    3.6763  1  1   32.7665   20.6145   15.8243    8.7262    1.2082    0.8444    0.0050    0.0027    5.4781    4.7430  0.1405E+03  0.9802E+03 -0.8119E-06 -0.7699E-07  0.1000E-09  0.1000E-09  0.1000E-09  0.1000E-09  0.7740E+04  0.0000E+00
    3.6811  1  1   32.7626   20.6141   15.8243    8.7262    1.2093    0.8446    0.0050    0.0027    5.4785    4.7432  0.1395E+03  0.9793E+03 -0.8100E-06 -0.7695E-07  0.1000E-09  0.1000E-09  0.1000E-09  0.1000E-09  0.7740E+04  0.0000E+00
    3.6859  1  1   32.7588   20.6138   15.8243    8.7262    1.2105    0.8447    0.0050    0.0027    5.4789    4.7434  0.1386E+03  0.9783E+03 -0.8100E-06 -0.7690E-07  0.1000E-09  0.1000E-09  0.1000E-09  0.1000E-09  0.7741E+04  0.0000E+00
    3.6907  1  1   32.7549   20.6134   15.8243    8.7262    1.2117    0.8449    0.0050    0.0027    5.4793    4.7436  0.1376E+03  0.9773E+03 -0.8100E-06 -0.7686E-07  0.1000E-09  0.1000E-09  0.1000E-09  0.1000E-09  0.7742E+04  0.0000E+00
    3.6955  1  1   32.7510   20.6130   15.8243    8.7262    1.2129    0.8451    0.0050    0.0027    5.4797    4.7438  0.1367E+03  0.9763E+03 -0.8100E-06 -0.7684E-07  0.1000E-09  0.1000E-09  0.1000E-09  0.1000E-09  0.7742E+04  0.0000E+00
    3.7003  1  1   32.7471   20.6126   15.8243    8.7262    1.2141    0.8453    0.0050    0.0027    5.4802    4.7440  0.1358E+03  0.9753E+03 -0.8099E-06 -0.7684E-07  0.1000E-09  0.1000E-09  0.1000E-09  0.1000E-09  0.7743E+04  0.0000E+00
    3.7051  1  1   32.7432   20.6123   15.8243    8.7262    1.2153    0.8455    0.0051    0.0027    5.4806    4.7442  0.1349E+03  0.9743E+03 -0.8088E-06 -0.7684E-07  0.1000E-09  0.1000E-09  0.1000E-09  0.1000E-09  0.7743E+04  0.0000E+00
    3.7099  1  1   32.7393   20.6119   15.8243    8.7262    1.2165    0.8456    0.0051    0.0027    5.4810    4.7444  0.1339E+03  0.9734E+03 -0.8078E-06 -0.7684E-07  0.1000E-09  0.1000E-09  0.1000E-09  0.1000E-09  0.7744E+04  0.0000E+00
    3.7147  1  1   32.7355   20.6115   15.8243    8.7262    1.2177    0.8458    0.0051    0.0027    5.4814    4.7446  0.1330E+03  0.9724E+03 -0.8078E-06 -0.7684E-07  0.1000E-09  0.1000E-09  0.1000E-09  0.1000E-09  0.7745E+04  0.0000E+00
    3.7195  1  1   32.7316   20.6112   15.8243    8.7262    1.2189    0.8460    0.0051    0.0027    5.4819    4.7448  0.1321E+03  0.9714E+03 -0.8078E-06 -0.7684E-07  0.1000E-09  0.1000E-09  0.1000E-09  0.1000E-09  0.7745E+04  0.0000E+00
    3.7243  1  1   32.7277   20.6108   15.8243    8.7262    1.2201    0.8462    0.0051    0.0027    5.4823    4.7450  0.1312E+03  0.9704E+03 -0.8078E-06 -0.7683E-07  0.1000E-09  0.1000E-09  0.1000E-09  0.1000E-09  0.7746E+04  0.0000E+00
    3.7291  1  1   32.7238   20.6104   15.8243    8.7262    1.2213    0.8464    0.0051    0.0027    5.4827    4.7452  0.1303E+03  0.9695E+03 -0.8079E-06 -0.7669E-07  0.1000E-09  0.1000E-09  0.1000E-09  0.1000E-09  0.7746E+04  0.0000E+00
    3.7339  1  1   32.7199   20.6101   15.8243    8.7262    1.2226    0.8465    0.0051    0.0027    5.4832    4.7454  0.1294E+03  0.9685E+03 -0.8083E-06 -0.7650E-07  0.1000E-09  0.1000E-09  0.1000E-09  0.1000E-09  0.7747E+04  0.0000E+00
    3.7387  1  1   32.7161   20.6097   15.8243    8.7262    1.2239    0.8467    0.0052    0.0027    5.4836    4.7456  0.1285E+03  0.9675E+03 -0.8088E-06 -0.7630E-07  0.1000E-09  0.1000E-09  0.1000E-09  0.1000E-09  0.7748E+04  0.0000E+00
    3.7435  1  1   32.7122   20.6093   15.8243    8.7262    1.2251    0.8469    0.0052    0.0027    5.4840    4.7458  0.1276E+03  0.9665E+03 -0.8088E-06 -0.7611E-07  0.1000E-09  0.1000E-09  0.1000E-09  0.1000E-09  0.7748E+04  0.0000E+00
    3.7483  1  1   32.7083   20.6090   15.8243    8.7262    1.2264    0.8471    0.0052    0.0027    5.4844    4.7460  0.1267E+03  0.9656E+03 -0.8088E-06 -0.7611E-07  0.1000E-09  0.1000E-09  0.1000E-09  0.1000E-09  0.7749E+04  0.0000E+00
    3.7531  1  1   32.7044   20.6086   15.8243    8.7262    1.2276    0.8473    0.0052    0.0027    5.4849    4.7462  0.1258E+03  0.9646E+03 -0.8088E-06 -0.7611E-07  0.1000E-09  0.1000E-09  0.1001E-09  0.1000E-09  0.7750E+04  0.0000E+00
    3.7579  1  1   32.7005   20.6082   15.8243    8.7262    1.2289    0.8474    0.0052    0.0027    5.4853    4.7464  0.1249E+03  0.9636E+03 -0.8082E-06 -0.7611E-07  0.1000E-09  0.1000E-09  0.1004E-09  0.1000E-09  0.7750E+04  0.0000E+00
    3.7627  1  1   32.6967   20.6079   15.8243    8.7262    1.2302    0.8476    0.0052    0.0027    5.4857    4.7466  0.1240E+03  0.9627E+03 -0.8055E-06 -0.7611E-07  0.1000E-09  0.1000E-09  0.1007E-09  0.1000E-09  0.7751E+04  0.0000E+00
    3.7675  1  1   32.6928   20.6075   15.8243    8.7262    1.2315    0.8478    0.0052    0.0027    5.4862    4.7468  0.1231E+03  0.9617E+03 -0.8032E-06 -0.7611E-07  0.1000E-09  0.1000E-09  0.1010E-09  0.1000E-09  0.7751E+04  0.0000E+00
    3.7723  1  1   32.6890   20.6071   15.8243    8.7262    1.2328    0.8480    0.0053    0.0027    5.4866    4.7470  0.1222E+03  0.9607E+03 -0.8032E-06 -0.7611E-07  0.1000E-09  0.1000E-09  0.1013E-09  0.1000E-09  0.7752E+04  0.0000E+00
    3.7771  1  1   32.6851   20.6068   15.8243    8.7262    1.2340    0.8482    0.0053    0.0027    5.4870    4.7472  0.1213E+03  0.9597E+03 -0.8032E-06 -0.7642E-07  0.1000E-09  0.1000E-09  0.1017E-09  0.1000E-09  0.7753E+04  0.0000E+00
    3.7819  1  1   32.6813   20.6064   15.8243    8.7262    1.2353    0.8483    0.0053    0.0027    5.4875    4.7475  0.1204E+03  0.9588E+03 -0.8032E-06 -0.7696E-07  0.1000E-09  0.1000E-09  0.1020E-09  0.1000E-09  0.7753E+04  0.0000E+00
    3.7867  1  1   32.6774   20.6060   15.8243    8.7262    1.2366    0.8485    0.0053    0.0027    5.4879    4.7477  0.1196E+03  0.9578E+03 -0.8024E-06 -0.7749E-07  0.1000E-09  0.1000E-09  0.1023E-09  0.1000E-09  0.7754E+04  0.0000E+00
    3.7915  1  1   32.6736   20.6057   15.8243    8.7262    1.2380    0.8487    0.0053    0.0027    5.4883    4.7479  0.1187E+03  0.9568E+03 -0.7993E-06 -0.7802E-07  0.1000E-09  0.1000E-09  0.1027E-09  0.1000E-09  0.7754E+04  0.0000E+00
    3.7963  1  1   32.6697   20.6053   15.8243    8.7262    1.2393    0.8489    0.0053    0.0027    5.4888    4.7481  0.1178E+03  0.9558E+03 -0.7970E-06 -0.7812E-07  0.1000E-09  0.1000E-09  0.1030E-09  0.1000E-09  0.7755E+04  0.0000E+00
    3.8011  1  1   32.6659   20.6049   15.8243    8.7262    1.2406    0.8491    0.0054    0.0027    5.4892    4.7483  0.1169E+03  0.9548E+03 -0.7970E-06 -0.7812E-07  0.1000E-09  0.1000E-09  0.1033E-09  0.1000E-09  0.7756E+04  0.0000E+00
    3.8059  1  1   32.6621   20.6045   15.8243    8.7262    1.2420    0.8493    0.0054    0.0027    5.4897    4.7485  0.1161E+03  0.9539E+03 -0.7970E-06 -0.7812E-07  0.1000E-09  0.1000E-09  0.1037E-09  0.1000E-09  0.7756E+04  0.0000E+00
    3.8107  1  1   32.6583   20.6042   15.8243    8.7262    1.2433    0.8495    0.0054    0.0027    5.4901    4.7487  0.1152E+03  0.9529E+03 -0.7970E-06 -0.7812E-07  0.1000E-09  0.1000E-09  0.1040E-09  0.1000E-09  0.7757E+04  0.0000E+00
    3.8155  1  1   32.6544   20.6038   15.8243    8.7262    1.2447    0.8496    0.0054    0.0027    5.4905    4.7489  0.1143E+03  0.9519E+03 -0.7963E-06 -0.7812E-07  0.1000E-09  0.1000E-09  0.1044E-09  0.1000E-09  0.7758E+04  0.0000E+00
    3.8203  1  1   32.6506   20.6034   15.8243    8.7262    1.2460    0.8498    0.0054    0.0027    5.4910    4.7491  0.1135E+03  0.9509E+03 -0.7940E-06 -0.7812E-07  0.1000E-09  0.1000E-09  0.1047E-09  0.1000E-09  0.7758E+04  0.0000E+00
    3.8251  1  1   32.6468   20.6030   15.8243    8.7262    1.2474    0.8500    0.0054    0.0027    5.4914    4.7493  0.1126E+03  0.9499E+03 -0.7925E-06 -0.7830E-07  0.1000E-09  0.1000E-09  0.1051E-09  0.1000E-09  0.7759E+04  0.0000E+00
    3.8299  1  1   32.6430   20.6027   15.8243    8.7262    1.2488    0.8502    0.0055    0.0027    5.4919    4.7495  0.1117E+03  0.9490E+03 -0.7925E-06 -0.7879E-07  0.1000E-09  0.1000E-09  0.1054E-09  0.1000E-09  0.7759E+04  0.0000E+00
    3.8347  1  1   32.6392   20.6023   15.8243    8.7262    1.2502    0.8504    0.0055    0.0027    5.4923    4.7497  0.1109E+03  0.9480E+03 -0.7925E-06 -0.7929E-07  0.1000E-09  0.1000E-09  0.1058E-09  0.1000E-09  0.7760E+04  0.0000E+00
    3.8395  1  1   32.6354   20.6019   15.8243    8.7262    1.2515    0.8506    0.0055    0.0027    5.4927    4.7499  0.1101E+03  0.9470E+03 -0.7925E-06 -0.7979E-07  0.1000E-09  0.1000E-09  0.1062E-09  0.1000E-09  0.7761E+04  0.0000E+00
    3.8443  1  1   32.6316   20.6015   15.8243    8.7262    1.2529    0.8508    0.0055    0.0027    5.4932    4.7501  0.1092E+03  0.9460E+03 -0.7908E-06 -0.8000E-07  0.1000E-09  0.1000E-09  0.1065E-09  0.1000E-09  0.7761E+04  0.0000E+00
    3.8491  1  1   32.6278   20.6011   15.8243    8.7262    1.2543    0.8509    0.0055    0.0027    5.4936    4.7504  0.1084E+03  0.9450E+03 -0.7865E-06 -0.8000E-07  0.1000E-09  0.1000E-09  0.1069E-09  0.1000E-09  0.7762E+04  0.0000E+00
    3.8539  1  1   32.6241   20.6007   15.8243    8.7262    1.2558    0.8511    0.0055    0.0027    5.4941    4.7506  0.1075E+03  0.9440E+03 -0.7838E-06 -0.8000E-07  0.1000E-09  0.1000E-09  0.1073E-09  0.1000E-09  0.7762E+04  0.0000E+00
    3.8587  1  1   32.6203   20.6004   15.8243    8.7262    1.2572    0.8513    0.0056    0.0027    5.4945    4.7508  0.1067E+03  0.9430E+03 -0.7838E-06 -0.8000E-07  0.1000E-09  0.1000E-09  0.1076E-09  0.1000E-09  0.7763E+04  0.0000E+00
    3.8635  1  1   32.6166   20.6000   15.8243    8.7262    1.2586    0.8515    0.0056    0.0027    5.4950    4.7510  0.1059E+03  0.9420E+03 -0.7838E-06 -0.8000E-07  0.1000E-09  0.1000E-09  0.1080E-09  0.1000E-09  0.7764E+04  0.0000E+00
    3.8683  1  1   32.6128   20.5996   15.8243    8.7262    1.2600    0.8517    0.0056    0.0027    5.4954    4.7512  0.1050E+03  0.9410E+03 -0.7838E-06 -0.7999E-07  0.1000E-09  0.1000E-09  0.1084E-09  0.1000E-09  0.7764E+04  0.0000E+00
    3.8731  1  1   32.6090   20.5992   15.8243    8.7262    1.2615    0.8519    0.0056    0.0027    5.4959    4.7514  0.1042E+03  0.9401E+03 -0.7823E-06 -0.7998E-07  0.1000E-09  0.1000E-09  0.1088E-09  0.1000E-09  0.7765E+04  0.0000E+00
    3.8779  1  1   32.6053   20.5988   15.8243    8.7262    1.2630    0.8521    0.0056    0.0027    5.4963    4.7516  0.1034E+03  0.9391E+03 -0.7792E-06 -0.7978E-07  0.1000E-09  0.1000E-09  0.1092E-09  0.1000E-09  0.7765E+04  0.0000E+00
    3.8827  1  1   32.6016   20.5984   15.8243    8.7262    1.2644    0.8523    0.0056    0.0027    5.4968    4.7518  0.1025E+03  0.9381E+03 -0.7776E-06 -0.7958E-07  0.1000E-09  0.1000E-09  0.1096E-09  0.1000E-09  0.7766E+04  0.0000E+00
    3.8875  1  1   32.5978   20.5981   15.8243    8.7262    1.2659    0.8524    0.0057    0.0027    5.4972    4.7520  0.1017E+03  0.9371E+03 -0.7776E-06 -0.7938E-07  0.1000E-09  0.1000E-09  0.1100E-09  0.1000E-09  0.7767E+04  0.0000E+00
    3.8923  1  1   32.5941   20.5977   15.8243    8.7262    1.2674    0.8526    0.0057    0.0027    5.4977    4.7522  0.1009E+03  0.9361E+03 -0.7776E-06 -0.7924E-07  0.1000E-09  0.1000E-09  0.1104E-09  0.1000E-09  0.7767E+04  0.0000E+00
    3.8971  1  1   32.5904   20.5973   15.8243    8.7262    1.2689    0.8528    0.0057    0.0027    5.4981    4.7524  0.1001E+03  0.9351E+03 -0.7776E-06 -0.7924E-07  0.1000E-09  0.1000E-09  0.1108E-09  0.1000E-09  0.7768E+04  0.0000E+00
    3.9019  1  1   32.5867   20.5969   15.8243    8.7262    1.2704    0.8530    0.0057    0.0027    5.4986    4.7526  0.9926E+02  0.9342E+03 -0.7759E-06 -0.7924E-07  0.1000E-09  0.1000E-09  0.1112E-09  0.1000E-09  0.7768E+04  0.0000E+00
    3.9067  1  1   32.5829   20.5965   15.8243    8.7262    1.2719    0.8532    0.0057    0.0027    5.4991    4.7529  0.9845E+02  0.9332E+03 -0.7728E-06 -0.7924E-07  0.1000E-09  0.1000E-09  0.1116E-09  0.1000E-09  0.7769E+04  0.0000E+00
    3.9115  1  1   32.5792   20.5962   15.8243    8.7262    1.2734    0.8534    0.0058    0.0027    5.4995    4.7531  0.9764E+02  0.9322E+03 -0.7714E-06 -0.7924E-07  0.1000E-09  0.1000E-09  0.1120E-09  0.1000E-09  0.7770E+04  0.0000E+00
    3.9163  1  1   32.5755   20.5958   15.8243    8.7262    1.2749    0.8536    0.0058    0.0027    5.5000    4.7533  0.9684E+02  0.9312E+03 -0.7714E-06 -0.7924E-07  0.1000E-09  0.1000E-09  0.1124E-09  0.1000E-09  0.7770E+04  0.0000E+00
    3.9211  1  1   32.5718   20.5954   15.8243    8.7262    1.2765    0.8538    0.0058    0.0027    5.5004    4.7535  0.9604E+02  0.9302E+03 -0.7714E-06 -0.7924E-07  0.1000E-09  0.1000E-09  0.1129E-09  0.1000E-09  0.7771E+04  0.0000E+00
    3.9259  1  1   32.5681   20.5950   15.8243    8.7262    1.2780    0.8540    0.0058    0.0027    5.5009    4.7537  0.9525E+02  0.9293E+03 -0.7714E-06 -0.7925E-07  0.1000E-09  0.1000E-09  0.1133E-09  0.1000E-09  0.7771E+04  0.0000E+00
    3.9307  1  1   32.5645   20.5946   15.8243    8.7262    1.2795    0.8541    0.0058    0.0027    5.5013    4.7539  0.9446E+02  0.9283E+03 -0.7680E-06 -0.7925E-07  0.1000E-09  0.1000E-09  0.1137E-09  0.1000E-09  0.7772E+04  0.0000E+00
    3.9355  1  1   32.5608   20.5943   15.8243    8.7262    1.2811    0.8543    0.0059    0.0027    5.5018    4.7541  0.9366E+02  0.9273E+03 -0.7624E-06 -0.7926E-07  0.1000E-09  0.1000E-09  0.1141E-09  0.1000E-09  0.7773E+04  0.0000E+00
    3.9403  1  1   32.5571   20.5939   15.8243    8.7262    1.2827    0.8545    0.0059    0.0027    5.5022    4.7543  0.9287E+02  0.9263E+03 -0.7602E-06 -0.7927E-07  0.1000E-09  0.1000E-09  0.1146E-09  0.1000E-09  0.7773E+04  0.0000E+00
    3.9451  1  1   32.5535   20.5935   15.8243    8.7262    1.2842    0.8547    0.0059    0.0027    5.5027    4.7545  0.9208E+02  0.9253E+03 -0.7602E-06 -0.7927E-07  0.1000E-09  0.1000E-09  0.1150E-09  0.1000E-09  0.7774E+04  0.0000E+00
    3.9499  1  1   32.5498   20.5931   15.8243    8.7262    1.2858    0.8549    0.0059    0.0027    5.5032    4.7547  0.9131E+02  0.9244E+03 -0.7602E-06 -0.7926E-07  0.1000E-09  0.1000E-09  0.1155E-09  0.1000E-09  0.7774E+04  0.0000E+00
    3.9547  1  1   32.5462   20.5927   15.8243    8.7262    1.2874    0.8551    0.0059    0.0027    5.5036    4.7549  0.9054E+02  0.9234E+03 -0.7602E-06 -0.7926E-07  0.1000E-09  0.1000E-09  0.1159E-09  0.1000E-09  0.7775E+04  0.0000E+00
    3.9595  1  1   32.5426   20.5924   15.8243    8.7262    1.2890    0.8553    0.0060    0.0027    5.5041    4.7551  0.8976E+02  0.9224E+03 -0.7562E-06 -0.7926E-07  0.1000E-09  0.1000E-09  0.1164E-09  0.1000E-09  0.7776E+04  0.0000E+00
    3.9643  1  1   32.5390   20.5920   15.8243    8.7262    1.2906    0.8555    0.0060    0.0027    5.5045    4.7554  0.8898E+02  0.9214E+03 -0.7503E-06 -0.7926E-07  0.1000E-09  0.1000E-09  0.1168E-09  0.1000E-09  0.7776E+04  0.0000E+00
    3.9691  1  1   32.5354   20.5916   15.8243    8.7262    1.2922    0.8557    0.0060    0.0027    5.5050    4.7556  0.8821E+02  0.9205E+03 -0.7483E-06 -0.7926E-07  0.1000E-09  0.1000E-09  0.1173E-09  0.1000E-09  0.7777E+04  0.0000E+00
    3.9739  1  1   32.5318   20.5912   15.8243    8.7262    1.2939    0.8559    0.0060    0.0027    5.5055    4.7558  0.8744E+02  0.9195E+03 -0.7483E-06 -0.7959E-07  0.1000E-09  0.1000E-09  0.1178E-09  0.1000E-09  0.7777E+04  0.0000E+00
    3.9787  1  1   32.5282   20.5908   15.8243    8.7262    1.2955    0.8561    0.0061    0.0027    5.5059    4.7560  0.8668E+02  0.9185E+03 -0.7483E-06 -0.8005E-07  0.1000E-09  0.1000E-09  0.1182E-09  0.1000E-09  0.7778E+04  0.0000E+00
    3.9835  1  1   32.5246   20.5904   15.8243    8.7262    1.2971    0.8562    0.0061    0.0027    5.5064    4.7562  0.8593E+02  0.9175E+03 -0.7483E-06 -0.8051E-07  0.1000E-09  0.1000E-09  0.1187E-09  0.1000E-09  0.7778E+04  0.0000E+00
    3.9883  1  1   32.5210   20.5901   15.8243    8.7262    1.2988    0.8564    0.0061    0.0027    5.5069    4.7564  0.8517E+02  0.9165E+03 -0.7436E-06 -0.8097E-07  0.1000E-09  0.1000E-09  0.1192E-09  0.1000E-09  0.7779E+04  0.0000E+00
    3.9931  1  1   32.5175   20.5897   15.8243    8.7262    1.3005    0.8566    0.0061    0.0027    5.5073    4.7566  0.8441E+02  0.9155E+03 -0.7374E-06 -0.8100E-07  0.1000E-09  0.1000E-09  0.1197E-09  0.1000E-09  0.7780E+04  0.0000E+00
    3.9979  1  1   32.5140   20.5893   15.8243    8.7262    1.3022    0.8568    0.0062    0.0027    5.5078    4.7568  0.8366E+02  0.9146E+03 -0.7357E-06 -0.8100E-07  0.1000E-09  0.1000E-09  0.1201E-09  0.1000E-09  0.7780E+04  0.0000E+00
    4.0027  1  1   32.5104   20.5889   15.8243    8.7262    1.3038    0.8570    0.0062    0.0027    5.5083    4.7570  0.8291E+02  0.9136E+03 -0.7357E-06 -0.8100E-07  0.1000E-09  0.1000E-09  0.1206E-09  0.1000E-09  0.7781E+04  0.0000E+00
    4.0075  1  1   32.5069   20.5885   15.8243    8.7262    1.3055    0.8572    0.0062    0.0027    5.5087    4.7572  0.8217E+02  0.9126E+03 -0.7357E-06 -0.8100E-07  0.1000E-09  0.1000E-09  0.1211E-09  0.1000E-09  0.7781E+04  0.0000E+00
    4.0123  1  1   32.5034   20.5881   15.8243    8.7262    1.3072    0.8574    0.0062    0.0027    5.5092    4.7575  0.8144E+02  0.9116E+03 -0.7357E-06 -0.8100E-07  0.1000E-09  0.1000E-09  0.1216E-09  0.1000E-09  0.7782E+04  0.0000E+00
    4.0171  1  1   32.4999   20.5877   15.8243    8.7262    1.3089    0.8576    0.0062    0.0027    5.5097    4.7577  0.8070E+02  0.9106E+03 -0.7300E-06 -0.8100E-07  0.1000E-09  0.1000E-09  0.1221E-09  0.1000E-09  0.7782E+04  0.0000E+00
    4.0219  1  1   32.4964   20.5873   15.8243    8.7262    1.3107    0.8578    0.0063    0.0027    5.5101    4.7579  0.7996E+02  0.9096E+03 -0.7229E-06 -0.8123E-07  0.1000E-09  0.1000E-09  0.1227E-09  0.1000E-09  0.7783E+04  0.0000E+00
    4.0267  1  1   32.4929   20.5869   15.8243    8.7262    1.3124    0.8580    0.0063    0.0027    5.5106    4.7581  0.7922E+02  0.9086E+03 -0.7216E-06 -0.8199E-07  0.1000E-09  0.1000E-09  0.1232E-09  0.1000E-09  0.7784E+04  0.0000E+00
    4.0315  1  1   32.4895   20.5865   15.8243    8.7262    1.3142    0.8582    0.0063    0.0027    5.5111    4.7583  0.7850E+02  0.9076E+03 -0.7216E-06 -0.8274E-07  0.1000E-09  0.1000E-09  0.1237E-09  0.1000E-09  0.7784E+04  0.0000E+00
    4.0363  1  1   32.4860   20.5861   15.8243    8.7262    1.3159    0.8584    0.0063    0.0027    5.5115    4.7585  0.7778E+02  0.9066E+03 -0.7216E-06 -0.8350E-07  0.1000E-09  0.1000E-09  0.1242E-09  0.1000E-09  0.7785E+04  0.0000E+00
    4.0411  1  1   32.4825   20.5857   15.8243    8.7262    1.3177    0.8586    0.0064    0.0027    5.5120    4.7587  0.7706E+02  0.9056E+03 -0.7216E-06 -0.8385E-07  0.1000E-09  0.1000E-09  0.1248E-09  0.1000E-09  0.7785E+04  0.0000E+00
    4.0459  1  1   32.4791   20.5853   15.8243    8.7262    1.3195    0.8588    0.0064    0.0027    5.5125    4.7589  0.7634E+02  0.9046E+03 -0.7147E-06 -0.8385E-07  0.1000E-09  0.1000E-09  0.1253E-09  0.1000E-09  0.7786E+04  0.0000E+00
    4.0507  1  1   32.4757   20.5849   15.8243    8.7262    1.3213    0.8590    0.0064    0.0027    5.5130    4.7591  0.7562E+02  0.9036E+03 -0.7070E-06 -0.8385E-07  0.1000E-09  0.1000E-09  0.1258E-09  0.1000E-09  0.7786E+04  0.0000E+00
    4.0555  1  1   32.4723   20.5845   15.8243    8.7262    1.3231    0.8592    0.0065    0.0027    5.5134    4.7594  0.7490E+02  0.9026E+03 -0.7061E-06 -0.8385E-07  0.1000E-09  0.1000E-09  0.1264E-09  0.1000E-09  0.7787E+04  0.0000E+00
    4.0603  1  1   32.4689   20.5841   15.8243    8.7262    1.3249    0.8594    0.0065    0.0027    5.5139    4.7596  0.7420E+02  0.9016E+03 -0.7061E-06 -0.8385E-07  0.1000E-09  0.1000E-09  0.1269E-09  0.1000E-09  0.7788E+04  0.0000E+00
    4.0651  1  1   32.4656   20.5837   15.8243    8.7262    1.3267    0.8596    0.0065    0.0027    5.5144    4.7598  0.7350E+02  0.9006E+03 -0.7061E-06 -0.8385E-07  0.1000E-09  0.1000E-09  0.1275E-09  0.1000E-09  0.7788E+04  0.0000E+00
    4.0699  1  1   32.4622   20.5833   15.8243    8.7262    1.3285    0.8598    0.0065    0.0027    5.5149    4.7600  0.7280E+02  0.8997E+03 -0.7061E-06 -0.8372E-07  0.1000E-09  0.1000E-09  0.1281E-09  0.1000E-09  0.7789E+04  0.0000E+00
    4.0747  1  1   32.4588   20.5829   15.8243    8.7262    1.3304    0.8600    0.0066    0.0027    5.5153    4.7602  0.7209E+02  0.8987E+03 -0.6996E-06 -0.8333E-07  0.1000E-09  0.1000E-09  0.1286E-09  0.1000E-09  0.7789E+04  0.0000E+00
    4.0795  1  1   32.4555   20.5825   15.8243    8.7262    1.3323    0.8602    0.0066    0.0027    5.5158    4.7604  0.7139E+02  0.8977E+03 -0.6928E-06 -0.8293E-07  0.1000E-09  0.1000E-09  0.1292E-09  0.1000E-09  0.7790E+04  0.0000E+00
    4.0843  1  1   32.4522   20.5821   15.8243    8.7262    1.3342    0.8604    0.0066    0.0027    5.5163    4.7606  0.7070E+02  0.8967E+03 -0.6925E-06 -0.8254E-07  0.1000E-09  0.1000E-09  0.1298E-09  0.1000E-09  0.7790E+04  0.0000E+00
    4.0891  1  1   32.4488   20.5817   15.8243    8.7262    1.3360    0.8606    0.0066    0.0027    5.5168    4.7608  0.7001E+02  0.8957E+03 -0.6925E-06 -0.8235E-07  0.1000E-09  0.1000E-09  0.1304E-09  0.1000E-09  0.7791E+04  0.0000E+00
    4.0939  1  1   32.4455   20.5813   15.8243    8.7262    1.3379    0.8608    0.0067    0.0027    5.5173    4.7611  0.6933E+02  0.8947E+03 -0.6925E-06 -0.8235E-07  0.1000E-09  0.1000E-09  0.1310E-09  0.1000E-09  0.7791E+04  0.0000E+00
    4.0987  1  1   32.4422   20.5809   15.8243    8.7262    1.3398    0.8610    0.0067    0.0027    5.5178    4.7613  0.6865E+02  0.8937E+03 -0.6923E-06 -0.8235E-07  0.1000E-09  0.1000E-09  0.1316E-09  0.1000E-09  0.7792E+04  0.0000E+00
    4.1035  1  1   32.4389   20.5806   15.8243    8.7262    1.3417    0.8612    0.0067    0.0027    5.5182    4.7615  0.6796E+02  0.8927E+03 -0.6816E-06 -0.8235E-07  0.1000E-09  0.1000E-09  0.1322E-09  0.1000E-09  0.7792E+04  0.0000E+00
    4.1083  1  1   32.4357   20.5802   15.8243    8.7262    1.3437    0.8614    0.0068    0.0027    5.5187    4.7617  0.6728E+02  0.8918E+03 -0.6712E-06 -0.8235E-07  0.1000E-09  0.1000E-09  0.1328E-09  0.1000E-09  0.7793E+04  0.0000E+00
    4.1131  1  1   32.4325   20.5798   15.8243    8.7262    1.3456    0.8616    0.0068    0.0027    5.5192    4.7619  0.6660E+02  0.8908E+03 -0.6712E-06 -0.8235E-07  0.1000E-09  0.1000E-09  0.1335E-09  0.1000E-09  0.7794E+04  0.0000E+00
    4.1179  1  1   32.4293   20.5794   15.8243    8.7262    1.3476    0.8618    0.0068    0.0027    5.5197    4.7621  0.6593E+02  0.8898E+03 -0.6712E-06 -0.8235E-07  0.1000E-09  0.1000E-09  0.1341E-09  0.1000E-09  0.7794E+04  0.0000E+00
    4.1227  1  1   32.4260   20.5790   15.8243    8.7262    1.3495    0.8620    0.0069    0.0027    5.5202    4.7623  0.6527E+02  0.8888E+03 -0.6712E-06 -0.8230E-07  0.1000E-09  0.1000E-09  0.1347E-09  0.1000E-09  0.7795E+04  0.0000E+00
    4.1275  1  1   32.4228   20.5786   15.8243    8.7262    1.3515    0.8622    0.0069    0.0027    5.5207    4.7625  0.6462E+02  0.8878E+03 -0.6703E-06 -0.8226E-07  0.1000E-09  0.1000E-09  0.1353E-09  0.1000E-09  0.7795E+04  0.0000E+00
    4.1323  1  1   32.4196   20.5782   15.8243    8.7262    1.3535    0.8624    0.0069    0.0027    5.5212    4.7628  0.6395E+02  0.8868E+03 -0.6609E-06 -0.8222E-07  0.1000E-09  0.1000E-09  0.1360E-09  0.1000E-09  0.7796E+04  0.0000E+00
    4.1371  1  1   32.4165   20.5778   15.8243    8.7262    1.3556    0.8626    0.0069    0.0027    5.5216    4.7630  0.6329E+02  0.8859E+03 -0.6523E-06 -0.8219E-07  0.1000E-09  0.1000E-09  0.1367E-09  0.1000E-09  0.7796E+04  0.0000E+00
    4.1419  1  1   32.4134   20.5774   15.8243    8.7262    1.3576    0.8628    0.0070    0.0027    5.5221    4.7632  0.6263E+02  0.8849E+03 -0.6523E-06 -0.8219E-07  0.1000E-09  0.1000E-09  0.1373E-09  0.1000E-09  0.7797E+04  0.0000E+00
    4.1467  1  1   32.4103   20.5770   15.8243    8.7262    1.3596    0.8630    0.0070    0.0027    5.5226    4.7634  0.6198E+02  0.8839E+03 -0.6523E-06 -0.8219E-07  0.1000E-09  0.1000E-09  0.1380E-09  0.1000E-09  0.7797E+04  0.0000E+00
    4.1515  1  1   32.4071   20.5766   15.8243    8.7262    1.3616    0.8632    0.0070    0.0027    5.5231    4.7636  0.6134E+02  0.8829E+03 -0.6523E-06 -0.8219E-07  0.1000E-09  0.1000E-09  0.1387E-09  0.1000E-09  0.7798E+04  0.0000E+00
    4.1563  1  1   32.4040   20.5762   15.8243    8.7262    1.3637    0.8634    0.0071    0.0028    5.5236    4.7638  0.6070E+02  0.8819E+03 -0.6506E-06 -0.8219E-07  0.1000E-09  0.1000E-09  0.1393E-09  0.1000E-09  0.7798E+04  0.0000E+00
    4.1611  1  1   32.4009   20.5758   15.8243    8.7262    1.3658    0.8636    0.0071    0.0028    5.5241    4.7640  0.6005E+02  0.8809E+03 -0.6406E-06 -0.8219E-07  0.1000E-09  0.1000E-09  0.1401E-09  0.1000E-09  0.7799E+04  0.0000E+00
    4.1659  1  1   32.3979   20.5754   15.8243    8.7262    1.3679    0.8638    0.0071    0.0028    5.5246    4.7642  0.5941E+02  0.8800E+03 -0.6323E-06 -0.8219E-07  0.1000E-09  0.1000E-09  0.1408E-09  0.1000E-09  0.7799E+04  0.0000E+00
    4.1707  1  1   32.3949   20.5750   15.8243    8.7262    1.3700    0.8640    0.0072    0.0028    5.5251    4.7645  0.5877E+02  0.8790E+03 -0.6323E-06 -0.8268E-07  0.1000E-09  0.1000E-09  0.1415E-09  0.1000E-09  0.7800E+04  0.0000E+00
    4.1755  1  1   32.3918   20.5746   15.8243    8.7262    1.3721    0.8642    0.0072    0.0028    5.5256    4.7647  0.5815E+02  0.8780E+03 -0.6323E-06 -0.8339E-07  0.1000E-09  0.1000E-09  0.1422E-09  0.1000E-09  0.7800E+04  0.0000E+00
    4.1803  1  1   32.3888   20.5742   15.8243    8.7262    1.3742    0.8644    0.0072    0.0028    5.5261    4.7649  0.5752E+02  0.8770E+03 -0.6323E-06 -0.8410E-07  0.1000E-09  0.1000E-09  0.1429E-09  0.1000E-09  0.7801E+04  0.0000E+00
    4.1851  1  1   32.3858   20.5738   15.8243    8.7262    1.3764    0.8646    0.0073    0.0028    5.5266    4.7651  0.5690E+02  0.8760E+03 -0.6296E-06 -0.8481E-07  0.1000E-09  0.1000E-09  0.1436E-09  0.1000E-09  0.7801E+04  0.0000E+00
    4.1899  1  1   32.3828   20.5734   15.8243    8.7262    1.3786    0.8648    0.0073    0.0028    5.5271    4.7653  0.5627E+02  0.8750E+03 -0.6180E-06 -0.8487E-07  0.1000E-09  0.1000E-09  0.1444E-09  0.1000E-09  0.7802E+04  0.0000E+00
    4.1947  1  1   32.3799   20.5730   15.8243    8.7262    1.3808    0.8650    0.0074    0.0028    5.5276    4.7655  0.5565E+02  0.8740E+03 -0.6090E-06 -0.8487E-07  0.1000E-09  0.1000E-09  0.1451E-09  0.1000E-09  0.7802E+04  0.0000E+00
    4.1995  1  1   32.3770   20.5726   15.8243    8.7262    1.3829    0.8652    0.0074    0.0028    5.5281    4.7657  0.5504E+02  0.8730E+03 -0.6090E-06 -0.8487E-07  0.1000E-09  0.1000E-09  0.1459E-09  0.1000E-09  0.7803E+04  0.0000E+00
    4.2043  1  1   32.3740   20.5722   15.8243    8.7262    1.3851    0.8654    0.0074    0.0028    5.5286    4.7660  0.5443E+02  0.8720E+03 -0.6090E-06 -0.8487E-07  0.1000E-09  0.1000E-09  0.1467E-09  0.1000E-09  0.7803E+04  0.0000E+00
    4.2091  1  1   32.3711   20.5718   15.8243    8.7262    1.3873    0.8656    0.0075    0.0028    5.5291    4.7662  0.5383E+02  0.8710E+03 -0.6090E-06 -0.8487E-07  0.1000E-09  0.1000E-09  0.1474E-09  0.1000E-09  0.7804E+04  0.0000E+00
    4.2139  1  1   32.3682   20.5714   15.8243    8.7262    1.3896    0.8658    0.0075    0.0028    5.5296    4.7664  0.5322E+02  0.8700E+03 -0.6052E-06 -0.8487E-07  0.1000E-09  0.1000E-09  0.1482E-09  0.1000E-09  0.7804E+04  0.0000E+00
    4.2187  1  1   32.3654   20.5710   15.8243    8.7262    1.3919    0.8660    0.0075    0.0028    5.5301    4.7666  0.5261E+02  0.8691E+03 -0.5929E-06 -0.8486E-07  0.1000E-09  0.1000E-09  0.1490E-09  0.1000E-09  0.7805E+04  0.0000E+00
    4.2235  1  1   32.3626   20.5706   15.8243    8.7262    1.3942    0.8662    0.0076    0.0028    5.5306    4.7668  0.5201E+02  0.8681E+03 -0.5844E-06 -0.8484E-07  0.1000E-09  0.1000E-09  0.1499E-09  0.1000E-09  0.7805E+04  0.0000E+00
    4.2283  1  1   32.3597   20.5701   15.8243    8.7262    1.3964    0.8664    0.0076    0.0028    5.5311    4.7670  0.5141E+02  0.8671E+03 -0.5844E-06 -0.8483E-07  0.1000E-09  0.1000E-09  0.1507E-09  0.1000E-09  0.7806E+04  0.0000E+00
    4.2331  1  1   32.3569   20.5697   15.8243    8.7262    1.3987    0.8666    0.0077    0.0028    5.5316    4.7673  0.5083E+02  0.8661E+03 -0.5844E-06 -0.8481E-07  0.1000E-09  0.1000E-09  0.1515E-09  0.1000E-09  0.7806E+04  0.0000E+00
    4.2379  1  1   32.3541   20.5693   15.8243    8.7262    1.4010    0.8668    0.0077    0.0028    5.5321    4.7675  0.5024E+02  0.8651E+03 -0.5844E-06 -0.8481E-07  0.1000E-09  0.1000E-09  0.1523E-09  0.1000E-09  0.7807E+04  0.0000E+00
    4.2427  1  1   32.3514   20.5689   15.8243    8.7262    1.4034    0.8670    0.0077    0.0028    5.5326    4.7677  0.4966E+02  0.8641E+03 -0.5794E-06 -0.8481E-07  0.1000E-09  0.1000E-09  0.1532E-09  0.1000E-09  0.7807E+04  0.0000E+00
    4.2475  1  1   32.3486   20.5685   15.8243    8.7262    1.4058    0.8672    0.0078    0.0028    5.5331    4.7679  0.4907E+02  0.8631E+03 -0.5662E-06 -0.8481E-07  0.1000E-09  0.1000E-09  0.1540E-09  0.1000E-09  0.7808E+04  0.0000E+00
    4.2523  1  1   32.3460   20.5681   15.8243    8.7262    1.4082    0.8674    0.0078    0.0028    5.5337    4.7681  0.4849E+02  0.8621E+03 -0.5578E-06 -0.8481E-07  0.1000E-09  0.1000E-09  0.1549E-09  0.1000E-09  0.7808E+04  0.0000E+00
    4.2571  1  1   32.3433   20.5677   15.8243    8.7262    1.4105    0.8677    0.0079    0.0028    5.5342    4.7683  0.4791E+02  0.8611E+03 -0.5578E-06 -0.8481E-07  0.1000E-09  0.1000E-09  0.1558E-09  0.1000E-09  0.7808E+04  0.0000E+00
    4.2619  1  1   32.3406   20.5673   15.8243    8.7262    1.4129    0.8679    0.0079    0.0028    5.5347    4.7685  0.4734E+02  0.8601E+03 -0.5578E-06 -0.8481E-07  0.1000E-09  0.1000E-09  0.1567E-09  0.1000E-09  0.7809E+04  0.0000E+00
    4.2667  1  1   32.3379   20.5669   15.8243    8.7262    1.4153    0.8681    0.0080    0.0028    5.5352    4.7688  0.4678E+02  0.8592E+03 -0.5578E-06 -0.8484E-07  0.1000E-09  0.1000E-09  0.1576E-09  0.1000E-09  0.7809E+04  0.0000E+00
    4.2715  1  1   32.3353   20.5665   15.8243    8.7262    1.4178    0.8683    0.0080    0.0028    5.5357    4.7690  0.4621E+02  0.8582E+03 -0.5518E-06 -0.8498E-07  0.1000E-09  0.1000E-09  0.1585E-09  0.1000E-09  0.7810E+04  0.0000E+00
    4.2762  1  1   32.3327   20.5661   15.8243    8.7262    1.4203    0.8685    0.0081    0.0028    5.5362    4.7692  0.4565E+02  0.8572E+03 -0.5382E-06 -0.8511E-07  0.1000E-09  0.1000E-09  0.1594E-09  0.1000E-09  0.7810E+04  0.0000E+00
    4.2810  1  1   32.3302   20.5657   15.8243    8.7262    1.4228    0.8687    0.0081    0.0028    5.5367    4.7694  0.4508E+02  0.8562E+03 -0.5306E-06 -0.8525E-07  0.1000E-09  0.1000E-09  0.1604E-09  0.1000E-09  0.7811E+04  0.0000E+00
    4.2858  1  1   32.3276   20.5653   15.8243    8.7262    1.4253    0.8689    0.0081    0.0028    5.5373    4.7696  0.4453E+02  0.8552E+03 -0.5306E-06 -0.8532E-07  0.1000E-09  0.1000E-09  0.1613E-09  0.1000E-09  0.7811E+04  0.0000E+00
    4.2906  1  1   32.3251   20.5648   15.8243    8.7262    1.4278    0.8691    0.0082    0.0028    5.5378    4.7698  0.4398E+02  0.8542E+03 -0.5306E-06 -0.8532E-07  0.1000E-09  0.1000E-09  0.1623E-09  0.1000E-09  0.7812E+04  0.0000E+00
    4.2954  1  1   32.3225   20.5644   15.8243    8.7262    1.4303    0.8693    0.0082    0.0028    5.5383    4.7701  0.4344E+02  0.8532E+03 -0.5306E-06 -0.8532E-07  0.1000E-09  0.1000E-09  0.1632E-09  0.1000E-09  0.7812E+04  0.0000E+00
    4.3002  1  1   32.3203   20.5640   15.8243    8.7262    1.4327    0.8695    0.0083    0.0028    5.5388    4.7703  0.4292E+02  0.8522E+03 -0.4691E-06 -0.8532E-07  0.1000E-09  0.1000E-09  0.1642E-09  0.1000E-09  0.7812E+04  0.0000E+00
    4.3050  1  1   32.3186   20.5636   15.8243    8.7262    1.4351    0.8697    0.0083    0.0028    5.5393    4.7705  0.4243E+02  0.8512E+03 -0.3462E-06 -0.8533E-07  0.1000E-09  0.1000E-09  0.1651E-09  0.1000E-09  0.7813E+04  0.0000E+00
    4.3098  1  1   32.3173   20.5632   15.8243    8.7262    1.4374    0.8699    0.0084    0.0028    5.5398    4.7707  0.4195E+02  0.8502E+03 -0.2699E-06 -0.8533E-07  0.1000E-09  0.1000E-09  0.1660E-09  0.1000E-09  0.7813E+04  0.0000E+00
    4.3146  1  1   32.3162   20.5628   15.8243    8.7262    1.4398    0.8702    0.0084    0.0028    5.5404    4.7709  0.4148E+02  0.8493E+03 -0.2375E-06 -0.8533E-07  0.1000E-09  0.1000E-09  0.1669E-09  0.1000E-09  0.7813E+04  0.0000E+00
    4.3194  1  1   32.3152   20.5624   15.8243    8.7262    1.4423    0.8704    0.0085    0.0028    5.5409    4.7711  0.4100E+02  0.8483E+03 -0.2085E-06 -0.8550E-07  0.1000E-09  0.1000E-09  0.1679E-09  0.1000E-09  0.7813E+04  0.0000E+00
    4.3242  1  1   32.3143   20.5620   15.8243    8.7262    1.4447    0.8706    0.0085    0.0028    5.5414    4.7714  0.4053E+02  0.8473E+03 -0.1780E-06 -0.8566E-07  0.1000E-09  0.1000E-09  0.1688E-09  0.1000E-09  0.7814E+04  0.0000E+00
    4.3290  1  1   32.3136   20.5616   15.8243    8.7262    1.4472    0.8708    0.0086    0.0028    5.5419    4.7716  0.4006E+02  0.8463E+03 -0.1498E-06 -0.8582E-07  0.1000E-09  0.1000E-09  0.1698E-09  0.1000E-09  0.7814E+04  0.0000E+00
    4.3338  1  1   32.3131   20.5612   15.8243    8.7262    1.4497    0.8710    0.0086    0.0028    5.5424    4.7718  0.3960E+02  0.8453E+03 -0.1083E-06 -0.8595E-07  0.1000E-09  0.1000E-09  0.1708E-09  0.1000E-09  0.7814E+04  0.0000E+00
    4.3386  1  1   32.3127   20.5607   15.8243    8.7262    1.4522    0.8712    0.0087    0.0028    5.5429    4.7720  0.3914E+02  0.8443E+03 -0.7126E-07 -0.8595E-07  0.1000E-09  0.1000E-09  0.1718E-09  0.1000E-09  0.7814E+04  0.0000E+00
    4.3434  1  1   32.3126   20.5603   15.8243    8.7262    1.4547    0.8714    0.0087    0.0028    5.5434    4.7722  0.3869E+02  0.8433E+03 -0.3332E-07 -0.8596E-07  0.1000E-09  0.1000E-09  0.1728E-09  0.1000E-09  0.7814E+04  0.0000E+00
    4.3482  1  1   32.3126   20.5599   15.8243    8.7262    1.4572    0.8716    0.0088    0.0028    5.5439    4.7725  0.3824E+02  0.8423E+03  0.2275E-11 -0.8596E-07  0.1000E-09  0.1000E-09  0.1738E-09  0.1000E-09  0.7814E+04  0.0000E+00
    4.3530  1  1   32.3126   20.5595   15.8243    8.7262    1.4597    0.8718    0.0088    0.0028    5.5444    4.7727  0.3780E+02  0.8413E+03  0.2277E-11 -0.8596E-07  0.1000E-09  0.1000E-09  0.1748E-09  0.1000E-09  0.7814E+04  0.0000E+00
    4.3578  1  1   32.3126   20.5591   15.8243    8.7262    1.4623    0.8721    0.0089    0.0028    5.5449    4.7729  0.3735E+02  0.8404E+03  0.2279E-11 -0.8596E-07  0.1000E-09  0.1000E-09  0.1758E-09  0.1000E-09  0.7814E+04  0.0000E+00
    4.3626  1  1   32.3126   20.5587   15.8243    8.7262    1.4649    0.8723    0.0089    0.0028    5.5455    4.7731  0.3691E+02  0.8394E+03  0.2281E-11 -0.8596E-07  0.1000E-09  0.1000E-09  0.1769E-09  0.1000E-09  0.7814E+04  0.0000E+00
    4.3674  1  1   32.3126   20.5583   15.8243    8.7262    1.4675    0.8725    0.0090    0.0028    5.5460    4.7733  0.3648E+02  0.8384E+03  0.2295E-11 -0.8640E-07  0.1000E-09  0.1000E-09  0.1779E-09  0.1000E-09  0.7814E+04  0.0000E+00
    4.3722  1  1   32.3126   20.5578   15.8243    8.7262    1.4701    0.8727    0.0090    0.0028    5.5465    4.7735  0.3604E+02  0.8374E+03  0.2311E-11 -0.8691E-07  0.1000E-09  0.1000E-09  0.1790E-09  0.1000E-09  0.7814E+04  0.0000E+00
    4.3770  1  1   32.3126   20.5574   15.8243    8.7262    1.4727    0.8729    0.0091    0.0028    5.5470    4.7738  0.3561E+02  0.8364E+03  0.2327E-11 -0.8741E-07  0.1000E-09  0.1000E-09  0.1801E-09  0.1000E-09  0.7815E+04  0.0000E+00
    4.3818  1  1   32.3126   20.5570   15.8243    8.7262    1.4753    0.8731    0.0091    0.0028    5.5475    4.7740  0.3518E+02  0.8354E+03  0.2342E-11 -0.8787E-07  0.1000E-09  0.1000E-09  0.1812E-09  0.1000E-09  0.7815E+04  0.0000E+00
    4.3866  1  1   32.3126   20.5566   15.8243    8.7262    1.4779    0.8733    0.0092    0.0028    5.5480    4.7742  0.3476E+02  0.8344E+03  0.2344E-11 -0.8787E-07  0.1000E-09  0.1000E-09  0.1823E-09  0.1000E-09  0.7815E+04  0.0000E+00
    4.3914  1  1   32.3126   20.5562   15.8243    8.7262    1.4806    0.8736    0.0092    0.0028    5.5485    4.7744  0.3434E+02  0.8334E+03  0.2346E-11 -0.8787E-07  0.1000E-09  0.1000E-09  0.1834E-09  0.1000E-09  0.7815E+04  0.0000E+00
    4.3962  1  1   32.3126   20.5557   15.8243    8.7262    1.4832    0.8738    0.0093    0.0028    5.5490    4.7746  0.3392E+02  0.8324E+03  0.2349E-11 -0.8787E-07  0.1000E-09  0.1000E-09  0.1845E-09  0.1000E-09  0.7815E+04  0.0000E+00
    4.4010  1  1   32.3126   20.5553   15.8243    8.7262    1.4859    0.8740    0.0094    0.0028    5.5495    4.7749  0.3351E+02  0.8314E+03  0.2351E-11 -0.8787E-07  0.1000E-09  0.1000E-09  0.1857E-09  0.1000E-09  0.7815E+04  0.0000E+00
    4.4058  1  1   32.3126   20.5549   15.8243    8.7262    1.4886    0.8742    0.0094    0.0028    5.5500    4.7751  0.3309E+02  0.8304E+03  0.2353E-11 -0.8787E-07  0.1000E-09  0.1000E-09  0.1868E-09  0.1000E-09  0.7815E+04  0.0000E+00
    4.4106  1  1   32.3126   20.5545   15.8243    8.7262    1.4914    0.8744    0.0095    0.0028    5.5505    4.7753  0.3267E+02  0.8294E+03  0.2356E-11 -0.8787E-07  0.1000E-09  0.1000E-09  0.1880E-09  0.1000E-09  0.7815E+04  0.0000E+00
    4.4154  1  1   32.3126   20.5540   15.8243    8.7262    1.4941    0.8746    0.0095    0.0028    5.5510    4.7755  0.3226E+02  0.8284E+03  0.2368E-11 -0.8823E-07  0.1000E-09  0.1000E-09  0.1892E-09  0.1000E-09  0.7815E+04  0.0000E+00
    4.4202  1  1   32.3126   20.5536   15.8243    8.7262    1.4969    0.8749    0.0096    0.0028    5.5515    4.7757  0.3186E+02  0.8274E+03  0.2383E-11 -0.8872E-07  0.1000E-09  0.1000E-09  0.1904E-09  0.1000E-09  0.7815E+04  0.0000E+00
    4.4250  1  1   32.3126   20.5532   15.8243    8.7262    1.4996    0.8751    0.0097    0.0028    5.5520    4.7760  0.3146E+02  0.8264E+03  0.2399E-11 -0.8921E-07  0.1000E-09  0.1000E-09  0.1916E-09  0.1000E-09  0.7815E+04  0.0000E+00
    4.4298  1  1   32.3126   20.5528   15.8243    8.7262    1.5023    0.8753    0.0097    0.0028    5.5525    4.7762  0.3107E+02  0.8254E+03  0.2415E-11 -0.8970E-07  0.1000E-09  0.1000E-09  0.1928E-09  0.1000E-09  0.7815E+04  0.0000E+00
    4.4346  1  1   32.3126   20.5523   15.8243    8.7262    1.5051    0.8755    0.0098    0.0028    5.5530    4.7764  0.3068E+02  0.8244E+03  0.2418E-11 -0.8972E-07  0.1000E-09  0.1000E-09  0.1940E-09  0.1000E-09  0.7815E+04  0.0000E+00
    4.4394  1  1   32.3126   20.5519   15.8243    8.7262    1.5079    0.8757    0.0098    0.0028    5.5535    4.7766  0.3028E+02  0.8234E+03  0.2420E-11 -0.8972E-07  0.1000E-09  0.1000E-09  0.1953E-09  0.1000E-09  0.7815E+04  0.0000E+00
    4.4442  1  1   32.3126   20.5515   15.8243    8.7262    1.5107    0.8760    0.0099    0.0028    5.5539    4.7768  0.2989E+02  0.8224E+03  0.2423E-11 -0.8972E-07  0.1000E-09  0.1000E-09  0.1966E-09  0.1000E-09  0.7815E+04  0.0000E+00
    4.4490  1  1   32.3126   20.5510   15.8243    8.7262    1.5136    0.8762    0.0100    0.0028    5.5544    4.7771  0.2949E+02  0.8214E+03  0.2425E-11 -0.8972E-07  0.1000E-09  0.1000E-09  0.1979E-09  0.1000E-09  0.7815E+04  0.0000E+00
    4.4538  1  1   32.3126   20.5506   15.8243    8.7262    1.5166    0.8764    0.0100    0.0028    5.5548    4.7773  0.2909E+02  0.8204E+03  0.2428E-11 -0.8972E-07  0.1000E-09  0.1000E-09  0.1993E-09  0.1000E-09  0.7816E+04  0.0000E+00
    4.4586  1  1   32.3126   20.5502   15.8243    8.7262    1.5196    0.8766    0.0101    0.0028    5.5553    4.7775  0.2870E+02  0.8194E+03  0.2430E-11 -0.8972E-07  0.1000E-09  0.1000E-09  0.2006E-09  0.1000E-09  0.7816E+04  0.0000E+00
    4.4634  1  1   32.3126   20.5498   15.8243    8.7262    1.5226    0.8768    0.0102    0.0028    5.5557    4.7777  0.2829E+02  0.8184E+03  0.2427E-11 -0.8952E-07  0.1000E-09  0.1000E-09  0.2021E-09  0.1000E-09  0.7816E+04  0.0000E+00
    4.4682  1  1   32.3126   20.5493   15.8243    8.7262    1.5258    0.8771    0.0103    0.0028    5.5561    4.7779  0.2789E+02  0.8174E+03  0.2420E-11 -0.8916E-07  0.1000E-09  0.1000E-09  0.2035E-09  0.1000E-09  0.7816E+04  0.0000E+00
    4.4730  1  1   32.3126   20.5489   15.8243    8.7262    1.5290    0.8773    0.0103    0.0028    5.5565    4.7782  0.2748E+02  0.8164E+03  0.2412E-11 -0.8879E-07  0.1000E-09  0.1000E-09  0.2050E-09  0.1000E-09  0.7816E+04  0.0000E+00
    4.4778  1  1   32.3126   20.5485   15.8243    8.7262    1.5322    0.8775    0.0104    0.0028    5.5569    4.7784  0.2707E+02  0.8154E+03  0.2405E-11 -0.8842E-07  0.1000E-09  0.1000E-09  0.2066E-09  0.1000E-09  0.7816E+04  0.0000E+00
    4.4826  1  1   32.3120   20.5480   15.8243    8.7262    1.5355    0.8777    0.0105    0.0028    5.5573    4.7786  0.2666E+02  0.8144E+03 -0.1245E-06 -0.8833E-07  0.1000E-09  0.1000E-09  0.2081E-09  0.1000E-09  0.7816E+04  0.0000E+00
    4.4874  1  1   32.3073   20.5476   15.8243    8.7262    1.5389    0.8780    0.0106    0.0028    5.5577    4.7788  0.2620E+02  0.8134E+03 -0.9813E-06 -0.8826E-07  0.1000E-09  0.1000E-09  0.2098E-09  0.1000E-09  0.7817E+04  0.0000E+00
    4.4922  1  1   32.2951   20.5472   15.8243    8.7262    1.5424    0.8782    0.0107    0.0028    5.5581    4.7790  0.2568E+02  0.8124E+03 -0.2526E-05 -0.8811E-07  0.1000E-09  0.1000E-09  0.2117E-09  0.1000E-09  0.7819E+04  0.0000E+00
    4.4970  1  1   32.2782   20.5468   15.8243    8.7262    1.5460    0.8784    0.0107    0.0028    5.5585    4.7793  0.2511E+02  0.8114E+03 -0.3530E-05 -0.8802E-07  0.1000E-09  0.1000E-09  0.2136E-09  0.1000E-09  0.7821E+04  0.0000E+00
    4.5018  1  1   32.2593   20.5464   15.8243    8.7262    1.5496    0.8786    0.0108    0.0028    5.5589    4.7795  0.2453E+02  0.8104E+03 -0.3935E-05 -0.8797E-07  0.1000E-09  0.1000E-09  0.2157E-09  0.1000E-09  0.7824E+04  0.0000E+00
    4.5066  1  1   32.2386   20.5459   15.8243    8.7262    1.5534    0.8788    0.0109    0.0028    5.5592    4.7797  0.2394E+02  0.8094E+03 -0.4322E-05 -0.8793E-07  0.1000E-09  0.1000E-09  0.2178E-09  0.1000E-09  0.7827E+04  0.0000E+00
    4.5114  1  1   32.2162   20.5455   15.8243    8.7262    1.5572    0.8791    0.0110    0.0028    5.5596    4.7799  0.2334E+02  0.8085E+03 -0.4672E-05 -0.8792E-07  0.1000E-09  0.1000E-09  0.2201E-09  0.1000E-09  0.7831E+04  0.0000E+00
    4.5162  1  1   32.1923   20.5451   15.8243    8.7262    1.5611    0.8793    0.0111    0.0028    5.5600    4.7802  0.2273E+02  0.8075E+03 -0.4976E-05 -0.8801E-07  0.1000E-09  0.1000E-09  0.2224E-09  0.1000E-09  0.7834E+04  0.0000E+00
    4.5210  1  1   32.1677   20.5447   15.8243    8.7262    1.5650    0.8795    0.0112    0.0028    5.5603    4.7804  0.2213E+02  0.8065E+03 -0.5111E-05 -0.8811E-07  0.1000E-09  0.1000E-09  0.2248E-09  0.1000E-09  0.7838E+04  0.0000E+00
    4.5258  1  1   32.1432   20.5442   15.8243    8.7262    1.5689    0.8797    0.0113    0.0028    5.5607    4.7806  0.2155E+02  0.8055E+03 -0.5121E-05 -0.8822E-07  0.1000E-09  0.1000E-09  0.2271E-09  0.1000E-09  0.7842E+04  0.0000E+00
    4.5306  1  1   32.1185   20.5438   15.8243    8.7262    1.5728    0.8799    0.0114    0.0028    5.5611    4.7808  0.2099E+02  0.8045E+03 -0.5130E-05 -0.8828E-07  0.1000E-09  0.1000E-09  0.2295E-09  0.1000E-09  0.7845E+04  0.0000E+00
    4.5354  1  1   32.0938   20.5434   15.8243    8.7262    1.5768    0.8802    0.0115    0.0028    5.5615    4.7810  0.2043E+02  0.8035E+03 -0.5160E-05 -0.8826E-07  0.1000E-09  0.1000E-09  0.2320E-09  0.1000E-09  0.7849E+04  0.0000E+00
    4.5402  1  1   32.0689   20.5430   15.8243    8.7262    1.5807    0.8804    0.0116    0.0028    5.5618    4.7813  0.1989E+02  0.8025E+03 -0.5183E-05 -0.8825E-07  0.1000E-09  0.1000E-09  0.2344E-09  0.1000E-09  0.7853E+04  0.0000E+00
    4.5450  1  1   32.0439   20.5426   15.8243    8.7262    1.5847    0.8806    0.0117    0.0028    5.5622    4.7815  0.1936E+02  0.8015E+03 -0.5203E-05 -0.8824E-07  0.1000E-09  0.1000E-09  0.2369E-09  0.1000E-09  0.7857E+04  0.0000E+00
    4.5498  1  1   32.0190   20.5421   15.8243    8.7262    1.5887    0.8808    0.0118    0.0028    5.5626    4.7817  0.1884E+02  0.8005E+03 -0.5191E-05 -0.8823E-07  0.1000E-09  0.1000E-09  0.2395E-09  0.1000E-09  0.7860E+04  0.0000E+00
    4.5546  1  1   31.9948   20.5417   15.8243    8.7262    1.5939    0.8811    0.0119    0.0028    5.5632    4.7819  0.1824E+02  0.7995E+03 -0.5043E-05 -0.8823E-07  0.1000E-09  0.1000E-09  0.2427E-09  0.1000E-09  0.7864E+04  0.0000E+00
    4.5594  1  1   31.9717   20.5413   15.8243    8.7262    1.5984    0.8813    0.0121    0.0028    5.5636    4.7821  0.1772E+02  0.7985E+03 -0.4811E-05 -0.8830E-07  0.1000E-09  0.1000E-09  0.2457E-09  0.1000E-09  0.7868E+04  0.0000E+00
    4.5618  1  1   31.9607   20.5411   15.8243    8.7262    1.6005    0.8814    0.0121    0.0028    5.5638    4.7823  0.1748E+02  0.7980E+03 -0.4576E-05 -0.8887E-07  0.1000E-09  0.1000E-09  0.2470E-09  0.1000E-09  0.7869E+04  0.0000E+00
    4.5642  1  1   31.9501   20.5409   15.8243    8.7262    1.6025    0.8815    0.0122    0.0028    5.5640    4.7824  0.1726E+02  0.7975E+03 -0.4427E-05 -0.8915E-07  0.1000E-09  0.1000E-09  0.2483E-09  0.1000E-09  0.7871E+04  0.0000E+00
    4.5666  1  1   31.9398   20.5406   15.8243    8.7262    1.6046    0.8816    0.0122    0.0028    5.5642    4.7825  0.1703E+02  0.7970E+03 -0.4291E-05 -0.8943E-07  0.1000E-09  0.1000E-09  0.2496E-09  0.1000E-09  0.7873E+04  0.0000E+00
    4.5690  1  1   31.9299   20.5404   15.8243    8.7262    1.6066    0.8817    0.0123    0.0028    5.5644    4.7826  0.1681E+02  0.7965E+03 -0.4117E-05 -0.8972E-07  0.1000E-09  0.1000E-09  0.2510E-09  0.1000E-09  0.7874E+04  0.0000E+00
    4.5714  1  1   31.9204   20.5402   15.8243    8.7262    1.6087    0.8819    0.0123    0.0028    5.5647    4.7827  0.1660E+02  0.7960E+03 -0.3961E-05 -0.9001E-07  0.1000E-09  0.1000E-09  0.2523E-09  0.1000E-09  0.7875E+04  0.0000E+00
    4.5738  1  1   31.9113   20.5400   15.8243    8.7262    1.6108    0.8820    0.0124    0.0028    5.5649    4.7828  0.1639E+02  0.7955E+03 -0.3816E-05 -0.9030E-07  0.1000E-09  0.1000E-09  0.2537E-09  0.1000E-09  0.7877E+04  0.0000E+00
    4.5762  1  1   31.9025   20.5398   15.8243    8.7262    1.6129    0.8821    0.0125    0.0028    5.5651    4.7829  0.1618E+02  0.7950E+03 -0.3674E-05 -0.9040E-07  0.1000E-09  0.1000E-09  0.2551E-09  0.1000E-09  0.7878E+04  0.0000E+00
    4.5786  1  1   31.8940   20.5396   15.8243    8.7262    1.6151    0.8822    0.0125    0.0028    5.5653    4.7830  0.1596E+02  0.7945E+03 -0.3526E-05 -0.9042E-07  0.1000E-09  0.1000E-09  0.2565E-09  0.1000E-09  0.7880E+04  0.0000E+00
    4.5810  1  1   31.8859   20.5393   15.8243    8.7262    1.6174    0.8823    0.0126    0.0028    5.5655    4.7832  0.1575E+02  0.7940E+03 -0.3363E-05 -0.9043E-07  0.1000E-09  0.1000E-09  0.2580E-09  0.1000E-09  0.7881E+04  0.0000E+00
    4.5834  1  1   31.8782   20.5391   15.8243    8.7262    1.6199    0.8824    0.0127    0.0028    5.5657    4.7833  0.1553E+02  0.7935E+03 -0.3211E-05 -0.9045E-07  0.1000E-09  0.1000E-09  0.2596E-09  0.1000E-09  0.7882E+04  0.0000E+00
    4.5858  1  1   31.8709   20.5389   15.8243    8.7262    1.6224    0.8825    0.0127    0.0028    5.5659    4.7834  0.1531E+02  0.7930E+03 -0.3037E-05 -0.9047E-07  0.1000E-09  0.1000E-09  0.2612E-09  0.1000E-09  0.7883E+04  0.0000E+00
    4.5882  1  1   31.8640   20.5387   15.8243    8.7262    1.6252    0.8827    0.0128    0.0028    5.5661    4.7835  0.1508E+02  0.7925E+03 -0.2887E-05 -0.9048E-07  0.1000E-09  0.1000E-09  0.2630E-09  0.1000E-09  0.7884E+04  0.0000E+00
    4.5906  1  1   31.8575   20.5385   15.8243    8.7262    1.6282    0.8828    0.0129    0.0028    5.5664    4.7836  0.1484E+02  0.7920E+03 -0.2719E-05 -0.9050E-07  0.1000E-09  0.1000E-09  0.2650E-09  0.1000E-09  0.7885E+04  0.0000E+00
    4.5930  1  1   31.8513   20.5383   15.8243    8.7262    1.6316    0.8829    0.0130    0.0028    5.5666    4.7837  0.1458E+02  0.7915E+03 -0.2592E-05 -0.9051E-07  0.1000E-09  0.1000E-09  0.2671E-09  0.1000E-09  0.7886E+04  0.0000E+00
    4.5954  1  1   31.8454   20.5380   15.8243    8.7262    1.6352    0.8830    0.0131    0.0028    5.5668    4.7838  0.1431E+02  0.7910E+03 -0.2463E-05 -0.9052E-07  0.1000E-09  0.1000E-09  0.2695E-09  0.1000E-09  0.7887E+04  0.0000E+00
    4.5978  1  1   31.8397   20.5378   15.8243    8.7262    1.6390    0.8831    0.0132    0.0028    5.5670    4.7839  0.1403E+02  0.7905E+03 -0.2355E-05 -0.9053E-07  0.1000E-09  0.1000E-09  0.2719E-09  0.1000E-09  0.7888E+04  0.0000E+00
    4.6002  1  1   31.8343   20.5376   15.8243    8.7262    1.6430    0.8832    0.0133    0.0028    5.5672    4.7840  0.1375E+02  0.7900E+03 -0.2239E-05 -0.9055E-07  0.1000E-09  0.1000E-09  0.2745E-09  0.1000E-09  0.7889E+04  0.0000E+00
    4.6026  1  1   31.8292   20.5374   15.8243    8.7262    1.6472    0.8833    0.0135    0.0028    5.5675    4.7842  0.1346E+02  0.7896E+03 -0.2139E-05 -0.9055E-07  0.1000E-09  0.1000E-09  0.2773E-09  0.1000E-09  0.7890E+04  0.0000E+00
    4.6050  1  1   31.8243   20.5372   15.8243    8.7262    1.6518    0.8835    0.0136    0.0028    5.5677    4.7843  0.1315E+02  0.7891E+03 -0.2026E-05 -0.9056E-07  0.1000E-09  0.1000E-09  0.2804E-09  0.1000E-09  0.7890E+04  0.0000E+00
    4.6074  1  1   31.8197   20.5369   15.8243    8.7262    1.6566    0.8836    0.0138    0.0028    5.5679    4.7844  0.1285E+02  0.7886E+03 -0.1936E-05 -0.9077E-07  0.1000E-09  0.1000E-09  0.2835E-09  0.1000E-09  0.7891E+04  0.0000E+00
    4.6098  1  1   31.8152   20.5367   15.8243    8.7262    1.6617    0.8837    0.0139    0.0028    5.5681    4.7845  0.1253E+02  0.7881E+03 -0.1875E-05 -0.9101E-07  0.1000E-09  0.1000E-09  0.2870E-09  0.1000E-09  0.7892E+04  0.0000E+00
    4.6122  1  1   31.8108   20.5365   15.8243    8.7262    1.6669    0.8838    0.0141    0.0028    5.5684    4.7846  0.1221E+02  0.7876E+03 -0.1824E-05 -0.9124E-07  0.1000E-09  0.1000E-09  0.2905E-09  0.1000E-09  0.7893E+04  0.0000E+00
    4.6146  1  1   31.8065   20.5363   15.8243    8.7262    1.6723    0.8839    0.0143    0.0028    5.5686    4.7847  0.1189E+02  0.7871E+03 -0.1798E-05 -0.9146E-07  0.1000E-09  0.1000E-09  0.2942E-09  0.1000E-09  0.7893E+04  0.0000E+00
    4.6170  1  1   31.8022   20.5361   15.8243    8.7262    1.6778    0.8840    0.0145    0.0028    5.5688    4.7848  0.1158E+02  0.7866E+03 -0.1774E-05 -0.9169E-07  0.1000E-09  0.1000E-09  0.2980E-09  0.1000E-09  0.7894E+04  0.0000E+00
    4.6194  1  1   31.7981   20.5359   15.8243    8.7262    1.6835    0.8841    0.0146    0.0028    5.5691    4.7849  0.1127E+02  0.7860E+03 -0.1712E-05 -0.9192E-07  0.1000E-09  0.1000E-09  0.3020E-09  0.1000E-09  0.7895E+04  0.0000E+00
    4.6218  1  1   31.7942   20.5356   15.8243    8.7262    1.6891    0.8843    0.0148    0.0028    5.5693    4.7851  0.1096E+02  0.7855E+03 -0.1650E-05 -0.9215E-07  0.1000E-09  0.1000E-09  0.3061E-09  0.1000E-09  0.7895E+04  0.0000E+00
    4.6242  1  1   31.7903   20.5354   15.8243    8.7262    1.6948    0.8844    0.0150    0.0028    5.5695    4.7852  0.1066E+02  0.7850E+03 -0.1620E-05 -0.9230E-07  0.1000E-09  0.1000E-09  0.3102E-09  0.1000E-09  0.7896E+04  0.0000E+00
    4.6266  1  1   31.7865   20.5352   15.8243    8.7262    1.7004    0.8845    0.0152    0.0028    5.5698    4.7853  0.1038E+02  0.7845E+03 -0.1586E-05 -0.9230E-07  0.1000E-09  0.1000E-09  0.3143E-09  0.1000E-09  0.7896E+04  0.0000E+00
    4.6290  1  1   31.7828   20.5350   15.8243    8.7262    1.7059    0.8846    0.0154    0.0028    5.5700    4.7854  0.1010E+02  0.7840E+03 -0.1533E-05 -0.9231E-07  0.1000E-09  0.1000E-09  0.3184E-09  0.1000E-09  0.7897E+04  0.0000E+00
    4.6314  1  1   31.7793   20.5347   15.8243    8.7262    1.7115    0.8847    0.0156    0.0028    5.5703    4.7855  0.9837E+01  0.7835E+03 -0.1470E-05 -0.9231E-07  0.1000E-09  0.1000E-09  0.3225E-09  0.1000E-09  0.7898E+04  0.0000E+00
    4.6338  1  1   31.7759   20.5345   15.8243    8.7262    1.7170    0.8848    0.0158    0.0028    5.5705    4.7856  0.9577E+01  0.7830E+03 -0.1429E-05 -0.9231E-07  0.1000E-09  0.1000E-09  0.3267E-09  0.1000E-09  0.7898E+04  0.0000E+00
    4.6362  1  1   31.7725   20.5343   15.8243    8.7262    1.7226    0.8850    0.0160    0.0028    5.5708    4.7857  0.9323E+01  0.7825E+03 -0.1388E-05 -0.9231E-07  0.1000E-09  0.1000E-09  0.3310E-09  0.1000E-09  0.7899E+04  0.0000E+00
    4.6386  1  1   31.7693   20.5341   15.8243    8.7262    1.7282    0.8851    0.0162    0.0028    5.5710    4.7858  0.9074E+01  0.7820E+03 -0.1323E-05 -0.9232E-07  0.1000E-09  0.1000E-09  0.3354E-09  0.1000E-09  0.7899E+04  0.0000E+00
    4.6410  1  1   31.7664   20.5339   15.8243    8.7262    1.7339    0.8852    0.0164    0.0028    5.5713    4.7860  0.8832E+01  0.7815E+03 -0.1233E-05 -0.9233E-07  0.1000E-09  0.1000E-09  0.3399E-09  0.1000E-09  0.7900E+04  0.0000E+00
    4.6434  1  1   31.7636   20.5336   15.8243    8.7262    1.7396    0.8853    0.0167    0.0028    5.5715    4.7861  0.8594E+01  0.7810E+03 -0.1169E-05 -0.9234E-07  0.1000E-09  0.1000E-09  0.3444E-09  0.1000E-09  0.7900E+04  0.0000E+00
    4.6458  1  1   31.7609   20.5334   15.8243    8.7262    1.7453    0.8854    0.0169    0.0028    5.5718    4.7862  0.8362E+01  0.7805E+03 -0.1117E-05 -0.9234E-07  0.1000E-09  0.1000E-09  0.3491E-09  0.1000E-09  0.7901E+04  0.0000E+00
    4.6482  1  1   31.7584   20.5332   15.8243    8.7262    1.7512    0.8855    0.0171    0.0028    5.5720    4.7863  0.8130E+01  0.7800E+03 -0.1063E-05 -0.9235E-07  0.1000E-09  0.1000E-09  0.3539E-09  0.1000E-09  0.7901E+04  0.0000E+00
    4.6506  1  1   31.7560   20.5330   15.8243    8.7262    1.7574    0.8857    0.0174    0.0028    5.5723    4.7864  0.7896E+01  0.7795E+03 -0.9892E-06 -0.9236E-07  0.1000E-09  0.1000E-09  0.3590E-09  0.1000E-09  0.7901E+04  0.0000E+00
    4.6530  1  1   31.7538   20.5328   15.8243    8.7262    1.7637    0.8858    0.0176    0.0028    5.5725    4.7865  0.7665E+01  0.7790E+03 -0.9277E-06 -0.9237E-07  0.1000E-09  0.1000E-09  0.3643E-09  0.1000E-09  0.7902E+04  0.0000E+00
    4.6554  1  1   31.7517   20.5325   15.8243    8.7262    1.7702    0.8859    0.0179    0.0028    5.5728    4.7866  0.7430E+01  0.7785E+03 -0.8712E-06 -0.9227E-07  0.1000E-09  0.1000E-09  0.3699E-09  0.1000E-09  0.7902E+04  0.0000E+00
    4.6578  1  1   31.7497   20.5323   15.8243    8.7262    1.7769    0.8860    0.0181    0.0028    5.5731    4.7868  0.7202E+01  0.7780E+03 -0.8236E-06 -0.9208E-07  0.1000E-09  0.1000E-09  0.3756E-09  0.1000E-09  0.7902E+04  0.0000E+00
    4.6602  1  1   31.7478   20.5321   15.8243    8.7262    1.7837    0.8861    0.0184    0.0028    5.5733    4.7869  0.6973E+01  0.7775E+03 -0.7911E-06 -0.9189E-07  0.1000E-09  0.1000E-09  0.3817E-09  0.1000E-09  0.7903E+04  0.0000E+00
    4.6626  1  1   31.7460   20.5319   15.8243    8.7262    1.7906    0.8862    0.0187    0.0028    5.5736    4.7870  0.6752E+01  0.7770E+03 -0.7623E-06 -0.9169E-07  0.1000E-09  0.1000E-09  0.3878E-09  0.1000E-09  0.7903E+04  0.0000E+00
    4.6650  1  1   31.7442   20.5316   15.8243    8.7262    1.7974    0.8864    0.0190    0.0028    5.5738    4.7871  0.6538E+01  0.7765E+03 -0.7340E-06 -0.9149E-07  0.1000E-09  0.1000E-09  0.3940E-09  0.1000E-09  0.7903E+04  0.0000E+00
    4.6674  1  1   31.7425   20.5314   15.8243    8.7262    1.8043    0.8865    0.0193    0.0028    5.5741    4.7872  0.6330E+01  0.7760E+03 -0.7061E-06 -0.9130E-07  0.1000E-09  0.1000E-09  0.4003E-09  0.1000E-09  0.7904E+04  0.0000E+00
    4.6698  1  1   31.7409   20.5312   15.8243    8.7262    1.8110    0.8866    0.0196    0.0029    5.5744    4.7873  0.6136E+01  0.7755E+03 -0.6583E-06 -0.9111E-07  0.1000E-09  0.1000E-09  0.4065E-09  0.1000E-09  0.7904E+04  0.0000E+00
    4.6722  1  1   31.7395   20.5310   15.8243    8.7262    1.8176    0.8867    0.0199    0.0029    5.5746    4.7874  0.5949E+01  0.7750E+03 -0.6051E-06 -0.9092E-07  0.1000E-09  0.1000E-09  0.4128E-09  0.1000E-09  0.7904E+04  0.0000E+00
    4.6746  1  1   31.7382   20.5308   15.8243    8.7262    1.8241    0.8868    0.0202    0.0029    5.5749    4.7875  0.5771E+01  0.7745E+03 -0.5222E-06 -0.9094E-07  0.1000E-09  0.1000E-09  0.4191E-09  0.1000E-09  0.7904E+04  0.0000E+00
    4.6770  1  1   31.7372   20.5306   15.8243    8.7262    1.8306    0.8869    0.0205    0.0029    5.5752    4.7877  0.5599E+01  0.7740E+03 -0.4231E-06 -0.9097E-07  0.1000E-09  0.1000E-09  0.4254E-09  0.1000E-09  0.7905E+04  0.0000E+00
    4.6794  1  1   31.7364   20.5303   15.8243    8.7262    1.8370    0.8871    0.0208    0.0029    5.5755    4.7878  0.5433E+01  0.7735E+03 -0.3414E-06 -0.9099E-07  0.1000E-09  0.1000E-09  0.4318E-09  0.1000E-09  0.7905E+04  0.0000E+00
    4.6818  1  1   31.7358   20.5301   15.8243    8.7262    1.8435    0.8872    0.0212    0.0029    5.5757    4.7879  0.5272E+01  0.7730E+03 -0.2521E-06 -0.9102E-07  0.1000E-09  0.1000E-09  0.4383E-09  0.1000E-09  0.7905E+04  0.0000E+00
    4.6842  1  1   31.7354   20.5299   15.8243    8.7262    1.8503    0.8873    0.0215    0.0029    5.5760    4.7880  0.5108E+01  0.7725E+03 -0.1729E-06 -0.9105E-07  0.1000E-09  0.1000E-09  0.4453E-09  0.1000E-09  0.7905E+04  0.0000E+00
    4.6866  1  1   31.7352   20.5297   15.8243    8.7262    1.8574    0.8874    0.0218    0.0029    5.5763    4.7881  0.4943E+01  0.7720E+03 -0.8453E-07 -0.9108E-07  0.1000E-09  0.1000E-09  0.4526E-09  0.1000E-09  0.7905E+04  0.0000E+00
    4.6890  1  1   31.7351   20.5295   15.8243    8.7262    1.8648    0.8875    0.0222    0.0029    5.5766    4.7882  0.4779E+01  0.7715E+03 -0.3571E-07 -0.9110E-07  0.1000E-09  0.1000E-09  0.4604E-09  0.1000E-09  0.7905E+04  0.0000E+00
    4.6914  1  1   31.7350   20.5292   15.8243    8.7262    1.8724    0.8876    0.0226    0.0029    5.5769    4.7883  0.4614E+01  0.7710E+03 -0.1265E-07 -0.9110E-07  0.1000E-09  0.1000E-09  0.4685E-09  0.1000E-09  0.7905E+04  0.0000E+00
    4.6938  1  1   31.7350   20.5290   15.8243    8.7262    1.8803    0.8878    0.0230    0.0029    5.5772    4.7884  0.4450E+01  0.7705E+03  0.2455E-11 -0.9111E-07  0.1000E-09  0.1000E-09  0.4771E-09  0.1000E-09  0.7905E+04  0.0000E+00
    4.6962  1  1   31.7350   20.5288   15.8243    8.7262    1.8886    0.8879    0.0235    0.0029    5.5774    4.7886  0.4283E+01  0.7700E+03  0.2457E-11 -0.9111E-07  0.1000E-09  0.1000E-09  0.4863E-09  0.1000E-09  0.7905E+04  0.0000E+00
    4.6986  1  1   31.7350   20.5286   15.8243    8.7262    1.8972    0.8880    0.0239    0.0029    5.5777    4.7887  0.4117E+01  0.7695E+03  0.2458E-11 -0.9111E-07  0.1000E-09  0.1000E-09  0.4960E-09  0.1000E-09  0.7905E+04  0.0000E+00
    4.7010  1  1   31.7350   20.5284   15.8243    8.7262    1.9066    0.8881    0.0245    0.0029    5.5780    4.7888  0.3943E+01  0.7690E+03  0.2459E-11 -0.9111E-07  0.1000E-09  0.1000E-09  0.5068E-09  0.1000E-09  0.7905E+04  0.0000E+00
    4.7034  1  1   31.7350   20.5282   15.8243    8.7262    1.9160    0.8882    0.0250    0.0029    5.5783    4.7889  0.3775E+01  0.7686E+03  0.2461E-11 -0.9111E-07  0.1000E-09  0.1000E-09  0.5180E-09  0.1000E-09  0.7905E+04  0.0000E+00
    4.7058  1  1   31.7350   20.5279   15.8243    8.7262    1.9260    0.8883    0.0256    0.0029    5.5786    4.7890  0.3604E+01  0.7681E+03  0.2468E-11 -0.9134E-07  0.1000E-09  0.1000E-09  0.5301E-09  0.1000E-09  0.7905E+04  0.0000E+00
    4.7082  1  1   31.7350   20.5277   15.8243    8.7262    1.9360    0.8885    0.0262    0.0029    5.5789    4.7891  0.3442E+01  0.7676E+03 -0.1963E-09 -0.9158E-07  0.1000E-09  0.1000E-09  0.5424E-09  0.1000E-09  0.7905E+04  0.0000E+00
    4.7106  1  1   31.7350   20.5275   15.8243    8.7262    1.9457    0.8886    0.0268    0.0029    5.5792    4.7892  0.3292E+01  0.7671E+03 -0.3261E-07 -0.9180E-07  0.1000E-09  0.1000E-09  0.5547E-09  0.1000E-09  0.7905E+04  0.0000E+00
    4.7130  1  1   31.7348   20.5273   15.8243    8.7262    1.9554    0.8887    0.0274    0.0029    5.5794    4.7893  0.3148E+01  0.7666E+03 -0.6483E-07 -0.9202E-07  0.1000E-09  0.1000E-09  0.5672E-09  0.1000E-09  0.7905E+04  0.0000E+00
    4.7154  1  1   31.7339   20.5271   15.8243    8.7262    1.9646    0.8888    0.0280    0.0029    5.5797    4.7895  0.3017E+01  0.7661E+03 -0.3840E-06 -0.9207E-07  0.1000E-09  0.1000E-09  0.5793E-09  0.1000E-09  0.7906E+04  0.0000E+00
    4.7178  1  1   31.7321   20.5268   15.8243    8.7262    1.9737    0.8889    0.0285    0.0029    5.5800    4.7896  0.2891E+01  0.7656E+03 -0.7411E-06 -0.9208E-07  0.1000E-09  0.1000E-09  0.5917E-09  0.1000E-09  0.7906E+04  0.0000E+00
    4.7202  1  1   31.7301   20.5266   15.8243    8.7262    1.9822    0.8891    0.0291    0.0029    5.5803    4.7897  0.2779E+01  0.7651E+03 -0.8520E-06 -0.9223E-07  0.1000E-09  0.1000E-09  0.6034E-09  0.1000E-09  0.7906E+04  0.0000E+00
    4.7226  1  1   31.7278   20.5264   15.8243    8.7262    1.9904    0.8892    0.0297    0.0029    5.5806    4.7898  0.2673E+01  0.7646E+03 -0.9455E-06 -0.9229E-07  0.1000E-09  0.1000E-09  0.6151E-09  0.1000E-09  0.7907E+04  0.0000E+00
    4.7250  1  1   31.7254   20.5262   15.8243    8.7262    1.9988    0.8893    0.0302    0.0029    5.5809    4.7899  0.2569E+01  0.7641E+03 -0.1004E-05 -0.9222E-07  0.1000E-09  0.1000E-09  0.6271E-09  0.1000E-09  0.7907E+04  0.0000E+00
    4.7274  1  1   31.7228   20.5259   15.8243    8.7262    2.0072    0.8894    0.0308    0.0029    5.5811    4.7900  0.2470E+01  0.7636E+03 -0.1061E-05 -0.9216E-07  0.1000E-09  0.1000E-09  0.6395E-09  0.1000E-09  0.7907E+04  0.0000E+00
    4.7298  1  1   31.7201   20.5257   15.8243    8.7262    2.0161    0.8895    0.0315    0.0029    5.5814    4.7901  0.2369E+01  0.7631E+03 -0.1130E-05 -0.9208E-07  0.1000E-09  0.1000E-09  0.6528E-09  0.1000E-09  0.7908E+04  0.0000E+00
    4.7322  1  1   31.7172   20.5255   15.8243    8.7262    2.0253    0.8897    0.0321    0.0029    5.5817    4.7903  0.2268E+01  0.7626E+03 -0.1219E-05 -0.9198E-07  0.1000E-09  0.1000E-09  0.6669E-09  0.1000E-09  0.7908E+04  0.0000E+00
    4.7346  1  1   31.7140   20.5253   15.8243    8.7262    2.0351    0.8898    0.0329    0.0029    5.5820    4.7904  0.2165E+01  0.7621E+03 -0.1316E-05 -0.9186E-07  0.1000E-09  0.1000E-09  0.6824E-09  0.1000E-09  0.7909E+04  0.0000E+00
    4.7370  1  1   31.7106   20.5251   15.8243    8.7262    2.0458    0.8899    0.0337    0.0029    5.5823    4.7905  0.2058E+01  0.7616E+03 -0.1445E-05 -0.9171E-07  0.1000E-09  0.1000E-09  0.6995E-09  0.1000E-09  0.7909E+04  0.0000E+00
    4.7394  1  1   31.7068   20.5248   15.8243    8.7262    2.0569    0.8900    0.0346    0.0029    5.5826    4.7906  0.1953E+01  0.7611E+03 -0.1586E-05 -0.9153E-07  0.1000E-09  0.1000E-09  0.7178E-09  0.1000E-09  0.7910E+04  0.0000E+00
    4.7418  1  1   31.7025   20.5246   15.8243    8.7262    2.0689    0.8901    0.0355    0.0029    5.5828    4.7907  0.1845E+01  0.7606E+03 -0.1790E-05 -0.9128E-07  0.1000E-09  0.1000E-09  0.7381E-09  0.1000E-09  0.7911E+04  0.0000E+00
    4.7442  1  1   31.6977   20.5244   15.8243    8.7262    2.0809    0.8903    0.0365    0.0029    5.5831    4.7908  0.1743E+01  0.7601E+03 -0.1979E-05 -0.9101E-07  0.1000E-09  0.1000E-09  0.7591E-09  0.1000E-09  0.7911E+04  0.0000E+00
    4.7466  1  1   31.6924   20.5242   15.8243    8.7262    2.0933    0.8904    0.0376    0.0029    5.5834    4.7909  0.1644E+01  0.7596E+03 -0.2220E-05 -0.9067E-07  0.1000E-09  0.1000E-09  0.7811E-09  0.1000E-09  0.7912E+04  0.0000E+00
    4.7490  1  1   31.6866   20.5240   15.8243    8.7262    2.1056    0.8905    0.0386    0.0029    5.5837    4.7910  0.1549E+01  0.7591E+03 -0.2432E-05 -0.9032E-07  0.1000E-09  0.1000E-09  0.8040E-09  0.1000E-09  0.7913E+04  0.0000E+00
    4.7514  1  1   31.6802   20.5238   15.8243    8.7262    2.1183    0.8906    0.0398    0.0029    5.5840    4.7912  0.1458E+01  0.7586E+03 -0.2657E-05 -0.8992E-07  0.1000E-09  0.1000E-09  0.8281E-09  0.1000E-09  0.7914E+04  0.0000E+00
    4.7538  1  1   31.6733   20.5235   15.8243    8.7262    2.1309    0.8907    0.0410    0.0029    5.5843    4.7913  0.1372E+01  0.7581E+03 -0.2858E-05 -0.8962E-07  0.1000E-09  0.1000E-09  0.8530E-09  0.1000E-09  0.7915E+04  0.0000E+00
    4.7562  1  1   31.6659   20.5233   15.8243    8.7262    2.1439    0.8908    0.0422    0.0029    5.5846    4.7914  0.1290E+01  0.7576E+03 -0.3095E-05 -0.8938E-07  0.1000E-09  0.1000E-09  0.8791E-09  0.1000E-09  0.7916E+04  0.0000E+00
    4.7586  1  1   31.6579   20.5231   15.8243    8.7262    2.1568    0.8910    0.0435    0.0029    5.5849    4.7915  0.1212E+01  0.7571E+03 -0.3333E-05 -0.8909E-07  0.1000E-09  0.1000E-09  0.9061E-09  0.1000E-09  0.7918E+04  0.0000E+00
    4.7610  1  1   31.6494   20.5229   15.8243    8.7262    2.1709    0.8911    0.0449    0.0029    5.5851    4.7916  0.1132E+01  0.7566E+03 -0.3556E-05 -0.8878E-07  0.1000E-09  0.1000E-09  0.9365E-09  0.1000E-09  0.7919E+04  0.0000E+00
    4.7634  1  1   31.6402   20.5227   15.8243    8.7262    2.1851    0.8912    0.0464    0.0029    5.5854    4.7917  0.1057E+01  0.7561E+03 -0.3807E-05 -0.8834E-07  0.1000E-09  0.1000E-09  0.9683E-09  0.1000E-09  0.7920E+04  0.0000E+00
    4.7658  1  1   31.6304   20.5225   15.8243    8.7262    2.2010    0.8913    0.0481    0.0029    5.5857    4.7918  0.9788E+00  0.7556E+03 -0.4094E-05 -0.8778E-07  0.1000E-09  0.1000E-09  0.1005E-08  0.1000E-09  0.7922E+04  0.0000E+00
    4.7682  1  1   31.6198   20.5223   15.8243    8.7262    2.2173    0.8915    0.0499    0.0029    5.5860    4.7920  0.9045E+00  0.7551E+03 -0.4427E-05 -0.8702E-07  0.1000E-09  0.1000E-09  0.1044E-08  0.1000E-09  0.7923E+04  0.0000E+00
    4.7706  1  1   31.6083   20.5221   15.8243    8.7262    2.2352    0.8916    0.0520    0.0029    5.5863    4.7921  0.8296E+00  0.7546E+03 -0.4798E-05 -0.8607E-07  0.1000E-09  0.1000E-09  0.1089E-08  0.1000E-09  0.7925E+04  0.0000E+00
    4.7730  1  1   31.5957   20.5219   15.8243    8.7262    2.2538    0.8917    0.0543    0.0029    5.5865    4.7922  0.7579E+00  0.7541E+03 -0.5244E-05 -0.8455E-07  0.1000E-09  0.1000E-09  0.1137E-08  0.1000E-09  0.7927E+04  0.0000E+00
    4.7754  1  1   31.5821   20.5217   15.8243    8.7262    2.2733    0.8918    0.0568    0.0029    5.5868    4.7923  0.6895E+00  0.7536E+03 -0.5683E-05 -0.8280E-07  0.1000E-09  0.1000E-09  0.1191E-08  0.1000E-09  0.7929E+04  0.0000E+00
    4.7778  1  1   31.5672   20.5215   15.8243    8.7262    2.2934    0.8919    0.0595    0.0029    5.5871    4.7924  0.6252E+00  0.7531E+03 -0.6207E-05 -0.8059E-07  0.1000E-09  0.1000E-09  0.1248E-08  0.1000E-09  0.7932E+04  0.0000E+00
    4.7802  1  1   31.5512   20.5213   15.8243    8.7262    2.3136    0.8921    0.0623    0.0029    5.5874    4.7925  0.5664E+00  0.7526E+03 -0.6671E-05 -0.7821E-07  0.1000E-09  0.1000E-09  0.1309E-08  0.1000E-09  0.7934E+04  0.0000E+00
    4.7826  1  1   31.5339   20.5211   15.8243    8.7262    2.3339    0.8922    0.0652    0.0029    5.5876    4.7926  0.5126E+00  0.7521E+03 -0.7190E-05 -0.7537E-07  0.1000E-09  0.1000E-09  0.1373E-08  0.1000E-09  0.7937E+04  0.0000E+00
    4.7850  1  1   31.5156   20.5209   15.8243    8.7262    2.3540    0.8923    0.0683    0.0029    5.5879    4.7928  0.4642E+00  0.7516E+03 -0.7616E-05 -0.7244E-07  0.1000E-09  0.1000E-09  0.1440E-08  0.1000E-09  0.7939E+04  0.0000E+00
    4.7874  1  1   31.4964   20.5208   15.8243    8.7262    2.3738    0.8924    0.0715    0.0029    5.5882    4.7929  0.4208E+00  0.7511E+03 -0.8030E-05 -0.6920E-07  0.1000E-09  0.1000E-09  0.1509E-08  0.1000E-09  0.7942E+04  0.0000E+00
    4.7898  1  1   31.4761   20.5206   15.8243    8.7262    2.3937    0.8925    0.0748    0.0029    5.5885    4.7930  0.3810E+00  0.7506E+03 -0.8424E-05 -0.6570E-07  0.1000E-09  0.1000E-09  0.1582E-08  0.1000E-09  0.7945E+04  0.0000E+00
    4.7922  1  1   31.4546   20.5205   15.8243    8.7262    2.4141    0.8927    0.0784    0.0029    5.5887    4.7931  0.3442E+00  0.7501E+03 -0.8954E-05 -0.6127E-07  0.1000E-09  0.1000E-09  0.1660E-08  0.1000E-09  0.7949E+04  0.0000E+00
    4.7946  1  1   31.4320   20.5203   15.8243    8.7262    2.4347    0.8928    0.0822    0.0029    5.5890    4.7932  0.3105E+00  0.7496E+03 -0.9432E-05 -0.5646E-07  0.1000E-09  0.1000E-09  0.1743E-08  0.1000E-09  0.7952E+04  0.0000E+00
    4.7970  1  1   31.4080   20.5202   15.8243    8.7262    2.4568    0.8929    0.0865    0.0029    5.5893    4.7933  0.2780E+00  0.7491E+03 -0.1002E-04 -0.5056E-07  0.1000E-09  0.1000E-09  0.1837E-08  0.1000E-09  0.7956E+04  0.0000E+00
    4.7994  2  1   31.3827   20.5201   15.8243    8.7262    2.4789    0.8930    0.0909    0.0029    5.5895    4.7934  0.2488E+00  0.7486E+03 -0.1055E-04 -0.4396E-07  0.1000E-09  0.1000E-09  0.1928E-08  0.1000E-09  0.7959E+04  0.0000E+00
    4.7999  2  1   31.3767   20.5201   15.8243    8.7262    2.4845    0.8931    0.0921    0.0029    5.5896    4.7935  0.2419E+00  0.7485E+03 -0.1118E-04 -0.3601E-07  0.1000E-09  0.1000E-09  0.1954E-08  0.1000E-09  0.7960E+04  0.0000E+00
    4.8004  2  1   31.3704   20.5201   15.8243    8.7262    2.4901    0.8931    0.0933    0.0029    5.5896    4.7935  0.2352E+00  0.7484E+03 -0.1181E-04 -0.3131E-07  0.1000E-09  0.1000E-09  0.1980E-08  0.1000E-09  0.7961E+04  0.0000E+00
    4.8010  2  1   31.3641   20.5200   15.8243    8.7262    2.4957    0.8931    0.0945    0.0029    5.5897    4.7935  0.2287E+00  0.7483E+03 -0.1181E-04 -0.2991E-07  0.1000E-09  0.1000E-09  0.2007E-08  0.1000E-09  0.7962E+04  0.0000E+00
    4.8015  2  1   31.3578   20.5200   15.8243    8.7262    2.5013    0.8931    0.0957    0.0029    5.5898    4.7935  0.2224E+00  0.7482E+03 -0.1181E-04 -0.2849E-07  0.1000E-09  0.1000E-09  0.2034E-08  0.1000E-09  0.7963E+04  0.0000E+00
    4.8020  2  1   31.3515   20.5200   15.8243    8.7262    2.5069    0.8932    0.0969    0.0029    5.5898    4.7936  0.2162E+00  0.7481E+03 -0.1181E-04 -0.2703E-07  0.1000E-09  0.1000E-09  0.2061E-08  0.1000E-09  0.7964E+04  0.0000E+00
    4.8026  2  1   31.3452   20.5200   15.8243    8.7262    2.5125    0.8932    0.0982    0.0029    5.5899    4.7936  0.2103E+00  0.7480E+03 -0.1181E-04 -0.2555E-07  0.1000E-09  0.1000E-09  0.2089E-08  0.1000E-09  0.7965E+04  0.0000E+00
    4.8031  2  1   31.3389   20.5200   15.8243    8.7262    2.5181    0.8932    0.0995    0.0029    5.5899    4.7936  0.2044E+00  0.7479E+03 -0.1181E-04 -0.2403E-07  0.1000E-09  0.1000E-09  0.2117E-08  0.1000E-09  0.7966E+04  0.0000E+00
    4.8036  2  1   31.3326   20.5200   15.8243    8.7262    2.5237    0.8933    0.1007    0.0029    5.5900    4.7936  0.1988E+00  0.7478E+03 -0.1181E-04 -0.2249E-07  0.1000E-09  0.1000E-09  0.2145E-08  0.1000E-09  0.7967E+04  0.0000E+00
    4.8042  2  1   31.3263   20.5200   15.8243    8.7262    2.5293    0.8933    0.1020    0.0029    5.5901    4.7937  0.1933E+00  0.7477E+03 -0.1181E-04 -0.2091E-07  0.1000E-09  0.1000E-09  0.2174E-08  0.1000E-09  0.7968E+04  0.0000E+00
    4.8047  2  1   31.3198   20.5200   15.8243    8.7262    2.5353    0.8933    0.1035    0.0029    5.5901    4.7937  0.1875E+00  0.7476E+03 -0.1222E-04 -0.1666E-07  0.1000E-09  0.1000E-09  0.2206E-08  0.1000E-09  0.7969E+04  0.0000E+00
    4.8052  2  1   31.3129   20.5199   15.8243    8.7262    2.5418    0.8933    0.1050    0.0029    5.5902    4.7937  0.1815E+00  0.7475E+03 -0.1306E-04 -0.9351E-08  0.1000E-09  0.1000E-09  0.2240E-08  0.1000E-09  0.7970E+04  0.0000E+00
    4.8058  2  1   31.3057   20.5199   15.8243    8.7262    2.5484    0.8934    0.1066    0.0029    5.5902    4.7937  0.1757E+00  0.7474E+03 -0.1348E-04 -0.4341E-08  0.1000E-09  0.1000E-09  0.2275E-08  0.1000E-09  0.7971E+04  0.0000E+00
    4.8063  2  1   31.2985   20.5199   15.8243    8.7262    2.5549    0.8934    0.1082    0.0029    5.5903    4.7938  0.1700E+00  0.7473E+03 -0.1348E-04 -0.2049E-08  0.1000E-09  0.1000E-09  0.2311E-08  0.1000E-09  0.7972E+04  0.0000E+00
    4.8068  2  1   31.2913   20.5199   15.8243    8.7262    2.5614    0.8934    0.1098    0.0029    5.5903    4.7938  0.1645E+00  0.7472E+03 -0.1348E-04  0.2964E-09  0.1000E-09  0.1000E-09  0.2347E-08  0.1000E-09  0.7973E+04  0.0000E+00
    4.8074  2  1   31.2841   20.5199   15.8243    8.7262    2.5679    0.8934    0.1115    0.0029    5.5904    4.7938  0.1593E+00  0.7471E+03 -0.1348E-04  0.2696E-08  0.1000E-09  0.1000E-09  0.2384E-08  0.1000E-09  0.7974E+04  0.0000E+00
    4.8079  2  1   31.2769   20.5199   15.8243    8.7262    2.5745    0.8935    0.1132    0.0029    5.5905    4.7938  0.1541E+00  0.7470E+03 -0.1348E-04  0.5151E-08  0.1000E-09  0.1000E-09  0.2421E-08  0.1000E-09  0.7975E+04  0.0000E+00
    4.8084  2  1   31.2697   20.5200   15.8243    8.7262    2.5810    0.8935    0.1149    0.0029    5.5905    4.7939  0.1492E+00  0.7469E+03 -0.1348E-04  0.7662E-08  0.1000E-09  0.1000E-09  0.2459E-08  0.1000E-09  0.7976E+04  0.0000E+00
    4.8090  2  1   31.2626   20.5200   15.8243    8.7262    2.5875    0.8935    0.1166    0.0029    5.5906    4.7939  0.1444E+00  0.7467E+03 -0.1348E-04  0.1023E-07  0.1000E-09  0.1000E-09  0.2498E-08  0.1000E-09  0.7977E+04  0.0000E+00
    4.8095  2  1   31.2554   20.5200   15.8243    8.7262    2.5940    0.8936    0.1184    0.0029    5.5906    4.7939  0.1397E+00  0.7466E+03 -0.1348E-04  0.1286E-07  0.1000E-09  0.1000E-09  0.2537E-08  0.1000E-09  0.7978E+04  0.0000E+00
    4.8100  2  1   31.2477   20.5200   15.8243    8.7262    2.6006    0.8936    0.1202    0.0029    5.5907    4.7940  0.1352E+00  0.7465E+03 -0.1433E-04  0.2247E-07  0.1000E-09  0.1000E-09  0.2577E-08  0.1000E-09  0.7979E+04  0.0000E+00
    4.8106  2  1   31.2396   20.5200   15.8243    8.7262    2.6073    0.8936    0.1220    0.0029    5.5908    4.7940  0.1307E+00  0.7464E+03 -0.1527E-04  0.3340E-07  0.1000E-09  0.1000E-09  0.2618E-08  0.1000E-09  0.7981E+04  0.0000E+00
    4.8111  2  1   31.2313   20.5200   15.8243    8.7262    2.6141    0.8936    0.1239    0.0029    5.5908    4.7940  0.1263E+00  0.7463E+03 -0.1548E-04  0.3849E-07  0.1000E-09  0.1000E-09  0.2661E-08  0.1000E-09  0.7982E+04  0.0000E+00
    4.8116  2  1   31.2230   20.5200   15.8243    8.7262    2.6209    0.8937    0.1259    0.0029    5.5909    4.7940  0.1220E+00  0.7462E+03 -0.1569E-04  0.4378E-07  0.1000E-09  0.1000E-09  0.2705E-08  0.1000E-09  0.7983E+04  0.0000E+00
    4.8122  2  1   31.2145   20.5201   15.8243    8.7262    2.6278    0.8937    0.1279    0.0029    5.5909    4.7941  0.1178E+00  0.7461E+03 -0.1592E-04  0.4942E-07  0.1000E-09  0.1000E-09  0.2750E-08  0.1000E-09  0.7984E+04  0.0000E+00
    4.8127  2  1   31.2059   20.5201   15.8243    8.7262    2.6347    0.8937    0.1299    0.0029    5.5910    4.7941  0.1138E+00  0.7460E+03 -0.1614E-04  0.5530E-07  0.1000E-09  0.1000E-09  0.2795E-08  0.1000E-09  0.7986E+04  0.0000E+00
    4.8132  2  1   31.1972   20.5201   15.8243    8.7262    2.6420    0.8937    0.1321    0.0029    5.5910    4.7941  0.1097E+00  0.7459E+03 -0.1636E-04  0.6126E-07  0.1000E-09  0.1000E-09  0.2844E-08  0.1000E-09  0.7987E+04  0.0000E+00
    4.8138  2  1   31.1883   20.5202   15.8243    8.7262    2.6489    0.8938    0.1342    0.0029    5.5911    4.7941  0.1059E+00  0.7458E+03 -0.1661E-04  0.6795E-07  0.1000E-09  0.1000E-09  0.2892E-08  0.1000E-09  0.7988E+04  0.0000E+00
    4.8143  2  1   31.1794   20.5202   15.8243    8.7262    2.6559    0.8938    0.1364    0.0029    5.5912    4.7942  0.1022E+00  0.7457E+03 -0.1684E-04  0.7453E-07  0.1000E-09  0.1000E-09  0.2941E-08  0.1000E-09  0.7990E+04  0.0000E+00
    4.8148  2  1   31.1703   20.5202   15.8243    8.7262    2.6630    0.8938    0.1386    0.0029    5.5912    4.7942  0.9856E-01  0.7456E+03 -0.1708E-04  0.8141E-07  0.1000E-09  0.1000E-09  0.2991E-08  0.1000E-09  0.7991E+04  0.0000E+00
    4.8154  2  1   31.1610   20.5203   15.8243    8.7262    2.6702    0.8939    0.1409    0.0029    5.5913    4.7942  0.9501E-01  0.7455E+03 -0.1732E-04  0.8867E-07  0.1000E-09  0.1000E-09  0.3043E-08  0.1000E-09  0.7992E+04  0.0000E+00
    4.8159  2  1   31.1517   20.5203   15.8243    8.7262    2.6775    0.8939    0.1433    0.0029    5.5913    4.7942  0.9159E-01  0.7454E+03 -0.1756E-04  0.9629E-07  0.1000E-09  0.1000E-09  0.3096E-08  0.1000E-09  0.7994E+04  0.0000E+00
    4.8164  2  1   31.1422   20.5204   15.8243    8.7262    2.6848    0.8939    0.1457    0.0029    5.5914    4.7943  0.8824E-01  0.7453E+03 -0.1781E-04  0.1042E-06  0.1000E-09  0.1000E-09  0.3151E-08  0.1000E-09  0.7995E+04  0.0000E+00
    4.8170  2  1   31.1325   20.5205   15.8243    8.7262    2.6921    0.8939    0.1481    0.0029    5.5915    4.7943  0.8502E-01  0.7452E+03 -0.1807E-04  0.1126E-06  0.1000E-09  0.1000E-09  0.3207E-08  0.1000E-09  0.7996E+04  0.0000E+00
    4.8175  2  1   31.1228   20.5205   15.8243    8.7262    2.6996    0.8940    0.1507    0.0029    5.5915    4.7943  0.8182E-01  0.7451E+03 -0.1836E-04  0.1216E-06  0.1000E-09  0.1000E-09  0.3265E-08  0.1000E-09  0.7998E+04  0.0000E+00
    4.8180  2  1   31.1128   20.5206   15.8243    8.7262    2.7072    0.8940    0.1533    0.0029    5.5916    4.7943  0.7873E-01  0.7450E+03 -0.1861E-04  0.1306E-06  0.1000E-09  0.1000E-09  0.3325E-08  0.1000E-09  0.7999E+04  0.0000E+00
    4.8186  2  1   31.1028   20.5207   15.8243    8.7262    2.7148    0.8940    0.1560    0.0029    5.5916    4.7944  0.7574E-01  0.7449E+03 -0.1887E-04  0.1402E-06  0.1000E-09  0.1000E-09  0.3386E-08  0.1000E-09  0.8001E+04  0.0000E+00
    4.8191  2  1   31.0926   20.5207   15.8243    8.7262    2.7225    0.8940    0.1588    0.0028    5.5917    4.7944  0.7283E-01  0.7448E+03 -0.1917E-04  0.1505E-06  0.1000E-09  0.1000E-09  0.3449E-08  0.1000E-09  0.8002E+04  0.0000E+00
    4.8196  2  1   31.0822   20.5208   15.8243    8.7262    2.7302    0.8941    0.1616    0.0028    5.5918    4.7944  0.7001E-01  0.7447E+03 -0.1943E-04  0.1610E-06  0.1000E-09  0.1000E-09  0.3513E-08  0.1000E-09  0.8004E+04  0.0000E+00
    4.8202  2  1   31.0717   20.5209   15.8243    8.7262    2.7379    0.8941    0.1645    0.0028    5.5918    4.7944  0.6730E-01  0.7446E+03 -0.1973E-04  0.1722E-06  0.1000E-09  0.1000E-09  0.3579E-08  0.1000E-09  0.8005E+04  0.0000E+00
    4.8207  2  1   31.0610   20.5210   15.8243    8.7262    2.7456    0.8941    0.1674    0.0028    5.5919    4.7945  0.6469E-01  0.7446E+03 -0.2004E-04  0.1840E-06  0.1000E-09  0.1000E-09  0.3646E-08  0.1000E-09  0.8007E+04  0.0000E+00
    4.8212  2  1   31.0502   20.5211   15.8243    8.7302    2.7534    0.8943    0.1704    0.0028    5.5919    4.7949  0.6217E-01  0.7444E+03 -0.2033E-04  0.1959E-06  0.1000E-09  0.1000E-09  0.3714E-08  0.1000E-09  0.8008E+04  0.0000E+00
    4.8218  2  1   31.0392   20.5212   15.8243    8.7302    2.7614    0.8943    0.1736    0.0028    5.5920    4.7950  0.5967E-01  0.7443E+03 -0.2062E-04  0.2083E-06  0.1000E-09  0.1000E-09  0.3786E-08  0.1000E-09  0.8010E+04  0.0000E+00
    4.8223  2  1   31.0280   20.5214   15.8243    8.7302    2.7696    0.8943    0.1769    0.0028    5.5921    4.7950  0.5722E-01  0.7442E+03 -0.2093E-04  0.2217E-06  0.1000E-09  0.1000E-09  0.3861E-08  0.1000E-09  0.8011E+04  0.0000E+00
    4.8228  2  1   31.0167   20.5215   15.8243    8.7302    2.7779    0.8943    0.1803    0.0028    5.5921    4.7950  0.5485E-01  0.7441E+03 -0.2123E-04  0.2356E-06  0.1000E-09  0.1000E-09  0.3939E-08  0.1000E-09  0.8013E+04  0.0000E+00
    4.8234  2  1   31.0052   20.5216   15.8243    8.7302    2.7860    0.8944    0.1837    0.0028    5.5922    4.7950  0.5260E-01  0.7440E+03 -0.2151E-04  0.2498E-06  0.1000E-09  0.1000E-09  0.4016E-08  0.1000E-09  0.8015E+04  0.0000E+00
    4.8239  2  1   30.9936   20.5218   15.8243    8.7302    2.7942    0.8944    0.1871    0.0028    5.5922    4.7951  0.5044E-01  0.7439E+03 -0.2180E-04  0.2646E-06  0.1000E-09  0.1000E-09  0.4096E-08  0.1000E-09  0.8016E+04  0.0000E+00
    4.8244  2  1   30.9819   20.5219   15.8243    8.7302    2.8023    0.8944    0.1906    0.0028    5.5923    4.7951  0.4837E-01  0.7438E+03 -0.2208E-04  0.2798E-06  0.1000E-09  0.1000E-09  0.4177E-08  0.1000E-09  0.8018E+04  0.0000E+00
    4.8250  2  1   30.9699   20.5221   15.8243    8.7302    2.8107    0.8944    0.1943    0.0028    5.5924    4.7951  0.4634E-01  0.7438E+03 -0.2237E-04  0.2956E-06  0.1000E-09  0.1000E-09  0.4261E-08  0.1000E-09  0.8019E+04  0.0000E+00
    4.8255  2  1   30.9579   20.5222   15.8243    8.7302    2.8193    0.8945    0.1982    0.0028    5.5924    4.7951  0.4434E-01  0.7437E+03 -0.2266E-04  0.3123E-06  0.1000E-09  0.1000E-09  0.4351E-08  0.1000E-09  0.8021E+04  0.0000E+00
    4.8260  2  1   30.9456   20.5224   15.8243    8.7302    2.8280    0.8945    0.2022    0.0028    5.5925    4.7952  0.4240E-01  0.7436E+03 -0.2295E-04  0.3300E-06  0.1000E-09  0.1000E-09  0.4442E-08  0.1000E-09  0.8023E+04  0.0000E+00
    4.8266  2  1   30.9332   20.5226   15.8243    8.7302    2.8369    0.8945    0.2063    0.0028    5.5925    4.7952  0.4051E-01  0.7435E+03 -0.2330E-04  0.3495E-06  0.1000E-09  0.1000E-09  0.4538E-08  0.1000E-09  0.8025E+04  0.0000E+00
    4.8271  2  1   30.9206   20.5228   15.8243    8.7302    2.8459    0.8946    0.2106    0.0028    5.5926    4.7952  0.3867E-01  0.7434E+03 -0.2365E-04  0.3701E-06  0.1000E-09  0.1000E-09  0.4638E-08  0.1000E-09  0.8026E+04  0.0000E+00
    4.8276  2  1   30.9078   20.5230   15.8243    8.7302    2.8550    0.8946    0.2150    0.0028    5.5927    4.7952  0.3692E-01  0.7433E+03 -0.2395E-04  0.3906E-06  0.1000E-09  0.1000E-09  0.4739E-08  0.1000E-09  0.8028E+04  0.0000E+00
    4.8282  2  1   30.8949   20.5232   15.8243    8.7302    2.8641    0.8946    0.2196    0.0028    5.5927    4.7953  0.3522E-01  0.7432E+03 -0.2428E-04  0.4126E-06  0.1000E-09  0.1000E-09  0.4845E-08  0.1000E-09  0.8030E+04  0.0000E+00
    4.8287  2  1   30.8818   20.5235   15.8243    8.7302    2.8733    0.8946    0.2243    0.0028    5.5928    4.7953  0.3360E-01  0.7432E+03 -0.2465E-04  0.4363E-06  0.1000E-09  0.1000E-09  0.4953E-08  0.1000E-09  0.8032E+04  0.0000E+00
    4.8292  2  1   30.8685   20.5237   15.8243    8.7302    2.8827    0.8947    0.2291    0.0028    5.5928    4.7953  0.3202E-01  0.7431E+03 -0.2497E-04  0.4602E-06  0.1000E-09  0.1000E-09  0.5065E-08  0.1000E-09  0.8033E+04  0.0000E+00
    4.8298  2  1   30.8549   20.5240   15.8243    8.7302    2.8925    0.8947    0.2343    0.0028    5.5929    4.7953  0.3044E-01  0.7430E+03 -0.2535E-04  0.4863E-06  0.1000E-09  0.1000E-09  0.5186E-08  0.1000E-09  0.8035E+04  0.0000E+00
    4.8303  2  1   30.8412   20.5242   15.8243    8.7302    2.9023    0.8947    0.2396    0.0028    5.5930    4.7954  0.2895E-01  0.7429E+03 -0.2576E-04  0.5154E-06  0.1000E-09  0.1000E-09  0.5310E-08  0.1000E-09  0.8037E+04  0.0000E+00
    4.8308  2  1   30.8273   20.5245   15.8243    8.7321    2.9122    0.8948    0.2451    0.0028    5.5930    4.7956  0.2752E-01  0.7428E+03 -0.2615E-04  0.5449E-06  0.1000E-09  0.1000E-09  0.5437E-08  0.1000E-09  0.8039E+04  0.0000E+00
    4.8314  2  1   30.8131   20.5248   15.8243    8.7321    2.9221    0.8948    0.2508    0.0028    5.5931    4.7956  0.2614E-01  0.7427E+03 -0.2656E-04  0.5763E-06  0.1000E-09  0.1000E-09  0.5568E-08  0.1000E-09  0.8041E+04  0.0000E+00
    4.8319  2  1   30.7987   20.5252   15.8243    8.7321    2.9320    0.8948    0.2565    0.0028    5.5931    4.7956  0.2485E-01  0.7427E+03 -0.2697E-04  0.6091E-06  0.1000E-09  0.1000E-09  0.5702E-08  0.1000E-09  0.8043E+04  0.0000E+00
    4.8324  2  1   30.7841   20.5255   15.8243    8.7321    2.9423    0.8949    0.2626    0.0028    5.5931    4.7957  0.2356E-01  0.7426E+03 -0.2738E-04  0.6430E-06  0.1000E-09  0.1000E-09  0.5845E-08  0.1000E-09  0.8045E+04  0.0000E+00
    4.8330  2  1   30.7693   20.5259   15.8243    8.7321    2.9528    0.8949    0.2690    0.0028    5.5932    4.7957  0.2232E-01  0.7425E+03 -0.2785E-04  0.6808E-06  0.1000E-09  0.1000E-09  0.5994E-08  0.1000E-09  0.8047E+04  0.0000E+00
    4.8335  2  1   30.7542   20.5262   15.8243    8.7321    2.9636    0.8949    0.2757    0.0028    5.5932    4.7957  0.2112E-01  0.7425E+03 -0.2830E-04  0.7206E-06  0.1000E-09  0.1000E-09  0.6151E-08  0.1000E-09  0.8049E+04  0.0000E+00
    4.8340  2  1   30.7389   20.5266   15.8243    8.7321    2.9747    0.8950    0.2828    0.0028    5.5933    4.7958  0.1995E-01  0.7424E+03 -0.2874E-04  0.7618E-06  0.1000E-09  0.1000E-09  0.6317E-08  0.1000E-09  0.8051E+04  0.0000E+00
    4.8346  2  1   30.7234   20.5271   15.8243    8.7321    2.9866    0.8950    0.2907    0.0028    5.5935    4.7958  0.1878E-01  0.7423E+03 -0.2917E-04  0.8056E-06  0.1000E-09  0.1000E-09  0.6500E-08  0.1000E-09  0.8053E+04  0.0000E+00
    4.8351  2  1   30.7076   20.5275   15.8243    8.7321    2.9987    0.8950    0.2988    0.0028    5.5936    4.7958  0.1765E-01  0.7423E+03 -0.2965E-04  0.8551E-06  0.1000E-09  0.1000E-09  0.6690E-08  0.1000E-09  0.8055E+04  0.0000E+00
    4.8356  2  1   30.6915   20.5280   15.8243    8.7321    3.0105    0.8950    0.3070    0.0028    5.5937    4.7958  0.1661E-01  0.7422E+03 -0.3018E-04  0.9092E-06  0.1000E-09  0.1000E-09  0.6883E-08  0.1000E-09  0.8057E+04  0.0000E+00
    4.8362  2  1   30.6751   20.5285   15.8243    8.7369    3.0228    0.8952    0.3158    0.0028    5.5938    4.7964  0.1560E-01  0.7421E+03 -0.3074E-04  0.9659E-06  0.1000E-09  0.1000E-09  0.7088E-08  0.1000E-09  0.8059E+04  0.0000E+00
    4.8367  2  1   30.6584   20.5291   15.8243    8.7369    3.0348    0.8952    0.3246    0.0028    5.5940    4.7964  0.1467E-01  0.7420E+03 -0.3131E-04  0.1027E-05  0.1000E-09  0.1000E-09  0.7296E-08  0.1000E-09  0.8061E+04  0.0000E+00
    4.8372  2  1   30.6415   20.5297   15.8243    8.7369    3.0467    0.8952    0.3336    0.0028    5.5941    4.7964  0.1380E-01  0.7420E+03 -0.3181E-04  0.1087E-05  0.1000E-09  0.1000E-09  0.7507E-08  0.1000E-09  0.8063E+04  0.0000E+00
    4.8378  2  1   30.6242   20.5303   15.8243    8.7369    3.0566    0.8953    0.3413    0.0028    5.5940    4.7965  0.1309E-01  0.7419E+03 -0.3241E-04  0.1154E-05  0.1000E-09  0.1000E-09  0.7690E-08  0.1000E-09  0.8065E+04  0.0000E+00
    4.8383  2  1   30.6066   20.5309   15.8243    8.7369    3.0663    0.8953    0.3489    0.0028    5.5939    4.7965  0.1244E-01  0.7419E+03 -0.3305E-04  0.1217E-05  0.1000E-09  0.1000E-09  0.7872E-08  0.1000E-09  0.8067E+04  0.0000E+00
    4.8388  2  1   30.5887   20.5316   15.8243    8.7369    3.0771    0.8953    0.3576    0.0028    5.5940    4.7965  0.1175E-01  0.7418E+03 -0.3355E-04  0.1276E-05  0.1000E-09  0.1000E-09  0.8080E-08  0.1000E-09  0.8069E+04  0.0000E+00
    4.8394  2  1   30.5706   20.5323   15.8243    8.7369    3.0877    0.8953    0.3664    0.0028    5.5940    4.7965  0.1112E-01  0.7418E+03 -0.3400E-04  0.1339E-05  0.1000E-09  0.1000E-09  0.8290E-08  0.1000E-09  0.8071E+04  0.0000E+00
    4.8399  2  1   30.5522   20.5331   15.8243    8.7395    3.0984    0.8954    0.3755    0.0028    5.5941    4.7968  0.1051E-01  0.7417E+03 -0.3450E-04  0.1407E-05  0.1000E-09  0.1000E-09  0.8507E-08  0.1000E-09  0.8074E+04  0.0000E+00
    4.8404  2  1   30.5335   20.5339   15.8243    8.7395    3.1095    0.8955    0.3852    0.0028    5.5941    4.7969  0.9912E-02  0.7416E+03 -0.3508E-04  0.1480E-05  0.1000E-09  0.1000E-09  0.8740E-08  0.1000E-09  0.8076E+04  0.0000E+00
    4.8410  2  1   30.5144   20.5347   15.8243    8.7395    3.1186    0.8955    0.3933    0.0028    5.5940    4.7969  0.9436E-02  0.7416E+03 -0.3575E-04  0.1563E-05  0.1000E-09  0.1000E-09  0.8937E-08  0.1000E-09  0.8078E+04  0.0000E+00
    4.8415  2  1   30.4950   20.5356   15.8243    8.7395    3.1290    0.8955    0.4027    0.0028    5.5939    4.7969  0.8929E-02  0.7416E+03 -0.3640E-04  0.1638E-05  0.1000E-09  0.1000E-09  0.9164E-08  0.1000E-09  0.8080E+04  0.0000E+00
    4.8420  2  1   30.4754   20.5365   15.8243    8.7395    3.1409    0.8955    0.4138    0.0028    5.5941    4.7970  0.8390E-02  0.7415E+03 -0.3680E-04  0.1710E-05  0.1000E-09  0.1000E-09  0.9432E-08  0.1000E-09  0.8082E+04  0.0000E+00
    4.8426  2  1   30.4555   20.5374   15.8243    8.7417    3.1533    0.8956    0.4259    0.0028    5.5942    4.7972  0.7861E-02  0.7415E+03 -0.3743E-04  0.1804E-05  0.1000E-09  0.1000E-09  0.9720E-08  0.1000E-09  0.8085E+04  0.0000E+00
    4.8431  2  1   30.4351   20.5385   15.8243    8.7417    3.1637    0.8957    0.4360    0.0028    5.5941    4.7972  0.7437E-02  0.7414E+03 -0.3823E-04  0.1914E-05  0.1000E-09  0.1000E-09  0.9968E-08  0.1000E-09  0.8087E+04  0.0000E+00
    4.8436  2  1   30.4144   20.5395   15.8243    8.7417    3.1758    0.8957    0.4484    0.0028    5.5941    4.7973  0.6975E-02  0.7414E+03 -0.3887E-04  0.2008E-05  0.4972E-07  0.1000E-09  0.5105E-05  0.1000E-09  0.8089E+04  0.0000E+00
    4.8442  2  1   30.3933   20.5407   15.8243    8.7417    3.1896    0.8957    0.4628    0.0028    5.5943    4.7973  0.6498E-02  0.7414E+03 -0.3961E-04  0.2122E-05  0.4609E-04  0.1000E-09  0.4891E-02  0.1000E-09  0.8091E+04  0.0000E+00
    4.8447  2  1   30.3717   20.5419   15.8243    8.7441    3.2035    0.8958    0.4777    0.0028    5.5944    4.7976  0.6112E-02  0.7414E+03 -0.4042E-04  0.2255E-05  0.7916E-03  0.1000E-09  0.8687E-01  0.1000E-09  0.8094E+04  0.0000E+00
    4.8452  2  1   30.3497   20.5431   15.8243    8.7441    3.2112    0.8958    0.4863    0.0028    5.5944    4.7976  0.6056E-02  0.7413E+03 -0.4129E-04  0.2398E-05  0.2363E-02  0.1000E-09  0.2643E+00  0.1000E-09  0.8096E+04  0.0000E+00
    4.8457  2  1   30.3272   20.5445   15.8243    8.7441    3.2111    0.8958    0.4861    0.0028    5.5942    4.7976  0.6347E-02  0.7413E+03 -0.4220E-04  0.2508E-05  0.2359E-02  0.1000E-09  0.2643E+00  0.1000E-09  0.8098E+04  0.0000E+00
    4.8463  2  1   30.3043   20.5458   15.8243    8.7459    3.2111    0.8959    0.4861    0.0028    5.5942    4.7979  0.6631E-02  0.7413E+03 -0.4309E-04  0.2564E-05  0.2355E-02  0.1000E-09  0.2643E+00  0.1000E-09  0.8100E+04  0.0000E+00
    4.8468  2  1   30.2808   20.5472   15.8243    8.7459    3.2110    0.8959    0.4859    0.0028    5.5940    4.7979  0.6914E-02  0.7414E+03 -0.4404E-04  0.2625E-05  0.2351E-02  0.1000E-09  0.2642E+00  0.1000E-09  0.8102E+04  0.0000E+00
    4.8473  2  1   30.2568   20.5487   15.8243    8.7459    3.2109    0.8960    0.4858    0.0028    5.5939    4.7979  0.7191E-02  0.7414E+03 -0.4499E-04  0.2687E-05  0.2348E-02  0.1000E-09  0.2642E+00  0.1000E-09  0.8105E+04  0.0000E+00
    4.8479  2  1   30.2323   20.5501   15.8243    8.7484    3.2108    0.8961    0.4856    0.0028    5.5937    4.7982  0.7464E-02  0.7414E+03 -0.4591E-04  0.2746E-05  0.2344E-02  0.1000E-09  0.2641E+00  0.1000E-09  0.8107E+04  0.0000E+00
    4.8484  2  1   30.2073   20.5516   15.8243    8.7484    3.2107    0.8961    0.4855    0.0028    5.5935    4.7982  0.7731E-02  0.7415E+03 -0.4689E-04  0.2809E-05  0.2340E-02  0.1000E-09  0.2640E+00  0.1000E-09  0.8109E+04  0.0000E+00
    4.8489  2  1   30.1818   20.5532   15.8243    8.7484    3.2105    0.8961    0.4852    0.0028    5.5930    4.7983  0.7998E-02  0.7416E+03 -0.4789E-04  0.2874E-05  0.2335E-02  0.1000E-09  0.2639E+00  0.1000E-09  0.8112E+04  0.0000E+00
    4.8495  2  1   30.1558   20.5547   15.8243    8.7511    3.2102    0.8962    0.4847    0.0028    5.5923    4.7986  0.8265E-02  0.7416E+03 -0.4891E-04  0.2939E-05  0.2331E-02  0.1000E-09  0.2637E+00  0.1000E-09  0.8114E+04  0.0000E+00
    4.8500  2  1   30.1291   20.5563   15.8243    8.7511    3.2095    0.8962    0.4839    0.0028    5.5910    4.7986  0.8537E-02  0.7417E+03 -0.4993E-04  0.3003E-05  0.2327E-02  0.1000E-09  0.2633E+00  0.1000E-09  0.8117E+04  0.0000E+00
    4.8505  2  1   30.1020   20.5580   15.8243    8.7511    3.2087    0.8963    0.4829    0.0028    5.5893    4.7986  0.8808E-02  0.7418E+03 -0.5102E-04  0.3069E-05  0.2322E-02  0.1000E-09  0.2628E+00  0.1000E-09  0.8119E+04  0.0000E+00
    4.8511  2  1   30.0741   20.5596   15.8243    8.7540    3.2081    0.8964    0.4822    0.0028    5.5882    4.7990  0.9060E-02  0.7419E+03 -0.5234E-04  0.3148E-05  0.2318E-02  0.1000E-09  0.2624E+00  0.1000E-09  0.8122E+04  0.0000E+00
    4.8516  2  1   30.0453   20.5614   15.8243    8.7540    3.2080    0.8964    0.4821    0.0028    5.5881    4.7990  0.9280E-02  0.7421E+03 -0.5397E-04  0.3248E-05  0.2313E-02  0.1000E-09  0.2624E+00  0.1000E-09  0.8125E+04  0.0000E+00
    4.8521  2  1   30.0154   20.5632   15.8243    8.7540    3.2084    0.8964    0.4824    0.0028    5.5887    4.7990  0.9476E-02  0.7423E+03 -0.5600E-04  0.3378E-05  0.2308E-02  0.1000E-09  0.2626E+00  0.1000E-09  0.8128E+04  0.0000E+00
    4.8527  2  1   29.9845   20.5650   15.8243    8.7572    3.2096    0.8965    0.4837    0.0028    5.5911    4.7994  0.9629E-02  0.7424E+03 -0.5812E-04  0.3518E-05  0.2303E-02  0.1000E-09  0.2633E+00  0.1000E-09  0.8131E+04  0.0000E+00
    4.8527  4  1   29.9845   20.5650   15.8243    8.7572    3.2096    0.8965    0.4837    0.0028    5.5911    4.7994  0.9629E-02  0.7424E+03  0.2276E-11 -0.9637E-07  0.4607E-02  0.1000E-09  0.5267E+00  0.1000E-09  0.8131E+04  0.0000E+00
    4.8575  4  1   29.7096   20.5818   15.8243    8.7647    3.2116    0.8970    0.4854    0.0028    5.5953    4.8005  0.8469E-02  0.7441E+03 -0.5710E-04  0.3471E-05  0.1000E-09  0.1000E-09  0.1172E-07  0.1000E-09  0.8159E+04  0.0000E+00
    4.8623  4  1   29.4300   20.5991   15.8243    8.7744    3.2117    0.8974    0.4848    0.0028    5.5955    4.8017  0.7480E-02  0.7454E+03 -0.5810E-04  0.3599E-05  0.1000E-09  0.1000E-09  0.1196E-07  0.1000E-09  0.8188E+04  0.0000E+00
    4.8671  4  1   29.1942   20.6138   15.8243    8.7826    3.2117    0.8979    0.4843    0.0028    5.5954    4.8029  0.6733E-02  0.7460E+03 -0.4898E-04  0.3060E-05  0.1000E-09  0.1000E-09  0.1217E-07  0.1000E-09  0.8213E+04  0.0000E+00
    4.8719  4  1   29.0144   20.6250   15.8243    8.7889    3.2117    0.8983    0.4839    0.0027    5.5954    4.8038  0.6214E-02  0.7459E+03 -0.3736E-04  0.2337E-05  0.1000E-09  0.1000E-09  0.1233E-07  0.1000E-09  0.8232E+04  0.0000E+00
    4.8767  4  1   28.8978   20.6322   15.8243    8.7929    3.2117    0.8986    0.4836    0.0027    5.5954    4.8045  0.5901E-02  0.7455E+03 -0.2422E-04  0.1494E-05  0.1000E-09  0.1000E-09  0.1244E-07  0.1000E-09  0.8244E+04  0.0000E+00
    4.8816  4  1   28.8278   20.6364   15.8243    8.7952    3.2117    0.8989    0.4835    0.0027    5.5954    4.8050  0.5722E-02  0.7448E+03 -0.1453E-04  0.8627E-06  0.1000E-09  0.1000E-09  0.1251E-07  0.1000E-09  0.8251E+04  0.0000E+00
    4.8864  4  1   28.7809   20.6390   15.8243    8.7952    3.2117    0.8992    0.4834    0.0027    5.5954    4.8052  0.5606E-02  0.7440E+03 -0.9742E-05  0.5483E-06  0.1000E-09  0.1000E-09  0.1256E-07  0.1000E-09  0.8256E+04  0.0000E+00
    4.8912  4  1   28.7503   20.6406   15.8243    8.7993    3.2117    0.8995    0.4833    0.0027    5.5954    4.8059  0.5532E-02  0.7430E+03 -0.6364E-05  0.3253E-06  0.1000E-09  0.1000E-09  0.1259E-07  0.1000E-09  0.8259E+04  0.0000E+00
    4.8960  4  1   28.7307   20.6414   15.8243    8.7993    3.2117    0.8998    0.4832    0.0027    5.5953    4.8061  0.5485E-02  0.7421E+03 -0.4083E-05  0.1740E-06  0.1000E-09  0.1000E-09  0.1260E-07  0.1000E-09  0.8261E+04  0.0000E+00
    4.9008  4  1   28.7165   20.6419   15.8243    8.7993    3.2117    0.9000    0.4832    0.0027    5.5953    4.8064  0.5452E-02  0.7411E+03 -0.2939E-05  0.9805E-07  0.1000E-09  0.1000E-09  0.1262E-07  0.1000E-09  0.8263E+04  0.0000E+00
    4.9056  4  1   28.7041   20.6423   15.8243    8.7993    3.2116    0.9003    0.4831    0.0027    5.5953    4.8066  0.5423E-02  0.7401E+03 -0.2576E-05  0.7401E-07  0.1000E-09  0.1000E-09  0.1263E-07  0.1000E-09  0.8264E+04  0.0000E+00
    4.9104  4  1   28.6926   20.6426   15.8243    8.7993    3.2116    0.9006    0.4831    0.0027    5.5953    4.8068  0.5397E-02  0.7391E+03 -0.2395E-05  0.6206E-07  0.1000E-09  0.1000E-09  0.1264E-07  0.1000E-09  0.8265E+04  0.0000E+00
    4.9152  4  1   28.6817   20.6428   15.8243    8.8036    3.2116    0.9009    0.4830    0.0027    5.5953    4.8075  0.5372E-02  0.7381E+03 -0.2264E-05  0.5336E-07  0.1000E-09  0.1000E-09  0.1265E-07  0.1000E-09  0.8267E+04  0.0000E+00
    4.9201  4  1   28.6714   20.6430   15.8243    8.8036    3.2116    0.9012    0.4830    0.0027    5.5952    4.8078  0.5348E-02  0.7371E+03 -0.2149E-05  0.4554E-07  0.1000E-09  0.1000E-09  0.1266E-07  0.1000E-09  0.8268E+04  0.0000E+00
    4.9249  4  1   28.6615   20.6432   15.8243    8.8036    3.2116    0.9014    0.4829    0.0027    5.5952    4.8080  0.5326E-02  0.7361E+03 -0.2055E-05  0.3916E-07  0.1000E-09  0.1000E-09  0.1267E-07  0.1000E-09  0.8269E+04  0.0000E+00
    4.9297  4  1   28.6519   20.6434   15.8243    8.8036    3.2116    0.9017    0.4829    0.0027    5.5952    4.8082  0.5305E-02  0.7351E+03 -0.1987E-05  0.3454E-07  0.1000E-09  0.1000E-09  0.1268E-07  0.1000E-09  0.8270E+04  0.0000E+00
    4.9345  4  1   28.6426   20.6435   15.8243    8.8036    3.2116    0.9019    0.4829    0.0027    5.5951    4.8085  0.5284E-02  0.7341E+03 -0.1928E-05  0.3047E-07  0.1000E-09  0.1000E-09  0.1269E-07  0.1000E-09  0.8271E+04  0.0000E+00
    4.9393  4  1   28.6336   20.6437   15.8243    8.8036    3.2116    0.9022    0.4828    0.0027    5.5951    4.8087  0.5264E-02  0.7331E+03 -0.1867E-05  0.2642E-07  0.1000E-09  0.1000E-09  0.1270E-07  0.1000E-09  0.8272E+04  0.0000E+00
    4.9441  4  1   28.6249   20.6438   15.8243    8.8036    3.2115    0.9024    0.4828    0.0028    5.5951    4.8089  0.5245E-02  0.7321E+03 -0.1810E-05  0.2267E-07  0.1000E-09  0.1000E-09  0.1271E-07  0.1000E-09  0.8273E+04  0.0000E+00
    4.9489  4  1   28.6164   20.6439   15.8243    8.8042    3.2115    0.9027    0.4827    0.0028    5.5951    4.8092  0.5226E-02  0.7311E+03 -0.1762E-05  0.1949E-07  0.1000E-09  0.1000E-09  0.1271E-07  0.1000E-09  0.8274E+04  0.0000E+00
    4.9538  4  1   28.6082   20.6439   15.8243    8.8042    3.2115    0.9030    0.4827    0.0028    5.5950    4.8095  0.5208E-02  0.7301E+03 -0.1715E-05  0.1636E-07  0.1000E-09  0.1000E-09  0.1272E-07  0.1000E-09  0.8275E+04  0.0000E+00
    4.9586  4  1   28.6001   20.6440   15.8243    8.8042    3.2115    0.9032    0.4827    0.0028    5.5950    4.8097  0.5191E-02  0.7291E+03 -0.1675E-05  0.1371E-07  0.1000E-09  0.1000E-09  0.1273E-07  0.1000E-09  0.8276E+04  0.0000E+00
    4.9634  4  1   28.5922   20.6441   15.8243    8.8042    3.2115    0.9035    0.4826    0.0028    5.5950    4.8099  0.5174E-02  0.7281E+03 -0.1636E-05  0.1119E-07  0.1000E-09  0.1000E-09  0.1274E-07  0.1000E-09  0.8277E+04  0.0000E+00
    4.9682  4  1   28.5846   20.6441   15.8243    8.8042    3.2115    0.9037    0.4826    0.0028    5.5949    4.8102  0.5157E-02  0.7271E+03 -0.1596E-05  0.8220E-08  0.1000E-09  0.1000E-09  0.1274E-07  0.1000E-09  0.8277E+04  0.0000E+00
    4.9730  4  1   28.5770   20.6441   15.8243    8.8042    3.2115    0.9040    0.4825    0.0028    5.5949    4.8104  0.5141E-02  0.7261E+03 -0.1564E-05  0.5605E-08  0.1000E-09  0.1000E-09  0.1275E-07  0.1000E-09  0.8278E+04  0.0000E+00
    4.9778  4  1   28.5696   20.6442   15.8243    8.8042    3.2114    0.9043    0.4825    0.0028    5.5949    4.8107  0.5125E-02  0.7251E+03 -0.1540E-05  0.3591E-08  0.1000E-09  0.1000E-09  0.1276E-07  0.1000E-09  0.8279E+04  0.0000E+00
    4.9826  4  1   28.5624   20.6442   15.8243    8.8042    3.2114    0.9045    0.4825    0.0028    5.5948    4.8109  0.5110E-02  0.7241E+03 -0.1507E-05  0.8805E-09  0.1000E-09  0.1000E-09  0.1276E-07  0.1000E-09  0.8280E+04  0.0000E+00
    4.9874  4  1   28.5554   20.6441   15.8243    8.8042    3.2114    0.9048    0.4824    0.0028    5.5948    4.8111  0.5095E-02  0.7231E+03 -0.1455E-05 -0.2645E-08  0.1000E-09  0.1000E-09  0.1277E-07  0.1000E-09  0.8281E+04  0.0000E+00
    4.9923  4  1   28.5485   20.6441   15.8243    8.8072    3.2114    0.9051    0.4824    0.0028    5.5948    4.8117  0.5081E-02  0.7220E+03 -0.1427E-05 -0.4500E-08  0.1000E-09  0.1000E-09  0.1278E-07  0.1000E-09  0.8282E+04  0.0000E+00
    4.9971  4  1   28.5417   20.6441   15.8243    8.8072    3.2114    0.9054    0.4823    0.0028    5.5947    4.8119  0.5066E-02  0.7210E+03 -0.1421E-05 -0.4943E-08  0.1000E-09  0.1000E-09  0.1278E-07  0.1000E-09  0.8282E+04  0.0000E+00
    5.0019  4  1   28.5350   20.6441   15.8243    8.8072    3.2114    0.9056    0.4823    0.0028    5.5947    4.8122  0.5052E-02  0.7200E+03 -0.1395E-05 -0.6687E-08  0.1000E-09  0.1000E-09  0.1279E-07  0.1000E-09  0.8283E+04  0.0000E+00
    5.0067  4  1   28.5285   20.6440   15.8243    8.8072    3.2113    0.9059    0.4823    0.0028    5.5947    4.8124  0.5039E-02  0.7190E+03 -0.1344E-05 -0.1009E-07  0.1000E-09  0.1000E-09  0.1280E-07  0.1000E-09  0.8284E+04  0.0000E+00
    5.0115  4  1   28.5222   20.6440   15.8243    8.8072    3.2113    0.9062    0.4822    0.0028    5.5946    4.8126  0.5026E-02  0.7180E+03 -0.1315E-05 -0.1203E-07  0.1000E-09  0.1000E-09  0.1280E-07  0.1000E-09  0.8285E+04  0.0000E+00
    5.0163  4  1   28.5159   20.6439   15.8243    8.8072    3.2113    0.9064    0.4822    0.0028    5.5946    4.8129  0.5013E-02  0.7170E+03 -0.1303E-05 -0.1276E-07  0.1000E-09  0.1000E-09  0.1281E-07  0.1000E-09  0.8285E+04  0.0000E+00
    5.0211  4  1   28.5098   20.6438   15.8243    8.8072    3.2113    0.9067    0.4822    0.0028    5.5946    4.8131  0.5000E-02  0.7159E+03 -0.1273E-05 -0.1468E-07  0.1000E-09  0.1000E-09  0.1281E-07  0.1000E-09  0.8286E+04  0.0000E+00
    5.0260  4  1   28.5038   20.6437   15.8243    8.8072    3.2113    0.9070    0.4821    0.0028    5.5945    4.8133  0.4988E-02  0.7149E+03 -0.1236E-05 -0.1709E-07  0.1000E-09  0.1000E-09  0.1282E-07  0.1000E-09  0.8287E+04  0.0000E+00
    5.0308  4  1   28.4979   20.6437   15.8243    8.8072    3.2113    0.9072    0.4821    0.0028    5.5945    4.8136  0.4976E-02  0.7139E+03 -0.1230E-05 -0.1740E-07  0.1000E-09  0.1000E-09  0.1282E-07  0.1000E-09  0.8287E+04  0.0000E+00
    5.0356  4  1   28.4922   20.6436   15.8243    8.8072    3.2112    0.9075    0.4820    0.0028    5.5945    4.8138  0.4964E-02  0.7129E+03 -0.1191E-05 -0.1998E-07  0.1000E-09  0.1000E-09  0.1283E-07  0.1000E-09  0.8288E+04  0.0000E+00
    5.0404  4  1   28.4866   20.6435   15.8243    8.8094    3.2112    0.9078    0.4820    0.0028    5.5945    4.8143  0.4953E-02  0.7118E+03 -0.1161E-05 -0.2193E-07  0.1000E-09  0.1000E-09  0.1283E-07  0.1000E-09  0.8289E+04  0.0000E+00
    5.0452  4  1   28.4810   20.6434   15.8243    8.8094    3.2112    0.9081    0.4820    0.0028    5.5944    4.8145  0.4941E-02  0.7108E+03 -0.1157E-05 -0.2231E-07  0.1000E-09  0.1000E-09  0.1284E-07  0.1000E-09  0.8289E+04  0.0000E+00
    5.0500  4  1   28.4756   20.6432   15.8243    8.8094    3.2112    0.9083    0.4819    0.0028    5.5944    4.8148  0.4931E-02  0.7098E+03 -0.1117E-05 -0.2494E-07  0.1000E-09  0.1000E-09  0.1284E-07  0.1000E-09  0.8290E+04  0.0000E+00
    5.0548  4  1   28.4703   20.6431   15.8243    8.8094    3.2112    0.9086    0.4819    0.0028    5.5944    4.8150  0.4920E-02  0.7088E+03 -0.1097E-05 -0.2627E-07  0.1000E-09  0.1000E-09  0.1285E-07  0.1000E-09  0.8291E+04  0.0000E+00
    5.0596  4  1   28.4651   20.6430   15.8243    8.8094    3.2112    0.9089    0.4819    0.0028    5.5943    4.8152  0.4910E-02  0.7078E+03 -0.1085E-05 -0.2710E-07  0.1000E-09  0.1000E-09  0.1285E-07  0.1000E-09  0.8291E+04  0.0000E+00
    5.0645  4  1   28.4600   20.6428   15.8243    8.8094    3.2111    0.9091    0.4818    0.0028    5.5943    4.8155  0.4899E-02  0.7068E+03 -0.1056E-05 -0.2905E-07  0.1000E-09  0.1000E-09  0.1286E-07  0.1000E-09  0.8292E+04  0.0000E+00
    5.0693  4  1   28.4550   20.6427   15.8243    8.8094    3.2111    0.9094    0.4818    0.0028    5.5943    4.8157  0.4890E-02  0.7058E+03 -0.1042E-05 -0.3101E-07  0.1000E-09  0.1000E-09  0.1286E-07  0.1000E-09  0.8293E+04  0.0000E+00
    5.0741  4  1   28.4501   20.6425   15.8243    8.8094    3.2111    0.9097    0.4818    0.0028    5.5942    4.8160  0.4880E-02  0.7047E+03 -0.1027E-05 -0.3297E-07  0.1000E-09  0.1000E-09  0.1287E-07  0.1000E-09  0.8293E+04  0.0000E+00
    5.0789  4  1   28.4453   20.6424   15.8243    8.8094    3.2111    0.9100    0.4817    0.0028    5.5942    4.8162  0.4870E-02  0.7037E+03 -0.9997E-06 -0.3578E-07  0.1000E-09  0.1000E-09  0.1287E-07  0.1000E-09  0.8294E+04  0.0000E+00
    5.0837  4  1   28.4406   20.6422   15.8243    8.8094    3.2111    0.9102    0.4817    0.0028    5.5941    4.8164  0.4861E-02  0.7026E+03 -0.9745E-06 -0.3814E-07  0.1000E-09  0.1000E-09  0.1288E-07  0.1000E-09  0.8294E+04  0.0000E+00
    5.0885  4  1   28.4360   20.6420   15.8243    8.8094    3.2111    0.9105    0.4816    0.0028    5.5941    4.8167  0.4852E-02  0.7016E+03 -0.9453E-06 -0.4010E-07  0.1000E-09  0.1000E-09  0.1288E-07  0.1000E-09  0.8295E+04  0.0000E+00
    5.0933  4  1   28.4316   20.6418   15.8243    8.8094    3.2110    0.9108    0.4816    0.0028    5.5941    4.8169  0.4844E-02  0.7005E+03 -0.9219E-06 -0.4167E-07  0.1000E-09  0.1000E-09  0.1288E-07  0.1000E-09  0.8295E+04  0.0000E+00
    5.0981  4  1   28.4272   20.6416   15.8243    8.8094    3.2110    0.9111    0.4816    0.0028    5.5940    4.8172  0.4835E-02  0.6995E+03 -0.9156E-06 -0.4208E-07  0.1000E-09  0.1000E-09  0.1289E-07  0.1000E-09  0.8296E+04  0.0000E+00
    5.1030  4  1   28.4228   20.6414   15.8243    8.8139    3.2110    0.9114    0.4815    0.0028    5.5940    4.8179  0.4827E-02  0.6984E+03 -0.9055E-06 -0.4276E-07  0.1000E-09  0.1000E-09  0.1289E-07  0.1000E-09  0.8296E+04  0.0000E+00
    5.1078  4  1   28.4187   20.6411   15.8243    8.8139    3.2110    0.9117    0.4815    0.0028    5.5939    4.8181  0.4820E-02  0.6974E+03 -0.8525E-06 -0.4648E-07  0.1000E-09  0.1000E-09  0.1290E-07  0.1000E-09  0.8297E+04  0.0000E+00
    5.1126  4  1   28.4147   20.6409   15.8243    8.8139    3.2109    0.9120    0.4814    0.0028    5.5939    4.8184  0.4812E-02  0.6963E+03 -0.8358E-06 -0.4760E-07  0.1000E-09  0.1000E-09  0.1290E-07  0.1000E-09  0.8297E+04  0.0000E+00
    5.1174  4  1   28.4107   20.6407   15.8243    8.8139    3.2109    0.9123    0.4814    0.0028    5.5938    4.8186  0.4805E-02  0.6953E+03 -0.8307E-06 -0.4760E-07  0.1000E-09  0.1000E-09  0.1290E-07  0.1000E-09  0.8298E+04  0.0000E+00
    5.1222  4  1   28.4069   20.6404   15.8243    8.8139    3.2109    0.9125    0.4814    0.0028    5.5938    4.8189  0.4798E-02  0.6943E+03 -0.7968E-06 -0.4946E-07  0.1000E-09  0.1000E-09  0.1291E-07  0.1000E-09  0.8298E+04  0.0000E+00
    5.1270  4  1   28.4032   20.6402   15.8243    8.8139    3.2109    0.9128    0.4813    0.0028    5.5937    4.8191  0.4791E-02  0.6932E+03 -0.7603E-06 -0.5150E-07  0.1000E-09  0.1000E-09  0.1291E-07  0.1000E-09  0.8299E+04  0.0000E+00
    5.1318  4  1   28.3997   20.6399   15.8243    8.8139    3.2108    0.9131    0.4813    0.0028    5.5937    4.8193  0.4785E-02  0.6922E+03 -0.7224E-06 -0.5367E-07  0.1000E-09  0.1000E-09  0.1291E-07  0.1000E-09  0.8299E+04  0.0000E+00
    5.1367  4  1   28.3963   20.6397   15.8243    8.8139    3.2108    0.9134    0.4812    0.0028    5.5936    4.8196  0.4779E-02  0.6912E+03 -0.7203E-06 -0.5381E-07  0.1000E-09  0.1000E-09  0.1291E-07  0.1000E-09  0.8300E+04  0.0000E+00
    5.1415  4  1   28.3929   20.6394   15.8243    8.8139    3.2108    0.9136    0.4812    0.0028    5.5936    4.8198  0.4773E-02  0.6901E+03 -0.7011E-06 -0.5510E-07  0.1000E-09  0.1000E-09  0.1292E-07  0.1000E-09  0.8300E+04  0.0000E+00
    5.1463  4  1   28.3897   20.6391   15.8243    8.8139    3.2107    0.9139    0.4811    0.0028    5.5935    4.8201  0.4767E-02  0.6891E+03 -0.6605E-06 -0.5784E-07  0.1000E-09  0.1000E-09  0.1292E-07  0.1000E-09  0.8301E+04  0.0000E+00
    5.1511  4  1   28.3867   20.6388   15.8243    8.8139    3.2107    0.9142    0.4811    0.0028    5.5934    4.8203  0.4763E-02  0.6881E+03 -0.6199E-06 -0.6057E-07  0.1000E-09  0.1000E-09  0.1292E-07  0.1000E-09  0.8301E+04  0.0000E+00
    5.1559  4  1   28.3839   20.6386   15.8243    8.8139    3.2107    0.9145    0.4810    0.0028    5.5934    4.8205  0.4758E-02  0.6870E+03 -0.5963E-06 -0.6216E-07  0.1000E-09  0.1000E-09  0.1292E-07  0.1000E-09  0.8301E+04  0.0000E+00
    5.1607  4  1   28.3811   20.6382   15.8243    8.8139    3.2106    0.9147    0.4810    0.0028    5.5933    4.8208  0.4753E-02  0.6860E+03 -0.5642E-06 -0.6432E-07  0.1000E-09  0.1000E-09  0.1292E-07  0.1000E-09  0.8302E+04  0.0000E+00
    5.1655  4  1   28.3785   20.6379   15.8243    8.8139    3.2106    0.9150    0.4809    0.0028    5.5932    4.8210  0.4749E-02  0.6850E+03 -0.5413E-06 -0.6621E-07  0.1000E-09  0.1000E-09  0.1293E-07  0.1000E-09  0.8302E+04  0.0000E+00
    5.1703  4  1   28.3762   20.6376   15.8243    8.8139    3.2106    0.9153    0.4809    0.0028    5.5932    4.8213  0.4745E-02  0.6839E+03 -0.4939E-06 -0.6988E-07  0.1000E-09  0.1000E-09  0.1293E-07  0.1000E-09  0.8302E+04  0.0000E+00
    5.1752  4  1   28.3739   20.6372   15.8243    8.8139    3.2106    0.9156    0.4809    0.0028    5.5931    4.8215  0.4741E-02  0.6829E+03 -0.4733E-06 -0.7174E-07  0.1000E-09  0.1000E-09  0.1293E-07  0.1000E-09  0.8303E+04  0.0000E+00
    5.1800  4  1   28.3715   20.6369   15.8243    8.8139    3.2105    0.9159    0.4808    0.0028    5.5931    4.8217  0.4738E-02  0.6819E+03 -0.4919E-06 -0.7094E-07  0.1000E-09  0.1000E-09  0.1293E-07  0.1000E-09  0.8303E+04  0.0000E+00
    5.1848  4  1   28.3693   20.6365   15.8243    8.8139    3.2105    0.9162    0.4808    0.0028    5.5931    4.8220  0.4734E-02  0.6808E+03 -0.4540E-06 -0.7349E-07  0.1000E-09  0.1000E-09  0.1293E-07  0.1000E-09  0.8303E+04  0.0000E+00
    5.1896  4  1   28.3674   20.6362   15.8243    8.8139    3.2105    0.9164    0.4808    0.0028    5.5930    4.8222  0.4731E-02  0.6798E+03 -0.4062E-06 -0.7671E-07  0.1000E-09  0.1000E-09  0.1293E-07  0.1000E-09  0.8304E+04  0.0000E+00
    5.1944  4  1   28.3656   20.6358   15.8243    8.8139    3.2105    0.9167    0.4807    0.0028    5.5930    4.8225  0.4728E-02  0.6787E+03 -0.3622E-06 -0.7967E-07  0.1000E-09  0.1000E-09  0.1294E-07  0.1000E-09  0.8304E+04  0.0000E+00
    5.1992  4  1   28.3640   20.6354   15.8243    8.8139    3.2105    0.9170    0.4807    0.0028    5.5930    4.8227  0.4725E-02  0.6777E+03 -0.3349E-06 -0.8151E-07  0.1000E-09  0.1000E-09  0.1294E-07  0.1000E-09  0.8304E+04  0.0000E+00
    5.2040  4  1   28.3626   20.6350   15.8243    8.8139    3.2105    0.9173    0.4807    0.0028    5.5930    4.8230  0.4723E-02  0.6766E+03 -0.2963E-06 -0.8412E-07  0.1000E-09  0.1000E-09  0.1294E-07  0.1000E-09  0.8304E+04  0.0000E+00
    5.2089  4  1   28.3609   20.6346   15.8243    8.8157    3.2105    0.9176    0.4807    0.0028    5.5930    4.8234  0.4720E-02  0.6756E+03 -0.3613E-06 -0.7973E-07  0.1000E-09  0.1000E-09  0.1294E-07  0.1000E-09  0.8305E+04  0.0000E+00
    5.2137  4  1   28.3591   20.6342   15.8243    8.8157    3.2105    0.9179    0.4807    0.0028    5.5930    4.8236  0.4717E-02  0.6745E+03 -0.3579E-06 -0.7996E-07  0.1000E-09  0.1000E-09  0.1294E-07  0.1000E-09  0.8305E+04  0.0000E+00
    5.2185  4  1   28.3578   20.6338   15.8243    8.8157    3.2105    0.9182    0.4807    0.0028    5.5930    4.8239  0.4715E-02  0.6735E+03 -0.2763E-06 -0.8533E-07  0.1000E-09  0.1000E-09  0.1294E-07  0.1000E-09  0.8305E+04  0.0000E+00
    5.2233  4  1   28.3565   20.6334   15.8243    8.8157    3.2105    0.9185    0.4807    0.0028    5.5930    4.8241  0.4713E-02  0.6725E+03 -0.2723E-06 -0.8548E-07  0.1000E-09  0.1000E-09  0.1295E-07  0.1000E-09  0.8305E+04  0.0000E+00
    5.2281  4  1   28.3550   20.6330   15.8243    8.8157    3.2105    0.9187    0.4807    0.0028    5.5930    4.8244  0.4710E-02  0.6714E+03 -0.3064E-06 -0.8306E-07  0.1000E-09  0.1000E-09  0.1295E-07  0.1000E-09  0.8306E+04  0.0000E+00
    5.2329  4  1   28.3539   20.6326   15.8243    8.8157    3.2105    0.9190    0.4807    0.0028    5.5930    4.8246  0.4708E-02  0.6704E+03 -0.2430E-06 -0.8732E-07  0.1000E-09  0.1000E-09  0.1295E-07  0.1000E-09  0.8306E+04  0.0000E+00
    5.2377  4  1   28.3528   20.6322   15.8243    8.8157    3.2105    0.9193    0.4807    0.0028    5.5930    4.8249  0.4707E-02  0.6693E+03 -0.2146E-06 -0.8923E-07  0.1000E-09  0.1000E-09  0.1295E-07  0.1000E-09  0.8306E+04  0.0000E+00
    5.2425  4  1   28.3514   20.6318   15.8243    8.8157    3.2105    0.9196    0.4807    0.0028    5.5931    4.8251  0.4704E-02  0.6683E+03 -0.2921E-06 -0.8401E-07  0.1000E-09  0.1000E-09  0.1295E-07  0.1000E-09  0.8306E+04  0.0000E+00
    5.2474  4  1   28.3503   20.6313   15.8243    8.8157    3.2105    0.9199    0.4807    0.0028    5.5931    4.8253  0.4702E-02  0.6673E+03 -0.2320E-06 -0.8806E-07  0.1000E-09  0.1000E-09  0.1295E-07  0.1000E-09  0.8306E+04  0.0000E+00
    5.2522  4  1   28.3493   20.6309   15.8243    8.8157    3.2105    0.9202    0.4806    0.0028    5.5931    4.8256  0.4701E-02  0.6662E+03 -0.1993E-06 -0.9026E-07  0.1000E-09  0.1000E-09  0.1295E-07  0.1000E-09  0.8307E+04  0.0000E+00
    5.2570  4  1   28.3483   20.6305   15.8243    8.8157    3.2105    0.9205    0.4806    0.0028    5.5931    4.8258  0.4699E-02  0.6652E+03 -0.2188E-06 -0.8895E-07  0.1000E-09  0.1000E-09  0.1296E-07  0.1000E-09  0.8307E+04  0.0000E+00
    5.2618  4  1   28.3473   20.6300   15.8243    8.8157    3.2105    0.9207    0.4806    0.0029    5.5931    4.8261  0.4698E-02  0.6642E+03 -0.2042E-06 -0.9011E-07  0.1000E-09  0.1000E-09  0.1296E-07  0.1000E-09  0.8307E+04  0.0000E+00
    5.2666  4  1   28.3463   20.6296   15.8243    8.8157    3.2105    0.9210    0.4806    0.0029    5.5931    4.8263  0.4696E-02  0.6631E+03 -0.2073E-06 -0.9034E-07  0.1000E-09  0.1000E-09  0.1296E-07  0.1000E-09  0.8307E+04  0.0000E+00
    5.2714  4  1   28.3455   20.6291   15.8243    8.8157    3.2105    0.9213    0.4806    0.0029    5.5931    4.8266  0.4695E-02  0.6621E+03 -0.1646E-06 -0.9365E-07  0.1000E-09  0.1000E-09  0.1296E-07  0.1000E-09  0.8307E+04  0.0000E+00
    5.2762  4  1   28.3450   20.6287   15.8243    8.8157    3.2105    0.9216    0.4806    0.0029    5.5931    4.8268  0.4695E-02  0.6610E+03 -0.9744E-07 -0.9861E-07  0.1000E-09  0.1000E-09  0.1296E-07  0.1000E-09  0.8308E+04  0.0000E+00
    5.2810  4  1   28.3445   20.6282   15.8243    8.8157    3.2105    0.9219    0.4806    0.0029    5.5931    4.8270  0.4695E-02  0.6600E+03 -0.1067E-06 -0.9812E-07  0.1000E-09  0.1000E-09  0.1296E-07  0.1000E-09  0.8308E+04  0.0000E+00
    5.2859  4  1   28.3438   20.6277   15.8243    8.8157    3.2105    0.9222    0.4806    0.0029    5.5931    4.8273  0.4694E-02  0.6589E+03 -0.1431E-06 -0.9567E-07  0.1000E-09  0.1000E-09  0.1296E-07  0.1000E-09  0.8308E+04  0.0000E+00
    5.2907  4  1   28.3432   20.6273   15.8243    8.8157    3.2105    0.9225    0.4806    0.0029    5.5931    4.8275  0.4694E-02  0.6579E+03 -0.1349E-06 -0.9622E-07  0.1000E-09  0.1000E-09  0.1296E-07  0.1000E-09  0.8308E+04  0.0000E+00
    5.2955  4  1   28.3428   20.6268   15.8243    8.8157    3.2105    0.9228    0.4805    0.0029    5.5930    4.8278  0.4694E-02  0.6569E+03 -0.7375E-07 -0.1003E-06  0.1000E-09  0.1000E-09  0.1296E-07  0.1000E-09  0.8308E+04  0.0000E+00
    5.3003  4  1   28.3426   20.6263   15.8243    8.8157    3.2105    0.9231    0.4805    0.0029    5.5930    4.8280  0.4694E-02  0.6558E+03 -0.5164E-07 -0.1018E-06  0.1000E-09  0.1000E-09  0.1296E-07  0.1000E-09  0.8308E+04  0.0000E+00
    5.3051  4  1   28.3423   20.6258   15.8243    8.8157    3.2105    0.9234    0.4805    0.0029    5.5930    4.8283  0.4695E-02  0.6548E+03 -0.5747E-07 -0.1014E-06  0.1000E-09  0.1000E-09  0.1296E-07  0.1000E-09  0.8308E+04  0.0000E+00
    5.3099  4  1   28.3422   20.6253   15.8243    8.8157    3.2105    0.9237    0.4805    0.0029    5.5929    4.8285  0.4696E-02  0.6537E+03 -0.2296E-07 -0.1039E-06  0.1000E-09  0.1000E-09  0.1296E-07  0.1000E-09  0.8308E+04  0.0000E+00
    5.3147  4  1   28.3422   20.6248   15.8243    8.8157    3.2105    0.9240    0.4804    0.0029    5.5929    4.8288  0.4697E-02  0.6527E+03  0.2409E-11 -0.1058E-06  0.1000E-09  0.1000E-09  0.1296E-07  0.1000E-09  0.8309E+04  0.0000E+00
    5.3196  4  1   28.3422   20.6243   15.8243    8.8157    3.2104    0.9243    0.4804    0.0029    5.5928    4.8290  0.4698E-02  0.6516E+03  0.2421E-11 -0.1062E-06  0.1000E-09  0.1000E-09  0.1296E-07  0.1000E-09  0.8309E+04  0.0000E+00
    5.3244  4  1   28.3422   20.6238   15.8243    8.8157    3.2104    0.9246    0.4804    0.0029    5.5928    4.8293  0.4699E-02  0.6506E+03  0.2433E-11 -0.1065E-06  0.1000E-09  0.1000E-09  0.1296E-07  0.1000E-09  0.8309E+04  0.0000E+00
    5.3292  4  1   28.3422   20.6233   15.8243    8.8157    3.2104    0.9249    0.4803    0.0029    5.5928    4.8295  0.4700E-02  0.6495E+03  0.2440E-11 -0.1067E-06  0.1000E-09  0.1000E-09  0.1296E-07  0.1000E-09  0.8309E+04  0.0000E+00
    5.3340 14  1   25.4228   20.6291   25.4228    8.8169   -3.9674    0.9252    0.0000    0.0026  -10.0000    4.8299  0.2000E+09  0.6487E+03 -0.1967E-04  0.1217E-05  0.1000E-09  0.1000E-09  0.1000E-09  0.1000E-09  0.8857E+04  0.6134E-01
    5.3429 14  1   25.4228   20.6282   25.4228    8.8169   -3.9674    0.9257    0.0000    0.0026  -10.0000    4.8303  0.2000E+09  0.6468E+03  0.1738E-11 -0.1068E-06  0.1000E-09  0.1000E-09  0.1000E-09  0.1000E-09  0.8858E+04  0.6134E-01
    5.3519 14  1   25.4228   20.6272   25.4228    8.8169   -3.9674    0.9263    0.0000    0.0026  -10.0000    4.8308  0.2000E+09  0.6448E+03  0.1743E-11 -0.1068E-06  0.1000E-09  0.1000E-09  0.1000E-09  0.1000E-09  0.8858E+04  0.6134E-01
    5.3609 14  1   25.4228   20.6263   25.4228    8.8169   -3.9674    0.9268    0.0000    0.0026  -10.0000    4.8312  0.2000E+09  0.6429E+03  0.1748E-11 -0.1068E-06  0.1000E-09  0.1000E-09  0.1000E-09  0.1000E-09  0.8858E+04  0.6134E-01
    5.3698 14  1   25.4228   20.6253   25.4228    8.8169   -3.9674    0.9274    0.0000    0.0026  -10.0000    4.8317  0.2000E+09  0.6410E+03  0.1742E-11 -0.1062E-06  0.1000E-09  0.1000E-09  0.1000E-09  0.1000E-09  0.8858E+04  0.6134E-01
    5.3788 14  1   25.4228   20.6244   25.4228    8.8169   -3.9674    0.9280    0.0000    0.0026  -10.0000    4.8322  0.2000E+09  0.6390E+03  0.1736E-11 -0.1055E-06  0.1000E-09  0.1000E-09  0.1000E-09  0.1000E-09  0.8858E+04  0.6134E-01
    5.3877 14  1   25.4228   20.6234   25.4228    8.8169   -3.9674    0.9285    0.0000    0.0027  -10.0000    4.8326  0.2000E+09  0.6371E+03  0.1740E-11 -0.1055E-06  0.1000E-09  0.1000E-09  0.1000E-09  0.1000E-09  0.8858E+04  0.6134E-01
    5.3967 14  1   25.4228   20.6225   25.4228    8.8169   -3.9674    0.9291    0.0000    0.0027  -10.0000    4.8331  0.2001E+09  0.6352E+03  0.1745E-11 -0.1055E-06  0.1000E-09  0.1000E-09  0.1000E-09  0.1000E-09  0.8859E+04  0.6134E-01
    5.4056 14  1   25.4228   20.6215   25.4228    8.8169   -3.9674    0.9296    0.0000    0.0027  -10.0000    4.8335  0.2001E+09  0.6332E+03  0.1749E-11 -0.1055E-06  0.1000E-09  0.1000E-09  0.1000E-09  0.1000E-09  0.8859E+04  0.6134E-01
    5.4146 14  1   25.4228   20.6206   25.4228    8.8169   -3.9674    0.9302    0.0000    0.0027  -10.0000    4.8340  0.2001E+09  0.6313E+03  0.1763E-11 -0.1060E-06  0.1000E-09  0.1000E-09  0.1000E-09  0.1000E-09  0.8859E+04  0.6134E-01
    5.4235 14  1   25.4228   20.6196   25.4228    8.8169   -3.9674    0.9308    0.0000    0.0027  -10.0000    4.8345  0.2001E+09  0.6293E+03  0.1787E-11 -0.1072E-06  0.1000E-09  0.1000E-09  0.1000E-09  0.1000E-09  0.8859E+04  0.6134E-01
    5.4325 14  1   25.4228   20.6187   25.4228    8.8169   -3.9674    0.9314    0.0000    0.0027  -10.0000    4.8349  0.2001E+09  0.6274E+03  0.1802E-11 -0.1078E-06  0.1000E-09  0.1000E-09  0.1000E-09  0.1000E-09  0.8859E+04  0.6134E-01
    5.4414 14  1   25.4228   20.6177   25.4228    8.8169   -3.9674    0.9319    0.0000    0.0027  -10.0000    4.8354  0.2001E+09  0.6254E+03  0.1807E-11 -0.1078E-06  0.1000E-09  0.1000E-09  0.1000E-09  0.1000E-09  0.8860E+04  0.6134E-01
    5.4504 14  1   25.4228   20.6167   25.4228    8.8169   -3.9674    0.9325    0.0000    0.0027  -10.0000    4.8359  0.2001E+09  0.6235E+03  0.1812E-11 -0.1078E-06  0.1000E-09  0.1000E-09  0.1000E-09  0.1000E-09  0.8860E+04  0.6134E-01
    5.4593 14  1   25.4228   20.6158   25.4228    8.8169   -3.9674    0.9331    0.0000    0.0027  -10.0000    4.8363  0.2001E+09  0.6216E+03  0.1817E-11 -0.1078E-06  0.1000E-09  0.1000E-09  0.1000E-09  0.1000E-09  0.8860E+04  0.6134E-01
    5.4683 14  1   25.4228   20.6148   25.4228    8.8169   -3.9674    0.9337    0.0000    0.0027  -10.0000    4.8368  0.2001E+09  0.6196E+03  0.1833E-11 -0.1085E-06  0.1000E-09  0.1000E-09  0.1000E-09  0.1000E-09  0.8860E+04  0.6134E-01
    5.4773 14  1   25.4228   20.6138   25.4228    8.8169   -3.9674    0.9343    0.0000    0.0027  -10.0000    4.8373  0.2001E+09  0.6176E+03  0.1851E-11 -0.1093E-06  0.1000E-09  0.1000E-09  0.1000E-09  0.1000E-09  0.8860E+04  0.6134E-01
    5.4862 14  1   25.4228   20.6128   25.4228    8.8169   -3.9674    0.9348    0.0000    0.0027  -10.0000    4.8377  0.2001E+09  0.6157E+03  0.1856E-11 -0.1093E-06  0.1000E-09  0.1000E-09  0.1000E-09  0.1000E-09  0.8860E+04  0.6134E-01
    5.4952 14  1   25.4228   20.6119   25.4228    8.8169   -3.9674    0.9354    0.0000    0.0027  -10.0000    4.8382  0.2001E+09  0.6137E+03  0.1861E-11 -0.1093E-06  0.1000E-09  0.1000E-09  0.1000E-09  0.1000E-09  0.8861E+04  0.6134E-01
    5.5041 14  1   25.4228   20.6109   25.4228    8.8169   -3.9674    0.9360    0.0000    0.0027  -10.0000    4.8387  0.2001E+09  0.6118E+03  0.1866E-11 -0.1093E-06  0.1000E-09  0.1000E-09  0.1000E-09  0.1000E-09  0.8861E+04  0.6134E-01
    5.5131 14  1   25.4228   20.6099   25.4228    8.8169   -3.9674    0.9366    0.0000    0.0027  -10.0000    4.8391  0.2002E+09  0.6098E+03  0.1872E-11 -0.1093E-06  0.1000E-09  0.1000E-09  0.1000E-09  0.1000E-09  0.8861E+04  0.6134E-01
    5.5220 14  1   25.4228   20.6089   25.4228    8.8169   -3.9674    0.9372    0.0000    0.0027  -10.0000    4.8396  0.2002E+09  0.6079E+03  0.1879E-11 -0.1094E-06  0.1000E-09  0.1000E-09  0.1000E-09  0.1000E-09  0.8861E+04  0.6134E-01
    5.5310 14  1   25.4228   20.6079   25.4228    8.8169   -3.9674    0.9378    0.0000    0.0027  -10.0000    4.8401  0.2002E+09  0.6059E+03  0.1885E-11 -0.1095E-06  0.1000E-09  0.1000E-09  0.1000E-09  0.1000E-09  0.8861E+04  0.6134E-01
    5.5399 14  1   25.4228   20.6070   25.4228    8.8169   -3.9674    0.9384    0.0000    0.0027  -10.0000    4.8405  0.2002E+09  0.6040E+03  0.1891E-11 -0.1095E-06  0.1000E-09  0.1000E-09  0.1000E-09  0.1000E-09  0.8862E+04  0.6134E-01
    5.5489 14  1   25.4228   20.6060   25.4228    8.8169   -3.9674    0.9390    0.0000    0.0027  -10.0000    4.8410  0.2002E+09  0.6020E+03  0.1896E-11 -0.1095E-06  0.1000E-09  0.1000E-09  0.1000E-09  0.1000E-09  0.8862E+04  0.6134E-01
    5.5578 14  1   25.4228   20.6050   25.4228    8.8169   -3.9674    0.9396    0.0000    0.0027  -10.0000    4.8415  0.2002E+09  0.6001E+03  0.1902E-11 -0.1095E-06  0.1000E-09  0.1000E-09  0.1000E-09  0.1000E-09  0.8862E+04  0.6134E-01
    5.5668 14  1   25.4228   20.6040   25.4228    8.8169   -3.9674    0.9402    0.0000    0.0027  -10.0000    4.8419  0.2002E+09  0.5981E+03  0.1912E-11 -0.1098E-06  0.1000E-09  0.1000E-09  0.1000E-09  0.1000E-09  0.8862E+04  0.6134E-01
    5.5757 14  1   25.4228   20.6030   25.4228    8.8169   -3.9674    0.9408    0.0000    0.0027  -10.0000    4.8424  0.2002E+09  0.5962E+03  0.1922E-11 -0.1100E-06  0.1000E-09  0.1000E-09  0.1000E-09  0.1000E-09  0.8862E+04  0.6134E-01
    5.5847 14  1   25.4228   20.6020   25.4228    8.8169   -3.9674    0.9414    0.0000    0.0027  -10.0000    4.8429  0.2002E+09  0.5942E+03  0.1927E-11 -0.1100E-06  0.1000E-09  0.1000E-09  0.1000E-09  0.1000E-09  0.8863E+04  0.6134E-01
    5.5937 14  1   25.4228   20.6011   25.4228    8.8169   -3.9674    0.9420    0.0000    0.0027  -10.0000    4.8434  0.2002E+09  0.5923E+03  0.1933E-11 -0.1100E-06  0.1000E-09  0.1000E-09  0.1000E-09  0.1000E-09  0.8863E+04  0.6134E-01
    5.6026 14  1   25.4228   20.6001   25.4228    8.8169   -3.9674    0.9426    0.0000    0.0027  -10.0000    4.8438  0.2002E+09  0.5903E+03  0.1938E-11 -0.1100E-06  0.1000E-09  0.1000E-09  0.1000E-09  0.1000E-09  0.8863E+04  0.6134E-01
    5.6116 14  1   25.4228   20.5991   25.4228    8.8169   -3.9674    0.9433    0.0000    0.0027  -10.0000    4.8443  0.2002E+09  0.5884E+03  0.1952E-11 -0.1105E-06  0.1000E-09  0.1000E-09  0.1000E-09  0.1000E-09  0.8863E+04  0.6134E-01
    5.6205 14  1   25.4228   20.5981   25.4228    8.8169   -3.9674    0.9439    0.0000    0.0027  -10.0000    4.8448  0.2003E+09  0.5864E+03  0.1969E-11 -0.1112E-06  0.1000E-09  0.1000E-09  0.1000E-09  0.1000E-09  0.8863E+04  0.6134E-01
    5.6295 14  1   25.4228   20.5971   25.4228    8.8169   -3.9674    0.9445    0.0000    0.0028  -10.0000    4.8453  0.2003E+09  0.5845E+03  0.1978E-11 -0.1113E-06  0.1000E-09  0.1000E-09  0.1000E-09  0.1000E-09  0.8864E+04  0.6134E-01
    5.6384 14  1   25.4228   20.5961   25.4228    8.8169   -3.9674    0.9451    0.0000    0.0028  -10.0000    4.8457  0.2003E+09  0.5825E+03  0.1984E-11 -0.1113E-06  0.1000E-09  0.1000E-09  0.1000E-09  0.1000E-09  0.8864E+04  0.6134E-01
    5.6474 14  1   25.4228   20.5951   25.4228    8.8169   -3.9674    0.9457    0.0000    0.0028  -10.0000    4.8462  0.2003E+09  0.5806E+03  0.1990E-11 -0.1113E-06  0.1000E-09  0.1000E-09  0.1000E-09  0.1000E-09  0.8864E+04  0.6134E-01
    5.6563 14  1   25.4228   20.5941   25.4228    8.8169   -3.9674    0.9464    0.0000    0.0028  -10.0000    4.8467  0.2003E+09  0.5786E+03  0.1993E-11 -0.1112E-06  0.1000E-09  0.1000E-09  0.1000E-09  0.1000E-09  0.8864E+04  0.6134E-01
    5.6653 14  1   25.4228   20.5931   25.4228    8.8169   -3.9674    0.9470    0.0000    0.0028  -10.0000    4.8472  0.2003E+09  0.5767E+03  0.1992E-11 -0.1108E-06  0.1000E-09  0.1000E-09  0.1000E-09  0.1000E-09  0.8864E+04  0.6134E-01
    5.6742 14  1   25.4228   20.5921   25.4228    8.8169   -3.9674    0.9476    0.0000    0.0028  -10.0000    4.8476  0.2003E+09  0.5747E+03  0.1993E-11 -0.1106E-06  0.1000E-09  0.1000E-09  0.1000E-09  0.1000E-09  0.8864E+04  0.6134E-01
    5.6832 14  1   25.4228   20.5911   25.4228    8.8169   -3.9674    0.9483    0.0000    0.0028  -10.0000    4.8481  0.2003E+09  0.5728E+03  0.1999E-11 -0.1106E-06  0.1000E-09  0.1000E-09  0.1000E-09  0.1000E-09  0.8865E+04  0.6134E-01
    5.6921 14  1   25.4228   20.5901   25.4228    8.8169   -3.9674    0.9489    0.0000    0.0028  -10.0000    4.8486  0.2003E+09  0.5709E+03  0.2005E-11 -0.1106E-06  0.1000E-09  0.1000E-09  0.1000E-09  0.1000E-09  0.8865E+04  0.6134E-01
    5.7011 14  1   25.4228   20.5891   25.4228    8.8169   -3.9674    0.9495    0.0000    0.0028  -10.0000    4.8491  0.2003E+09  0.5689E+03  0.2011E-11 -0.1106E-06  0.1000E-09  0.1000E-09  0.1000E-09  0.1000E-09  0.8865E+04  0.6134E-01
    5.7100 14  1   25.4228   20.5882   25.4228    8.8169   -3.9674    0.9502    0.0000    0.0028  -10.0000    4.8496  0.2003E+09  0.5670E+03  0.2026E-11 -0.1111E-06  0.1000E-09  0.1000E-09  0.1000E-09  0.1000E-09  0.8865E+04  0.6134E-01
    5.7190 14  1   25.4228   20.5872   25.4228    8.8169   -3.9674    0.9508    0.0000    0.0028  -10.0000    4.8500  0.2004E+09  0.5650E+03  0.2043E-11 -0.1117E-06  0.1000E-09  0.1000E-09  0.1000E-09  0.1000E-09  0.8865E+04  0.6134E-01
    5.7280 14  1   25.4228   20.5862   25.4228    8.8169   -3.9674    0.9514    0.0000    0.0028  -10.0000    4.8505  0.2004E+09  0.5631E+03  0.2051E-11 -0.1118E-06  0.1000E-09  0.1000E-09  0.1000E-09  0.1000E-09  0.8866E+04  0.6134E-01
    5.7369 14  1   25.4228   20.5851   25.4228    8.8169   -3.9674    0.9521    0.0000    0.0028  -10.0000    4.8510  0.2004E+09  0.5611E+03  0.2058E-11 -0.1118E-06  0.1000E-09  0.1000E-09  0.1000E-09  0.1000E-09  0.8866E+04  0.6134E-01
    5.7459 14  1   25.4228   20.5841   25.4228    8.8169   -3.9674    0.9527    0.0000    0.0028  -10.0000    4.8515  0.2004E+09  0.5592E+03  0.2064E-11 -0.1118E-06  0.1000E-09  0.1000E-09  0.1000E-09  0.1000E-09  0.8866E+04  0.6134E-01
    5.7548 14  1   25.4228   20.5831   25.4228    8.8169   -3.9674    0.9534    0.0000    0.0028  -10.0000    4.8520  0.2004E+09  0.5573E+03  0.2077E-11 -0.1122E-06  0.1000E-09  0.1000E-09  0.1000E-09  0.1000E-09  0.8866E+04  0.6134E-01
    5.7638 14  1   25.4228   20.5821   25.4228    8.8169   -3.9674    0.9540    0.0000    0.0028  -10.0000    4.8524  0.2004E+09  0.5553E+03  0.2101E-11 -0.1131E-06  0.1000E-09  0.1000E-09  0.1000E-09  0.1000E-09  0.8866E+04  0.6134E-01
    5.7727 14  1   25.4228   20.5811   25.4228    8.8169   -3.9674    0.9547    0.0000    0.0028  -10.0000    4.8529  0.2004E+09  0.5533E+03  0.2118E-11 -0.1137E-06  0.1000E-09  0.1000E-09  0.1000E-09  0.1000E-09  0.8867E+04  0.6134E-01
    5.7817 14  1   25.4228   20.5801   25.4228    8.8169   -3.9674    0.9554    0.0000    0.0028  -10.0000    4.8534  0.2004E+09  0.5514E+03  0.2125E-11 -0.1137E-06  0.1000E-09  0.1000E-09  0.1000E-09  0.1000E-09  0.8867E+04  0.6134E-01
    5.7906 14  1   25.4228   20.5791   25.4228    8.8169   -3.9674    0.9560    0.0000    0.0028  -10.0000    4.8539  0.2004E+09  0.5494E+03  0.2131E-11 -0.1137E-06  0.1000E-09  0.1000E-09  0.1000E-09  0.1000E-09  0.8867E+04  0.6134E-01
    5.7996 14  1   25.4228   20.5781   25.4228    8.8169   -3.9674    0.9567    0.0000    0.0028  -10.0000    4.8544  0.2004E+09  0.5475E+03  0.2138E-11 -0.1137E-06  0.1000E-09  0.1000E-09  0.1000E-09  0.1000E-09  0.8867E+04  0.6134E-01
    5.8085 14  1   25.4228   20.5770   25.4228    8.8169   -3.9674    0.9574    0.0000    0.0028  -10.0000    4.8549  0.2004E+09  0.5455E+03  0.2137E-11 -0.1133E-06  0.1000E-09  0.1000E-09  0.1000E-09  0.1000E-09  0.8867E+04  0.6134E-01
    5.8175 14  1   25.4228   20.5760   25.4228    8.8169   -3.9674    0.9580    0.0000    0.0028  -10.0000    4.8554  0.2005E+09  0.5436E+03  0.2136E-11 -0.1129E-06  0.1000E-09  0.1000E-09  0.1000E-09  0.1000E-09  0.8868E+04  0.6134E-01
    5.8264 14  1   25.4228   20.5750   25.4228    8.8169   -3.9674    0.9587    0.0000    0.0028  -10.0000    4.8558  0.2005E+09  0.5417E+03  0.2143E-11 -0.1129E-06  0.1000E-09  0.1000E-09  0.1000E-09  0.1000E-09  0.8868E+04  0.6134E-01
    5.8354 14  1   25.4228   20.5740   25.4228    8.8169   -3.9674    0.9594    0.0000    0.0028  -10.0000    4.8563  0.2005E+09  0.5397E+03  0.2150E-11 -0.1129E-06  0.1000E-09  0.1000E-09  0.1000E-09  0.1000E-09  0.8868E+04  0.6134E-01
    5.8444 14  1   25.4228   20.5730   25.4228    8.8169   -3.9674    0.9600    0.0000    0.0029  -10.0000    4.8568  0.2005E+09  0.5378E+03  0.2156E-11 -0.1129E-06  0.1000E-09  0.1000E-09  0.1000E-09  0.1000E-09  0.8868E+04  0.6134E-01
    5.8533 14  1   25.4228   20.5720   25.4228    8.8169   -3.9674    0.9607    0.0000    0.0029  -10.0000    4.8573  0.2005E+09  0.5359E+03  0.2160E-11 -0.1127E-06  0.1000E-09  0.1000E-09  0.1000E-09  0.1000E-09  0.8868E+04  0.6134E-01
    5.8623 14  1   25.4228   20.5710   25.4228    8.8169   -3.9674    0.9614    0.0000    0.0029  -10.0000    4.8578  0.2005E+09  0.5339E+03  0.2160E-11 -0.1124E-06  0.1000E-09  0.1000E-09  0.1000E-09  0.1000E-09  0.8869E+04  0.6134E-01
    5.8712 14  1   25.4228   20.5700   25.4228    8.8169   -3.9674    0.9621    0.0000    0.0029  -10.0000    4.8583  0.2005E+09  0.5320E+03  0.2164E-11 -0.1122E-06  0.1000E-09  0.1000E-09  0.1000E-09  0.1000E-09  0.8869E+04  0.6134E-01
    5.8802 14  1   25.4228   20.5690   25.4228    8.8169   -3.9674    0.9628    0.0000    0.0029  -10.0000    4.8588  0.2005E+09  0.5301E+03  0.2171E-11 -0.1122E-06  0.1000E-09  0.1000E-09  0.1000E-09  0.1000E-09  0.8869E+04  0.6134E-01
    5.8891 14  1   25.4228   20.5680   25.4228    8.8169   -3.9674    0.9634    0.0000    0.0029  -10.0000    4.8593  0.2005E+09  0.5282E+03  0.2178E-11 -0.1122E-06  0.1000E-09  0.1000E-09  0.1000E-09  0.1000E-09  0.8869E+04  0.6134E-01
    5.8981 14  1   25.4228   20.5670   25.4228    8.8169   -3.9674    0.9641    0.0000    0.0029  -10.0000    4.8597  0.2005E+09  0.5262E+03  0.2185E-11 -0.1123E-06  0.1000E-09  0.1000E-09  0.1000E-09  0.1000E-09  0.8869E+04  0.6134E-01
    5.9070 14  1   25.4228   20.5659   25.4228    8.8169   -3.9674    0.9648    0.0000    0.0029  -10.0000    4.8602  0.2005E+09  0.5243E+03  0.2225E-11 -0.1140E-06  0.1000E-09  0.1000E-09  0.1000E-09  0.1000E-09  0.8870E+04  0.6134E-01
    5.9160 14  1   25.4228   20.5649   25.4228    8.8169   -3.9674    0.9655    0.0000    0.0029  -10.0000    4.8607  0.2006E+09  0.5223E+03  0.2264E-11 -0.1156E-06  0.1000E-09  0.1000E-09  0.1000E-09  0.1000E-09  0.8870E+04  0.6134E-01
    5.9249 14  1   25.4228   20.5639   25.4228    8.8169   -3.9674    0.9662    0.0000    0.0029  -10.0000    4.8612  0.2006E+09  0.5204E+03  0.2271E-11 -0.1156E-06  0.1000E-09  0.1000E-09  0.1000E-09  0.1000E-09  0.8870E+04  0.6134E-01
    5.9339 14  1   25.4228   20.5628   25.4228    8.8169   -3.9674    0.9669    0.0000    0.0029  -10.0000    4.8617  0.2006E+09  0.5184E+03  0.2279E-11 -0.1156E-06  0.1000E-09  0.1000E-09  0.1000E-09  0.1000E-09  0.8870E+04  0.6134E-01
    5.9428 14  1   25.4228   20.5618   25.4228    8.8169   -3.9674    0.9677    0.0000    0.0029  -10.0000    4.8622  0.2006E+09  0.5165E+03  0.2286E-11 -0.1156E-06  0.1000E-09  0.1000E-09  0.1000E-09  0.1000E-09  0.8870E+04  0.6134E-01
    5.9518 14  1   25.4228   20.5608   25.4228    8.8169   -3.9674    0.9684    0.0000    0.0029  -10.0000    4.8627  0.2006E+09  0.5145E+03  0.2288E-11 -0.1153E-06  0.1000E-09  0.1000E-09  0.1000E-09  0.1000E-09  0.8871E+04  0.6134E-01
    5.9608 14  1   25.4228   20.5597   25.4228    8.8169   -3.9674    0.9691    0.0000    0.0029  -10.0000    4.8632  0.2006E+09  0.5126E+03  0.2286E-11 -0.1148E-06  0.1000E-09  0.1000E-09  0.1000E-09  0.1000E-09  0.8871E+04  0.6134E-01
    5.9697 14  1   25.4228   20.5587   25.4228    8.8169   -3.9674    0.9698    0.0000    0.0029  -10.0000    4.8637  0.2006E+09  0.5107E+03  0.2290E-11 -0.1146E-06  0.1000E-09  0.1000E-09  0.1000E-09  0.1000E-09  0.8871E+04  0.6134E-01
    5.9787 14  1   25.4228   20.5577   25.4228    8.8169   -3.9674    0.9705    0.0000    0.0029  -10.0000    4.8642  0.2006E+09  0.5087E+03  0.2298E-11 -0.1146E-06  0.1000E-09  0.1000E-09  0.1000E-09  0.1000E-09  0.8871E+04  0.6134E-01
    5.9876 14  1   25.4228   20.5567   25.4228    8.8169   -3.9674    0.9712    0.0000    0.0029  -10.0000    4.8647  0.2006E+09  0.5068E+03  0.2306E-11 -0.1146E-06  0.1000E-09  0.1000E-09  0.1000E-09  0.1000E-09  0.8871E+04  0.6134E-01
    5.9966 14  1   25.4228   20.5556   25.4228    8.8169   -3.9674    0.9719    0.0000    0.0029  -10.0000    4.8652  0.2006E+09  0.5049E+03  0.2313E-11 -0.1146E-06  0.1000E-09  0.1000E-09  0.1000E-09  0.1000E-09  0.8871E+04  0.6134E-01
    6.0055 14  1   25.4228   20.5546   25.4228    8.8169   -3.9674    0.9727    0.0000    0.0029  -10.0000    4.8657  0.2007E+09  0.5029E+03  0.2321E-11 -0.1146E-06  0.1000E-09  0.1000E-09  0.1000E-09  0.1000E-09  0.8872E+04  0.6134E-01
    6.0145 14  1   25.4228   20.5536   25.4228    8.8169   -3.9674    0.9734    0.0000    0.0029  -10.0000    4.8662  0.2007E+09  0.5010E+03  0.2329E-11 -0.1146E-06  0.1000E-09  0.1000E-09  0.1000E-09  0.1000E-09  0.8872E+04  0.6134E-01
    6.0234 14  1   25.4228   20.5526   25.4228    8.8169   -3.9674    0.9741    0.0000    0.0029  -10.0000    4.8667  0.2007E+09  0.4991E+03  0.2337E-11 -0.1146E-06  0.1000E-09  0.1000E-09  0.1000E-09  0.1000E-09  0.8872E+04  0.6134E-01
    6.0324 14  1   25.4228   20.5515   25.4228    8.8169   -3.9674    0.9749    0.0000    0.0029  -10.0000    4.8672  0.2007E+09  0.4972E+03  0.2345E-11 -0.1146E-06  0.1000E-09  0.1000E-09  0.1000E-09  0.1000E-09  0.8872E+04  0.6134E-01
    6.0413 14  1   25.4228   20.5505   25.4228    8.8169   -3.9674    0.9756    0.0000    0.0030  -10.0000    4.8677  0.2007E+09  0.4952E+03  0.2352E-11 -0.1146E-06  0.1000E-09  0.1000E-09  0.1000E-09  0.1000E-09  0.8872E+04  0.6134E-01
    6.0503 14  1   25.4228   20.5495   25.4228    8.8169   -3.9674    0.9763    0.0000    0.0030  -10.0000    4.8682  0.2007E+09  0.4933E+03  0.2370E-11 -0.1151E-06  0.1000E-09  0.1000E-09  0.1000E-09  0.1000E-09  0.8873E+04  0.6134E-01
    6.0592 14  1   25.4228   20.5484   25.4228    8.8169   -3.9674    0.9771    0.0000    0.0030  -10.0000    4.8687  0.2007E+09  0.4914E+03  0.2391E-11 -0.1157E-06  0.1000E-09  0.1000E-09  0.1000E-09  0.1000E-09  0.8873E+04  0.6134E-01
    6.0682 14  1   25.4228   20.5474   25.4228    8.8169   -3.9674    0.9778    0.0000    0.0030  -10.0000    4.8692  0.2007E+09  0.4894E+03  0.2403E-11 -0.1159E-06  0.1000E-09  0.1000E-09  0.1000E-09  0.1000E-09  0.8873E+04  0.6134E-01
    6.0772 14  1   25.4228   20.5464   25.4228    8.8169   -3.9674    0.9786    0.0000    0.0030  -10.0000    4.8697  0.2007E+09  0.4875E+03  0.2411E-11 -0.1159E-06  0.1000E-09  0.1000E-09  0.1000E-09  0.1000E-09  0.8873E+04  0.6134E-01
    6.0861 14  1   25.4228   20.5453   25.4228    8.8169   -3.9674    0.9793    0.0000    0.0030  -10.0000    4.8702  0.2007E+09  0.4856E+03  0.2419E-11 -0.1159E-06  0.1000E-09  0.1000E-09  0.1000E-09  0.1000E-09  0.8873E+04  0.6134E-01
    6.0951 14  1   25.4228   20.5443   25.4228    8.8169   -3.9674    0.9801    0.0000    0.0030  -10.0000    4.8707  0.2008E+09  0.4836E+03  0.2429E-11 -0.1159E-06  0.1000E-09  0.1000E-09  0.1000E-09  0.1000E-09  0.8874E+04  0.6134E-01
    6.1040 14  1   25.4228   20.5432   25.4228    8.8169   -3.9674    0.9809    0.0000    0.0030  -10.0000    4.8712  0.2008E+09  0.4817E+03  0.2443E-11 -0.1162E-06  0.1000E-09  0.1000E-09  0.1000E-09  0.1000E-09  0.8874E+04  0.6134E-01
    6.1130 14  1   25.4228   20.5422   25.4228    8.8169   -3.9674    0.9816    0.0000    0.0030  -10.0000    4.8717  0.2008E+09  0.4797E+03  0.2456E-11 -0.1164E-06  0.1000E-09  0.1000E-09  0.1000E-09  0.1000E-09  0.8874E+04  0.6134E-01
    6.1219 14  1   25.4228   20.5412   25.4228    8.8169   -3.9674    0.9824    0.0000    0.0030  -10.0000    4.8722  0.2008E+09  0.4778E+03  0.2464E-11 -0.1164E-06  0.1000E-09  0.1000E-09  0.1000E-09  0.1000E-09  0.8874E+04  0.6134E-01
    6.1309 14  1   25.4228   20.5401   25.4228    8.8169   -3.9674    0.9832    0.0000    0.0030  -10.0000    4.8727  0.2008E+09  0.4759E+03  0.2473E-11 -0.1164E-06  0.1000E-09  0.1000E-09  0.1000E-09  0.1000E-09  0.8874E+04  0.6134E-01
    6.1398 14  1   25.4228   20.5391   25.4228    8.8169   -3.9674    0.9839    0.0000    0.0030  -10.0000    4.8732  0.2008E+09  0.4740E+03  0.2482E-11 -0.1164E-06  0.1000E-09  0.1000E-09  0.1000E-09  0.1000E-09  0.8875E+04  0.6134E-01
    6.1488 14  1   25.4228   20.5380   25.4228    8.8169   -3.9674    0.9847    0.0000    0.0030  -10.0000    4.8737  0.2008E+09  0.4720E+03  0.2495E-11 -0.1166E-06  0.1000E-09  0.1000E-09  0.1000E-09  0.1000E-09  0.8875E+04  0.6134E-01
    6.1577 14  1   25.4228   20.5370   25.4228    8.8169   -3.9674    0.9855    0.0000    0.0030  -10.0000    4.8742  0.2008E+09  0.4701E+03  0.2508E-11 -0.1168E-06  0.1000E-09  0.1000E-09  0.1000E-09  0.1000E-09  0.8875E+04  0.6134E-01
    6.1667 14  1   25.4228   20.5359   25.4228    8.8169   -3.9674    0.9863    0.0000    0.0030  -10.0000    4.8748  0.2008E+09  0.4682E+03  0.2518E-11 -0.1168E-06  0.1000E-09  0.1000E-09  0.1000E-09  0.1000E-09  0.8875E+04  0.6134E-01
    6.1756 14  1   25.4228   20.5349   25.4228    8.8169   -3.9674    0.9871    0.0000    0.0030  -10.0000    4.8753  0.2009E+09  0.4662E+03  0.2527E-11 -0.1168E-06  0.1000E-09  0.1000E-09  0.1000E-09  0.1000E-09  0.8875E+04  0.6134E-01
    6.1846 14  1   25.4228   20.5339   25.4228    8.8169   -3.9674    0.9878    0.0000    0.0030  -10.0000    4.8758  0.2009E+09  0.4643E+03  0.2537E-11 -0.1168E-06  0.1000E-09  0.1000E-09  0.1000E-09  0.1000E-09  0.8876E+04  0.6134E-01
    6.1936 14  1   25.4228   20.5328   25.4228    8.8169   -3.9674    0.9886    0.0000    0.0030  -10.0000    4.8763  0.2009E+09  0.4624E+03  0.2547E-11 -0.1168E-06  0.1000E-09  0.1000E-09  0.1000E-09  0.1000E-09  0.8876E+04  0.6134E-01
    6.2025 14  1   25.4228   20.5318   25.4228    8.8169   -3.9674    0.9894    0.0000    0.0030  -10.0000    4.8768  0.2009E+09  0.4604E+03  0.2559E-11 -0.1170E-06  0.1000E-09  0.1000E-09  0.1000E-09  0.1000E-09  0.8876E+04  0.6134E-01
    6.2115 14  1   25.4228   20.5307   25.4228    8.8169   -3.9674    0.9902    0.0000    0.0031  -10.0000    4.8773  0.2009E+09  0.4585E+03  0.2570E-11 -0.1170E-06  0.1000E-09  0.1000E-09  0.1000E-09  0.1000E-09  0.8876E+04  0.6134E-01
    6.2204 14  1   25.4228   20.5297   25.4228    8.8169   -3.9674    0.9910    0.0000    0.0031  -10.0000    4.8778  0.2009E+09  0.4566E+03  0.2580E-11 -0.1170E-06  0.1000E-09  0.1000E-09  0.1000E-09  0.1000E-09  0.8877E+04  0.6134E-01
    6.2294 14  1   25.4228   20.5286   25.4228    8.8169   -3.9674    0.9919    0.0000    0.0031  -10.0000    4.8783  0.2009E+09  0.4547E+03  0.2590E-11 -0.1170E-06  0.1000E-09  0.1000E-09  0.1000E-09  0.1000E-09  0.8877E+04  0.6134E-01
    6.2383 14  1   25.4228   20.5276   25.4228    8.8169   -3.9674    0.9927    0.0000    0.0031  -10.0000    4.8789  0.2009E+09  0.4528E+03  0.2599E-11 -0.1170E-06  0.1000E-09  0.1000E-09  0.1000E-09  0.1000E-09  0.8877E+04  0.6134E-01
    6.2473 14  1   25.4228   20.5265   25.4228    8.8169   -3.9674    0.9935    0.0000    0.0031  -10.0000    4.8794  0.2009E+09  0.4508E+03  0.2600E-11 -0.1167E-06  0.1000E-09  0.1000E-09  0.1000E-09  0.1000E-09  0.8877E+04  0.6134E-01
    6.2562 14  1   25.4228   20.5255   25.4228    8.8169   -3.9674    0.9943    0.0000    0.0031  -10.0000    4.8799  0.2009E+09  0.4489E+03  0.2602E-11 -0.1163E-06  0.1000E-09  0.1000E-09  0.1000E-09  0.1000E-09  0.8877E+04  0.6134E-01
    6.2652 14  1   25.4228   20.5244   25.4228    8.8169   -3.9674    0.9951    0.0000    0.0031  -10.0000    4.8804  0.2010E+09  0.4470E+03  0.2612E-11 -0.1163E-06  0.1000E-09  0.1000E-09  0.1000E-09  0.1000E-09  0.8878E+04  0.6134E-01
    6.2741 14  1   25.4228   20.5234   25.4228    8.8169   -3.9674    0.9959    0.0000    0.0031  -10.0000    4.8809  0.2010E+09  0.4451E+03  0.2622E-11 -0.1163E-06  0.1000E-09  0.1000E-09  0.1000E-09  0.1000E-09  0.8878E+04  0.6134E-01
    6.2831 14  1   25.4228   20.5224   25.4228    8.8169   -3.9674    0.9968    0.0000    0.0031  -10.0000    4.8814  0.2010E+09  0.4432E+03  0.2632E-11 -0.1163E-06  0.1000E-09  0.1000E-09  0.1000E-09  0.1000E-09  0.8878E+04  0.6134E-01
    6.2920 14  1   25.4228   20.5213   25.4228    8.8169   -3.9674    0.9976    0.0000    0.0031  -10.0000    4.8820  0.2010E+09  0.4413E+03  0.2642E-11 -0.1163E-06  0.1000E-09  0.1000E-09  0.1000E-09  0.1000E-09  0.8878E+04  0.6134E-01
    6.3010 14  1   25.4228   20.5203   25.4228    8.8169   -3.9674    0.9984    0.0000    0.0031  -10.0000    4.8825  0.2010E+09  0.4393E+03  0.2653E-11 -0.1163E-06  0.1000E-09  0.1000E-09  0.1000E-09  0.1000E-09  0.8878E+04  0.6134E-01
    6.3100 14  1   25.4228   20.5192   25.4228    8.8169   -3.9674    0.9993    0.0000    0.0031  -10.0000    4.8830  0.2010E+09  0.4374E+03  0.2664E-11 -0.1164E-06  0.1000E-09  0.1000E-09  0.1000E-09  0.1000E-09  0.8879E+04  0.6134E-01
    6.3189 14  1   25.4228   20.5182   25.4228    8.8169   -3.9674    1.0001    0.0000    0.0031  -10.0000    4.8835  0.2010E+09  0.4355E+03  0.2674E-11 -0.1164E-06  0.1000E-09  0.1000E-09  0.1000E-09  0.1000E-09  0.8879E+04  0.6134E-01
    6.3279 14  1   25.4228   20.5172   25.4228    8.8169   -3.9674    1.0009    0.0000    0.0031  -10.0000    4.8840  0.2010E+09  0.4336E+03  0.2685E-11 -0.1164E-06  0.1000E-09  0.1000E-09  0.1000E-09  0.1000E-09  0.8879E+04  0.6134E-01
    6.3368 14  1   25.4228   20.5161   25.4228    8.8169   -3.9674    1.0018    0.0000    0.0031  -10.0000    4.8845  0.2010E+09  0.4317E+03  0.2695E-11 -0.1164E-06  0.1000E-09  0.1000E-09  0.1000E-09  0.1000E-09  0.8879E+04  0.6134E-01
    6.3458 14  1   25.4228   20.5151   25.4228    8.8169   -3.9674    1.0026    0.0000    0.0031  -10.0000    4.8851  0.2011E+09  0.4298E+03  0.2704E-11 -0.1163E-06  0.1000E-09  0.1000E-09  0.1000E-09  0.1000E-09  0.8879E+04  0.6134E-01
    6.3547 14  1   25.4228   20.5140   25.4228    8.8169   -3.9674    1.0035    0.0000    0.0031  -10.0000    4.8856  0.2011E+09  0.4279E+03  0.2712E-11 -0.1162E-06  0.1000E-09  0.1000E-09  0.1000E-09  0.1000E-09  0.8880E+04  0.6134E-01
    6.3637 14  1   25.4228   20.5130   25.4228    8.8169   -3.9674    1.0044    0.0000    0.0032  -10.0000    4.8861  0.2011E+09  0.4260E+03  0.2723E-11 -0.1162E-06  0.1000E-09  0.1000E-09  0.1000E-09  0.1000E-09  0.8880E+04  0.6134E-01
    6.3726 14  1   25.4228   20.5119   25.4228    8.8169   -3.9674    1.0052    0.0000    0.0032  -10.0000    4.8866  0.2011E+09  0.4241E+03  0.2734E-11 -0.1162E-06  0.1000E-09  0.1000E-09  0.1000E-09  0.1000E-09  0.8880E+04  0.6134E-01
    6.3816 14  1   25.4228   20.5109   25.4228    8.8169   -3.9674    1.0061    0.0000    0.0032  -10.0000    4.8872  0.2011E+09  0.4222E+03  0.2745E-11 -0.1162E-06  0.1000E-09  0.1000E-09  0.1000E-09  0.1000E-09  0.8880E+04  0.6134E-01
    6.3905 14  1   25.4228   20.5099   25.4228    8.8169   -3.9674    1.0070    0.0000    0.0032  -10.0000    4.8877  0.2011E+09  0.4203E+03  0.2771E-11 -0.1168E-06  0.1000E-09  0.1000E-09  0.1000E-09  0.1000E-09  0.8880E+04  0.6134E-01
    6.3995 14  1   25.4228   20.5088   25.4228    8.8169   -3.9674    1.0078    0.0000    0.0032  -10.0000    4.8882  0.2011E+09  0.4183E+03  0.2806E-11 -0.1178E-06  0.1000E-09  0.1000E-09  0.1000E-09  0.1000E-09  0.8881E+04  0.6134E-01
    6.4084 14  1   25.4228   20.5077   25.4228    8.8169   -3.9674    1.0087    0.0000    0.0032  -10.0000    4.8887  0.2011E+09  0.4164E+03  0.2825E-11 -0.1181E-06  0.1000E-09  0.1000E-09  0.1000E-09  0.1000E-09  0.8881E+04  0.6134E-01
    6.4174 14  1   25.4228   20.5067   25.4228    8.8169   -3.9674    1.0096    0.0000    0.0032  -10.0000    4.8893  0.2012E+09  0.4145E+03  0.2837E-11 -0.1181E-06  0.1000E-09  0.1000E-09  0.1000E-09  0.1000E-09  0.8881E+04  0.6134E-01
    6.4264 14  1   25.4228   20.5056   25.4228    8.8169   -3.9674    1.0105    0.0000    0.0032  -10.0000    4.8898  0.2012E+09  0.4126E+03  0.2849E-11 -0.1181E-06  0.1000E-09  0.1000E-09  0.1000E-09  0.1000E-09  0.8881E+04  0.6134E-01
    6.4353 14  1   25.4228   20.5046   25.4228    8.8169   -3.9674    1.0114    0.0000    0.0032  -10.0000    4.8903  0.2012E+09  0.4107E+03  0.2852E-11 -0.1178E-06  0.1000E-09  0.1000E-09  0.1000E-09  0.1000E-09  0.8881E+04  0.6134E-01
    6.4443 14  1   25.4228   20.5035   25.4228    8.8169   -3.9674    1.0123    0.0000    0.0032  -10.0000    4.8909  0.2012E+09  0.4088E+03  0.2829E-11 -0.1164E-06  0.1000E-09  0.1000E-09  0.1000E-09  0.1000E-09  0.8882E+04  0.6134E-01
    6.4532 14  1   25.4228   20.5025   25.4228    8.8169   -3.9674    1.0132    0.0000    0.0032  -10.0000    4.8914  0.2012E+09  0.4069E+03  0.2815E-11 -0.1153E-06  0.1000E-09  0.1000E-09  0.1000E-09  0.1000E-09  0.8882E+04  0.6134E-01
    6.4622 14  1   25.4228   20.5015   25.4228    8.8169   -3.9674    1.0141    0.0000    0.0032  -10.0000    4.8919  0.2012E+09  0.4050E+03  0.2827E-11 -0.1153E-06  0.1000E-09  0.1000E-09  0.1000E-09  0.1000E-09  0.8882E+04  0.6134E-01
    6.4711 14  1   25.4228   20.5004   25.4228    8.8169   -3.9674    1.0150    0.0000    0.0032  -10.0000    4.8924  0.2012E+09  0.4031E+03  0.2838E-11 -0.1153E-06  0.1000E-09  0.1000E-09  0.1000E-09  0.1000E-09  0.8882E+04  0.6134E-01
    6.4801 14  1   25.4228   20.4994   25.4228    8.8169   -3.9674    1.0159    0.0000    0.0032  -10.0000    4.8930  0.2012E+09  0.4013E+03  0.2850E-11 -0.1153E-06  0.1000E-09  0.1000E-09  0.1000E-09  0.1000E-09  0.8882E+04  0.6134E-01
    6.4890 14  1   25.4228   20.4984   25.4228    8.8169   -3.9674    1.0168    0.0000    0.0032  -10.0000    4.8935  0.2012E+09  0.3994E+03  0.2878E-11 -0.1159E-06  0.1000E-09  0.1000E-09  0.1000E-09  0.1000E-09  0.8883E+04  0.6134E-01
    6.4980 14  1   25.4228   20.4973   25.4228    8.8169   -3.9674    1.0178    0.0000    0.0033  -10.0000    4.8940  0.2013E+09  0.3974E+03  0.2912E-11 -0.1168E-06  0.1000E-09  0.1000E-09  0.1000E-09  0.1000E-09  0.8883E+04  0.6134E-01
    6.5069 14  1   25.4228   20.4963   25.4228    8.8169   -3.9674    1.0187    0.0000    0.0033  -10.0000    4.8946  0.2013E+09  0.3955E+03  0.2931E-11 -0.1170E-06  0.1000E-09  0.1000E-09  0.1000E-09  0.1000E-09  0.8883E+04  0.6134E-01
    6.5159 14  1   25.4228   20.4952   25.4228    8.8169   -3.9674    1.0196    0.0000    0.0033  -10.0000    4.8951  0.2013E+09  0.3936E+03  0.2943E-11 -0.1170E-06  0.1000E-09  0.1000E-09  0.1000E-09  0.1000E-09  0.8883E+04  0.6134E-01
    6.5248 14  1   25.4228   20.4942   25.4228    8.8169   -3.9674    1.0206    0.0000    0.0033  -10.0000    4.8957  0.2013E+09  0.3917E+03  0.2956E-11 -0.1170E-06  0.1000E-09  0.1000E-09  0.1000E-09  0.1000E-09  0.8883E+04  0.6134E-01
    6.5338 14  1   25.4228   20.4931   25.4228    8.8169   -3.9674    1.0215    0.0000    0.0033  -10.0000    4.8962  0.2013E+09  0.3899E+03  0.2961E-11 -0.1167E-06  0.1000E-09  0.1000E-09  0.1000E-09  0.1000E-09  0.8884E+04  0.6134E-01
    6.5427 14  1   25.4228   20.4921   25.4228    8.8169   -3.9674    1.0225    0.0000    0.0033  -10.0000    4.8967  0.2013E+09  0.3880E+03  0.2952E-11 -0.1158E-06  0.1000E-09  0.1000E-09  0.1000E-09  0.1000E-09  0.8884E+04  0.6134E-01
    6.5517 14  1   25.4228   20.4911   25.4228    8.8169   -3.9674    1.0234    0.0000    0.0033  -10.0000    4.8973  0.2013E+09  0.3861E+03  0.2950E-11 -0.1153E-06  0.1000E-09  0.1000E-09  0.1000E-09  0.1000E-09  0.8884E+04  0.6134E-01
    6.5607 14  1   25.4228   20.4900   25.4228    8.8169   -3.9674    1.0244    0.0000    0.0033  -10.0000    4.8978  0.2013E+09  0.3842E+03  0.2963E-11 -0.1153E-06  0.1000E-09  0.1000E-09  0.1000E-09  0.1000E-09  0.8884E+04  0.6134E-01
    6.5696 14  1   25.4228   20.4890   25.4228    8.8169   -3.9674    1.0253    0.0000    0.0033  -10.0000    4.8983  0.2014E+09  0.3823E+03  0.2976E-11 -0.1153E-06  0.1000E-09  0.1000E-09  0.1000E-09  0.1000E-09  0.8884E+04  0.6134E-01
    6.5786 14  1   25.4228   20.4880   25.4228    8.8169   -3.9674    1.0263    0.0000    0.0033  -10.0000    4.8989  0.2014E+09  0.3804E+03  0.2990E-11 -0.1153E-06  0.1000E-09  0.1000E-09  0.1000E-09  0.1000E-09  0.8885E+04  0.6134E-01
    6.5875 14  1   25.4228   20.4869   25.4228    8.8169   -3.9674    1.0272    0.0000    0.0033  -10.0000    4.8994  0.2014E+09  0.3786E+03  0.3001E-11 -0.1152E-06  0.1000E-09  0.1000E-09  0.1000E-09  0.1000E-09  0.8885E+04  0.6134E-01
    6.5965 14  1   25.4228   20.4859   25.4228    8.8169   -3.9674    1.0282    0.0000    0.0033  -10.0000    4.9000  0.2014E+09  0.3767E+03  0.3012E-11 -0.1151E-06  0.1000E-09  0.1000E-09  0.1000E-09  0.1000E-09  0.8885E+04  0.6134E-01
    6.6054 14  1   25.4228   20.4849   25.4228    8.8169   -3.9674    1.0292    0.0000    0.0033  -10.0000    4.9005  0.2014E+09  0.3748E+03  0.3026E-11 -0.1151E-06  0.1000E-09  0.1000E-09  0.1000E-09  0.1000E-09  0.8885E+04  0.6134E-01
    6.6144 14  1   25.4228   20.4838   25.4228    8.8169   -3.9674    1.0302    0.0000    0.0033  -10.0000    4.9010  0.2014E+09  0.3729E+03  0.3039E-11 -0.1151E-06  0.1000E-09  0.1000E-09  0.1000E-09  0.1000E-09  0.8885E+04  0.6134E-01
    6.6233 14  1   25.4228   20.4828   25.4228    8.8169   -3.9674    1.0312    0.0000    0.0034  -10.0000    4.9016  0.2014E+09  0.3710E+03  0.3053E-11 -0.1151E-06  0.1000E-09  0.1000E-09  0.1000E-09  0.1000E-09  0.8886E+04  0.6134E-01
    6.6323 14  1   25.4228   20.4818   25.4228    8.8169   -3.9674    1.0322    0.0000    0.0034  -10.0000    4.9021  0.2014E+09  0.3692E+03  0.3075E-11 -0.1154E-06  0.1000E-09  0.1000E-09  0.1000E-09  0.1000E-09  0.8886E+04  0.6134E-01
    6.6412 14  1   25.4228   20.4807   25.4228    8.8169   -3.9674    1.0332    0.0000    0.0034  -10.0000    4.9027  0.2015E+09  0.3673E+03  0.3106E-11 -0.1160E-06  0.1000E-09  0.1000E-09  0.1000E-09  0.1000E-09  0.8886E+04  0.6134E-01
    6.6502 14  1   25.4228   20.4797   25.4228    8.8169   -3.9674    1.0342    0.0000    0.0034  -10.0000    4.9032  0.2015E+09  0.3654E+03  0.3131E-11 -0.1164E-06  0.1000E-09  0.1000E-09  0.1000E-09  0.1000E-09  0.8886E+04  0.6134E-01
    6.6591 14  1   25.4228   20.4787   25.4228    8.8169   -3.9674    1.0352    0.0000    0.0034  -10.0000    4.9038  0.2015E+09  0.3635E+03  0.3145E-11 -0.1164E-06  0.1000E-09  0.1000E-09  0.1000E-09  0.1000E-09  0.8886E+04  0.6134E-01
    6.6681 14  1   25.4228   20.4776   25.4228    8.8169   -3.9674    1.0362    0.0000    0.0034  -10.0000    4.9043  0.2015E+09  0.3616E+03  0.3160E-11 -0.1164E-06  0.1000E-09  0.1000E-09  0.1000E-09  0.1000E-09  0.8887E+04  0.6134E-01
    6.6771 14  1   25.4228   20.4766   25.4228    8.8169   -3.9674    1.0372    0.0000    0.0034  -10.0000    4.9049  0.2015E+09  0.3597E+03  0.3175E-11 -0.1164E-06  0.1000E-09  0.1000E-09  0.1000E-09  0.1000E-09  0.8887E+04  0.6134E-01
    6.6860 14  1   25.4228   20.4755   25.4228    8.8169   -3.9674    1.0383    0.0000    0.0034  -10.0000    4.9054  0.2015E+09  0.3578E+03  0.3162E-11 -0.1154E-06  0.1000E-09  0.1000E-09  0.1000E-09  0.1000E-09  0.8887E+04  0.6134E-01
    6.6950 14  1   25.4228   20.4745   25.4228    8.8169   -3.9674    1.0393    0.0000    0.0034  -10.0000    4.9060  0.2015E+09  0.3559E+03  0.3150E-11 -0.1144E-06  0.1000E-09  0.1000E-09  0.1000E-09  0.1000E-09  0.8887E+04  0.6134E-01
    6.7039 14  1   25.4228   20.4735   25.4228    8.8169   -3.9674    1.0403    0.0000    0.0034  -10.0000    4.9065  0.2015E+09  0.3541E+03  0.3165E-11 -0.1144E-06  0.1000E-09  0.1000E-09  0.1000E-09  0.1000E-09  0.8887E+04  0.6134E-01
    6.7129 14  1   25.4228   20.4725   25.4228    8.8169   -3.9674    1.0414    0.0000    0.0034  -10.0000    4.9071  0.2016E+09  0.3522E+03  0.3180E-11 -0.1144E-06  0.1000E-09  0.1000E-09  0.1000E-09  0.1000E-09  0.8888E+04  0.6134E-01
    6.7218 14  1   25.4228   20.4714   25.4228    8.8169   -3.9674    1.0424    0.0000    0.0034  -10.0000    4.9076  0.2016E+09  0.3503E+03  0.3195E-11 -0.1144E-06  0.1000E-09  0.1000E-09  0.1000E-09  0.1000E-09  0.8888E+04  0.6134E-01
    6.7308 14  1   25.4228   20.4704   25.4228    8.8169   -3.9674    1.0435    0.0000    0.0035  -10.0000    4.9082  0.2016E+09  0.3485E+03  0.3205E-11 -0.1142E-06  0.1000E-09  0.1000E-09  0.1000E-09  0.1000E-09  0.8888E+04  0.6134E-01
    6.7397 14  1   25.4228   20.4694   25.4228    8.8169   -3.9674    1.0445    0.0000    0.0035  -10.0000    4.9087  0.2016E+09  0.3466E+03  0.3213E-11 -0.1139E-06  0.1000E-09  0.1000E-09  0.1000E-09  0.1000E-09  0.8888E+04  0.6134E-01
    6.7487 14  1   25.4228   20.4684   25.4228    8.8169   -3.9674    1.0456    0.0000    0.0035  -10.0000    4.9093  0.2016E+09  0.3447E+03  0.3225E-11 -0.1138E-06  0.1000E-09  0.1000E-09  0.1000E-09  0.1000E-09  0.8888E+04  0.6134E-01
    6.7576 14  1   25.4228   20.4674   25.4228    8.8169   -3.9674    1.0467    0.0000    0.0035  -10.0000    4.9098  0.2016E+09  0.3429E+03  0.3241E-11 -0.1138E-06  0.1000E-09  0.1000E-09  0.1000E-09  0.1000E-09  0.8889E+04  0.6134E-01
    6.7666 14  1   25.4228   20.4663   25.4228    8.8169   -3.9674    1.0478    0.0000    0.0035  -10.0000    4.9104  0.2016E+09  0.3410E+03  0.3257E-11 -0.1138E-06  0.1000E-09  0.1000E-09  0.1000E-09  0.1000E-09  0.8889E+04  0.6134E-01
    6.7755 14  1   25.4228   20.4653   25.4228    8.8169   -3.9674    1.0488    0.0000    0.0035  -10.0000    4.9109  0.2017E+09  0.3392E+03  0.3269E-11 -0.1136E-06  0.1000E-09  0.1000E-09  0.1000E-09  0.1000E-09  0.8889E+04  0.6134E-01
    6.7845 14  1   25.4228   20.4643   25.4228    8.8169   -3.9674    1.0499    0.0000    0.0035  -10.0000    4.9115  0.2017E+09  0.3373E+03  0.3258E-11 -0.1127E-06  0.1000E-09  0.1000E-09  0.1000E-09  0.1000E-09  0.8889E+04  0.6134E-01
    6.7935 14  1   25.4228   20.4633   25.4228    8.8169   -3.9674    1.0510    0.0000    0.0035  -10.0000    4.9121  0.2017E+09  0.3354E+03  0.3251E-11 -0.1119E-06  0.1000E-09  0.1000E-09  0.1000E-09  0.1000E-09  0.8889E+04  0.6134E-01
    6.8024 14  1   25.4228   20.4623   25.4228    8.8169   -3.9674    1.0521    0.0000    0.0035  -10.0000    4.9126  0.2017E+09  0.3336E+03  0.3268E-11 -0.1119E-06  0.1000E-09  0.1000E-09  0.1000E-09  0.1000E-09  0.8890E+04  0.6134E-01
    6.8114 14  1   25.4228   20.4613   25.4228    8.8169   -3.9674    1.0532    0.0000    0.0035  -10.0000    4.9132  0.2017E+09  0.3317E+03  0.3284E-11 -0.1119E-06  0.1000E-09  0.1000E-09  0.1000E-09  0.1000E-09  0.8890E+04  0.6134E-01
    6.8203 14  1   25.4228   20.4603   25.4228    8.8169   -3.9674    1.0543    0.0000    0.0035  -10.0000    4.9137  0.2017E+09  0.3299E+03  0.3301E-11 -0.1119E-06  0.1000E-09  0.1000E-09  0.1000E-09  0.1000E-09  0.8890E+04  0.6134E-01
    6.8293 14  1   25.4228   20.4593   25.4228    8.8169   -3.9674    1.0554    0.0000    0.0035  -10.0000    4.9143  0.2017E+09  0.3281E+03  0.3306E-11 -0.1115E-06  0.1000E-09  0.1000E-09  0.1000E-09  0.1000E-09  0.8890E+04  0.6134E-01
    6.8382 14  1   25.4228   20.4583   25.4228    8.8169   -3.9674    1.0565    0.0000    0.0036  -10.0000    4.9149  0.2017E+09  0.3262E+03  0.3306E-11 -0.1109E-06  0.1000E-09  0.1000E-09  0.1000E-09  0.1000E-09  0.8890E+04  0.6134E-01
    6.8472 14  1   25.4228   20.4573   25.4228    8.8169   -3.9674    1.0577    0.0000    0.0036  -10.0000    4.9154  0.2018E+09  0.3244E+03  0.3319E-11 -0.1108E-06  0.1000E-09  0.1000E-09  0.1000E-09  0.1000E-09  0.8890E+04  0.6134E-01
    6.8561 14  1   25.4228   20.4563   25.4228    8.8169   -3.9674    1.0588    0.0000    0.0036  -10.0000    4.9160  0.2018E+09  0.3225E+03  0.3336E-11 -0.1108E-06  0.1000E-09  0.1000E-09  0.1000E-09  0.1000E-09  0.8891E+04  0.6134E-01
    6.8651 14  1   25.4228   20.4553   25.4228    8.8169   -3.9674    1.0599    0.0000    0.0036  -10.0000    4.9166  0.2018E+09  0.3207E+03  0.3353E-11 -0.1108E-06  0.1000E-09  0.1000E-09  0.1000E-09  0.1000E-09  0.8891E+04  0.6134E-01
    6.8740 14  1   25.4228   20.4544   25.4228    8.8169   -3.9674    1.0611    0.0000    0.0036  -10.0000    4.9171  0.2018E+09  0.3189E+03  0.3370E-11 -0.1107E-06  0.1000E-09  0.1000E-09  0.1000E-09  0.1000E-09  0.8891E+04  0.6134E-01
    6.8830 14  1   25.4228   20.4534   25.4228    8.8169   -3.9674    1.0622    0.0000    0.0036  -10.0000    4.9177  0.2018E+09  0.3170E+03  0.3384E-11 -0.1106E-06  0.1000E-09  0.1000E-09  0.1000E-09  0.1000E-09  0.8891E+04  0.6134E-01
    6.8919 14  1   25.4228   20.4524   25.4228    8.8169   -3.9674    1.0634    0.0000    0.0036  -10.0000    4.9183  0.2018E+09  0.3152E+03  0.3399E-11 -0.1105E-06  0.1000E-09  0.1000E-09  0.1000E-09  0.1000E-09  0.8891E+04  0.6134E-01
    6.9009 14  1   25.4228   20.4514   25.4228    8.8169   -3.9674    1.0646    0.0000    0.0036  -10.0000    4.9188  0.2018E+09  0.3133E+03  0.3418E-11 -0.1105E-06  0.1000E-09  0.1000E-09  0.1000E-09  0.1000E-09  0.8892E+04  0.6134E-01
    6.9099 14  1   25.4228   20.4504   25.4228    8.8169   -3.9674    1.0657    0.0000    0.0036  -10.0000    4.9194  0.2019E+09  0.3115E+03  0.3436E-11 -0.1105E-06  0.1000E-09  0.1000E-09  0.1000E-09  0.1000E-09  0.8892E+04  0.6134E-01
    6.9188 14  1   25.4228   20.4494   25.4228    8.8169   -3.9674    1.0669    0.0000    0.0036  -10.0000    4.9200  0.2019E+09  0.3097E+03  0.3455E-11 -0.1105E-06  0.1000E-09  0.1000E-09  0.1000E-09  0.1003E-09  0.8892E+04  0.6134E-01
    6.9278 14  1   25.4228   20.4484   25.4228    8.8169   -3.9674    1.0681    0.0000    0.0037  -10.0000    4.9205  0.2019E+09  0.3078E+03  0.3452E-11 -0.1098E-06  0.1000E-09  0.1000E-09  0.1000E-09  0.1006E-09  0.8892E+04  0.6134E-01
    6.9367 14  1   25.4228   20.4474   25.4228    8.8169   -3.9674    1.0693    0.0000    0.0037  -10.0000    4.9211  0.2019E+09  0.3060E+03  0.3444E-11 -0.1090E-06  0.1000E-09  0.1000E-09  0.1000E-09  0.1009E-09  0.8892E+04  0.6134E-01
    6.9457 14  1   25.4228   20.4465   25.4228    8.8169   -3.9674    1.0705    0.0000    0.0037  -10.0000    4.9217  0.2019E+09  0.3041E+03  0.3457E-11 -0.1088E-06  0.1000E-09  0.1000E-09  0.1000E-09  0.1011E-09  0.8893E+04  0.6134E-01
    6.9546 14  1   25.4228   20.4455   25.4228    8.8169   -3.9674    1.0717    0.0000    0.0037  -10.0000    4.9223  0.2019E+09  0.3023E+03  0.3477E-11 -0.1088E-06  0.1000E-09  0.1000E-09  0.1000E-09  0.1014E-09  0.8893E+04  0.6134E-01
    6.9636 14  1   25.4228   20.4445   25.4228    8.8169   -3.9674    1.0729    0.0000    0.0037  -10.0000    4.9228  0.2019E+09  0.3005E+03  0.3496E-11 -0.1088E-06  0.1000E-09  0.1000E-09  0.1000E-09  0.1017E-09  0.8893E+04  0.6134E-01
    6.9725 14  1   25.4228   20.4436   25.4228    8.8169   -3.9674    1.0741    0.0000    0.0037  -10.0000    4.9234  0.2020E+09  0.2987E+03  0.3506E-11 -0.1085E-06  0.1000E-09  0.1000E-09  0.1000E-09  0.1020E-09  0.8893E+04  0.6134E-01
    6.9815 14  1   25.4228   20.4426   25.4228    8.8169   -3.9674    1.0754    0.0000    0.0037  -10.0000    4.9240  0.2020E+09  0.2968E+03  0.3500E-11 -0.1077E-06  0.1000E-09  0.1000E-09  0.1000E-09  0.1023E-09  0.8893E+04  0.6134E-01
    6.9904 14  1   25.4228   20.4416   25.4228    8.8169   -3.9674    1.0766    0.0000    0.0037  -10.0000    4.9246  0.2020E+09  0.2950E+03  0.3503E-11 -0.1072E-06  0.1000E-09  0.1000E-09  0.1000E-09  0.1026E-09  0.8894E+04  0.6134E-01
    6.9994 14  1   25.4228   20.4407   25.4228    8.8169   -3.9674    1.0779    0.0000    0.0037  -10.0000    4.9251  0.2020E+09  0.2932E+03  0.3523E-11 -0.1072E-06  0.1000E-09  0.1000E-09  0.1000E-09  0.1029E-09  0.8894E+04  0.6134E-01
    7.0083 14  1   25.4228   20.4397   25.4228    8.8169   -3.9674    1.0791    0.0000    0.0037  -10.0000    4.9257  0.2020E+09  0.2914E+03  0.3544E-11 -0.1072E-06  0.1000E-09  0.1000E-09  0.1000E-09  0.1032E-09  0.8894E+04  0.6134E-01
    7.0173 14  1   25.4228   20.4387   25.4228    8.8169   -3.9674    1.0803    0.0000    0.0038  -10.0000    4.9263  0.2020E+09  0.2896E+03  0.3564E-11 -0.1072E-06  0.1000E-09  0.1000E-09  0.1000E-09  0.1035E-09  0.8894E+04  0.6134E-01
    7.0263 14  1   25.4228   20.4378   25.4228    8.8169   -3.9674    1.0816    0.0000    0.0038  -10.0000    4.9269  0.2020E+09  0.2877E+03  0.3571E-11 -0.1068E-06  0.1000E-09  0.1000E-09  0.1000E-09  0.1038E-09  0.8894E+04  0.6134E-01
    7.0352 14  1   25.4228   20.4368   25.4228    8.8169   -3.9674    1.0829    0.0000    0.0038  -10.0000    4.9275  0.2021E+09  0.2859E+03  0.3577E-11 -0.1064E-06  0.1000E-09  0.1000E-09  0.1000E-09  0.1042E-09  0.8894E+04  0.6134E-01
    7.0442 14  1   25.4228   20.4359   25.4228    8.8169   -3.9674    1.0842    0.0000    0.0038  -10.0000    4.9280  0.2021E+09  0.2841E+03  0.3597E-11 -0.1063E-06  0.1000E-09  0.1000E-09  0.1000E-09  0.1045E-09  0.8895E+04  0.6134E-01
    7.0531 14  1   25.4228   20.4349   25.4228    8.8169   -3.9674    1.0855    0.0000    0.0038  -10.0000    4.9286  0.2021E+09  0.2822E+03  0.3619E-11 -0.1063E-06  0.1000E-09  0.1000E-09  0.1000E-09  0.1048E-09  0.8895E+04  0.6134E-01
    7.0621 14  1   25.4228   20.4340   25.4228    8.8169   -3.9674    1.0868    0.0000    0.0038  -10.0000    4.9292  0.2021E+09  0.2804E+03  0.3640E-11 -0.1063E-06  0.1000E-09  0.1000E-09  0.1000E-09  0.1051E-09  0.8895E+04  0.6134E-01
    7.0710 14  1   25.4228   20.4330   25.4228    8.8169   -3.9674    1.0881    0.0000    0.0038  -10.0000    4.9298  0.2021E+09  0.2786E+03  0.3635E-11 -0.1056E-06  0.1000E-09  0.1000E-09  0.1000E-09  0.1054E-09  0.8895E+04  0.6134E-01
    7.0800 14  1   25.4228   20.4321   25.4228    8.8169   -3.9674    1.0894    0.0000    0.0038  -10.0000    4.9304  0.2021E+09  0.2768E+03  0.3605E-11 -0.1040E-06  0.1000E-09  0.1000E-09  0.1000E-09  0.1058E-09  0.8895E+04  0.6134E-01
    7.0889 14  1   25.4228   20.4312   25.4228    8.8169   -3.9674    1.0907    0.0000    0.0038  -10.0000    4.9310  0.2021E+09  0.2750E+03  0.3601E-11 -0.1033E-06  0.1000E-09  0.1000E-09  0.1000E-09  0.1061E-09  0.8896E+04  0.6134E-01
    7.0979 14  1   25.4228   20.4303   25.4228    8.8169   -3.9674    1.0921    0.0000    0.0039  -10.0000    4.9316  0.2022E+09  0.2732E+03  0.3623E-11 -0.1033E-06  0.1000E-09  0.1000E-09  0.1000E-09  0.1064E-09  0.8896E+04  0.6134E-01
    7.1068 14  1   25.4228   20.4293   25.4228    8.8169   -3.9674    1.0934    0.0000    0.0039  -10.0000    4.9321  0.2022E+09  0.2714E+03  0.3645E-11 -0.1033E-06  0.1000E-09  0.1000E-09  0.1000E-09  0.1068E-09  0.8896E+04  0.6134E-01
    7.1158 14  1   25.4228   20.4284   25.4228    8.8169   -3.9674    1.0947    0.0000    0.0039  -10.0000    4.9327  0.2022E+09  0.2696E+03  0.3666E-11 -0.1033E-06  0.1000E-09  0.1000E-09  0.1000E-09  0.1071E-09  0.8896E+04  0.6134E-01
    7.1247 14  1   25.4228   20.4275   25.4228    8.8169   -3.9674    1.0961    0.0000    0.0039  -10.0000    4.9333  0.2022E+09  0.2678E+03  0.3666E-11 -0.1026E-06  0.1000E-09  0.1000E-09  0.1000E-09  0.1075E-09  0.8896E+04  0.6134E-01
    7.1337 14  1   25.4228   20.4266   25.4228    8.8169   -3.9674    1.0975    0.0000    0.0039  -10.0000    4.9339  0.2022E+09  0.2660E+03  0.3667E-11 -0.1020E-06  0.1000E-09  0.1000E-09  0.1000E-09  0.1078E-09  0.8896E+04  0.6134E-01
    7.1427 14  1   25.4228   20.4257   25.4228    8.8169   -3.9674    1.0989    0.0000    0.0039  -10.0000    4.9345  0.2022E+09  0.2642E+03  0.3690E-11 -0.1020E-06  0.1000E-09  0.1000E-09  0.1000E-09  0.1082E-09  0.8897E+04  0.6134E-01
    7.1516 14  1   25.4228   20.4247   25.4228    8.8169   -3.9674    1.1002    0.0000    0.0039  -10.0000    4.9351  0.2022E+09  0.2624E+03  0.3713E-11 -0.1020E-06  0.1000E-09  0.1000E-09  0.1000E-09  0.1085E-09  0.8897E+04  0.6134E-01
    7.1606 14  1   25.4228   20.4238   25.4228    8.8169   -3.9674    1.1016    0.0000    0.0039  -10.0000    4.9357  0.2023E+09  0.2606E+03  0.3737E-11 -0.1020E-06  0.1000E-09  0.1000E-09  0.1000E-09  0.1089E-09  0.8897E+04  0.6134E-01
    7.1695 14  1   25.4228   20.4229   25.4228    8.8169   -3.9674    1.1030    0.0000    0.0040  -10.0000    4.9363  0.2023E+09  0.2588E+03  0.3724E-11 -0.1010E-06  0.1000E-09  0.1000E-09  0.1000E-09  0.1092E-09  0.8897E+04  0.6134E-01
    7.1785 14  1   25.4228   20.4220   25.4228    8.8169   -3.9674    1.1044    0.0000    0.0040  -10.0000    4.9369  0.2023E+09  0.2570E+03  0.3689E-11 -0.9941E-07  0.1000E-09  0.1000E-09  0.1000E-09  0.1096E-09  0.8897E+04  0.6134E-01
    7.1874 14  1   25.4228   20.4212   25.4228    8.8169   -3.9674    1.1059    0.0000    0.0040  -10.0000    4.9375  0.2023E+09  0.2553E+03  0.3691E-11 -0.9882E-07  0.1000E-09  0.1000E-09  0.1000E-09  0.1100E-09  0.8898E+04  0.6134E-01
    7.1964 14  1   25.4228   20.4203   25.4228    8.8169   -3.9674    1.1073    0.0000    0.0040  -10.0000    4.9381  0.2023E+09  0.2535E+03  0.3715E-11 -0.9882E-07  0.1000E-09  0.1000E-09  0.1000E-09  0.1103E-09  0.8898E+04  0.6134E-01
    7.2053 14  1   25.4228   20.4194   25.4228    8.8169   -3.9674    1.1087    0.0000    0.0040  -10.0000    4.9387  0.2023E+09  0.2517E+03  0.3740E-11 -0.9882E-07  0.1000E-09  0.1000E-09  0.1000E-09  0.1107E-09  0.8898E+04  0.6134E-01
    7.2143 14  1   25.4228   20.4185   25.4228    8.8169   -3.9674    1.1101    0.0000    0.0040  -10.0000    4.9393  0.2024E+09  0.2500E+03  0.3759E-11 -0.9868E-07  0.1000E-09  0.1000E-09  0.1000E-09  0.1111E-09  0.8898E+04  0.6134E-01
    7.2232 14  1   25.4228   20.4176   25.4228    8.8169   -3.9674    1.1116    0.0000    0.0040  -10.0000    4.9399  0.2024E+09  0.2482E+03  0.3746E-11 -0.9770E-07  0.1000E-09  0.1000E-09  0.1000E-09  0.1115E-09  0.8898E+04  0.6134E-01
    7.2322 14  1   25.4228   20.4168   25.4228    8.8169   -3.9674    1.1131    0.0000    0.0040  -10.0000    4.9405  0.2024E+09  0.2464E+03  0.3739E-11 -0.9686E-07  0.1000E-09  0.1000E-09  0.1000E-09  0.1118E-09  0.8898E+04  0.6134E-01
    7.2411 14  1   25.4228   20.4159   25.4228    8.8169   -3.9674    1.1146    0.0000    0.0041  -10.0000    4.9411  0.2024E+09  0.2446E+03  0.3764E-11 -0.9686E-07  0.1000E-09  0.1000E-09  0.1000E-09  0.1122E-09  0.8899E+04  0.6134E-01
    7.2501 14  1   25.4228   20.4150   25.4228    8.8169   -3.9674    1.1160    0.0000    0.0041  -10.0000    4.9417  0.2024E+09  0.2428E+03  0.3790E-11 -0.9686E-07  0.1000E-09  0.1000E-09  0.1000E-09  0.1126E-09  0.8899E+04  0.6134E-01
    7.2590 14  1   25.4228   20.4142   25.4228    8.8169   -3.9674    1.1175    0.0000    0.0041  -10.0000    4.9423  0.2024E+09  0.2411E+03  0.3816E-11 -0.9686E-07  0.1000E-09  0.1000E-09  0.1000E-09  0.1130E-09  0.8899E+04  0.6134E-01
    7.2680 14  1   25.4228   20.4133   25.4228    8.8169   -3.9674    1.1190    0.0000    0.0041  -10.0000    4.9429  0.2024E+09  0.2393E+03  0.3807E-11 -0.9598E-07  0.1000E-09  0.1000E-09  0.1000E-09  0.1134E-09  0.8899E+04  0.6134E-01
    7.2770 14  1   25.4228   20.4124   25.4228    8.8169   -3.9674    1.1206    0.0000    0.0041  -10.0000    4.9435  0.2025E+09  0.2375E+03  0.3787E-11 -0.9480E-07  0.1000E-09  0.1000E-09  0.1000E-09  0.1138E-09  0.8899E+04  0.6134E-01
    7.2859 14  1   25.4228   20.4116   25.4228    8.8169   -3.9674    1.1221    0.0000    0.0041  -10.0000    4.9441  0.2025E+09  0.2357E+03  0.3801E-11 -0.9450E-07  0.1000E-09  0.1000E-09  0.1000E-09  0.1142E-09  0.8899E+04  0.6134E-01
    7.2949 14  1   25.4228   20.4108   25.4228    8.8169   -3.9674    1.1237    0.0000    0.0041  -10.0000    4.9448  0.2025E+09  0.2340E+03  0.3828E-11 -0.9450E-07  0.1000E-09  0.1000E-09  0.1000E-09  0.1147E-09  0.8900E+04  0.6134E-01
    7.3038 14  1   25.4228   20.4099   25.4228    8.8169   -3.9674    1.1252    0.0000    0.0042  -10.0000    4.9454  0.2025E+09  0.2322E+03  0.3855E-11 -0.9450E-07  0.1000E-09  0.1000E-09  0.1000E-09  0.1151E-09  0.8900E+04  0.6134E-01
    7.3128 14  1   25.4228   20.4091   25.4228    8.8169   -3.9674    1.1267    0.0000    0.0042  -10.0000    4.9460  0.2025E+09  0.2305E+03  0.3858E-11 -0.9391E-07  0.1000E-09  0.1000E-09  0.1000E-09  0.1155E-09  0.8900E+04  0.6134E-01
    7.3217 14  1   25.4228   20.4082   25.4228    8.8169   -3.9674    1.1283    0.0000    0.0042  -10.0000    4.9466  0.2025E+09  0.2287E+03  0.3810E-11 -0.9208E-07  0.1000E-09  0.1000E-09  0.1000E-09  0.1159E-09  0.8900E+04  0.6134E-01
    7.3307 14  1   25.4228   20.4074   25.4228    8.8169   -3.9674    1.1299    0.0000    0.0042  -10.0000    4.9472  0.2025E+09  0.2270E+03  0.3786E-11 -0.9084E-07  0.1000E-09  0.1000E-09  0.1000E-09  0.1164E-09  0.8900E+04  0.6134E-01
    7.3396 14  1   25.4228   20.4066   25.4228    8.8169   -3.9674    1.1315    0.0000    0.0042  -10.0000    4.9478  0.2026E+09  0.2252E+03  0.3814E-11 -0.9084E-07  0.1000E-09  0.1000E-09  0.1000E-09  0.1168E-09  0.8900E+04  0.6134E-01
    7.3486 14  1   25.4228   20.4058   25.4228    8.8169   -3.9674    1.1331    0.0000    0.0042  -10.0000    4.9485  0.2026E+09  0.2235E+03  0.3842E-11 -0.9084E-07  0.1000E-09  0.1000E-09  0.1000E-09  0.1172E-09  0.8900E+04  0.6134E-01
    7.3575 14  1   25.4228   20.4050   25.4228    8.8169   -3.9674    1.1347    0.0000    0.0043  -10.0000    4.9491  0.2026E+09  0.2218E+03  0.3870E-11 -0.9084E-07  0.1000E-09  0.1000E-09  0.1000E-09  0.1177E-09  0.8901E+04  0.6134E-01
    7.3665 14  1   25.4228   20.4042   25.4228    8.8169   -3.9674    1.1363    0.0000    0.0043  -10.0000    4.9497  0.2026E+09  0.2200E+03  0.3860E-11 -0.8994E-07  0.1000E-09  0.1000E-09  0.1000E-09  0.1181E-09  0.8901E+04  0.6134E-01
    7.3754 14  1   25.4228   20.4034   25.4228    8.8169   -3.9674    1.1380    0.0000    0.0043  -10.0000    4.9503  0.2026E+09  0.2182E+03  0.3843E-11 -0.8888E-07  0.1000E-09  0.1000E-09  0.1000E-09  0.1186E-09  0.8901E+04  0.6134E-01
    7.3844 14  1   25.4228   20.4026   25.4228    8.8169   -3.9674    1.1397    0.0000    0.0043  -10.0000    4.9509  0.2026E+09  0.2165E+03  0.3865E-11 -0.8871E-07  0.1000E-09  0.1000E-09  0.1000E-09  0.1191E-09  0.8901E+04  0.6134E-01
    7.3934 14  1   25.4228   20.4018   25.4228    8.8169   -3.9674    1.1413    0.0000    0.0043  -10.0000    4.9516  0.2027E+09  0.2148E+03  0.3895E-11 -0.8871E-07  0.1000E-09  0.1000E-09  0.1000E-09  0.1195E-09  0.8901E+04  0.6134E-01
    7.4023 14  1   25.4228   20.4010   25.4228    8.8169   -3.9674    1.1430    0.0000    0.0043  -10.0000    4.9522  0.2027E+09  0.2130E+03  0.3925E-11 -0.8871E-07  0.1000E-09  0.1000E-09  0.1000E-09  0.1200E-09  0.8901E+04  0.6134E-01
    7.4113 14  1   25.4228   20.4003   25.4228    8.8169   -3.9674    1.1444    0.0000    0.0044  -10.0000    4.9528  0.2027E+09  0.2116E+03  0.3550E-11 -0.7964E-07  0.1000E-09  0.1000E-09  0.1000E-09  0.1204E-09  0.8902E+04  0.6134E-01
    7.4202 14  1   25.4228   20.3998   25.4228    8.8169   -3.9674    1.1454    0.0000    0.0044  -10.0000    4.9533  0.2027E+09  0.2106E+03  0.2632E-11 -0.5867E-07  0.1000E-09  0.1000E-09  0.1000E-09  0.1207E-09  0.8902E+04  0.6134E-01
    7.4292 14  1   25.4228   20.3993   25.4228    8.8169   -3.9674    1.1464    0.0000    0.0044  -10.0000    4.9538  0.2027E+09  0.2095E+03  0.2178E-11 -0.4831E-07  0.1000E-09  0.1000E-09  0.1000E-09  0.1210E-09  0.8902E+04  0.6134E-01
    7.4381 14  1   25.4228   20.3989   25.4228    8.8169   -3.9674    1.1475    0.0000    0.0044  -10.0000    4.9543  0.2027E+09  0.2085E+03  0.2301E-11 -0.5081E-07  0.1000E-09  0.1000E-09  0.1000E-09  0.1213E-09  0.8902E+04  0.6134E-01
    7.4471 14  1   25.4228   20.3984   25.4228    8.8169   -3.9674    1.1485    0.0000    0.0044  -10.0000    4.9548  0.2027E+09  0.2074E+03  0.2410E-11 -0.5297E-07  0.1000E-09  0.1000E-09  0.1000E-09  0.1216E-09  0.8902E+04  0.6134E-01
    7.4560 14  1   25.4228   20.3979   25.4228    8.8169   -3.9674    1.1496    0.0000    0.0044  -10.0000    4.9553  0.2027E+09  0.2063E+03  0.2490E-11 -0.5446E-07  0.1000E-09  0.1000E-09  0.1000E-09  0.1219E-09  0.8902E+04  0.6134E-01
    7.4650 14  1   25.4228   20.3974   25.4228    8.8169   -3.9674    1.1507    0.0000    0.0044  -10.0000    4.9558  0.2027E+09  0.2053E+03  0.2642E-11 -0.5751E-07  0.1000E-09  0.1000E-09  0.1000E-09  0.1222E-09  0.8902E+04  0.6134E-01
    7.4739 14  1   25.4228   20.3969   25.4228    8.8169   -3.9674    1.1517    0.0000    0.0044  -10.0000    4.9563  0.2028E+09  0.2042E+03  0.2791E-11 -0.6044E-07  0.1000E-09  0.1000E-09  0.1000E-09  0.1225E-09  0.8902E+04  0.6134E-01
    7.4829 14  1   25.4228   20.3963   25.4228    8.8169   -3.9674    1.1528    0.0000    0.0044  -10.0000    4.9569  0.2028E+09  0.2031E+03  0.2848E-11 -0.6137E-07  0.1000E-09  0.1000E-09  0.1000E-09  0.1228E-09  0.8902E+04  0.6134E-01
    7.4918 14  1   25.4228   20.3958   25.4228    8.8169   -3.9674    1.1539    0.0000    0.0044  -10.0000    4.9574  0.2028E+09  0.2021E+03  0.2938E-11 -0.6300E-07  0.1000E-09  0.1000E-09  0.1000E-09  0.1231E-09  0.8902E+04  0.6134E-01
    7.5008 14  1   25.4228   20.3952   25.4228    8.8169   -3.9674    1.1550    0.0000    0.0045  -10.0000    4.9579  0.2028E+09  0.2010E+03  0.3058E-11 -0.6525E-07  0.1000E-09  0.1000E-09  0.1000E-09  0.1234E-09  0.8903E+04  0.6134E-01
    7.5098 14  1   25.4228   20.3946   25.4228    8.8169   -3.9674    1.1560    0.0000    0.0045  -10.0000    4.9584  0.2028E+09  0.2000E+03  0.3178E-11 -0.6748E-07  0.1000E-09  0.1000E-09  0.1000E-09  0.1237E-09  0.8903E+04  0.6134E-01
    7.5187 14  1   25.4228   20.3939   25.4228    8.8169   -3.9674    1.1571    0.0000    0.0045  -10.0000    4.9589  0.2028E+09  0.1989E+03  0.3263E-11 -0.6895E-07  0.1000E-09  0.1000E-09  0.1000E-09  0.1240E-09  0.8903E+04  0.6134E-01
    7.5277 14  1   25.4228   20.3933   25.4228    8.8169   -3.9674    1.1582    0.0000    0.0045  -10.0000    4.9594  0.2028E+09  0.1978E+03  0.3424E-11 -0.7198E-07  0.1000E-09  0.1000E-09  0.1000E-09  0.1244E-09  0.8903E+04  0.6134E-01
    7.5366 14  1   25.4228   20.3926   25.4228    8.8169   -3.9674    1.1594    0.0000    0.0045  -10.0000    4.9599  0.2028E+09  0.1968E+03  0.3593E-11 -0.7515E-07  0.1000E-09  0.1000E-09  0.1000E-09  0.1247E-09  0.8903E+04  0.6134E-01
    7.5456 14  1   25.4228   20.3919   25.4228    8.8169   -3.9674    1.1605    0.0000    0.0045  -10.0000    4.9605  0.2029E+09  0.1957E+03  0.3644E-11 -0.7583E-07  0.1000E-09  0.1000E-09  0.1000E-09  0.1250E-09  0.8903E+04  0.6134E-01
    7.5545 14  1   25.4228   20.3913   25.4228    8.8169   -3.9674    1.1616    0.0000    0.0045  -10.0000    4.9610  0.2029E+09  0.1946E+03  0.3695E-11 -0.7652E-07  0.1000E-09  0.1000E-09  0.1000E-09  0.1253E-09  0.8903E+04  0.6134E-01
    7.5635 14  1   25.4228   20.3905   25.4228    8.8169   -3.9674    1.1627    0.0000    0.0045  -10.0000    4.9615  0.2029E+09  0.1936E+03  0.3899E-11 -0.8033E-07  0.1000E-09  0.1000E-09  0.1000E-09  0.1257E-09  0.8903E+04  0.6134E-01
    7.5724 14  1   25.4228   20.3898   25.4228    8.8169   -3.9674    1.1638    0.0000    0.0045  -10.0000    4.9620  0.2029E+09  0.1925E+03  0.4092E-11 -0.8386E-07  0.1000E-09  0.1000E-09  0.1000E-09  0.1260E-09  0.8904E+04  0.6134E-01
    7.5814 14  1   25.4228   20.3890   25.4228    8.8169   -3.9674    1.1649    0.0000    0.0046  -10.0000    4.9625  0.2029E+09  0.1914E+03  0.4164E-11 -0.8490E-07  0.1000E-09  0.1000E-09  0.1000E-09  0.1263E-09  0.8904E+04  0.6134E-01
    7.5903 14  1   25.4228   20.3883   25.4228    8.8169   -3.9674    1.1661    0.0000    0.0046  -10.0000    4.9630  0.2029E+09  0.1903E+03  0.4307E-11 -0.8737E-07  0.1000E-09  0.1000E-09  0.1000E-09  0.1267E-09  0.8904E+04  0.6134E-01
    7.5993 14  1   25.4228   20.3874   25.4228    8.8169   -3.9674    1.1672    0.0000    0.0046  -10.0000    4.9636  0.2030E+09  0.1893E+03  0.4482E-11 -0.9044E-07  0.1000E-09  0.1000E-09  0.1000E-09  0.1270E-09  0.8904E+04  0.6134E-01
    7.6082 14  1   25.4228   20.3866   25.4228    8.8169   -3.9674    1.1684    0.0000    0.0046  -10.0000    4.9641  0.2030E+09  0.1882E+03  0.4603E-11 -0.9239E-07  0.1000E-09  0.1000E-09  0.1000E-09  0.1274E-09  0.8904E+04  0.6134E-01
    7.6172 14  1   25.4228   20.3858   25.4228    8.8169   -3.9674    1.1695    0.0000    0.0046  -10.0000    4.9646  0.2030E+09  0.1871E+03  0.4673E-11 -0.9330E-07  0.1000E-09  0.1000E-09  0.1000E-09  0.1277E-09  0.8904E+04  0.6134E-01
    7.6262 14  1   25.4228   20.3849   25.4228    8.8169   -3.9674    1.1707    0.0000    0.0046  -10.0000    4.9651  0.2030E+09  0.1860E+03  0.4812E-11 -0.9557E-07  0.1000E-09  0.1000E-09  0.1000E-09  0.1281E-09  0.8905E+04  0.6134E-01
    7.6351 14  1   25.4228   20.3840   25.4228    8.8169   -3.9674    1.1719    0.0000    0.0046  -10.0000    4.9656  0.2030E+09  0.1850E+03  0.4968E-11 -0.9814E-07  0.1000E-09  0.1000E-09  0.1000E-09  0.1284E-09  0.8905E+04  0.6134E-01
    7.6441 14  1   25.4228   20.3831   25.4228    8.8169   -3.9674    1.1730    0.0000    0.0046  -10.0000    4.9662  0.2030E+09  0.1839E+03  0.5106E-11 -0.1003E-06  0.1000E-09  0.1000E-09  0.1000E-09  0.1288E-09  0.8905E+04  0.6134E-01
    7.6530 14  1   25.4228   20.3822   25.4228    8.8169   -3.9674    1.1742    0.0000    0.0047  -10.0000    4.9667  0.2031E+09  0.1828E+03  0.5282E-11 -0.1032E-06  0.1000E-09  0.1000E-09  0.1000E-09  0.1291E-09  0.8905E+04  0.6134E-01
    7.6620 14  1   25.4228   20.3813   25.4228    8.8169   -3.9674    1.1754    0.0000    0.0047  -10.0000    4.9672  0.2031E+09  0.1817E+03  0.5466E-11 -0.1063E-06  0.1000E-09  0.1000E-09  0.1000E-09  0.1295E-09  0.8905E+04  0.6134E-01
    7.6709 14  1   25.4228   20.3803   25.4228    8.8169   -3.9674    1.1766    0.0000    0.0047  -10.0000    4.9677  0.2031E+09  0.1807E+03  0.5659E-11 -0.1094E-06  0.1000E-09  0.1000E-09  0.1000E-09  0.1299E-09  0.8905E+04  0.6134E-01
    7.6799 14  1   25.4228   20.3793   25.4228    8.8169   -3.9674    1.1778    0.0000    0.0047  -10.0000    4.9683  0.2031E+09  0.1796E+03  0.5806E-11 -0.1116E-06  0.1000E-09  0.1000E-09  0.1000E-09  0.1302E-09  0.8906E+04  0.6134E-01
    7.6888 14  1   25.4228   20.3783   25.4228    8.8169   -3.9674    1.1790    0.0000    0.0047  -10.0000    4.9688  0.2032E+09  0.1785E+03  0.5933E-11 -0.1134E-06  0.1000E-09  0.1000E-09  0.1000E-09  0.1306E-09  0.8906E+04  0.6134E-01
    7.6978 14  1   25.4228   20.3772   25.4228    8.8169   -3.9674    1.1802    0.0000    0.0047  -10.0000    4.9693  0.2032E+09  0.1774E+03  0.6023E-11 -0.1145E-06  0.1000E-09  0.1000E-09  0.1000E-09  0.1310E-09  0.8906E+04  0.6134E-01
    7.7067 14  1   25.4228   20.3762   25.4228    8.8169   -3.9674    1.1814    0.0000    0.0047  -10.0000    4.9699  0.2032E+09  0.1763E+03  0.6248E-11 -0.1182E-06  0.1000E-09  0.1000E-09  0.1000E-09  0.1314E-09  0.8906E+04  0.6134E-01
    7.7157 14  1   25.4228   20.3751   25.4228    8.8169   -3.9674    1.1826    0.0000    0.0048  -10.0000    4.9704  0.2032E+09  0.1752E+03  0.6474E-11 -0.1217E-06  0.1000E-09  0.1000E-09  0.1000E-09  0.1317E-09  0.8906E+04  0.6134E-01
    7.7246 14  1   25.4228   20.3740   25.4228    8.8169   -3.9674    1.1839    0.0000    0.0048  -10.0000    4.9709  0.2033E+09  0.1742E+03  0.6551E-11 -0.1225E-06  0.1000E-09  0.1000E-09  0.1000E-09  0.1321E-09  0.8907E+04  0.6134E-01
    7.7336 14  1   25.4228   20.3729   25.4228    8.8169   -3.9674    1.1851    0.0000    0.0048  -10.0000    4.9714  0.2033E+09  0.1731E+03  0.6702E-11 -0.1246E-06  0.1000E-09  0.1000E-09  0.1000E-09  0.1325E-09  0.8907E+04  0.6134E-01
    7.7426 14  1   25.4228   20.3717   25.4228    8.8169   -3.9674    1.1863    0.0000    0.0048  -10.0000    4.9720  0.2033E+09  0.1720E+03  0.6950E-11 -0.1285E-06  0.1000E-09  0.1000E-09  0.1000E-09  0.1329E-09  0.8907E+04  0.6134E-01
    7.7515 14  1   25.4228   20.3706   25.4228    8.8169   -3.9674    1.1876    0.0000    0.0048  -10.0000    4.9725  0.2033E+09  0.1709E+03  0.7146E-11 -0.1314E-06  0.1000E-09  0.1000E-09  0.1000E-09  0.1333E-09  0.8907E+04  0.6134E-01
    7.7605 14  1   25.4228   20.3694   25.4228    8.8169   -3.9674    1.1888    0.0000    0.0048  -10.0000    4.9730  0.2034E+09  0.1699E+03  0.7234E-11 -0.1322E-06  0.1000E-09  0.1000E-09  0.1000E-09  0.1337E-09  0.8908E+04  0.6134E-01
    7.7694 14  1   25.4228   20.3682   25.4228    8.8169   -3.9674    1.1901    0.0000    0.0048  -10.0000    4.9736  0.2034E+09  0.1688E+03  0.7441E-11 -0.1352E-06  0.1000E-09  0.1000E-09  0.1000E-09  0.1341E-09  0.8908E+04  0.6134E-01
    7.7784 14  1   25.4228   20.3669   25.4228    8.8169   -3.9674    1.1913    0.0000    0.0048  -10.0000    4.9741  0.2034E+09  0.1677E+03  0.7670E-11 -0.1386E-06  0.1000E-09  0.1000E-09  0.1000E-09  0.1345E-09  0.8908E+04  0.6134E-01
    7.7873 14  1   25.4228   20.3657   25.4228    8.8169   -3.9674    1.1926    0.0000    0.0049  -10.0000    4.9746  0.2035E+09  0.1666E+03  0.7891E-11 -0.1418E-06  0.1000E-09  0.1000E-09  0.1000E-09  0.1349E-09  0.8908E+04  0.6134E-01
    7.7963 14  1   25.4228   20.3644   25.4228    8.8169   -3.9674    1.1939    0.0000    0.0049  -10.0000    4.9751  0.2035E+09  0.1655E+03  0.8086E-11 -0.1444E-06  0.1000E-09  0.1000E-09  0.1000E-09  0.1353E-09  0.8909E+04  0.6134E-01
    7.8052 14  1   25.4228   20.3631   25.4228    8.8169   -3.9674    1.1952    0.0000    0.0049  -10.0000    4.9757  0.2035E+09  0.1644E+03  0.8191E-11 -0.1454E-06  0.1000E-09  0.1000E-09  0.1000E-09  0.1357E-09  0.8909E+04  0.6134E-01
    7.8142 14  1   25.4228   20.3617   25.4228    8.8169   -3.9674    1.1964    0.0000    0.0049  -10.0000    4.9762  0.2036E+09  0.1634E+03  0.8337E-11 -0.1472E-06  0.1000E-09  0.1000E-09  0.1000E-09  0.1362E-09  0.8909E+04  0.6134E-01
    7.8231 14  1   25.4228   20.3604   25.4228    8.8169   -3.9674    1.1977    0.0000    0.0049  -10.0000    4.9767  0.2036E+09  0.1623E+03  0.8528E-11 -0.1496E-06  0.1000E-09  0.1000E-09  0.1000E-09  0.1366E-09  0.8909E+04  0.6134E-01
    7.8321 14  1   25.4228   20.3590   25.4228    8.8169   -3.9674    1.1990    0.0000    0.0049  -10.0000    4.9773  0.2036E+09  0.1612E+03  0.8786E-11 -0.1533E-06  0.1000E-09  0.1000E-09  0.1000E-09  0.1370E-09  0.8910E+04  0.6134E-01
    7.8410 14  1   25.4228   20.3576   25.4228    8.8169   -3.9674    1.2003    0.0000    0.0049  -10.0000    4.9778  0.2037E+09  0.1602E+03  0.9047E-11 -0.1569E-06  0.1000E-09  0.1000E-09  0.1000E-09  0.1374E-09  0.8910E+04  0.6134E-01
    7.8500 14  1   25.4228   20.3562   25.4228    8.8169   -3.9674    1.2016    0.0000    0.0050  -10.0000    4.9784  0.2037E+09  0.1591E+03  0.9312E-11 -0.1605E-06  0.1000E-09  0.1000E-09  0.1000E-09  0.1379E-09  0.8910E+04  0.6134E-01
    7.8590 14  1   25.4228   20.3547   25.4228    8.8169   -3.9674    1.2030    0.0000    0.0050  -10.0000    4.9789  0.2037E+09  0.1580E+03  0.9522E-11 -0.1631E-06  0.1000E-09  0.1000E-09  0.1000E-09  0.1383E-09  0.8910E+04  0.6134E-01
    7.8679 14  1   25.4228   20.3532   25.4228    8.8169   -3.9674    1.2043    0.0000    0.0050  -10.0000    4.9794  0.2038E+09  0.1569E+03  0.9744E-11 -0.1659E-06  0.1000E-09  0.1000E-09  0.1000E-09  0.1387E-09  0.8911E+04  0.6134E-01
    7.8769 14  1   25.4228   20.3517   25.4228    8.8169   -3.9674    1.2056    0.0000    0.0050  -10.0000    4.9800  0.2038E+09  0.1558E+03  0.9965E-11 -0.1686E-06  0.1000E-09  0.1000E-09  0.1000E-09  0.1392E-09  0.8911E+04  0.6134E-01
    7.8858 14  1   25.4228   20.3502   25.4228    8.8169   -3.9674    1.2070    0.0000    0.0050  -10.0000    4.9805  0.2038E+09  0.1548E+03  0.1018E-10 -0.1712E-06  0.1000E-09  0.1000E-09  0.1000E-09  0.1396E-09  0.8911E+04  0.6134E-01
    7.8948 14  1   25.4228   20.3486   25.4228    8.8169   -3.9674    1.2083    0.0000    0.0050  -10.0000    4.9810  0.2039E+09  0.1537E+03  0.1043E-10 -0.1743E-06  0.1000E-09  0.1000E-09  0.1000E-09  0.1401E-09  0.8912E+04  0.6134E-01
    7.9037 14  1   25.4228   20.3471   25.4228    8.8169   -3.9674    1.2097    0.0000    0.0051  -10.0000    4.9816  0.2039E+09  0.1526E+03  0.1065E-10 -0.1769E-06  0.1000E-09  0.1000E-09  0.1000E-09  0.1406E-09  0.8912E+04  0.6134E-01
    7.9127 14  1   25.4228   20.3455   25.4228    8.8169   -3.9674    1.2110    0.0000    0.0051  -10.0000    4.9821  0.2040E+09  0.1515E+03  0.1085E-10 -0.1791E-06  0.1000E-09  0.1000E-09  0.1000E-09  0.1410E-09  0.8912E+04  0.6134E-01
    7.9216 14  1   25.4228   20.3438   25.4228    8.8169   -3.9674    1.2124    0.0000    0.0051  -10.0000    4.9827  0.2040E+09  0.1505E+03  0.1099E-10 -0.1802E-06  0.1000E-09  0.1000E-09  0.1000E-09  0.1415E-09  0.8913E+04  0.6134E-01
    7.9306 14  1   25.4228   20.3422   25.4228    8.8169   -3.9674    1.2138    0.0000    0.0051  -10.0000    4.9832  0.2041E+09  0.1494E+03  0.1127E-10 -0.1838E-06  0.1000E-09  0.1000E-09  0.1000E-09  0.1419E-09  0.8913E+04  0.6134E-01
    7.9395 14  1   25.4228   20.3405   25.4228    8.8169   -3.9674    1.2152    0.0000    0.0051  -10.0000    4.9837  0.2041E+09  0.1483E+03  0.1159E-10 -0.1877E-06  0.1000E-09  0.1000E-09  0.1000E-09  0.1424E-09  0.8913E+04  0.6134E-01
    7.9485 14  1   25.4228   20.3388   25.4228    8.8169   -3.9674    1.2166    0.0000    0.0051  -10.0000    4.9843  0.2041E+09  0.1473E+03  0.1188E-10 -0.1912E-06  0.1000E-09  0.1000E-09  0.1000E-09  0.1429E-09  0.8914E+04  0.6134E-01
    7.9574 14  1   25.4228   20.3371   25.4228    8.8169   -3.9674    1.2180    0.0000    0.0052  -10.0000    4.9848  0.2042E+09  0.1462E+03  0.1215E-10 -0.1943E-06  0.1000E-09  0.1000E-09  0.1000E-09  0.1434E-09  0.8914E+04  0.6134E-01
    7.9664 14  1   25.4228   20.3353   25.4228    8.8169   -3.9674    1.2194    0.0000    0.0052  -10.0000    4.9854  0.2042E+09  0.1451E+03  0.1239E-10 -0.1969E-06  0.1000E-09  0.1000E-09  0.1000E-09  0.1439E-09  0.8914E+04  0.6134E-01
    7.9754 14  1   25.4228   20.3335   25.4228    8.8169   -3.9674    1.2208    0.0000    0.0052  -10.0000    4.9859  0.2043E+09  0.1440E+03  0.1267E-10 -0.2001E-06  0.1000E-09  0.1000E-09  0.1000E-09  0.1444E-09  0.8915E+04  0.6134E-01
    7.9843 14  1   25.4228   20.3317   25.4228    8.8169   -3.9674    1.2222    0.0000    0.0052  -10.0000    4.9865  0.2043E+09  0.1430E+03  0.1294E-10 -0.2029E-06  0.1000E-09  0.1000E-09  0.1000E-09  0.1449E-09  0.8915E+04  0.6134E-01
    7.9933 14  1   25.4228   20.3298   25.4228    8.8169   -3.9674    1.2236    0.0000    0.0052  -10.0000    4.9870  0.2044E+09  0.1419E+03  0.1317E-10 -0.2052E-06  0.1000E-09  0.1000E-09  0.1000E-09  0.1454E-09  0.8915E+04  0.6134E-01
    8.0022 14  1   25.4228   20.3280   25.4228    8.8169   -3.9674    1.2250    0.0000    0.0052  -10.0000    4.9875  0.2044E+09  0.1409E+03  0.1331E-10 -0.2060E-06  0.1000E-09  0.1000E-09  0.1000E-09  0.1459E-09  0.8916E+04  0.6134E-01
    8.0112 14  1   25.4228   20.3261   25.4228    8.8169   -3.9674    1.2265    0.0000    0.0053  -10.0000    4.9881  0.2045E+09  0.1398E+03  0.1363E-10 -0.2097E-06  0.1000E-09  0.1000E-09  0.1000E-09  0.1464E-09  0.8916E+04  0.6134E-01
    8.0201 14  1   25.4228   20.3242   25.4228    8.8169   -3.9674    1.2279    0.0000    0.0053  -10.0000    4.9886  0.2045E+09  0.1387E+03  0.1401E-10 -0.2141E-06  0.1000E-09  0.1000E-09  0.1000E-09  0.1469E-09  0.8916E+04  0.6134E-01
    8.0291 14  1   25.4228   20.3223   25.4228    8.8169   -3.9674    1.2294    0.0000    0.0053  -10.0000    4.9892  0.2046E+09  0.1377E+03  0.1436E-10 -0.2179E-06  0.1000E-09  0.1000E-09  0.1000E-09  0.1474E-09  0.8917E+04  0.6134E-01
    8.0380 14  1   25.4228   20.3203   25.4228    8.8169   -3.9674    1.2309    0.0000    0.0053  -10.0000    4.9897  0.2047E+09  0.1366E+03  0.1469E-10 -0.2215E-06  0.1000E-09  0.1000E-09  0.1000E-09  0.1479E-09  0.8917E+04  0.6134E-01
    8.0470 14  1   25.4228   20.3183   25.4228    8.8169   -3.9674    1.2323    0.0000    0.0053  -10.0000    4.9903  0.2047E+09  0.1355E+03  0.1510E-10 -0.2260E-06  0.1000E-09  0.1000E-09  0.1000E-09  0.1485E-09  0.8918E+04  0.6134E-01
    8.0559 14  1   25.4228   20.3162   25.4228    8.8169   -3.9674    1.2338    0.0000    0.0053  -10.0000    4.9908  0.2048E+09  0.1345E+03  0.1548E-10 -0.2302E-06  0.1000E-09  0.1000E-09  0.1000E-09  0.1490E-09  0.8918E+04  0.6134E-01
    8.0649 14  1   25.4228   20.3141   25.4228    8.8169   -3.9674    1.2353    0.0000    0.0054  -10.0000    4.9914  0.2048E+09  0.1334E+03  0.1566E-10 -0.2312E-06  0.1000E-09  0.1000E-09  0.1000E-09  0.1495E-09  0.8918E+04  0.6134E-01
    8.0738 14  1   25.4228   20.3120   25.4228    8.8169   -3.9674    1.2368    0.0000    0.0054  -10.0000    4.9919  0.2049E+09  0.1324E+03  0.1592E-10 -0.2335E-06  0.1000E-09  0.1000E-09  0.1000E-09  0.1501E-09  0.8919E+04  0.6134E-01
    8.0828 14  1   25.4228   20.3099   25.4228    8.8169   -3.9674    1.2383    0.0000    0.0054  -10.0000    4.9925  0.2050E+09  0.1313E+03  0.1623E-10 -0.2364E-06  0.1000E-09  0.1000E-09  0.1000E-09  0.1506E-09  0.8919E+04  0.6134E-01
    8.0918 14  1   25.4228   20.3078   25.4228    8.8169   -3.9674    1.2398    0.0000    0.0054  -10.0000    4.9930  0.2050E+09  0.1303E+03  0.1657E-10 -0.2397E-06  0.1000E-09  0.1000E-09  0.1000E-09  0.1512E-09  0.8920E+04  0.6134E-01
    8.1007 14  1   25.4228   20.3056   25.4228    8.8169   -3.9674    1.2414    0.0000    0.0054  -10.0000    4.9936  0.2051E+09  0.1292E+03  0.1687E-10 -0.2423E-06  0.1000E-09  0.1000E-09  0.1000E-09  0.1517E-09  0.8920E+04  0.6134E-01
    8.1097 14  1   25.4228   20.3034   25.4228    8.8169   -3.9674    1.2429    0.0000    0.0055  -10.0000    4.9941  0.2051E+09  0.1282E+03  0.1725E-10 -0.2460E-06  0.1000E-09  0.1000E-09  0.1000E-09  0.1523E-09  0.8920E+04  0.6134E-01
    8.1186 14  1   25.4228   20.3012   25.4228    8.8169   -3.9674    1.2444    0.0000    0.0055  -10.0000    4.9947  0.2052E+09  0.1271E+03  0.1764E-10 -0.2497E-06  0.1000E-09  0.1000E-09  0.1000E-09  0.1529E-09  0.8921E+04  0.6134E-01
    8.1276 14  1   25.4228   20.2989   25.4228    8.8169   -3.9674    1.2460    0.0000    0.0055  -10.0000    4.9953  0.2053E+09  0.1261E+03  0.1796E-10 -0.2525E-06  0.1000E-09  0.1000E-09  0.1000E-09  0.1535E-09  0.8921E+04  0.6134E-01
    8.1365 14  1   25.4228   20.2966   25.4228    8.8169   -3.9674    1.2475    0.0000    0.0055  -10.0000    4.9958  0.2053E+09  0.1250E+03  0.1833E-10 -0.2559E-06  0.1000E-09  0.1000E-09  0.1000E-09  0.1540E-09  0.8922E+04  0.6134E-01
    8.1455 14  1   25.4228   20.2943   25.4228    8.8169   -3.9674    1.2491    0.0000    0.0055  -10.0000    4.9964  0.2054E+09  0.1240E+03  0.1871E-10 -0.2594E-06  0.1000E-09  0.1000E-09  0.1000E-09  0.1546E-09  0.8922E+04  0.6134E-01
    8.1544 14  1   25.4228   20.2919   25.4228    8.8169   -3.9674    1.2507    0.0000    0.0056  -10.0000    4.9969  0.2055E+09  0.1230E+03  0.1916E-10 -0.2636E-06  0.1000E-09  0.1000E-09  0.1000E-09  0.1552E-09  0.8923E+04  0.6134E-01
    8.1634 14  1   25.4228   20.2895   25.4228    8.8169   -3.9674    1.2522    0.0000    0.0056  -10.0000    4.9975  0.2056E+09  0.1219E+03  0.1955E-10 -0.2671E-06  0.1000E-09  0.1000E-09  0.1000E-09  0.1558E-09  0.8923E+04  0.6134E-01
    8.1723 14  1   25.4228   20.2871   25.4228    8.8169   -3.9674    1.2538    0.0000    0.0056  -10.0000    4.9980  0.2056E+09  0.1209E+03  0.2002E-10 -0.2715E-06  0.1000E-09  0.1000E-09  0.1000E-09  0.1564E-09  0.8924E+04  0.6134E-01
    8.1813 14  1   25.4228   20.2846   25.4228    8.8169   -3.9674    1.2554    0.0000    0.0056  -10.0000    4.9986  0.2057E+09  0.1199E+03  0.2046E-10 -0.2754E-06  0.1000E-09  0.1000E-09  0.1000E-09  0.1570E-09  0.8924E+04  0.6134E-01
    8.1902 14  1   25.4228   20.2821   25.4228    8.8169   -3.9674    1.2570    0.0000    0.0056  -10.0000    4.9991  0.2058E+09  0.1188E+03  0.2095E-10 -0.2799E-06  0.1000E-09  0.1000E-09  0.1000E-09  0.1576E-09  0.8925E+04  0.6134E-01
    8.1992 14  1   25.4228   20.2796   25.4228    8.8169   -3.9674    1.2586    0.0000    0.0057  -10.0000    4.9997  0.2059E+09  0.1178E+03  0.2145E-10 -0.2845E-06  0.1000E-09  0.1000E-09  0.1000E-09  0.1583E-09  0.8925E+04  0.6134E-01
    8.2081 14  1   25.4228   20.2770   25.4228    8.8169   -3.9674    1.2603    0.0000    0.0057  -10.0000    5.0003  0.2060E+09  0.1168E+03  0.2207E-10 -0.2905E-06  0.1000E-09  0.1000E-09  0.1000E-09  0.1589E-09  0.8926E+04  0.6134E-01
    8.2171 14  1   25.4228   20.2743   25.4228    8.8169   -3.9674    1.2619    0.0000    0.0057  -10.0000    5.0008  0.2060E+09  0.1158E+03  0.2267E-10 -0.2962E-06  0.1000E-09  0.1000E-09  0.1000E-09  0.1595E-09  0.8926E+04  0.6134E-01
    8.2261 14  1   25.4228   20.2717   25.4228    8.8169   -3.9674    1.2636    0.0000    0.0057  -10.0000    5.0014  0.2061E+09  0.1147E+03  0.2302E-10 -0.2986E-06  0.1000E-09  0.1000E-09  0.1000E-09  0.1602E-09  0.8927E+04  0.6134E-01
    8.2350 14  1   25.4228   20.2690   25.4228    8.8169   -3.9674    1.2652    0.0000    0.0057  -10.0000    5.0020  0.2062E+09  0.1137E+03  0.2349E-10 -0.3023E-06  0.1000E-09  0.1000E-09  0.1000E-09  0.1608E-09  0.8927E+04  0.6134E-01
    8.2440 14  1   25.4228   20.2662   25.4228    8.8169   -3.9674    1.2669    0.0000    0.0058  -10.0000    5.0025  0.2063E+09  0.1127E+03  0.2398E-10 -0.3062E-06  0.1000E-09  0.1000E-09  0.1000E-09  0.1615E-09  0.8928E+04  0.6134E-01
    8.2529 14  1   25.4228   20.2634   25.4228    8.8169   -3.9674    1.2685    0.0000    0.0058  -10.0000    5.0031  0.2064E+09  0.1117E+03  0.2464E-10 -0.3122E-06  0.1000E-09  0.1000E-09  0.1000E-09  0.1621E-09  0.8928E+04  0.6134E-01
    8.2619 14  1   25.4228   20.2606   25.4228    8.8169   -3.9674    1.2702    0.0000    0.0058  -10.0000    5.0036  0.2065E+09  0.1106E+03  0.2528E-10 -0.3179E-06  0.1000E-09  0.1000E-09  0.1000E-09  0.1628E-09  0.8929E+04  0.6134E-01
    8.2708 14  1   25.4228   20.2577   25.4228    8.8169   -3.9674    1.2719    0.0000    0.0058  -10.0000    5.0042  0.2066E+09  0.1096E+03  0.2578E-10 -0.3217E-06  0.1000E-09  0.1000E-09  0.1000E-09  0.1635E-09  0.8929E+04  0.6134E-01
    8.2798 14  1   25.4228   20.2548   25.4228    8.8169   -3.9674    1.2736    0.0000    0.0059  -10.0000    5.0048  0.2067E+09  0.1086E+03  0.2624E-10 -0.3248E-06  0.1000E-09  0.1000E-09  0.1000E-09  0.1642E-09  0.8930E+04  0.6134E-01
    8.2887 14  1   25.4228   20.2518   25.4228    8.8169   -3.9674    1.2753    0.0000    0.0059  -10.0000    5.0053  0.2068E+09  0.1076E+03  0.2681E-10 -0.3293E-06  0.1000E-09  0.1000E-09  0.1000E-09  0.1649E-09  0.8930E+04  0.6134E-01
    8.2977 14  1   25.4228   20.2488   25.4228    8.8169   -3.9674    1.2771    0.0000    0.0059  -10.0000    5.0059  0.2069E+09  0.1066E+03  0.2750E-10 -0.3351E-06  0.1000E-09  0.1000E-09  0.1000E-09  0.1656E-09  0.8931E+04  0.6134E-01
    8.3066 14  1   25.4228   20.2458   25.4228    8.8169   -3.9674    1.2788    0.0000    0.0059  -10.0000    5.0065  0.2070E+09  0.1056E+03  0.2820E-10 -0.3409E-06  0.1000E-09  0.1000E-09  0.1000E-09  0.1663E-09  0.8932E+04  0.6134E-01
    8.3156 14  1   25.4228   20.2427   25.4228    8.8169   -3.9674    1.2805    0.0000    0.0059  -10.0000    5.0070  0.2071E+09  0.1046E+03  0.2887E-10 -0.3462E-06  0.1000E-09  0.1000E-09  0.1000E-09  0.1670E-09  0.8932E+04  0.6134E-01
    8.3245 14  1   25.4228   20.2396   25.4228    8.8169   -3.9674    1.2823    0.0000    0.0060  -10.0000    5.0076  0.2072E+09  0.1036E+03  0.2933E-10 -0.3489E-06  0.1000E-09  0.1000E-09  0.1000E-09  0.1677E-09  0.8933E+04  0.6134E-01
    8.3335 14  1   25.4228   20.2364   25.4228    8.8169   -3.9674    1.2841    0.0000    0.0060  -10.0000    5.0082  0.2073E+09  0.1026E+03  0.2994E-10 -0.3533E-06  0.1000E-09  0.1000E-09  0.1000E-09  0.1684E-09  0.8934E+04  0.6134E-01
    8.3425 14  1   25.4228   20.2332   25.4228    8.8169   -3.9674    1.2858    0.0000    0.0060  -10.0000    5.0087  0.2074E+09  0.1016E+03  0.3057E-10 -0.3577E-06  0.1000E-09  0.1000E-09  0.1000E-09  0.1692E-09  0.8934E+04  0.6134E-01
    8.3514 14  1   25.4228   20.2299   25.4228    8.8169   -3.9674    1.2876    0.0000    0.0060  -10.0000    5.0093  0.2075E+09  0.1006E+03  0.3142E-10 -0.3647E-06  0.1000E-09  0.1000E-09  0.1000E-09  0.1699E-09  0.8935E+04  0.6134E-01
    8.3604 14  1   25.4228   20.2266   25.4228    8.8169   -3.9674    1.2894    0.0000    0.0061  -10.0000    5.0099  0.2076E+09  0.9959E+02  0.3226E-10 -0.3714E-06  0.1000E-09  0.1000E-09  0.1000E-09  0.1707E-09  0.8935E+04  0.6134E-01
    8.3693 14  1   25.4228   20.2232   25.4228    8.8169   -3.9674    1.2912    0.0000    0.0061  -10.0000    5.0104  0.2078E+09  0.9860E+02  0.3280E-10 -0.3744E-06  0.1000E-09  0.1000E-09  0.1000E-09  0.1714E-09  0.8936E+04  0.6134E-01
    8.3783 14  1   25.4228   20.2199   25.4228    8.8169   -3.9674    1.2931    0.0000    0.0061  -10.0000    5.0110  0.2079E+09  0.9761E+02  0.3348E-10 -0.3790E-06  0.1000E-09  0.1000E-09  0.1000E-09  0.1722E-09  0.8937E+04  0.6134E-01
    8.3872 14  1   25.4228   20.2164   25.4228    8.8169   -3.9674    1.2949    0.0000    0.0061  -10.0000    5.0116  0.2080E+09  0.9662E+02  0.3434E-10 -0.3854E-06  0.1000E-09  0.1000E-09  0.1000E-09  0.1730E-09  0.8937E+04  0.6134E-01
    8.3962 14  1   25.4228   20.2129   25.4228    8.8169   -3.9674    1.2967    0.0000    0.0062  -10.0000    5.0122  0.2081E+09  0.9564E+02  0.3516E-10 -0.3913E-06  0.1000E-09  0.1000E-09  0.1000E-09  0.1738E-09  0.8938E+04  0.6134E-01
    8.4051 14  1   25.4228   20.2094   25.4228    8.8169   -3.9674    1.2986    0.0000    0.0062  -10.0000    5.0127  0.2083E+09  0.9466E+02  0.3575E-10 -0.3945E-06  0.1000E-09  0.1000E-09  0.1000E-09  0.1746E-09  0.8939E+04  0.6134E-01
    8.4141 14  1   25.4228   20.2058   25.4228    8.8169   -3.9674    1.3005    0.0000    0.0062  -10.0000    5.0133  0.2084E+09  0.9368E+02  0.3649E-10 -0.3992E-06  0.1000E-09  0.1000E-09  0.1000E-09  0.1754E-09  0.8940E+04  0.6134E-01
    8.4230 14  1   25.4228   20.2022   25.4228    8.8169   -3.9674    1.3023    0.0000    0.0062  -10.0000    5.0139  0.2085E+09  0.9271E+02  0.3722E-10 -0.4037E-06  0.1000E-09  0.1000E-09  0.1000E-09  0.1762E-09  0.8940E+04  0.6134E-01
    8.4320 14  1   25.4228   20.1985   25.4228    8.8169   -3.9674    1.3042    0.0000    0.0063  -10.0000    5.0145  0.2087E+09  0.9174E+02  0.3824E-10 -0.4111E-06  0.1000E-09  0.1000E-09  0.1000E-09  0.1770E-09  0.8941E+04  0.6134E-01
    8.4409 14  1   25.4228   20.1947   25.4228    8.8169   -3.9674    1.3061    0.0000    0.0063  -10.0000    5.0150  0.2088E+09  0.9077E+02  0.3927E-10 -0.4185E-06  0.1000E-09  0.1000E-09  0.1000E-09  0.1779E-09  0.8942E+04  0.6134E-01
    8.4499 14  1   25.4228   20.1910   25.4228    8.8169   -3.9674    1.3080    0.0000    0.0063  -10.0000    5.0156  0.2090E+09  0.8980E+02  0.4010E-10 -0.4236E-06  0.1000E-09  0.1000E-09  0.1000E-09  0.1787E-09  0.8942E+04  0.6134E-01
    8.4589 14  1   25.4228   20.1871   25.4228    8.8169   -3.9674    1.3100    0.0000    0.0064  -10.0000    5.0162  0.2091E+09  0.8883E+02  0.4096E-10 -0.4288E-06  0.1000E-09  0.1000E-09  0.1000E-09  0.1796E-09  0.8943E+04  0.6134E-01
    8.4678 14  1   25.4228   20.1832   25.4228    8.8169   -3.9674    1.3119    0.0000    0.0064  -10.0000    5.0168  0.2092E+09  0.8788E+02  0.4167E-10 -0.4324E-06  0.1000E-09  0.1000E-09  0.1000E-09  0.1804E-09  0.8944E+04  0.6134E-01
    8.4768 14  1   25.4228   20.1793   25.4228    8.8169   -3.9674    1.3139    0.0000    0.0064  -10.0000    5.0174  0.2094E+09  0.8692E+02  0.4262E-10 -0.4383E-06  0.1000E-09  0.1000E-09  0.1000E-09  0.1813E-09  0.8945E+04  0.6134E-01
    8.4857 14  1   25.4228   20.1753   25.4228    8.8169   -3.9674    1.3158    0.0000    0.0064  -10.0000    5.0179  0.2096E+09  0.8597E+02  0.4365E-10 -0.4448E-06  0.1000E-09  0.1000E-09  0.1000E-09  0.1822E-09  0.8945E+04  0.6134E-01
    8.4947 14  1   25.4228   20.1713   25.4228    8.8169   -3.9674    1.3178    0.0000    0.0065  -10.0000    5.0185  0.2097E+09  0.8502E+02  0.4471E-10 -0.4515E-06  0.1000E-09  0.1000E-09  0.1000E-09  0.1831E-09  0.8946E+04  0.6134E-01
    8.5036 14  1   25.4228   20.1672   25.4228    8.8169   -3.9674    1.3198    0.0000    0.0065  -10.0000    5.0191  0.2099E+09  0.8407E+02  0.4563E-10 -0.4566E-06  0.1000E-09  0.1000E-09  0.1000E-09  0.1840E-09  0.8947E+04  0.6134E-01
    8.5126 14  1   25.4228   20.1631   25.4228    8.8169   -3.9674    1.3218    0.0000    0.0065  -10.0000    5.0197  0.2100E+09  0.8313E+02  0.4670E-10 -0.4630E-06  0.1000E-09  0.1000E-09  0.1000E-09  0.1849E-09  0.8948E+04  0.6134E-01
    8.5215 14  1   25.4228   20.1589   25.4228    8.8169   -3.9674    1.3238    0.0000    0.0066  -10.0000    5.0203  0.2102E+09  0.8219E+02  0.4774E-10 -0.4689E-06  0.1000E-09  0.1000E-09  0.1000E-09  0.1858E-09  0.8949E+04  0.6134E-01
    8.5305 14  1   25.4228   20.1546   25.4228    8.8169   -3.9674    1.3258    0.0000    0.0066  -10.0000    5.0209  0.2104E+09  0.8125E+02  0.4857E-10 -0.4726E-06  0.1000E-09  0.1000E-09  0.1000E-09  0.1868E-09  0.8950E+04  0.6134E-01
    8.5394 14  1   25.4228   20.1504   25.4228    8.8169   -3.9674    1.3278    0.0000    0.0066  -10.0000    5.0215  0.2106E+09  0.8033E+02  0.4953E-10 -0.4774E-06  0.1000E-09  0.1000E-09  0.1000E-09  0.1877E-09  0.8950E+04  0.6134E-01
    8.5484 14  1   25.4228   20.1460   25.4228    8.8169   -3.9674    1.3299    0.0000    0.0067  -10.0000    5.0221  0.2107E+09  0.7940E+02  0.5060E-10 -0.4832E-06  0.1000E-09  0.1000E-09  0.1000E-09  0.1887E-09  0.8951E+04  0.6134E-01
    8.5573 14  1   25.4228   20.1416   25.4228    8.8169   -3.9674    1.3320    0.0000    0.0067  -10.0000    5.0226  0.2109E+09  0.7848E+02  0.5186E-10 -0.4906E-06  0.1000E-09  0.1000E-09  0.1000E-09  0.1896E-09  0.8952E+04  0.6134E-01
    8.5618 14  1   25.4228   20.1394   25.4228    8.8169   -3.9674    1.3330    0.0000    0.0067  -10.0000    5.0229  0.2110E+09  0.7801E+02  0.5341E-10 -0.5004E-06  0.1000E-09  0.1000E-09  0.1000E-09  0.1901E-09  0.8953E+04  0.6134E-01
    8.5663 14  1   25.4228   20.1372   25.4228    8.8169   -3.9674    1.3340    0.0000    0.0067  -10.0000    5.0232  0.2111E+09  0.7756E+02  0.5367E-10 -0.5004E-06  0.1000E-09  0.1000E-09  0.1000E-09  0.1906E-09  0.8953E+04  0.6134E-01
    8.5708 14  1   25.4228   20.1349   25.4228    8.8169   -3.9674    1.3351    0.0000    0.0067  -10.0000    5.0235  0.2112E+09  0.7710E+02  0.5420E-10 -0.5029E-06  0.1000E-09  0.1000E-09  0.1000E-09  0.1911E-09  0.8953E+04  0.6134E-01
    8.5753 14  1   25.4228   20.1326   25.4228    8.8169   -3.9674    1.3361    0.0000    0.0067  -10.0000    5.0238  0.2113E+09  0.7664E+02  0.5508E-10 -0.5086E-06  0.1000E-09  0.1000E-09  0.1000E-09  0.1916E-09  0.8954E+04  0.6134E-01
    8.5797 14  1   25.4228   20.1303   25.4228    8.8169   -3.9674    1.3372    0.0000    0.0068  -10.0000    5.0241  0.2114E+09  0.7618E+02  0.5569E-10 -0.5117E-06  0.1000E-09  0.1000E-09  0.1000E-09  0.1921E-09  0.8954E+04  0.6134E-01
    8.5842 14  1   25.4228   20.1280   25.4228    8.8169   -3.9674    1.3382    0.0000    0.0068  -10.0000    5.0244  0.2115E+09  0.7573E+02  0.5596E-10 -0.5117E-06  0.1000E-09  0.1000E-09  0.1000E-09  0.1926E-09  0.8955E+04  0.6134E-01
    8.5887 14  1   25.4228   20.1257   25.4228    8.8169   -3.9674    1.3393    0.0000    0.0068  -10.0000    5.0247  0.2116E+09  0.7527E+02  0.5675E-10 -0.5164E-06  0.1000E-09  0.1000E-09  0.1000E-09  0.1931E-09  0.8955E+04  0.6134E-01
    8.5932 14  1   25.4228   20.1234   25.4228    8.8169   -3.9674    1.3403    0.0000    0.0068  -10.0000    5.0250  0.2117E+09  0.7482E+02  0.5763E-10 -0.5218E-06  0.1000E-09  0.1000E-09  0.1000E-09  0.1936E-09  0.8956E+04  0.6134E-01
    8.5976 14  1   25.4228   20.1211   25.4228    8.8169   -3.9674    1.3414    0.0000    0.0068  -10.0000    5.0253  0.2118E+09  0.7437E+02  0.5799E-10 -0.5225E-06  0.1000E-09  0.1000E-09  0.1000E-09  0.1942E-09  0.8956E+04  0.6134E-01
    8.6021 14  1   25.4228   20.1187   25.4228    8.8169   -3.9674    1.3425    0.0000    0.0068  -10.0000    5.0256  0.2119E+09  0.7392E+02  0.5845E-10 -0.5241E-06  0.1000E-09  0.1000E-09  0.1000E-09  0.1947E-09  0.8957E+04  0.6134E-01
    8.6066 14  1   25.4228   20.1163   25.4228    8.8169   -3.9674    1.3435    0.0000    0.0069  -10.0000    5.0259  0.2120E+09  0.7346E+02  0.5941E-10 -0.5300E-06  0.1000E-09  0.1000E-09  0.1000E-09  0.1952E-09  0.8957E+04  0.6134E-01
    8.6111 14  1   25.4228   20.1139   25.4228    8.8169   -3.9674    1.3446    0.0000    0.0069  -10.0000    5.0262  0.2121E+09  0.7301E+02  0.6020E-10 -0.5344E-06  0.1000E-09  0.1000E-09  0.1000E-09  0.1957E-09  0.8958E+04  0.6134E-01
    8.6155 14  1   25.4228   20.1116   25.4228    8.8169   -3.9674    1.3457    0.0000    0.0069  -10.0000    5.0265  0.2122E+09  0.7257E+02  0.6050E-10 -0.5344E-06  0.1000E-09  0.1000E-09  0.1000E-09  0.1962E-09  0.8958E+04  0.6134E-01
    8.6200 14  1   25.4228   20.1092   25.4228    8.8169   -3.9674    1.3468    0.0000    0.0069  -10.0000    5.0268  0.2123E+09  0.7212E+02  0.6111E-10 -0.5371E-06  0.1000E-09  0.1000E-09  0.1000E-09  0.1968E-09  0.8958E+04  0.6134E-01
    8.6245 14  1   25.4228   20.1067   25.4228    8.8169   -3.9674    1.3478    0.0000    0.0069  -10.0000    5.0271  0.2124E+09  0.7168E+02  0.6188E-10 -0.5412E-06  0.1000E-09  0.1000E-09  0.1000E-09  0.1973E-09  0.8959E+04  0.6134E-01
    8.6290 14  1   25.4228   20.1043   25.4228    8.8169   -3.9674    1.3489    0.0000    0.0069  -10.0000    5.0274  0.2125E+09  0.7124E+02  0.6236E-10 -0.5426E-06  0.1000E-09  0.1000E-09  0.1000E-09  0.1978E-09  0.8959E+04  0.6134E-01
    8.6335 14  1   25.4228   20.1019   25.4228    8.8169   -3.9674    1.3500    0.0000    0.0070  -10.0000    5.0277  0.2126E+09  0.7080E+02  0.6271E-10 -0.5429E-06  0.1000E-09  0.1000E-09  0.1000E-09  0.1984E-09  0.8960E+04  0.6134E-01
    8.6379 14  1   25.4228   20.0994   25.4228    8.8169   -3.9674    1.3511    0.0000    0.0070  -10.0000    5.0281  0.2127E+09  0.7035E+02  0.6382E-10 -0.5498E-06  0.1000E-09  0.1000E-09  0.1000E-09  0.1989E-09  0.8960E+04  0.6134E-01
    8.6424 14  1   25.4228   20.0969   25.4228    8.8169   -3.9674    1.3522    0.0000    0.0070  -10.0000    5.0284  0.2128E+09  0.6991E+02  0.6491E-10 -0.5564E-06  0.1000E-09  0.1000E-09  0.1000E-09  0.1995E-09  0.8961E+04  0.6134E-01
    8.6469 14  1   25.4228   20.0944   25.4228    8.8169   -3.9674    1.3533    0.0000    0.0070  -10.0000    5.0287  0.2129E+09  0.6948E+02  0.6524E-10 -0.5564E-06  0.1000E-09  0.1000E-09  0.1000E-09  0.2000E-09  0.8961E+04  0.6134E-01
    8.6514 14  1   25.4228   20.0919   25.4228    8.8169   -3.9674    1.3544    0.0000    0.0070  -10.0000    5.0290  0.2131E+09  0.6904E+02  0.6566E-10 -0.5571E-06  0.1000E-09  0.1000E-09  0.1000E-09  0.2006E-09  0.8962E+04  0.6134E-01
    8.6558 14  1   25.4228   20.0894   25.4228    8.8169   -3.9674    1.3555    0.0000    0.0071  -10.0000    5.0293  0.2132E+09  0.6861E+02  0.6619E-10 -0.5588E-06  0.1000E-09  0.1000E-09  0.1000E-09  0.2011E-09  0.8962E+04  0.6134E-01
    8.6603 14  1   25.4228   20.0869   25.4228    8.8169   -3.9674    1.3565    0.0000    0.0071  -10.0000    5.0296  0.2133E+09  0.6818E+02  0.6664E-10 -0.5597E-06  0.1000E-09  0.1000E-09  0.1000E-09  0.2017E-09  0.8963E+04  0.6134E-01
    8.6648 14  1   25.4228   20.0844   25.4228    8.8169   -3.9674    1.3576    0.0000    0.0071  -10.0000    5.0299  0.2134E+09  0.6775E+02  0.6698E-10 -0.5597E-06  0.1000E-09  0.1000E-09  0.1000E-09  0.2022E-09  0.8963E+04  0.6134E-01
    8.6693 14  1   25.4228   20.0819   25.4228    8.8169   -3.9674    1.3587    0.0000    0.0071  -10.0000    5.0302  0.2135E+09  0.6732E+02  0.6761E-10 -0.5621E-06  0.1000E-09  0.1000E-09  0.1000E-09  0.2028E-09  0.8964E+04  0.6134E-01
    8.6737 14  1   25.4228   20.0794   25.4228    8.8169   -3.9674    1.3599    0.0000    0.0071  -10.0000    5.0305  0.2136E+09  0.6689E+02  0.6831E-10 -0.5649E-06  0.1000E-09  0.1000E-09  0.1000E-09  0.2033E-09  0.8964E+04  0.6134E-01
    8.6782 14  1   25.4228   20.0768   25.4228    8.8169   -3.9674    1.3610    0.0000    0.0071  -10.0000    5.0308  0.2137E+09  0.6647E+02  0.6871E-10 -0.5654E-06  0.1000E-09  0.1000E-09  0.1000E-09  0.2039E-09  0.8965E+04  0.6134E-01
    8.6827 14  1   25.4228   20.0743   25.4228    8.8169   -3.9674    1.3621    0.0000    0.0072  -10.0000    5.0311  0.2139E+09  0.6604E+02  0.6905E-10 -0.5652E-06  0.1000E-09  0.1000E-09  0.1000E-09  0.2045E-09  0.8965E+04  0.6134E-01
    8.6872 14  1   25.4228   20.0718   25.4228    8.8169   -3.9674    1.3632    0.0000    0.0072  -10.0000    5.0314  0.2140E+09  0.6562E+02  0.6933E-10 -0.5646E-06  0.1000E-09  0.1000E-09  0.1000E-09  0.2050E-09  0.8966E+04  0.6134E-01
    8.6917 14  1   25.4228   20.0693   25.4228    8.8169   -3.9674    1.3643    0.0000    0.0072  -10.0000    5.0318  0.2141E+09  0.6521E+02  0.6963E-10 -0.5642E-06  0.1000E-09  0.1000E-09  0.1000E-09  0.2056E-09  0.8966E+04  0.6134E-01
    8.6961 14  1   25.4228   20.0667   25.4228    8.8169   -3.9674    1.3654    0.0000    0.0072  -10.0000    5.0321  0.2142E+09  0.6479E+02  0.6999E-10 -0.5642E-06  0.1000E-09  0.1000E-09  0.1000E-09  0.2062E-09  0.8967E+04  0.6134E-01
    8.7006 14  1   25.4228   20.0642   25.4228    8.8169   -3.9674    1.3665    0.0000    0.0072  -10.0000    5.0324  0.2143E+09  0.6438E+02  0.7068E-10 -0.5667E-06  0.1000E-09  0.1000E-09  0.1000E-09  0.2068E-09  0.8967E+04  0.6134E-01
    8.7051 14  1   25.4228   20.0616   25.4228    8.8169   -3.9674    1.3676    0.0000    0.0072  -10.0000    5.0327  0.2144E+09  0.6397E+02  0.7154E-10 -0.5707E-06  0.1000E-09  0.1000E-09  0.1000E-09  0.2073E-09  0.8968E+04  0.6134E-01
    8.7096 14  1   25.4228   20.0591   25.4228    8.8169   -3.9674    1.3687    0.0000    0.0073  -10.0000    5.0330  0.2146E+09  0.6356E+02  0.7209E-10 -0.5721E-06  0.1000E-09  0.1000E-09  0.1000E-09  0.2079E-09  0.8968E+04  0.6134E-01
    8.7140 14  1   25.4228   20.0565   25.4228    8.8169   -3.9674    1.3698    0.0000    0.0073  -10.0000    5.0333  0.2147E+09  0.6315E+02  0.7247E-10 -0.5722E-06  0.1000E-09  0.1000E-09  0.1000E-09  0.2085E-09  0.8969E+04  0.6134E-01
    8.7185 14  1   25.4228   20.0540   25.4228    8.8169   -3.9674    1.3710    0.0000    0.0073  -10.0000    5.0336  0.2148E+09  0.6275E+02  0.7293E-10 -0.5728E-06  0.1000E-09  0.1000E-09  0.1000E-09  0.2091E-09  0.8969E+04  0.6134E-01
    8.7230 14  1   25.4228   20.0514   25.4228    8.8169   -3.9674    1.3721    0.0000    0.0073  -10.0000    5.0340  0.2149E+09  0.6235E+02  0.7339E-10 -0.5734E-06  0.1000E-09  0.1000E-09  0.1000E-09  0.2097E-09  0.8970E+04  0.6134E-01
    8.7275 14  1   25.4228   20.0488   25.4228    8.8169   -3.9674    1.3732    0.0000    0.0073  -10.0000    5.0343  0.2151E+09  0.6195E+02  0.7377E-10 -0.5734E-06  0.1000E-09  0.1000E-09  0.1000E-09  0.2102E-09  0.8970E+04  0.6134E-01
    8.7319 14  1   25.4228   20.0462   25.4228    8.8169   -3.9674    1.3743    0.0000    0.0074  -10.0000    5.0346  0.2152E+09  0.6155E+02  0.7431E-10 -0.5747E-06  0.1000E-09  0.1000E-09  0.1000E-09  0.2108E-09  0.8971E+04  0.6134E-01
    8.7364 14  1   25.4228   20.0437   25.4228    8.8169   -3.9674    1.3754    0.0000    0.0074  -10.0000    5.0349  0.2153E+09  0.6116E+02  0.7507E-10 -0.5775E-06  0.1000E-09  0.1000E-09  0.1000E-09  0.2114E-09  0.8971E+04  0.6134E-01
    8.7409 14  1   25.4228   20.0411   25.4228    8.8169   -3.9674    1.3765    0.0000    0.0074  -10.0000    5.0352  0.2154E+09  0.6076E+02  0.7567E-10 -0.5791E-06  0.1000E-09  0.1000E-09  0.1000E-09  0.2120E-09  0.8972E+04  0.6134E-01
    8.7454 14  1   25.4228   20.0385   25.4228    8.8169   -3.9674    1.3776    0.0000    0.0074  -10.0000    5.0356  0.2156E+09  0.6038E+02  0.7606E-10 -0.5791E-06  0.1000E-09  0.1000E-09  0.1000E-09  0.2126E-09  0.8972E+04  0.6134E-01
    8.7499 14  1   25.4228   20.0359   25.4228    8.8169   -3.9674    1.3787    0.0000    0.0074  -10.0000    5.0359  0.2157E+09  0.5999E+02  0.7667E-10 -0.5807E-06  0.1000E-09  0.1000E-09  0.1000E-09  0.2132E-09  0.8973E+04  0.6134E-01
    8.7543 14  1   25.4228   20.0333   25.4228    8.8169   -3.9674    1.3798    0.0000    0.0075  -10.0000    5.0362  0.2158E+09  0.5960E+02  0.7732E-10 -0.5827E-06  0.1000E-09  0.1000E-09  0.1000E-09  0.2138E-09  0.8973E+04  0.6134E-01
    8.7588 14  1   25.4228   20.0307   25.4228    8.8169   -3.9674    1.3810    0.0000    0.0075  -10.0000    5.0365  0.2159E+09  0.5922E+02  0.7776E-10 -0.5830E-06  0.1000E-09  0.1000E-09  0.1000E-09  0.2144E-09  0.8974E+04  0.6134E-01
    8.7633 14  1   25.4228   20.0280   25.4228    8.8169   -3.9674    1.3821    0.0000    0.0075  -10.0000    5.0369  0.2161E+09  0.5884E+02  0.7824E-10 -0.5835E-06  0.1000E-09  0.1000E-09  0.1000E-09  0.2150E-09  0.8974E+04  0.6134E-01
    8.7678 14  1   25.4228   20.0254   25.4228    8.8169   -3.9674    1.3832    0.0000    0.0075  -10.0000    5.0372  0.2162E+09  0.5847E+02  0.7898E-10 -0.5860E-06  0.1000E-09  0.1000E-09  0.1000E-09  0.2156E-09  0.8975E+04  0.6134E-01
    8.7722 14  1   25.4228   20.0228   25.4228    8.8169   -3.9674    1.3843    0.0000    0.0075  -10.0000    5.0375  0.2163E+09  0.5809E+02  0.7964E-10 -0.5879E-06  0.1000E-09  0.1000E-09  0.1000E-09  0.2162E-09  0.8975E+04  0.6134E-01
    8.7767 14  1   25.4228   20.0202   25.4228    8.8169   -3.9674    1.3854    0.0000    0.0075  -10.0000    5.0379  0.2165E+09  0.5772E+02  0.8005E-10 -0.5879E-06  0.1000E-09  0.1000E-09  0.1000E-09  0.2168E-09  0.8976E+04  0.6134E-01
    8.7812 14  1   25.4228   20.0175   25.4228    8.8169   -3.9674    1.3865    0.0000    0.0076  -10.0000    5.0382  0.2166E+09  0.5736E+02  0.8058E-10 -0.5888E-06  0.1000E-09  0.1000E-09  0.1000E-09  0.2174E-09  0.8977E+04  0.6134E-01
    8.7857 14  1   25.4228   20.0149   25.4228    8.8169   -3.9674    1.3876    0.0000    0.0076  -10.0000    5.0385  0.2167E+09  0.5699E+02  0.8117E-10 -0.5901E-06  0.1000E-09  0.1000E-09  0.1000E-09  0.2180E-09  0.8977E+04  0.6134E-01
    8.7901 14  1   25.4228   20.0122   25.4228    8.8169   -3.9674    1.3886    0.0000    0.0076  -10.0000    5.0389  0.2169E+09  0.5663E+02  0.8165E-10 -0.5906E-06  0.1000E-09  0.1000E-09  0.1000E-09  0.2186E-09  0.8978E+04  0.6134E-01
    8.7946 14  1   25.4228   20.0096   25.4228    8.8169   -3.9674    1.3897    0.0000    0.0076  -10.0000    5.0392  0.2170E+09  0.5627E+02  0.8208E-10 -0.5907E-06  0.1000E-09  0.1000E-09  0.1000E-09  0.2192E-09  0.8978E+04  0.6134E-01
    8.7991 14  1   25.4228   20.0069   25.4228    8.8169   -3.9674    1.3908    0.0000    0.0076  -10.0000    5.0395  0.2171E+09  0.5592E+02  0.8293E-10 -0.5938E-06  0.1000E-09  0.1000E-09  0.1000E-09  0.2198E-09  0.8979E+04  0.6134E-01
    8.8036 14  1   25.4228   20.0043   25.4228    8.8169   -3.9674    1.3919    0.0000    0.0077  -10.0000    5.0399  0.2173E+09  0.5557E+02  0.8378E-10 -0.5969E-06  0.1000E-09  0.1000E-09  0.1000E-09  0.2204E-09  0.8979E+04  0.6134E-01
    8.8081 14  1   25.4228   20.0016   25.4228    8.8169   -3.9674    1.3930    0.0000    0.0077  -10.0000    5.0402  0.2174E+09  0.5522E+02  0.8420E-10 -0.5969E-06  0.1000E-09  0.1000E-09  0.1000E-09  0.2210E-09  0.8980E+04  0.6134E-01
    8.8125 14  1   25.4228   19.9989   25.4228    8.8169   -3.9674    1.3940    0.0000    0.0077  -10.0000    5.0405  0.2175E+09  0.5487E+02  0.8479E-10 -0.5981E-06  0.1000E-09  0.1000E-09  0.1000E-09  0.2216E-09  0.8980E+04  0.6134E-01
    8.8170 14  1   25.4228   19.9962   25.4228    8.8169   -3.9674    1.3951    0.0000    0.0077  -10.0000    5.0409  0.2177E+09  0.5454E+02  0.8562E-10 -0.6009E-06  0.1000E-09  0.1000E-09  0.1000E-09  0.2222E-09  0.8981E+04  0.6134E-01
    8.8215 14  1   25.4228   19.9935   25.4228    8.8169   -3.9674    1.3961    0.0000    0.0077  -10.0000    5.0412  0.2178E+09  0.5420E+02  0.8628E-10 -0.6026E-06  0.1000E-09  0.1000E-09  0.1000E-09  0.2227E-09  0.8981E+04  0.6134E-01
    8.8260 14  1   25.4228   19.9908   25.4228    8.8169   -3.9674    1.3972    0.0000    0.0078  -10.0000    5.0416  0.2180E+09  0.5386E+02  0.8670E-10 -0.6026E-06  0.1000E-09  0.1000E-09  0.1000E-09  0.2233E-09  0.8982E+04  0.6134E-01
    8.8304 14  1   25.4228   19.9881   25.4228    8.8169   -3.9674    1.3982    0.0000    0.0078  -10.0000    5.0419  0.2181E+09  0.5354E+02  0.8740E-10 -0.6044E-06  0.1000E-09  0.1000E-09  0.1000E-09  0.2239E-09  0.8982E+04  0.6134E-01
    8.8349 14  1   25.4228   19.9854   25.4228    8.8169   -3.9674    1.3992    0.0000    0.0078  -10.0000    5.0423  0.2182E+09  0.5321E+02  0.8815E-10 -0.6067E-06  0.1000E-09  0.1000E-09  0.1000E-09  0.2245E-09  0.8983E+04  0.6134E-01
    8.8394 14  1   25.4228   19.9827   25.4228    8.8169   -3.9674    1.4003    0.0000    0.0078  -10.0000    5.0426  0.2184E+09  0.5289E+02  0.8863E-10 -0.6071E-06  0.1000E-09  0.1000E-09  0.1000E-09  0.2251E-09  0.8983E+04  0.6134E-01
    8.8439 14  1   25.4228   19.9800   25.4228    8.8169   -3.9674    1.4013    0.0000    0.0078  -10.0000    5.0430  0.2185E+09  0.5257E+02  0.8913E-10 -0.6076E-06  0.1000E-09  0.1000E-09  0.1000E-09  0.2257E-09  0.8984E+04  0.6134E-01
    8.8483 14  1   25.4228   19.9772   25.4228    8.8169   -3.9674    1.4023    0.0000    0.0078  -10.0000    5.0433  0.2187E+09  0.5226E+02  0.8988E-10 -0.6098E-06  0.1000E-09  0.1000E-09  0.1000E-09  0.2262E-09  0.8984E+04  0.6134E-01
    8.8528 14  1   25.4228   19.9745   25.4228    8.8169   -3.9674    1.4032    0.0000    0.0079  -10.0000    5.0437  0.2188E+09  0.5195E+02  0.9055E-10 -0.6116E-06  0.1000E-09  0.1000E-09  0.1000E-09  0.2268E-09  0.8985E+04  0.6134E-01
    8.8573 14  1   25.4228   19.9718   25.4228    8.8169   -3.9674    1.4042    0.0000    0.0079  -10.0000    5.0441  0.2190E+09  0.5164E+02  0.9097E-10 -0.6116E-06  0.1000E-09  0.1000E-09  0.1000E-09  0.2274E-09  0.8986E+04  0.6134E-01
    8.8618 14  1   25.4228   19.9690   25.4228    8.8169   -3.9674    1.4052    0.0000    0.0079  -10.0000    5.0444  0.2191E+09  0.5134E+02  0.9170E-10 -0.6136E-06  0.1000E-09  0.1000E-09  0.1000E-09  0.2279E-09  0.8986E+04  0.6134E-01
    8.8663 14  1   25.4228   19.9663   25.4228    8.8169   -3.9674    1.4061    0.0000    0.0079  -10.0000    5.0448  0.2193E+09  0.5105E+02  0.9261E-10 -0.6170E-06  0.1000E-09  0.1000E-09  0.1000E-09  0.2285E-09  0.8987E+04  0.6134E-01
    8.8707 14  1   25.4228   19.9635   25.4228    8.8169   -3.9674    1.4071    0.0000    0.0079  -10.0000    5.0452  0.2194E+09  0.5076E+02  0.9322E-10 -0.6183E-06  0.1000E-09  0.1000E-09  0.1000E-09  0.2290E-09  0.8987E+04  0.6134E-01
    8.8752 14  1   25.4228   19.9607   25.4228    8.8169   -3.9674    1.4080    0.0000    0.0079  -10.0000    5.0456  0.2195E+09  0.5047E+02  0.9363E-10 -0.6183E-06  0.1000E-09  0.1000E-09  0.1000E-09  0.2296E-09  0.8988E+04  0.6134E-01
    8.8797 14  1   25.4228   19.9579   25.4228    8.8169   -3.9674    1.4089    0.0000    0.0080  -10.0000    5.0459  0.2197E+09  0.5020E+02  0.9450E-10 -0.6213E-06  0.1000E-09  0.1000E-09  0.1000E-09  0.2301E-09  0.8988E+04  0.6134E-01
    8.8842 14  1   25.4228   19.9551   25.4228    8.8169   -3.9674    1.4097    0.0000    0.0080  -10.0000    5.0463  0.2199E+09  0.4992E+02  0.9533E-10 -0.6242E-06  0.1000E-09  0.1000E-09  0.1000E-09  0.2306E-09  0.8989E+04  0.6134E-01
    8.8886 14  1   25.4228   19.9523   25.4228    8.8169   -3.9674    1.4106    0.0000    0.0080  -10.0000    5.0467  0.2200E+09  0.4966E+02  0.9572E-10 -0.6242E-06  0.1000E-09  0.1000E-09  0.1000E-09  0.2311E-09  0.8989E+04  0.6134E-01
    8.8931 14  1   25.4228   19.9495   25.4228    8.8169   -3.9674    1.4114    0.0000    0.0080  -10.0000    5.0471  0.2202E+09  0.4940E+02  0.9633E-10 -0.6257E-06  0.1000E-09  0.1000E-09  0.1000E-09  0.2316E-09  0.8990E+04  0.6134E-01
    8.8976 14  1   25.4228   19.9467   25.4228    8.8169   -3.9674    1.4122    0.0000    0.0080  -10.0000    5.0475  0.2203E+09  0.4915E+02  0.9726E-10 -0.6292E-06  0.1000E-09  0.1000E-09  0.1000E-09  0.2321E-09  0.8991E+04  0.6134E-01
    8.9021 14  1   25.4228   19.9439   25.4228    8.8169   -3.9674    1.4130    0.0000    0.0080  -10.0000    5.0479  0.2205E+09  0.4890E+02  0.9793E-10 -0.6313E-06  0.1000E-09  0.1000E-09  0.1000E-09  0.2326E-09  0.8991E+04  0.6134E-01
    8.9065 14  1   25.4228   19.9411   25.4228    8.8169   -3.9674    1.4137    0.0000    0.0081  -10.0000    5.0483  0.2206E+09  0.4866E+02  0.9829E-10 -0.6313E-06  0.1000E-09  0.1000E-09  0.1000E-09  0.2331E-09  0.8992E+04  0.6134E-01
    8.9110 14  1   25.4228   19.9382   25.4228    8.8169   -3.9674    1.4144    0.0000    0.0081  -10.0000    5.0488  0.2208E+09  0.4844E+02  0.9905E-10 -0.6338E-06  0.1000E-09  0.1000E-09  0.1000E-09  0.2335E-09  0.8992E+04  0.6134E-01
    8.9155 14  1   25.4228   19.9354   25.4228    8.8169   -3.9674    1.4151    0.0000    0.0081  -10.0000    5.0492  0.2209E+09  0.4822E+02  0.9985E-10 -0.6369E-06  0.1000E-09  0.1000E-09  0.1000E-09  0.2339E-09  0.8993E+04  0.6134E-01
    8.9200 14  1   25.4228   19.9325   25.4228    8.8169   -3.9674    1.4157    0.0000    0.0081  -10.0000    5.0496  0.2211E+09  0.4801E+02  0.1003E-09 -0.6375E-06  0.1000E-09  0.1000E-09  0.1000E-09  0.2343E-09  0.8993E+04  0.6134E-01
    8.9244 14  1   25.4228   19.9297   25.4228    8.8169   -3.9674    1.4163    0.0000    0.0081  -10.0000    5.0501  0.2212E+09  0.4780E+02  0.1007E-09 -0.6383E-06  0.1000E-09  0.1000E-09  0.1000E-09  0.2347E-09  0.8994E+04  0.6134E-01
    8.9289 14  1   25.4228   19.9268   25.4228    8.8169   -3.9674    1.4168    0.0000    0.0081  -10.0000    5.0505  0.2214E+09  0.4763E+02  0.1016E-09 -0.6421E-06  0.1000E-09  0.1000E-09  0.1000E-09  0.2350E-09  0.8994E+04  0.6134E-01
    8.9334 14  1   25.4228   19.9239   25.4228    8.8169   -3.9674    1.4173    0.0000    0.0081  -10.0000    5.0510  0.2216E+09  0.4745E+02  0.1023E-09 -0.6451E-06  0.1000E-09  0.1000E-09  0.1000E-09  0.2353E-09  0.8995E+04  0.6134E-01
    8.9379 14  1   25.4228   19.9210   25.4228    8.8169   -3.9674    1.4178    0.0000    0.0081  -10.0000    5.0514  0.2217E+09  0.4728E+02  0.1025E-09 -0.6451E-06  0.1000E-09  0.1000E-09  0.1000E-09  0.2357E-09  0.8996E+04  0.6134E-01
    8.9424 14  1   25.4228   19.9181   25.4228    8.8169   -3.9674    1.4181    0.0000    0.0081  -10.0000    5.0519  0.2219E+09  0.4714E+02  0.1032E-09 -0.6476E-06  0.1000E-09  0.1000E-09  0.1000E-09  0.2359E-09  0.8996E+04  0.6134E-01
    8.9468 14  1   25.4228   19.9152   25.4228    8.8169   -3.9674    1.4183    0.0000    0.0081  -10.0000    5.0525  0.2220E+09  0.4703E+02  0.1040E-09 -0.6517E-06  0.1000E-09  0.1000E-09  0.1000E-09  0.2361E-09  0.8997E+04  0.6134E-01
    8.9513 14  1   25.4228   19.9123   25.4228    8.8169   -3.9674    1.4185    0.0000    0.0081  -10.0000    5.0530  0.2222E+09  0.4691E+02  0.1044E-09 -0.6533E-06  0.1000E-09  0.1000E-09  0.1000E-09  0.2362E-09  0.8997E+04  0.6134E-01
    8.9558 14  1   25.4228   19.9094   25.4228    8.8169   -3.9674    1.4187    0.0000    0.0081  -10.0000    5.0535  0.2224E+09  0.4680E+02  0.1045E-09 -0.6534E-06  0.1000E-09  0.1000E-09  0.1000E-09  0.2364E-09  0.8998E+04  0.6134E-01
    8.9603 14  1   25.4228   19.9064   25.4228    8.8169   -3.9674    1.4182    0.0000    0.0081  -10.0000    5.0542  0.2225E+09  0.4684E+02  0.1059E-09 -0.6614E-06  0.1000E-09  0.1000E-09  0.1000E-09  0.2362E-09  0.8999E+04  0.6134E-01
    8.9647 14  1   25.4228   19.9034   25.4228    8.8169   -3.9674    1.4176    0.0000    0.0081  -10.0000    5.0549  0.2227E+09  0.4689E+02  0.1069E-09 -0.6693E-06  0.1000E-09  0.1000E-09  0.1000E-09  0.2359E-09  0.8999E+04  0.6134E-01
    8.9692 14  1   25.4228   19.9004   25.4228    8.8169   -3.9674    1.4171    0.0000    0.0081  -10.0000    5.0557  0.2229E+09  0.4694E+02  0.1067E-09 -0.6693E-06  0.1000E-09  0.1000E-09  0.1000E-09  0.2357E-09  0.9000E+04  0.6134E-01
    8.9737 14  1   25.4228   19.8974   25.4228    8.8169   -3.9674    1.4161    0.0000    0.0081  -10.0000    5.0565  0.2230E+09  0.4707E+02  0.1067E-09 -0.6714E-06  0.1000E-09  0.1000E-09  0.1000E-09  0.2353E-09  0.9000E+04  0.6134E-01
    8.9782 14  1   25.4228   19.8944   25.4228    8.8169   -3.9674    1.4145    0.0000    0.0081  -10.0000    5.0573  0.2232E+09  0.4735E+02  0.1071E-09 -0.6767E-06  0.1000E-09  0.1000E-09  0.1000E-09  0.2344E-09  0.9001E+04  0.6134E-01
    8.9826 14  1   25.4228   19.8913   25.4228    8.8169   -3.9674    1.4128    0.0000    0.0080  -10.0000    5.0581  0.2234E+09  0.4764E+02  0.1069E-09 -0.6800E-06  0.1000E-09  0.1000E-09  0.1000E-09  0.2336E-09  0.9002E+04  0.6134E-01
    8.9871 14  1   25.4228   19.8883   25.4228    8.8169   -3.9674    1.4112    0.0000    0.0080  -10.0000    5.0590  0.2235E+09  0.4792E+02  0.1061E-09 -0.6800E-06  0.1000E-09  0.1000E-09  0.1000E-09  0.2328E-09  0.9002E+04  0.6134E-01
    8.9916 14  1   25.4228   19.8852   25.4228    8.8169   -3.9674    1.4087    0.0000    0.0080  -10.0000    5.0599  0.2237E+09  0.4840E+02  0.1059E-09 -0.6837E-06  0.1000E-09  0.1000E-09  0.1000E-09  0.2315E-09  0.9003E+04  0.6134E-01
    8.9961 14  1   25.4228   19.8821   25.4228    8.8169   -3.9674    1.4059    0.0000    0.0079  -10.0000    5.0610  0.2238E+09  0.4895E+02  0.1055E-09 -0.6884E-06  0.1000E-09  0.1000E-09  0.1000E-09  0.2301E-09  0.9003E+04  0.6134E-01
    9.0006 14  1   25.4228   19.8790   25.4228    8.8169   -3.9674    1.4031    0.0000    0.0079  -10.0000    5.0620  0.2240E+09  0.4950E+02  0.1043E-09 -0.6894E-06  0.1000E-09  0.1000E-09  0.1000E-09  0.2287E-09  0.9004E+04  0.6134E-01
    9.0042 14  2   25.4228   19.8765   25.4228    8.8169   -3.9674    1.4009    0.0000    0.0078  -10.0000    5.0629  0.2241E+09  0.4985E+02  0.1031E-09 -0.6894E-06  0.1000E-09  0.1000E-09  0.1000E-09  0.2198E-09  0.9004E+04  0.6134E-01
    9.0046 14  2   25.4228   19.8762   25.4228    8.8169   -3.9674    1.4004    0.0000    0.0078  -10.0000    5.0630  0.2241E+09  0.4996E+02  0.1032E-09 -0.6976E-06  0.1000E-09  0.1000E-09  0.1000E-09  0.2195E-09  0.9005E+04  0.6134E-01
    9.0051 14  2   25.4228   19.8759   25.4228    8.8169   -3.9674    1.3999    0.0000    0.0078  -10.0000    5.0632  0.2242E+09  0.5007E+02  0.1042E-09 -0.7058E-06  0.1000E-09  0.1000E-09  0.1000E-09  0.2192E-09  0.9005E+04  0.6134E-01
    9.0055 14  2   25.4228   19.8756   25.4228    8.8169   -3.9674    1.3993    0.0000    0.0078  -10.0000    5.0634  0.2242E+09  0.5019E+02  0.1040E-09 -0.7058E-06  0.1000E-09  0.1000E-09  0.1000E-09  0.2190E-09  0.9005E+04  0.6134E-01
    9.0059 14  2   25.4228   19.8753   25.4228    8.8169   -3.9674    1.3988    0.0000    0.0078  -10.0000    5.0636  0.2242E+09  0.5030E+02  0.1037E-09 -0.7058E-06  0.1000E-09  0.1000E-09  0.1000E-09  0.2187E-09  0.9005E+04  0.6134E-01
    9.0064 14  2   25.4228   19.8750   25.4228    8.8169   -3.9674    1.3983    0.0000    0.0078  -10.0000    5.0638  0.2242E+09  0.5041E+02  0.1035E-09 -0.7058E-06  0.1000E-09  0.1000E-09  0.1000E-09  0.2184E-09  0.9005E+04  0.6134E-01
    9.0068 14  2   25.4228   19.8747   25.4228    8.8169   -3.9674    1.3978    0.0000    0.0078  -10.0000    5.0640  0.2242E+09  0.5052E+02  0.1032E-09 -0.7058E-06  0.1000E-09  0.1000E-09  0.1000E-09  0.2182E-09  0.9005E+04  0.6134E-01
    9.0073 14  2   25.4228   19.8744   25.4228    8.8169   -3.9674    1.3972    0.0000    0.0077  -10.0000    5.0642  0.2242E+09  0.5064E+02  0.1030E-09 -0.7058E-06  0.1000E-09  0.1000E-09  0.1000E-09  0.2179E-09  0.9005E+04  0.6134E-01
    9.0077 14  2   25.4228   19.8741   25.4228    8.8169   -3.9674    1.3967    0.0000    0.0077  -10.0000    5.0643  0.2243E+09  0.5075E+02  0.1028E-09 -0.7058E-06  0.1000E-09  0.1000E-09  0.1000E-09  0.2176E-09  0.9005E+04  0.6134E-01
    9.0081 14  2   25.4228   19.8738   25.4228    8.8169   -3.9674    1.3962    0.0000    0.0077  -10.0000    5.0645  0.2243E+09  0.5086E+02  0.1025E-09 -0.7058E-06  0.1000E-09  0.1000E-09  0.1000E-09  0.2174E-09  0.9005E+04  0.6134E-01
    9.0086 14  2   25.4228   19.8734   25.4228    8.8169   -3.9674    1.3957    0.0000    0.0077  -10.0000    5.0647  0.2243E+09  0.5098E+02  0.1023E-09 -0.7058E-06  0.1000E-09  0.1000E-09  0.1000E-09  0.2171E-09  0.9005E+04  0.6134E-01
    9.0090 14  2   25.4228   19.8731   25.4228    8.8169   -3.9674    1.3952    0.0000    0.0077  -10.0000    5.0649  0.2243E+09  0.5109E+02  0.1020E-09 -0.7058E-06  0.1000E-09  0.1000E-09  0.1000E-09  0.2168E-09  0.9005E+04  0.6134E-01
    9.0095 14  2   25.4228   19.8728   25.4228    8.8169   -3.9674    1.3946    0.0000    0.0077  -10.0000    5.0651  0.2243E+09  0.5121E+02  0.1018E-09 -0.7058E-06  0.1000E-09  0.1000E-09  0.1000E-09  0.2166E-09  0.9005E+04  0.6134E-01
    9.0099 14  2   25.4228   19.8725   25.4228    8.8169   -3.9674    1.3941    0.0000    0.0077  -10.0000    5.0653  0.2243E+09  0.5132E+02  0.1016E-09 -0.7058E-06  0.1000E-09  0.1000E-09  0.1000E-09  0.2163E-09  0.9005E+04  0.6134E-01
    9.0103 14  2   25.4228   19.8722   25.4228    8.8169   -3.9674    1.3936    0.0000    0.0077  -10.0000    5.0655  0.2243E+09  0.5144E+02  0.1013E-09 -0.7058E-06  0.1000E-09  0.1000E-09  0.1000E-09  0.2160E-09  0.9005E+04  0.6134E-01
    9.0108 14  2   25.4228   19.8719   25.4228    8.8169   -3.9674    1.3931    0.0000    0.0077  -10.0000    5.0656  0.2244E+09  0.5155E+02  0.1011E-09 -0.7058E-06  0.1000E-09  0.1000E-09  0.1000E-09  0.2158E-09  0.9005E+04  0.6134E-01
    9.0112 14  2   25.4228   19.8716   25.4228    8.8169   -3.9674    1.3926    0.0000    0.0077  -10.0000    5.0658  0.2244E+09  0.5167E+02  0.1008E-09 -0.7058E-06  0.1000E-09  0.1000E-09  0.1000E-09  0.2155E-09  0.9005E+04  0.6134E-01
    9.0117 14  2   25.4228   19.8713   25.4228    8.8169   -3.9674    1.3920    0.0000    0.0077  -10.0000    5.0660  0.2244E+09  0.5178E+02  0.1006E-09 -0.7058E-06  0.1000E-09  0.1000E-09  0.1000E-09  0.2153E-09  0.9005E+04  0.6134E-01
    9.0121 14  2   25.4228   19.8710   25.4228    8.8169   -3.9674    1.3915    0.0000    0.0076  -10.0000    5.0662  0.2244E+09  0.5190E+02  0.1004E-09 -0.7058E-06  0.1000E-09  0.1000E-09  0.1000E-09  0.2150E-09  0.9006E+04  0.6134E-01
    9.0125 14  2   25.4228   19.8707   25.4228    8.8169   -3.9674    1.3910    0.0000    0.0076  -10.0000    5.0664  0.2244E+09  0.5201E+02  0.1001E-09 -0.7058E-06  0.1000E-09  0.1000E-09  0.1000E-09  0.2147E-09  0.9006E+04  0.6134E-01
    9.0130 14  2   25.4228   19.8703   25.4228    8.8169   -3.9674    1.3905    0.0000    0.0076  -10.0000    5.0666  0.2244E+09  0.5213E+02  0.9991E-10 -0.7058E-06  0.1000E-09  0.1000E-09  0.1000E-09  0.2145E-09  0.9006E+04  0.6134E-01
    9.0134 14  2   25.4228   19.8700   25.4228    8.8169   -3.9674    1.3899    0.0000    0.0076  -10.0000    5.0668  0.2245E+09  0.5225E+02  0.9968E-10 -0.7058E-06  0.1000E-09  0.1000E-09  0.1000E-09  0.2142E-09  0.9006E+04  0.6134E-01
    9.0139 14  2   25.4228   19.8697   25.4228    8.8169   -3.9674    1.3894    0.0000    0.0076  -10.0000    5.0669  0.2245E+09  0.5236E+02  0.9944E-10 -0.7058E-06  0.1000E-09  0.1000E-09  0.1000E-09  0.2140E-09  0.9006E+04  0.6134E-01
    9.0143 14  2   25.4228   19.8694   25.4228    8.8169   -3.9674    1.3889    0.0000    0.0076  -10.0000    5.0671  0.2245E+09  0.5248E+02  0.9921E-10 -0.7058E-06  0.1000E-09  0.1000E-09  0.1000E-09  0.2137E-09  0.9006E+04  0.6134E-01
    9.0147 14  2   25.4228   19.8691   25.4228    8.8169   -3.9674    1.3884    0.0000    0.0076  -10.0000    5.0673  0.2245E+09  0.5260E+02  0.9898E-10 -0.7058E-06  0.1000E-09  0.1000E-09  0.1000E-09  0.2134E-09  0.9006E+04  0.6134E-01
    9.0152 14  2   25.4228   19.8688   25.4228    8.8169   -3.9674    1.3879    0.0000    0.0076  -10.0000    5.0675  0.2245E+09  0.5272E+02  0.9875E-10 -0.7058E-06  0.1000E-09  0.1000E-09  0.1000E-09  0.2132E-09  0.9006E+04  0.6134E-01
    9.0156 14  2   25.4228   19.8685   25.4228    8.8169   -3.9674    1.3873    0.0000    0.0076  -10.0000    5.0677  0.2245E+09  0.5284E+02  0.9852E-10 -0.7058E-06  0.1000E-09  0.1000E-09  0.1000E-09  0.2129E-09  0.9006E+04  0.6134E-01
    9.0161 14  2   25.4228   19.8682   25.4228    8.8169   -3.9674    1.3868    0.0000    0.0076  -10.0000    5.0679  0.2245E+09  0.5295E+02  0.9829E-10 -0.7058E-06  0.1000E-09  0.1000E-09  0.1000E-09  0.2127E-09  0.9006E+04  0.6134E-01
    9.0165 14  2   25.4228   19.8679   25.4228    8.8169   -3.9674    1.3863    0.0000    0.0076  -10.0000    5.0681  0.2246E+09  0.5307E+02  0.9806E-10 -0.7058E-06  0.1000E-09  0.1000E-09  0.1000E-09  0.2124E-09  0.9006E+04  0.6134E-01
    9.0169 14  2   25.4228   19.8675   25.4228    8.8169   -3.9674    1.3858    0.0000    0.0075  -10.0000    5.0682  0.2246E+09  0.5319E+02  0.9783E-10 -0.7058E-06  0.1000E-09  0.1000E-09  0.1000E-09  0.2121E-09  0.9006E+04  0.6134E-01
    9.0174 14  2   25.4228   19.8672   25.4228    8.8169   -3.9674    1.3853    0.0000    0.0075  -10.0000    5.0684  0.2246E+09  0.5331E+02  0.9760E-10 -0.7058E-06  0.1000E-09  0.1000E-09  0.1000E-09  0.2119E-09  0.9006E+04  0.6134E-01
    9.0178 14  2   25.4228   19.8669   25.4228    8.8169   -3.9674    1.3847    0.0000    0.0075  -10.0000    5.0686  0.2246E+09  0.5343E+02  0.9737E-10 -0.7058E-06  0.1000E-09  0.1000E-09  0.1000E-09  0.2116E-09  0.9006E+04  0.6134E-01
    9.0183 14  2   25.4228   19.8666   25.4228    8.8169   -3.9674    1.3842    0.0000    0.0075  -10.0000    5.0688  0.2246E+09  0.5355E+02  0.9714E-10 -0.7058E-06  0.1000E-09  0.1000E-09  0.1000E-09  0.2114E-09  0.9006E+04  0.6134E-01
    9.0187 14  2   25.4228   19.8663   25.4228    8.8169   -3.9674    1.3837    0.0000    0.0075  -10.0000    5.0690  0.2246E+09  0.5367E+02  0.9691E-10 -0.7058E-06  0.1000E-09  0.1000E-09  0.1000E-09  0.2111E-09  0.9006E+04  0.6134E-01
    9.0191 14  2   25.4228   19.8660   25.4228    8.8169   -3.9674    1.3832    0.0000    0.0075  -10.0000    5.0692  0.2246E+09  0.5379E+02  0.9669E-10 -0.7058E-06  0.1000E-09  0.1000E-09  0.1000E-09  0.2109E-09  0.9007E+04  0.6134E-01
    9.0196 14  2   25.4228   19.8657   25.4228    8.8169   -3.9674    1.3826    0.0000    0.0075  -10.0000    5.0694  0.2247E+09  0.5391E+02  0.9646E-10 -0.7058E-06  0.1000E-09  0.1000E-09  0.1000E-09  0.2106E-09  0.9007E+04  0.6134E-01
    9.0200 14  2   25.4228   19.8654   25.4228    8.8169   -3.9674    1.3821    0.0000    0.0075  -10.0000    5.0695  0.2247E+09  0.5403E+02  0.9624E-10 -0.7058E-06  0.1000E-09  0.1000E-09  0.1000E-09  0.2103E-09  0.9007E+04  0.6134E-01
    9.0205 14  2   25.4228   19.8651   25.4228    8.8169   -3.9674    1.3813    0.0000    0.0075  -10.0000    5.0700  0.2247E+09  0.5422E+02  0.9458E-10 -0.6952E-06  0.1000E-09  0.1000E-09  0.1000E-09  0.2099E-09  0.9007E+04  0.6134E-01
    9.0209 14  2   25.4228   19.8648   25.4228    8.8169   -3.9674    1.3800    0.0000    0.0074  -10.0000    5.0709  0.2247E+09  0.5453E+02  0.9051E-10 -0.6677E-06  0.1000E-09  0.1000E-09  0.1000E-09  0.2093E-09  0.9007E+04  0.6134E-01
    9.0213 14  2   25.4228   19.8645   25.4228    8.8169   -3.9674    1.3788    0.0000    0.0074  -10.0000    5.0719  0.2247E+09  0.5484E+02  0.8770E-10 -0.6508E-06  0.1000E-09  0.1000E-09  0.1000E-09  0.2087E-09  0.9007E+04  0.6134E-01
    9.0218 14  2   25.4228   19.8642   25.4228    8.8169   -3.9674    1.3775    0.0000    0.0074  -10.0000    5.0728  0.2247E+09  0.5516E+02  0.8720E-10 -0.6508E-06  0.1000E-09  0.1000E-09  0.1000E-09  0.2081E-09  0.9007E+04  0.6134E-01
    9.0222 14  2   25.4228   19.8639   25.4228    8.8169   -3.9674    1.3762    0.0000    0.0074  -10.0000    5.0737  0.2247E+09  0.5547E+02  0.8671E-10 -0.6508E-06  0.1000E-09  0.1000E-09  0.1000E-09  0.2074E-09  0.9007E+04  0.6134E-01
    9.0227 14  2   25.4228   19.8636   25.4228    8.8169   -3.9674    1.3750    0.0000    0.0074  -10.0000    5.0747  0.2247E+09  0.5579E+02  0.8621E-10 -0.6508E-06  0.1000E-09  0.1000E-09  0.1000E-09  0.2068E-09  0.9007E+04  0.6134E-01
    9.0231 14  2   25.4228   19.8633   25.4228    8.8169   -3.9674    1.3737    0.0000    0.0073  -10.0000    5.0756  0.2248E+09  0.5610E+02  0.8572E-10 -0.6508E-06  0.1000E-09  0.1000E-09  0.1000E-09  0.2062E-09  0.9007E+04  0.6134E-01
    9.0235 14  2   25.4228   19.8631   25.4228    8.8169   -3.9674    1.3724    0.0000    0.0073  -10.0000    5.0765  0.2248E+09  0.5642E+02  0.8523E-10 -0.6508E-06  0.1000E-09  0.1000E-09  0.1000E-09  0.2056E-09  0.9007E+04  0.6134E-01
    9.0240 14  2   25.4228   19.8628   25.4228    8.8169   -3.9674    1.3712    0.0000    0.0073  -10.0000    5.0775  0.2248E+09  0.5674E+02  0.8475E-10 -0.6508E-06  0.1000E-09  0.1000E-09  0.1000E-09  0.2050E-09  0.9007E+04  0.6134E-01
    9.0244 14  2   25.4228   19.8625   25.4228    8.8169   -3.9674    1.3699    0.0000    0.0073  -10.0000    5.0784  0.2248E+09  0.5707E+02  0.8426E-10 -0.6508E-06  0.1000E-09  0.1000E-09  0.1000E-09  0.2043E-09  0.9007E+04  0.6134E-01
    9.0249 14  2   25.4228   19.8622   25.4228    8.8169   -3.9674    1.3686    0.0000    0.0073  -10.0000    5.0793  0.2248E+09  0.5739E+02  0.8378E-10 -0.6508E-06  0.1000E-09  0.1000E-09  0.1000E-09  0.2037E-09  0.9007E+04  0.6134E-01
    9.0253 14  2   25.4228   19.8619   25.4228    8.8169   -3.9674    1.3674    0.0000    0.0072  -10.0000    5.0803  0.2248E+09  0.5772E+02  0.8330E-10 -0.6508E-06  0.1000E-09  0.1000E-09  0.1000E-09  0.2031E-09  0.9007E+04  0.6134E-01
    9.0257 14  2   25.4228   19.8616   25.4228    8.8169   -3.9674    1.3661    0.0000    0.0072  -10.0000    5.0812  0.2248E+09  0.5805E+02  0.8283E-10 -0.6508E-06  0.1000E-09  0.1000E-09  0.1000E-09  0.2025E-09  0.9007E+04  0.6134E-01
    9.0262 14  2   25.4228   19.8613   25.4228    8.8169   -3.9674    1.3648    0.0000    0.0072  -10.0000    5.0821  0.2248E+09  0.5838E+02  0.8236E-10 -0.6508E-06  0.1000E-09  0.1000E-09  0.1000E-09  0.2019E-09  0.9007E+04  0.6134E-01
    9.0266 14  2   25.4228   19.8611   25.4228    8.8169   -3.9674    1.3636    0.0000    0.0072  -10.0000    5.0831  0.2249E+09  0.5871E+02  0.8189E-10 -0.6508E-06  0.1000E-09  0.1000E-09  0.1000E-09  0.2013E-09  0.9008E+04  0.6134E-01
    9.0271 14  2   25.4228   19.8608   25.4228    8.8169   -3.9674    1.3623    0.0000    0.0071  -10.0000    5.0840  0.2249E+09  0.5904E+02  0.8142E-10 -0.6508E-06  0.1000E-09  0.1000E-09  0.1000E-09  0.2007E-09  0.9008E+04  0.6134E-01
    9.0275 14  2   25.4228   19.8605   25.4228    8.8169   -3.9674    1.3610    0.0000    0.0071  -10.0000    5.0849  0.2249E+09  0.5938E+02  0.8096E-10 -0.6508E-06  0.1000E-09  0.1000E-09  0.1000E-09  0.2001E-09  0.9008E+04  0.6134E-01
    9.0279 14  2   25.4228   19.8602   25.4228    8.8169   -3.9674    1.3598    0.0000    0.0071  -10.0000    5.0859  0.2249E+09  0.5972E+02  0.8049E-10 -0.6508E-06  0.1000E-09  0.1000E-09  0.1000E-09  0.1995E-09  0.9008E+04  0.6134E-01
    9.0284 14  2   25.4228   19.8599   25.4228    8.8169   -3.9674    1.3585    0.0000    0.0071  -10.0000    5.0868  0.2249E+09  0.6006E+02  0.8003E-10 -0.6508E-06  0.1000E-09  0.1000E-09  0.1000E-09  0.1989E-09  0.9008E+04  0.6134E-01
    9.0288 14  2   25.4228   19.8596   25.4228    8.8169   -3.9674    1.3572    0.0000    0.0071  -10.0000    5.0877  0.2249E+09  0.6040E+02  0.7958E-10 -0.6508E-06  0.1000E-09  0.1000E-09  0.1000E-09  0.1983E-09  0.9008E+04  0.6134E-01
    9.0293 14  2   25.4228   19.8593   25.4228    8.8169   -3.9674    1.3560    0.0000    0.0070  -10.0000    5.0887  0.2249E+09  0.6074E+02  0.7912E-10 -0.6508E-06  0.1000E-09  0.1000E-09  0.1000E-09  0.1977E-09  0.9008E+04  0.6134E-01
    9.0297 14  2   25.4228   19.8590   25.4228    8.8169   -3.9674    1.3547    0.0000    0.0070  -10.0000    5.0896  0.2249E+09  0.6109E+02  0.7867E-10 -0.6508E-06  0.1000E-09  0.1000E-09  0.1000E-09  0.1971E-09  0.9008E+04  0.6134E-01
    9.0301 14  2   25.4228   19.8588   25.4228    8.8169   -3.9674    1.3534    0.0000    0.0070  -10.0000    5.0905  0.2250E+09  0.6144E+02  0.7822E-10 -0.6508E-06  0.1000E-09  0.1000E-09  0.1000E-09  0.1965E-09  0.9008E+04  0.6134E-01
    9.0306 14  2   25.4228   19.8585   25.4228    8.8169   -3.9674    1.3522    0.0000    0.0070  -10.0000    5.0915  0.2250E+09  0.6179E+02  0.7778E-10 -0.6508E-06  0.1000E-09  0.1000E-09  0.1000E-09  0.1959E-09  0.9008E+04  0.6134E-01
    9.0310 14  2   25.4228   19.8582   25.4228    8.8169   -3.9674    1.3509    0.0000    0.0070  -10.0000    5.0924  0.2250E+09  0.6214E+02  0.7733E-10 -0.6508E-06  0.1000E-09  0.1000E-09  0.1000E-09  0.1953E-09  0.9008E+04  0.6134E-01
    9.0315 14  2   25.4228   19.8579   25.4228    8.8169   -3.9674    1.3496    0.0000    0.0069  -10.0000    5.0933  0.2250E+09  0.6249E+02  0.7689E-10 -0.6508E-06  0.1000E-09  0.1000E-09  0.1000E-09  0.1947E-09  0.9008E+04  0.6134E-01
    9.0319 14  2   25.4228   19.8576   25.4228    8.8169   -3.9674    1.3484    0.0000    0.0069  -10.0000    5.0943  0.2250E+09  0.6285E+02  0.7645E-10 -0.6508E-06  0.1000E-09  0.1000E-09  0.1000E-09  0.1942E-09  0.9008E+04  0.6134E-01
    9.0323 14  2   25.4228   19.8573   25.4228    8.8169   -3.9674    1.3471    0.0000    0.0069  -10.0000    5.0952  0.2250E+09  0.6321E+02  0.7602E-10 -0.6508E-06  0.1000E-09  0.1000E-09  0.1000E-09  0.1936E-09  0.9008E+04  0.6134E-01
    9.0328 14  2   25.4228   19.8570   25.4228    8.8169   -3.9674    1.3458    0.0000    0.0069  -10.0000    5.0961  0.2250E+09  0.6357E+02  0.7558E-10 -0.6508E-06  0.1000E-09  0.1000E-09  0.1000E-09  0.1930E-09  0.9008E+04  0.6134E-01
    9.0332 14  2   25.4228   19.8568   25.4228    8.8169   -3.9674    1.3446    0.0000    0.0069  -10.0000    5.0971  0.2250E+09  0.6393E+02  0.7515E-10 -0.6508E-06  0.1000E-09  0.1000E-09  0.1000E-09  0.1924E-09  0.9008E+04  0.6134E-01
    9.0337 14  2   25.4228   19.8565   25.4228    8.8169   -3.9674    1.3433    0.0000    0.0068  -10.0000    5.0980  0.2250E+09  0.6429E+02  0.7472E-10 -0.6508E-06  0.1000E-09  0.1000E-09  0.1000E-09  0.1918E-09  0.9008E+04  0.6134E-01
    9.0341 14  2   25.4228   19.8562   25.4228    8.8169   -3.9674    1.3420    0.0000    0.0068  -10.0000    5.0989  0.2251E+09  0.6466E+02  0.7429E-10 -0.6508E-06  0.1000E-09  0.1000E-09  0.1000E-09  0.1913E-09  0.9008E+04  0.6134E-01
    9.0345 14  2   25.4228   19.8559   25.4228    8.8169   -3.9674    1.3407    0.0000    0.0068  -10.0000    5.0999  0.2251E+09  0.6503E+02  0.7387E-10 -0.6508E-06  0.1000E-09  0.1000E-09  0.1000E-09  0.1907E-09  0.9009E+04  0.6134E-01
    9.0350 14  2   25.4228   19.8556   25.4228    8.8169   -3.9674    1.3395    0.0000    0.0068  -10.0000    5.1008  0.2251E+09  0.6540E+02  0.7345E-10 -0.6508E-06  0.1000E-09  0.1000E-09  0.1000E-09  0.1901E-09  0.9009E+04  0.6134E-01
    9.0354 14  2   25.4228   19.8553   25.4228    8.8169   -3.9674    1.3382    0.0000    0.0068  -10.0000    5.1017  0.2251E+09  0.6577E+02  0.7303E-10 -0.6508E-06  0.1000E-09  0.1000E-09  0.1000E-09  0.1895E-09  0.9009E+04  0.6134E-01
    9.0359 14  2   25.4228   19.8550   25.4228    8.8169   -3.9674    1.3369    0.0000    0.0067  -10.0000    5.1027  0.2251E+09  0.6614E+02  0.7261E-10 -0.6508E-06  0.1000E-09  0.1000E-09  0.1000E-09  0.1890E-09  0.9009E+04  0.6134E-01
    9.0363 14  2   25.4228   19.8548   25.4228    8.8169   -3.9674    1.3357    0.0000    0.0067  -10.0000    5.1036  0.2251E+09  0.6652E+02  0.7220E-10 -0.6508E-06  0.1000E-09  0.1000E-09  0.1000E-09  0.1884E-09  0.9009E+04  0.6134E-01
    9.0367 14  2   25.4228   19.8544   25.4228    8.8169   -3.9674    1.3352    0.0000    0.0067  -10.0000    5.1022  0.2251E+09  0.6666E+02  0.8747E-10 -0.7930E-06  0.1000E-09  0.1000E-09  0.1000E-09  0.1882E-09  0.9009E+04  0.6134E-01
    9.0372 14  2   25.4228   19.8540   25.4228    8.8169   -3.9674    1.3361    0.0000    0.0067  -10.0000    5.0988  0.2251E+09  0.6637E+02  0.1053E-09 -0.9570E-06  0.1000E-09  0.1000E-09  0.1000E-09  0.1886E-09  0.9009E+04  0.6134E-01
    9.0376 14  2   25.4228   19.8536   25.4228    8.8169   -3.9674    1.3385    0.0000    0.0068  -10.0000    5.0945  0.2252E+09  0.6561E+02  0.1084E-09 -0.9805E-06  0.1000E-09  0.1000E-09  0.1000E-09  0.1897E-09  0.9009E+04  0.6134E-01
    9.0381 14  2   25.4228   19.8531   25.4228    8.8169   -3.9674    1.3430    0.0000    0.0068  -10.0000    5.0897  0.2252E+09  0.6425E+02  0.1113E-09 -0.9957E-06  0.1000E-09  0.1000E-09  0.1000E-09  0.1918E-09  0.9009E+04  0.6134E-01
    9.0385 14  2   25.4228   19.8527   25.4228    8.8169   -3.9674    1.3501    0.0000    0.0069  -10.0000    5.0847  0.2252E+09  0.6219E+02  0.1159E-09 -0.1016E-05  0.1000E-09  0.1000E-09  0.1000E-09  0.1951E-09  0.9009E+04  0.6134E-01
    9.0389 14  2   25.4228   19.8522   25.4228    8.8169   -3.9674    1.3604    0.0000    0.0071  -10.0000    5.0801  0.2252E+09  0.5929E+02  0.1223E-09 -0.1038E-05  0.1000E-09  0.1000E-09  0.1000E-09  0.1999E-09  0.9009E+04  0.6134E-01
    9.0394 14  2   25.4228   19.8517   25.4228    8.8169   -3.9674    1.3747    0.0000    0.0074  -10.0000    5.0763  0.2252E+09  0.5553E+02  0.1328E-09 -0.1076E-05  0.1000E-09  0.1000E-09  0.1000E-09  0.2069E-09  0.9009E+04  0.6134E-01
    9.0398 14  2   25.4228   19.8512   25.4228    8.8169   -3.9674    1.3933    0.0000    0.0077  -10.0000    5.0736  0.2252E+09  0.5095E+02  0.1491E-09 -0.1133E-05  0.1000E-09  0.1000E-09  0.1000E-09  0.2163E-09  0.9009E+04  0.6134E-01
    9.0403 14  2   25.4228   19.8507   25.4228    8.8169   -3.9674    1.4169    0.0000    0.0081  -10.0000    5.0722  0.2253E+09  0.4570E+02  0.1717E-09 -0.1199E-05  0.1000E-09  0.1000E-09  0.1000E-09  0.2289E-09  0.9010E+04  0.6134E-01
    9.0407 14  2   25.4228   19.8502   25.4228    8.8169   -3.9674    1.4450    0.0000    0.0086  -10.0000    5.0720  0.2253E+09  0.4015E+02  0.1916E-09 -0.1202E-05  0.1000E-09  0.1000E-09  0.1000E-09  0.2447E-09  0.9010E+04  0.6134E-01
    9.0411 14  2   25.4228   19.8497   25.4228    8.8169   -3.9674    1.4780    0.0000    0.0093  -10.0000    5.0725  0.2253E+09  0.3449E+02  0.2099E-09 -0.1160E-05  0.1000E-09  0.1000E-09  0.1000E-09  0.2646E-09  0.9010E+04  0.6134E-01
    9.0416 14  2   25.4228   19.8492   25.4228    8.8169   -3.9674    1.5160    0.0000    0.0102  -10.0000    5.0739  0.2254E+09  0.2896E+02  0.2349E-09 -0.1119E-05  0.1000E-09  0.1000E-09  0.1000E-09  0.2895E-09  0.9010E+04  0.6134E-01
    9.0420 14  2   25.4228   19.8487   25.4228    8.8169   -3.9674    1.5572    0.0000    0.0112  -10.0000    5.0758  0.2254E+09  0.2395E+02  0.2666E-09 -0.1071E-05  0.1000E-09  0.1000E-09  0.1000E-09  0.3191E-09  0.9010E+04  0.6134E-01
    9.0425 14  2   25.4228   19.8483   25.4228    8.8169   -3.9674    1.6018    0.0000    0.0124  -10.0000    5.0776  0.2255E+09  0.1950E+02  0.3070E-09 -0.1025E-05  0.1000E-09  0.1000E-09  0.1000E-09  0.3545E-09  0.9010E+04  0.6134E-01
    9.0429 14  2   25.4228   19.8478   25.4228    8.8169   -3.9674    1.6497    0.0000    0.0139  -10.0000    5.0789  0.2255E+09  0.1564E+02  0.3577E-09 -0.9777E-06  0.1000E-09  0.1000E-09  0.1000E-09  0.3968E-09  0.9010E+04  0.6134E-01
    9.0433 14  2   25.4228   19.8474   25.4228    8.8169   -3.9674    1.7011    0.0000    0.0156  -10.0000    5.0796  0.2256E+09  0.1235E+02  0.4202E-09 -0.9274E-06  0.1000E-09  0.1000E-09  0.1000E-09  0.4476E-09  0.9010E+04  0.6134E-01
    9.0438 14  2   25.4228   19.8470   25.4228    8.8169   -3.9674    1.7569    0.0000    0.0177  -10.0000    5.0794  0.2256E+09  0.9543E+01  0.5063E-09 -0.8893E-06  0.1000E-09  0.1000E-09  0.1000E-09  0.5102E-09  0.9010E+04  0.6134E-01
    9.0442 14  2   25.4228   19.8466   25.4228    8.8169   -3.9674    1.8183    0.0000    0.0204  -10.0000    5.0785  0.2257E+09  0.7195E+01  0.6758E-09 -0.9268E-06  0.1000E-09  0.1000E-09  0.1000E-09  0.5888E-09  0.9010E+04  0.6134E-01
    9.0447 14  2   25.4228   19.8462   25.4228    8.8169   -3.9674    1.8863    0.0000    0.0239  -10.0000    5.0765  0.2259E+09  0.5258E+01  0.9827E-09 -0.1029E-05  0.1000E-09  0.1000E-09  0.1000E-09  0.6900E-09  0.9010E+04  0.6134E-01
    9.0451 14  2   25.4228   19.8457   25.4228    8.8169   -3.9674    1.9637    0.0000    0.0285  -10.0000    5.0733  0.2261E+09  0.3681E+01  0.1512E-08 -0.1175E-05  0.1000E-09  0.1000E-09  0.1000E-09  0.8262E-09  0.9011E+04  0.6134E-01
    9.0455 14  2   25.4228   19.8450   25.4228    8.8169   -3.9674    2.0534    0.0000    0.0351  -10.0000    5.0686  0.2265E+09  0.2435E+01  0.2478E-08 -0.1378E-05  0.1000E-09  0.1000E-09  0.1000E-09  0.1018E-08  0.9011E+04  0.6134E-01
    9.0460 14  2   25.4228   19.8443   25.4228    8.8169   -3.9674    2.1586    0.0000    0.0447  -10.0000    5.0618  0.2271E+09  0.1499E+01  0.4293E-08 -0.1626E-05  0.1000E-09  0.1000E-09  0.1000E-09  0.1299E-08  0.9011E+04  0.6134E-01
    9.0464 14  2   25.4228   19.8435   25.4228    8.8169   -3.9674    2.2783    0.0000    0.0589  -10.0000    5.0514  0.2283E+09  0.8635E+00  0.8130E-08 -0.1976E-05  0.1000E-09  0.1000E-09  0.1000E-09  0.1714E-08  0.9011E+04  0.6134E-01
    9.0469 14  2   25.4229   19.8424   25.4229    8.8169   -3.9674    2.4119    0.0000    0.0801  -10.0000    5.0345  0.2307E+09  0.4665E+00  0.1620E-07 -0.2409E-05  0.1000E-09  0.1000E-09  0.1000E-09  0.2334E-08  0.9011E+04  0.6134E-01
    9.0473 14  2   25.4229   19.8411   25.4229    8.8169   -3.9674    2.5547    0.0000    0.1113  -10.0000    5.0045  0.2356E+09  0.2415E+00  0.3315E-07 -0.2899E-05  0.1000E-09  0.1000E-09  0.1000E-09  0.3246E-08  0.9011E+04  0.6134E-01
    9.0477 14  2   25.4229   19.8396   25.4229    8.8169   -3.9674    2.6964    0.0000    0.1542  -10.0000    4.9454  0.2453E+09  0.1257E+00  0.6626E-07 -0.3372E-05  0.1000E-09  0.5166E-02  0.1000E-09  0.2325E+00  0.9012E+04  0.6134E-01
    9.0482 14  2   25.4229   19.8381   25.4229    8.8169   -3.9674    2.7739    0.0000    0.1843  -10.0000    4.8325  0.2620E+09  0.8791E-01  0.1135E-06 -0.3483E-05  0.1000E-09  0.5511E+01  0.1000E-09  0.2966E+03  0.9012E+04  0.6134E-01
    9.0482 14  4   25.4229   19.8381   25.4229    8.8169   -3.9674    2.7739    0.0000    0.1843  -10.0000    4.8325  0.2620E+09  0.8791E-01  0.0000E+00  0.0000E+00  0.1000E-09  0.1102E+02  0.1000E-09  0.5932E+03  0.9012E+04  0.6134E-01
    9.0548 14  4   25.4256   19.7765   25.4256    8.8169   -3.9674    2.9527    0.0000    0.2782  -10.0000    5.0775  0.1132E+10  0.3734E-01  0.3952E-06 -0.9334E-05  0.1000E-09  0.6383E+01  0.1000E-09  0.5219E+03  0.9022E+04  0.6133E-01
    9.0614 14  4   25.4340   19.6631   25.4340    8.8169   -3.9672    3.0531    0.0000    0.3504  -10.0000    5.2782  0.3853E+10  0.2213E-01  0.1279E-05 -0.1717E-04  0.1000E-09  0.5553E+00  0.1000E-09  0.5781E+02  0.9037E+04  0.6131E-01
    9.0680 14  4   25.4457   19.5461   25.4457    8.8169   -3.9670    3.0507    0.0000    0.3485  -10.0000    5.2733  0.7390E+10  0.2100E-01  0.1771E-05 -0.1772E-04  0.1000E-09  0.5909E+00  0.1000E-09  0.6184E+02  0.9050E+04  0.6128E-01
    9.0746 14  4   25.4575   19.4282   25.4575    8.8169   -3.9668    3.0483    0.0000    0.3466  -10.0000    5.2687  0.1073E+11  0.1989E-01  0.1789E-05 -0.1787E-04  0.1000E-09  0.6263E+00  0.1000E-09  0.6592E+02  0.9063E+04  0.6125E-01
    9.0812 14  4   25.4692   19.3120   25.4692    8.8169   -3.9666    3.0461    0.0000    0.3449  -10.0000    5.2641  0.1381E+11  0.1884E-01  0.1764E-05 -0.1759E-04  0.1000E-09  0.6618E+00  0.1000E-09  0.7006E+02  0.9076E+04  0.6122E-01
    9.0878 14  4   25.4806   19.1982   25.4806    8.8169   -3.9664    3.0439    0.0000    0.3432  -10.0000    5.2598  0.1664E+11  0.1784E-01  0.1733E-05 -0.1725E-04  0.1000E-09  0.6972E+00  0.1000E-09  0.7424E+02  0.9089E+04  0.6119E-01
    9.0944 14  4   25.4919   19.0861   25.4919    8.8169   -3.9662    3.0417    0.0000    0.3415  -10.0000    5.2554  0.1924E+11  0.1691E-01  0.1709E-05 -0.1697E-04  0.1000E-09  0.7336E+00  0.1000E-09  0.7858E+02  0.9101E+04  0.6116E-01
    9.1010 14  4   25.5030   18.9761   25.5030    8.8169   -3.9660    3.0396    0.0000    0.3399  -10.0000    5.2512  0.2164E+11  0.1602E-01  0.1682E-05 -0.1666E-04  0.1000E-09  0.7703E+00  0.1000E-09  0.8300E+02  0.9114E+04  0.6113E-01
    9.1076 14  4   25.5139   18.8681   25.5139    8.8169   -3.9659    3.0375    0.0000    0.3383  -10.0000    5.2470  0.2384E+11  0.1520E-01  0.1654E-05 -0.1635E-04  0.1000E-09  0.8080E+00  0.1000E-09  0.8757E+02  0.9126E+04  0.6110E-01
    9.1142 14  4   25.5247   18.7617   25.5247    8.8169   -3.9657    3.0355    0.0000    0.3368  -10.0000    5.2429  0.2588E+11  0.1441E-01  0.1634E-05 -0.1612E-04  0.1000E-09  0.8463E+00  0.1000E-09  0.9226E+02  0.9138E+04  0.6108E-01
    9.1208 14  4   25.5353   18.6572   25.5353    8.8169   -3.9655    3.0334    0.0000    0.3352  -10.0000    5.2389  0.2776E+11  0.1367E-01  0.1608E-05 -0.1583E-04  0.1000E-09  0.8853E+00  0.1000E-09  0.9708E+02  0.9150E+04  0.6105E-01
    9.1274 14  4   25.5458   18.5541   25.5458    8.8169   -3.9653    3.0314    0.0000    0.3337  -10.0000    5.2349  0.2950E+11  0.1297E-01  0.1589E-05 -0.1561E-04  0.1000E-09  0.9251E+00  0.1000E-09  0.1021E+03  0.9162E+04  0.6102E-01
    9.1340 14  4   25.5561   18.4528   25.5561    8.8169   -3.9651    3.0295    0.0000    0.3323  -10.0000    5.2309  0.3110E+11  0.1231E-01  0.1565E-05 -0.1535E-04  0.1000E-09  0.9652E+00  0.1000E-09  0.1071E+03  0.9173E+04  0.6100E-01
    9.1406 14  4   25.5663   18.3529   25.5663    8.8169   -3.9650    3.0275    0.0000    0.3308  -10.0000    5.2270  0.3258E+11  0.1168E-01  0.1546E-05 -0.1513E-04  0.1000E-09  0.1006E+01  0.1000E-09  0.1123E+03  0.9185E+04  0.6097E-01
    9.1472 14  4   25.5764   18.2545   25.5764    8.8169   -3.9648    3.0256    0.0000    0.3294  -10.0000    5.2232  0.3395E+11  0.1109E-01  0.1526E-05 -0.1491E-04  0.1000E-09  0.1047E+01  0.1000E-09  0.1176E+03  0.9196E+04  0.6094E-01
    9.1538 14  4   25.5864   18.1576   25.5864    8.8169   -3.9646    3.0237    0.0000    0.3281  -10.0000    5.2195  0.3522E+11  0.1053E-01  0.1505E-05 -0.1467E-04  0.1000E-09  0.1088E+01  0.1000E-09  0.1230E+03  0.9208E+04  0.6092E-01
    9.1604 14  4   25.5962   18.0620   25.5962    8.8169   -3.9645    3.0219    0.0000    0.3268  -10.0000    5.2158  0.3640E+11  0.9992E-02  0.1490E-05 -0.1449E-04  0.1000E-09  0.1129E+01  0.1000E-09  0.1284E+03  0.9219E+04  0.6089E-01
    9.1670 14  4   25.6059   17.9678   25.6059    8.8169   -3.9643    3.0201    0.0000    0.3255  -10.0000    5.2123  0.3748E+11  0.9487E-02  0.1470E-05 -0.1427E-04  0.1000E-09  0.1170E+01  0.1000E-09  0.1338E+03  0.9230E+04  0.6087E-01
    9.1736 14  4   25.6155   17.8746   25.6155    8.8169   -3.9641    3.0184    0.0000    0.3242  -10.0000    5.2088  0.3849E+11  0.9007E-02  0.1457E-05 -0.1410E-04  0.1000E-09  0.1212E+01  0.1000E-09  0.1394E+03  0.9240E+04  0.6084E-01
    9.1802 14  4   25.6250   17.7828   25.6250    8.8169   -3.9640    3.0167    0.0000    0.3230  -10.0000    5.2054  0.3943E+11  0.8550E-02  0.1439E-05 -0.1390E-04  0.1000E-09  0.1251E+01  0.1000E-09  0.1449E+03  0.9251E+04  0.6082E-01
    9.1868 14  4   25.6344   17.6922   25.6344    8.8169   -3.9638    3.0151    0.0000    0.3218  -10.0000    5.2021  0.4029E+11  0.8117E-02  0.1424E-05 -0.1372E-04  0.1000E-09  0.1291E+01  0.1000E-09  0.1505E+03  0.9262E+04  0.6079E-01
    9.1934 14  4   25.6437   17.6027   25.6437    8.8169   -3.9637    3.0135    0.0000    0.3207  -10.0000    5.1990  0.4110E+11  0.7704E-02  0.1411E-05 -0.1357E-04  0.1000E-09  0.1330E+01  0.1000E-09  0.1560E+03  0.9272E+04  0.6077E-01
    9.2000 14  4   25.6529   17.5143   25.6529    8.8169   -3.9635    3.0120    0.0000    0.3197  -10.0000    5.1959  0.4185E+11  0.7311E-02  0.1397E-05 -0.1339E-04  0.1000E-09  0.1367E+01  0.1000E-09  0.1615E+03  0.9283E+04  0.6075E-01
    9.2066 14  4   25.6621   17.4266   25.6621    8.8169   -3.9633    3.0105    0.0000    0.3186  -10.0000    5.1930  0.4254E+11  0.6936E-02  0.1387E-05 -0.1327E-04  0.1000E-09  0.1404E+01  0.1000E-09  0.1669E+03  0.9293E+04  0.6072E-01
    9.2132 14  4   25.6712   17.3401   25.6712    8.8169   -3.9632    3.0091    0.0000    0.3177  -10.0000    5.1902  0.4318E+11  0.6580E-02  0.1374E-05 -0.1310E-04  0.1000E-09  0.1438E+01  0.1000E-09  0.1722E+03  0.9303E+04  0.6070E-01
    9.2198 14  4   25.6802   17.2545   25.6802    8.8169   -3.9630    3.0077    0.0000    0.3167  -10.0000    5.1874  0.4378E+11  0.6241E-02  0.1363E-05 -0.1296E-04  0.1000E-09  0.1472E+01  0.1000E-09  0.1774E+03  0.9313E+04  0.6067E-01
    9.2264 14  4   25.6891   17.1698   25.6891    8.8169   -3.9629    3.0064    0.0000    0.3159  -10.0000    5.1849  0.4434E+11  0.5917E-02  0.1354E-05 -0.1284E-04  0.1000E-09  0.1503E+01  0.1000E-09  0.1825E+03  0.9324E+04  0.6065E-01
    9.2330 14  4   25.6980   17.0858   25.6980    8.8169   -3.9627    3.0052    0.0000    0.3150  -10.0000    5.1824  0.4486E+11  0.5608E-02  0.1346E-05 -0.1273E-04  0.1000E-09  0.1533E+01  0.1000E-09  0.1875E+03  0.9334E+04  0.6063E-01
    9.2396 14  4   25.7068   17.0025   25.7068    8.8169   -3.9626    3.0040    0.0000    0.3143  -10.0000    5.1801  0.4534E+11  0.5313E-02  0.1338E-05 -0.1261E-04  0.1000E-09  0.1560E+01  0.1000E-09  0.1922E+03  0.9343E+04  0.6061E-01
    9.2462 14  4   25.7156   16.9201   25.7156    8.8169   -3.9624    3.0029    0.0000    0.3135  -10.0000    5.1779  0.4578E+11  0.5032E-02  0.1329E-05 -0.1248E-04  0.1000E-09  0.1586E+01  0.1000E-09  0.1969E+03  0.9353E+04  0.6058E-01
    9.2528 14  4   25.7244   16.8382   25.7244    8.8169   -3.9623    3.0019    0.0000    0.3128  -10.0000    5.1758  0.4620E+11  0.4764E-02  0.1325E-05 -0.1240E-04  0.1000E-09  0.1610E+01  0.1000E-09  0.2014E+03  0.9363E+04  0.6056E-01
    9.2594 14  4   25.7331   16.7570   25.7331    8.8169   -3.9621    3.0009    0.0000    0.3122  -10.0000    5.1738  0.4659E+11  0.4508E-02  0.1320E-05 -0.1230E-04  0.1000E-09  0.1631E+01  0.1000E-09  0.2056E+03  0.9373E+04  0.6054E-01
    9.2661 14  4   25.7418   16.6763   25.7418    8.8169   -3.9620    3.0000    0.0000    0.3116  -10.0000    5.1719  0.4695E+11  0.4264E-02  0.1316E-05 -0.1222E-04  0.1000E-09  0.1650E+01  0.1000E-09  0.2098E+03  0.9382E+04  0.6051E-01
    9.2727 14  4   25.7504   16.5962   25.7504    8.8169   -3.9618    2.9991    0.0000    0.3111  -10.0000    5.1702  0.4728E+11  0.4031E-02  0.1312E-05 -0.1214E-04  0.1000E-09  0.1667E+01  0.1000E-09  0.2136E+03  0.9392E+04  0.6049E-01
    9.2793 14  4   25.7591   16.5167   25.7591    8.8169   -3.9617    2.9983    0.0000    0.3105  -10.0000    5.1686  0.4759E+11  0.3810E-02  0.1308E-05 -0.1205E-04  0.1000E-09  0.1682E+01  0.1000E-09  0.2174E+03  0.9401E+04  0.6047E-01
    9.2859 14  4   25.7677   16.4376   25.7677    8.8169   -3.9616    2.9975    0.0000    0.3101  -10.0000    5.1670  0.4788E+11  0.3599E-02  0.1306E-05 -0.1198E-04  0.1000E-09  0.1695E+01  0.1000E-09  0.2209E+03  0.9411E+04  0.6045E-01
    9.2925 14  4   25.7763   16.3591   25.7763    8.8169   -3.9614    2.9968    0.0000    0.3096  -10.0000    5.1656  0.4815E+11  0.3397E-02  0.1303E-05 -0.1190E-04  0.1000E-09  0.1705E+01  0.1000E-09  0.2243E+03  0.9420E+04  0.6042E-01
    9.2991 14  4   25.7849   16.2809   25.7849    8.8169   -3.9613    2.9961    0.0000    0.3092  -10.0000    5.1643  0.4840E+11  0.3206E-02  0.1303E-05 -0.1184E-04  0.1000E-09  0.1714E+01  0.1000E-09  0.2274E+03  0.9430E+04  0.6040E-01
    9.3057 14  4   25.7935   16.2031   25.7935    8.8169   -3.9611    2.9955    0.0000    0.3089  -10.0000    5.1631  0.4863E+11  0.3023E-02  0.1302E-05 -0.1178E-04  0.1000E-09  0.1720E+01  0.1000E-09  0.2303E+03  0.9439E+04  0.6038E-01
    9.3123 14  4   25.8021   16.1257   25.8021    8.8169   -3.9610    2.9950    0.0000    0.3086  -10.0000    5.1619  0.4884E+11  0.2849E-02  0.1303E-05 -0.1173E-04  0.1000E-09  0.1725E+01  0.1000E-09  0.2331E+03  0.9448E+04  0.6036E-01
    9.3189 14  4   25.8107   16.0486   25.8107    8.8169   -3.9608    2.9944    0.0000    0.3083  -10.0000    5.1609  0.4904E+11  0.2683E-02  0.1304E-05 -0.1168E-04  0.1000E-09  0.1728E+01  0.1000E-09  0.2357E+03  0.9458E+04  0.6034E-01
    9.3255 14  4   25.8193   15.9718   25.8193    8.8169   -3.9607    2.9939    0.0000    0.3080  -10.0000    5.1599  0.4922E+11  0.2526E-02  0.1304E-05 -0.1162E-04  0.1000E-09  0.1729E+01  0.1000E-09  0.2381E+03  0.9467E+04  0.6031E-01
    9.3321 14  4   25.8279   15.8953   25.8279    8.8169   -3.9605    2.9935    0.0000    0.3078  -10.0000    5.1590  0.4939E+11  0.2376E-02  0.1308E-05 -0.1159E-04  0.1000E-09  0.1728E+01  0.1000E-09  0.2402E+03  0.9476E+04  0.6029E-01
    9.3387 14  4   25.8366   15.8191   25.8366    8.8169   -3.9604    2.9931    0.0000    0.3076  -10.0000    5.1582  0.4954E+11  0.2233E-02  0.1309E-05 -0.1155E-04  0.1000E-09  0.1725E+01  0.1000E-09  0.2422E+03  0.9485E+04  0.6027E-01
    9.3453 14  4   25.8453   15.7431   25.8453    8.8169   -3.9603    2.9927    0.0000    0.3074  -10.0000    5.1575  0.4969E+11  0.2098E-02  0.1312E-05 -0.1151E-04  0.1000E-09  0.1721E+01  0.1000E-09  0.2441E+03  0.9494E+04  0.6024E-01
    9.3519 14  4   25.8533   15.6726   25.8533    8.8169   -3.9601    2.9924    0.0000    0.3073  -10.0000    5.1568  0.4981E+11  0.1979E-02  0.1224E-05 -0.1067E-04  0.1000E-09  0.1716E+01  0.1000E-09  0.2458E+03  0.9502E+04  0.6022E-01
    9.3585 14  4   25.8608   15.6081   25.8608    8.8169   -3.9600    2.9921    0.0000    0.3072  -10.0000    5.1562  0.4991E+11  0.1875E-02  0.1127E-05 -0.9779E-05  0.1000E-09  0.1712E+01  0.1000E-09  0.2473E+03  0.9510E+04  0.6020E-01
    9.3651 14  4   25.8682   15.5440   25.8682    8.8169   -3.9599    2.9918    0.0000    0.3071  -10.0000    5.1557  0.5000E+11  0.1776E-02  0.1123E-05 -0.9696E-05  0.1000E-09  0.1706E+01  0.1000E-09  0.2486E+03  0.9518E+04  0.6018E-01
    9.3717 14  4   25.8756   15.4802   25.8756    8.8169   -3.9597    2.9916    0.0000    0.3070  -10.0000    5.1552  0.5009E+11  0.1681E-02  0.1127E-05 -0.9678E-05  0.1000E-09  0.1698E+01  0.1000E-09  0.2498E+03  0.9525E+04  0.6017E-01
    9.3783 14  4   25.8831   15.4164   25.8831    8.8169   -3.9596    2.9914    0.0000    0.3070  -10.0000    5.1549  0.5017E+11  0.1591E-02  0.1130E-05 -0.9654E-05  0.1000E-09  0.1689E+01  0.1000E-09  0.2507E+03  0.9533E+04  0.6015E-01
    9.3849 14  4   25.8906   15.3528   25.8906    8.8169   -3.9595    2.9913    0.0000    0.3070  -10.0000    5.1546  0.5024E+11  0.1504E-02  0.1134E-05 -0.9638E-05  0.1000E-09  0.1678E+01  0.1000E-09  0.2514E+03  0.9540E+04  0.6013E-01
    9.3915 14  4   25.8981   15.2893   25.8981    8.8169   -3.9594    2.9912    0.0000    0.3070  -10.0000    5.1543  0.5031E+11  0.1421E-02  0.1138E-05 -0.9623E-05  0.1000E-09  0.1666E+01  0.1000E-09  0.2520E+03  0.9548E+04  0.6011E-01
    9.3981 14  4   25.9056   15.2258   25.9056    8.8169   -3.9592    2.9911    0.0000    0.3070  -10.0000    5.1542  0.5037E+11  0.1342E-02  0.1143E-05 -0.9615E-05  0.1000E-09  0.1653E+01  0.1000E-09  0.2524E+03  0.9555E+04  0.6009E-01
    9.4047 14  4   25.9132   15.1624   25.9132    8.8169   -3.9591    2.9910    0.0000    0.3071  -10.0000    5.1541  0.5042E+11  0.1266E-02  0.1148E-05 -0.9605E-05  0.1000E-09  0.1639E+01  0.1000E-09  0.2527E+03  0.9563E+04  0.6007E-01
    9.4113 14  4   25.9208   15.0991   25.9208    8.8169   -3.9590    2.9910    0.0000    0.3072  -10.0000    5.1541  0.5047E+11  0.1194E-02  0.1152E-05 -0.9584E-05  0.1000E-09  0.1623E+01  0.1000E-09  0.2528E+03  0.9570E+04  0.6005E-01
    9.4179 14  4   25.9285   15.0359   25.9285    8.8169   -3.9589    2.9910    0.0000    0.3073  -10.0000    5.1541  0.5052E+11  0.1125E-02  0.1158E-05 -0.9577E-05  0.1000E-09  0.1606E+01  0.1000E-09  0.2527E+03  0.9577E+04  0.6003E-01
    9.4245 14  4   25.9362   14.9727   25.9362    8.8169   -3.9587    2.9911    0.0000    0.3074  -10.0000    5.1542  0.5056E+11  0.1059E-02  0.1164E-05 -0.9573E-05  0.1000E-09  0.1588E+01  0.1000E-09  0.2525E+03  0.9585E+04  0.6001E-01
    9.4311 14  4   25.9439   14.9095   25.9439    8.8169   -3.9586    2.9912    0.0000    0.3076  -10.0000    5.1543  0.5059E+11  0.9968E-03  0.1170E-05 -0.9562E-05  0.1000E-09  0.1569E+01  0.1000E-09  0.2521E+03  0.9592E+04  0.5999E-01
    9.4377 14  4   25.9516   14.8464   25.9516    8.8169   -3.9585    2.9913    0.0000    0.3078  -10.0000    5.1545  0.5062E+11  0.9373E-03  0.1177E-05 -0.9560E-05  0.1000E-09  0.1549E+01  0.1000E-09  0.2516E+03  0.9599E+04  0.5997E-01
    9.4443 14  4   25.9595   14.7833   25.9595    8.8169   -3.9583    2.9914    0.0000    0.3080  -10.0000    5.1548  0.5065E+11  0.8805E-03  0.1184E-05 -0.9562E-05  0.1000E-09  0.1528E+01  0.1000E-09  0.2508E+03  0.9607E+04  0.5995E-01
    9.4509 14  4   25.9673   14.7202   25.9673    8.8169   -3.9582    2.9916    0.0000    0.3082  -10.0000    5.1551  0.5067E+11  0.8265E-03  0.1191E-05 -0.9559E-05  0.1000E-09  0.1506E+01  0.1000E-09  0.2500E+03  0.9614E+04  0.5993E-01
    9.4575 14  4   25.9752   14.6570   25.9752    8.8169   -3.9581    2.9918    0.0000    0.3085  -10.0000    5.1555  0.5068E+11  0.7752E-03  0.1199E-05 -0.9563E-05  0.1000E-09  0.1483E+01  0.1000E-09  0.2490E+03  0.9621E+04  0.5990E-01
    9.4641 14  4   25.9832   14.5939   25.9832    8.8169   -3.9579    2.9920    0.0000    0.3087  -10.0000    5.1560  0.5070E+11  0.7265E-03  0.1207E-05 -0.9561E-05  0.1000E-09  0.1460E+01  0.1000E-09  0.2478E+03  0.9628E+04  0.5988E-01
    9.4707 14  4   25.9912   14.5308   25.9912    8.8169   -3.9578    2.9922    0.0000    0.3090  -10.0000    5.1565  0.5071E+11  0.6802E-03  0.1215E-05 -0.9562E-05  0.1000E-09  0.1436E+01  0.1000E-09  0.2466E+03  0.9636E+04  0.5986E-01
    9.4773 14  4   25.9993   14.4676   25.9993    8.8169   -3.9577    2.9925    0.0000    0.3094  -10.0000    5.1570  0.5071E+11  0.6363E-03  0.1224E-05 -0.9571E-05  0.1000E-09  0.1411E+01  0.1000E-09  0.2452E+03  0.9643E+04  0.5984E-01
    9.4839 14  4   26.0075   14.4044   26.0075    8.8169   -3.9575    2.9928    0.0000    0.3097  -10.0000    5.1577  0.5072E+11  0.5947E-03  0.1233E-05 -0.9574E-05  0.1000E-09  0.1385E+01  0.1000E-09  0.2436E+03  0.9650E+04  0.5982E-01
    9.4905 14  4   26.0157   14.3411   26.0157    8.8169   -3.9574    2.9932    0.0000    0.3101  -10.0000    5.1583  0.5071E+11  0.5552E-03  0.1243E-05 -0.9580E-05  0.1000E-09  0.1359E+01  0.1000E-09  0.2419E+03  0.9657E+04  0.5980E-01
    9.4971 14  4   26.0239   14.2778   26.0239    8.8169   -3.9573    2.9935    0.0000    0.3105  -10.0000    5.1591  0.5071E+11  0.5179E-03  0.1253E-05 -0.9592E-05  0.1000E-09  0.1332E+01  0.1000E-09  0.2401E+03  0.9664E+04  0.5978E-01
    9.5037 14  4   26.0323   14.2144   26.0323    8.8169   -3.9571    2.9939    0.0000    0.3109  -10.0000    5.1599  0.5070E+11  0.4825E-03  0.1263E-05 -0.9601E-05  0.1000E-09  0.1304E+01  0.1000E-09  0.2381E+03  0.9671E+04  0.5975E-01
    9.5103 14  4   26.0407   14.1510   26.0407    8.8169   -3.9570    2.9944    0.0000    0.3114  -10.0000    5.1607  0.5069E+11  0.4491E-03  0.1273E-05 -0.9608E-05  0.1000E-09  0.1276E+01  0.1000E-09  0.2360E+03  0.9678E+04  0.5973E-01
    9.5169 14  4   26.0492   14.0874   26.0492    8.8169   -3.9568    2.9948    0.0000    0.3119  -10.0000    5.1617  0.5068E+11  0.4175E-03  0.1285E-05 -0.9624E-05  0.1000E-09  0.1248E+01  0.1000E-09  0.2337E+03  0.9685E+04  0.5971E-01
    9.5235 14  4   26.0577   14.0238   26.0577    8.8169   -3.9567    2.9953    0.0000    0.3124  -10.0000    5.1626  0.5067E+11  0.3878E-03  0.1296E-05 -0.9635E-05  0.1000E-09  0.1219E+01  0.1000E-09  0.2314E+03  0.9692E+04  0.5969E-01
    9.5301 14  4   26.0664   13.9601   26.0664    8.8169   -3.9566    2.9958    0.0000    0.3129  -10.0000    5.1636  0.5065E+11  0.3598E-03  0.1307E-05 -0.9645E-05  0.1000E-09  0.1190E+01  0.1000E-09  0.2290E+03  0.9699E+04  0.5966E-01
    9.5367 14  4   26.0751   13.8963   26.0751    8.8169   -3.9564    2.9963    0.0000    0.3134  -10.0000    5.1647  0.5063E+11  0.3333E-03  0.1320E-05 -0.9664E-05  0.1000E-09  0.1161E+01  0.1000E-09  0.2265E+03  0.9706E+04  0.5964E-01
    9.5433 14  4   26.0839   13.8324   26.0839    8.8169   -3.9563    2.9969    0.0000    0.3140  -10.0000    5.1658  0.5061E+11  0.3085E-03  0.1332E-05 -0.9677E-05  0.1000E-09  0.1132E+01  0.1000E-09  0.2238E+03  0.9713E+04  0.5962E-01
    9.5499 14  4   26.0928   13.7685   26.0928    8.8169   -3.9561    2.9975    0.0000    0.3146  -10.0000    5.1670  0.5058E+11  0.2851E-03  0.1345E-05 -0.9691E-05  0.1000E-09  0.1102E+01  0.1000E-09  0.2210E+03  0.9720E+04  0.5960E-01
    9.5565 14  4   26.1017   13.7044   26.1017    8.8169   -3.9560    2.9981    0.0000    0.3152  -10.0000    5.1683  0.5055E+11  0.2632E-03  0.1358E-05 -0.9708E-05  0.1000E-09  0.1071E+01  0.1000E-09  0.2181E+03  0.9727E+04  0.5957E-01
    9.5632 14  4   26.1108   13.6401   26.1108    8.8169   -3.9558    2.9988    0.0000    0.3159  -10.0000    5.1696  0.5053E+11  0.2425E-03  0.1373E-05 -0.9730E-05  0.1000E-09  0.1041E+01  0.1000E-09  0.2150E+03  0.9734E+04  0.5955E-01
    9.5698 14  4   26.1208   13.5697   26.1208    8.8169   -3.9556    2.9995    0.0000    0.3166  -10.0000    5.1710  0.5049E+11  0.2215E-03  0.1517E-05 -0.1066E-04  0.1000E-09  0.1009E+01  0.1000E-09  0.2119E+03  0.9741E+04  0.5952E-01
    9.5764 14  4   26.1328   13.4865   26.1328    8.8169   -3.9554    3.0002    0.0000    0.3174  -10.0000    5.1725  0.5045E+11  0.1985E-03  0.1810E-05 -0.1261E-04  0.1000E-09  0.9747E+00  0.1000E-09  0.2086E+03  0.9750E+04  0.5949E-01
    9.5830 14  4   26.1458   13.3965   26.1458    8.8169   -3.9552    3.0010    0.0000    0.3182  -10.0000    5.1740  0.5040E+11  0.1757E-03  0.1978E-05 -0.1363E-04  0.1000E-09  0.9387E+00  0.1000E-09  0.2053E+03  0.9759E+04  0.5946E-01
    9.5896 14  4   26.1590   13.3064   26.1590    8.8169   -3.9550    3.0018    0.0000    0.3190  -10.0000    5.1755  0.5035E+11  0.1552E-03  0.2002E-05 -0.1364E-04  0.1000E-09  0.9035E+00  0.1000E-09  0.2019E+03  0.9768E+04  0.5942E-01
    9.5962 14  4   26.1724   13.2163   26.1724    8.8169   -3.9548    3.0026    0.0000    0.3199  -10.0000    5.1772  0.5029E+11  0.1367E-03  0.2027E-05 -0.1365E-04  0.1000E-09  0.8685E+00  0.1000E-09  0.1984E+03  0.9778E+04  0.5938E-01
    9.6028 14  4   26.1859   13.1261   26.1859    8.8169   -3.9546    3.0034    0.0000    0.3208  -10.0000    5.1789  0.5023E+11  0.1200E-03  0.2051E-05 -0.1366E-04  0.1000E-09  0.8337E+00  0.1000E-09  0.1948E+03  0.9787E+04  0.5935E-01
    9.6094 14  4   26.1995   13.0370   26.1995    8.8169   -3.9543    3.0039    0.0000    0.3215  -10.0000    5.1799  0.5017E+11  0.1054E-03  0.2051E-05 -0.1349E-04  0.1000E-09  0.8065E+00  0.1000E-09  0.1927E+03  0.9795E+04  0.5931E-01
    9.6160 14  4   26.2129   12.9496   26.2129    8.8169   -3.9541    3.0044    0.0000    0.3222  -10.0000    5.1808  0.5010E+11  0.9260E-04  0.2035E-05 -0.1324E-04  0.1000E-09  0.7812E+00  0.1000E-09  0.1908E+03  0.9804E+04  0.5928E-01
    9.6226 14  4   26.2263   12.8634   26.2263    8.8169   -3.9539    3.0048    0.0000    0.3228  -10.0000    5.1816  0.5004E+11  0.8126E-04  0.2029E-05 -0.1307E-04  0.1000E-09  0.7572E+00  0.1000E-09  0.1890E+03  0.9812E+04  0.5924E-01
    9.6292 14  4   26.2397   12.7783   26.2397    8.8169   -3.9537    3.0053    0.0000    0.3235  -10.0000    5.1827  0.4997E+11  0.7120E-04  0.2023E-05 -0.1289E-04  0.1000E-09  0.7320E+00  0.1000E-09  0.1869E+03  0.9821E+04  0.5921E-01
    9.6358 14  4   26.2530   12.6943   26.2530    8.8169   -3.9535    3.0059    0.0000    0.3243  -10.0000    5.1839  0.4991E+11  0.6231E-04  0.2016E-05 -0.1271E-04  0.1000E-09  0.7063E+00  0.1000E-09  0.1845E+03  0.9829E+04  0.5917E-01
    9.6424 14  4   26.2662   12.6120   26.2662    8.8169   -3.9532    3.0066    0.0000    0.3251  -10.0000    5.1852  0.4984E+11  0.5449E-04  0.2000E-05 -0.1247E-04  0.1000E-09  0.6804E+00  0.1000E-09  0.1819E+03  0.9836E+04  0.5914E-01
    9.6490 14  4   26.2792   12.5317   26.2792    8.8169   -3.9530    3.0073    0.0000    0.3260  -10.0000    5.1867  0.4977E+11  0.4765E-04  0.1973E-05 -0.1217E-04  0.1000E-09  0.6539E+00  0.1000E-09  0.1789E+03  0.9844E+04  0.5910E-01
    9.6556 14  4   26.2921   12.4533   26.2921    8.8169   -3.9528    3.0082    0.0000    0.3269  -10.0000    5.1885  0.4971E+11  0.4167E-04  0.1945E-05 -0.1186E-04  0.1000E-09  0.6265E+00  0.1000E-09  0.1754E+03  0.9851E+04  0.5907E-01
    9.6622 14  4   26.3046   12.3774   26.3046    8.8169   -3.9526    3.0094    0.0000    0.3281  -10.0000    5.1908  0.4964E+11  0.3644E-04  0.1906E-05 -0.1150E-04  0.1000E-09  0.5962E+00  0.1000E-09  0.1709E+03  0.9858E+04  0.5903E-01
    9.6688 14  4   26.3169   12.3041   26.3169    8.8169   -3.9524    3.0108    0.0000    0.3295  -10.0000    5.1936  0.4958E+11  0.3190E-04  0.1862E-05 -0.1110E-04  0.1000E-09  0.5641E+00  0.1000E-09  0.1657E+03  0.9864E+04  0.5900E-01
    9.6754 14  4   26.3289   12.2337   26.3289    8.8169   -3.9522    3.0127    0.0000    0.3313  -10.0000    5.1973  0.4951E+11  0.2794E-04  0.1812E-05 -0.1067E-04  0.1000E-09  0.5278E+00  0.1000E-09  0.1589E+03  0.9870E+04  0.5897E-01
    9.6820 14  4   26.3405   12.1660   26.3405    8.8169   -3.9520    3.0158    0.0000    0.3340  -10.0000    5.2036  0.4945E+11  0.2439E-04  0.1761E-05 -0.1024E-04  0.1000E-09  0.4784E+00  0.1000E-09  0.1480E+03  0.9876E+04  0.5894E-01
    9.6886 14  4   26.3519   12.1011   26.3519    8.8169   -3.9518    3.0257    0.0000    0.3420  -10.0000    5.2234  0.4939E+11  0.2070E-04  0.1720E-05 -0.9841E-05  0.1000E-09  0.3638E+00  0.1000E-09  0.1174E+03  0.9881E+04  0.5891E-01
    9.6952 14  4   26.3635   12.0366   26.3635    8.8169   -3.9516    3.0373    0.0000    0.3516  -10.0000    5.2466  0.4933E+11  0.1740E-04  0.1765E-05 -0.9765E-05  0.1000E-09  0.2605E+00  0.1000E-09  0.8810E+02  0.9886E+04  0.5888E-01
    9.7018 14  4   26.3754   11.9733   26.3754    8.8169   -3.9514    3.0420    0.0000    0.3558  -10.0000    5.2560  0.4926E+11  0.1510E-04  0.1799E-05 -0.9584E-05  0.1000E-09  0.2236E+00  0.1000E-09  0.7799E+02  0.9890E+04  0.5885E-01
    9.7084 14 14   26.3818    6.4279   26.3818    6.4279   -3.9513   -4.5646    0.0000    0.0000  -10.0000  -10.0000  0.4923E+11  0.2000E+09  0.9617E-06 -0.5025E-05  0.1000E-09  0.1000E-09  0.1000E-09  0.1000E-09  0.1194E+05  0.1896E+00
   19.7084 14 14   26.3818    6.4279   26.3818    6.4279   -3.9513   -4.5646    0.0000    0.0000  -10.0000  -10.0000  0.4923E+11  0.2000E+09  0.0000E+00  0.0000E+00  0.1000E-09  0.1000E-09  0.1000E-09  0.1000E-09  0.1194E+05  0.1896E+00
   29.7084 14 14   26.3818    6.4279   26.3818    6.4279   -3.9513   -4.5646    0.0000    0.0000  -10.0000  -10.0000  0.4923E+11  0.2000E+09  0.0000E+00  0.0000E+00  0.1000E-09  0.1000E-09  0.1000E-09  0.1000E-09  0.1194E+05  0.1896E+00
   39.7084 14 14   26.3818    6.4279   26.3818    6.4279   -3.9513   -4.5646    0.0000    0.0000  -10.0000  -10.0000  0.4923E+11  0.2000E+09  0.0000E+00  0.0000E+00  0.1000E-09  0.1000E-09  0.1000E-09  0.1000E-09  0.1194E+05  0.1896E+00
   49.7084 14 14   26.3818    6.4279   26.3818    6.4279   -3.9513   -4.5646    0.0000    0.0000  -10.0000  -10.0000  0.4923E+11  0.2000E+09  0.0000E+00  0.0000E+00  0.1000E-09  0.1000E-09  0.1000E-09  0.1000E-09  0.1194E+05  0.1896E+00
   59.7084 14 14   26.3818    6.4279   26.3818    6.4279   -3.9513   -4.5646    0.0000    0.0000  -10.0000  -10.0000  0.4923E+11  0.2000E+09  0.0000E+00  0.0000E+00  0.1000E-09  0.1000E-09  0.1000E-09  0.1000E-09  0.1194E+05  0.1896E+00
   69.7084 14 14   26.3818    6.4279   26.3818    6.4279   -3.9513   -4.5646    0.0000    0.0000  -10.0000  -10.0000  0.4923E+11  0.2000E+09  0.0000E+00  0.0000E+00  0.1000E-09  0.1000E-09  0.1000E-09  0.1000E-09  0.1194E+05  0.1896E+00
   79.7084 14 14   26.3818    6.4279   26.3818    6.4279   -3.9513   -4.5646    0.0000    0.0000  -10.0000  -10.0000  0.4923E+11  0.2000E+09  0.0000E+00  0.0000E+00  0.1000E-09  0.1000E-09  0.1000E-09  0.1000E-09  0.1194E+05  0.1896E+00
   89.7084 14 14   26.3818    6.4279   26.3818    6.4279   -3.9513   -4.5646    0.0000    0.0000  -10.0000  -10.0000  0.4923E+11  0.2000E+09  0.0000E+00  0.0000E+00  0.1000E-09  0.1000E-09  0.1000E-09  0.1000E-09  0.1194E+05  0.1896E+00
   99.7084 14 14   26.3818    6.4279   26.3818    6.4279   -3.9513   -4.5646    0.0000    0.0000  -10.0000  -10.0000  0.4923E+11  0.2000E+09  0.0000E+00  0.0000E+00  0.1000E-09  0.1000E-09  0.1000E-09  0.1000E-09  0.1194E+05  0.1896E+00
  109.7084 14 14   26.3818    6.4279   26.3818    6.4279   -3.9513   -4.5646    0.0000    0.0000  -10.0000  -10.0000  0.4923E+11  0.2000E+09  0.0000E+00  0.0000E+00  0.1000E-09  0.1000E-09  0.1000E-09  0.1000E-09  0.1194E+05  0.1896E+00
  119.7084 14 14   26.3818    6.4279   26.3818    6.4279   -3.9513   -4.5646    0.0000    0.0000  -10.0000  -10.0000  0.4923E+11  0.2000E+09  0.0000E+00  0.0000E+00  0.1000E-09  0.1000E-09  0.1000E-09  0.1000E-09  0.1194E+05  0.1896E+00
  129.7084 14 14   26.3818    6.4279   26.3818    6.4279   -3.9513   -4.5646    0.0000    0.0000  -10.0000  -10.0000  0.4923E+11  0.2000E+09  0.0000E+00  0.0000E+00  0.1000E-09  0.1000E-09  0.1000E-09  0.1000E-09  0.1194E+05  0.1896E+00
  139.7084 14 14   26.3818    6.4279   26.3818    6.4279   -3.9513   -4.5646    0.0000    0.0000  -10.0000  -10.0000  0.4923E+11  0.2000E+09  0.0000E+00  0.0000E+00  0.1000E-09  0.1000E-09  0.1000E-09  0.1000E-09  0.1194E+05  0.1896E+00
  149.7084 14 14   26.3818    6.4279   26.3818    6.4279   -3.9513   -4.5646    0.0000    0.0000  -10.0000  -10.0000  0.4923E+11  0.2000E+09  0.0000E+00  0.0000E+00  0.1000E-09  0.1000E-09  0.1000E-09  0.1000E-09  0.1194E+05  0.1896E+00
  159.7084 14 14   26.3818    6.4279   26.3818    6.4279   -3.9513   -4.5646    0.0000    0.0000  -10.0000  -10.0000  0.4923E+11  0.2000E+09  0.0000E+00  0.0000E+00  0.1000E-09  0.1000E-09  0.1000E-09  0.1000E-09  0.1194E+05  0.1896E+00
  169.7084 14 14   26.3818    6.4279   26.3818    6.4279   -3.9513   -4.5646    0.0000    0.0000  -10.0000  -10.0000  0.4923E+11  0.2000E+09  0.0000E+00  0.0000E+00  0.1000E-09  0.1000E-09  0.1000E-09  0.1000E-09  0.1194E+05  0.1896E+00
  179.7084 14 14   26.3818    6.4279   26.3818    6.4279   -3.9513   -4.5646    0.0000    0.0000  -10.0000  -10.0000  0.4923E+11  0.2000E+09  0.0000E+00  0.0000E+00  0.1000E-09  0.1000E-09  0.1000E-09  0.1000E-09  0.1194E+05  0.1896E+00
  189.7084 14 14   26.3818    6.4279   26.3818    6.4279   -3.9513   -4.5646    0.0000    0.0000  -10.0000  -10.0000  0.4923E+11  0.2000E+09  0.0000E+00  0.0000E+00  0.1000E-09  0.1000E-09  0.1000E-09  0.1000E-09  0.1194E+05  0.1896E+00
  199.7084 14 14   26.3818    6.4279   26.3818    6.4279   -3.9513   -4.5646    0.0000    0.0000  -10.0000  -10.0000  0.4923E+11  0.2000E+09  0.0000E+00  0.0000E+00  0.1000E-09  0.1000E-09  0.1000E-09  0.1000E-09  0.1194E+05  0.1896E+00
  209.7084 14 14   26.3818    6.4279   26.3818    6.4279   -3.9513   -4.5646    0.0000    0.0000  -10.0000  -10.0000  0.4923E+11  0.2000E+09  0.0000E+00  0.0000E+00  0.1000E-09  0.1000E-09  0.1000E-09  0.1000E-09  0.1194E+05  0.1896E+00
  219.7084 14 14   26.3818    6.4279   26.3818    6.4279   -3.9513   -4.5646    0.0000    0.0000  -10.0000  -10.0000  0.4923E+11  0.2000E+09  0.0000E+00  0.0000E+00  0.1000E-09  0.1000E-09  0.1000E-09  0.1000E-09  0.1194E+05  0.1896E+00
  229.7084 14 14   26.3818    6.4279   26.3818    6.4279   -3.9513   -4.5646    0.0000    0.0000  -10.0000  -10.0000  0.4923E+11  0.2000E+09  0.0000E+00  0.0000E+00  0.1000E-09  0.1000E-09  0.1000E-09  0.1000E-09  0.1194E+05  0.1896E+00
  239.7084 14 14   26.3818    6.4279   26.3818    6.4279   -3.9513   -4.5646    0.0000    0.0000  -10.0000  -10.0000  0.4923E+11  0.2000E+09  0.0000E+00  0.0000E+00  0.1000E-09  0.1000E-09  0.1000E-09  0.1000E-09  0.1194E+05  0.1896E+00
  249.7084 14 14   26.3818    6.4279   26.3818    6.4279   -3.9513   -4.5646    0.0000    0.0000  -10.0000  -10.0000  0.4923E+11  0.2000E+09  0.0000E+00  0.0000E+00  0.1000E-09  0.1000E-09  0.1000E-09  0.1000E-09  0.1194E+05  0.1896E+00
  259.7084 14 14   26.3818    6.4279   26.3818    6.4279   -3.9513   -4.5646    0.0000    0.0000  -10.0000  -10.0000  0.4923E+11  0.2000E+09  0.0000E+00  0.0000E+00  0.1000E-09  0.1000E-09  0.1000E-09  0.1000E-09  0.1194E+05  0.1896E+00
  269.7084 14 14   26.3818    6.4279   26.3818    6.4279   -3.9513   -4.5646    0.0000    0.0000  -10.0000  -10.0000  0.4923E+11  0.2000E+09  0.0000E+00  0.0000E+00  0.1000E-09  0.1000E-09  0.1000E-09  0.1000E-09  0.1194E+05  0.1896E+00
  279.7084 14 14   26.3818    6.4279   26.3818    6.4279   -3.9513   -4.5646    0.0000    0.0000  -10.0000  -10.0000  0.4923E+11  0.2000E+09  0.0000E+00  0.0000E+00  0.1000E-09  0.1000E-09  0.1000E-09  0.1000E-09  0.1194E+05  0.1896E+00
  289.7084 14 14   26.3818    6.4279   26.3818    6.4279   -3.9513   -4.5646    0.0000    0.0000  -10.0000  -10.0000  0.4923E+11  0.2000E+09  0.0000E+00  0.0000E+00  0.1000E-09  0.1000E-09  0.1000E-09  0.1000E-09  0.1194E+05  0.1896E+00
  299.7084 14 14   26.3818    6.4279   26.3818    6.4279   -3.9513   -4.5646    0.0000    0.0000  -10.0000  -10.0000  0.4923E+11  0.2000E+09  0.0000E+00  0.0000E+00  0.1000E-09  0.1000E-09  0.1000E-09  0.1000E-09  0.1194E+05  0.1896E+00
  309.7084 14 14   26.3818    6.4279   26.3818    6.4279   -3.9513   -4.5646    0.0000    0.0000  -10.0000  -10.0000  0.4923E+11  0.2000E+09  0.0000E+00  0.0000E+00  0.1000E-09  0.1000E-09  0.1000E-09  0.1000E-09  0.1194E+05  0.1896E+00
  319.7084 14 14   26.3818    6.4279   26.3818    6.4279   -3.9513   -4.5646    0.0000    0.0000  -10.0000  -10.0000  0.4923E+11  0.2000E+09  0.0000E+00  0.0000E+00  0.1000E-09  0.1000E-09  0.1000E-09  0.1000E-09  0.1194E+05  0.1896E+00
  329.7084 14 14   26.3818    6.4279   26.3818    6.4279   -3.9513   -4.5646    0.0000    0.0000  -10.0000  -10.0000  0.4923E+11  0.2000E+09  0.0000E+00  0.0000E+00  0.1000E-09  0.1000E-09  0.1000E-09  0.1000E-09  0.1194E+05  0.1896E+00
  339.7084 14 14   26.3818    6.4279   26.3818    6.4279   -3.9513   -4.5646    0.0000    0.0000  -10.0000  -10.0000  0.4923E+11  0.2000E+09  0.0000E+00  0.0000E+00  0.1000E-09  0.1000E-09  0.1000E-09  0.1000E-09  0.1194E+05  0.1896E+00
  349.7084 14 14   26.3818    6.4279   26.3818    6.4279   -3.9513   -4.5646    0.0000    0.0000  -10.0000  -10.0000  0.4923E+11  0.2000E+09  0.0000E+00  0.0000E+00  0.1000E-09  0.1000E-09  0.1000E-09  0.1000E-09  0.1194E+05  0.1896E+00
  359.7084 14 14   26.3818    6.4279   26.3818    6.4279   -3.9513   -4.5646    0.0000    0.0000  -10.0000  -10.0000  0.4923E+11  0.2000E+09  0.0000E+00  0.0000E+00  0.1000E-09  0.1000E-09  0.1000E-09  0.1000E-09  0.1194E+05  0.1896E+00
  369.7084 14 14   26.3818    6.4279   26.3818    6.4279   -3.9513   -4.5646    0.0000    0.0000  -10.0000  -10.0000  0.4923E+11  0.2000E+09  0.0000E+00  0.0000E+00  0.1000E-09  0.1000E-09  0.1000E-09  0.1000E-09  0.1194E+05  0.1896E+00
  379.7084 14 14   26.3818    6.4279   26.3818    6.4279   -3.9513   -4.5646    0.0000    0.0000  -10.0000  -10.0000  0.4923E+11  0.2000E+09  0.0000E+00  0.0000E+00  0.1000E-09  0.1000E-09  0.1000E-09  0.1000E-09  0.1194E+05  0.1896E+00
  389.7084 14 14   26.3818    6.4279   26.3818    6.4279   -3.9513   -4.5646    0.0000    0.0000  -10.0000  -10.0000  0.4923E+11  0.2000E+09  0.0000E+00  0.0000E+00  0.1000E-09  0.1000E-09  0.1000E-09  0.1000E-09  0.1194E+05  0.1896E+00
  399.7084 14 14   26.3818    6.4279   26.3818    6.4279   -3.9513   -4.5646    0.0000    0.0000  -10.0000  -10.0000  0.4923E+11  0.2000E+09  0.0000E+00  0.0000E+00  0.1000E-09  0.1000E-09  0.1000E-09  0.1000E-09  0.1194E+05  0.1896E+00
  409.7084 14 14   26.3818    6.4279   26.3818    6.4279   -3.9513   -4.5646    0.0000    0.0000  -10.0000  -10.0000  0.4923E+11  0.2000E+09  0.0000E+00  0.0000E+00  0.1000E-09  0.1000E-09  0.1000E-09  0.1000E-09  0.1194E+05  0.1896E+00
  419.7084 14 14   26.3818    6.4279   26.3818    6.4279   -3.9513   -4.5646    0.0000    0.0000  -10.0000  -10.0000  0.4923E+11  0.2000E+09  0.0000E+00  0.0000E+00  0.1000E-09  0.1000E-09  0.1000E-09  0.1000E-09  0.1194E+05  0.1896E+00
  429.7084 14 14   26.3818    6.4279   26.3818    6.4279   -3.9513   -4.5646    0.0000    0.0000  -10.0000  -10.0000  0.4923E+11  0.2000E+09  0.0000E+00  0.0000E+00  0.1000E-09  0.1000E-09  0.1000E-09  0.1000E-09  0.1194E+05  0.1896E+00
  439.7084 14 14   26.3818    6.4279   26.3818    6.4279   -3.9513   -4.5646    0.0000    0.0000  -10.0000  -10.0000  0.4923E+11  0.2000E+09  0.0000E+00  0.0000E+00  0.1000E-09  0.1000E-09  0.1000E-09  0.1000E-09  0.1194E+05  0.1896E+00
  449.7084 14 14   26.3818    6.4279   26.3818    6.4279   -3.9513   -4.5646    0.0000    0.0000  -10.0000  -10.0000  0.4923E+11  0.2000E+09  0.0000E+00  0.0000E+00  0.1000E-09  0.1000E-09  0.1000E-09  0.1000E-09  0.1194E+05  0.1896E+00
  459.7084 14 14   26.3818    6.4279   26.3818    6.4279   -3.9513   -4.5646    0.0000    0.0000  -10.0000  -10.0000  0.4923E+11  0.2000E+09  0.0000E+00  0.0000E+00  0.1000E-09  0.1000E-09  0.1000E-09  0.1000E-09  0.1194E+05  0.1896E+00
  469.7084 14 14   26.3818    6.4279   26.3818    6.4279   -3.9513   -4.5646    0.0000    0.0000  -10.0000  -10.0000  0.4923E+11  0.2000E+09  0.0000E+00  0.0000E+00  0.1000E-09  0.1000E-09  0.1000E-09  0.1000E-09  0.1194E+05  0.1896E+00
  479.7084 14 14   26.3818    6.4279   26.3818    6.4279   -3.9513   -4.5646    0.0000    0.0000  -10.0000  -10.0000  0.4923E+11  0.2000E+09  0.0000E+00  0.0000E+00  0.1000E-09  0.1000E-09  0.1000E-09  0.1000E-09  0.1194E+05  0.1896E+00
  489.7084 14 14   26.3818    6.4279   26.3818    6.4279   -3.9513   -4.5646    0.0000    0.0000  -10.0000  -10.0000  0.4923E+11  0.2000E+09  0.0000E+00  0.0000E+00  0.1000E-09  0.1000E-09  0.1000E-09  0.1000E-09  0.1194E+05  0.1896E+00
  499.7084 14 14   26.3818    6.4279   26.3818    6.4279   -3.9513   -4.5646    0.0000    0.0000  -10.0000  -10.0000  0.4923E+11  0.2000E+09  0.0000E+00  0.0000E+00  0.1000E-09  0.1000E-09  0.1000E-09  0.1000E-09  0.1194E+05  0.1896E+00
  509.7084 14 14   26.3818    6.4279   26.3818    6.4279   -3.9513   -4.5646    0.0000    0.0000  -10.0000  -10.0000  0.4923E+11  0.2000E+09  0.0000E+00  0.0000E+00  0.1000E-09  0.1000E-09  0.1000E-09  0.1000E-09  0.1194E+05  0.1896E+00
  519.7084 14 14   26.3818    6.4279   26.3818    6.4279   -3.9513   -4.5646    0.0000    0.0000  -10.0000  -10.0000  0.4923E+11  0.2000E+09  0.0000E+00  0.0000E+00  0.1000E-09  0.1000E-09  0.1000E-09  0.1000E-09  0.1194E+05  0.1896E+00
  529.7084 14 14   26.3818    6.4279   26.3818    6.4279   -3.9513   -4.5646    0.0000    0.0000  -10.0000  -10.0000  0.4923E+11  0.2000E+09  0.0000E+00  0.0000E+00  0.1000E-09  0.1000E-09  0.1000E-09  0.1000E-09  0.1194E+05  0.1896E+00
  539.7084 14 14   26.3818    6.4279   26.3818    6.4279   -3.9513   -4.5646    0.0000    0.0000  -10.0000  -10.0000  0.4923E+11  0.2000E+09  0.0000E+00  0.0000E+00  0.1000E-09  0.1000E-09  0.1000E-09  0.1000E-09  0.1194E+05  0.1896E+00
  549.7084 14 14   26.3818    6.4279   26.3818    6.4279   -3.9513   -4.5646    0.0000    0.0000  -10.0000  -10.0000  0.4923E+11  0.2000E+09  0.0000E+00  0.0000E+00  0.1000E-09  0.1000E-09  0.1000E-09  0.1000E-09  0.1194E+05  0.1896E+00
  559.7084 14 14   26.3818    6.4279   26.3818    6.4279   -3.9513   -4.5646    0.0000    0.0000  -10.0000  -10.0000  0.4923E+11  0.2000E+09  0.0000E+00  0.0000E+00  0.1000E-09  0.1000E-09  0.1000E-09  0.1000E-09  0.1194E+05  0.1896E+00
  569.7084 14 14   26.3818    6.4279   26.3818    6.4279   -3.9513   -4.5646    0.0000    0.0000  -10.0000  -10.0000  0.4923E+11  0.2000E+09  0.0000E+00  0.0000E+00  0.1000E-09  0.1000E-09  0.1000E-09  0.1000E-09  0.1194E+05  0.1896E+00
  579.7084 14 14   26.3818    6.4279   26.3818    6.4279   -3.9513   -4.5646    0.0000    0.0000  -10.0000  -10.0000  0.4923E+11  0.2000E+09  0.0000E+00  0.0000E+00  0.1000E-09  0.1000E-09  0.1000E-09  0.1000E-09  0.1194E+05  0.1896E+00
  589.7084 14 14   26.3818    6.4279   26.3818    6.4279   -3.9513   -4.5646    0.0000    0.0000  -10.0000  -10.0000  0.4923E+11  0.2000E+09  0.0000E+00  0.0000E+00  0.1000E-09  0.1000E-09  0.1000E-09  0.1000E-09  0.1194E+05  0.1896E+00
  599.7084 14 14   26.3818    6.4279   26.3818    6.4279   -3.9513   -4.5646    0.0000    0.0000  -10.0000  -10.0000  0.4923E+11  0.2000E+09  0.0000E+00  0.0000E+00  0.1000E-09  0.1000E-09  0.1000E-09  0.1000E-09  0.1194E+05  0.1896E+00
  609.7084 14 14   26.3818    6.4279   26.3818    6.4279   -3.9513   -4.5646    0.0000    0.0000  -10.0000  -10.0000  0.4923E+11  0.2000E+09  0.0000E+00  0.0000E+00  0.1000E-09  0.1000E-09  0.1000E-09  0.1000E-09  0.1194E+05  0.1896E+00
  619.7084 14 14   26.3818    6.4279   26.3818    6.4279   -3.9513   -4.5646    0.0000    0.0000  -10.0000  -10.0000  0.4923E+11  0.2000E+09  0.0000E+00  0.0000E+00  0.1000E-09  0.1000E-09  0.1000E-09  0.1000E-09  0.1194E+05  0.1896E+00
  629.7084 14 14   26.3818    6.4279   26.3818    6.4279   -3.9513   -4.5646    0.0000    0.0000  -10.0000  -10.0000  0.4923E+11  0.2000E+09  0.0000E+00  0.0000E+00  0.1000E-09  0.1000E-09  0.1000E-09  0.1000E-09  0.1194E+05  0.1896E+00
  639.7084 14 14   26.3818    6.4279   26.3818    6.4279   -3.9513   -4.5646    0.0000    0.0000  -10.0000  -10.0000  0.4923E+11  0.2000E+09  0.0000E+00  0.0000E+00  0.1000E-09  0.1000E-09  0.1000E-09  0.1000E-09  0.1194E+05  0.1896E+00
  649.7084 14 14   26.3818    6.4279   26.3818    6.4279   -3.9513   -4.5646    0.0000    0.0000  -10.0000  -10.0000  0.4923E+11  0.2000E+09  0.0000E+00  0.0000E+00  0.1000E-09  0.1000E-09  0.1000E-09  0.1000E-09  0.1194E+05  0.1896E+00
  659.7084 14 14   26.3818    6.4279   26.3818    6.4279   -3.9513   -4.5646    0.0000    0.0000  -10.0000  -10.0000  0.4923E+11  0.2000E+09  0.0000E+00  0.0000E+00  0.1000E-09  0.1000E-09  0.1000E-09  0.1000E-09  0.1194E+05  0.1896E+00
  669.7084 14 14   26.3818    6.4279   26.3818    6.4279   -3.9513   -4.5646    0.0000    0.0000  -10.0000  -10.0000  0.4923E+11  0.2000E+09  0.0000E+00  0.0000E+00  0.1000E-09  0.1000E-09  0.1000E-09  0.1000E-09  0.1194E+05  0.1896E+00
  679.7084 14 14   26.3818    6.4279   26.3818    6.4279   -3.9513   -4.5646    0.0000    0.0000  -10.0000  -10.0000  0.4923E+11  0.2000E+09  0.0000E+00  0.0000E+00  0.1000E-09  0.1000E-09  0.1000E-09  0.1000E-09  0.1194E+05  0.1896E+00
  689.7084 14 14   26.3818    6.4279   26.3818    6.4279   -3.9513   -4.5646    0.0000    0.0000  -10.0000  -10.0000  0.4923E+11  0.2000E+09  0.0000E+00  0.0000E+00  0.1000E-09  0.1000E-09  0.1000E-09  0.1000E-09  0.1194E+05  0.1896E+00
  699.7084 14 14   26.3818    6.4279   26.3818    6.4279   -3.9513   -4.5646    0.0000    0.0000  -10.0000  -10.0000  0.4923E+11  0.2000E+09  0.0000E+00  0.0000E+00  0.1000E-09  0.1000E-09  0.1000E-09  0.1000E-09  0.1194E+05  0.1896E+00
  709.7084 14 14   26.3818    6.4279   26.3818    6.4279   -3.9513   -4.5646    0.0000    0.0000  -10.0000  -10.0000  0.4923E+11  0.2000E+09  0.0000E+00  0.0000E+00  0.1000E-09  0.1000E-09  0.1000E-09  0.1000E-09  0.1194E+05  0.1896E+00
  719.7084 14 14   26.3818    6.4279   26.3818    6.4279   -3.9513   -4.5646    0.0000    0.0000  -10.0000  -10.0000  0.4923E+11  0.2000E+09  0.0000E+00  0.0000E+00  0.1000E-09  0.1000E-09  0.1000E-09  0.1000E-09  0.1194E+05  0.1896E+00
  729.7084 14 14   26.3818    6.4279   26.3818    6.4279   -3.9513   -4.5646    0.0000    0.0000  -10.0000  -10.0000  0.4923E+11  0.2000E+09  0.0000E+00  0.0000E+00  0.1000E-09  0.1000E-09  0.1000E-09  0.1000E-09  0.1194E+05  0.1896E+00
  739.7084 14 14   26.3818    6.4279   26.3818    6.4279   -3.9513   -4.5646    0.0000    0.0000  -10.0000  -10.0000  0.4923E+11  0.2000E+09  0.0000E+00  0.0000E+00  0.1000E-09  0.1000E-09  0.1000E-09  0.1000E-09  0.1194E+05  0.1896E+00
  749.7084 14 14   26.3818    6.4279   26.3818    6.4279   -3.9513   -4.5646    0.0000    0.0000  -10.0000  -10.0000  0.4923E+11  0.2000E+09  0.0000E+00  0.0000E+00  0.1000E-09  0.1000E-09  0.1000E-09  0.1000E-09  0.1194E+05  0.1896E+00
  759.7084 14 14   26.3818    6.4279   26.3818    6.4279   -3.9513   -4.5646    0.0000    0.0000  -10.0000  -10.0000  0.4923E+11  0.2000E+09  0.0000E+00  0.0000E+00  0.1000E-09  0.1000E-09  0.1000E-09  0.1000E-09  0.1194E+05  0.1896E+00
  769.7084 14 14   26.3818    6.4279   26.3818    6.4279   -3.9513   -4.5646    0.0000    0.0000  -10.0000  -10.0000  0.4923E+11  0.2000E+09  0.0000E+00  0.0000E+00  0.1000E-09  0.1000E-09  0.1000E-09  0.1000E-09  0.1194E+05  0.1896E+00
  779.7084 14 14   26.3818    6.4279   26.3818    6.4279   -3.9513   -4.5646    0.0000    0.0000  -10.0000  -10.0000  0.4923E+11  0.2000E+09  0.0000E+00  0.0000E+00  0.1000E-09  0.1000E-09  0.1000E-09  0.1000E-09  0.1194E+05  0.1896E+00
  789.7084 14 14   26.3818    6.4279   26.3818    6.4279   -3.9513   -4.5646    0.0000    0.0000  -10.0000  -10.0000  0.4923E+11  0.2000E+09  0.0000E+00  0.0000E+00  0.1000E-09  0.1000E-09  0.1000E-09  0.1000E-09  0.1194E+05  0.1896E+00
  799.7084 14 14   26.3818    6.4279   26.3818    6.4279   -3.9513   -4.5646    0.0000    0.0000  -10.0000  -10.0000  0.4923E+11  0.2000E+09  0.0000E+00  0.0000E+00  0.1000E-09  0.1000E-09  0.1000E-09  0.1000E-09  0.1194E+05  0.1896E+00
  809.7084 14 14   26.3818    6.4279   26.3818    6.4279   -3.9513   -4.5646    0.0000    0.0000  -10.0000  -10.0000  0.4923E+11  0.2000E+09  0.0000E+00  0.0000E+00  0.1000E-09  0.1000E-09  0.1000E-09  0.1000E-09  0.1194E+05  0.1896E+00
  819.7084 14 14   26.3818    6.4279   26.3818    6.4279   -3.9513   -4.5646    0.0000    0.0000  -10.0000  -10.0000  0.4923E+11  0.2000E+09  0.0000E+00  0.0000E+00  0.1000E-09  0.1000E-09  0.1000E-09  0.1000E-09  0.1194E+05  0.1896E+00
  829.7084 14 14   26.3818    6.4279   26.3818    6.4279   -3.9513   -4.5646    0.0000    0.0000  -10.0000  -10.0000  0.4923E+11  0.2000E+09  0.0000E+00  0.0000E+00  0.1000E-09  0.1000E-09  0.1000E-09  0.1000E-09  0.1194E+05  0.1896E+00
  839.7084 14 14   26.3818    6.4279   26.3818    6.4279   -3.9513   -4.5646    0.0000    0.0000  -10.0000  -10.0000  0.4923E+11  0.2000E+09  0.0000E+00  0.0000E+00  0.1000E-09  0.1000E-09  0.1000E-09  0.1000E-09  0.1194E+05  0.1896E+00
  849.7084 14 14   26.3818    6.4279   26.3818    6.4279   -3.9513   -4.5646    0.0000    0.0000  -10.0000  -10.0000  0.4923E+11  0.2000E+09  0.0000E+00  0.0000E+00  0.1000E-09  0.1000E-09  0.1000E-09  0.1000E-09  0.1194E+05  0.1896E+00
  859.7084 14 14   26.3818    6.4279   26.3818    6.4279   -3.9513   -4.5646    0.0000    0.0000  -10.0000  -10.0000  0.4923E+11  0.2000E+09  0.0000E+00  0.0000E+00  0.1000E-09  0.1000E-09  0.1000E-09  0.1000E-09  0.1194E+05  0.1896E+00
  869.7084 14 14   26.3818    6.4279   26.3818    6.4279   -3.9513   -4.5646    0.0000    0.0000  -10.0000  -10.0000  0.4923E+11  0.2000E+09  0.0000E+00  0.0000E+00  0.1000E-09  0.1000E-09  0.1000E-09  0.1000E-09  0.1194E+05  0.1896E+00
  879.7084 14 14   26.3818    6.4279   26.3818    6.4279   -3.9513   -4.5646    0.0000    0.0000  -10.0000  -10.0000  0.4923E+11  0.2000E+09  0.0000E+00  0.0000E+00  0.1000E-09  0.1000E-09  0.1000E-09  0.1000E-09  0.1194E+05  0.1896E+00
  889.7084 14 14   26.3818    6.4279   26.3818    6.4279   -3.9513   -4.5646    0.0000    0.0000  -10.0000  -10.0000  0.4923E+11  0.2000E+09  0.0000E+00  0.0000E+00  0.1000E-09  0.1000E-09  0.1000E-09  0.1000E-09  0.1194E+05  0.1896E+00
  899.7084 14 14   26.3818    6.4279   26.3818    6.4279   -3.9513   -4.5646    0.0000    0.0000  -10.0000  -10.0000  0.4923E+11  0.2000E+09  0.0000E+00  0.0000E+00  0.1000E-09  0.1000E-09  0.1000E-09  0.1000E-09  0.1194E+05  0.1896E+00
  909.7084 14 14   26.3818    6.4279   26.3818    6.4279   -3.9513   -4.5646    0.0000    0.0000  -10.0000  -10.0000  0.4923E+11  0.2000E+09  0.0000E+00  0.0000E+00  0.1000E-09  0.1000E-09  0.1000E-09  0.1000E-09  0.1194E+05  0.1896E+00
  919.7084 14 14   26.3818    6.4279   26.3818    6.4279   -3.9513   -4.5646    0.0000    0.0000  -10.0000  -10.0000  0.4923E+11  0.2000E+09  0.0000E+00  0.0000E+00  0.1000E-09  0.1000E-09  0.1000E-09  0.1000E-09  0.1194E+05  0.1896E+00
  929.7084 14 14   26.3818    6.4279   26.3818    6.4279   -3.9513   -4.5646    0.0000    0.0000  -10.0000  -10.0000  0.4923E+11  0.2000E+09  0.0000E+00  0.0000E+00  0.1000E-09  0.1000E-09  0.1000E-09  0.1000E-09  0.1194E+05  0.1896E+00
  939.7084 14 14   26.3818    6.4279   26.3818    6.4279   -3.9513   -4.5646    0.0000    0.0000  -10.0000  -10.0000  0.4923E+11  0.2000E+09  0.0000E+00  0.0000E+00  0.1000E-09  0.1000E-09  0.1000E-09  0.1000E-09  0.1194E+05  0.1896E+00
  949.7084 14 14   26.3818    6.4279   26.3818    6.4279   -3.9513   -4.5646    0.0000    0.0000  -10.0000  -10.0000  0.4923E+11  0.2000E+09  0.0000E+00  0.0000E+00  0.1000E-09  0.1000E-09  0.1000E-09  0.1000E-09  0.1194E+05  0.1896E+00
  959.7084 14 14   26.3818    6.4279   26.3818    6.4279   -3.9513   -4.5646    0.0000    0.0000  -10.0000  -10.0000  0.4923E+11  0.2000E+09  0.0000E+00  0.0000E+00  0.1000E-09  0.1000E-09  0.1000E-09  0.1000E-09  0.1194E+05  0.1896E+00
  969.7084 14 14   26.3818    6.4279   26.3818    6.4279   -3.9513   -4.5646    0.0000    0.0000  -10.0000  -10.0000  0.4923E+11  0.2000E+09  0.0000E+00  0.0000E+00  0.1000E-09  0.1000E-09  0.1000E-09  0.1000E-09  0.1194E+05  0.1896E+00
  979.7084 14 14   26.3818    6.4279   26.3818    6.4279   -3.9513   -4.5646    0.0000    0.0000  -10.0000  -10.0000  0.4923E+11  0.2000E+09  0.0000E+00  0.0000E+00  0.1000E-09  0.1000E-09  0.1000E-09  0.1000E-09  0.1194E+05  0.1896E+00
  989.7084 14 14   26.3818    6.4279   26.3818    6.4279   -3.9513   -4.5646    0.0000    0.0000  -10.0000  -10.0000  0.4923E+11  0.2000E+09  0.0000E+00  0.0000E+00  0.1000E-09  0.1000E-09  0.1000E-09  0.1000E-09  0.1194E+05  0.1896E+00
  999.7084 14 14   26.3818    6.4279   26.3818    6.4279   -3.9513   -4.5646    0.0000    0.0000  -10.0000  -10.0000  0.4923E+11  0.2000E+09  0.0000E+00  0.0000E+00  0.1000E-09  0.1000E-09  0.1000E-09  0.1000E-09  0.1194E+05  0.1896E+00
 1009.7084 14 14   26.3818    6.4279   26.3818    6.4279   -3.9513   -4.5646    0.0000    0.0000  -10.0000  -10.0000  0.4923E+11  0.2000E+09  0.0000E+00  0.0000E+00  0.1000E-09  0.1000E-09  0.1000E-09  0.1000E-09  0.1194E+05  0.1896E+00
 1019.7084 14 14   26.3818    6.4279   26.3818    6.4279   -3.9513   -4.5646    0.0000    0.0000  -10.0000  -10.0000  0.4923E+11  0.2000E+09  0.0000E+00  0.0000E+00  0.1000E-09  0.1000E-09  0.1000E-09  0.1000E-09  0.1194E+05  0.1896E+00
 1029.7084 14 14   26.3818    6.4279   26.3818    6.4279   -3.9513   -4.5646    0.0000    0.0000  -10.0000  -10.0000  0.4923E+11  0.2000E+09  0.0000E+00  0.0000E+00  0.1000E-09  0.1000E-09  0.1000E-09  0.1000E-09  0.1194E+05  0.1896E+00
 1039.7084 14 14   26.3818    6.4279   26.3818    6.4279   -3.9513   -4.5646    0.0000    0.0000  -10.0000  -10.0000  0.4923E+11  0.2000E+09  0.0000E+00  0.0000E+00  0.1000E-09  0.1000E-09  0.1000E-09  0.1000E-09  0.1194E+05  0.1896E+00
 1049.7084 14 14   26.3818    6.4279   26.3818    6.4279   -3.9513   -4.5646    0.0000    0.0000  -10.0000  -10.0000  0.4923E+11  0.2000E+09  0.0000E+00  0.0000E+00  0.1000E-09  0.1000E-09  0.1000E-09  0.1000E-09  0.1194E+05  0.1896E+00
 1059.7084 14 14   26.3818    6.4279   26.3818    6.4279   -3.9513   -4.5646    0.0000    0.0000  -10.0000  -10.0000  0.4923E+11  0.2000E+09  0.0000E+00  0.0000E+00  0.1000E-09  0.1000E-09  0.1000E-09  0.1000E-09  0.1194E+05  0.1896E+00
 1069.7084 14 14   26.3818    6.4279   26.3818    6.4279   -3.9513   -4.5646    0.0000    0.0000  -10.0000  -10.0000  0.4923E+11  0.2000E+09  0.0000E+00  0.0000E+00  0.1000E-09  0.1000E-09  0.1000E-09  0.1000E-09  0.1194E+05  0.1896E+00
 1079.7084 14 14   26.3818    6.4279   26.3818    6.4279   -3.9513   -4.5646    0.0000    0.0000  -10.0000  -10.0000  0.4923E+11  0.2000E+09  0.0000E+00  0.0000E+00  0.1000E-09  0.1000E-09  0.1000E-09  0.1000E-09  0.1194E+05  0.1896E+00
 1089.7084 14 14   26.3818    6.4279   26.3818    6.4279   -3.9513   -4.5646    0.0000    0.0000  -10.0000  -10.0000  0.4923E+11  0.2000E+09  0.0000E+00  0.0000E+00  0.1000E-09  0.1000E-09  0.1000E-09  0.1000E-09  0.1194E+05  0.1896E+00
 1099.7084 14 14   26.3818    6.4279   26.3818    6.4279   -3.9513   -4.5646    0.0000    0.0000  -10.0000  -10.0000  0.4923E+11  0.2000E+09  0.0000E+00  0.0000E+00  0.1000E-09  0.1000E-09  0.1000E-09  0.1000E-09  0.1194E+05  0.1896E+00
 1109.7084 14 14   26.3818    6.4279   26.3818    6.4279   -3.9513   -4.5646    0.0000    0.0000  -10.0000  -10.0000  0.4923E+11  0.2000E+09  0.0000E+00  0.0000E+00  0.1000E-09  0.1000E-09  0.1000E-09  0.1000E-09  0.1194E+05  0.1896E+00
 1119.7084 14 14   26.3818    6.4279   26.3818    6.4279   -3.9513   -4.5646    0.0000    0.0000  -10.0000  -10.0000  0.4923E+11  0.2000E+09  0.0000E+00  0.0000E+00  0.1000E-09  0.1000E-09  0.1000E-09  0.1000E-09  0.1194E+05  0.1896E+00
 1129.7084 14 14   26.3818    6.4279   26.3818    6.4279   -3.9513   -4.5646    0.0000    0.0000  -10.0000  -10.0000  0.4923E+11  0.2000E+09  0.0000E+00  0.0000E+00  0.1000E-09  0.1000E-09  0.1000E-09  0.1000E-09  0.1194E+05  0.1896E+00
 1139.7084 14 14   26.3818    6.4279   26.3818    6.4279   -3.9513   -4.5646    0.0000    0.0000  -10.0000  -10.0000  0.4923E+11  0.2000E+09  0.0000E+00  0.0000E+00  0.1000E-09  0.1000E-09  0.1000E-09  0.1000E-09  0.1194E+05  0.1896E+00
 1149.7084 14 14   26.3818    6.4279   26.3818    6.4279   -3.9513   -4.5646    0.0000    0.0000  -10.0000  -10.0000  0.4923E+11  0.2000E+09  0.0000E+00  0.0000E+00  0.1000E-09  0.1000E-09  0.1000E-09  0.1000E-09  0.1194E+05  0.1896E+00
 1159.7084 14 14   26.3818    6.4279   26.3818    6.4279   -3.9513   -4.5646    0.0000    0.0000  -10.0000  -10.0000  0.4923E+11  0.2000E+09  0.0000E+00  0.0000E+00  0.1000E-09  0.1000E-09  0.1000E-09  0.1000E-09  0.1194E+05  0.1896E+00
 1169.7084 14 14   26.3818    6.4279   26.3818    6.4279   -3.9513   -4.5646    0.0000    0.0000  -10.0000  -10.0000  0.4923E+11  0.2000E+09  0.0000E+00  0.0000E+00  0.1000E-09  0.1000E-09  0.1000E-09  0.1000E-09  0.1194E+05  0.1896E+00
 1179.7084 14 14   26.3818    6.4279   26.3818    6.4279   -3.9513   -4.5646    0.0000    0.0000  -10.0000  -10.0000  0.4923E+11  0.2000E+09  0.0000E+00  0.0000E+00  0.1000E-09  0.1000E-09  0.1000E-09  0.1000E-09  0.1194E+05  0.1896E+00
 1189.7084 14 14   26.3818    6.4279   26.3818    6.4279   -3.9513   -4.5646    0.0000    0.0000  -10.0000  -10.0000  0.4923E+11  0.2000E+09  0.0000E+00  0.0000E+00  0.1000E-09  0.1000E-09  0.1000E-09  0.1000E-09  0.1194E+05  0.1896E+00
 1199.7084 14 14   26.3818    6.4279   26.3818    6.4279   -3.9513   -4.5646    0.0000    0.0000  -10.0000  -10.0000  0.4923E+11  0.2000E+09  0.0000E+00  0.0000E+00  0.1000E-09  0.1000E-09  0.1000E-09  0.1000E-09  0.1194E+05  0.1896E+00
 1209.7084 14 14   26.3818    6.4279   26.3818    6.4279   -3.9513   -4.5646    0.0000    0.0000  -10.0000  -10.0000  0.4923E+11  0.2000E+09  0.0000E+00  0.0000E+00  0.1000E-09  0.1000E-09  0.1000E-09  0.1000E-09  0.1194E+05  0.1896E+00
 1219.7084 14 14   26.3818    6.4279   26.3818    6.4279   -3.9513   -4.5646    0.0000    0.0000  -10.0000  -10.0000  0.4923E+11  0.2000E+09  0.0000E+00  0.0000E+00  0.1000E-09  0.1000E-09  0.1000E-09  0.1000E-09  0.1194E+05  0.1896E+00
 1229.7084 14 14   26.3818    6.4279   26.3818    6.4279   -3.9513   -4.5646    0.0000    0.0000  -10.0000  -10.0000  0.4923E+11  0.2000E+09  0.0000E+00  0.0000E+00  0.1000E-09  0.1000E-09  0.1000E-09  0.1000E-09  0.1194E+05  0.1896E+00
 1239.7084 14 14   26.3818    6.4279   26.3818    6.4279   -3.9513   -4.5646    0.0000    0.0000  -10.0000  -10.0000  0.4923E+11  0.2000E+09  0.0000E+00  0.0000E+00  0.1000E-09  0.1000E-09  0.1000E-09  0.1000E-09  0.1194E+05  0.1896E+00
 1249.7084 14 14   26.3818    6.4279   26.3818    6.4279   -3.9513   -4.5646    0.0000    0.0000  -10.0000  -10.0000  0.4923E+11  0.2000E+09  0.0000E+00  0.0000E+00  0.1000E-09  0.1000E-09  0.1000E-09  0.1000E-09  0.1194E+05  0.1896E+00
 1259.7084 14 14   26.3818    6.4279   26.3818    6.4279   -3.9513   -4.5646    0.0000    0.0000  -10.0000  -10.0000  0.4923E+11  0.2000E+09  0.0000E+00  0.0000E+00  0.1000E-09  0.1000E-09  0.1000E-09  0.1000E-09  0.1194E+05  0.1896E+00
 1269.7084 14 14   26.3818    6.4279   26.3818    6.4279   -3.9513   -4.5646    0.0000    0.0000  -10.0000  -10.0000  0.4923E+11  0.2000E+09  0.0000E+00  0.0000E+00  0.1000E-09  0.1000E-09  0.1000E-09  0.1000E-09  0.1194E+05  0.1896E+00
 1279.7084 14 14   26.3818    6.4279   26.3818    6.4279   -3.9513   -4.5646    0.0000    0.0000  -10.0000  -10.0000  0.4923E+11  0.2000E+09  0.0000E+00  0.0000E+00  0.1000E-09  0.1000E-09  0.1000E-09  0.1000E-09  0.1194E+05  0.1896E+00
 1289.7084 14 14   26.3818    6.4279   26.3818    6.4279   -3.9513   -4.5646    0.0000    0.0000  -10.0000  -10.0000  0.4923E+11  0.2000E+09  0.0000E+00  0.0000E+00  0.1000E-09  0.1000E-09  0.1000E-09  0.1000E-09  0.1194E+05  0.1896E+00
 1299.7084 14 14   26.3818    6.4279   26.3818    6.4279   -3.9513   -4.5646    0.0000    0.0000  -10.0000  -10.0000  0.4923E+11  0.2000E+09  0.0000E+00  0.0000E+00  0.1000E-09  0.1000E-09  0.1000E-09  0.1000E-09  0.1194E+05  0.1896E+00
 1309.7084 14 14   26.3818    6.4279   26.3818    6.4279   -3.9513   -4.5646    0.0000    0.0000  -10.0000  -10.0000  0.4923E+11  0.2000E+09  0.0000E+00  0.0000E+00  0.1000E-09  0.1000E-09  0.1000E-09  0.1000E-09  0.1194E+05  0.1896E+00
 1319.7084 14 14   26.3818    6.4279   26.3818    6.4279   -3.9513   -4.5646    0.0000    0.0000  -10.0000  -10.0000  0.4923E+11  0.2000E+09  0.0000E+00  0.0000E+00  0.1000E-09  0.1000E-09  0.1000E-09  0.1000E-09  0.1194E+05  0.1896E+00
 1329.7084 14 14   26.3818    6.4279   26.3818    6.4279   -3.9513   -4.5646    0.0000    0.0000  -10.0000  -10.0000  0.4923E+11  0.2000E+09  0.0000E+00  0.0000E+00  0.1000E-09  0.1000E-09  0.1000E-09  0.1000E-09  0.1194E+05  0.1896E+00
 1339.7084 14 14   26.3818    6.4279   26.3818    6.4279   -3.9513   -4.5646    0.0000    0.0000  -10.0000  -10.0000  0.4923E+11  0.2000E+09  0.0000E+00  0.0000E+00  0.1000E-09  0.1000E-09  0.1000E-09  0.1000E-09  0.1194E+05  0.1896E+00
 1349.7084 14 14   26.3818    6.4279   26.3818    6.4279   -3.9513   -4.5646    0.0000    0.0000  -10.0000  -10.0000  0.4923E+11  0.2000E+09  0.0000E+00  0.0000E+00  0.1000E-09  0.1000E-09  0.1000E-09  0.1000E-09  0.1194E+05  0.1896E+00
 1359.7084 14 14   26.3818    6.4279   26.3818    6.4279   -3.9513   -4.5646    0.0000    0.0000  -10.0000  -10.0000  0.4923E+11  0.2000E+09  0.0000E+00  0.0000E+00  0.1000E-09  0.1000E-09  0.1000E-09  0.1000E-09  0.1194E+05  0.1896E+00
 1369.7084 14 14   26.3818    6.4279   26.3818    6.4279   -3.9513   -4.5646    0.0000    0.0000  -10.0000  -10.0000  0.4923E+11  0.2000E+09  0.0000E+00  0.0000E+00  0.1000E-09  0.1000E-09  0.1000E-09  0.1000E-09  0.1194E+05  0.1896E+00
 1379.7084 14 14   26.3818    6.4279   26.3818    6.4279   -3.9513   -4.5646    0.0000    0.0000  -10.0000  -10.0000  0.4923E+11  0.2000E+09  0.0000E+00  0.0000E+00  0.1000E-09  0.1000E-09  0.1000E-09  0.1000E-09  0.1194E+05  0.1896E+00
 1389.7084 14 14   26.3818    6.4279   26.3818    6.4279   -3.9513   -4.5646    0.0000    0.0000  -10.0000  -10.0000  0.4923E+11  0.2000E+09  0.0000E+00  0.0000E+00  0.1000E-09  0.1000E-09  0.1000E-09  0.1000E-09  0.1194E+05  0.1896E+00
 1399.7084 14 14   26.3818    6.4279   26.3818    6.4279   -3.9513   -4.5646    0.0000    0.0000  -10.0000  -10.0000  0.4923E+11  0.2000E+09  0.0000E+00  0.0000E+00  0.1000E-09  0.1000E-09  0.1000E-09  0.1000E-09  0.1194E+05  0.1896E+00
 1409.7084 14 14   26.3818    6.4279   26.3818    6.4279   -3.9513   -4.5646    0.0000    0.0000  -10.0000  -10.0000  0.4923E+11  0.2000E+09  0.0000E+00  0.0000E+00  0.1000E-09  0.1000E-09  0.1000E-09  0.1000E-09  0.1194E+05  0.1896E+00
 1419.7084 14 14   26.3818    6.4279   26.3818    6.4279   -3.9513   -4.5646    0.0000    0.0000  -10.0000  -10.0000  0.4923E+11  0.2000E+09  0.0000E+00  0.0000E+00  0.1000E-09  0.1000E-09  0.1000E-09  0.1000E-09  0.1194E+05  0.1896E+00
 1429.7084 14 14   26.3818    6.4279   26.3818    6.4279   -3.9513   -4.5646    0.0000    0.0000  -10.0000  -10.0000  0.4923E+11  0.2000E+09  0.0000E+00  0.0000E+00  0.1000E-09  0.1000E-09  0.1000E-09  0.1000E-09  0.1194E+05  0.1896E+00
 1439.7084 14 14   26.3818    6.4279   26.3818    6.4279   -3.9513   -4.5646    0.0000    0.0000  -10.0000  -10.0000  0.4923E+11  0.2000E+09  0.0000E+00  0.0000E+00  0.1000E-09  0.1000E-09  0.1000E-09  0.1000E-09  0.1194E+05  0.1896E+00
 1449.7084 14 14   26.3818    6.4279   26.3818    6.4279   -3.9513   -4.5646    0.0000    0.0000  -10.0000  -10.0000  0.4923E+11  0.2000E+09  0.0000E+00  0.0000E+00  0.1000E-09  0.1000E-09  0.1000E-09  0.1000E-09  0.1194E+05  0.1896E+00
 1459.7084 14 14   26.3818    6.4279   26.3818    6.4279   -3.9513   -4.5646    0.0000    0.0000  -10.0000  -10.0000  0.4923E+11  0.2000E+09  0.0000E+00  0.0000E+00  0.1000E-09  0.1000E-09  0.1000E-09  0.1000E-09  0.1194E+05  0.1896E+00
 1469.7084 14 14   26.3818    6.4279   26.3818    6.4279   -3.9513   -4.5646    0.0000    0.0000  -10.0000  -10.0000  0.4923E+11  0.2000E+09  0.0000E+00  0.0000E+00  0.1000E-09  0.1000E-09  0.1000E-09  0.1000E-09  0.1194E+05  0.1896E+00
 1479.7084 14 14   26.3818    6.4279   26.3818    6.4279   -3.9513   -4.5646    0.0000    0.0000  -10.0000  -10.0000  0.4923E+11  0.2000E+09  0.0000E+00  0.0000E+00  0.1000E-09  0.1000E-09  0.1000E-09  0.1000E-09  0.1194E+05  0.1896E+00
 1489.7084 14 14   26.3818    6.4279   26.3818    6.4279   -3.9513   -4.5646    0.0000    0.0000  -10.0000  -10.0000  0.4923E+11  0.2000E+09  0.0000E+00  0.0000E+00  0.1000E-09  0.1000E-09  0.1000E-09  0.1000E-09  0.1194E+05  0.1896E+00
 1499.7084 14 14   26.3818    6.4279   26.3818    6.4279   -3.9513   -4.5646    0.0000    0.0000  -10.0000  -10.0000  0.4923E+11  0.2000E+09  0.0000E+00  0.0000E+00  0.1000E-09  0.1000E-09  0.1000E-09  0.1000E-09  0.1194E+05  0.1896E+00
 1509.7084 14 14   26.3818    6.4279   26.3818    6.4279   -3.9513   -4.5646    0.0000    0.0000  -10.0000  -10.0000  0.4923E+11  0.2000E+09  0.0000E+00  0.0000E+00  0.1000E-09  0.1000E-09  0.1000E-09  0.1000E-09  0.1194E+05  0.1896E+00
 1519.7084 14 14   26.3818    6.4279   26.3818    6.4279   -3.9513   -4.5646    0.0000    0.0000  -10.0000  -10.0000  0.4923E+11  0.2000E+09  0.0000E+00  0.0000E+00  0.1000E-09  0.1000E-09  0.1000E-09  0.1000E-09  0.1194E+05  0.1896E+00
 1529.7084 14 14   26.3818    6.4279   26.3818    6.4279   -3.9513   -4.5646    0.0000    0.0000  -10.0000  -10.0000  0.4923E+11  0.2000E+09  0.0000E+00  0.0000E+00  0.1000E-09  0.1000E-09  0.1000E-09  0.1000E-09  0.1194E+05  0.1896E+00
 1539.7084 14 14   26.3818    6.4279   26.3818    6.4279   -3.9513   -4.5646    0.0000    0.0000  -10.0000  -10.0000  0.4923E+11  0.2000E+09  0.0000E+00  0.0000E+00  0.1000E-09  0.1000E-09  0.1000E-09  0.1000E-09  0.1194E+05  0.1896E+00
 1549.7084 14 14   26.3818    6.4279   26.3818    6.4279   -3.9513   -4.5646    0.0000    0.0000  -10.0000  -10.0000  0.4923E+11  0.2000E+09  0.0000E+00  0.0000E+00  0.1000E-09  0.1000E-09  0.1000E-09  0.1000E-09  0.1194E+05  0.1896E+00
 1559.7084 14 14   26.3818    6.4279   26.3818    6.4279   -3.9513   -4.5646    0.0000    0.0000  -10.0000  -10.0000  0.4923E+11  0.2000E+09  0.0000E+00  0.0000E+00  0.1000E-09  0.1000E-09  0.1000E-09  0.1000E-09  0.1194E+05  0.1896E+00
 1569.7084 14 14   26.3818    6.4279   26.3818    6.4279   -3.9513   -4.5646    0.0000    0.0000  -10.0000  -10.0000  0.4923E+11  0.2000E+09  0.0000E+00  0.0000E+00  0.1000E-09  0.1000E-09  0.1000E-09  0.1000E-09  0.1194E+05  0.1896E+00
 1579.7084 14 14   26.3818    6.4279   26.3818    6.4279   -3.9513   -4.5646    0.0000    0.0000  -10.0000  -10.0000  0.4923E+11  0.2000E+09  0.0000E+00  0.0000E+00  0.1000E-09  0.1000E-09  0.1000E-09  0.1000E-09  0.1194E+05  0.1896E+00
 1589.7084 14 14   26.3818    6.4279   26.3818    6.4279   -3.9513   -4.5646    0.0000    0.0000  -10.0000  -10.0000  0.4923E+11  0.2000E+09  0.0000E+00  0.0000E+00  0.1000E-09  0.1000E-09  0.1000E-09  0.1000E-09  0.1194E+05  0.1896E+00
 1599.7084 14 14   26.3818    6.4279   26.3818    6.4279   -3.9513   -4.5646    0.0000    0.0000  -10.0000  -10.0000  0.4923E+11  0.2000E+09  0.0000E+00  0.0000E+00  0.1000E-09  0.1000E-09  0.1000E-09  0.1000E-09  0.1194E+05  0.1896E+00
 1609.7084 14 14   26.3818    6.4279   26.3818    6.4279   -3.9513   -4.5646    0.0000    0.0000  -10.0000  -10.0000  0.4923E+11  0.2000E+09  0.0000E+00  0.0000E+00  0.1000E-09  0.1000E-09  0.1000E-09  0.1000E-09  0.1194E+05  0.1896E+00
 1619.7084 14 14   26.3818    6.4279   26.3818    6.4279   -3.9513   -4.5646    0.0000    0.0000  -10.0000  -10.0000  0.4923E+11  0.2000E+09  0.0000E+00  0.0000E+00  0.1000E-09  0.1000E-09  0.1000E-09  0.1000E-09  0.1194E+05  0.1896E+00
 1629.7084 14 14   26.3818    6.4279   26.3818    6.4279   -3.9513   -4.5646    0.0000    0.0000  -10.0000  -10.0000  0.4923E+11  0.2000E+09  0.0000E+00  0.0000E+00  0.1000E-09  0.1000E-09  0.1000E-09  0.1000E-09  0.1194E+05  0.1896E+00
 1639.7084 14 14   26.3818    6.4279   26.3818    6.4279   -3.9513   -4.5646    0.0000    0.0000  -10.0000  -10.0000  0.4923E+11  0.2000E+09  0.0000E+00  0.0000E+00  0.1000E-09  0.1000E-09  0.1000E-09  0.1000E-09  0.1194E+05  0.1896E+00
 1649.7084 14 14   26.3818    6.4279   26.3818    6.4279   -3.9513   -4.5646    0.0000    0.0000  -10.0000  -10.0000  0.4923E+11  0.2000E+09  0.0000E+00  0.0000E+00  0.1000E-09  0.1000E-09  0.1000E-09  0.1000E-09  0.1194E+05  0.1896E+00
 1659.7084 14 14   26.3818    6.4279   26.3818    6.4279   -3.9513   -4.5646    0.0000    0.0000  -10.0000  -10.0000  0.4923E+11  0.2000E+09  0.0000E+00  0.0000E+00  0.1000E-09  0.1000E-09  0.1000E-09  0.1000E-09  0.1194E+05  0.1896E+00
 1669.7084 14 14   26.3818    6.4279   26.3818    6.4279   -3.9513   -4.5646    0.0000    0.0000  -10.0000  -10.0000  0.4923E+11  0.2000E+09  0.0000E+00  0.0000E+00  0.1000E-09  0.1000E-09  0.1000E-09  0.1000E-09  0.1194E+05  0.1896E+00
 1679.7084 14 14   26.3818    6.4279   26.3818    6.4279   -3.9513   -4.5646    0.0000    0.0000  -10.0000  -10.0000  0.4923E+11  0.2000E+09  0.0000E+00  0.0000E+00  0.1000E-09  0.1000E-09  0.1000E-09  0.1000E-09  0.1194E+05  0.1896E+00
 1689.7084 14 14   26.3818    6.4279   26.3818    6.4279   -3.9513   -4.5646    0.0000    0.0000  -10.0000  -10.0000  0.4923E+11  0.2000E+09  0.0000E+00  0.0000E+00  0.1000E-09  0.1000E-09  0.1000E-09  0.1000E-09  0.1194E+05  0.1896E+00
 1699.7084 14 14   26.3818    6.4279   26.3818    6.4279   -3.9513   -4.5646    0.0000    0.0000  -10.0000  -10.0000  0.4923E+11  0.2000E+09  0.0000E+00  0.0000E+00  0.1000E-09  0.1000E-09  0.1000E-09  0.1000E-09  0.1194E+05  0.1896E+00
 1709.7084 14 14   26.3818    6.4279   26.3818    6.4279   -3.9513   -4.5646    0.0000    0.0000  -10.0000  -10.0000  0.4923E+11  0.2000E+09  0.0000E+00  0.0000E+00  0.1000E-09  0.1000E-09  0.1000E-09  0.1000E-09  0.1194E+05  0.1896E+00
 1719.7084 14 14   26.3818    6.4279   26.3818    6.4279   -3.9513   -4.5646    0.0000    0.0000  -10.0000  -10.0000  0.4923E+11  0.2000E+09  0.0000E+00  0.0000E+00  0.1000E-09  0.1000E-09  0.1000E-09  0.1000E-09  0.1194E+05  0.1896E+00
 1729.7084 14 14   26.3818    6.4279   26.3818    6.4279   -3.9513   -4.5646    0.0000    0.0000  -10.0000  -10.0000  0.4923E+11  0.2000E+09  0.0000E+00  0.0000E+00  0.1000E-09  0.1000E-09  0.1000E-09  0.1000E-09  0.1194E+05  0.1896E+00
 1739.7084 14 14   26.3818    6.4279   26.3818    6.4279   -3.9513   -4.5646    0.0000    0.0000  -10.0000  -10.0000  0.4923E+11  0.2000E+09  0.0000E+00  0.0000E+00  0.1000E-09  0.1000E-09  0.1000E-09  0.1000E-09  0.1194E+05  0.1896E+00
 1749.7084 14 14   26.3818    6.4279   26.3818    6.4279   -3.9513   -4.5646    0.0000    0.0000  -10.0000  -10.0000  0.4923E+11  0.2000E+09  0.0000E+00  0.0000E+00  0.1000E-09  0.1000E-09  0.1000E-09  0.1000E-09  0.1194E+05  0.1896E+00
 1759.7084 14 14   26.3818    6.4279   26.3818    6.4279   -3.9513   -4.5646    0.0000    0.0000  -10.0000  -10.0000  0.4923E+11  0.2000E+09  0.0000E+00  0.0000E+00  0.1000E-09  0.1000E-09  0.1000E-09  0.1000E-09  0.1194E+05  0.1896E+00
 1769.7084 14 14   26.3818    6.4279   26.3818    6.4279   -3.9513   -4.5646    0.0000    0.0000  -10.0000  -10.0000  0.4923E+11  0.2000E+09  0.0000E+00  0.0000E+00  0.1000E-09  0.1000E-09  0.1000E-09  0.1000E-09  0.1194E+05  0.1896E+00
 1779.7084 14 14   26.3818    6.4279   26.3818    6.4279   -3.9513   -4.5646    0.0000    0.0000  -10.0000  -10.0000  0.4923E+11  0.2000E+09  0.0000E+00  0.0000E+00  0.1000E-09  0.1000E-09  0.1000E-09  0.1000E-09  0.1194E+05  0.1896E+00
 1789.7084 14 14   26.3818    6.4279   26.3818    6.4279   -3.9513   -4.5646    0.0000    0.0000  -10.0000  -10.0000  0.4923E+11  0.2000E+09  0.0000E+00  0.0000E+00  0.1000E-09  0.1000E-09  0.1000E-09  0.1000E-09  0.1194E+05  0.1896E+00
 1799.7084 14 14   26.3818    6.4279   26.3818    6.4279   -3.9513   -4.5646    0.0000    0.0000  -10.0000  -10.0000  0.4923E+11  0.2000E+09  0.0000E+00  0.0000E+00  0.1000E-09  0.1000E-09  0.1000E-09  0.1000E-09  0.1194E+05  0.1896E+00
 1809.7084 14 14   26.3818    6.4279   26.3818    6.4279   -3.9513   -4.5646    0.0000    0.0000  -10.0000  -10.0000  0.4923E+11  0.2000E+09  0.0000E+00  0.0000E+00  0.1000E-09  0.1000E-09  0.1000E-09  0.1000E-09  0.1194E+05  0.1896E+00
 1819.7084 14 14   26.3818    6.4279   26.3818    6.4279   -3.9513   -4.5646    0.0000    0.0000  -10.0000  -10.0000  0.4923E+11  0.2000E+09  0.0000E+00  0.0000E+00  0.1000E-09  0.1000E-09  0.1000E-09  0.1000E-09  0.1194E+05  0.1896E+00
 1829.7084 14 14   26.3818    6.4279   26.3818    6.4279   -3.9513   -4.5646    0.0000    0.0000  -10.0000  -10.0000  0.4923E+11  0.2000E+09  0.0000E+00  0.0000E+00  0.1000E-09  0.1000E-09  0.1000E-09  0.1000E-09  0.1194E+05  0.1896E+00
 1839.7084 14 14   26.3818    6.4279   26.3818    6.4279   -3.9513   -4.5646    0.0000    0.0000  -10.0000  -10.0000  0.4923E+11  0.2000E+09  0.0000E+00  0.0000E+00  0.1000E-09  0.1000E-09  0.1000E-09  0.1000E-09  0.1194E+05  0.1896E+00
 1849.7084 14 14   26.3818    6.4279   26.3818    6.4279   -3.9513   -4.5646    0.0000    0.0000  -10.0000  -10.0000  0.4923E+11  0.2000E+09  0.0000E+00  0.0000E+00  0.1000E-09  0.1000E-09  0.1000E-09  0.1000E-09  0.1194E+05  0.1896E+00
 1859.7084 14 14   26.3818    6.4279   26.3818    6.4279   -3.9513   -4.5646    0.0000    0.0000  -10.0000  -10.0000  0.4923E+11  0.2000E+09  0.0000E+00  0.0000E+00  0.1000E-09  0.1000E-09  0.1000E-09  0.1000E-09  0.1194E+05  0.1896E+00
 1869.7084 14 14   26.3818    6.4279   26.3818    6.4279   -3.9513   -4.5646    0.0000    0.0000  -10.0000  -10.0000  0.4923E+11  0.2000E+09  0.0000E+00  0.0000E+00  0.1000E-09  0.1000E-09  0.1000E-09  0.1000E-09  0.1194E+05  0.1896E+00
 1879.7084 14 14   26.3818    6.4279   26.3818    6.4279   -3.9513   -4.5646    0.0000    0.0000  -10.0000  -10.0000  0.4923E+11  0.2000E+09  0.0000E+00  0.0000E+00  0.1000E-09  0.1000E-09  0.1000E-09  0.1000E-09  0.1194E+05  0.1896E+00
 1889.7084 14 14   26.3818    6.4279   26.3818    6.4279   -3.9513   -4.5646    0.0000    0.0000  -10.0000  -10.0000  0.4923E+11  0.2000E+09  0.0000E+00  0.0000E+00  0.1000E-09  0.1000E-09  0.1000E-09  0.1000E-09  0.1194E+05  0.1896E+00
 1899.7084 14 14   26.3818    6.4279   26.3818    6.4279   -3.9513   -4.5646    0.0000    0.0000  -10.0000  -10.0000  0.4923E+11  0.2000E+09  0.0000E+00  0.0000E+00  0.1000E-09  0.1000E-09  0.1000E-09  0.1000E-09  0.1194E+05  0.1896E+00
 1909.7084 14 14   26.3818    6.4279   26.3818    6.4279   -3.9513   -4.5646    0.0000    0.0000  -10.0000  -10.0000  0.4923E+11  0.2000E+09  0.0000E+00  0.0000E+00  0.1000E-09  0.1000E-09  0.1000E-09  0.1000E-09  0.1194E+05  0.1896E+00
 1919.7084 14 14   26.3818    6.4279   26.3818    6.4279   -3.9513   -4.5646    0.0000    0.0000  -10.0000  -10.0000  0.4923E+11  0.2000E+09  0.0000E+00  0.0000E+00  0.1000E-09  0.1000E-09  0.1000E-09  0.1000E-09  0.1194E+05  0.1896E+00
 1929.7084 14 14   26.3818    6.4279   26.3818    6.4279   -3.9513   -4.5646    0.0000    0.0000  -10.0000  -10.0000  0.4923E+11  0.2000E+09  0.0000E+00  0.0000E+00  0.1000E-09  0.1000E-09  0.1000E-09  0.1000E-09  0.1194E+05  0.1896E+00
 1939.7084 14 14   26.3818    6.4279   26.3818    6.4279   -3.9513   -4.5646    0.0000    0.0000  -10.0000  -10.0000  0.4923E+11  0.2000E+09  0.0000E+00  0.0000E+00  0.1000E-09  0.1000E-09  0.1000E-09  0.1000E-09  0.1194E+05  0.1896E+00
 1949.7084 14 14   26.3818    6.4279   26.3818    6.4279   -3.9513   -4.5646    0.0000    0.0000  -10.0000  -10.0000  0.4923E+11  0.2000E+09  0.0000E+00  0.0000E+00  0.1000E-09  0.1000E-09  0.1000E-09  0.1000E-09  0.1194E+05  0.1896E+00
 1959.7084 14 14   26.3818    6.4279   26.3818    6.4279   -3.9513   -4.5646    0.0000    0.0000  -10.0000  -10.0000  0.4923E+11  0.2000E+09  0.0000E+00  0.0000E+00  0.1000E-09  0.1000E-09  0.1000E-09  0.1000E-09  0.1194E+05  0.1896E+00
 1969.7084 14 14   26.3818    6.4279   26.3818    6.4279   -3.9513   -4.5646    0.0000    0.0000  -10.0000  -10.0000  0.4923E+11  0.2000E+09  0.0000E+00  0.0000E+00  0.1000E-09  0.1000E-09  0.1000E-09  0.1000E-09  0.1194E+05  0.1896E+00
 1979.7084 14 14   26.3818    6.4279   26.3818    6.4279   -3.9513   -4.5646    0.0000    0.0000  -10.0000  -10.0000  0.4923E+11  0.2000E+09  0.0000E+00  0.0000E+00  0.1000E-09  0.1000E-09  0.1000E-09  0.1000E-09  0.1194E+05  0.1896E+00
 1989.7084 14 14   26.3818    6.4279   26.3818    6.4279   -3.9513   -4.5646    0.0000    0.0000  -10.0000  -10.0000  0.4923E+11  0.2000E+09  0.0000E+00  0.0000E+00  0.1000E-09  0.1000E-09  0.1000E-09  0.1000E-09  0.1194E+05  0.1896E+00
 1999.7084 14 14   26.3818    6.4279   26.3818    6.4279   -3.9513   -4.5646    0.0000    0.0000  -10.0000  -10.0000  0.4923E+11  0.2000E+09  0.0000E+00  0.0000E+00  0.1000E-09  0.1000E-09  0.1000E-09  0.1000E-09  0.1194E+05  0.1896E+00
 2009.7084 14 14   26.3818    6.4279   26.3818    6.4279   -3.9513   -4.5646    0.0000    0.0000  -10.0000  -10.0000  0.4923E+11  0.2000E+09  0.0000E+00  0.0000E+00  0.1000E-09  0.1000E-09  0.1000E-09  0.1000E-09  0.1194E+05  0.1896E+00
 2019.7084 14 14   26.3818    6.4279   26.3818    6.4279   -3.9513   -4.5646    0.0000    0.0000  -10.0000  -10.0000  0.4923E+11  0.2000E+09  0.0000E+00  0.0000E+00  0.1000E-09  0.1000E-09  0.1000E-09  0.1000E-09  0.1194E+05  0.1896E+00
 2029.7084 14 14   26.3818    6.4279   26.3818    6.4279   -3.9513   -4.5646    0.0000    0.0000  -10.0000  -10.0000  0.4923E+11  0.2000E+09  0.0000E+00  0.0000E+00  0.1000E-09  0.1000E-09  0.1000E-09  0.1000E-09  0.1194E+05  0.1896E+00
 2039.7084 14 14   26.3818    6.4279   26.3818    6.4279   -3.9513   -4.5646    0.0000    0.0000  -10.0000  -10.0000  0.4923E+11  0.2000E+09  0.0000E+00  0.0000E+00  0.1000E-09  0.1000E-09  0.1000E-09  0.1000E-09  0.1194E+05  0.1896E+00
 2049.7085 14 14   26.3818    6.4279   26.3818    6.4279   -3.9513   -4.5646    0.0000    0.0000  -10.0000  -10.0000  0.4923E+11  0.2000E+09  0.0000E+00  0.0000E+00  0.1000E-09  0.1000E-09  0.1000E-09  0.1000E-09  0.1194E+05  0.1896E+00
 2059.7085 14 14   26.3818    6.4279   26.3818    6.4279   -3.9513   -4.5646    0.0000    0.0000  -10.0000  -10.0000  0.4923E+11  0.2000E+09  0.0000E+00  0.0000E+00  0.1000E-09  0.1000E-09  0.1000E-09  0.1000E-09  0.1194E+05  0.1896E+00
 2069.7085 14 14   26.3818    6.4279   26.3818    6.4279   -3.9513   -4.5646    0.0000    0.0000  -10.0000  -10.0000  0.4923E+11  0.2000E+09  0.0000E+00  0.0000E+00  0.1000E-09  0.1000E-09  0.1000E-09  0.1000E-09  0.1194E+05  0.1896E+00
 2079.7085 14 14   26.3818    6.4279   26.3818    6.4279   -3.9513   -4.5646    0.0000    0.0000  -10.0000  -10.0000  0.4923E+11  0.2000E+09  0.0000E+00  0.0000E+00  0.1000E-09  0.1000E-09  0.1000E-09  0.1000E-09  0.1194E+05  0.1896E+00
 2089.7085 14 14   26.3818    6.4279   26.3818    6.4279   -3.9513   -4.5646    0.0000    0.0000  -10.0000  -10.0000  0.4923E+11  0.2000E+09  0.0000E+00  0.0000E+00  0.1000E-09  0.1000E-09  0.1000E-09  0.1000E-09  0.1194E+05  0.1896E+00
 2099.7085 14 14   26.3818    6.4279   26.3818    6.4279   -3.9513   -4.5646    0.0000    0.0000  -10.0000  -10.0000  0.4923E+11  0.2000E+09  0.0000E+00  0.0000E+00  0.1000E-09  0.1000E-09  0.1000E-09  0.1000E-09  0.1194E+05  0.1896E+00
 2109.7085 14 14   26.3818    6.4279   26.3818    6.4279   -3.9513   -4.5646    0.0000    0.0000  -10.0000  -10.0000  0.4923E+11  0.2000E+09  0.0000E+00  0.0000E+00  0.1000E-09  0.1000E-09  0.1000E-09  0.1000E-09  0.1194E+05  0.1896E+00
 2119.7085 14 14   26.3818    6.4279   26.3818    6.4279   -3.9513   -4.5646    0.0000    0.0000  -10.0000  -10.0000  0.4923E+11  0.2000E+09  0.0000E+00  0.0000E+00  0.1000E-09  0.1000E-09  0.1000E-09  0.1000E-09  0.1194E+05  0.1896E+00
 2129.7085 14 14   26.3818    6.4279   26.3818    6.4279   -3.9513   -4.5646    0.0000    0.0000  -10.0000  -10.0000  0.4923E+11  0.2000E+09  0.0000E+00  0.0000E+00  0.1000E-09  0.1000E-09  0.1000E-09  0.1000E-09  0.1194E+05  0.1896E+00
 2139.7085 14 14   26.3818    6.4279   26.3818    6.4279   -3.9513   -4.5646    0.0000    0.0000  -10.0000  -10.0000  0.4923E+11  0.2000E+09  0.0000E+00  0.0000E+00  0.1000E-09  0.1000E-09  0.1000E-09  0.1000E-09  0.1194E+05  0.1896E+00
 2149.7085 14 14   26.3818    6.4279   26.3818    6.4279   -3.9513   -4.5646    0.0000    0.0000  -10.0000  -10.0000  0.4923E+11  0.2000E+09  0.0000E+00  0.0000E+00  0.1000E-09  0.1000E-09  0.1000E-09  0.1000E-09  0.1194E+05  0.1896E+00
 2159.7085 14 14   26.3818    6.4279   26.3818    6.4279   -3.9513   -4.5646    0.0000    0.0000  -10.0000  -10.0000  0.4923E+11  0.2000E+09  0.0000E+00  0.0000E+00  0.1000E-09  0.1000E-09  0.1000E-09  0.1000E-09  0.1194E+05  0.1896E+00
 2169.7085 14 14   26.3818    6.4279   26.3818    6.4279   -3.9513   -4.5646    0.0000    0.0000  -10.0000  -10.0000  0.4923E+11  0.2000E+09  0.0000E+00  0.0000E+00  0.1000E-09  0.1000E-09  0.1000E-09  0.1000E-09  0.1194E+05  0.1896E+00
 2179.7085 14 14   26.3818    6.4279   26.3818    6.4279   -3.9513   -4.5646    0.0000    0.0000  -10.0000  -10.0000  0.4923E+11  0.2000E+09  0.0000E+00  0.0000E+00  0.1000E-09  0.1000E-09  0.1000E-09  0.1000E-09  0.1194E+05  0.1896E+00
 2189.7085 14 14   26.3818    6.4279   26.3818    6.4279   -3.9513   -4.5646    0.0000    0.0000  -10.0000  -10.0000  0.4923E+11  0.2000E+09  0.0000E+00  0.0000E+00  0.1000E-09  0.1000E-09  0.1000E-09  0.1000E-09  0.1194E+05  0.1896E+00
 2199.7085 14 14   26.3818    6.4279   26.3818    6.4279   -3.9513   -4.5646    0.0000    0.0000  -10.0000  -10.0000  0.4923E+11  0.2000E+09  0.0000E+00  0.0000E+00  0.1000E-09  0.1000E-09  0.1000E-09  0.1000E-09  0.1194E+05  0.1896E+00
 2209.7085 14 14   26.3818    6.4279   26.3818    6.4279   -3.9513   -4.5646    0.0000    0.0000  -10.0000  -10.0000  0.4923E+11  0.2000E+09  0.0000E+00  0.0000E+00  0.1000E-09  0.1000E-09  0.1000E-09  0.1000E-09  0.1194E+05  0.1896E+00
 2219.7085 14 14   26.3818    6.4279   26.3818    6.4279   -3.9513   -4.5646    0.0000    0.0000  -10.0000  -10.0000  0.4923E+11  0.2000E+09  0.0000E+00  0.0000E+00  0.1000E-09  0.1000E-09  0.1000E-09  0.1000E-09  0.1194E+05  0.1896E+00
 2229.7085 14 14   26.3818    6.4279   26.3818    6.4279   -3.9513   -4.5646    0.0000    0.0000  -10.0000  -10.0000  0.4923E+11  0.2000E+09  0.0000E+00  0.0000E+00  0.1000E-09  0.1000E-09  0.1000E-09  0.1000E-09  0.1194E+05  0.1896E+00
 2239.7085 14 14   26.3818    6.4279   26.3818    6.4279   -3.9513   -4.5646    0.0000    0.0000  -10.0000  -10.0000  0.4923E+11  0.2000E+09  0.0000E+00  0.0000E+00  0.1000E-09  0.1000E-09  0.1000E-09  0.1000E-09  0.1194E+05  0.1896E+00
 2249.7085 14 14   26.3818    6.4279   26.3818    6.4279   -3.9513   -4.5646    0.0000    0.0000  -10.0000  -10.0000  0.4923E+11  0.2000E+09  0.0000E+00  0.0000E+00  0.1000E-09  0.1000E-09  0.1000E-09  0.1000E-09  0.1194E+05  0.1896E+00
 2259.7085 14 14   26.3818    6.4279   26.3818    6.4279   -3.9513   -4.5646    0.0000    0.0000  -10.0000  -10.0000  0.4923E+11  0.2000E+09  0.0000E+00  0.0000E+00  0.1000E-09  0.1000E-09  0.1000E-09  0.1000E-09  0.1194E+05  0.1896E+00
 2269.7085 14 14   26.3818    6.4279   26.3818    6.4279   -3.9513   -4.5646    0.0000    0.0000  -10.0000  -10.0000  0.4923E+11  0.2000E+09  0.0000E+00  0.0000E+00  0.1000E-09  0.1000E-09  0.1000E-09  0.1000E-09  0.1194E+05  0.1896E+00
 2279.7085 14 14   26.3818    6.4279   26.3818    6.4279   -3.9513   -4.5646    0.0000    0.0000  -10.0000  -10.0000  0.4923E+11  0.2000E+09  0.0000E+00  0.0000E+00  0.1000E-09  0.1000E-09  0.1000E-09  0.1000E-09  0.1194E+05  0.1896E+00
 2289.7085 14 14   26.3818    6.4279   26.3818    6.4279   -3.9513   -4.5646    0.0000    0.0000  -10.0000  -10.0000  0.4923E+11  0.2000E+09  0.0000E+00  0.0000E+00  0.1000E-09  0.1000E-09  0.1000E-09  0.1000E-09  0.1194E+05  0.1896E+00
 2299.7085 14 14   26.3818    6.4279   26.3818    6.4279   -3.9513   -4.5646    0.0000    0.0000  -10.0000  -10.0000  0.4923E+11  0.2000E+09  0.0000E+00  0.0000E+00  0.1000E-09  0.1000E-09  0.1000E-09  0.1000E-09  0.1194E+05  0.1896E+00
 2309.7085 14 14   26.3818    6.4279   26.3818    6.4279   -3.9513   -4.5646    0.0000    0.0000  -10.0000  -10.0000  0.4923E+11  0.2000E+09  0.0000E+00  0.0000E+00  0.1000E-09  0.1000E-09  0.1000E-09  0.1000E-09  0.1194E+05  0.1896E+00
 2319.7085 14 14   26.3818    6.4279   26.3818    6.4279   -3.9513   -4.5646    0.0000    0.0000  -10.0000  -10.0000  0.4923E+11  0.2000E+09  0.0000E+00  0.0000E+00  0.1000E-09  0.1000E-09  0.1000E-09  0.1000E-09  0.1194E+05  0.1896E+00
 2329.7085 14 14   26.3818    6.4279   26.3818    6.4279   -3.9513   -4.5646    0.0000    0.0000  -10.0000  -10.0000  0.4923E+11  0.2000E+09  0.0000E+00  0.0000E+00  0.1000E-09  0.1000E-09  0.1000E-09  0.1000E-09  0.1194E+05  0.1896E+00
 2339.7085 14 14   26.3818    6.4279   26.3818    6.4279   -3.9513   -4.5646    0.0000    0.0000  -10.0000  -10.0000  0.4923E+11  0.2000E+09  0.0000E+00  0.0000E+00  0.1000E-09  0.1000E-09  0.1000E-09  0.1000E-09  0.1194E+05  0.1896E+00
 2349.7085 14 14   26.3818    6.4279   26.3818    6.4279   -3.9513   -4.5646    0.0000    0.0000  -10.0000  -10.0000  0.4923E+11  0.2000E+09  0.0000E+00  0.0000E+00  0.1000E-09  0.1000E-09  0.1000E-09  0.1000E-09  0.1194E+05  0.1896E+00
 2359.7085 14 14   26.3818    6.4279   26.3818    6.4279   -3.9513   -4.5646    0.0000    0.0000  -10.0000  -10.0000  0.4923E+11  0.2000E+09  0.0000E+00  0.0000E+00  0.1000E-09  0.1000E-09  0.1000E-09  0.1000E-09  0.1194E+05  0.1896E+00
 2369.7085 14 14   26.3818    6.4279   26.3818    6.4279   -3.9513   -4.5646    0.0000    0.0000  -10.0000  -10.0000  0.4923E+11  0.2000E+09  0.0000E+00  0.0000E+00  0.1000E-09  0.1000E-09  0.1000E-09  0.1000E-09  0.1194E+05  0.1896E+00
 2379.7085 14 14   26.3818    6.4279   26.3818    6.4279   -3.9513   -4.5646    0.0000    0.0000  -10.0000  -10.0000  0.4923E+11  0.2000E+09  0.0000E+00  0.0000E+00  0.1000E-09  0.1000E-09  0.1000E-09  0.1000E-09  0.1194E+05  0.1896E+00
 2389.7085 14 14   26.3818    6.4279   26.3818    6.4279   -3.9513   -4.5646    0.0000    0.0000  -10.0000  -10.0000  0.4923E+11  0.2000E+09  0.0000E+00  0.0000E+00  0.1000E-09  0.1000E-09  0.1000E-09  0.1000E-09  0.1194E+05  0.1896E+00
 2399.7085 14 14   26.3818    6.4279   26.3818    6.4279   -3.9513   -4.5646    0.0000    0.0000  -10.0000  -10.0000  0.4923E+11  0.2000E+09  0.0000E+00  0.0000E+00  0.1000E-09  0.1000E-09  0.1000E-09  0.1000E-09  0.1194E+05  0.1896E+00
 2409.7085 14 14   26.3818    6.4279   26.3818    6.4279   -3.9513   -4.5646    0.0000    0.0000  -10.0000  -10.0000  0.4923E+11  0.2000E+09  0.0000E+00  0.0000E+00  0.1000E-09  0.1000E-09  0.1000E-09  0.1000E-09  0.1194E+05  0.1896E+00
 2419.7085 14 14   26.3818    6.4279   26.3818    6.4279   -3.9513   -4.5646    0.0000    0.0000  -10.0000  -10.0000  0.4923E+11  0.2000E+09  0.0000E+00  0.0000E+00  0.1000E-09  0.1000E-09  0.1000E-09  0.1000E-09  0.1194E+05  0.1896E+00
 2429.7085 14 14   26.3818    6.4279   26.3818    6.4279   -3.9513   -4.5646    0.0000    0.0000  -10.0000  -10.0000  0.4923E+11  0.2000E+09  0.0000E+00  0.0000E+00  0.1000E-09  0.1000E-09  0.1000E-09  0.1000E-09  0.1194E+05  0.1896E+00
 2439.7085 14 14   26.3818    6.4279   26.3818    6.4279   -3.9513   -4.5646    0.0000    0.0000  -10.0000  -10.0000  0.4923E+11  0.2000E+09  0.0000E+00  0.0000E+00  0.1000E-09  0.1000E-09  0.1000E-09  0.1000E-09  0.1194E+05  0.1896E+00
 2449.7085 14 14   26.3818    6.4279   26.3818    6.4279   -3.9513   -4.5646    0.0000    0.0000  -10.0000  -10.0000  0.4923E+11  0.2000E+09  0.0000E+00  0.0000E+00  0.1000E-09  0.1000E-09  0.1000E-09  0.1000E-09  0.1194E+05  0.1896E+00
 2459.7085 14 14   26.3818    6.4279   26.3818    6.4279   -3.9513   -4.5646    0.0000    0.0000  -10.0000  -10.0000  0.4923E+11  0.2000E+09  0.0000E+00  0.0000E+00  0.1000E-09  0.1000E-09  0.1000E-09  0.1000E-09  0.1194E+05  0.1896E+00
 2469.7085 14 14   26.3818    6.4279   26.3818    6.4279   -3.9513   -4.5646    0.0000    0.0000  -10.0000  -10.0000  0.4923E+11  0.2000E+09  0.0000E+00  0.0000E+00  0.1000E-09  0.1000E-09  0.1000E-09  0.1000E-09  0.1194E+05  0.1896E+00
 2479.7085 14 14   26.3818    6.4279   26.3818    6.4279   -3.9513   -4.5646    0.0000    0.0000  -10.0000  -10.0000  0.4923E+11  0.2000E+09  0.0000E+00  0.0000E+00  0.1000E-09  0.1000E-09  0.1000E-09  0.1000E-09  0.1194E+05  0.1896E+00
 2489.7085 14 14   26.3818    6.4279   26.3818    6.4279   -3.9513   -4.5646    0.0000    0.0000  -10.0000  -10.0000  0.4923E+11  0.2000E+09  0.0000E+00  0.0000E+00  0.1000E-09  0.1000E-09  0.1000E-09  0.1000E-09  0.1194E+05  0.1896E+00
 2499.7085 14 14   26.3818    6.4279   26.3818    6.4279   -3.9513   -4.5646    0.0000    0.0000  -10.0000  -10.0000  0.4923E+11  0.2000E+09  0.0000E+00  0.0000E+00  0.1000E-09  0.1000E-09  0.1000E-09  0.1000E-09  0.1194E+05  0.1896E+00
 2509.7085 14 14   26.3818    6.4279   26.3818    6.4279   -3.9513   -4.5646    0.0000    0.0000  -10.0000  -10.0000  0.4923E+11  0.2000E+09  0.0000E+00  0.0000E+00  0.1000E-09  0.1000E-09  0.1000E-09  0.1000E-09  0.1194E+05  0.1896E+00
 2519.7085 14 14   26.3818    6.4279   26.3818    6.4279   -3.9513   -4.5646    0.0000    0.0000  -10.0000  -10.0000  0.4923E+11  0.2000E+09  0.0000E+00  0.0000E+00  0.1000E-09  0.1000E-09  0.1000E-09  0.1000E-09  0.1194E+05  0.1896E+00
 2529.7085 14 14   26.3818    6.4279   26.3818    6.4279   -3.9513   -4.5646    0.0000    0.0000  -10.0000  -10.0000  0.4923E+11  0.2000E+09  0.0000E+00  0.0000E+00  0.1000E-09  0.1000E-09  0.1000E-09  0.1000E-09  0.1194E+05  0.1896E+00
 2539.7085 14 14   26.3818    6.4279   26.3818    6.4279   -3.9513   -4.5646    0.0000    0.0000  -10.0000  -10.0000  0.4923E+11  0.2000E+09  0.0000E+00  0.0000E+00  0.1000E-09  0.1000E-09  0.1000E-09  0.1000E-09  0.1194E+05  0.1896E+00
 2549.7085 14 14   26.3818    6.4279   26.3818    6.4279   -3.9513   -4.5646    0.0000    0.0000  -10.0000  -10.0000  0.4923E+11  0.2000E+09  0.0000E+00  0.0000E+00  0.1000E-09  0.1000E-09  0.1000E-09  0.1000E-09  0.1194E+05  0.1896E+00
 2559.7085 14 14   26.3818    6.4279   26.3818    6.4279   -3.9513   -4.5646    0.0000    0.0000  -10.0000  -10.0000  0.4923E+11  0.2000E+09  0.0000E+00  0.0000E+00  0.1000E-09  0.1000E-09  0.1000E-09  0.1000E-09  0.1194E+05  0.1896E+00
 2569.7085 14 14   26.3818    6.4279   26.3818    6.4279   -3.9513   -4.5646    0.0000    0.0000  -10.0000  -10.0000  0.4923E+11  0.2000E+09  0.0000E+00  0.0000E+00  0.1000E-09  0.1000E-09  0.1000E-09  0.1000E-09  0.1194E+05  0.1896E+00
 2579.7085 14 14   26.3818    6.4279   26.3818    6.4279   -3.9513   -4.5646    0.0000    0.0000  -10.0000  -10.0000  0.4923E+11  0.2000E+09  0.0000E+00  0.0000E+00  0.1000E-09  0.1000E-09  0.1000E-09  0.1000E-09  0.1194E+05  0.1896E+00
 2589.7085 14 14   26.3818    6.4279   26.3818    6.4279   -3.9513   -4.5646    0.0000    0.0000  -10.0000  -10.0000  0.4923E+11  0.2000E+09  0.0000E+00  0.0000E+00  0.1000E-09  0.1000E-09  0.1000E-09  0.1000E-09  0.1194E+05  0.1896E+00
 2599.7085 14 14   26.3818    6.4279   26.3818    6.4279   -3.9513   -4.5646    0.0000    0.0000  -10.0000  -10.0000  0.4923E+11  0.2000E+09  0.0000E+00  0.0000E+00  0.1000E-09  0.1000E-09  0.1000E-09  0.1000E-09  0.1194E+05  0.1896E+00
 2609.7085 14 14   26.3818    6.4279   26.3818    6.4279   -3.9513   -4.5646    0.0000    0.0000  -10.0000  -10.0000  0.4923E+11  0.2000E+09  0.0000E+00  0.0000E+00  0.1000E-09  0.1000E-09  0.1000E-09  0.1000E-09  0.1194E+05  0.1896E+00
 2619.7085 14 14   26.3818    6.4279   26.3818    6.4279   -3.9513   -4.5646    0.0000    0.0000  -10.0000  -10.0000  0.4923E+11  0.2000E+09  0.0000E+00  0.0000E+00  0.1000E-09  0.1000E-09  0.1000E-09  0.1000E-09  0.1194E+05  0.1896E+00
 2629.7085 14 14   26.3818    6.4279   26.3818    6.4279   -3.9513   -4.5646    0.0000    0.0000  -10.0000  -10.0000  0.4923E+11  0.2000E+09  0.0000E+00  0.0000E+00  0.1000E-09  0.1000E-09  0.1000E-09  0.1000E-09  0.1194E+05  0.1896E+00
 2639.7085 14 14   26.3818    6.4279   26.3818    6.4279   -3.9513   -4.5646    0.0000    0.0000  -10.0000  -10.0000  0.4923E+11  0.2000E+09  0.0000E+00  0.0000E+00  0.1000E-09  0.1000E-09  0.1000E-09  0.1000E-09  0.1194E+05  0.1896E+00
 2649.7085 14 14   26.3818    6.4279   26.3818    6.4279   -3.9513   -4.5646    0.0000    0.0000  -10.0000  -10.0000  0.4923E+11  0.2000E+09  0.0000E+00  0.0000E+00  0.1000E-09  0.1000E-09  0.1000E-09  0.1000E-09  0.1194E+05  0.1896E+00
 2659.7085 14 14   26.3818    6.4279   26.3818    6.4279   -3.9513   -4.5646    0.0000    0.0000  -10.0000  -10.0000  0.4923E+11  0.2000E+09  0.0000E+00  0.0000E+00  0.1000E-09  0.1000E-09  0.1000E-09  0.1000E-09  0.1194E+05  0.1896E+00
 2669.7085 14 14   26.3818    6.4279   26.3818    6.4279   -3.9513   -4.5646    0.0000    0.0000  -10.0000  -10.0000  0.4923E+11  0.2000E+09  0.0000E+00  0.0000E+00  0.1000E-09  0.1000E-09  0.1000E-09  0.1000E-09  0.1194E+05  0.1896E+00
 2679.7085 14 14   26.3818    6.4279   26.3818    6.4279   -3.9513   -4.5646    0.0000    0.0000  -10.0000  -10.0000  0.4923E+11  0.2000E+09  0.0000E+00  0.0000E+00  0.1000E-09  0.1000E-09  0.1000E-09  0.1000E-09  0.1194E+05  0.1896E+00
 2689.7085 14 14   26.3818    6.4279   26.3818    6.4279   -3.9513   -4.5646    0.0000    0.0000  -10.0000  -10.0000  0.4923E+11  0.2000E+09  0.0000E+00  0.0000E+00  0.1000E-09  0.1000E-09  0.1000E-09  0.1000E-09  0.1194E+05  0.1896E+00
 2699.7085 14 14   26.3818    6.4279   26.3818    6.4279   -3.9513   -4.5646    0.0000    0.0000  -10.0000  -10.0000  0.4923E+11  0.2000E+09  0.0000E+00  0.0000E+00  0.1000E-09  0.1000E-09  0.1000E-09  0.1000E-09  0.1194E+05  0.1896E+00
 2709.7085 14 14   26.3818    6.4279   26.3818    6.4279   -3.9513   -4.5646    0.0000    0.0000  -10.0000  -10.0000  0.4923E+11  0.2000E+09  0.0000E+00  0.0000E+00  0.1000E-09  0.1000E-09  0.1000E-09  0.1000E-09  0.1194E+05  0.1896E+00
 2719.7085 14 14   26.3818    6.4279   26.3818    6.4279   -3.9513   -4.5646    0.0000    0.0000  -10.0000  -10.0000  0.4923E+11  0.2000E+09  0.0000E+00  0.0000E+00  0.1000E-09  0.1000E-09  0.1000E-09  0.1000E-09  0.1194E+05  0.1896E+00
 2729.7085 14 14   26.3818    6.4279   26.3818    6.4279   -3.9513   -4.5646    0.0000    0.0000  -10.0000  -10.0000  0.4923E+11  0.2000E+09  0.0000E+00  0.0000E+00  0.1000E-09  0.1000E-09  0.1000E-09  0.1000E-09  0.1194E+05  0.1896E+00
 2739.7085 14 14   26.3818    6.4279   26.3818    6.4279   -3.9513   -4.5646    0.0000    0.0000  -10.0000  -10.0000  0.4923E+11  0.2000E+09  0.0000E+00  0.0000E+00  0.1000E-09  0.1000E-09  0.1000E-09  0.1000E-09  0.1194E+05  0.1896E+00
 2749.7085 14 14   26.3818    6.4279   26.3818    6.4279   -3.9513   -4.5646    0.0000    0.0000  -10.0000  -10.0000  0.4923E+11  0.2000E+09  0.0000E+00  0.0000E+00  0.1000E-09  0.1000E-09  0.1000E-09  0.1000E-09  0.1194E+05  0.1896E+00
 2759.7085 14 14   26.3818    6.4279   26.3818    6.4279   -3.9513   -4.5646    0.0000    0.0000  -10.0000  -10.0000  0.4923E+11  0.2000E+09  0.0000E+00  0.0000E+00  0.1000E-09  0.1000E-09  0.1000E-09  0.1000E-09  0.1194E+05  0.1896E+00
 2769.7085 14 14   26.3818    6.4279   26.3818    6.4279   -3.9513   -4.5646    0.0000    0.0000  -10.0000  -10.0000  0.4923E+11  0.2000E+09  0.0000E+00  0.0000E+00  0.1000E-09  0.1000E-09  0.1000E-09  0.1000E-09  0.1194E+05  0.1896E+00
 2779.7085 14 14   26.3818    6.4279   26.3818    6.4279   -3.9513   -4.5646    0.0000    0.0000  -10.0000  -10.0000  0.4923E+11  0.2000E+09  0.0000E+00  0.0000E+00  0.1000E-09  0.1000E-09  0.1000E-09  0.1000E-09  0.1194E+05  0.1896E+00
 2789.7085 14 14   26.3818    6.4279   26.3818    6.4279   -3.9513   -4.5646    0.0000    0.0000  -10.0000  -10.0000  0.4923E+11  0.2000E+09  0.0000E+00  0.0000E+00  0.1000E-09  0.1000E-09  0.1000E-09  0.1000E-09  0.1194E+05  0.1896E+00
 2799.7085 14 14   26.3818    6.4279   26.3818    6.4279   -3.9513   -4.5646    0.0000    0.0000  -10.0000  -10.0000  0.4923E+11  0.2000E+09  0.0000E+00  0.0000E+00  0.1000E-09  0.1000E-09  0.1000E-09  0.1000E-09  0.1194E+05  0.1896E+00
 2809.7085 14 14   26.3818    6.4279   26.3818    6.4279   -3.9513   -4.5646    0.0000    0.0000  -10.0000  -10.0000  0.4923E+11  0.2000E+09  0.0000E+00  0.0000E+00  0.1000E-09  0.1000E-09  0.1000E-09  0.1000E-09  0.1194E+05  0.1896E+00
 2819.7085 14 14   26.3818    6.4279   26.3818    6.4279   -3.9513   -4.5646    0.0000    0.0000  -10.0000  -10.0000  0.4923E+11  0.2000E+09  0.0000E+00  0.0000E+00  0.1000E-09  0.1000E-09  0.1000E-09  0.1000E-09  0.1194E+05  0.1896E+00
 2829.7085 14 14   26.3818    6.4279   26.3818    6.4279   -3.9513   -4.5646    0.0000    0.0000  -10.0000  -10.0000  0.4923E+11  0.2000E+09  0.0000E+00  0.0000E+00  0.1000E-09  0.1000E-09  0.1000E-09  0.1000E-09  0.1194E+05  0.1896E+00
 2839.7085 14 14   26.3818    6.4279   26.3818    6.4279   -3.9513   -4.5646    0.0000    0.0000  -10.0000  -10.0000  0.4923E+11  0.2000E+09  0.0000E+00  0.0000E+00  0.1000E-09  0.1000E-09  0.1000E-09  0.1000E-09  0.1194E+05  0.1896E+00
 2849.7085 14 14   26.3818    6.4279   26.3818    6.4279   -3.9513   -4.5646    0.0000    0.0000  -10.0000  -10.0000  0.4923E+11  0.2000E+09  0.0000E+00  0.0000E+00  0.1000E-09  0.1000E-09  0.1000E-09  0.1000E-09  0.1194E+05  0.1896E+00
 2859.7085 14 14   26.3818    6.4279   26.3818    6.4279   -3.9513   -4.5646    0.0000    0.0000  -10.0000  -10.0000  0.4923E+11  0.2000E+09  0.0000E+00  0.0000E+00  0.1000E-09  0.1000E-09  0.1000E-09  0.1000E-09  0.1194E+05  0.1896E+00
 2869.7085 14 14   26.3818    6.4279   26.3818    6.4279   -3.9513   -4.5646    0.0000    0.0000  -10.0000  -10.0000  0.4923E+11  0.2000E+09  0.0000E+00  0.0000E+00  0.1000E-09  0.1000E-09  0.1000E-09  0.1000E-09  0.1194E+05  0.1896E+00
 2879.7085 14 14   26.3818    6.4279   26.3818    6.4279   -3.9513   -4.5646    0.0000    0.0000  -10.0000  -10.0000  0.4923E+11  0.2000E+09  0.0000E+00  0.0000E+00  0.1000E-09  0.1000E-09  0.1000E-09  0.1000E-09  0.1194E+05  0.1896E+00
 2889.7085 14 14   26.3818    6.4279   26.3818    6.4279   -3.9513   -4.5646    0.0000    0.0000  -10.0000  -10.0000  0.4923E+11  0.2000E+09  0.0000E+00  0.0000E+00  0.1000E-09  0.1000E-09  0.1000E-09  0.1000E-09  0.1194E+05  0.1896E+00
 2899.7085 14 14   26.3818    6.4279   26.3818    6.4279   -3.9513   -4.5646    0.0000    0.0000  -10.0000  -10.0000  0.4923E+11  0.2000E+09  0.0000E+00  0.0000E+00  0.1000E-09  0.1000E-09  0.1000E-09  0.1000E-09  0.1194E+05  0.1896E+00
 2909.7085 14 14   26.3818    6.4279   26.3818    6.4279   -3.9513   -4.5646    0.0000    0.0000  -10.0000  -10.0000  0.4923E+11  0.2000E+09  0.0000E+00  0.0000E+00  0.1000E-09  0.1000E-09  0.1000E-09  0.1000E-09  0.1194E+05  0.1896E+00
 2919.7085 14 14   26.3818    6.4279   26.3818    6.4279   -3.9513   -4.5646    0.0000    0.0000  -10.0000  -10.0000  0.4923E+11  0.2000E+09  0.0000E+00  0.0000E+00  0.1000E-09  0.1000E-09  0.1000E-09  0.1000E-09  0.1194E+05  0.1896E+00
 2929.7085 14 14   26.3818    6.4279   26.3818    6.4279   -3.9513   -4.5646    0.0000    0.0000  -10.0000  -10.0000  0.4923E+11  0.2000E+09  0.0000E+00  0.0000E+00  0.1000E-09  0.1000E-09  0.1000E-09  0.1000E-09  0.1194E+05  0.1896E+00
 2939.7085 14 14   26.3818    6.4279   26.3818    6.4279   -3.9513   -4.5646    0.0000    0.0000  -10.0000  -10.0000  0.4923E+11  0.2000E+09  0.0000E+00  0.0000E+00  0.1000E-09  0.1000E-09  0.1000E-09  0.1000E-09  0.1194E+05  0.1896E+00
 2949.7085 14 14   26.3818    6.4279   26.3818    6.4279   -3.9513   -4.5646    0.0000    0.0000  -10.0000  -10.0000  0.4923E+11  0.2000E+09  0.0000E+00  0.0000E+00  0.1000E-09  0.1000E-09  0.1000E-09  0.1000E-09  0.1194E+05  0.1896E+00
 2959.7085 14 14   26.3818    6.4279   26.3818    6.4279   -3.9513   -4.5646    0.0000    0.0000  -10.0000  -10.0000  0.4923E+11  0.2000E+09  0.0000E+00  0.0000E+00  0.1000E-09  0.1000E-09  0.1000E-09  0.1000E-09  0.1194E+05  0.1896E+00
 2969.7085 14 14   26.3818    6.4279   26.3818    6.4279   -3.9513   -4.5646    0.0000    0.0000  -10.0000  -10.0000  0.4923E+11  0.2000E+09  0.0000E+00  0.0000E+00  0.1000E-09  0.1000E-09  0.1000E-09  0.1000E-09  0.1194E+05  0.1896E+00
 2979.7085 14 14   26.3818    6.4279   26.3818    6.4279   -3.9513   -4.5646    0.0000    0.0000  -10.0000  -10.0000  0.4923E+11  0.2000E+09  0.0000E+00  0.0000E+00  0.1000E-09  0.1000E-09  0.1000E-09  0.1000E-09  0.1194E+05  0.1896E+00
 2989.7085 14 14   26.3818    6.4279   26.3818    6.4279   -3.9513   -4.5646    0.0000    0.0000  -10.0000  -10.0000  0.4923E+11  0.2000E+09  0.0000E+00  0.0000E+00  0.1000E-09  0.1000E-09  0.1000E-09  0.1000E-09  0.1194E+05  0.1896E+00
 2999.7085 14 14   26.3818    6.4279   26.3818    6.4279   -3.9513   -4.5646    0.0000    0.0000  -10.0000  -10.0000  0.4923E+11  0.2000E+09  0.0000E+00  0.0000E+00  0.1000E-09  0.1000E-09  0.1000E-09  0.1000E-09  0.1194E+05  0.1896E+00
 3009.7085 14 14   26.3818    6.4279   26.3818    6.4279   -3.9513   -4.5646    0.0000    0.0000  -10.0000  -10.0000  0.4923E+11  0.2000E+09  0.0000E+00  0.0000E+00  0.1000E-09  0.1000E-09  0.1000E-09  0.1000E-09  0.1194E+05  0.1896E+00
 3019.7085 14 14   26.3818    6.4279   26.3818    6.4279   -3.9513   -4.5646    0.0000    0.0000  -10.0000  -10.0000  0.4923E+11  0.2000E+09  0.0000E+00  0.0000E+00  0.1000E-09  0.1000E-09  0.1000E-09  0.1000E-09  0.1194E+05  0.1896E+00
 3029.7085 14 14   26.3818    6.4279   26.3818    6.4279   -3.9513   -4.5646    0.0000    0.0000  -10.0000  -10.0000  0.4923E+11  0.2000E+09  0.0000E+00  0.0000E+00  0.1000E-09  0.1000E-09  0.1000E-09  0.1000E-09  0.1194E+05  0.1896E+00
 3039.7085 14 14   26.3818    6.4279   26.3818    6.4279   -3.9513   -4.5646    0.0000    0.0000  -10.0000  -10.0000  0.4923E+11  0.2000E+09  0.0000E+00  0.0000E+00  0.1000E-09  0.1000E-09  0.1000E-09  0.1000E-09  0.1194E+05  0.1896E+00
 3049.7085 14 14   26.3818    6.4279   26.3818    6.4279   -3.9513   -4.5646    0.0000    0.0000  -10.0000  -10.0000  0.4923E+11  0.2000E+09  0.0000E+00  0.0000E+00  0.1000E-09  0.1000E-09  0.1000E-09  0.1000E-09  0.1194E+05  0.1896E+00
 3059.7085 14 14   26.3818    6.4279   26.3818    6.4279   -3.9513   -4.5646    0.0000    0.0000  -10.0000  -10.0000  0.4923E+11  0.2000E+09  0.0000E+00  0.0000E+00  0.1000E-09  0.1000E-09  0.1000E-09  0.1000E-09  0.1194E+05  0.1896E+00
 3069.7085 14 14   26.3818    6.4279   26.3818    6.4279   -3.9513   -4.5646    0.0000    0.0000  -10.0000  -10.0000  0.4923E+11  0.2000E+09  0.0000E+00  0.0000E+00  0.1000E-09  0.1000E-09  0.1000E-09  0.1000E-09  0.1194E+05  0.1896E+00
 3079.7085 14 14   26.3818    6.4279   26.3818    6.4279   -3.9513   -4.5646    0.0000    0.0000  -10.0000  -10.0000  0.4923E+11  0.2000E+09  0.0000E+00  0.0000E+00  0.1000E-09  0.1000E-09  0.1000E-09  0.1000E-09  0.1194E+05  0.1896E+00
 3089.7085 14 14   26.3818    6.4279   26.3818    6.4279   -3.9513   -4.5646    0.0000    0.0000  -10.0000  -10.0000  0.4923E+11  0.2000E+09  0.0000E+00  0.0000E+00  0.1000E-09  0.1000E-09  0.1000E-09  0.1000E-09  0.1194E+05  0.1896E+00
 3099.7085 14 14   26.3818    6.4279   26.3818    6.4279   -3.9513   -4.5646    0.0000    0.0000  -10.0000  -10.0000  0.4923E+11  0.2000E+09  0.0000E+00  0.0000E+00  0.1000E-09  0.1000E-09  0.1000E-09  0.1000E-09  0.1194E+05  0.1896E+00
 3109.7085 14 14   26.3818    6.4279   26.3818    6.4279   -3.9513   -4.5646    0.0000    0.0000  -10.0000  -10.0000  0.4923E+11  0.2000E+09  0.0000E+00  0.0000E+00  0.1000E-09  0.1000E-09  0.1000E-09  0.1000E-09  0.1194E+05  0.1896E+00
 3119.7085 14 14   26.3818    6.4279   26.3818    6.4279   -3.9513   -4.5646    0.0000    0.0000  -10.0000  -10.0000  0.4923E+11  0.2000E+09  0.0000E+00  0.0000E+00  0.1000E-09  0.1000E-09  0.1000E-09  0.1000E-09  0.1194E+05  0.1896E+00
 3129.7085 14 14   26.3818    6.4279   26.3818    6.4279   -3.9513   -4.5646    0.0000    0.0000  -10.0000  -10.0000  0.4923E+11  0.2000E+09  0.0000E+00  0.0000E+00  0.1000E-09  0.1000E-09  0.1000E-09  0.1000E-09  0.1194E+05  0.1896E+00
 3139.7085 14 14   26.3818    6.4279   26.3818    6.4279   -3.9513   -4.5646    0.0000    0.0000  -10.0000  -10.0000  0.4923E+11  0.2000E+09  0.0000E+00  0.0000E+00  0.1000E-09  0.1000E-09  0.1000E-09  0.1000E-09  0.1194E+05  0.1896E+00
 3149.7085 14 14   26.3818    6.4279   26.3818    6.4279   -3.9513   -4.5646    0.0000    0.0000  -10.0000  -10.0000  0.4923E+11  0.2000E+09  0.0000E+00  0.0000E+00  0.1000E-09  0.1000E-09  0.1000E-09  0.1000E-09  0.1194E+05  0.1896E+00
 3159.7085 14 14   26.3818    6.4279   26.3818    6.4279   -3.9513   -4.5646    0.0000    0.0000  -10.0000  -10.0000  0.4923E+11  0.2000E+09  0.0000E+00  0.0000E+00  0.1000E-09  0.1000E-09  0.1000E-09  0.1000E-09  0.1194E+05  0.1896E+00
 3169.7085 14 14   26.3818    6.4279   26.3818    6.4279   -3.9513   -4.5646    0.0000    0.0000  -10.0000  -10.0000  0.4923E+11  0.2000E+09  0.0000E+00  0.0000E+00  0.1000E-09  0.1000E-09  0.1000E-09  0.1000E-09  0.1194E+05  0.1896E+00
 3179.7085 14 14   26.3818    6.4279   26.3818    6.4279   -3.9513   -4.5646    0.0000    0.0000  -10.0000  -10.0000  0.4923E+11  0.2000E+09  0.0000E+00  0.0000E+00  0.1000E-09  0.1000E-09  0.1000E-09  0.1000E-09  0.1194E+05  0.1896E+00
 3189.7085 14 14   26.3818    6.4279   26.3818    6.4279   -3.9513   -4.5646    0.0000    0.0000  -10.0000  -10.0000  0.4923E+11  0.2000E+09  0.0000E+00  0.0000E+00  0.1000E-09  0.1000E-09  0.1000E-09  0.1000E-09  0.1194E+05  0.1896E+00
 3199.7085 14 14   26.3818    6.4279   26.3818    6.4279   -3.9513   -4.5646    0.0000    0.0000  -10.0000  -10.0000  0.4923E+11  0.2000E+09  0.0000E+00  0.0000E+00  0.1000E-09  0.1000E-09  0.1000E-09  0.1000E-09  0.1194E+05  0.1896E+00
 3209.7085 14 14   26.3818    6.4279   26.3818    6.4279   -3.9513   -4.5646    0.0000    0.0000  -10.0000  -10.0000  0.4923E+11  0.2000E+09  0.0000E+00  0.0000E+00  0.1000E-09  0.1000E-09  0.1000E-09  0.1000E-09  0.1194E+05  0.1896E+00
 3219.7085 14 14   26.3818    6.4279   26.3818    6.4279   -3.9513   -4.5646    0.0000    0.0000  -10.0000  -10.0000  0.4923E+11  0.2000E+09  0.0000E+00  0.0000E+00  0.1000E-09  0.1000E-09  0.1000E-09  0.1000E-09  0.1194E+05  0.1896E+00
 3229.7085 14 14   26.3818    6.4279   26.3818    6.4279   -3.9513   -4.5646    0.0000    0.0000  -10.0000  -10.0000  0.4923E+11  0.2000E+09  0.0000E+00  0.0000E+00  0.1000E-09  0.1000E-09  0.1000E-09  0.1000E-09  0.1194E+05  0.1896E+00
 3239.7085 14 14   26.3818    6.4279   26.3818    6.4279   -3.9513   -4.5646    0.0000    0.0000  -10.0000  -10.0000  0.4923E+11  0.2000E+09  0.0000E+00  0.0000E+00  0.1000E-09  0.1000E-09  0.1000E-09  0.1000E-09  0.1194E+05  0.1896E+00
 3249.7085 14 14   26.3818    6.4279   26.3818    6.4279   -3.9513   -4.5646    0.0000    0.0000  -10.0000  -10.0000  0.4923E+11  0.2000E+09  0.0000E+00  0.0000E+00  0.1000E-09  0.1000E-09  0.1000E-09  0.1000E-09  0.1194E+05  0.1896E+00
 3259.7085 14 14   26.3818    6.4279   26.3818    6.4279   -3.9513   -4.5646    0.0000    0.0000  -10.0000  -10.0000  0.4923E+11  0.2000E+09  0.0000E+00  0.0000E+00  0.1000E-09  0.1000E-09  0.1000E-09  0.1000E-09  0.1194E+05  0.1896E+00
 3269.7085 14 14   26.3818    6.4279   26.3818    6.4279   -3.9513   -4.5646    0.0000    0.0000  -10.0000  -10.0000  0.4923E+11  0.2000E+09  0.0000E+00  0.0000E+00  0.1000E-09  0.1000E-09  0.1000E-09  0.1000E-09  0.1194E+05  0.1896E+00
 3279.7085 14 14   26.3818    6.4279   26.3818    6.4279   -3.9513   -4.5646    0.0000    0.0000  -10.0000  -10.0000  0.4923E+11  0.2000E+09  0.0000E+00  0.0000E+00  0.1000E-09  0.1000E-09  0.1000E-09  0.1000E-09  0.1194E+05  0.1896E+00
 3289.7085 14 14   26.3818    6.4279   26.3818    6.4279   -3.9513   -4.5646    0.0000    0.0000  -10.0000  -10.0000  0.4923E+11  0.2000E+09  0.0000E+00  0.0000E+00  0.1000E-09  0.1000E-09  0.1000E-09  0.1000E-09  0.1194E+05  0.1896E+00
 3299.7085 14 14   26.3818    6.4279   26.3818    6.4279   -3.9513   -4.5646    0.0000    0.0000  -10.0000  -10.0000  0.4923E+11  0.2000E+09  0.0000E+00  0.0000E+00  0.1000E-09  0.1000E-09  0.1000E-09  0.1000E-09  0.1194E+05  0.1896E+00
 3309.7085 14 14   26.3818    6.4279   26.3818    6.4279   -3.9513   -4.5646    0.0000    0.0000  -10.0000  -10.0000  0.4923E+11  0.2000E+09  0.0000E+00  0.0000E+00  0.1000E-09  0.1000E-09  0.1000E-09  0.1000E-09  0.1194E+05  0.1896E+00
 3319.7085 14 14   26.3818    6.4279   26.3818    6.4279   -3.9513   -4.5646    0.0000    0.0000  -10.0000  -10.0000  0.4923E+11  0.2000E+09  0.0000E+00  0.0000E+00  0.1000E-09  0.1000E-09  0.1000E-09  0.1000E-09  0.1194E+05  0.1896E+00
 3329.7085 14 14   26.3818    6.4279   26.3818    6.4279   -3.9513   -4.5646    0.0000    0.0000  -10.0000  -10.0000  0.4923E+11  0.2000E+09  0.0000E+00  0.0000E+00  0.1000E-09  0.1000E-09  0.1000E-09  0.1000E-09  0.1194E+05  0.1896E+00
 3339.7085 14 14   26.3818    6.4279   26.3818    6.4279   -3.9513   -4.5646    0.0000    0.0000  -10.0000  -10.0000  0.4923E+11  0.2000E+09  0.0000E+00  0.0000E+00  0.1000E-09  0.1000E-09  0.1000E-09  0.1000E-09  0.1194E+05  0.1896E+00
 3349.7085 14 14   26.3818    6.4279   26.3818    6.4279   -3.9513   -4.5646    0.0000    0.0000  -10.0000  -10.0000  0.4923E+11  0.2000E+09  0.0000E+00  0.0000E+00  0.1000E-09  0.1000E-09  0.1000E-09  0.1000E-09  0.1194E+05  0.1896E+00
 3359.7085 14 14   26.3818    6.4279   26.3818    6.4279   -3.9513   -4.5646    0.0000    0.0000  -10.0000  -10.0000  0.4923E+11  0.2000E+09  0.0000E+00  0.0000E+00  0.1000E-09  0.1000E-09  0.1000E-09  0.1000E-09  0.1194E+05  0.1896E+00
 3369.7085 14 14   26.3818    6.4279   26.3818    6.4279   -3.9513   -4.5646    0.0000    0.0000  -10.0000  -10.0000  0.4923E+11  0.2000E+09  0.0000E+00  0.0000E+00  0.1000E-09  0.1000E-09  0.1000E-09  0.1000E-09  0.1194E+05  0.1896E+00
 3379.7085 14 14   26.3818    6.4279   26.3818    6.4279   -3.9513   -4.5646    0.0000    0.0000  -10.0000  -10.0000  0.4923E+11  0.2000E+09  0.0000E+00  0.0000E+00  0.1000E-09  0.1000E-09  0.1000E-09  0.1000E-09  0.1194E+05  0.1896E+00
 3389.7085 14 14   26.3818    6.4279   26.3818    6.4279   -3.9513   -4.5646    0.0000    0.0000  -10.0000  -10.0000  0.4923E+11  0.2000E+09  0.0000E+00  0.0000E+00  0.1000E-09  0.1000E-09  0.1000E-09  0.1000E-09  0.1194E+05  0.1896E+00
 3399.7085 14 14   26.3818    6.4279   26.3818    6.4279   -3.9513   -4.5646    0.0000    0.0000  -10.0000  -10.0000  0.4923E+11  0.2000E+09  0.0000E+00  0.0000E+00  0.1000E-09  0.1000E-09  0.1000E-09  0.1000E-09  0.1194E+05  0.1896E+00
 3409.7085 14 14   26.3818    6.4279   26.3818    6.4279   -3.9513   -4.5646    0.0000    0.0000  -10.0000  -10.0000  0.4923E+11  0.2000E+09  0.0000E+00  0.0000E+00  0.1000E-09  0.1000E-09  0.1000E-09  0.1000E-09  0.1194E+05  0.1896E+00
 3419.7085 14 14   26.3818    6.4279   26.3818    6.4279   -3.9513   -4.5646    0.0000    0.0000  -10.0000  -10.0000  0.4923E+11  0.2000E+09  0.0000E+00  0.0000E+00  0.1000E-09  0.1000E-09  0.1000E-09  0.1000E-09  0.1194E+05  0.1896E+00
 3429.7085 14 14   26.3818    6.4279   26.3818    6.4279   -3.9513   -4.5646    0.0000    0.0000  -10.0000  -10.0000  0.4923E+11  0.2000E+09  0.0000E+00  0.0000E+00  0.1000E-09  0.1000E-09  0.1000E-09  0.1000E-09  0.1194E+05  0.1896E+00
 3439.7085 14 14   26.3818    6.4279   26.3818    6.4279   -3.9513   -4.5646    0.0000    0.0000  -10.0000  -10.0000  0.4923E+11  0.2000E+09  0.0000E+00  0.0000E+00  0.1000E-09  0.1000E-09  0.1000E-09  0.1000E-09  0.1194E+05  0.1896E+00
 3449.7085 14 14   26.3818    6.4279   26.3818    6.4279   -3.9513   -4.5646    0.0000    0.0000  -10.0000  -10.0000  0.4923E+11  0.2000E+09  0.0000E+00  0.0000E+00  0.1000E-09  0.1000E-09  0.1000E-09  0.1000E-09  0.1194E+05  0.1896E+00
 3459.7085 14 14   26.3818    6.4279   26.3818    6.4279   -3.9513   -4.5646    0.0000    0.0000  -10.0000  -10.0000  0.4923E+11  0.2000E+09  0.0000E+00  0.0000E+00  0.1000E-09  0.1000E-09  0.1000E-09  0.1000E-09  0.1194E+05  0.1896E+00
 3469.7085 14 14   26.3818    6.4279   26.3818    6.4279   -3.9513   -4.5646    0.0000    0.0000  -10.0000  -10.0000  0.4923E+11  0.2000E+09  0.0000E+00  0.0000E+00  0.1000E-09  0.1000E-09  0.1000E-09  0.1000E-09  0.1194E+05  0.1896E+00
 3479.7085 14 14   26.3818    6.4279   26.3818    6.4279   -3.9513   -4.5646    0.0000    0.0000  -10.0000  -10.0000  0.4923E+11  0.2000E+09  0.0000E+00  0.0000E+00  0.1000E-09  0.1000E-09  0.1000E-09  0.1000E-09  0.1194E+05  0.1896E+00
 3489.7085 14 14   26.3818    6.4279   26.3818    6.4279   -3.9513   -4.5646    0.0000    0.0000  -10.0000  -10.0000  0.4923E+11  0.2000E+09  0.0000E+00  0.0000E+00  0.1000E-09  0.1000E-09  0.1000E-09  0.1000E-09  0.1194E+05  0.1896E+00
 3499.7085 14 14   26.3818    6.4279   26.3818    6.4279   -3.9513   -4.5646    0.0000    0.0000  -10.0000  -10.0000  0.4923E+11  0.2000E+09  0.0000E+00  0.0000E+00  0.1000E-09  0.1000E-09  0.1000E-09  0.1000E-09  0.1194E+05  0.1896E+00
 3509.7085 14 14   26.3818    6.4279   26.3818    6.4279   -3.9513   -4.5646    0.0000    0.0000  -10.0000  -10.0000  0.4923E+11  0.2000E+09  0.0000E+00  0.0000E+00  0.1000E-09  0.1000E-09  0.1000E-09  0.1000E-09  0.1194E+05  0.1896E+00
 3519.7085 14 14   26.3818    6.4279   26.3818    6.4279   -3.9513   -4.5646    0.0000    0.0000  -10.0000  -10.0000  0.4923E+11  0.2000E+09  0.0000E+00  0.0000E+00  0.1000E-09  0.1000E-09  0.1000E-09  0.1000E-09  0.1194E+05  0.1896E+00
 3529.7085 14 14   26.3818    6.4279   26.3818    6.4279   -3.9513   -4.5646    0.0000    0.0000  -10.0000  -10.0000  0.4923E+11  0.2000E+09  0.0000E+00  0.0000E+00  0.1000E-09  0.1000E-09  0.1000E-09  0.1000E-09  0.1194E+05  0.1896E+00
 3539.7085 14 14   26.3818    6.4279   26.3818    6.4279   -3.9513   -4.5646    0.0000    0.0000  -10.0000  -10.0000  0.4923E+11  0.2000E+09  0.0000E+00  0.0000E+00  0.1000E-09  0.1000E-09  0.1000E-09  0.1000E-09  0.1194E+05  0.1896E+00
 3549.7085 14 14   26.3818    6.4279   26.3818    6.4279   -3.9513   -4.5646    0.0000    0.0000  -10.0000  -10.0000  0.4923E+11  0.2000E+09  0.0000E+00  0.0000E+00  0.1000E-09  0.1000E-09  0.1000E-09  0.1000E-09  0.1194E+05  0.1896E+00
 3559.7085 14 14   26.3818    6.4279   26.3818    6.4279   -3.9513   -4.5646    0.0000    0.0000  -10.0000  -10.0000  0.4923E+11  0.2000E+09  0.0000E+00  0.0000E+00  0.1000E-09  0.1000E-09  0.1000E-09  0.1000E-09  0.1194E+05  0.1896E+00
 3569.7085 14 14   26.3818    6.4279   26.3818    6.4279   -3.9513   -4.5646    0.0000    0.0000  -10.0000  -10.0000  0.4923E+11  0.2000E+09  0.0000E+00  0.0000E+00  0.1000E-09  0.1000E-09  0.1000E-09  0.1000E-09  0.1194E+05  0.1896E+00
 3579.7085 14 14   26.3818    6.4279   26.3818    6.4279   -3.9513   -4.5646    0.0000    0.0000  -10.0000  -10.0000  0.4923E+11  0.2000E+09  0.0000E+00  0.0000E+00  0.1000E-09  0.1000E-09  0.1000E-09  0.1000E-09  0.1194E+05  0.1896E+00
 3589.7085 14 14   26.3818    6.4279   26.3818    6.4279   -3.9513   -4.5646    0.0000    0.0000  -10.0000  -10.0000  0.4923E+11  0.2000E+09  0.0000E+00  0.0000E+00  0.1000E-09  0.1000E-09  0.1000E-09  0.1000E-09  0.1194E+05  0.1896E+00
 3599.7085 14 14   26.3818    6.4279   26.3818    6.4279   -3.9513   -4.5646    0.0000    0.0000  -10.0000  -10.0000  0.4923E+11  0.2000E+09  0.0000E+00  0.0000E+00  0.1000E-09  0.1000E-09  0.1000E-09  0.1000E-09  0.1194E+05  0.1896E+00
 3609.7085 14 14   26.3818    6.4279   26.3818    6.4279   -3.9513   -4.5646    0.0000    0.0000  -10.0000  -10.0000  0.4923E+11  0.2000E+09  0.0000E+00  0.0000E+00  0.1000E-09  0.1000E-09  0.1000E-09  0.1000E-09  0.1194E+05  0.1896E+00
 3619.7085 14 14   26.3818    6.4279   26.3818    6.4279   -3.9513   -4.5646    0.0000    0.0000  -10.0000  -10.0000  0.4923E+11  0.2000E+09  0.0000E+00  0.0000E+00  0.1000E-09  0.1000E-09  0.1000E-09  0.1000E-09  0.1194E+05  0.1896E+00
 3629.7085 14 14   26.3818    6.4279   26.3818    6.4279   -3.9513   -4.5646    0.0000    0.0000  -10.0000  -10.0000  0.4923E+11  0.2000E+09  0.0000E+00  0.0000E+00  0.1000E-09  0.1000E-09  0.1000E-09  0.1000E-09  0.1194E+05  0.1896E+00
 3639.7085 14 14   26.3818    6.4279   26.3818    6.4279   -3.9513   -4.5646    0.0000    0.0000  -10.0000  -10.0000  0.4923E+11  0.2000E+09  0.0000E+00  0.0000E+00  0.1000E-09  0.1000E-09  0.1000E-09  0.1000E-09  0.1194E+05  0.1896E+00
 3649.7085 14 14   26.3818    6.4279   26.3818    6.4279   -3.9513   -4.5646    0.0000    0.0000  -10.0000  -10.0000  0.4923E+11  0.2000E+09  0.0000E+00  0.0000E+00  0.1000E-09  0.1000E-09  0.1000E-09  0.1000E-09  0.1194E+05  0.1896E+00
 3659.7085 14 14   26.3818    6.4279   26.3818    6.4279   -3.9513   -4.5646    0.0000    0.0000  -10.0000  -10.0000  0.4923E+11  0.2000E+09  0.0000E+00  0.0000E+00  0.1000E-09  0.1000E-09  0.1000E-09  0.1000E-09  0.1194E+05  0.1896E+00
 3669.7085 14 14   26.3818    6.4279   26.3818    6.4279   -3.9513   -4.5646    0.0000    0.0000  -10.0000  -10.0000  0.4923E+11  0.2000E+09  0.0000E+00  0.0000E+00  0.1000E-09  0.1000E-09  0.1000E-09  0.1000E-09  0.1194E+05  0.1896E+00
 3679.7085 14 14   26.3818    6.4279   26.3818    6.4279   -3.9513   -4.5646    0.0000    0.0000  -10.0000  -10.0000  0.4923E+11  0.2000E+09  0.0000E+00  0.0000E+00  0.1000E-09  0.1000E-09  0.1000E-09  0.1000E-09  0.1194E+05  0.1896E+00
 3689.7085 14 14   26.3818    6.4279   26.3818    6.4279   -3.9513   -4.5646    0.0000    0.0000  -10.0000  -10.0000  0.4923E+11  0.2000E+09  0.0000E+00  0.0000E+00  0.1000E-09  0.1000E-09  0.1000E-09  0.1000E-09  0.1194E+05  0.1896E+00
 3699.7085 14 14   26.3818    6.4279   26.3818    6.4279   -3.9513   -4.5646    0.0000    0.0000  -10.0000  -10.0000  0.4923E+11  0.2000E+09  0.0000E+00  0.0000E+00  0.1000E-09  0.1000E-09  0.1000E-09  0.1000E-09  0.1194E+05  0.1896E+00
 3709.7085 14 14   26.3818    6.4279   26.3818    6.4279   -3.9513   -4.5646    0.0000    0.0000  -10.0000  -10.0000  0.4923E+11  0.2000E+09  0.0000E+00  0.0000E+00  0.1000E-09  0.1000E-09  0.1000E-09  0.1000E-09  0.1194E+05  0.1896E+00
 3719.7085 14 14   26.3818    6.4279   26.3818    6.4279   -3.9513   -4.5646    0.0000    0.0000  -10.0000  -10.0000  0.4923E+11  0.2000E+09  0.0000E+00  0.0000E+00  0.1000E-09  0.1000E-09  0.1000E-09  0.1000E-09  0.1194E+05  0.1896E+00
 3729.7085 14 14   26.3818    6.4279   26.3818    6.4279   -3.9513   -4.5646    0.0000    0.0000  -10.0000  -10.0000  0.4923E+11  0.2000E+09  0.0000E+00  0.0000E+00  0.1000E-09  0.1000E-09  0.1000E-09  0.1000E-09  0.1194E+05  0.1896E+00
 3739.7085 14 14   26.3818    6.4279   26.3818    6.4279   -3.9513   -4.5646    0.0000    0.0000  -10.0000  -10.0000  0.4923E+11  0.2000E+09  0.0000E+00  0.0000E+00  0.1000E-09  0.1000E-09  0.1000E-09  0.1000E-09  0.1194E+05  0.1896E+00
 3749.7085 14 14   26.3818    6.4279   26.3818    6.4279   -3.9513   -4.5646    0.0000    0.0000  -10.0000  -10.0000  0.4923E+11  0.2000E+09  0.0000E+00  0.0000E+00  0.1000E-09  0.1000E-09  0.1000E-09  0.1000E-09  0.1194E+05  0.1896E+00
 3759.7085 14 14   26.3818    6.4279   26.3818    6.4279   -3.9513   -4.5646    0.0000    0.0000  -10.0000  -10.0000  0.4923E+11  0.2000E+09  0.0000E+00  0.0000E+00  0.1000E-09  0.1000E-09  0.1000E-09  0.1000E-09  0.1194E+05  0.1896E+00
 3769.7085 14 14   26.3818    6.4279   26.3818    6.4279   -3.9513   -4.5646    0.0000    0.0000  -10.0000  -10.0000  0.4923E+11  0.2000E+09  0.0000E+00  0.0000E+00  0.1000E-09  0.1000E-09  0.1000E-09  0.1000E-09  0.1194E+05  0.1896E+00
 3779.7085 14 14   26.3818    6.4279   26.3818    6.4279   -3.9513   -4.5646    0.0000    0.0000  -10.0000  -10.0000  0.4923E+11  0.2000E+09  0.0000E+00  0.0000E+00  0.1000E-09  0.1000E-09  0.1000E-09  0.1000E-09  0.1194E+05  0.1896E+00
 3789.7085 14 14   26.3818    6.4279   26.3818    6.4279   -3.9513   -4.5646    0.0000    0.0000  -10.0000  -10.0000  0.4923E+11  0.2000E+09  0.0000E+00  0.0000E+00  0.1000E-09  0.1000E-09  0.1000E-09  0.1000E-09  0.1194E+05  0.1896E+00
 3799.7085 14 14   26.3818    6.4279   26.3818    6.4279   -3.9513   -4.5646    0.0000    0.0000  -10.0000  -10.0000  0.4923E+11  0.2000E+09  0.0000E+00  0.0000E+00  0.1000E-09  0.1000E-09  0.1000E-09  0.1000E-09  0.1194E+05  0.1896E+00
 3809.7085 14 14   26.3818    6.4279   26.3818    6.4279   -3.9513   -4.5646    0.0000    0.0000  -10.0000  -10.0000  0.4923E+11  0.2000E+09  0.0000E+00  0.0000E+00  0.1000E-09  0.1000E-09  0.1000E-09  0.1000E-09  0.1194E+05  0.1896E+00
 3819.7085 14 14   26.3818    6.4279   26.3818    6.4279   -3.9513   -4.5646    0.0000    0.0000  -10.0000  -10.0000  0.4923E+11  0.2000E+09  0.0000E+00  0.0000E+00  0.1000E-09  0.1000E-09  0.1000E-09  0.1000E-09  0.1194E+05  0.1896E+00
 3829.7085 14 14   26.3818    6.4279   26.3818    6.4279   -3.9513   -4.5646    0.0000    0.0000  -10.0000  -10.0000  0.4923E+11  0.2000E+09  0.0000E+00  0.0000E+00  0.1000E-09  0.1000E-09  0.1000E-09  0.1000E-09  0.1194E+05  0.1896E+00
 3839.7085 14 14   26.3818    6.4279   26.3818    6.4279   -3.9513   -4.5646    0.0000    0.0000  -10.0000  -10.0000  0.4923E+11  0.2000E+09  0.0000E+00  0.0000E+00  0.1000E-09  0.1000E-09  0.1000E-09  0.1000E-09  0.1194E+05  0.1896E+00
 3849.7085 14 14   26.3818    6.4279   26.3818    6.4279   -3.9513   -4.5646    0.0000    0.0000  -10.0000  -10.0000  0.4923E+11  0.2000E+09  0.0000E+00  0.0000E+00  0.1000E-09  0.1000E-09  0.1000E-09  0.1000E-09  0.1194E+05  0.1896E+00
 3859.7085 14 14   26.3818    6.4279   26.3818    6.4279   -3.9513   -4.5646    0.0000    0.0000  -10.0000  -10.0000  0.4923E+11  0.2000E+09  0.0000E+00  0.0000E+00  0.1000E-09  0.1000E-09  0.1000E-09  0.1000E-09  0.1194E+05  0.1896E+00
 3869.7085 14 14   26.3818    6.4279   26.3818    6.4279   -3.9513   -4.5646    0.0000    0.0000  -10.0000  -10.0000  0.4923E+11  0.2000E+09  0.0000E+00  0.0000E+00  0.1000E-09  0.1000E-09  0.1000E-09  0.1000E-09  0.1194E+05  0.1896E+00
 3879.7085 14 14   26.3818    6.4279   26.3818    6.4279   -3.9513   -4.5646    0.0000    0.0000  -10.0000  -10.0000  0.4923E+11  0.2000E+09  0.0000E+00  0.0000E+00  0.1000E-09  0.1000E-09  0.1000E-09  0.1000E-09  0.1194E+05  0.1896E+00
 3889.7085 14 14   26.3818    6.4279   26.3818    6.4279   -3.9513   -4.5646    0.0000    0.0000  -10.0000  -10.0000  0.4923E+11  0.2000E+09  0.0000E+00  0.0000E+00  0.1000E-09  0.1000E-09  0.1000E-09  0.1000E-09  0.1194E+05  0.1896E+00
 3899.7085 14 14   26.3818    6.4279   26.3818    6.4279   -3.9513   -4.5646    0.0000    0.0000  -10.0000  -10.0000  0.4923E+11  0.2000E+09  0.0000E+00  0.0000E+00  0.1000E-09  0.1000E-09  0.1000E-09  0.1000E-09  0.1194E+05  0.1896E+00
 3909.7085 14 14   26.3818    6.4279   26.3818    6.4279   -3.9513   -4.5646    0.0000    0.0000  -10.0000  -10.0000  0.4923E+11  0.2000E+09  0.0000E+00  0.0000E+00  0.1000E-09  0.1000E-09  0.1000E-09  0.1000E-09  0.1194E+05  0.1896E+00
 3919.7085 14 14   26.3818    6.4279   26.3818    6.4279   -3.9513   -4.5646    0.0000    0.0000  -10.0000  -10.0000  0.4923E+11  0.2000E+09  0.0000E+00  0.0000E+00  0.1000E-09  0.1000E-09  0.1000E-09  0.1000E-09  0.1194E+05  0.1896E+00
 3929.7085 14 14   26.3818    6.4279   26.3818    6.4279   -3.9513   -4.5646    0.0000    0.0000  -10.0000  -10.0000  0.4923E+11  0.2000E+09  0.0000E+00  0.0000E+00  0.1000E-09  0.1000E-09  0.1000E-09  0.1000E-09  0.1194E+05  0.1896E+00
 3939.7085 14 14   26.3818    6.4279   26.3818    6.4279   -3.9513   -4.5646    0.0000    0.0000  -10.0000  -10.0000  0.4923E+11  0.2000E+09  0.0000E+00  0.0000E+00  0.1000E-09  0.1000E-09  0.1000E-09  0.1000E-09  0.1194E+05  0.1896E+00
 3949.7085 14 14   26.3818    6.4279   26.3818    6.4279   -3.9513   -4.5646    0.0000    0.0000  -10.0000  -10.0000  0.4923E+11  0.2000E+09  0.0000E+00  0.0000E+00  0.1000E-09  0.1000E-09  0.1000E-09  0.1000E-09  0.1194E+05  0.1896E+00
 3959.7085 14 14   26.3818    6.4279   26.3818    6.4279   -3.9513   -4.5646    0.0000    0.0000  -10.0000  -10.0000  0.4923E+11  0.2000E+09  0.0000E+00  0.0000E+00  0.1000E-09  0.1000E-09  0.1000E-09  0.1000E-09  0.1194E+05  0.1896E+00
 3969.7085 14 14   26.3818    6.4279   26.3818    6.4279   -3.9513   -4.5646    0.0000    0.0000  -10.0000  -10.0000  0.4923E+11  0.2000E+09  0.0000E+00  0.0000E+00  0.1000E-09  0.1000E-09  0.1000E-09  0.1000E-09  0.1194E+05  0.1896E+00
 3979.7085 14 14   26.3818    6.4279   26.3818    6.4279   -3.9513   -4.5646    0.0000    0.0000  -10.0000  -10.0000  0.4923E+11  0.2000E+09  0.0000E+00  0.0000E+00  0.1000E-09  0.1000E-09  0.1000E-09  0.1000E-09  0.1194E+05  0.1896E+00
 3989.7085 14 14   26.3818    6.4279   26.3818    6.4279   -3.9513   -4.5646    0.0000    0.0000  -10.0000  -10.0000  0.4923E+11  0.2000E+09  0.0000E+00  0.0000E+00  0.1000E-09  0.1000E-09  0.1000E-09  0.1000E-09  0.1194E+05  0.1896E+00
 3999.7085 14 14   26.3818    6.4279   26.3818    6.4279   -3.9513   -4.5646    0.0000    0.0000  -10.0000  -10.0000  0.4923E+11  0.2000E+09  0.0000E+00  0.0000E+00  0.1000E-09  0.1000E-09  0.1000E-09  0.1000E-09  0.1194E+05  0.1896E+00
 4009.7085 14 14   26.3818    6.4279   26.3818    6.4279   -3.9513   -4.5646    0.0000    0.0000  -10.0000  -10.0000  0.4923E+11  0.2000E+09  0.0000E+00  0.0000E+00  0.1000E-09  0.1000E-09  0.1000E-09  0.1000E-09  0.1194E+05  0.1896E+00
 4019.7085 14 14   26.3818    6.4279   26.3818    6.4279   -3.9513   -4.5646    0.0000    0.0000  -10.0000  -10.0000  0.4923E+11  0.2000E+09  0.0000E+00  0.0000E+00  0.1000E-09  0.1000E-09  0.1000E-09  0.1000E-09  0.1194E+05  0.1896E+00
 4029.7085 14 14   26.3818    6.4279   26.3818    6.4279   -3.9513   -4.5646    0.0000    0.0000  -10.0000  -10.0000  0.4923E+11  0.2000E+09  0.0000E+00  0.0000E+00  0.1000E-09  0.1000E-09  0.1000E-09  0.1000E-09  0.1194E+05  0.1896E+00
 4039.7085 14 14   26.3818    6.4279   26.3818    6.4279   -3.9513   -4.5646    0.0000    0.0000  -10.0000  -10.0000  0.4923E+11  0.2000E+09  0.0000E+00  0.0000E+00  0.1000E-09  0.1000E-09  0.1000E-09  0.1000E-09  0.1194E+05  0.1896E+00
 4049.7085 14 14   26.3818    6.4279   26.3818    6.4279   -3.9513   -4.5646    0.0000    0.0000  -10.0000  -10.0000  0.4923E+11  0.2000E+09  0.0000E+00  0.0000E+00  0.1000E-09  0.1000E-09  0.1000E-09  0.1000E-09  0.1194E+05  0.1896E+00
 4059.7085 14 14   26.3818    6.4279   26.3818    6.4279   -3.9513   -4.5646    0.0000    0.0000  -10.0000  -10.0000  0.4923E+11  0.2000E+09  0.0000E+00  0.0000E+00  0.1000E-09  0.1000E-09  0.1000E-09  0.1000E-09  0.1194E+05  0.1896E+00
 4069.7085 14 14   26.3818    6.4279   26.3818    6.4279   -3.9513   -4.5646    0.0000    0.0000  -10.0000  -10.0000  0.4923E+11  0.2000E+09  0.0000E+00  0.0000E+00  0.1000E-09  0.1000E-09  0.1000E-09  0.1000E-09  0.1194E+05  0.1896E+00
 4079.7085 14 14   26.3818    6.4279   26.3818    6.4279   -3.9513   -4.5646    0.0000    0.0000  -10.0000  -10.0000  0.4923E+11  0.2000E+09  0.0000E+00  0.0000E+00  0.1000E-09  0.1000E-09  0.1000E-09  0.1000E-09  0.1194E+05  0.1896E+00
 4089.7085 14 14   26.3818    6.4279   26.3818    6.4279   -3.9513   -4.5646    0.0000    0.0000  -10.0000  -10.0000  0.4923E+11  0.2000E+09  0.0000E+00  0.0000E+00  0.1000E-09  0.1000E-09  0.1000E-09  0.1000E-09  0.1194E+05  0.1896E+00
 4099.7085 14 14   26.3818    6.4279   26.3818    6.4279   -3.9513   -4.5646    0.0000    0.0000  -10.0000  -10.0000  0.4923E+11  0.2000E+09  0.0000E+00  0.0000E+00  0.1000E-09  0.1000E-09  0.1000E-09  0.1000E-09  0.1194E+05  0.1896E+00
 4109.7085 14 14   26.3818    6.4279   26.3818    6.4279   -3.9513   -4.5646    0.0000    0.0000  -10.0000  -10.0000  0.4923E+11  0.2000E+09  0.0000E+00  0.0000E+00  0.1000E-09  0.1000E-09  0.1000E-09  0.1000E-09  0.1194E+05  0.1896E+00
 4119.7085 14 14   26.3818    6.4279   26.3818    6.4279   -3.9513   -4.5646    0.0000    0.0000  -10.0000  -10.0000  0.4923E+11  0.2000E+09  0.0000E+00  0.0000E+00  0.1000E-09  0.1000E-09  0.1000E-09  0.1000E-09  0.1194E+05  0.1896E+00
 4129.7085 14 14   26.3818    6.4279   26.3818    6.4279   -3.9513   -4.5646    0.0000    0.0000  -10.0000  -10.0000  0.4923E+11  0.2000E+09  0.0000E+00  0.0000E+00  0.1000E-09  0.1000E-09  0.1000E-09  0.1000E-09  0.1194E+05  0.1896E+00
 4139.7085 14 14   26.3818    6.4279   26.3818    6.4279   -3.9513   -4.5646    0.0000    0.0000  -10.0000  -10.0000  0.4923E+11  0.2000E+09  0.0000E+00  0.0000E+00  0.1000E-09  0.1000E-09  0.1000E-09  0.1000E-09  0.1194E+05  0.1896E+00
 4149.7085 14 14   26.3818    6.4279   26.3818    6.4279   -3.9513   -4.5646    0.0000    0.0000  -10.0000  -10.0000  0.4923E+11  0.2000E+09  0.0000E+00  0.0000E+00  0.1000E-09  0.1000E-09  0.1000E-09  0.1000E-09  0.1194E+05  0.1896E+00
 4159.7085 14 14   26.3818    6.4279   26.3818    6.4279   -3.9513   -4.5646    0.0000    0.0000  -10.0000  -10.0000  0.4923E+11  0.2000E+09  0.0000E+00  0.0000E+00  0.1000E-09  0.1000E-09  0.1000E-09  0.1000E-09  0.1194E+05  0.1896E+00
 4169.7085 14 14   26.3818    6.4279   26.3818    6.4279   -3.9513   -4.5646    0.0000    0.0000  -10.0000  -10.0000  0.4923E+11  0.2000E+09  0.0000E+00  0.0000E+00  0.1000E-09  0.1000E-09  0.1000E-09  0.1000E-09  0.1194E+05  0.1896E+00
 4179.7085 14 14   26.3818    6.4279   26.3818    6.4279   -3.9513   -4.5646    0.0000    0.0000  -10.0000  -10.0000  0.4923E+11  0.2000E+09  0.0000E+00  0.0000E+00  0.1000E-09  0.1000E-09  0.1000E-09  0.1000E-09  0.1194E+05  0.1896E+00
 4189.7085 14 14   26.3818    6.4279   26.3818    6.4279   -3.9513   -4.5646    0.0000    0.0000  -10.0000  -10.0000  0.4923E+11  0.2000E+09  0.0000E+00  0.0000E+00  0.1000E-09  0.1000E-09  0.1000E-09  0.1000E-09  0.1194E+05  0.1896E+00
 4199.7085 14 14   26.3818    6.4279   26.3818    6.4279   -3.9513   -4.5646    0.0000    0.0000  -10.0000  -10.0000  0.4923E+11  0.2000E+09  0.0000E+00  0.0000E+00  0.1000E-09  0.1000E-09  0.1000E-09  0.1000E-09  0.1194E+05  0.1896E+00
 4209.7085 14 14   26.3818    6.4279   26.3818    6.4279   -3.9513   -4.5646    0.0000    0.0000  -10.0000  -10.0000  0.4923E+11  0.2000E+09  0.0000E+00  0.0000E+00  0.1000E-09  0.1000E-09  0.1000E-09  0.1000E-09  0.1194E+05  0.1896E+00
 4219.7085 14 14   26.3818    6.4279   26.3818    6.4279   -3.9513   -4.5646    0.0000    0.0000  -10.0000  -10.0000  0.4923E+11  0.2000E+09  0.0000E+00  0.0000E+00  0.1000E-09  0.1000E-09  0.1000E-09  0.1000E-09  0.1194E+05  0.1896E+00
 4229.7085 14 14   26.3818    6.4279   26.3818    6.4279   -3.9513   -4.5646    0.0000    0.0000  -10.0000  -10.0000  0.4923E+11  0.2000E+09  0.0000E+00  0.0000E+00  0.1000E-09  0.1000E-09  0.1000E-09  0.1000E-09  0.1194E+05  0.1896E+00
 4239.7085 14 14   26.3818    6.4279   26.3818    6.4279   -3.9513   -4.5646    0.0000    0.0000  -10.0000  -10.0000  0.4923E+11  0.2000E+09  0.0000E+00  0.0000E+00  0.1000E-09  0.1000E-09  0.1000E-09  0.1000E-09  0.1194E+05  0.1896E+00
 4249.7085 14 14   26.3818    6.4279   26.3818    6.4279   -3.9513   -4.5646    0.0000    0.0000  -10.0000  -10.0000  0.4923E+11  0.2000E+09  0.0000E+00  0.0000E+00  0.1000E-09  0.1000E-09  0.1000E-09  0.1000E-09  0.1194E+05  0.1896E+00
 4259.7085 14 14   26.3818    6.4279   26.3818    6.4279   -3.9513   -4.5646    0.0000    0.0000  -10.0000  -10.0000  0.4923E+11  0.2000E+09  0.0000E+00  0.0000E+00  0.1000E-09  0.1000E-09  0.1000E-09  0.1000E-09  0.1194E+05  0.1896E+00
 4269.7085 14 14   26.3818    6.4279   26.3818    6.4279   -3.9513   -4.5646    0.0000    0.0000  -10.0000  -10.0000  0.4923E+11  0.2000E+09  0.0000E+00  0.0000E+00  0.1000E-09  0.1000E-09  0.1000E-09  0.1000E-09  0.1194E+05  0.1896E+00
 4279.7085 14 14   26.3818    6.4279   26.3818    6.4279   -3.9513   -4.5646    0.0000    0.0000  -10.0000  -10.0000  0.4923E+11  0.2000E+09  0.0000E+00  0.0000E+00  0.1000E-09  0.1000E-09  0.1000E-09  0.1000E-09  0.1194E+05  0.1896E+00
 4289.7085 14 14   26.3818    6.4279   26.3818    6.4279   -3.9513   -4.5646    0.0000    0.0000  -10.0000  -10.0000  0.4923E+11  0.2000E+09  0.0000E+00  0.0000E+00  0.1000E-09  0.1000E-09  0.1000E-09  0.1000E-09  0.1194E+05  0.1896E+00
 4299.7085 14 14   26.3818    6.4279   26.3818    6.4279   -3.9513   -4.5646    0.0000    0.0000  -10.0000  -10.0000  0.4923E+11  0.2000E+09  0.0000E+00  0.0000E+00  0.1000E-09  0.1000E-09  0.1000E-09  0.1000E-09  0.1194E+05  0.1896E+00
 4309.7085 14 14   26.3818    6.4279   26.3818    6.4279   -3.9513   -4.5646    0.0000    0.0000  -10.0000  -10.0000  0.4923E+11  0.2000E+09  0.0000E+00  0.0000E+00  0.1000E-09  0.1000E-09  0.1000E-09  0.1000E-09  0.1194E+05  0.1896E+00
 4319.7085 14 14   26.3818    6.4279   26.3818    6.4279   -3.9513   -4.5646    0.0000    0.0000  -10.0000  -10.0000  0.4923E+11  0.2000E+09  0.0000E+00  0.0000E+00  0.1000E-09  0.1000E-09  0.1000E-09  0.1000E-09  0.1194E+05  0.1896E+00
 4329.7085 14 14   26.3818    6.4279   26.3818    6.4279   -3.9513   -4.5646    0.0000    0.0000  -10.0000  -10.0000  0.4923E+11  0.2000E+09  0.0000E+00  0.0000E+00  0.1000E-09  0.1000E-09  0.1000E-09  0.1000E-09  0.1194E+05  0.1896E+00
 4339.7085 14 14   26.3818    6.4279   26.3818    6.4279   -3.9513   -4.5646    0.0000    0.0000  -10.0000  -10.0000  0.4923E+11  0.2000E+09  0.0000E+00  0.0000E+00  0.1000E-09  0.1000E-09  0.1000E-09  0.1000E-09  0.1194E+05  0.1896E+00
 4349.7085 14 14   26.3818    6.4279   26.3818    6.4279   -3.9513   -4.5646    0.0000    0.0000  -10.0000  -10.0000  0.4923E+11  0.2000E+09  0.0000E+00  0.0000E+00  0.1000E-09  0.1000E-09  0.1000E-09  0.1000E-09  0.1194E+05  0.1896E+00
 4359.7085 14 14   26.3818    6.4279   26.3818    6.4279   -3.9513   -4.5646    0.0000    0.0000  -10.0000  -10.0000  0.4923E+11  0.2000E+09  0.0000E+00  0.0000E+00  0.1000E-09  0.1000E-09  0.1000E-09  0.1000E-09  0.1194E+05  0.1896E+00
 4369.7085 14 14   26.3818    6.4279   26.3818    6.4279   -3.9513   -4.5646    0.0000    0.0000  -10.0000  -10.0000  0.4923E+11  0.2000E+09  0.0000E+00  0.0000E+00  0.1000E-09  0.1000E-09  0.1000E-09  0.1000E-09  0.1194E+05  0.1896E+00
 4379.7085 14 14   26.3818    6.4279   26.3818    6.4279   -3.9513   -4.5646    0.0000    0.0000  -10.0000  -10.0000  0.4923E+11  0.2000E+09  0.0000E+00  0.0000E+00  0.1000E-09  0.1000E-09  0.1000E-09  0.1000E-09  0.1194E+05  0.1896E+00
 4389.7085 14 14   26.3818    6.4279   26.3818    6.4279   -3.9513   -4.5646    0.0000    0.0000  -10.0000  -10.0000  0.4923E+11  0.2000E+09  0.0000E+00  0.0000E+00  0.1000E-09  0.1000E-09  0.1000E-09  0.1000E-09  0.1194E+05  0.1896E+00
 4399.7085 14 14   26.3818    6.4279   26.3818    6.4279   -3.9513   -4.5646    0.0000    0.0000  -10.0000  -10.0000  0.4923E+11  0.2000E+09  0.0000E+00  0.0000E+00  0.1000E-09  0.1000E-09  0.1000E-09  0.1000E-09  0.1194E+05  0.1896E+00
 4409.7085 14 14   26.3818    6.4279   26.3818    6.4279   -3.9513   -4.5646    0.0000    0.0000  -10.0000  -10.0000  0.4923E+11  0.2000E+09  0.0000E+00  0.0000E+00  0.1000E-09  0.1000E-09  0.1000E-09  0.1000E-09  0.1194E+05  0.1896E+00
 4419.7085 14 14   26.3818    6.4279   26.3818    6.4279   -3.9513   -4.5646    0.0000    0.0000  -10.0000  -10.0000  0.4923E+11  0.2000E+09  0.0000E+00  0.0000E+00  0.1000E-09  0.1000E-09  0.1000E-09  0.1000E-09  0.1194E+05  0.1896E+00
 4429.7085 14 14   26.3818    6.4279   26.3818    6.4279   -3.9513   -4.5646    0.0000    0.0000  -10.0000  -10.0000  0.4923E+11  0.2000E+09  0.0000E+00  0.0000E+00  0.1000E-09  0.1000E-09  0.1000E-09  0.1000E-09  0.1194E+05  0.1896E+00
 4439.7085 14 14   26.3818    6.4279   26.3818    6.4279   -3.9513   -4.5646    0.0000    0.0000  -10.0000  -10.0000  0.4923E+11  0.2000E+09  0.0000E+00  0.0000E+00  0.1000E-09  0.1000E-09  0.1000E-09  0.1000E-09  0.1194E+05  0.1896E+00
 4449.7085 14 14   26.3818    6.4279   26.3818    6.4279   -3.9513   -4.5646    0.0000    0.0000  -10.0000  -10.0000  0.4923E+11  0.2000E+09  0.0000E+00  0.0000E+00  0.1000E-09  0.1000E-09  0.1000E-09  0.1000E-09  0.1194E+05  0.1896E+00
 4459.7085 14 14   26.3818    6.4279   26.3818    6.4279   -3.9513   -4.5646    0.0000    0.0000  -10.0000  -10.0000  0.4923E+11  0.2000E+09  0.0000E+00  0.0000E+00  0.1000E-09  0.1000E-09  0.1000E-09  0.1000E-09  0.1194E+05  0.1896E+00
 4469.7085 14 14   26.3818    6.4279   26.3818    6.4279   -3.9513   -4.5646    0.0000    0.0000  -10.0000  -10.0000  0.4923E+11  0.2000E+09  0.0000E+00  0.0000E+00  0.1000E-09  0.1000E-09  0.1000E-09  0.1000E-09  0.1194E+05  0.1896E+00
 4479.7085 14 14   26.3818    6.4279   26.3818    6.4279   -3.9513   -4.5646    0.0000    0.0000  -10.0000  -10.0000  0.4923E+11  0.2000E+09  0.0000E+00  0.0000E+00  0.1000E-09  0.1000E-09  0.1000E-09  0.1000E-09  0.1194E+05  0.1896E+00
 4489.7085 14 14   26.3818    6.4279   26.3818    6.4279   -3.9513   -4.5646    0.0000    0.0000  -10.0000  -10.0000  0.4923E+11  0.2000E+09  0.0000E+00  0.0000E+00  0.1000E-09  0.1000E-09  0.1000E-09  0.1000E-09  0.1194E+05  0.1896E+00
 4499.7085 14 14   26.3818    6.4279   26.3818    6.4279   -3.9513   -4.5646    0.0000    0.0000  -10.0000  -10.0000  0.4923E+11  0.2000E+09  0.0000E+00  0.0000E+00  0.1000E-09  0.1000E-09  0.1000E-09  0.1000E-09  0.1194E+05  0.1896E+00
 4509.7085 14 14   26.3818    6.4279   26.3818    6.4279   -3.9513   -4.5646    0.0000    0.0000  -10.0000  -10.0000  0.4923E+11  0.2000E+09  0.0000E+00  0.0000E+00  0.1000E-09  0.1000E-09  0.1000E-09  0.1000E-09  0.1194E+05  0.1896E+00
 4519.7085 14 14   26.3818    6.4279   26.3818    6.4279   -3.9513   -4.5646    0.0000    0.0000  -10.0000  -10.0000  0.4923E+11  0.2000E+09  0.0000E+00  0.0000E+00  0.1000E-09  0.1000E-09  0.1000E-09  0.1000E-09  0.1194E+05  0.1896E+00
 4529.7085 14 14   26.3818    6.4279   26.3818    6.4279   -3.9513   -4.5646    0.0000    0.0000  -10.0000  -10.0000  0.4923E+11  0.2000E+09  0.0000E+00  0.0000E+00  0.1000E-09  0.1000E-09  0.1000E-09  0.1000E-09  0.1194E+05  0.1896E+00
 4539.7085 14 14   26.3818    6.4279   26.3818    6.4279   -3.9513   -4.5646    0.0000    0.0000  -10.0000  -10.0000  0.4923E+11  0.2000E+09  0.0000E+00  0.0000E+00  0.1000E-09  0.1000E-09  0.1000E-09  0.1000E-09  0.1194E+05  0.1896E+00
 4549.7085 14 14   26.3818    6.4279   26.3818    6.4279   -3.9513   -4.5646    0.0000    0.0000  -10.0000  -10.0000  0.4923E+11  0.2000E+09  0.0000E+00  0.0000E+00  0.1000E-09  0.1000E-09  0.1000E-09  0.1000E-09  0.1194E+05  0.1896E+00
 4559.7085 14 14   26.3818    6.4279   26.3818    6.4279   -3.9513   -4.5646    0.0000    0.0000  -10.0000  -10.0000  0.4923E+11  0.2000E+09  0.0000E+00  0.0000E+00  0.1000E-09  0.1000E-09  0.1000E-09  0.1000E-09  0.1194E+05  0.1896E+00
 4569.7085 14 14   26.3818    6.4279   26.3818    6.4279   -3.9513   -4.5646    0.0000    0.0000  -10.0000  -10.0000  0.4923E+11  0.2000E+09  0.0000E+00  0.0000E+00  0.1000E-09  0.1000E-09  0.1000E-09  0.1000E-09  0.1194E+05  0.1896E+00
 4579.7085 14 14   26.3818    6.4279   26.3818    6.4279   -3.9513   -4.5646    0.0000    0.0000  -10.0000  -10.0000  0.4923E+11  0.2000E+09  0.0000E+00  0.0000E+00  0.1000E-09  0.1000E-09  0.1000E-09  0.1000E-09  0.1194E+05  0.1896E+00
 4589.7085 14 14   26.3818    6.4279   26.3818    6.4279   -3.9513   -4.5646    0.0000    0.0000  -10.0000  -10.0000  0.4923E+11  0.2000E+09  0.0000E+00  0.0000E+00  0.1000E-09  0.1000E-09  0.1000E-09  0.1000E-09  0.1194E+05  0.1896E+00
 4599.7085 14 14   26.3818    6.4279   26.3818    6.4279   -3.9513   -4.5646    0.0000    0.0000  -10.0000  -10.0000  0.4923E+11  0.2000E+09  0.0000E+00  0.0000E+00  0.1000E-09  0.1000E-09  0.1000E-09  0.1000E-09  0.1194E+05  0.1896E+00
 4609.7085 14 14   26.3818    6.4279   26.3818    6.4279   -3.9513   -4.5646    0.0000    0.0000  -10.0000  -10.0000  0.4923E+11  0.2000E+09  0.0000E+00  0.0000E+00  0.1000E-09  0.1000E-09  0.1000E-09  0.1000E-09  0.1194E+05  0.1896E+00
 4619.7085 14 14   26.3818    6.4279   26.3818    6.4279   -3.9513   -4.5646    0.0000    0.0000  -10.0000  -10.0000  0.4923E+11  0.2000E+09  0.0000E+00  0.0000E+00  0.1000E-09  0.1000E-09  0.1000E-09  0.1000E-09  0.1194E+05  0.1896E+00
 4629.7085 14 14   26.3818    6.4279   26.3818    6.4279   -3.9513   -4.5646    0.0000    0.0000  -10.0000  -10.0000  0.4923E+11  0.2000E+09  0.0000E+00  0.0000E+00  0.1000E-09  0.1000E-09  0.1000E-09  0.1000E-09  0.1194E+05  0.1896E+00
 4639.7085 14 14   26.3818    6.4279   26.3818    6.4279   -3.9513   -4.5646    0.0000    0.0000  -10.0000  -10.0000  0.4923E+11  0.2000E+09  0.0000E+00  0.0000E+00  0.1000E-09  0.1000E-09  0.1000E-09  0.1000E-09  0.1194E+05  0.1896E+00
 4649.7085 14 14   26.3818    6.4279   26.3818    6.4279   -3.9513   -4.5646    0.0000    0.0000  -10.0000  -10.0000  0.4923E+11  0.2000E+09  0.0000E+00  0.0000E+00  0.1000E-09  0.1000E-09  0.1000E-09  0.1000E-09  0.1194E+05  0.1896E+00
 4659.7085 14 14   26.3818    6.4279   26.3818    6.4279   -3.9513   -4.5646    0.0000    0.0000  -10.0000  -10.0000  0.4923E+11  0.2000E+09  0.0000E+00  0.0000E+00  0.1000E-09  0.1000E-09  0.1000E-09  0.1000E-09  0.1194E+05  0.1896E+00
 4669.7085 14 14   26.3818    6.4279   26.3818    6.4279   -3.9513   -4.5646    0.0000    0.0000  -10.0000  -10.0000  0.4923E+11  0.2000E+09  0.0000E+00  0.0000E+00  0.1000E-09  0.1000E-09  0.1000E-09  0.1000E-09  0.1194E+05  0.1896E+00
 4679.7085 14 14   26.3818    6.4279   26.3818    6.4279   -3.9513   -4.5646    0.0000    0.0000  -10.0000  -10.0000  0.4923E+11  0.2000E+09  0.0000E+00  0.0000E+00  0.1000E-09  0.1000E-09  0.1000E-09  0.1000E-09  0.1194E+05  0.1896E+00
 4689.7085 14 14   26.3818    6.4279   26.3818    6.4279   -3.9513   -4.5646    0.0000    0.0000  -10.0000  -10.0000  0.4923E+11  0.2000E+09  0.0000E+00  0.0000E+00  0.1000E-09  0.1000E-09  0.1000E-09  0.1000E-09  0.1194E+05  0.1896E+00
 4699.7085 14 14   26.3818    6.4279   26.3818    6.4279   -3.9513   -4.5646    0.0000    0.0000  -10.0000  -10.0000  0.4923E+11  0.2000E+09  0.0000E+00  0.0000E+00  0.1000E-09  0.1000E-09  0.1000E-09  0.1000E-09  0.1194E+05  0.1896E+00
 4709.7085 14 14   26.3818    6.4279   26.3818    6.4279   -3.9513   -4.5646    0.0000    0.0000  -10.0000  -10.0000  0.4923E+11  0.2000E+09  0.0000E+00  0.0000E+00  0.1000E-09  0.1000E-09  0.1000E-09  0.1000E-09  0.1194E+05  0.1896E+00
 4719.7085 14 14   26.3818    6.4279   26.3818    6.4279   -3.9513   -4.5646    0.0000    0.0000  -10.0000  -10.0000  0.4923E+11  0.2000E+09  0.0000E+00  0.0000E+00  0.1000E-09  0.1000E-09  0.1000E-09  0.1000E-09  0.1194E+05  0.1896E+00
 4729.7085 14 14   26.3818    6.4279   26.3818    6.4279   -3.9513   -4.5646    0.0000    0.0000  -10.0000  -10.0000  0.4923E+11  0.2000E+09  0.0000E+00  0.0000E+00  0.1000E-09  0.1000E-09  0.1000E-09  0.1000E-09  0.1194E+05  0.1896E+00
 4739.7085 14 14   26.3818    6.4279   26.3818    6.4279   -3.9513   -4.5646    0.0000    0.0000  -10.0000  -10.0000  0.4923E+11  0.2000E+09  0.0000E+00  0.0000E+00  0.1000E-09  0.1000E-09  0.1000E-09  0.1000E-09  0.1194E+05  0.1896E+00
 4749.7085 14 14   26.3818    6.4279   26.3818    6.4279   -3.9513   -4.5646    0.0000    0.0000  -10.0000  -10.0000  0.4923E+11  0.2000E+09  0.0000E+00  0.0000E+00  0.1000E-09  0.1000E-09  0.1000E-09  0.1000E-09  0.1194E+05  0.1896E+00
 4759.7085 14 14   26.3818    6.4279   26.3818    6.4279   -3.9513   -4.5646    0.0000    0.0000  -10.0000  -10.0000  0.4923E+11  0.2000E+09  0.0000E+00  0.0000E+00  0.1000E-09  0.1000E-09  0.1000E-09  0.1000E-09  0.1194E+05  0.1896E+00
 4769.7085 14 14   26.3818    6.4279   26.3818    6.4279   -3.9513   -4.5646    0.0000    0.0000  -10.0000  -10.0000  0.4923E+11  0.2000E+09  0.0000E+00  0.0000E+00  0.1000E-09  0.1000E-09  0.1000E-09  0.1000E-09  0.1194E+05  0.1896E+00
 4779.7085 14 14   26.3818    6.4279   26.3818    6.4279   -3.9513   -4.5646    0.0000    0.0000  -10.0000  -10.0000  0.4923E+11  0.2000E+09  0.0000E+00  0.0000E+00  0.1000E-09  0.1000E-09  0.1000E-09  0.1000E-09  0.1194E+05  0.1896E+00
 4789.7085 14 14   26.3818    6.4279   26.3818    6.4279   -3.9513   -4.5646    0.0000    0.0000  -10.0000  -10.0000  0.4923E+11  0.2000E+09  0.0000E+00  0.0000E+00  0.1000E-09  0.1000E-09  0.1000E-09  0.1000E-09  0.1194E+05  0.1896E+00
 4799.7085 14 14   26.3818    6.4279   26.3818    6.4279   -3.9513   -4.5646    0.0000    0.0000  -10.0000  -10.0000  0.4923E+11  0.2000E+09  0.0000E+00  0.0000E+00  0.1000E-09  0.1000E-09  0.1000E-09  0.1000E-09  0.1194E+05  0.1896E+00
 4809.7085 14 14   26.3818    6.4279   26.3818    6.4279   -3.9513   -4.5646    0.0000    0.0000  -10.0000  -10.0000  0.4923E+11  0.2000E+09  0.0000E+00  0.0000E+00  0.1000E-09  0.1000E-09  0.1000E-09  0.1000E-09  0.1194E+05  0.1896E+00
 4819.7085 14 14   26.3818    6.4279   26.3818    6.4279   -3.9513   -4.5646    0.0000    0.0000  -10.0000  -10.0000  0.4923E+11  0.2000E+09  0.0000E+00  0.0000E+00  0.1000E-09  0.1000E-09  0.1000E-09  0.1000E-09  0.1194E+05  0.1896E+00
 4829.7085 14 14   26.3818    6.4279   26.3818    6.4279   -3.9513   -4.5646    0.0000    0.0000  -10.0000  -10.0000  0.4923E+11  0.2000E+09  0.0000E+00  0.0000E+00  0.1000E-09  0.1000E-09  0.1000E-09  0.1000E-09  0.1194E+05  0.1896E+00
 4839.7085 14 14   26.3818    6.4279   26.3818    6.4279   -3.9513   -4.5646    0.0000    0.0000  -10.0000  -10.0000  0.4923E+11  0.2000E+09  0.0000E+00  0.0000E+00  0.1000E-09  0.1000E-09  0.1000E-09  0.1000E-09  0.1194E+05  0.1896E+00
 4849.7085 14 14   26.3818    6.4279   26.3818    6.4279   -3.9513   -4.5646    0.0000    0.0000  -10.0000  -10.0000  0.4923E+11  0.2000E+09  0.0000E+00  0.0000E+00  0.1000E-09  0.1000E-09  0.1000E-09  0.1000E-09  0.1194E+05  0.1896E+00
 4859.7085 14 14   26.3818    6.4279   26.3818    6.4279   -3.9513   -4.5646    0.0000    0.0000  -10.0000  -10.0000  0.4923E+11  0.2000E+09  0.0000E+00  0.0000E+00  0.1000E-09  0.1000E-09  0.1000E-09  0.1000E-09  0.1194E+05  0.1896E+00
 4869.7085 14 14   26.3818    6.4279   26.3818    6.4279   -3.9513   -4.5646    0.0000    0.0000  -10.0000  -10.0000  0.4923E+11  0.2000E+09  0.0000E+00  0.0000E+00  0.1000E-09  0.1000E-09  0.1000E-09  0.1000E-09  0.1194E+05  0.1896E+00
 4879.7085 14 14   26.3818    6.4279   26.3818    6.4279   -3.9513   -4.5646    0.0000    0.0000  -10.0000  -10.0000  0.4923E+11  0.2000E+09  0.0000E+00  0.0000E+00  0.1000E-09  0.1000E-09  0.1000E-09  0.1000E-09  0.1194E+05  0.1896E+00
 4889.7085 14 14   26.3818    6.4279   26.3818    6.4279   -3.9513   -4.5646    0.0000    0.0000  -10.0000  -10.0000  0.4923E+11  0.2000E+09  0.0000E+00  0.0000E+00  0.1000E-09  0.1000E-09  0.1000E-09  0.1000E-09  0.1194E+05  0.1896E+00
 4899.7085 14 14   26.3818    6.4279   26.3818    6.4279   -3.9513   -4.5646    0.0000    0.0000  -10.0000  -10.0000  0.4923E+11  0.2000E+09  0.0000E+00  0.0000E+00  0.1000E-09  0.1000E-09  0.1000E-09  0.1000E-09  0.1194E+05  0.1896E+00
 4909.7085 14 14   26.3818    6.4279   26.3818    6.4279   -3.9513   -4.5646    0.0000    0.0000  -10.0000  -10.0000  0.4923E+11  0.2000E+09  0.0000E+00  0.0000E+00  0.1000E-09  0.1000E-09  0.1000E-09  0.1000E-09  0.1194E+05  0.1896E+00
 4919.7085 14 14   26.3818    6.4279   26.3818    6.4279   -3.9513   -4.5646    0.0000    0.0000  -10.0000  -10.0000  0.4923E+11  0.2000E+09  0.0000E+00  0.0000E+00  0.1000E-09  0.1000E-09  0.1000E-09  0.1000E-09  0.1194E+05  0.1896E+00
 4929.7085 14 14   26.3818    6.4279   26.3818    6.4279   -3.9513   -4.5646    0.0000    0.0000  -10.0000  -10.0000  0.4923E+11  0.2000E+09  0.0000E+00  0.0000E+00  0.1000E-09  0.1000E-09  0.1000E-09  0.1000E-09  0.1194E+05  0.1896E+00
 4939.7085 14 14   26.3818    6.4279   26.3818    6.4279   -3.9513   -4.5646    0.0000    0.0000  -10.0000  -10.0000  0.4923E+11  0.2000E+09  0.0000E+00  0.0000E+00  0.1000E-09  0.1000E-09  0.1000E-09  0.1000E-09  0.1194E+05  0.1896E+00
 4949.7085 14 14   26.3818    6.4279   26.3818    6.4279   -3.9513   -4.5646    0.0000    0.0000  -10.0000  -10.0000  0.4923E+11  0.2000E+09  0.0000E+00  0.0000E+00  0.1000E-09  0.1000E-09  0.1000E-09  0.1000E-09  0.1194E+05  0.1896E+00
 4959.7085 14 14   26.3818    6.4279   26.3818    6.4279   -3.9513   -4.5646    0.0000    0.0000  -10.0000  -10.0000  0.4923E+11  0.2000E+09  0.0000E+00  0.0000E+00  0.1000E-09  0.1000E-09  0.1000E-09  0.1000E-09  0.1194E+05  0.1896E+00
 4969.7085 14 14   26.3818    6.4279   26.3818    6.4279   -3.9513   -4.5646    0.0000    0.0000  -10.0000  -10.0000  0.4923E+11  0.2000E+09  0.0000E+00  0.0000E+00  0.1000E-09  0.1000E-09  0.1000E-09  0.1000E-09  0.1194E+05  0.1896E+00
 4979.7085 14 14   26.3818    6.4279   26.3818    6.4279   -3.9513   -4.5646    0.0000    0.0000  -10.0000  -10.0000  0.4923E+11  0.2000E+09  0.0000E+00  0.0000E+00  0.1000E-09  0.1000E-09  0.1000E-09  0.1000E-09  0.1194E+05  0.1896E+00
 4989.7085 14 14   26.3818    6.4279   26.3818    6.4279   -3.9513   -4.5646    0.0000    0.0000  -10.0000  -10.0000  0.4923E+11  0.2000E+09  0.0000E+00  0.0000E+00  0.1000E-09  0.1000E-09  0.1000E-09  0.1000E-09  0.1194E+05  0.1896E+00
 4999.7085 14 14   26.3818    6.4279   26.3818    6.4279   -3.9513   -4.5646    0.0000    0.0000  -10.0000  -10.0000  0.4923E+11  0.2000E+09  0.0000E+00  0.0000E+00  0.1000E-09  0.1000E-09  0.1000E-09  0.1000E-09  0.1194E+05  0.1896E+00
 5009.7085 14 14   26.3818    6.4279   26.3818    6.4279   -3.9513   -4.5646    0.0000    0.0000  -10.0000  -10.0000  0.4923E+11  0.2000E+09  0.0000E+00  0.0000E+00  0.1000E-09  0.1000E-09  0.1000E-09  0.1000E-09  0.1194E+05  0.1896E+00
 5019.7085 14 14   26.3818    6.4279   26.3818    6.4279   -3.9513   -4.5646    0.0000    0.0000  -10.0000  -10.0000  0.4923E+11  0.2000E+09  0.0000E+00  0.0000E+00  0.1000E-09  0.1000E-09  0.1000E-09  0.1000E-09  0.1194E+05  0.1896E+00
 5029.7085 14 14   26.3818    6.4279   26.3818    6.4279   -3.9513   -4.5646    0.0000    0.0000  -10.0000  -10.0000  0.4923E+11  0.2000E+09  0.0000E+00  0.0000E+00  0.1000E-09  0.1000E-09  0.1000E-09  0.1000E-09  0.1194E+05  0.1896E+00
 5039.7085 14 14   26.3818    6.4279   26.3818    6.4279   -3.9513   -4.5646    0.0000    0.0000  -10.0000  -10.0000  0.4923E+11  0.2000E+09  0.0000E+00  0.0000E+00  0.1000E-09  0.1000E-09  0.1000E-09  0.1000E-09  0.1194E+05  0.1896E+00
 5049.7085 14 14   26.3818    6.4279   26.3818    6.4279   -3.9513   -4.5646    0.0000    0.0000  -10.0000  -10.0000  0.4923E+11  0.2000E+09  0.0000E+00  0.0000E+00  0.1000E-09  0.1000E-09  0.1000E-09  0.1000E-09  0.1194E+05  0.1896E+00
 5059.7085 14 14   26.3818    6.4279   26.3818    6.4279   -3.9513   -4.5646    0.0000    0.0000  -10.0000  -10.0000  0.4923E+11  0.2000E+09  0.0000E+00  0.0000E+00  0.1000E-09  0.1000E-09  0.1000E-09  0.1000E-09  0.1194E+05  0.1896E+00
 5069.7085 14 14   26.3818    6.4279   26.3818    6.4279   -3.9513   -4.5646    0.0000    0.0000  -10.0000  -10.0000  0.4923E+11  0.2000E+09  0.0000E+00  0.0000E+00  0.1000E-09  0.1000E-09  0.1000E-09  0.1000E-09  0.1194E+05  0.1896E+00
 5079.7085 14 14   26.3818    6.4279   26.3818    6.4279   -3.9513   -4.5646    0.0000    0.0000  -10.0000  -10.0000  0.4923E+11  0.2000E+09  0.0000E+00  0.0000E+00  0.1000E-09  0.1000E-09  0.1000E-09  0.1000E-09  0.1194E+05  0.1896E+00
 5089.7085 14 14   26.3818    6.4279   26.3818    6.4279   -3.9513   -4.5646    0.0000    0.0000  -10.0000  -10.0000  0.4923E+11  0.2000E+09  0.0000E+00  0.0000E+00  0.1000E-09  0.1000E-09  0.1000E-09  0.1000E-09  0.1194E+05  0.1896E+00
 5099.7085 14 14   26.3818    6.4279   26.3818    6.4279   -3.9513   -4.5646    0.0000    0.0000  -10.0000  -10.0000  0.4923E+11  0.2000E+09  0.0000E+00  0.0000E+00  0.1000E-09  0.1000E-09  0.1000E-09  0.1000E-09  0.1194E+05  0.1896E+00
 5109.7085 14 14   26.3818    6.4279   26.3818    6.4279   -3.9513   -4.5646    0.0000    0.0000  -10.0000  -10.0000  0.4923E+11  0.2000E+09  0.0000E+00  0.0000E+00  0.1000E-09  0.1000E-09  0.1000E-09  0.1000E-09  0.1194E+05  0.1896E+00
 5119.7085 14 14   26.3818    6.4279   26.3818    6.4279   -3.9513   -4.5646    0.0000    0.0000  -10.0000  -10.0000  0.4923E+11  0.2000E+09  0.0000E+00  0.0000E+00  0.1000E-09  0.1000E-09  0.1000E-09  0.1000E-09  0.1194E+05  0.1896E+00
 5129.7085 14 14   26.3818    6.4279   26.3818    6.4279   -3.9513   -4.5646    0.0000    0.0000  -10.0000  -10.0000  0.4923E+11  0.2000E+09  0.0000E+00  0.0000E+00  0.1000E-09  0.1000E-09  0.1000E-09  0.1000E-09  0.1194E+05  0.1896E+00
 5139.7085 14 14   26.3818    6.4279   26.3818    6.4279   -3.9513   -4.5646    0.0000    0.0000  -10.0000  -10.0000  0.4923E+11  0.2000E+09  0.0000E+00  0.0000E+00  0.1000E-09  0.1000E-09  0.1000E-09  0.1000E-09  0.1194E+05  0.1896E+00
 5149.7085 14 14   26.3818    6.4279   26.3818    6.4279   -3.9513   -4.5646    0.0000    0.0000  -10.0000  -10.0000  0.4923E+11  0.2000E+09  0.0000E+00  0.0000E+00  0.1000E-09  0.1000E-09  0.1000E-09  0.1000E-09  0.1194E+05  0.1896E+00
 5159.7085 14 14   26.3818    6.4279   26.3818    6.4279   -3.9513   -4.5646    0.0000    0.0000  -10.0000  -10.0000  0.4923E+11  0.2000E+09  0.0000E+00  0.0000E+00  0.1000E-09  0.1000E-09  0.1000E-09  0.1000E-09  0.1194E+05  0.1896E+00
 5169.7085 14 14   26.3818    6.4279   26.3818    6.4279   -3.9513   -4.5646    0.0000    0.0000  -10.0000  -10.0000  0.4923E+11  0.2000E+09  0.0000E+00  0.0000E+00  0.1000E-09  0.1000E-09  0.1000E-09  0.1000E-09  0.1194E+05  0.1896E+00
 5179.7085 14 14   26.3818    6.4279   26.3818    6.4279   -3.9513   -4.5646    0.0000    0.0000  -10.0000  -10.0000  0.4923E+11  0.2000E+09  0.0000E+00  0.0000E+00  0.1000E-09  0.1000E-09  0.1000E-09  0.1000E-09  0.1194E+05  0.1896E+00
 5189.7085 14 14   26.3818    6.4279   26.3818    6.4279   -3.9513   -4.5646    0.0000    0.0000  -10.0000  -10.0000  0.4923E+11  0.2000E+09  0.0000E+00  0.0000E+00  0.1000E-09  0.1000E-09  0.1000E-09  0.1000E-09  0.1194E+05  0.1896E+00
 5199.7085 14 14   26.3818    6.4279   26.3818    6.4279   -3.9513   -4.5646    0.0000    0.0000  -10.0000  -10.0000  0.4923E+11  0.2000E+09  0.0000E+00  0.0000E+00  0.1000E-09  0.1000E-09  0.1000E-09  0.1000E-09  0.1194E+05  0.1896E+00
 5209.7085 14 14   26.3818    6.4279   26.3818    6.4279   -3.9513   -4.5646    0.0000    0.0000  -10.0000  -10.0000  0.4923E+11  0.2000E+09  0.0000E+00  0.0000E+00  0.1000E-09  0.1000E-09  0.1000E-09  0.1000E-09  0.1194E+05  0.1896E+00
 5219.7085 14 14   26.3818    6.4279   26.3818    6.4279   -3.9513   -4.5646    0.0000    0.0000  -10.0000  -10.0000  0.4923E+11  0.2000E+09  0.0000E+00  0.0000E+00  0.1000E-09  0.1000E-09  0.1000E-09  0.1000E-09  0.1194E+05  0.1896E+00
 5229.7085 14 14   26.3818    6.4279   26.3818    6.4279   -3.9513   -4.5646    0.0000    0.0000  -10.0000  -10.0000  0.4923E+11  0.2000E+09  0.0000E+00  0.0000E+00  0.1000E-09  0.1000E-09  0.1000E-09  0.1000E-09  0.1194E+05  0.1896E+00
 5239.7085 14 14   26.3818    6.4279   26.3818    6.4279   -3.9513   -4.5646    0.0000    0.0000  -10.0000  -10.0000  0.4923E+11  0.2000E+09  0.0000E+00  0.0000E+00  0.1000E-09  0.1000E-09  0.1000E-09  0.1000E-09  0.1194E+05  0.1896E+00
 5249.7085 14 14   26.3818    6.4279   26.3818    6.4279   -3.9513   -4.5646    0.0000    0.0000  -10.0000  -10.0000  0.4923E+11  0.2000E+09  0.0000E+00  0.0000E+00  0.1000E-09  0.1000E-09  0.1000E-09  0.1000E-09  0.1194E+05  0.1896E+00
 5259.7085 14 14   26.3818    6.4279   26.3818    6.4279   -3.9513   -4.5646    0.0000    0.0000  -10.0000  -10.0000  0.4923E+11  0.2000E+09  0.0000E+00  0.0000E+00  0.1000E-09  0.1000E-09  0.1000E-09  0.1000E-09  0.1194E+05  0.1896E+00
 5269.7085 14 14   26.3818    6.4279   26.3818    6.4279   -3.9513   -4.5646    0.0000    0.0000  -10.0000  -10.0000  0.4923E+11  0.2000E+09  0.0000E+00  0.0000E+00  0.1000E-09  0.1000E-09  0.1000E-09  0.1000E-09  0.1194E+05  0.1896E+00
 5279.7085 14 14   26.3818    6.4279   26.3818    6.4279   -3.9513   -4.5646    0.0000    0.0000  -10.0000  -10.0000  0.4923E+11  0.2000E+09  0.0000E+00  0.0000E+00  0.1000E-09  0.1000E-09  0.1000E-09  0.1000E-09  0.1194E+05  0.1896E+00
 5289.7085 14 14   26.3818    6.4279   26.3818    6.4279   -3.9513   -4.5646    0.0000    0.0000  -10.0000  -10.0000  0.4923E+11  0.2000E+09  0.0000E+00  0.0000E+00  0.1000E-09  0.1000E-09  0.1000E-09  0.1000E-09  0.1194E+05  0.1896E+00
 5299.7085 14 14   26.3818    6.4279   26.3818    6.4279   -3.9513   -4.5646    0.0000    0.0000  -10.0000  -10.0000  0.4923E+11  0.2000E+09  0.0000E+00  0.0000E+00  0.1000E-09  0.1000E-09  0.1000E-09  0.1000E-09  0.1194E+05  0.1896E+00
 5309.7085 14 14   26.3818    6.4279   26.3818    6.4279   -3.9513   -4.5646    0.0000    0.0000  -10.0000  -10.0000  0.4923E+11  0.2000E+09  0.0000E+00  0.0000E+00  0.1000E-09  0.1000E-09  0.1000E-09  0.1000E-09  0.1194E+05  0.1896E+00
 5319.7085 14 14   26.3818    6.4279   26.3818    6.4279   -3.9513   -4.5646    0.0000    0.0000  -10.0000  -10.0000  0.4923E+11  0.2000E+09  0.0000E+00  0.0000E+00  0.1000E-09  0.1000E-09  0.1000E-09  0.1000E-09  0.1194E+05  0.1896E+00
 5329.7085 14 14   26.3818    6.4279   26.3818    6.4279   -3.9513   -4.5646    0.0000    0.0000  -10.0000  -10.0000  0.4923E+11  0.2000E+09  0.0000E+00  0.0000E+00  0.1000E-09  0.1000E-09  0.1000E-09  0.1000E-09  0.1194E+05  0.1896E+00
 5339.7085 14 14   26.3818    6.4279   26.3818    6.4279   -3.9513   -4.5646    0.0000    0.0000  -10.0000  -10.0000  0.4923E+11  0.2000E+09  0.0000E+00  0.0000E+00  0.1000E-09  0.1000E-09  0.1000E-09  0.1000E-09  0.1194E+05  0.1896E+00
 5349.7085 14 14   26.3818    6.4279   26.3818    6.4279   -3.9513   -4.5646    0.0000    0.0000  -10.0000  -10.0000  0.4923E+11  0.2000E+09  0.0000E+00  0.0000E+00  0.1000E-09  0.1000E-09  0.1000E-09  0.1000E-09  0.1194E+05  0.1896E+00
 5359.7085 14 14   26.3818    6.4279   26.3818    6.4279   -3.9513   -4.5646    0.0000    0.0000  -10.0000  -10.0000  0.4923E+11  0.2000E+09  0.0000E+00  0.0000E+00  0.1000E-09  0.1000E-09  0.1000E-09  0.1000E-09  0.1194E+05  0.1896E+00
 5369.7085 14 14   26.3818    6.4279   26.3818    6.4279   -3.9513   -4.5646    0.0000    0.0000  -10.0000  -10.0000  0.4923E+11  0.2000E+09  0.0000E+00  0.0000E+00  0.1000E-09  0.1000E-09  0.1000E-09  0.1000E-09  0.1194E+05  0.1896E+00
 5379.7085 14 14   26.3818    6.4279   26.3818    6.4279   -3.9513   -4.5646    0.0000    0.0000  -10.0000  -10.0000  0.4923E+11  0.2000E+09  0.0000E+00  0.0000E+00  0.1000E-09  0.1000E-09  0.1000E-09  0.1000E-09  0.1194E+05  0.1896E+00
 5389.7085 14 14   26.3818    6.4279   26.3818    6.4279   -3.9513   -4.5646    0.0000    0.0000  -10.0000  -10.0000  0.4923E+11  0.2000E+09  0.0000E+00  0.0000E+00  0.1000E-09  0.1000E-09  0.1000E-09  0.1000E-09  0.1194E+05  0.1896E+00
 5399.7085 14 14   26.3818    6.4279   26.3818    6.4279   -3.9513   -4.5646    0.0000    0.0000  -10.0000  -10.0000  0.4923E+11  0.2000E+09  0.0000E+00  0.0000E+00  0.1000E-09  0.1000E-09  0.1000E-09  0.1000E-09  0.1194E+05  0.1896E+00
 5409.7085 14 14   26.3818    6.4279   26.3818    6.4279   -3.9513   -4.5646    0.0000    0.0000  -10.0000  -10.0000  0.4923E+11  0.2000E+09  0.0000E+00  0.0000E+00  0.1000E-09  0.1000E-09  0.1000E-09  0.1000E-09  0.1194E+05  0.1896E+00
 5419.7085 14 14   26.3818    6.4279   26.3818    6.4279   -3.9513   -4.5646    0.0000    0.0000  -10.0000  -10.0000  0.4923E+11  0.2000E+09  0.0000E+00  0.0000E+00  0.1000E-09  0.1000E-09  0.1000E-09  0.1000E-09  0.1194E+05  0.1896E+00
 5429.7085 14 14   26.3818    6.4279   26.3818    6.4279   -3.9513   -4.5646    0.0000    0.0000  -10.0000  -10.0000  0.4923E+11  0.2000E+09  0.0000E+00  0.0000E+00  0.1000E-09  0.1000E-09  0.1000E-09  0.1000E-09  0.1194E+05  0.1896E+00
 5439.7085 14 14   26.3818    6.4279   26.3818    6.4279   -3.9513   -4.5646    0.0000    0.0000  -10.0000  -10.0000  0.4923E+11  0.2000E+09  0.0000E+00  0.0000E+00  0.1000E-09  0.1000E-09  0.1000E-09  0.1000E-09  0.1194E+05  0.1896E+00
 5449.7085 14 14   26.3818    6.4279   26.3818    6.4279   -3.9513   -4.5646    0.0000    0.0000  -10.0000  -10.0000  0.4923E+11  0.2000E+09  0.0000E+00  0.0000E+00  0.1000E-09  0.1000E-09  0.1000E-09  0.1000E-09  0.1194E+05  0.1896E+00
 5459.7085 14 14   26.3818    6.4279   26.3818    6.4279   -3.9513   -4.5646    0.0000    0.0000  -10.0000  -10.0000  0.4923E+11  0.2000E+09  0.0000E+00  0.0000E+00  0.1000E-09  0.1000E-09  0.1000E-09  0.1000E-09  0.1194E+05  0.1896E+00
 5469.7085 14 14   26.3818    6.4279   26.3818    6.4279   -3.9513   -4.5646    0.0000    0.0000  -10.0000  -10.0000  0.4923E+11  0.2000E+09  0.0000E+00  0.0000E+00  0.1000E-09  0.1000E-09  0.1000E-09  0.1000E-09  0.1194E+05  0.1896E+00
 5479.7085 14 14   26.3818    6.4279   26.3818    6.4279   -3.9513   -4.5646    0.0000    0.0000  -10.0000  -10.0000  0.4923E+11  0.2000E+09  0.0000E+00  0.0000E+00  0.1000E-09  0.1000E-09  0.1000E-09  0.1000E-09  0.1194E+05  0.1896E+00
 5489.7085 14 14   26.3818    6.4279   26.3818    6.4279   -3.9513   -4.5646    0.0000    0.0000  -10.0000  -10.0000  0.4923E+11  0.2000E+09  0.0000E+00  0.0000E+00  0.1000E-09  0.1000E-09  0.1000E-09  0.1000E-09  0.1194E+05  0.1896E+00
 5499.7085 14 14   26.3818    6.4279   26.3818    6.4279   -3.9513   -4.5646    0.0000    0.0000  -10.0000  -10.0000  0.4923E+11  0.2000E+09  0.0000E+00  0.0000E+00  0.1000E-09  0.1000E-09  0.1000E-09  0.1000E-09  0.1194E+05  0.1896E+00
 5509.7085 14 14   26.3818    6.4279   26.3818    6.4279   -3.9513   -4.5646    0.0000    0.0000  -10.0000  -10.0000  0.4923E+11  0.2000E+09  0.0000E+00  0.0000E+00  0.1000E-09  0.1000E-09  0.1000E-09  0.1000E-09  0.1194E+05  0.1896E+00
 5519.7085 14 14   26.3818    6.4279   26.3818    6.4279   -3.9513   -4.5646    0.0000    0.0000  -10.0000  -10.0000  0.4923E+11  0.2000E+09  0.0000E+00  0.0000E+00  0.1000E-09  0.1000E-09  0.1000E-09  0.1000E-09  0.1194E+05  0.1896E+00
 5529.7085 14 14   26.3818    6.4279   26.3818    6.4279   -3.9513   -4.5646    0.0000    0.0000  -10.0000  -10.0000  0.4923E+11  0.2000E+09  0.0000E+00  0.0000E+00  0.1000E-09  0.1000E-09  0.1000E-09  0.1000E-09  0.1194E+05  0.1896E+00
 5539.7085 14 14   26.3818    6.4279   26.3818    6.4279   -3.9513   -4.5646    0.0000    0.0000  -10.0000  -10.0000  0.4923E+11  0.2000E+09  0.0000E+00  0.0000E+00  0.1000E-09  0.1000E-09  0.1000E-09  0.1000E-09  0.1194E+05  0.1896E+00
 5549.7085 14 14   26.3818    6.4279   26.3818    6.4279   -3.9513   -4.5646    0.0000    0.0000  -10.0000  -10.0000  0.4923E+11  0.2000E+09  0.0000E+00  0.0000E+00  0.1000E-09  0.1000E-09  0.1000E-09  0.1000E-09  0.1194E+05  0.1896E+00
 5559.7085 14 14   26.3818    6.4279   26.3818    6.4279   -3.9513   -4.5646    0.0000    0.0000  -10.0000  -10.0000  0.4923E+11  0.2000E+09  0.0000E+00  0.0000E+00  0.1000E-09  0.1000E-09  0.1000E-09  0.1000E-09  0.1194E+05  0.1896E+00
 5569.7085 14 14   26.3818    6.4279   26.3818    6.4279   -3.9513   -4.5646    0.0000    0.0000  -10.0000  -10.0000  0.4923E+11  0.2000E+09  0.0000E+00  0.0000E+00  0.1000E-09  0.1000E-09  0.1000E-09  0.1000E-09  0.1194E+05  0.1896E+00
 5579.7085 14 14   26.3818    6.4279   26.3818    6.4279   -3.9513   -4.5646    0.0000    0.0000  -10.0000  -10.0000  0.4923E+11  0.2000E+09  0.0000E+00  0.0000E+00  0.1000E-09  0.1000E-09  0.1000E-09  0.1000E-09  0.1194E+05  0.1896E+00
 5589.7085 14 14   26.3818    6.4279   26.3818    6.4279   -3.9513   -4.5646    0.0000    0.0000  -10.0000  -10.0000  0.4923E+11  0.2000E+09  0.0000E+00  0.0000E+00  0.1000E-09  0.1000E-09  0.1000E-09  0.1000E-09  0.1194E+05  0.1896E+00
 5599.7085 14 14   26.3818    6.4279   26.3818    6.4279   -3.9513   -4.5646    0.0000    0.0000  -10.0000  -10.0000  0.4923E+11  0.2000E+09  0.0000E+00  0.0000E+00  0.1000E-09  0.1000E-09  0.1000E-09  0.1000E-09  0.1194E+05  0.1896E+00
 5609.7085 14 14   26.3818    6.4279   26.3818    6.4279   -3.9513   -4.5646    0.0000    0.0000  -10.0000  -10.0000  0.4923E+11  0.2000E+09  0.0000E+00  0.0000E+00  0.1000E-09  0.1000E-09  0.1000E-09  0.1000E-09  0.1194E+05  0.1896E+00
 5619.7085 14 14   26.3818    6.4279   26.3818    6.4279   -3.9513   -4.5646    0.0000    0.0000  -10.0000  -10.0000  0.4923E+11  0.2000E+09  0.0000E+00  0.0000E+00  0.1000E-09  0.1000E-09  0.1000E-09  0.1000E-09  0.1194E+05  0.1896E+00
 5629.7085 14 14   26.3818    6.4279   26.3818    6.4279   -3.9513   -4.5646    0.0000    0.0000  -10.0000  -10.0000  0.4923E+11  0.2000E+09  0.0000E+00  0.0000E+00  0.1000E-09  0.1000E-09  0.1000E-09  0.1000E-09  0.1194E+05  0.1896E+00
 5639.7085 14 14   26.3818    6.4279   26.3818    6.4279   -3.9513   -4.5646    0.0000    0.0000  -10.0000  -10.0000  0.4923E+11  0.2000E+09  0.0000E+00  0.0000E+00  0.1000E-09  0.1000E-09  0.1000E-09  0.1000E-09  0.1194E+05  0.1896E+00
 5649.7085 14 14   26.3818    6.4279   26.3818    6.4279   -3.9513   -4.5646    0.0000    0.0000  -10.0000  -10.0000  0.4923E+11  0.2000E+09  0.0000E+00  0.0000E+00  0.1000E-09  0.1000E-09  0.1000E-09  0.1000E-09  0.1194E+05  0.1896E+00
 5659.7085 14 14   26.3818    6.4279   26.3818    6.4279   -3.9513   -4.5646    0.0000    0.0000  -10.0000  -10.0000  0.4923E+11  0.2000E+09  0.0000E+00  0.0000E+00  0.1000E-09  0.1000E-09  0.1000E-09  0.1000E-09  0.1194E+05  0.1896E+00
 5669.7085 14 14   26.3818    6.4279   26.3818    6.4279   -3.9513   -4.5646    0.0000    0.0000  -10.0000  -10.0000  0.4923E+11  0.2000E+09  0.0000E+00  0.0000E+00  0.1000E-09  0.1000E-09  0.1000E-09  0.1000E-09  0.1194E+05  0.1896E+00
 5679.7085 14 14   26.3818    6.4279   26.3818    6.4279   -3.9513   -4.5646    0.0000    0.0000  -10.0000  -10.0000  0.4923E+11  0.2000E+09  0.0000E+00  0.0000E+00  0.1000E-09  0.1000E-09  0.1000E-09  0.1000E-09  0.1194E+05  0.1896E+00
 5689.7085 14 14   26.3818    6.4279   26.3818    6.4279   -3.9513   -4.5646    0.0000    0.0000  -10.0000  -10.0000  0.4923E+11  0.2000E+09  0.0000E+00  0.0000E+00  0.1000E-09  0.1000E-09  0.1000E-09  0.1000E-09  0.1194E+05  0.1896E+00
 5699.7085 14 14   26.3818    6.4279   26.3818    6.4279   -3.9513   -4.5646    0.0000    0.0000  -10.0000  -10.0000  0.4923E+11  0.2000E+09  0.0000E+00  0.0000E+00  0.1000E-09  0.1000E-09  0.1000E-09  0.1000E-09  0.1194E+05  0.1896E+00
 5709.7085 14 14   26.3818    6.4279   26.3818    6.4279   -3.9513   -4.5646    0.0000    0.0000  -10.0000  -10.0000  0.4923E+11  0.2000E+09  0.0000E+00  0.0000E+00  0.1000E-09  0.1000E-09  0.1000E-09  0.1000E-09  0.1194E+05  0.1896E+00
 5719.7085 14 14   26.3818    6.4279   26.3818    6.4279   -3.9513   -4.5646    0.0000    0.0000  -10.0000  -10.0000  0.4923E+11  0.2000E+09  0.0000E+00  0.0000E+00  0.1000E-09  0.1000E-09  0.1000E-09  0.1000E-09  0.1194E+05  0.1896E+00
 5729.7085 14 14   26.3818    6.4279   26.3818    6.4279   -3.9513   -4.5646    0.0000    0.0000  -10.0000  -10.0000  0.4923E+11  0.2000E+09  0.0000E+00  0.0000E+00  0.1000E-09  0.1000E-09  0.1000E-09  0.1000E-09  0.1194E+05  0.1896E+00
 5739.7085 14 14   26.3818    6.4279   26.3818    6.4279   -3.9513   -4.5646    0.0000    0.0000  -10.0000  -10.0000  0.4923E+11  0.2000E+09  0.0000E+00  0.0000E+00  0.1000E-09  0.1000E-09  0.1000E-09  0.1000E-09  0.1194E+05  0.1896E+00
 5749.7085 14 14   26.3818    6.4279   26.3818    6.4279   -3.9513   -4.5646    0.0000    0.0000  -10.0000  -10.0000  0.4923E+11  0.2000E+09  0.0000E+00  0.0000E+00  0.1000E-09  0.1000E-09  0.1000E-09  0.1000E-09  0.1194E+05  0.1896E+00
 5759.7085 14 14   26.3818    6.4279   26.3818    6.4279   -3.9513   -4.5646    0.0000    0.0000  -10.0000  -10.0000  0.4923E+11  0.2000E+09  0.0000E+00  0.0000E+00  0.1000E-09  0.1000E-09  0.1000E-09  0.1000E-09  0.1194E+05  0.1896E+00
 5769.7085 14 14   26.3818    6.4279   26.3818    6.4279   -3.9513   -4.5646    0.0000    0.0000  -10.0000  -10.0000  0.4923E+11  0.2000E+09  0.0000E+00  0.0000E+00  0.1000E-09  0.1000E-09  0.1000E-09  0.1000E-09  0.1194E+05  0.1896E+00
 5779.7085 14 14   26.3818    6.4279   26.3818    6.4279   -3.9513   -4.5646    0.0000    0.0000  -10.0000  -10.0000  0.4923E+11  0.2000E+09  0.0000E+00  0.0000E+00  0.1000E-09  0.1000E-09  0.1000E-09  0.1000E-09  0.1194E+05  0.1896E+00
 5789.7085 14 14   26.3818    6.4279   26.3818    6.4279   -3.9513   -4.5646    0.0000    0.0000  -10.0000  -10.0000  0.4923E+11  0.2000E+09  0.0000E+00  0.0000E+00  0.1000E-09  0.1000E-09  0.1000E-09  0.1000E-09  0.1194E+05  0.1896E+00
 5799.7085 14 14   26.3818    6.4279   26.3818    6.4279   -3.9513   -4.5646    0.0000    0.0000  -10.0000  -10.0000  0.4923E+11  0.2000E+09  0.0000E+00  0.0000E+00  0.1000E-09  0.1000E-09  0.1000E-09  0.1000E-09  0.1194E+05  0.1896E+00
 5809.7085 14 14   26.3818    6.4279   26.3818    6.4279   -3.9513   -4.5646    0.0000    0.0000  -10.0000  -10.0000  0.4923E+11  0.2000E+09  0.0000E+00  0.0000E+00  0.1000E-09  0.1000E-09  0.1000E-09  0.1000E-09  0.1194E+05  0.1896E+00
 5819.7085 14 14   26.3818    6.4279   26.3818    6.4279   -3.9513   -4.5646    0.0000    0.0000  -10.0000  -10.0000  0.4923E+11  0.2000E+09  0.0000E+00  0.0000E+00  0.1000E-09  0.1000E-09  0.1000E-09  0.1000E-09  0.1194E+05  0.1896E+00
 5829.7085 14 14   26.3818    6.4279   26.3818    6.4279   -3.9513   -4.5646    0.0000    0.0000  -10.0000  -10.0000  0.4923E+11  0.2000E+09  0.0000E+00  0.0000E+00  0.1000E-09  0.1000E-09  0.1000E-09  0.1000E-09  0.1194E+05  0.1896E+00
 5839.7085 14 14   26.3818    6.4279   26.3818    6.4279   -3.9513   -4.5646    0.0000    0.0000  -10.0000  -10.0000  0.4923E+11  0.2000E+09  0.0000E+00  0.0000E+00  0.1000E-09  0.1000E-09  0.1000E-09  0.1000E-09  0.1194E+05  0.1896E+00
 5849.7085 14 14   26.3818    6.4279   26.3818    6.4279   -3.9513   -4.5646    0.0000    0.0000  -10.0000  -10.0000  0.4923E+11  0.2000E+09  0.0000E+00  0.0000E+00  0.1000E-09  0.1000E-09  0.1000E-09  0.1000E-09  0.1194E+05  0.1896E+00
 5859.7085 14 14   26.3818    6.4279   26.3818    6.4279   -3.9513   -4.5646    0.0000    0.0000  -10.0000  -10.0000  0.4923E+11  0.2000E+09  0.0000E+00  0.0000E+00  0.1000E-09  0.1000E-09  0.1000E-09  0.1000E-09  0.1194E+05  0.1896E+00
 5869.7085 14 14   26.3818    6.4279   26.3818    6.4279   -3.9513   -4.5646    0.0000    0.0000  -10.0000  -10.0000  0.4923E+11  0.2000E+09  0.0000E+00  0.0000E+00  0.1000E-09  0.1000E-09  0.1000E-09  0.1000E-09  0.1194E+05  0.1896E+00
 5879.7085 14 14   26.3818    6.4279   26.3818    6.4279   -3.9513   -4.5646    0.0000    0.0000  -10.0000  -10.0000  0.4923E+11  0.2000E+09  0.0000E+00  0.0000E+00  0.1000E-09  0.1000E-09  0.1000E-09  0.1000E-09  0.1194E+05  0.1896E+00
 5889.7085 14 14   26.3818    6.4279   26.3818    6.4279   -3.9513   -4.5646    0.0000    0.0000  -10.0000  -10.0000  0.4923E+11  0.2000E+09  0.0000E+00  0.0000E+00  0.1000E-09  0.1000E-09  0.1000E-09  0.1000E-09  0.1194E+05  0.1896E+00
 5899.7085 14 14   26.3818    6.4279   26.3818    6.4279   -3.9513   -4.5646    0.0000    0.0000  -10.0000  -10.0000  0.4923E+11  0.2000E+09  0.0000E+00  0.0000E+00  0.1000E-09  0.1000E-09  0.1000E-09  0.1000E-09  0.1194E+05  0.1896E+00
 5909.7085 14 14   26.3818    6.4279   26.3818    6.4279   -3.9513   -4.5646    0.0000    0.0000  -10.0000  -10.0000  0.4923E+11  0.2000E+09  0.0000E+00  0.0000E+00  0.1000E-09  0.1000E-09  0.1000E-09  0.1000E-09  0.1194E+05  0.1896E+00
 5919.7085 14 14   26.3818    6.4279   26.3818    6.4279   -3.9513   -4.5646    0.0000    0.0000  -10.0000  -10.0000  0.4923E+11  0.2000E+09  0.0000E+00  0.0000E+00  0.1000E-09  0.1000E-09  0.1000E-09  0.1000E-09  0.1194E+05  0.1896E+00
 5929.7085 14 14   26.3818    6.4279   26.3818    6.4279   -3.9513   -4.5646    0.0000    0.0000  -10.0000  -10.0000  0.4923E+11  0.2000E+09  0.0000E+00  0.0000E+00  0.1000E-09  0.1000E-09  0.1000E-09  0.1000E-09  0.1194E+05  0.1896E+00
 5939.7085 14 14   26.3818    6.4279   26.3818    6.4279   -3.9513   -4.5646    0.0000    0.0000  -10.0000  -10.0000  0.4923E+11  0.2000E+09  0.0000E+00  0.0000E+00  0.1000E-09  0.1000E-09  0.1000E-09  0.1000E-09  0.1194E+05  0.1896E+00
 5949.7085 14 14   26.3818    6.4279   26.3818    6.4279   -3.9513   -4.5646    0.0000    0.0000  -10.0000  -10.0000  0.4923E+11  0.2000E+09  0.0000E+00  0.0000E+00  0.1000E-09  0.1000E-09  0.1000E-09  0.1000E-09  0.1194E+05  0.1896E+00
 5959.7085 14 14   26.3818    6.4279   26.3818    6.4279   -3.9513   -4.5646    0.0000    0.0000  -10.0000  -10.0000  0.4923E+11  0.2000E+09  0.0000E+00  0.0000E+00  0.1000E-09  0.1000E-09  0.1000E-09  0.1000E-09  0.1194E+05  0.1896E+00
 5969.7085 14 14   26.3818    6.4279   26.3818    6.4279   -3.9513   -4.5646    0.0000    0.0000  -10.0000  -10.0000  0.4923E+11  0.2000E+09  0.0000E+00  0.0000E+00  0.1000E-09  0.1000E-09  0.1000E-09  0.1000E-09  0.1194E+05  0.1896E+00
 5979.7085 14 14   26.3818    6.4279   26.3818    6.4279   -3.9513   -4.5646    0.0000    0.0000  -10.0000  -10.0000  0.4923E+11  0.2000E+09  0.0000E+00  0.0000E+00  0.1000E-09  0.1000E-09  0.1000E-09  0.1000E-09  0.1194E+05  0.1896E+00
 5989.7085 14 14   26.3818    6.4279   26.3818    6.4279   -3.9513   -4.5646    0.0000    0.0000  -10.0000  -10.0000  0.4923E+11  0.2000E+09  0.0000E+00  0.0000E+00  0.1000E-09  0.1000E-09  0.1000E-09  0.1000E-09  0.1194E+05  0.1896E+00
 5999.7085 14 14   26.3818    6.4279   26.3818    6.4279   -3.9513   -4.5646    0.0000    0.0000  -10.0000  -10.0000  0.4923E+11  0.2000E+09  0.0000E+00  0.0000E+00  0.1000E-09  0.1000E-09  0.1000E-09  0.1000E-09  0.1194E+05  0.1896E+00
 6009.7085 14 14   26.3818    6.4279   26.3818    6.4279   -3.9513   -4.5646    0.0000    0.0000  -10.0000  -10.0000  0.4923E+11  0.2000E+09  0.0000E+00  0.0000E+00  0.1000E-09  0.1000E-09  0.1000E-09  0.1000E-09  0.1194E+05  0.1896E+00
 6019.7085 14 14   26.3818    6.4279   26.3818    6.4279   -3.9513   -4.5646    0.0000    0.0000  -10.0000  -10.0000  0.4923E+11  0.2000E+09  0.0000E+00  0.0000E+00  0.1000E-09  0.1000E-09  0.1000E-09  0.1000E-09  0.1194E+05  0.1896E+00
 6029.7085 14 14   26.3818    6.4279   26.3818    6.4279   -3.9513   -4.5646    0.0000    0.0000  -10.0000  -10.0000  0.4923E+11  0.2000E+09  0.0000E+00  0.0000E+00  0.1000E-09  0.1000E-09  0.1000E-09  0.1000E-09  0.1194E+05  0.1896E+00
 6039.7085 14 14   26.3818    6.4279   26.3818    6.4279   -3.9513   -4.5646    0.0000    0.0000  -10.0000  -10.0000  0.4923E+11  0.2000E+09  0.0000E+00  0.0000E+00  0.1000E-09  0.1000E-09  0.1000E-09  0.1000E-09  0.1194E+05  0.1896E+00
 6049.7085 14 14   26.3818    6.4279   26.3818    6.4279   -3.9513   -4.5646    0.0000    0.0000  -10.0000  -10.0000  0.4923E+11  0.2000E+09  0.0000E+00  0.0000E+00  0.1000E-09  0.1000E-09  0.1000E-09  0.1000E-09  0.1194E+05  0.1896E+00
 6059.7085 14 14   26.3818    6.4279   26.3818    6.4279   -3.9513   -4.5646    0.0000    0.0000  -10.0000  -10.0000  0.4923E+11  0.2000E+09  0.0000E+00  0.0000E+00  0.1000E-09  0.1000E-09  0.1000E-09  0.1000E-09  0.1194E+05  0.1896E+00
 6069.7085 14 14   26.3818    6.4279   26.3818    6.4279   -3.9513   -4.5646    0.0000    0.0000  -10.0000  -10.0000  0.4923E+11  0.2000E+09  0.0000E+00  0.0000E+00  0.1000E-09  0.1000E-09  0.1000E-09  0.1000E-09  0.1194E+05  0.1896E+00
 6079.7085 14 14   26.3818    6.4279   26.3818    6.4279   -3.9513   -4.5646    0.0000    0.0000  -10.0000  -10.0000  0.4923E+11  0.2000E+09  0.0000E+00  0.0000E+00  0.1000E-09  0.1000E-09  0.1000E-09  0.1000E-09  0.1194E+05  0.1896E+00
 6089.7085 14 14   26.3818    6.4279   26.3818    6.4279   -3.9513   -4.5646    0.0000    0.0000  -10.0000  -10.0000  0.4923E+11  0.2000E+09  0.0000E+00  0.0000E+00  0.1000E-09  0.1000E-09  0.1000E-09  0.1000E-09  0.1194E+05  0.1896E+00
 6099.7085 14 14   26.3818    6.4279   26.3818    6.4279   -3.9513   -4.5646    0.0000    0.0000  -10.0000  -10.0000  0.4923E+11  0.2000E+09  0.0000E+00  0.0000E+00  0.1000E-09  0.1000E-09  0.1000E-09  0.1000E-09  0.1194E+05  0.1896E+00
 6109.7085 14 14   26.3818    6.4279   26.3818    6.4279   -3.9513   -4.5646    0.0000    0.0000  -10.0000  -10.0000  0.4923E+11  0.2000E+09  0.0000E+00  0.0000E+00  0.1000E-09  0.1000E-09  0.1000E-09  0.1000E-09  0.1194E+05  0.1896E+00
 6119.7085 14 14   26.3818    6.4279   26.3818    6.4279   -3.9513   -4.5646    0.0000    0.0000  -10.0000  -10.0000  0.4923E+11  0.2000E+09  0.0000E+00  0.0000E+00  0.1000E-09  0.1000E-09  0.1000E-09  0.1000E-09  0.1194E+05  0.1896E+00
 6129.7085 14 14   26.3818    6.4279   26.3818    6.4279   -3.9513   -4.5646    0.0000    0.0000  -10.0000  -10.0000  0.4923E+11  0.2000E+09  0.0000E+00  0.0000E+00  0.1000E-09  0.1000E-09  0.1000E-09  0.1000E-09  0.1194E+05  0.1896E+00
 6139.7085 14 14   26.3818    6.4279   26.3818    6.4279   -3.9513   -4.5646    0.0000    0.0000  -10.0000  -10.0000  0.4923E+11  0.2000E+09  0.0000E+00  0.0000E+00  0.1000E-09  0.1000E-09  0.1000E-09  0.1000E-09  0.1194E+05  0.1896E+00
 6149.7085 14 14   26.3818    6.4279   26.3818    6.4279   -3.9513   -4.5646    0.0000    0.0000  -10.0000  -10.0000  0.4923E+11  0.2000E+09  0.0000E+00  0.0000E+00  0.1000E-09  0.1000E-09  0.1000E-09  0.1000E-09  0.1194E+05  0.1896E+00
 6159.7085 14 14   26.3818    6.4279   26.3818    6.4279   -3.9513   -4.5646    0.0000    0.0000  -10.0000  -10.0000  0.4923E+11  0.2000E+09  0.0000E+00  0.0000E+00  0.1000E-09  0.1000E-09  0.1000E-09  0.1000E-09  0.1194E+05  0.1896E+00
 6169.7085 14 14   26.3818    6.4279   26.3818    6.4279   -3.9513   -4.5646    0.0000    0.0000  -10.0000  -10.0000  0.4923E+11  0.2000E+09  0.0000E+00  0.0000E+00  0.1000E-09  0.1000E-09  0.1000E-09  0.1000E-09  0.1194E+05  0.1896E+00
 6179.7085 14 14   26.3818    6.4279   26.3818    6.4279   -3.9513   -4.5646    0.0000    0.0000  -10.0000  -10.0000  0.4923E+11  0.2000E+09  0.0000E+00  0.0000E+00  0.1000E-09  0.1000E-09  0.1000E-09  0.1000E-09  0.1194E+05  0.1896E+00
 6189.7085 14 14   26.3818    6.4279   26.3818    6.4279   -3.9513   -4.5646    0.0000    0.0000  -10.0000  -10.0000  0.4923E+11  0.2000E+09  0.0000E+00  0.0000E+00  0.1000E-09  0.1000E-09  0.1000E-09  0.1000E-09  0.1194E+05  0.1896E+00
 6199.7085 14 14   26.3818    6.4279   26.3818    6.4279   -3.9513   -4.5646    0.0000    0.0000  -10.0000  -10.0000  0.4923E+11  0.2000E+09  0.0000E+00  0.0000E+00  0.1000E-09  0.1000E-09  0.1000E-09  0.1000E-09  0.1194E+05  0.1896E+00
 6209.7085 14 14   26.3818    6.4279   26.3818    6.4279   -3.9513   -4.5646    0.0000    0.0000  -10.0000  -10.0000  0.4923E+11  0.2000E+09  0.0000E+00  0.0000E+00  0.1000E-09  0.1000E-09  0.1000E-09  0.1000E-09  0.1194E+05  0.1896E+00
 6219.7085 14 14   26.3818    6.4279   26.3818    6.4279   -3.9513   -4.5646    0.0000    0.0000  -10.0000  -10.0000  0.4923E+11  0.2000E+09  0.0000E+00  0.0000E+00  0.1000E-09  0.1000E-09  0.1000E-09  0.1000E-09  0.1194E+05  0.1896E+00
 6229.7085 14 14   26.3818    6.4279   26.3818    6.4279   -3.9513   -4.5646    0.0000    0.0000  -10.0000  -10.0000  0.4923E+11  0.2000E+09  0.0000E+00  0.0000E+00  0.1000E-09  0.1000E-09  0.1000E-09  0.1000E-09  0.1194E+05  0.1896E+00
 6239.7085 14 14   26.3818    6.4279   26.3818    6.4279   -3.9513   -4.5646    0.0000    0.0000  -10.0000  -10.0000  0.4923E+11  0.2000E+09  0.0000E+00  0.0000E+00  0.1000E-09  0.1000E-09  0.1000E-09  0.1000E-09  0.1194E+05  0.1896E+00
 6249.7085 14 14   26.3818    6.4279   26.3818    6.4279   -3.9513   -4.5646    0.0000    0.0000  -10.0000  -10.0000  0.4923E+11  0.2000E+09  0.0000E+00  0.0000E+00  0.1000E-09  0.1000E-09  0.1000E-09  0.1000E-09  0.1194E+05  0.1896E+00
 6259.7085 14 14   26.3818    6.4279   26.3818    6.4279   -3.9513   -4.5646    0.0000    0.0000  -10.0000  -10.0000  0.4923E+11  0.2000E+09  0.0000E+00  0.0000E+00  0.1000E-09  0.1000E-09  0.1000E-09  0.1000E-09  0.1194E+05  0.1896E+00
 6269.7085 14 14   26.3818    6.4279   26.3818    6.4279   -3.9513   -4.5646    0.0000    0.0000  -10.0000  -10.0000  0.4923E+11  0.2000E+09  0.0000E+00  0.0000E+00  0.1000E-09  0.1000E-09  0.1000E-09  0.1000E-09  0.1194E+05  0.1896E+00
 6279.7085 14 14   26.3818    6.4279   26.3818    6.4279   -3.9513   -4.5646    0.0000    0.0000  -10.0000  -10.0000  0.4923E+11  0.2000E+09  0.0000E+00  0.0000E+00  0.1000E-09  0.1000E-09  0.1000E-09  0.1000E-09  0.1194E+05  0.1896E+00
 6289.7085 14 14   26.3818    6.4279   26.3818    6.4279   -3.9513   -4.5646    0.0000    0.0000  -10.0000  -10.0000  0.4923E+11  0.2000E+09  0.0000E+00  0.0000E+00  0.1000E-09  0.1000E-09  0.1000E-09  0.1000E-09  0.1194E+05  0.1896E+00
 6299.7085 14 14   26.3818    6.4279   26.3818    6.4279   -3.9513   -4.5646    0.0000    0.0000  -10.0000  -10.0000  0.4923E+11  0.2000E+09  0.0000E+00  0.0000E+00  0.1000E-09  0.1000E-09  0.1000E-09  0.1000E-09  0.1194E+05  0.1896E+00
 6309.7085 14 14   26.3818    6.4279   26.3818    6.4279   -3.9513   -4.5646    0.0000    0.0000  -10.0000  -10.0000  0.4923E+11  0.2000E+09  0.0000E+00  0.0000E+00  0.1000E-09  0.1000E-09  0.1000E-09  0.1000E-09  0.1194E+05  0.1896E+00
 6319.7085 14 14   26.3818    6.4279   26.3818    6.4279   -3.9513   -4.5646    0.0000    0.0000  -10.0000  -10.0000  0.4923E+11  0.2000E+09  0.0000E+00  0.0000E+00  0.1000E-09  0.1000E-09  0.1000E-09  0.1000E-09  0.1194E+05  0.1896E+00
 6329.7085 14 14   26.3818    6.4279   26.3818    6.4279   -3.9513   -4.5646    0.0000    0.0000  -10.0000  -10.0000  0.4923E+11  0.2000E+09  0.0000E+00  0.0000E+00  0.1000E-09  0.1000E-09  0.1000E-09  0.1000E-09  0.1194E+05  0.1896E+00
 6339.7085 14 14   26.3818    6.4279   26.3818    6.4279   -3.9513   -4.5646    0.0000    0.0000  -10.0000  -10.0000  0.4923E+11  0.2000E+09  0.0000E+00  0.0000E+00  0.1000E-09  0.1000E-09  0.1000E-09  0.1000E-09  0.1194E+05  0.1896E+00
 6349.7085 14 14   26.3818    6.4279   26.3818    6.4279   -3.9513   -4.5646    0.0000    0.0000  -10.0000  -10.0000  0.4923E+11  0.2000E+09  0.0000E+00  0.0000E+00  0.1000E-09  0.1000E-09  0.1000E-09  0.1000E-09  0.1194E+05  0.1896E+00
 6359.7085 14 14   26.3818    6.4279   26.3818    6.4279   -3.9513   -4.5646    0.0000    0.0000  -10.0000  -10.0000  0.4923E+11  0.2000E+09  0.0000E+00  0.0000E+00  0.1000E-09  0.1000E-09  0.1000E-09  0.1000E-09  0.1194E+05  0.1896E+00
 6369.7085 14 14   26.3818    6.4279   26.3818    6.4279   -3.9513   -4.5646    0.0000    0.0000  -10.0000  -10.0000  0.4923E+11  0.2000E+09  0.0000E+00  0.0000E+00  0.1000E-09  0.1000E-09  0.1000E-09  0.1000E-09  0.1194E+05  0.1896E+00
 6379.7085 14 14   26.3818    6.4279   26.3818    6.4279   -3.9513   -4.5646    0.0000    0.0000  -10.0000  -10.0000  0.4923E+11  0.2000E+09  0.0000E+00  0.0000E+00  0.1000E-09  0.1000E-09  0.1000E-09  0.1000E-09  0.1194E+05  0.1896E+00
 6389.7085 14 14   26.3818    6.4279   26.3818    6.4279   -3.9513   -4.5646    0.0000    0.0000  -10.0000  -10.0000  0.4923E+11  0.2000E+09  0.0000E+00  0.0000E+00  0.1000E-09  0.1000E-09  0.1000E-09  0.1000E-09  0.1194E+05  0.1896E+00
 6399.7085 14 14   26.3818    6.4279   26.3818    6.4279   -3.9513   -4.5646    0.0000    0.0000  -10.0000  -10.0000  0.4923E+11  0.2000E+09  0.0000E+00  0.0000E+00  0.1000E-09  0.1000E-09  0.1000E-09  0.1000E-09  0.1194E+05  0.1896E+00
 6409.7085 14 14   26.3818    6.4279   26.3818    6.4279   -3.9513   -4.5646    0.0000    0.0000  -10.0000  -10.0000  0.4923E+11  0.2000E+09  0.0000E+00  0.0000E+00  0.1000E-09  0.1000E-09  0.1000E-09  0.1000E-09  0.1194E+05  0.1896E+00
 6419.7085 14 14   26.3818    6.4279   26.3818    6.4279   -3.9513   -4.5646    0.0000    0.0000  -10.0000  -10.0000  0.4923E+11  0.2000E+09  0.0000E+00  0.0000E+00  0.1000E-09  0.1000E-09  0.1000E-09  0.1000E-09  0.1194E+05  0.1896E+00
 6429.7085 14 14   26.3818    6.4279   26.3818    6.4279   -3.9513   -4.5646    0.0000    0.0000  -10.0000  -10.0000  0.4923E+11  0.2000E+09  0.0000E+00  0.0000E+00  0.1000E-09  0.1000E-09  0.1000E-09  0.1000E-09  0.1194E+05  0.1896E+00
 6439.7085 14 14   26.3818    6.4279   26.3818    6.4279   -3.9513   -4.5646    0.0000    0.0000  -10.0000  -10.0000  0.4923E+11  0.2000E+09  0.0000E+00  0.0000E+00  0.1000E-09  0.1000E-09  0.1000E-09  0.1000E-09  0.1194E+05  0.1896E+00
 6449.7085 14 14   26.3818    6.4279   26.3818    6.4279   -3.9513   -4.5646    0.0000    0.0000  -10.0000  -10.0000  0.4923E+11  0.2000E+09  0.0000E+00  0.0000E+00  0.1000E-09  0.1000E-09  0.1000E-09  0.1000E-09  0.1194E+05  0.1896E+00
 6459.7085 14 14   26.3818    6.4279   26.3818    6.4279   -3.9513   -4.5646    0.0000    0.0000  -10.0000  -10.0000  0.4923E+11  0.2000E+09  0.0000E+00  0.0000E+00  0.1000E-09  0.1000E-09  0.1000E-09  0.1000E-09  0.1194E+05  0.1896E+00
 6469.7085 14 14   26.3818    6.4279   26.3818    6.4279   -3.9513   -4.5646    0.0000    0.0000  -10.0000  -10.0000  0.4923E+11  0.2000E+09  0.0000E+00  0.0000E+00  0.1000E-09  0.1000E-09  0.1000E-09  0.1000E-09  0.1194E+05  0.1896E+00
 6479.7085 14 14   26.3818    6.4279   26.3818    6.4279   -3.9513   -4.5646    0.0000    0.0000  -10.0000  -10.0000  0.4923E+11  0.2000E+09  0.0000E+00  0.0000E+00  0.1000E-09  0.1000E-09  0.1000E-09  0.1000E-09  0.1194E+05  0.1896E+00
 6489.7085 14 14   26.3818    6.4279   26.3818    6.4279   -3.9513   -4.5646    0.0000    0.0000  -10.0000  -10.0000  0.4923E+11  0.2000E+09  0.0000E+00  0.0000E+00  0.1000E-09  0.1000E-09  0.1000E-09  0.1000E-09  0.1194E+05  0.1896E+00
 6499.7085 14 14   26.3818    6.4279   26.3818    6.4279   -3.9513   -4.5646    0.0000    0.0000  -10.0000  -10.0000  0.4923E+11  0.2000E+09  0.0000E+00  0.0000E+00  0.1000E-09  0.1000E-09  0.1000E-09  0.1000E-09  0.1194E+05  0.1896E+00
 6509.7085 14 14   26.3818    6.4279   26.3818    6.4279   -3.9513   -4.5646    0.0000    0.0000  -10.0000  -10.0000  0.4923E+11  0.2000E+09  0.0000E+00  0.0000E+00  0.1000E-09  0.1000E-09  0.1000E-09  0.1000E-09  0.1194E+05  0.1896E+00
 6519.7085 14 14   26.3818    6.4279   26.3818    6.4279   -3.9513   -4.5646    0.0000    0.0000  -10.0000  -10.0000  0.4923E+11  0.2000E+09  0.0000E+00  0.0000E+00  0.1000E-09  0.1000E-09  0.1000E-09  0.1000E-09  0.1194E+05  0.1896E+00
 6529.7085 14 14   26.3818    6.4279   26.3818    6.4279   -3.9513   -4.5646    0.0000    0.0000  -10.0000  -10.0000  0.4923E+11  0.2000E+09  0.0000E+00  0.0000E+00  0.1000E-09  0.1000E-09  0.1000E-09  0.1000E-09  0.1194E+05  0.1896E+00
 6539.7085 14 14   26.3818    6.4279   26.3818    6.4279   -3.9513   -4.5646    0.0000    0.0000  -10.0000  -10.0000  0.4923E+11  0.2000E+09  0.0000E+00  0.0000E+00  0.1000E-09  0.1000E-09  0.1000E-09  0.1000E-09  0.1194E+05  0.1896E+00
 6549.7085 14 14   26.3818    6.4279   26.3818    6.4279   -3.9513   -4.5646    0.0000    0.0000  -10.0000  -10.0000  0.4923E+11  0.2000E+09  0.0000E+00  0.0000E+00  0.1000E-09  0.1000E-09  0.1000E-09  0.1000E-09  0.1194E+05  0.1896E+00
 6559.7085 14 14   26.3818    6.4279   26.3818    6.4279   -3.9513   -4.5646    0.0000    0.0000  -10.0000  -10.0000  0.4923E+11  0.2000E+09  0.0000E+00  0.0000E+00  0.1000E-09  0.1000E-09  0.1000E-09  0.1000E-09  0.1194E+05  0.1896E+00
 6569.7085 14 14   26.3818    6.4279   26.3818    6.4279   -3.9513   -4.5646    0.0000    0.0000  -10.0000  -10.0000  0.4923E+11  0.2000E+09  0.0000E+00  0.0000E+00  0.1000E-09  0.1000E-09  0.1000E-09  0.1000E-09  0.1194E+05  0.1896E+00
 6579.7085 14 14   26.3818    6.4279   26.3818    6.4279   -3.9513   -4.5646    0.0000    0.0000  -10.0000  -10.0000  0.4923E+11  0.2000E+09  0.0000E+00  0.0000E+00  0.1000E-09  0.1000E-09  0.1000E-09  0.1000E-09  0.1194E+05  0.1896E+00
 6589.7085 14 14   26.3818    6.4279   26.3818    6.4279   -3.9513   -4.5646    0.0000    0.0000  -10.0000  -10.0000  0.4923E+11  0.2000E+09  0.0000E+00  0.0000E+00  0.1000E-09  0.1000E-09  0.1000E-09  0.1000E-09  0.1194E+05  0.1896E+00
 6599.7085 14 14   26.3818    6.4279   26.3818    6.4279   -3.9513   -4.5646    0.0000    0.0000  -10.0000  -10.0000  0.4923E+11  0.2000E+09  0.0000E+00  0.0000E+00  0.1000E-09  0.1000E-09  0.1000E-09  0.1000E-09  0.1194E+05  0.1896E+00
 6609.7085 14 14   26.3818    6.4279   26.3818    6.4279   -3.9513   -4.5646    0.0000    0.0000  -10.0000  -10.0000  0.4923E+11  0.2000E+09  0.0000E+00  0.0000E+00  0.1000E-09  0.1000E-09  0.1000E-09  0.1000E-09  0.1194E+05  0.1896E+00
 6619.7085 14 14   26.3818    6.4279   26.3818    6.4279   -3.9513   -4.5646    0.0000    0.0000  -10.0000  -10.0000  0.4923E+11  0.2000E+09  0.0000E+00  0.0000E+00  0.1000E-09  0.1000E-09  0.1000E-09  0.1000E-09  0.1194E+05  0.1896E+00
 6629.7085 14 14   26.3818    6.4279   26.3818    6.4279   -3.9513   -4.5646    0.0000    0.0000  -10.0000  -10.0000  0.4923E+11  0.2000E+09  0.0000E+00  0.0000E+00  0.1000E-09  0.1000E-09  0.1000E-09  0.1000E-09  0.1194E+05  0.1896E+00
 6639.7085 14 14   26.3818    6.4279   26.3818    6.4279   -3.9513   -4.5646    0.0000    0.0000  -10.0000  -10.0000  0.4923E+11  0.2000E+09  0.0000E+00  0.0000E+00  0.1000E-09  0.1000E-09  0.1000E-09  0.1000E-09  0.1194E+05  0.1896E+00
 6649.7085 14 14   26.3818    6.4279   26.3818    6.4279   -3.9513   -4.5646    0.0000    0.0000  -10.0000  -10.0000  0.4923E+11  0.2000E+09  0.0000E+00  0.0000E+00  0.1000E-09  0.1000E-09  0.1000E-09  0.1000E-09  0.1194E+05  0.1896E+00
 6659.7085 14 14   26.3818    6.4279   26.3818    6.4279   -3.9513   -4.5646    0.0000    0.0000  -10.0000  -10.0000  0.4923E+11  0.2000E+09  0.0000E+00  0.0000E+00  0.1000E-09  0.1000E-09  0.1000E-09  0.1000E-09  0.1194E+05  0.1896E+00
 6669.7085 14 14   26.3818    6.4279   26.3818    6.4279   -3.9513   -4.5646    0.0000    0.0000  -10.0000  -10.0000  0.4923E+11  0.2000E+09  0.0000E+00  0.0000E+00  0.1000E-09  0.1000E-09  0.1000E-09  0.1000E-09  0.1194E+05  0.1896E+00
 6679.7085 14 14   26.3818    6.4279   26.3818    6.4279   -3.9513   -4.5646    0.0000    0.0000  -10.0000  -10.0000  0.4923E+11  0.2000E+09  0.0000E+00  0.0000E+00  0.1000E-09  0.1000E-09  0.1000E-09  0.1000E-09  0.1194E+05  0.1896E+00
 6689.7085 14 14   26.3818    6.4279   26.3818    6.4279   -3.9513   -4.5646    0.0000    0.0000  -10.0000  -10.0000  0.4923E+11  0.2000E+09  0.0000E+00  0.0000E+00  0.1000E-09  0.1000E-09  0.1000E-09  0.1000E-09  0.1194E+05  0.1896E+00
 6699.7085 14 14   26.3818    6.4279   26.3818    6.4279   -3.9513   -4.5646    0.0000    0.0000  -10.0000  -10.0000  0.4923E+11  0.2000E+09  0.0000E+00  0.0000E+00  0.1000E-09  0.1000E-09  0.1000E-09  0.1000E-09  0.1194E+05  0.1896E+00
 6709.7085 14 14   26.3818    6.4279   26.3818    6.4279   -3.9513   -4.5646    0.0000    0.0000  -10.0000  -10.0000  0.4923E+11  0.2000E+09  0.0000E+00  0.0000E+00  0.1000E-09  0.1000E-09  0.1000E-09  0.1000E-09  0.1194E+05  0.1896E+00
 6719.7085 14 14   26.3818    6.4279   26.3818    6.4279   -3.9513   -4.5646    0.0000    0.0000  -10.0000  -10.0000  0.4923E+11  0.2000E+09  0.0000E+00  0.0000E+00  0.1000E-09  0.1000E-09  0.1000E-09  0.1000E-09  0.1194E+05  0.1896E+00
 6729.7085 14 14   26.3818    6.4279   26.3818    6.4279   -3.9513   -4.5646    0.0000    0.0000  -10.0000  -10.0000  0.4923E+11  0.2000E+09  0.0000E+00  0.0000E+00  0.1000E-09  0.1000E-09  0.1000E-09  0.1000E-09  0.1194E+05  0.1896E+00
 6739.7085 14 14   26.3818    6.4279   26.3818    6.4279   -3.9513   -4.5646    0.0000    0.0000  -10.0000  -10.0000  0.4923E+11  0.2000E+09  0.0000E+00  0.0000E+00  0.1000E-09  0.1000E-09  0.1000E-09  0.1000E-09  0.1194E+05  0.1896E+00
 6749.7085 14 14   26.3818    6.4279   26.3818    6.4279   -3.9513   -4.5646    0.0000    0.0000  -10.0000  -10.0000  0.4923E+11  0.2000E+09  0.0000E+00  0.0000E+00  0.1000E-09  0.1000E-09  0.1000E-09  0.1000E-09  0.1194E+05  0.1896E+00
 6759.7085 14 14   26.3818    6.4279   26.3818    6.4279   -3.9513   -4.5646    0.0000    0.0000  -10.0000  -10.0000  0.4923E+11  0.2000E+09  0.0000E+00  0.0000E+00  0.1000E-09  0.1000E-09  0.1000E-09  0.1000E-09  0.1194E+05  0.1896E+00
 6769.7085 14 14   26.3818    6.4279   26.3818    6.4279   -3.9513   -4.5646    0.0000    0.0000  -10.0000  -10.0000  0.4923E+11  0.2000E+09  0.0000E+00  0.0000E+00  0.1000E-09  0.1000E-09  0.1000E-09  0.1000E-09  0.1194E+05  0.1896E+00
 6779.7085 14 14   26.3818    6.4279   26.3818    6.4279   -3.9513   -4.5646    0.0000    0.0000  -10.0000  -10.0000  0.4923E+11  0.2000E+09  0.0000E+00  0.0000E+00  0.1000E-09  0.1000E-09  0.1000E-09  0.1000E-09  0.1194E+05  0.1896E+00
 6789.7085 14 14   26.3818    6.4279   26.3818    6.4279   -3.9513   -4.5646    0.0000    0.0000  -10.0000  -10.0000  0.4923E+11  0.2000E+09  0.0000E+00  0.0000E+00  0.1000E-09  0.1000E-09  0.1000E-09  0.1000E-09  0.1194E+05  0.1896E+00
 6799.7085 14 14   26.3818    6.4279   26.3818    6.4279   -3.9513   -4.5646    0.0000    0.0000  -10.0000  -10.0000  0.4923E+11  0.2000E+09  0.0000E+00  0.0000E+00  0.1000E-09  0.1000E-09  0.1000E-09  0.1000E-09  0.1194E+05  0.1896E+00
 6809.7085 14 14   26.3818    6.4279   26.3818    6.4279   -3.9513   -4.5646    0.0000    0.0000  -10.0000  -10.0000  0.4923E+11  0.2000E+09  0.0000E+00  0.0000E+00  0.1000E-09  0.1000E-09  0.1000E-09  0.1000E-09  0.1194E+05  0.1896E+00
 6819.7085 14 14   26.3818    6.4279   26.3818    6.4279   -3.9513   -4.5646    0.0000    0.0000  -10.0000  -10.0000  0.4923E+11  0.2000E+09  0.0000E+00  0.0000E+00  0.1000E-09  0.1000E-09  0.1000E-09  0.1000E-09  0.1194E+05  0.1896E+00
 6829.7085 14 14   26.3818    6.4279   26.3818    6.4279   -3.9513   -4.5646    0.0000    0.0000  -10.0000  -10.0000  0.4923E+11  0.2000E+09  0.0000E+00  0.0000E+00  0.1000E-09  0.1000E-09  0.1000E-09  0.1000E-09  0.1194E+05  0.1896E+00
 6839.7085 14 14   26.3818    6.4279   26.3818    6.4279   -3.9513   -4.5646    0.0000    0.0000  -10.0000  -10.0000  0.4923E+11  0.2000E+09  0.0000E+00  0.0000E+00  0.1000E-09  0.1000E-09  0.1000E-09  0.1000E-09  0.1194E+05  0.1896E+00
 6849.7085 14 14   26.3818    6.4279   26.3818    6.4279   -3.9513   -4.5646    0.0000    0.0000  -10.0000  -10.0000  0.4923E+11  0.2000E+09  0.0000E+00  0.0000E+00  0.1000E-09  0.1000E-09  0.1000E-09  0.1000E-09  0.1194E+05  0.1896E+00
 6859.7085 14 14   26.3818    6.4279   26.3818    6.4279   -3.9513   -4.5646    0.0000    0.0000  -10.0000  -10.0000  0.4923E+11  0.2000E+09  0.0000E+00  0.0000E+00  0.1000E-09  0.1000E-09  0.1000E-09  0.1000E-09  0.1194E+05  0.1896E+00
 6869.7085 14 14   26.3818    6.4279   26.3818    6.4279   -3.9513   -4.5646    0.0000    0.0000  -10.0000  -10.0000  0.4923E+11  0.2000E+09  0.0000E+00  0.0000E+00  0.1000E-09  0.1000E-09  0.1000E-09  0.1000E-09  0.1194E+05  0.1896E+00
 6879.7085 14 14   26.3818    6.4279   26.3818    6.4279   -3.9513   -4.5646    0.0000    0.0000  -10.0000  -10.0000  0.4923E+11  0.2000E+09  0.0000E+00  0.0000E+00  0.1000E-09  0.1000E-09  0.1000E-09  0.1000E-09  0.1194E+05  0.1896E+00
 6889.7085 14 14   26.3818    6.4279   26.3818    6.4279   -3.9513   -4.5646    0.0000    0.0000  -10.0000  -10.0000  0.4923E+11  0.2000E+09  0.0000E+00  0.0000E+00  0.1000E-09  0.1000E-09  0.1000E-09  0.1000E-09  0.1194E+05  0.1896E+00
 6899.7085 14 14   26.3818    6.4279   26.3818    6.4279   -3.9513   -4.5646    0.0000    0.0000  -10.0000  -10.0000  0.4923E+11  0.2000E+09  0.0000E+00  0.0000E+00  0.1000E-09  0.1000E-09  0.1000E-09  0.1000E-09  0.1194E+05  0.1896E+00
 6909.7085 14 14   26.3818    6.4279   26.3818    6.4279   -3.9513   -4.5646    0.0000    0.0000  -10.0000  -10.0000  0.4923E+11  0.2000E+09  0.0000E+00  0.0000E+00  0.1000E-09  0.1000E-09  0.1000E-09  0.1000E-09  0.1194E+05  0.1896E+00
 6919.7085 14 14   26.3818    6.4279   26.3818    6.4279   -3.9513   -4.5646    0.0000    0.0000  -10.0000  -10.0000  0.4923E+11  0.2000E+09  0.0000E+00  0.0000E+00  0.1000E-09  0.1000E-09  0.1000E-09  0.1000E-09  0.1194E+05  0.1896E+00
 6929.7085 14 14   26.3818    6.4279   26.3818    6.4279   -3.9513   -4.5646    0.0000    0.0000  -10.0000  -10.0000  0.4923E+11  0.2000E+09  0.0000E+00  0.0000E+00  0.1000E-09  0.1000E-09  0.1000E-09  0.1000E-09  0.1194E+05  0.1896E+00
 6939.7085 14 14   26.3818    6.4279   26.3818    6.4279   -3.9513   -4.5646    0.0000    0.0000  -10.0000  -10.0000  0.4923E+11  0.2000E+09  0.0000E+00  0.0000E+00  0.1000E-09  0.1000E-09  0.1000E-09  0.1000E-09  0.1194E+05  0.1896E+00
 6949.7085 14 14   26.3818    6.4279   26.3818    6.4279   -3.9513   -4.5646    0.0000    0.0000  -10.0000  -10.0000  0.4923E+11  0.2000E+09  0.0000E+00  0.0000E+00  0.1000E-09  0.1000E-09  0.1000E-09  0.1000E-09  0.1194E+05  0.1896E+00
 6959.7085 14 14   26.3818    6.4279   26.3818    6.4279   -3.9513   -4.5646    0.0000    0.0000  -10.0000  -10.0000  0.4923E+11  0.2000E+09  0.0000E+00  0.0000E+00  0.1000E-09  0.1000E-09  0.1000E-09  0.1000E-09  0.1194E+05  0.1896E+00
 6969.7085 14 14   26.3818    6.4279   26.3818    6.4279   -3.9513   -4.5646    0.0000    0.0000  -10.0000  -10.0000  0.4923E+11  0.2000E+09  0.0000E+00  0.0000E+00  0.1000E-09  0.1000E-09  0.1000E-09  0.1000E-09  0.1194E+05  0.1896E+00
 6979.7085 14 14   26.3818    6.4279   26.3818    6.4279   -3.9513   -4.5646    0.0000    0.0000  -10.0000  -10.0000  0.4923E+11  0.2000E+09  0.0000E+00  0.0000E+00  0.1000E-09  0.1000E-09  0.1000E-09  0.1000E-09  0.1194E+05  0.1896E+00
 6989.7085 14 14   26.3818    6.4279   26.3818    6.4279   -3.9513   -4.5646    0.0000    0.0000  -10.0000  -10.0000  0.4923E+11  0.2000E+09  0.0000E+00  0.0000E+00  0.1000E-09  0.1000E-09  0.1000E-09  0.1000E-09  0.1194E+05  0.1896E+00
 6999.7085 14 14   26.3818    6.4279   26.3818    6.4279   -3.9513   -4.5646    0.0000    0.0000  -10.0000  -10.0000  0.4923E+11  0.2000E+09  0.0000E+00  0.0000E+00  0.1000E-09  0.1000E-09  0.1000E-09  0.1000E-09  0.1194E+05  0.1896E+00
 7009.7085 14 14   26.3818    6.4279   26.3818    6.4279   -3.9513   -4.5646    0.0000    0.0000  -10.0000  -10.0000  0.4923E+11  0.2000E+09  0.0000E+00  0.0000E+00  0.1000E-09  0.1000E-09  0.1000E-09  0.1000E-09  0.1194E+05  0.1896E+00
 7019.7085 14 14   26.3818    6.4279   26.3818    6.4279   -3.9513   -4.5646    0.0000    0.0000  -10.0000  -10.0000  0.4923E+11  0.2000E+09  0.0000E+00  0.0000E+00  0.1000E-09  0.1000E-09  0.1000E-09  0.1000E-09  0.1194E+05  0.1896E+00
 7029.7085 14 14   26.3818    6.4279   26.3818    6.4279   -3.9513   -4.5646    0.0000    0.0000  -10.0000  -10.0000  0.4923E+11  0.2000E+09  0.0000E+00  0.0000E+00  0.1000E-09  0.1000E-09  0.1000E-09  0.1000E-09  0.1194E+05  0.1896E+00
 7039.7085 14 14   26.3818    6.4279   26.3818    6.4279   -3.9513   -4.5646    0.0000    0.0000  -10.0000  -10.0000  0.4923E+11  0.2000E+09  0.0000E+00  0.0000E+00  0.1000E-09  0.1000E-09  0.1000E-09  0.1000E-09  0.1194E+05  0.1896E+00
 7049.7085 14 14   26.3818    6.4279   26.3818    6.4279   -3.9513   -4.5646    0.0000    0.0000  -10.0000  -10.0000  0.4923E+11  0.2000E+09  0.0000E+00  0.0000E+00  0.1000E-09  0.1000E-09  0.1000E-09  0.1000E-09  0.1194E+05  0.1896E+00
 7059.7085 14 14   26.3818    6.4279   26.3818    6.4279   -3.9513   -4.5646    0.0000    0.0000  -10.0000  -10.0000  0.4923E+11  0.2000E+09  0.0000E+00  0.0000E+00  0.1000E-09  0.1000E-09  0.1000E-09  0.1000E-09  0.1194E+05  0.1896E+00
 7069.7085 14 14   26.3818    6.4279   26.3818    6.4279   -3.9513   -4.5646    0.0000    0.0000  -10.0000  -10.0000  0.4923E+11  0.2000E+09  0.0000E+00  0.0000E+00  0.1000E-09  0.1000E-09  0.1000E-09  0.1000E-09  0.1194E+05  0.1896E+00
 7079.7085 14 14   26.3818    6.4279   26.3818    6.4279   -3.9513   -4.5646    0.0000    0.0000  -10.0000  -10.0000  0.4923E+11  0.2000E+09  0.0000E+00  0.0000E+00  0.1000E-09  0.1000E-09  0.1000E-09  0.1000E-09  0.1194E+05  0.1896E+00
 7089.7085 14 14   26.3818    6.4279   26.3818    6.4279   -3.9513   -4.5646    0.0000    0.0000  -10.0000  -10.0000  0.4923E+11  0.2000E+09  0.0000E+00  0.0000E+00  0.1000E-09  0.1000E-09  0.1000E-09  0.1000E-09  0.1194E+05  0.1896E+00
 7099.7085 14 14   26.3818    6.4279   26.3818    6.4279   -3.9513   -4.5646    0.0000    0.0000  -10.0000  -10.0000  0.4923E+11  0.2000E+09  0.0000E+00  0.0000E+00  0.1000E-09  0.1000E-09  0.1000E-09  0.1000E-09  0.1194E+05  0.1896E+00
 7109.7085 14 14   26.3818    6.4279   26.3818    6.4279   -3.9513   -4.5646    0.0000    0.0000  -10.0000  -10.0000  0.4923E+11  0.2000E+09  0.0000E+00  0.0000E+00  0.1000E-09  0.1000E-09  0.1000E-09  0.1000E-09  0.1194E+05  0.1896E+00
 7119.7085 14 14   26.3818    6.4279   26.3818    6.4279   -3.9513   -4.5646    0.0000    0.0000  -10.0000  -10.0000  0.4923E+11  0.2000E+09  0.0000E+00  0.0000E+00  0.1000E-09  0.1000E-09  0.1000E-09  0.1000E-09  0.1194E+05  0.1896E+00
 7129.7085 14 14   26.3818    6.4279   26.3818    6.4279   -3.9513   -4.5646    0.0000    0.0000  -10.0000  -10.0000  0.4923E+11  0.2000E+09  0.0000E+00  0.0000E+00  0.1000E-09  0.1000E-09  0.1000E-09  0.1000E-09  0.1194E+05  0.1896E+00
 7139.7085 14 14   26.3818    6.4279   26.3818    6.4279   -3.9513   -4.5646    0.0000    0.0000  -10.0000  -10.0000  0.4923E+11  0.2000E+09  0.0000E+00  0.0000E+00  0.1000E-09  0.1000E-09  0.1000E-09  0.1000E-09  0.1194E+05  0.1896E+00
 7149.7085 14 14   26.3818    6.4279   26.3818    6.4279   -3.9513   -4.5646    0.0000    0.0000  -10.0000  -10.0000  0.4923E+11  0.2000E+09  0.0000E+00  0.0000E+00  0.1000E-09  0.1000E-09  0.1000E-09  0.1000E-09  0.1194E+05  0.1896E+00
 7159.7085 14 14   26.3818    6.4279   26.3818    6.4279   -3.9513   -4.5646    0.0000    0.0000  -10.0000  -10.0000  0.4923E+11  0.2000E+09  0.0000E+00  0.0000E+00  0.1000E-09  0.1000E-09  0.1000E-09  0.1000E-09  0.1194E+05  0.1896E+00
 7169.7085 14 14   26.3818    6.4279   26.3818    6.4279   -3.9513   -4.5646    0.0000    0.0000  -10.0000  -10.0000  0.4923E+11  0.2000E+09  0.0000E+00  0.0000E+00  0.1000E-09  0.1000E-09  0.1000E-09  0.1000E-09  0.1194E+05  0.1896E+00
 7179.7085 14 14   26.3818    6.4279   26.3818    6.4279   -3.9513   -4.5646    0.0000    0.0000  -10.0000  -10.0000  0.4923E+11  0.2000E+09  0.0000E+00  0.0000E+00  0.1000E-09  0.1000E-09  0.1000E-09  0.1000E-09  0.1194E+05  0.1896E+00
 7189.7085 14 14   26.3818    6.4279   26.3818    6.4279   -3.9513   -4.5646    0.0000    0.0000  -10.0000  -10.0000  0.4923E+11  0.2000E+09  0.0000E+00  0.0000E+00  0.1000E-09  0.1000E-09  0.1000E-09  0.1000E-09  0.1194E+05  0.1896E+00
 7199.7085 14 14   26.3818    6.4279   26.3818    6.4279   -3.9513   -4.5646    0.0000    0.0000  -10.0000  -10.0000  0.4923E+11  0.2000E+09  0.0000E+00  0.0000E+00  0.1000E-09  0.1000E-09  0.1000E-09  0.1000E-09  0.1194E+05  0.1896E+00
 7209.7085 14 14   26.3818    6.4279   26.3818    6.4279   -3.9513   -4.5646    0.0000    0.0000  -10.0000  -10.0000  0.4923E+11  0.2000E+09  0.0000E+00  0.0000E+00  0.1000E-09  0.1000E-09  0.1000E-09  0.1000E-09  0.1194E+05  0.1896E+00
 7219.7085 14 14   26.3818    6.4279   26.3818    6.4279   -3.9513   -4.5646    0.0000    0.0000  -10.0000  -10.0000  0.4923E+11  0.2000E+09  0.0000E+00  0.0000E+00  0.1000E-09  0.1000E-09  0.1000E-09  0.1000E-09  0.1194E+05  0.1896E+00
 7229.7085 14 14   26.3818    6.4279   26.3818    6.4279   -3.9513   -4.5646    0.0000    0.0000  -10.0000  -10.0000  0.4923E+11  0.2000E+09  0.0000E+00  0.0000E+00  0.1000E-09  0.1000E-09  0.1000E-09  0.1000E-09  0.1194E+05  0.1896E+00
 7239.7085 14 14   26.3818    6.4279   26.3818    6.4279   -3.9513   -4.5646    0.0000    0.0000  -10.0000  -10.0000  0.4923E+11  0.2000E+09  0.0000E+00  0.0000E+00  0.1000E-09  0.1000E-09  0.1000E-09  0.1000E-09  0.1194E+05  0.1896E+00
 7249.7085 14 14   26.3818    6.4279   26.3818    6.4279   -3.9513   -4.5646    0.0000    0.0000  -10.0000  -10.0000  0.4923E+11  0.2000E+09  0.0000E+00  0.0000E+00  0.1000E-09  0.1000E-09  0.1000E-09  0.1000E-09  0.1194E+05  0.1896E+00
 7259.7085 14 14   26.3818    6.4279   26.3818    6.4279   -3.9513   -4.5646    0.0000    0.0000  -10.0000  -10.0000  0.4923E+11  0.2000E+09  0.0000E+00  0.0000E+00  0.1000E-09  0.1000E-09  0.1000E-09  0.1000E-09  0.1194E+05  0.1896E+00
 7269.7085 14 14   26.3818    6.4279   26.3818    6.4279   -3.9513   -4.5646    0.0000    0.0000  -10.0000  -10.0000  0.4923E+11  0.2000E+09  0.0000E+00  0.0000E+00  0.1000E-09  0.1000E-09  0.1000E-09  0.1000E-09  0.1194E+05  0.1896E+00
 7279.7085 14 14   26.3818    6.4279   26.3818    6.4279   -3.9513   -4.5646    0.0000    0.0000  -10.0000  -10.0000  0.4923E+11  0.2000E+09  0.0000E+00  0.0000E+00  0.1000E-09  0.1000E-09  0.1000E-09  0.1000E-09  0.1194E+05  0.1896E+00
 7289.7085 14 14   26.3818    6.4279   26.3818    6.4279   -3.9513   -4.5646    0.0000    0.0000  -10.0000  -10.0000  0.4923E+11  0.2000E+09  0.0000E+00  0.0000E+00  0.1000E-09  0.1000E-09  0.1000E-09  0.1000E-09  0.1194E+05  0.1896E+00
 7299.7085 14 14   26.3818    6.4279   26.3818    6.4279   -3.9513   -4.5646    0.0000    0.0000  -10.0000  -10.0000  0.4923E+11  0.2000E+09  0.0000E+00  0.0000E+00  0.1000E-09  0.1000E-09  0.1000E-09  0.1000E-09  0.1194E+05  0.1896E+00
 7309.7085 14 14   26.3818    6.4279   26.3818    6.4279   -3.9513   -4.5646    0.0000    0.0000  -10.0000  -10.0000  0.4923E+11  0.2000E+09  0.0000E+00  0.0000E+00  0.1000E-09  0.1000E-09  0.1000E-09  0.1000E-09  0.1194E+05  0.1896E+00
 7319.7085 14 14   26.3818    6.4279   26.3818    6.4279   -3.9513   -4.5646    0.0000    0.0000  -10.0000  -10.0000  0.4923E+11  0.2000E+09  0.0000E+00  0.0000E+00  0.1000E-09  0.1000E-09  0.1000E-09  0.1000E-09  0.1194E+05  0.1896E+00
 7329.7085 14 14   26.3818    6.4279   26.3818    6.4279   -3.9513   -4.5646    0.0000    0.0000  -10.0000  -10.0000  0.4923E+11  0.2000E+09  0.0000E+00  0.0000E+00  0.1000E-09  0.1000E-09  0.1000E-09  0.1000E-09  0.1194E+05  0.1896E+00
 7339.7085 14 14   26.3818    6.4279   26.3818    6.4279   -3.9513   -4.5646    0.0000    0.0000  -10.0000  -10.0000  0.4923E+11  0.2000E+09  0.0000E+00  0.0000E+00  0.1000E-09  0.1000E-09  0.1000E-09  0.1000E-09  0.1194E+05  0.1896E+00
 7349.7085 14 14   26.3818    6.4279   26.3818    6.4279   -3.9513   -4.5646    0.0000    0.0000  -10.0000  -10.0000  0.4923E+11  0.2000E+09  0.0000E+00  0.0000E+00  0.1000E-09  0.1000E-09  0.1000E-09  0.1000E-09  0.1194E+05  0.1896E+00
 7359.7085 14 14   26.3818    6.4279   26.3818    6.4279   -3.9513   -4.5646    0.0000    0.0000  -10.0000  -10.0000  0.4923E+11  0.2000E+09  0.0000E+00  0.0000E+00  0.1000E-09  0.1000E-09  0.1000E-09  0.1000E-09  0.1194E+05  0.1896E+00
 7369.7085 14 14   26.3818    6.4279   26.3818    6.4279   -3.9513   -4.5646    0.0000    0.0000  -10.0000  -10.0000  0.4923E+11  0.2000E+09  0.0000E+00  0.0000E+00  0.1000E-09  0.1000E-09  0.1000E-09  0.1000E-09  0.1194E+05  0.1896E+00
 7379.7085 14 14   26.3818    6.4279   26.3818    6.4279   -3.9513   -4.5646    0.0000    0.0000  -10.0000  -10.0000  0.4923E+11  0.2000E+09  0.0000E+00  0.0000E+00  0.1000E-09  0.1000E-09  0.1000E-09  0.1000E-09  0.1194E+05  0.1896E+00
 7389.7085 14 14   26.3818    6.4279   26.3818    6.4279   -3.9513   -4.5646    0.0000    0.0000  -10.0000  -10.0000  0.4923E+11  0.2000E+09  0.0000E+00  0.0000E+00  0.1000E-09  0.1000E-09  0.1000E-09  0.1000E-09  0.1194E+05  0.1896E+00
 7399.7085 14 14   26.3818    6.4279   26.3818    6.4279   -3.9513   -4.5646    0.0000    0.0000  -10.0000  -10.0000  0.4923E+11  0.2000E+09  0.0000E+00  0.0000E+00  0.1000E-09  0.1000E-09  0.1000E-09  0.1000E-09  0.1194E+05  0.1896E+00
 7409.7085 14 14   26.3818    6.4279   26.3818    6.4279   -3.9513   -4.5646    0.0000    0.0000  -10.0000  -10.0000  0.4923E+11  0.2000E+09  0.0000E+00  0.0000E+00  0.1000E-09  0.1000E-09  0.1000E-09  0.1000E-09  0.1194E+05  0.1896E+00
 7419.7085 14 14   26.3818    6.4279   26.3818    6.4279   -3.9513   -4.5646    0.0000    0.0000  -10.0000  -10.0000  0.4923E+11  0.2000E+09  0.0000E+00  0.0000E+00  0.1000E-09  0.1000E-09  0.1000E-09  0.1000E-09  0.1194E+05  0.1896E+00
 7429.7085 14 14   26.3818    6.4279   26.3818    6.4279   -3.9513   -4.5646    0.0000    0.0000  -10.0000  -10.0000  0.4923E+11  0.2000E+09  0.0000E+00  0.0000E+00  0.1000E-09  0.1000E-09  0.1000E-09  0.1000E-09  0.1194E+05  0.1896E+00
 7439.7085 14 14   26.3818    6.4279   26.3818    6.4279   -3.9513   -4.5646    0.0000    0.0000  -10.0000  -10.0000  0.4923E+11  0.2000E+09  0.0000E+00  0.0000E+00  0.1000E-09  0.1000E-09  0.1000E-09  0.1000E-09  0.1194E+05  0.1896E+00
 7449.7085 14 14   26.3818    6.4279   26.3818    6.4279   -3.9513   -4.5646    0.0000    0.0000  -10.0000  -10.0000  0.4923E+11  0.2000E+09  0.0000E+00  0.0000E+00  0.1000E-09  0.1000E-09  0.1000E-09  0.1000E-09  0.1194E+05  0.1896E+00
 7459.7085 14 14   26.3818    6.4279   26.3818    6.4279   -3.9513   -4.5646    0.0000    0.0000  -10.0000  -10.0000  0.4923E+11  0.2000E+09  0.0000E+00  0.0000E+00  0.1000E-09  0.1000E-09  0.1000E-09  0.1000E-09  0.1194E+05  0.1896E+00
 7469.7085 14 14   26.3818    6.4279   26.3818    6.4279   -3.9513   -4.5646    0.0000    0.0000  -10.0000  -10.0000  0.4923E+11  0.2000E+09  0.0000E+00  0.0000E+00  0.1000E-09  0.1000E-09  0.1000E-09  0.1000E-09  0.1194E+05  0.1896E+00
 7479.7085 14 14   26.3818    6.4279   26.3818    6.4279   -3.9513   -4.5646    0.0000    0.0000  -10.0000  -10.0000  0.4923E+11  0.2000E+09  0.0000E+00  0.0000E+00  0.1000E-09  0.1000E-09  0.1000E-09  0.1000E-09  0.1194E+05  0.1896E+00
 7489.7085 14 14   26.3818    6.4279   26.3818    6.4279   -3.9513   -4.5646    0.0000    0.0000  -10.0000  -10.0000  0.4923E+11  0.2000E+09  0.0000E+00  0.0000E+00  0.1000E-09  0.1000E-09  0.1000E-09  0.1000E-09  0.1194E+05  0.1896E+00
 7499.7085 14 14   26.3818    6.4279   26.3818    6.4279   -3.9513   -4.5646    0.0000    0.0000  -10.0000  -10.0000  0.4923E+11  0.2000E+09  0.0000E+00  0.0000E+00  0.1000E-09  0.1000E-09  0.1000E-09  0.1000E-09  0.1194E+05  0.1896E+00
 7509.7085 14 14   26.3818    6.4279   26.3818    6.4279   -3.9513   -4.5646    0.0000    0.0000  -10.0000  -10.0000  0.4923E+11  0.2000E+09  0.0000E+00  0.0000E+00  0.1000E-09  0.1000E-09  0.1000E-09  0.1000E-09  0.1194E+05  0.1896E+00
 7519.7085 14 14   26.3818    6.4279   26.3818    6.4279   -3.9513   -4.5646    0.0000    0.0000  -10.0000  -10.0000  0.4923E+11  0.2000E+09  0.0000E+00  0.0000E+00  0.1000E-09  0.1000E-09  0.1000E-09  0.1000E-09  0.1194E+05  0.1896E+00
 7529.7085 14 14   26.3818    6.4279   26.3818    6.4279   -3.9513   -4.5646    0.0000    0.0000  -10.0000  -10.0000  0.4923E+11  0.2000E+09  0.0000E+00  0.0000E+00  0.1000E-09  0.1000E-09  0.1000E-09  0.1000E-09  0.1194E+05  0.1896E+00
 7539.7085 14 14   26.3818    6.4279   26.3818    6.4279   -3.9513   -4.5646    0.0000    0.0000  -10.0000  -10.0000  0.4923E+11  0.2000E+09  0.0000E+00  0.0000E+00  0.1000E-09  0.1000E-09  0.1000E-09  0.1000E-09  0.1194E+05  0.1896E+00
 7549.7085 14 14   26.3818    6.4279   26.3818    6.4279   -3.9513   -4.5646    0.0000    0.0000  -10.0000  -10.0000  0.4923E+11  0.2000E+09  0.0000E+00  0.0000E+00  0.1000E-09  0.1000E-09  0.1000E-09  0.1000E-09  0.1194E+05  0.1896E+00
 7559.7085 14 14   26.3818    6.4279   26.3818    6.4279   -3.9513   -4.5646    0.0000    0.0000  -10.0000  -10.0000  0.4923E+11  0.2000E+09  0.0000E+00  0.0000E+00  0.1000E-09  0.1000E-09  0.1000E-09  0.1000E-09  0.1194E+05  0.1896E+00
 7569.7085 14 14   26.3818    6.4279   26.3818    6.4279   -3.9513   -4.5646    0.0000    0.0000  -10.0000  -10.0000  0.4923E+11  0.2000E+09  0.0000E+00  0.0000E+00  0.1000E-09  0.1000E-09  0.1000E-09  0.1000E-09  0.1194E+05  0.1896E+00
 7579.7085 14 14   26.3818    6.4279   26.3818    6.4279   -3.9513   -4.5646    0.0000    0.0000  -10.0000  -10.0000  0.4923E+11  0.2000E+09  0.0000E+00  0.0000E+00  0.1000E-09  0.1000E-09  0.1000E-09  0.1000E-09  0.1194E+05  0.1896E+00
 7589.7085 14 14   26.3818    6.4279   26.3818    6.4279   -3.9513   -4.5646    0.0000    0.0000  -10.0000  -10.0000  0.4923E+11  0.2000E+09  0.0000E+00  0.0000E+00  0.1000E-09  0.1000E-09  0.1000E-09  0.1000E-09  0.1194E+05  0.1896E+00
 7599.7085 14 14   26.3818    6.4279   26.3818    6.4279   -3.9513   -4.5646    0.0000    0.0000  -10.0000  -10.0000  0.4923E+11  0.2000E+09  0.0000E+00  0.0000E+00  0.1000E-09  0.1000E-09  0.1000E-09  0.1000E-09  0.1194E+05  0.1896E+00
 7609.7085 14 14   26.3818    6.4279   26.3818    6.4279   -3.9513   -4.5646    0.0000    0.0000  -10.0000  -10.0000  0.4923E+11  0.2000E+09  0.0000E+00  0.0000E+00  0.1000E-09  0.1000E-09  0.1000E-09  0.1000E-09  0.1194E+05  0.1896E+00
 7619.7085 14 14   26.3818    6.4279   26.3818    6.4279   -3.9513   -4.5646    0.0000    0.0000  -10.0000  -10.0000  0.4923E+11  0.2000E+09  0.0000E+00  0.0000E+00  0.1000E-09  0.1000E-09  0.1000E-09  0.1000E-09  0.1194E+05  0.1896E+00
 7629.7085 14 14   26.3818    6.4279   26.3818    6.4279   -3.9513   -4.5646    0.0000    0.0000  -10.0000  -10.0000  0.4923E+11  0.2000E+09  0.0000E+00  0.0000E+00  0.1000E-09  0.1000E-09  0.1000E-09  0.1000E-09  0.1194E+05  0.1896E+00
 7639.7085 14 14   26.3818    6.4279   26.3818    6.4279   -3.9513   -4.5646    0.0000    0.0000  -10.0000  -10.0000  0.4923E+11  0.2000E+09  0.0000E+00  0.0000E+00  0.1000E-09  0.1000E-09  0.1000E-09  0.1000E-09  0.1194E+05  0.1896E+00
 7649.7085 14 14   26.3818    6.4279   26.3818    6.4279   -3.9513   -4.5646    0.0000    0.0000  -10.0000  -10.0000  0.4923E+11  0.2000E+09  0.0000E+00  0.0000E+00  0.1000E-09  0.1000E-09  0.1000E-09  0.1000E-09  0.1194E+05  0.1896E+00
 7659.7085 14 14   26.3818    6.4279   26.3818    6.4279   -3.9513   -4.5646    0.0000    0.0000  -10.0000  -10.0000  0.4923E+11  0.2000E+09  0.0000E+00  0.0000E+00  0.1000E-09  0.1000E-09  0.1000E-09  0.1000E-09  0.1194E+05  0.1896E+00
 7669.7085 14 14   26.3818    6.4279   26.3818    6.4279   -3.9513   -4.5646    0.0000    0.0000  -10.0000  -10.0000  0.4923E+11  0.2000E+09  0.0000E+00  0.0000E+00  0.1000E-09  0.1000E-09  0.1000E-09  0.1000E-09  0.1194E+05  0.1896E+00
 7679.7085 14 14   26.3818    6.4279   26.3818    6.4279   -3.9513   -4.5646    0.0000    0.0000  -10.0000  -10.0000  0.4923E+11  0.2000E+09  0.0000E+00  0.0000E+00  0.1000E-09  0.1000E-09  0.1000E-09  0.1000E-09  0.1194E+05  0.1896E+00
 7689.7085 14 14   26.3818    6.4279   26.3818    6.4279   -3.9513   -4.5646    0.0000    0.0000  -10.0000  -10.0000  0.4923E+11  0.2000E+09  0.0000E+00  0.0000E+00  0.1000E-09  0.1000E-09  0.1000E-09  0.1000E-09  0.1194E+05  0.1896E+00
 7699.7085 14 14   26.3818    6.4279   26.3818    6.4279   -3.9513   -4.5646    0.0000    0.0000  -10.0000  -10.0000  0.4923E+11  0.2000E+09  0.0000E+00  0.0000E+00  0.1000E-09  0.1000E-09  0.1000E-09  0.1000E-09  0.1194E+05  0.1896E+00
 7709.7085 14 14   26.3818    6.4279   26.3818    6.4279   -3.9513   -4.5646    0.0000    0.0000  -10.0000  -10.0000  0.4923E+11  0.2000E+09  0.0000E+00  0.0000E+00  0.1000E-09  0.1000E-09  0.1000E-09  0.1000E-09  0.1194E+05  0.1896E+00
 7719.7085 14 14   26.3818    6.4279   26.3818    6.4279   -3.9513   -4.5646    0.0000    0.0000  -10.0000  -10.0000  0.4923E+11  0.2000E+09  0.0000E+00  0.0000E+00  0.1000E-09  0.1000E-09  0.1000E-09  0.1000E-09  0.1194E+05  0.1896E+00
 7729.7085 14 14   26.3818    6.4279   26.3818    6.4279   -3.9513   -4.5646    0.0000    0.0000  -10.0000  -10.0000  0.4923E+11  0.2000E+09  0.0000E+00  0.0000E+00  0.1000E-09  0.1000E-09  0.1000E-09  0.1000E-09  0.1194E+05  0.1896E+00
 7739.7085 14 14   26.3818    6.4279   26.3818    6.4279   -3.9513   -4.5646    0.0000    0.0000  -10.0000  -10.0000  0.4923E+11  0.2000E+09  0.0000E+00  0.0000E+00  0.1000E-09  0.1000E-09  0.1000E-09  0.1000E-09  0.1194E+05  0.1896E+00
 7749.7085 14 14   26.3818    6.4279   26.3818    6.4279   -3.9513   -4.5646    0.0000    0.0000  -10.0000  -10.0000  0.4923E+11  0.2000E+09  0.0000E+00  0.0000E+00  0.1000E-09  0.1000E-09  0.1000E-09  0.1000E-09  0.1194E+05  0.1896E+00
 7759.7085 14 14   26.3818    6.4279   26.3818    6.4279   -3.9513   -4.5646    0.0000    0.0000  -10.0000  -10.0000  0.4923E+11  0.2000E+09  0.0000E+00  0.0000E+00  0.1000E-09  0.1000E-09  0.1000E-09  0.1000E-09  0.1194E+05  0.1896E+00
 7769.7085 14 14   26.3818    6.4279   26.3818    6.4279   -3.9513   -4.5646    0.0000    0.0000  -10.0000  -10.0000  0.4923E+11  0.2000E+09  0.0000E+00  0.0000E+00  0.1000E-09  0.1000E-09  0.1000E-09  0.1000E-09  0.1194E+05  0.1896E+00
 7779.7085 14 14   26.3818    6.4279   26.3818    6.4279   -3.9513   -4.5646    0.0000    0.0000  -10.0000  -10.0000  0.4923E+11  0.2000E+09  0.0000E+00  0.0000E+00  0.1000E-09  0.1000E-09  0.1000E-09  0.1000E-09  0.1194E+05  0.1896E+00
 7789.7085 14 14   26.3818    6.4279   26.3818    6.4279   -3.9513   -4.5646    0.0000    0.0000  -10.0000  -10.0000  0.4923E+11  0.2000E+09  0.0000E+00  0.0000E+00  0.1000E-09  0.1000E-09  0.1000E-09  0.1000E-09  0.1194E+05  0.1896E+00
 7799.7085 14 14   26.3818    6.4279   26.3818    6.4279   -3.9513   -4.5646    0.0000    0.0000  -10.0000  -10.0000  0.4923E+11  0.2000E+09  0.0000E+00  0.0000E+00  0.1000E-09  0.1000E-09  0.1000E-09  0.1000E-09  0.1194E+05  0.1896E+00
 7809.7085 14 14   26.3818    6.4279   26.3818    6.4279   -3.9513   -4.5646    0.0000    0.0000  -10.0000  -10.0000  0.4923E+11  0.2000E+09  0.0000E+00  0.0000E+00  0.1000E-09  0.1000E-09  0.1000E-09  0.1000E-09  0.1194E+05  0.1896E+00
 7819.7085 14 14   26.3818    6.4279   26.3818    6.4279   -3.9513   -4.5646    0.0000    0.0000  -10.0000  -10.0000  0.4923E+11  0.2000E+09  0.0000E+00  0.0000E+00  0.1000E-09  0.1000E-09  0.1000E-09  0.1000E-09  0.1194E+05  0.1896E+00
 7829.7085 14 14   26.3818    6.4279   26.3818    6.4279   -3.9513   -4.5646    0.0000    0.0000  -10.0000  -10.0000  0.4923E+11  0.2000E+09  0.0000E+00  0.0000E+00  0.1000E-09  0.1000E-09  0.1000E-09  0.1000E-09  0.1194E+05  0.1896E+00
 7839.7085 14 14   26.3818    6.4279   26.3818    6.4279   -3.9513   -4.5646    0.0000    0.0000  -10.0000  -10.0000  0.4923E+11  0.2000E+09  0.0000E+00  0.0000E+00  0.1000E-09  0.1000E-09  0.1000E-09  0.1000E-09  0.1194E+05  0.1896E+00
 7849.7085 14 14   26.3818    6.4279   26.3818    6.4279   -3.9513   -4.5646    0.0000    0.0000  -10.0000  -10.0000  0.4923E+11  0.2000E+09  0.0000E+00  0.0000E+00  0.1000E-09  0.1000E-09  0.1000E-09  0.1000E-09  0.1194E+05  0.1896E+00
 7859.7085 14 14   26.3818    6.4279   26.3818    6.4279   -3.9513   -4.5646    0.0000    0.0000  -10.0000  -10.0000  0.4923E+11  0.2000E+09  0.0000E+00  0.0000E+00  0.1000E-09  0.1000E-09  0.1000E-09  0.1000E-09  0.1194E+05  0.1896E+00
 7869.7085 14 14   26.3818    6.4279   26.3818    6.4279   -3.9513   -4.5646    0.0000    0.0000  -10.0000  -10.0000  0.4923E+11  0.2000E+09  0.0000E+00  0.0000E+00  0.1000E-09  0.1000E-09  0.1000E-09  0.1000E-09  0.1194E+05  0.1896E+00
 7879.7085 14 14   26.3818    6.4279   26.3818    6.4279   -3.9513   -4.5646    0.0000    0.0000  -10.0000  -10.0000  0.4923E+11  0.2000E+09  0.0000E+00  0.0000E+00  0.1000E-09  0.1000E-09  0.1000E-09  0.1000E-09  0.1194E+05  0.1896E+00
 7889.7085 14 14   26.3818    6.4279   26.3818    6.4279   -3.9513   -4.5646    0.0000    0.0000  -10.0000  -10.0000  0.4923E+11  0.2000E+09  0.0000E+00  0.0000E+00  0.1000E-09  0.1000E-09  0.1000E-09  0.1000E-09  0.1194E+05  0.1896E+00
 7899.7085 14 14   26.3818    6.4279   26.3818    6.4279   -3.9513   -4.5646    0.0000    0.0000  -10.0000  -10.0000  0.4923E+11  0.2000E+09  0.0000E+00  0.0000E+00  0.1000E-09  0.1000E-09  0.1000E-09  0.1000E-09  0.1194E+05  0.1896E+00
 7909.7085 14 14   26.3818    6.4279   26.3818    6.4279   -3.9513   -4.5646    0.0000    0.0000  -10.0000  -10.0000  0.4923E+11  0.2000E+09  0.0000E+00  0.0000E+00  0.1000E-09  0.1000E-09  0.1000E-09  0.1000E-09  0.1194E+05  0.1896E+00
 7919.7085 14 14   26.3818    6.4279   26.3818    6.4279   -3.9513   -4.5646    0.0000    0.0000  -10.0000  -10.0000  0.4923E+11  0.2000E+09  0.0000E+00  0.0000E+00  0.1000E-09  0.1000E-09  0.1000E-09  0.1000E-09  0.1194E+05  0.1896E+00
 7929.7085 14 14   26.3818    6.4279   26.3818    6.4279   -3.9513   -4.5646    0.0000    0.0000  -10.0000  -10.0000  0.4923E+11  0.2000E+09  0.0000E+00  0.0000E+00  0.1000E-09  0.1000E-09  0.1000E-09  0.1000E-09  0.1194E+05  0.1896E+00
 7939.7085 14 14   26.3818    6.4279   26.3818    6.4279   -3.9513   -4.5646    0.0000    0.0000  -10.0000  -10.0000  0.4923E+11  0.2000E+09  0.0000E+00  0.0000E+00  0.1000E-09  0.1000E-09  0.1000E-09  0.1000E-09  0.1194E+05  0.1896E+00
 7949.7085 14 14   26.3818    6.4279   26.3818    6.4279   -3.9513   -4.5646    0.0000    0.0000  -10.0000  -10.0000  0.4923E+11  0.2000E+09  0.0000E+00  0.0000E+00  0.1000E-09  0.1000E-09  0.1000E-09  0.1000E-09  0.1194E+05  0.1896E+00
 7959.7085 14 14   26.3818    6.4279   26.3818    6.4279   -3.9513   -4.5646    0.0000    0.0000  -10.0000  -10.0000  0.4923E+11  0.2000E+09  0.0000E+00  0.0000E+00  0.1000E-09  0.1000E-09  0.1000E-09  0.1000E-09  0.1194E+05  0.1896E+00
 7969.7085 14 14   26.3818    6.4279   26.3818    6.4279   -3.9513   -4.5646    0.0000    0.0000  -10.0000  -10.0000  0.4923E+11  0.2000E+09  0.0000E+00  0.0000E+00  0.1000E-09  0.1000E-09  0.1000E-09  0.1000E-09  0.1194E+05  0.1896E+00
 7979.7085 14 14   26.3818    6.4279   26.3818    6.4279   -3.9513   -4.5646    0.0000    0.0000  -10.0000  -10.0000  0.4923E+11  0.2000E+09  0.0000E+00  0.0000E+00  0.1000E-09  0.1000E-09  0.1000E-09  0.1000E-09  0.1194E+05  0.1896E+00
 7989.7085 14 14   26.3818    6.4279   26.3818    6.4279   -3.9513   -4.5646    0.0000    0.0000  -10.0000  -10.0000  0.4923E+11  0.2000E+09  0.0000E+00  0.0000E+00  0.1000E-09  0.1000E-09  0.1000E-09  0.1000E-09  0.1194E+05  0.1896E+00
 7999.7085 14 14   26.3818    6.4279   26.3818    6.4279   -3.9513   -4.5646    0.0000    0.0000  -10.0000  -10.0000  0.4923E+11  0.2000E+09  0.0000E+00  0.0000E+00  0.1000E-09  0.1000E-09  0.1000E-09  0.1000E-09  0.1194E+05  0.1896E+00
 8009.7085 14 14   26.3818    6.4279   26.3818    6.4279   -3.9513   -4.5646    0.0000    0.0000  -10.0000  -10.0000  0.4923E+11  0.2000E+09  0.0000E+00  0.0000E+00  0.1000E-09  0.1000E-09  0.1000E-09  0.1000E-09  0.1194E+05  0.1896E+00
 8019.7085 14 14   26.3818    6.4279   26.3818    6.4279   -3.9513   -4.5646    0.0000    0.0000  -10.0000  -10.0000  0.4923E+11  0.2000E+09  0.0000E+00  0.0000E+00  0.1000E-09  0.1000E-09  0.1000E-09  0.1000E-09  0.1194E+05  0.1896E+00
 8029.7085 14 14   26.3818    6.4279   26.3818    6.4279   -3.9513   -4.5646    0.0000    0.0000  -10.0000  -10.0000  0.4923E+11  0.2000E+09  0.0000E+00  0.0000E+00  0.1000E-09  0.1000E-09  0.1000E-09  0.1000E-09  0.1194E+05  0.1896E+00
 8039.7085 14 14   26.3818    6.4279   26.3818    6.4279   -3.9513   -4.5646    0.0000    0.0000  -10.0000  -10.0000  0.4923E+11  0.2000E+09  0.0000E+00  0.0000E+00  0.1000E-09  0.1000E-09  0.1000E-09  0.1000E-09  0.1194E+05  0.1896E+00
 8049.7085 14 14   26.3818    6.4279   26.3818    6.4279   -3.9513   -4.5646    0.0000    0.0000  -10.0000  -10.0000  0.4923E+11  0.2000E+09  0.0000E+00  0.0000E+00  0.1000E-09  0.1000E-09  0.1000E-09  0.1000E-09  0.1194E+05  0.1896E+00
 8059.7085 14 14   26.3818    6.4279   26.3818    6.4279   -3.9513   -4.5646    0.0000    0.0000  -10.0000  -10.0000  0.4923E+11  0.2000E+09  0.0000E+00  0.0000E+00  0.1000E-09  0.1000E-09  0.1000E-09  0.1000E-09  0.1194E+05  0.1896E+00
 8069.7085 14 14   26.3818    6.4279   26.3818    6.4279   -3.9513   -4.5646    0.0000    0.0000  -10.0000  -10.0000  0.4923E+11  0.2000E+09  0.0000E+00  0.0000E+00  0.1000E-09  0.1000E-09  0.1000E-09  0.1000E-09  0.1194E+05  0.1896E+00
 8079.7085 14 14   26.3818    6.4279   26.3818    6.4279   -3.9513   -4.5646    0.0000    0.0000  -10.0000  -10.0000  0.4923E+11  0.2000E+09  0.0000E+00  0.0000E+00  0.1000E-09  0.1000E-09  0.1000E-09  0.1000E-09  0.1194E+05  0.1896E+00
 8089.7085 14 14   26.3818    6.4279   26.3818    6.4279   -3.9513   -4.5646    0.0000    0.0000  -10.0000  -10.0000  0.4923E+11  0.2000E+09  0.0000E+00  0.0000E+00  0.1000E-09  0.1000E-09  0.1000E-09  0.1000E-09  0.1194E+05  0.1896E+00
 8099.7085 14 14   26.3818    6.4279   26.3818    6.4279   -3.9513   -4.5646    0.0000    0.0000  -10.0000  -10.0000  0.4923E+11  0.2000E+09  0.0000E+00  0.0000E+00  0.1000E-09  0.1000E-09  0.1000E-09  0.1000E-09  0.1194E+05  0.1896E+00
 8109.7085 14 14   26.3818    6.4279   26.3818    6.4279   -3.9513   -4.5646    0.0000    0.0000  -10.0000  -10.0000  0.4923E+11  0.2000E+09  0.0000E+00  0.0000E+00  0.1000E-09  0.1000E-09  0.1000E-09  0.1000E-09  0.1194E+05  0.1896E+00
 8119.7085 14 14   26.3818    6.4279   26.3818    6.4279   -3.9513   -4.5646    0.0000    0.0000  -10.0000  -10.0000  0.4923E+11  0.2000E+09  0.0000E+00  0.0000E+00  0.1000E-09  0.1000E-09  0.1000E-09  0.1000E-09  0.1194E+05  0.1896E+00
 8129.7085 14 14   26.3818    6.4279   26.3818    6.4279   -3.9513   -4.5646    0.0000    0.0000  -10.0000  -10.0000  0.4923E+11  0.2000E+09  0.0000E+00  0.0000E+00  0.1000E-09  0.1000E-09  0.1000E-09  0.1000E-09  0.1194E+05  0.1896E+00
 8139.7085 14 14   26.3818    6.4279   26.3818    6.4279   -3.9513   -4.5646    0.0000    0.0000  -10.0000  -10.0000  0.4923E+11  0.2000E+09  0.0000E+00  0.0000E+00  0.1000E-09  0.1000E-09  0.1000E-09  0.1000E-09  0.1194E+05  0.1896E+00
 8149.7085 14 14   26.3818    6.4279   26.3818    6.4279   -3.9513   -4.5646    0.0000    0.0000  -10.0000  -10.0000  0.4923E+11  0.2000E+09  0.0000E+00  0.0000E+00  0.1000E-09  0.1000E-09  0.1000E-09  0.1000E-09  0.1194E+05  0.1896E+00
 8159.7085 14 14   26.3818    6.4279   26.3818    6.4279   -3.9513   -4.5646    0.0000    0.0000  -10.0000  -10.0000  0.4923E+11  0.2000E+09  0.0000E+00  0.0000E+00  0.1000E-09  0.1000E-09  0.1000E-09  0.1000E-09  0.1194E+05  0.1896E+00
 8169.7085 14 14   26.3818    6.4279   26.3818    6.4279   -3.9513   -4.5646    0.0000    0.0000  -10.0000  -10.0000  0.4923E+11  0.2000E+09  0.0000E+00  0.0000E+00  0.1000E-09  0.1000E-09  0.1000E-09  0.1000E-09  0.1194E+05  0.1896E+00
 8179.7085 14 14   26.3818    6.4279   26.3818    6.4279   -3.9513   -4.5646    0.0000    0.0000  -10.0000  -10.0000  0.4923E+11  0.2000E+09  0.0000E+00  0.0000E+00  0.1000E-09  0.1000E-09  0.1000E-09  0.1000E-09  0.1194E+05  0.1896E+00
 8189.7085 14 14   26.3818    6.4279   26.3818    6.4279   -3.9513   -4.5646    0.0000    0.0000  -10.0000  -10.0000  0.4923E+11  0.2000E+09  0.0000E+00  0.0000E+00  0.1000E-09  0.1000E-09  0.1000E-09  0.1000E-09  0.1194E+05  0.1896E+00
 8199.7080 14 14   26.3818    6.4279   26.3818    6.4279   -3.9513   -4.5646    0.0000    0.0000  -10.0000  -10.0000  0.4923E+11  0.2000E+09  0.0000E+00  0.0000E+00  0.1000E-09  0.1000E-09  0.1000E-09  0.1000E-09  0.1194E+05  0.1896E+00
 8209.7080 14 14   26.3818    6.4279   26.3818    6.4279   -3.9513   -4.5646    0.0000    0.0000  -10.0000  -10.0000  0.4923E+11  0.2000E+09  0.0000E+00  0.0000E+00  0.1000E-09  0.1000E-09  0.1000E-09  0.1000E-09  0.1194E+05  0.1896E+00
 8219.7080 14 14   26.3818    6.4279   26.3818    6.4279   -3.9513   -4.5646    0.0000    0.0000  -10.0000  -10.0000  0.4923E+11  0.2000E+09  0.0000E+00  0.0000E+00  0.1000E-09  0.1000E-09  0.1000E-09  0.1000E-09  0.1194E+05  0.1896E+00
 8229.7080 14 14   26.3818    6.4279   26.3818    6.4279   -3.9513   -4.5646    0.0000    0.0000  -10.0000  -10.0000  0.4923E+11  0.2000E+09  0.0000E+00  0.0000E+00  0.1000E-09  0.1000E-09  0.1000E-09  0.1000E-09  0.1194E+05  0.1896E+00
 8239.7080 14 14   26.3818    6.4279   26.3818    6.4279   -3.9513   -4.5646    0.0000    0.0000  -10.0000  -10.0000  0.4923E+11  0.2000E+09  0.0000E+00  0.0000E+00  0.1000E-09  0.1000E-09  0.1000E-09  0.1000E-09  0.1194E+05  0.1896E+00
 8249.7080 14 14   26.3818    6.4279   26.3818    6.4279   -3.9513   -4.5646    0.0000    0.0000  -10.0000  -10.0000  0.4923E+11  0.2000E+09  0.0000E+00  0.0000E+00  0.1000E-09  0.1000E-09  0.1000E-09  0.1000E-09  0.1194E+05  0.1896E+00
 8259.7080 14 14   26.3818    6.4279   26.3818    6.4279   -3.9513   -4.5646    0.0000    0.0000  -10.0000  -10.0000  0.4923E+11  0.2000E+09  0.0000E+00  0.0000E+00  0.1000E-09  0.1000E-09  0.1000E-09  0.1000E-09  0.1194E+05  0.1896E+00
 8269.7080 14 14   26.3818    6.4279   26.3818    6.4279   -3.9513   -4.5646    0.0000    0.0000  -10.0000  -10.0000  0.4923E+11  0.2000E+09  0.0000E+00  0.0000E+00  0.1000E-09  0.1000E-09  0.1000E-09  0.1000E-09  0.1194E+05  0.1896E+00
 8279.7080 14 14   26.3818    6.4279   26.3818    6.4279   -3.9513   -4.5646    0.0000    0.0000  -10.0000  -10.0000  0.4923E+11  0.2000E+09  0.0000E+00  0.0000E+00  0.1000E-09  0.1000E-09  0.1000E-09  0.1000E-09  0.1194E+05  0.1896E+00
 8289.7080 14 14   26.3818    6.4279   26.3818    6.4279   -3.9513   -4.5646    0.0000    0.0000  -10.0000  -10.0000  0.4923E+11  0.2000E+09  0.0000E+00  0.0000E+00  0.1000E-09  0.1000E-09  0.1000E-09  0.1000E-09  0.1194E+05  0.1896E+00
 8299.7080 14 14   26.3818    6.4279   26.3818    6.4279   -3.9513   -4.5646    0.0000    0.0000  -10.0000  -10.0000  0.4923E+11  0.2000E+09  0.0000E+00  0.0000E+00  0.1000E-09  0.1000E-09  0.1000E-09  0.1000E-09  0.1194E+05  0.1896E+00
 8309.7080 14 14   26.3818    6.4279   26.3818    6.4279   -3.9513   -4.5646    0.0000    0.0000  -10.0000  -10.0000  0.4923E+11  0.2000E+09  0.0000E+00  0.0000E+00  0.1000E-09  0.1000E-09  0.1000E-09  0.1000E-09  0.1194E+05  0.1896E+00
 8319.7080 14 14   26.3818    6.4279   26.3818    6.4279   -3.9513   -4.5646    0.0000    0.0000  -10.0000  -10.0000  0.4923E+11  0.2000E+09  0.0000E+00  0.0000E+00  0.1000E-09  0.1000E-09  0.1000E-09  0.1000E-09  0.1194E+05  0.1896E+00
 8329.7080 14 14   26.3818    6.4279   26.3818    6.4279   -3.9513   -4.5646    0.0000    0.0000  -10.0000  -10.0000  0.4923E+11  0.2000E+09  0.0000E+00  0.0000E+00  0.1000E-09  0.1000E-09  0.1000E-09  0.1000E-09  0.1194E+05  0.1896E+00
 8339.7080 14 14   26.3818    6.4279   26.3818    6.4279   -3.9513   -4.5646    0.0000    0.0000  -10.0000  -10.0000  0.4923E+11  0.2000E+09  0.0000E+00  0.0000E+00  0.1000E-09  0.1000E-09  0.1000E-09  0.1000E-09  0.1194E+05  0.1896E+00
 8349.7080 14 14   26.3818    6.4279   26.3818    6.4279   -3.9513   -4.5646    0.0000    0.0000  -10.0000  -10.0000  0.4923E+11  0.2000E+09  0.0000E+00  0.0000E+00  0.1000E-09  0.1000E-09  0.1000E-09  0.1000E-09  0.1194E+05  0.1896E+00
 8359.7080 14 14   26.3818    6.4279   26.3818    6.4279   -3.9513   -4.5646    0.0000    0.0000  -10.0000  -10.0000  0.4923E+11  0.2000E+09  0.0000E+00  0.0000E+00  0.1000E-09  0.1000E-09  0.1000E-09  0.1000E-09  0.1194E+05  0.1896E+00
 8369.7080 14 14   26.3818    6.4279   26.3818    6.4279   -3.9513   -4.5646    0.0000    0.0000  -10.0000  -10.0000  0.4923E+11  0.2000E+09  0.0000E+00  0.0000E+00  0.1000E-09  0.1000E-09  0.1000E-09  0.1000E-09  0.1194E+05  0.1896E+00
 8379.7080 14 14   26.3818    6.4279   26.3818    6.4279   -3.9513   -4.5646    0.0000    0.0000  -10.0000  -10.0000  0.4923E+11  0.2000E+09  0.0000E+00  0.0000E+00  0.1000E-09  0.1000E-09  0.1000E-09  0.1000E-09  0.1194E+05  0.1896E+00
 8389.7080 14 14   26.3818    6.4279   26.3818    6.4279   -3.9513   -4.5646    0.0000    0.0000  -10.0000  -10.0000  0.4923E+11  0.2000E+09  0.0000E+00  0.0000E+00  0.1000E-09  0.1000E-09  0.1000E-09  0.1000E-09  0.1194E+05  0.1896E+00
 8399.7080 14 14   26.3818    6.4279   26.3818    6.4279   -3.9513   -4.5646    0.0000    0.0000  -10.0000  -10.0000  0.4923E+11  0.2000E+09  0.0000E+00  0.0000E+00  0.1000E-09  0.1000E-09  0.1000E-09  0.1000E-09  0.1194E+05  0.1896E+00
 8409.7080 14 14   26.3818    6.4279   26.3818    6.4279   -3.9513   -4.5646    0.0000    0.0000  -10.0000  -10.0000  0.4923E+11  0.2000E+09  0.0000E+00  0.0000E+00  0.1000E-09  0.1000E-09  0.1000E-09  0.1000E-09  0.1194E+05  0.1896E+00
 8419.7080 14 14   26.3818    6.4279   26.3818    6.4279   -3.9513   -4.5646    0.0000    0.0000  -10.0000  -10.0000  0.4923E+11  0.2000E+09  0.0000E+00  0.0000E+00  0.1000E-09  0.1000E-09  0.1000E-09  0.1000E-09  0.1194E+05  0.1896E+00
 8429.7080 14 14   26.3818    6.4279   26.3818    6.4279   -3.9513   -4.5646    0.0000    0.0000  -10.0000  -10.0000  0.4923E+11  0.2000E+09  0.0000E+00  0.0000E+00  0.1000E-09  0.1000E-09  0.1000E-09  0.1000E-09  0.1194E+05  0.1896E+00
 8439.7080 14 14   26.3818    6.4279   26.3818    6.4279   -3.9513   -4.5646    0.0000    0.0000  -10.0000  -10.0000  0.4923E+11  0.2000E+09  0.0000E+00  0.0000E+00  0.1000E-09  0.1000E-09  0.1000E-09  0.1000E-09  0.1194E+05  0.1896E+00
 8449.7080 14 14   26.3818    6.4279   26.3818    6.4279   -3.9513   -4.5646    0.0000    0.0000  -10.0000  -10.0000  0.4923E+11  0.2000E+09  0.0000E+00  0.0000E+00  0.1000E-09  0.1000E-09  0.1000E-09  0.1000E-09  0.1194E+05  0.1896E+00
 8459.7080 14 14   26.3818    6.4279   26.3818    6.4279   -3.9513   -4.5646    0.0000    0.0000  -10.0000  -10.0000  0.4923E+11  0.2000E+09  0.0000E+00  0.0000E+00  0.1000E-09  0.1000E-09  0.1000E-09  0.1000E-09  0.1194E+05  0.1896E+00
 8469.7080 14 14   26.3818    6.4279   26.3818    6.4279   -3.9513   -4.5646    0.0000    0.0000  -10.0000  -10.0000  0.4923E+11  0.2000E+09  0.0000E+00  0.0000E+00  0.1000E-09  0.1000E-09  0.1000E-09  0.1000E-09  0.1194E+05  0.1896E+00
 8479.7080 14 14   26.3818    6.4279   26.3818    6.4279   -3.9513   -4.5646    0.0000    0.0000  -10.0000  -10.0000  0.4923E+11  0.2000E+09  0.0000E+00  0.0000E+00  0.1000E-09  0.1000E-09  0.1000E-09  0.1000E-09  0.1194E+05  0.1896E+00
 8489.7080 14 14   26.3818    6.4279   26.3818    6.4279   -3.9513   -4.5646    0.0000    0.0000  -10.0000  -10.0000  0.4923E+11  0.2000E+09  0.0000E+00  0.0000E+00  0.1000E-09  0.1000E-09  0.1000E-09  0.1000E-09  0.1194E+05  0.1896E+00
 8499.7080 14 14   26.3818    6.4279   26.3818    6.4279   -3.9513   -4.5646    0.0000    0.0000  -10.0000  -10.0000  0.4923E+11  0.2000E+09  0.0000E+00  0.0000E+00  0.1000E-09  0.1000E-09  0.1000E-09  0.1000E-09  0.1194E+05  0.1896E+00
 8509.7080 14 14   26.3818    6.4279   26.3818    6.4279   -3.9513   -4.5646    0.0000    0.0000  -10.0000  -10.0000  0.4923E+11  0.2000E+09  0.0000E+00  0.0000E+00  0.1000E-09  0.1000E-09  0.1000E-09  0.1000E-09  0.1194E+05  0.1896E+00
 8519.7080 14 14   26.3818    6.4279   26.3818    6.4279   -3.9513   -4.5646    0.0000    0.0000  -10.0000  -10.0000  0.4923E+11  0.2000E+09  0.0000E+00  0.0000E+00  0.1000E-09  0.1000E-09  0.1000E-09  0.1000E-09  0.1194E+05  0.1896E+00
 8529.7080 14 14   26.3818    6.4279   26.3818    6.4279   -3.9513   -4.5646    0.0000    0.0000  -10.0000  -10.0000  0.4923E+11  0.2000E+09  0.0000E+00  0.0000E+00  0.1000E-09  0.1000E-09  0.1000E-09  0.1000E-09  0.1194E+05  0.1896E+00
 8539.7080 14 14   26.3818    6.4279   26.3818    6.4279   -3.9513   -4.5646    0.0000    0.0000  -10.0000  -10.0000  0.4923E+11  0.2000E+09  0.0000E+00  0.0000E+00  0.1000E-09  0.1000E-09  0.1000E-09  0.1000E-09  0.1194E+05  0.1896E+00
 8549.7080 14 14   26.3818    6.4279   26.3818    6.4279   -3.9513   -4.5646    0.0000    0.0000  -10.0000  -10.0000  0.4923E+11  0.2000E+09  0.0000E+00  0.0000E+00  0.1000E-09  0.1000E-09  0.1000E-09  0.1000E-09  0.1194E+05  0.1896E+00
 8559.7080 14 14   26.3818    6.4279   26.3818    6.4279   -3.9513   -4.5646    0.0000    0.0000  -10.0000  -10.0000  0.4923E+11  0.2000E+09  0.0000E+00  0.0000E+00  0.1000E-09  0.1000E-09  0.1000E-09  0.1000E-09  0.1194E+05  0.1896E+00
 8569.7080 14 14   26.3818    6.4279   26.3818    6.4279   -3.9513   -4.5646    0.0000    0.0000  -10.0000  -10.0000  0.4923E+11  0.2000E+09  0.0000E+00  0.0000E+00  0.1000E-09  0.1000E-09  0.1000E-09  0.1000E-09  0.1194E+05  0.1896E+00
 8579.7080 14 14   26.3818    6.4279   26.3818    6.4279   -3.9513   -4.5646    0.0000    0.0000  -10.0000  -10.0000  0.4923E+11  0.2000E+09  0.0000E+00  0.0000E+00  0.1000E-09  0.1000E-09  0.1000E-09  0.1000E-09  0.1194E+05  0.1896E+00
 8589.7080 14 14   26.3818    6.4279   26.3818    6.4279   -3.9513   -4.5646    0.0000    0.0000  -10.0000  -10.0000  0.4923E+11  0.2000E+09  0.0000E+00  0.0000E+00  0.1000E-09  0.1000E-09  0.1000E-09  0.1000E-09  0.1194E+05  0.1896E+00
 8599.7080 14 14   26.3818    6.4279   26.3818    6.4279   -3.9513   -4.5646    0.0000    0.0000  -10.0000  -10.0000  0.4923E+11  0.2000E+09  0.0000E+00  0.0000E+00  0.1000E-09  0.1000E-09  0.1000E-09  0.1000E-09  0.1194E+05  0.1896E+00
 8609.7080 14 14   26.3818    6.4279   26.3818    6.4279   -3.9513   -4.5646    0.0000    0.0000  -10.0000  -10.0000  0.4923E+11  0.2000E+09  0.0000E+00  0.0000E+00  0.1000E-09  0.1000E-09  0.1000E-09  0.1000E-09  0.1194E+05  0.1896E+00
 8619.7080 14 14   26.3818    6.4279   26.3818    6.4279   -3.9513   -4.5646    0.0000    0.0000  -10.0000  -10.0000  0.4923E+11  0.2000E+09  0.0000E+00  0.0000E+00  0.1000E-09  0.1000E-09  0.1000E-09  0.1000E-09  0.1194E+05  0.1896E+00
 8629.7080 14 14   26.3818    6.4279   26.3818    6.4279   -3.9513   -4.5646    0.0000    0.0000  -10.0000  -10.0000  0.4923E+11  0.2000E+09  0.0000E+00  0.0000E+00  0.1000E-09  0.1000E-09  0.1000E-09  0.1000E-09  0.1194E+05  0.1896E+00
 8639.7080 14 14   26.3818    6.4279   26.3818    6.4279   -3.9513   -4.5646    0.0000    0.0000  -10.0000  -10.0000  0.4923E+11  0.2000E+09  0.0000E+00  0.0000E+00  0.1000E-09  0.1000E-09  0.1000E-09  0.1000E-09  0.1194E+05  0.1896E+00
 8649.7080 14 14   26.3818    6.4279   26.3818    6.4279   -3.9513   -4.5646    0.0000    0.0000  -10.0000  -10.0000  0.4923E+11  0.2000E+09  0.0000E+00  0.0000E+00  0.1000E-09  0.1000E-09  0.1000E-09  0.1000E-09  0.1194E+05  0.1896E+00
 8659.7080 14 14   26.3818    6.4279   26.3818    6.4279   -3.9513   -4.5646    0.0000    0.0000  -10.0000  -10.0000  0.4923E+11  0.2000E+09  0.0000E+00  0.0000E+00  0.1000E-09  0.1000E-09  0.1000E-09  0.1000E-09  0.1194E+05  0.1896E+00
 8669.7080 14 14   26.3818    6.4279   26.3818    6.4279   -3.9513   -4.5646    0.0000    0.0000  -10.0000  -10.0000  0.4923E+11  0.2000E+09  0.0000E+00  0.0000E+00  0.1000E-09  0.1000E-09  0.1000E-09  0.1000E-09  0.1194E+05  0.1896E+00
 8679.7080 14 14   26.3818    6.4279   26.3818    6.4279   -3.9513   -4.5646    0.0000    0.0000  -10.0000  -10.0000  0.4923E+11  0.2000E+09  0.0000E+00  0.0000E+00  0.1000E-09  0.1000E-09  0.1000E-09  0.1000E-09  0.1194E+05  0.1896E+00
 8689.7080 14 14   26.3818    6.4279   26.3818    6.4279   -3.9513   -4.5646    0.0000    0.0000  -10.0000  -10.0000  0.4923E+11  0.2000E+09  0.0000E+00  0.0000E+00  0.1000E-09  0.1000E-09  0.1000E-09  0.1000E-09  0.1194E+05  0.1896E+00
 8699.7080 14 14   26.3818    6.4279   26.3818    6.4279   -3.9513   -4.5646    0.0000    0.0000  -10.0000  -10.0000  0.4923E+11  0.2000E+09  0.0000E+00  0.0000E+00  0.1000E-09  0.1000E-09  0.1000E-09  0.1000E-09  0.1194E+05  0.1896E+00
 8709.7080 14 14   26.3818    6.4279   26.3818    6.4279   -3.9513   -4.5646    0.0000    0.0000  -10.0000  -10.0000  0.4923E+11  0.2000E+09  0.0000E+00  0.0000E+00  0.1000E-09  0.1000E-09  0.1000E-09  0.1000E-09  0.1194E+05  0.1896E+00
 8719.7080 14 14   26.3818    6.4279   26.3818    6.4279   -3.9513   -4.5646    0.0000    0.0000  -10.0000  -10.0000  0.4923E+11  0.2000E+09  0.0000E+00  0.0000E+00  0.1000E-09  0.1000E-09  0.1000E-09  0.1000E-09  0.1194E+05  0.1896E+00
 8729.7080 14 14   26.3818    6.4279   26.3818    6.4279   -3.9513   -4.5646    0.0000    0.0000  -10.0000  -10.0000  0.4923E+11  0.2000E+09  0.0000E+00  0.0000E+00  0.1000E-09  0.1000E-09  0.1000E-09  0.1000E-09  0.1194E+05  0.1896E+00
 8739.7080 14 14   26.3818    6.4279   26.3818    6.4279   -3.9513   -4.5646    0.0000    0.0000  -10.0000  -10.0000  0.4923E+11  0.2000E+09  0.0000E+00  0.0000E+00  0.1000E-09  0.1000E-09  0.1000E-09  0.1000E-09  0.1194E+05  0.1896E+00
 8749.7080 14 14   26.3818    6.4279   26.3818    6.4279   -3.9513   -4.5646    0.0000    0.0000  -10.0000  -10.0000  0.4923E+11  0.2000E+09  0.0000E+00  0.0000E+00  0.1000E-09  0.1000E-09  0.1000E-09  0.1000E-09  0.1194E+05  0.1896E+00
 8759.7080 14 14   26.3818    6.4279   26.3818    6.4279   -3.9513   -4.5646    0.0000    0.0000  -10.0000  -10.0000  0.4923E+11  0.2000E+09  0.0000E+00  0.0000E+00  0.1000E-09  0.1000E-09  0.1000E-09  0.1000E-09  0.1194E+05  0.1896E+00
 8769.7080 14 14   26.3818    6.4279   26.3818    6.4279   -3.9513   -4.5646    0.0000    0.0000  -10.0000  -10.0000  0.4923E+11  0.2000E+09  0.0000E+00  0.0000E+00  0.1000E-09  0.1000E-09  0.1000E-09  0.1000E-09  0.1194E+05  0.1896E+00
 8779.7080 14 14   26.3818    6.4279   26.3818    6.4279   -3.9513   -4.5646    0.0000    0.0000  -10.0000  -10.0000  0.4923E+11  0.2000E+09  0.0000E+00  0.0000E+00  0.1000E-09  0.1000E-09  0.1000E-09  0.1000E-09  0.1194E+05  0.1896E+00
 8789.7080 14 14   26.3818    6.4279   26.3818    6.4279   -3.9513   -4.5646    0.0000    0.0000  -10.0000  -10.0000  0.4923E+11  0.2000E+09  0.0000E+00  0.0000E+00  0.1000E-09  0.1000E-09  0.1000E-09  0.1000E-09  0.1194E+05  0.1896E+00
 8799.7080 14 14   26.3818    6.4279   26.3818    6.4279   -3.9513   -4.5646    0.0000    0.0000  -10.0000  -10.0000  0.4923E+11  0.2000E+09  0.0000E+00  0.0000E+00  0.1000E-09  0.1000E-09  0.1000E-09  0.1000E-09  0.1194E+05  0.1896E+00
 8809.7080 14 14   26.3818    6.4279   26.3818    6.4279   -3.9513   -4.5646    0.0000    0.0000  -10.0000  -10.0000  0.4923E+11  0.2000E+09  0.0000E+00  0.0000E+00  0.1000E-09  0.1000E-09  0.1000E-09  0.1000E-09  0.1194E+05  0.1896E+00
 8819.7080 14 14   26.3818    6.4279   26.3818    6.4279   -3.9513   -4.5646    0.0000    0.0000  -10.0000  -10.0000  0.4923E+11  0.2000E+09  0.0000E+00  0.0000E+00  0.1000E-09  0.1000E-09  0.1000E-09  0.1000E-09  0.1194E+05  0.1896E+00
 8829.7080 14 14   26.3818    6.4279   26.3818    6.4279   -3.9513   -4.5646    0.0000    0.0000  -10.0000  -10.0000  0.4923E+11  0.2000E+09  0.0000E+00  0.0000E+00  0.1000E-09  0.1000E-09  0.1000E-09  0.1000E-09  0.1194E+05  0.1896E+00
 8839.7080 14 14   26.3818    6.4279   26.3818    6.4279   -3.9513   -4.5646    0.0000    0.0000  -10.0000  -10.0000  0.4923E+11  0.2000E+09  0.0000E+00  0.0000E+00  0.1000E-09  0.1000E-09  0.1000E-09  0.1000E-09  0.1194E+05  0.1896E+00
 8849.7080 14 14   26.3818    6.4279   26.3818    6.4279   -3.9513   -4.5646    0.0000    0.0000  -10.0000  -10.0000  0.4923E+11  0.2000E+09  0.0000E+00  0.0000E+00  0.1000E-09  0.1000E-09  0.1000E-09  0.1000E-09  0.1194E+05  0.1896E+00
 8859.7080 14 14   26.3818    6.4279   26.3818    6.4279   -3.9513   -4.5646    0.0000    0.0000  -10.0000  -10.0000  0.4923E+11  0.2000E+09  0.0000E+00  0.0000E+00  0.1000E-09  0.1000E-09  0.1000E-09  0.1000E-09  0.1194E+05  0.1896E+00
 8869.7080 14 14   26.3818    6.4279   26.3818    6.4279   -3.9513   -4.5646    0.0000    0.0000  -10.0000  -10.0000  0.4923E+11  0.2000E+09  0.0000E+00  0.0000E+00  0.1000E-09  0.1000E-09  0.1000E-09  0.1000E-09  0.1194E+05  0.1896E+00
 8879.7080 14 14   26.3818    6.4279   26.3818    6.4279   -3.9513   -4.5646    0.0000    0.0000  -10.0000  -10.0000  0.4923E+11  0.2000E+09  0.0000E+00  0.0000E+00  0.1000E-09  0.1000E-09  0.1000E-09  0.1000E-09  0.1194E+05  0.1896E+00
 8889.7080 14 14   26.3818    6.4279   26.3818    6.4279   -3.9513   -4.5646    0.0000    0.0000  -10.0000  -10.0000  0.4923E+11  0.2000E+09  0.0000E+00  0.0000E+00  0.1000E-09  0.1000E-09  0.1000E-09  0.1000E-09  0.1194E+05  0.1896E+00
 8899.7080 14 14   26.3818    6.4279   26.3818    6.4279   -3.9513   -4.5646    0.0000    0.0000  -10.0000  -10.0000  0.4923E+11  0.2000E+09  0.0000E+00  0.0000E+00  0.1000E-09  0.1000E-09  0.1000E-09  0.1000E-09  0.1194E+05  0.1896E+00
 8909.7080 14 14   26.3818    6.4279   26.3818    6.4279   -3.9513   -4.5646    0.0000    0.0000  -10.0000  -10.0000  0.4923E+11  0.2000E+09  0.0000E+00  0.0000E+00  0.1000E-09  0.1000E-09  0.1000E-09  0.1000E-09  0.1194E+05  0.1896E+00
 8919.7080 14 14   26.3818    6.4279   26.3818    6.4279   -3.9513   -4.5646    0.0000    0.0000  -10.0000  -10.0000  0.4923E+11  0.2000E+09  0.0000E+00  0.0000E+00  0.1000E-09  0.1000E-09  0.1000E-09  0.1000E-09  0.1194E+05  0.1896E+00
 8929.7080 14 14   26.3818    6.4279   26.3818    6.4279   -3.9513   -4.5646    0.0000    0.0000  -10.0000  -10.0000  0.4923E+11  0.2000E+09  0.0000E+00  0.0000E+00  0.1000E-09  0.1000E-09  0.1000E-09  0.1000E-09  0.1194E+05  0.1896E+00
 8939.7080 14 14   26.3818    6.4279   26.3818    6.4279   -3.9513   -4.5646    0.0000    0.0000  -10.0000  -10.0000  0.4923E+11  0.2000E+09  0.0000E+00  0.0000E+00  0.1000E-09  0.1000E-09  0.1000E-09  0.1000E-09  0.1194E+05  0.1896E+00
 8949.7080 14 14   26.3818    6.4279   26.3818    6.4279   -3.9513   -4.5646    0.0000    0.0000  -10.0000  -10.0000  0.4923E+11  0.2000E+09  0.0000E+00  0.0000E+00  0.1000E-09  0.1000E-09  0.1000E-09  0.1000E-09  0.1194E+05  0.1896E+00
 8959.7080 14 14   26.3818    6.4279   26.3818    6.4279   -3.9513   -4.5646    0.0000    0.0000  -10.0000  -10.0000  0.4923E+11  0.2000E+09  0.0000E+00  0.0000E+00  0.1000E-09  0.1000E-09  0.1000E-09  0.1000E-09  0.1194E+05  0.1896E+00
 8969.7080 14 14   26.3818    6.4279   26.3818    6.4279   -3.9513   -4.5646    0.0000    0.0000  -10.0000  -10.0000  0.4923E+11  0.2000E+09  0.0000E+00  0.0000E+00  0.1000E-09  0.1000E-09  0.1000E-09  0.1000E-09  0.1194E+05  0.1896E+00
 8979.7080 14 14   26.3818    6.4279   26.3818    6.4279   -3.9513   -4.5646    0.0000    0.0000  -10.0000  -10.0000  0.4923E+11  0.2000E+09  0.0000E+00  0.0000E+00  0.1000E-09  0.1000E-09  0.1000E-09  0.1000E-09  0.1194E+05  0.1896E+00
 8989.7080 14 14   26.3818    6.4279   26.3818    6.4279   -3.9513   -4.5646    0.0000    0.0000  -10.0000  -10.0000  0.4923E+11  0.2000E+09  0.0000E+00  0.0000E+00  0.1000E-09  0.1000E-09  0.1000E-09  0.1000E-09  0.1194E+05  0.1896E+00
 8999.7080 14 14   26.3818    6.4279   26.3818    6.4279   -3.9513   -4.5646    0.0000    0.0000  -10.0000  -10.0000  0.4923E+11  0.2000E+09  0.0000E+00  0.0000E+00  0.1000E-09  0.1000E-09  0.1000E-09  0.1000E-09  0.1194E+05  0.1896E+00
 9009.7080 14 14   26.3818    6.4279   26.3818    6.4279   -3.9513   -4.5646    0.0000    0.0000  -10.0000  -10.0000  0.4923E+11  0.2000E+09  0.0000E+00  0.0000E+00  0.1000E-09  0.1000E-09  0.1000E-09  0.1000E-09  0.1194E+05  0.1896E+00
 9019.7080 14 14   26.3818    6.4279   26.3818    6.4279   -3.9513   -4.5646    0.0000    0.0000  -10.0000  -10.0000  0.4923E+11  0.2000E+09  0.0000E+00  0.0000E+00  0.1000E-09  0.1000E-09  0.1000E-09  0.1000E-09  0.1194E+05  0.1896E+00
 9029.7080 14 14   26.3818    6.4279   26.3818    6.4279   -3.9513   -4.5646    0.0000    0.0000  -10.0000  -10.0000  0.4923E+11  0.2000E+09  0.0000E+00  0.0000E+00  0.1000E-09  0.1000E-09  0.1000E-09  0.1000E-09  0.1194E+05  0.1896E+00
 9039.7080 14 14   26.3818    6.4279   26.3818    6.4279   -3.9513   -4.5646    0.0000    0.0000  -10.0000  -10.0000  0.4923E+11  0.2000E+09  0.0000E+00  0.0000E+00  0.1000E-09  0.1000E-09  0.1000E-09  0.1000E-09  0.1194E+05  0.1896E+00
 9049.7080 14 14   26.3818    6.4279   26.3818    6.4279   -3.9513   -4.5646    0.0000    0.0000  -10.0000  -10.0000  0.4923E+11  0.2000E+09  0.0000E+00  0.0000E+00  0.1000E-09  0.1000E-09  0.1000E-09  0.1000E-09  0.1194E+05  0.1896E+00
 9059.7080 14 14   26.3818    6.4279   26.3818    6.4279   -3.9513   -4.5646    0.0000    0.0000  -10.0000  -10.0000  0.4923E+11  0.2000E+09  0.0000E+00  0.0000E+00  0.1000E-09  0.1000E-09  0.1000E-09  0.1000E-09  0.1194E+05  0.1896E+00
 9069.7080 14 14   26.3818    6.4279   26.3818    6.4279   -3.9513   -4.5646    0.0000    0.0000  -10.0000  -10.0000  0.4923E+11  0.2000E+09  0.0000E+00  0.0000E+00  0.1000E-09  0.1000E-09  0.1000E-09  0.1000E-09  0.1194E+05  0.1896E+00
 9079.7080 14 14   26.3818    6.4279   26.3818    6.4279   -3.9513   -4.5646    0.0000    0.0000  -10.0000  -10.0000  0.4923E+11  0.2000E+09  0.0000E+00  0.0000E+00  0.1000E-09  0.1000E-09  0.1000E-09  0.1000E-09  0.1194E+05  0.1896E+00
 9089.7080 14 14   26.3818    6.4279   26.3818    6.4279   -3.9513   -4.5646    0.0000    0.0000  -10.0000  -10.0000  0.4923E+11  0.2000E+09  0.0000E+00  0.0000E+00  0.1000E-09  0.1000E-09  0.1000E-09  0.1000E-09  0.1194E+05  0.1896E+00
 9099.7080 14 14   26.3818    6.4279   26.3818    6.4279   -3.9513   -4.5646    0.0000    0.0000  -10.0000  -10.0000  0.4923E+11  0.2000E+09  0.0000E+00  0.0000E+00  0.1000E-09  0.1000E-09  0.1000E-09  0.1000E-09  0.1194E+05  0.1896E+00
 9109.7080 14 14   26.3818    6.4279   26.3818    6.4279   -3.9513   -4.5646    0.0000    0.0000  -10.0000  -10.0000  0.4923E+11  0.2000E+09  0.0000E+00  0.0000E+00  0.1000E-09  0.1000E-09  0.1000E-09  0.1000E-09  0.1194E+05  0.1896E+00
 9119.7080 14 14   26.3818    6.4279   26.3818    6.4279   -3.9513   -4.5646    0.0000    0.0000  -10.0000  -10.0000  0.4923E+11  0.2000E+09  0.0000E+00  0.0000E+00  0.1000E-09  0.1000E-09  0.1000E-09  0.1000E-09  0.1194E+05  0.1896E+00
 9129.7080 14 14   26.3818    6.4279   26.3818    6.4279   -3.9513   -4.5646    0.0000    0.0000  -10.0000  -10.0000  0.4923E+11  0.2000E+09  0.0000E+00  0.0000E+00  0.1000E-09  0.1000E-09  0.1000E-09  0.1000E-09  0.1194E+05  0.1896E+00
 9139.7080 14 14   26.3818    6.4279   26.3818    6.4279   -3.9513   -4.5646    0.0000    0.0000  -10.0000  -10.0000  0.4923E+11  0.2000E+09  0.0000E+00  0.0000E+00  0.1000E-09  0.1000E-09  0.1000E-09  0.1000E-09  0.1194E+05  0.1896E+00
 9149.7080 14 14   26.3818    6.4279   26.3818    6.4279   -3.9513   -4.5646    0.0000    0.0000  -10.0000  -10.0000  0.4923E+11  0.2000E+09  0.0000E+00  0.0000E+00  0.1000E-09  0.1000E-09  0.1000E-09  0.1000E-09  0.1194E+05  0.1896E+00
 9159.7080 14 14   26.3818    6.4279   26.3818    6.4279   -3.9513   -4.5646    0.0000    0.0000  -10.0000  -10.0000  0.4923E+11  0.2000E+09  0.0000E+00  0.0000E+00  0.1000E-09  0.1000E-09  0.1000E-09  0.1000E-09  0.1194E+05  0.1896E+00
 9169.7080 14 14   26.3818    6.4279   26.3818    6.4279   -3.9513   -4.5646    0.0000    0.0000  -10.0000  -10.0000  0.4923E+11  0.2000E+09  0.0000E+00  0.0000E+00  0.1000E-09  0.1000E-09  0.1000E-09  0.1000E-09  0.1194E+05  0.1896E+00
 9179.7080 14 14   26.3818    6.4279   26.3818    6.4279   -3.9513   -4.5646    0.0000    0.0000  -10.0000  -10.0000  0.4923E+11  0.2000E+09  0.0000E+00  0.0000E+00  0.1000E-09  0.1000E-09  0.1000E-09  0.1000E-09  0.1194E+05  0.1896E+00
 9189.7080 14 14   26.3818    6.4279   26.3818    6.4279   -3.9513   -4.5646    0.0000    0.0000  -10.0000  -10.0000  0.4923E+11  0.2000E+09  0.0000E+00  0.0000E+00  0.1000E-09  0.1000E-09  0.1000E-09  0.1000E-09  0.1194E+05  0.1896E+00
 9199.7080 14 14   26.3818    6.4279   26.3818    6.4279   -3.9513   -4.5646    0.0000    0.0000  -10.0000  -10.0000  0.4923E+11  0.2000E+09  0.0000E+00  0.0000E+00  0.1000E-09  0.1000E-09  0.1000E-09  0.1000E-09  0.1194E+05  0.1896E+00
 9209.7080 14 14   26.3818    6.4279   26.3818    6.4279   -3.9513   -4.5646    0.0000    0.0000  -10.0000  -10.0000  0.4923E+11  0.2000E+09  0.0000E+00  0.0000E+00  0.1000E-09  0.1000E-09  0.1000E-09  0.1000E-09  0.1194E+05  0.1896E+00
 9219.7080 14 14   26.3818    6.4279   26.3818    6.4279   -3.9513   -4.5646    0.0000    0.0000  -10.0000  -10.0000  0.4923E+11  0.2000E+09  0.0000E+00  0.0000E+00  0.1000E-09  0.1000E-09  0.1000E-09  0.1000E-09  0.1194E+05  0.1896E+00
 9229.7080 14 14   26.3818    6.4279   26.3818    6.4279   -3.9513   -4.5646    0.0000    0.0000  -10.0000  -10.0000  0.4923E+11  0.2000E+09  0.0000E+00  0.0000E+00  0.1000E-09  0.1000E-09  0.1000E-09  0.1000E-09  0.1194E+05  0.1896E+00
 9239.7080 14 14   26.3818    6.4279   26.3818    6.4279   -3.9513   -4.5646    0.0000    0.0000  -10.0000  -10.0000  0.4923E+11  0.2000E+09  0.0000E+00  0.0000E+00  0.1000E-09  0.1000E-09  0.1000E-09  0.1000E-09  0.1194E+05  0.1896E+00
 9249.7080 14 14   26.3818    6.4279   26.3818    6.4279   -3.9513   -4.5646    0.0000    0.0000  -10.0000  -10.0000  0.4923E+11  0.2000E+09  0.0000E+00  0.0000E+00  0.1000E-09  0.1000E-09  0.1000E-09  0.1000E-09  0.1194E+05  0.1896E+00
 9259.7080 14 14   26.3818    6.4279   26.3818    6.4279   -3.9513   -4.5646    0.0000    0.0000  -10.0000  -10.0000  0.4923E+11  0.2000E+09  0.0000E+00  0.0000E+00  0.1000E-09  0.1000E-09  0.1000E-09  0.1000E-09  0.1194E+05  0.1896E+00
 9269.7080 14 14   26.3818    6.4279   26.3818    6.4279   -3.9513   -4.5646    0.0000    0.0000  -10.0000  -10.0000  0.4923E+11  0.2000E+09  0.0000E+00  0.0000E+00  0.1000E-09  0.1000E-09  0.1000E-09  0.1000E-09  0.1194E+05  0.1896E+00
 9279.7080 14 14   26.3818    6.4279   26.3818    6.4279   -3.9513   -4.5646    0.0000    0.0000  -10.0000  -10.0000  0.4923E+11  0.2000E+09  0.0000E+00  0.0000E+00  0.1000E-09  0.1000E-09  0.1000E-09  0.1000E-09  0.1194E+05  0.1896E+00
 9289.7080 14 14   26.3818    6.4279   26.3818    6.4279   -3.9513   -4.5646    0.0000    0.0000  -10.0000  -10.0000  0.4923E+11  0.2000E+09  0.0000E+00  0.0000E+00  0.1000E-09  0.1000E-09  0.1000E-09  0.1000E-09  0.1194E+05  0.1896E+00
 9299.7080 14 14   26.3818    6.4279   26.3818    6.4279   -3.9513   -4.5646    0.0000    0.0000  -10.0000  -10.0000  0.4923E+11  0.2000E+09  0.0000E+00  0.0000E+00  0.1000E-09  0.1000E-09  0.1000E-09  0.1000E-09  0.1194E+05  0.1896E+00
 9309.7080 14 14   26.3818    6.4279   26.3818    6.4279   -3.9513   -4.5646    0.0000    0.0000  -10.0000  -10.0000  0.4923E+11  0.2000E+09  0.0000E+00  0.0000E+00  0.1000E-09  0.1000E-09  0.1000E-09  0.1000E-09  0.1194E+05  0.1896E+00
 9319.7080 14 14   26.3818    6.4279   26.3818    6.4279   -3.9513   -4.5646    0.0000    0.0000  -10.0000  -10.0000  0.4923E+11  0.2000E+09  0.0000E+00  0.0000E+00  0.1000E-09  0.1000E-09  0.1000E-09  0.1000E-09  0.1194E+05  0.1896E+00
 9329.7080 14 14   26.3818    6.4279   26.3818    6.4279   -3.9513   -4.5646    0.0000    0.0000  -10.0000  -10.0000  0.4923E+11  0.2000E+09  0.0000E+00  0.0000E+00  0.1000E-09  0.1000E-09  0.1000E-09  0.1000E-09  0.1194E+05  0.1896E+00
 9339.7080 14 14   26.3818    6.4279   26.3818    6.4279   -3.9513   -4.5646    0.0000    0.0000  -10.0000  -10.0000  0.4923E+11  0.2000E+09  0.0000E+00  0.0000E+00  0.1000E-09  0.1000E-09  0.1000E-09  0.1000E-09  0.1194E+05  0.1896E+00
 9349.7080 14 14   26.3818    6.4279   26.3818    6.4279   -3.9513   -4.5646    0.0000    0.0000  -10.0000  -10.0000  0.4923E+11  0.2000E+09  0.0000E+00  0.0000E+00  0.1000E-09  0.1000E-09  0.1000E-09  0.1000E-09  0.1194E+05  0.1896E+00
 9359.7080 14 14   26.3818    6.4279   26.3818    6.4279   -3.9513   -4.5646    0.0000    0.0000  -10.0000  -10.0000  0.4923E+11  0.2000E+09  0.0000E+00  0.0000E+00  0.1000E-09  0.1000E-09  0.1000E-09  0.1000E-09  0.1194E+05  0.1896E+00
 9369.7080 14 14   26.3818    6.4279   26.3818    6.4279   -3.9513   -4.5646    0.0000    0.0000  -10.0000  -10.0000  0.4923E+11  0.2000E+09  0.0000E+00  0.0000E+00  0.1000E-09  0.1000E-09  0.1000E-09  0.1000E-09  0.1194E+05  0.1896E+00
 9379.7080 14 14   26.3818    6.4279   26.3818    6.4279   -3.9513   -4.5646    0.0000    0.0000  -10.0000  -10.0000  0.4923E+11  0.2000E+09  0.0000E+00  0.0000E+00  0.1000E-09  0.1000E-09  0.1000E-09  0.1000E-09  0.1194E+05  0.1896E+00
 9389.7080 14 14   26.3818    6.4279   26.3818    6.4279   -3.9513   -4.5646    0.0000    0.0000  -10.0000  -10.0000  0.4923E+11  0.2000E+09  0.0000E+00  0.0000E+00  0.1000E-09  0.1000E-09  0.1000E-09  0.1000E-09  0.1194E+05  0.1896E+00
 9399.7080 14 14   26.3818    6.4279   26.3818    6.4279   -3.9513   -4.5646    0.0000    0.0000  -10.0000  -10.0000  0.4923E+11  0.2000E+09  0.0000E+00  0.0000E+00  0.1000E-09  0.1000E-09  0.1000E-09  0.1000E-09  0.1194E+05  0.1896E+00
 9409.7080 14 14   26.3818    6.4279   26.3818    6.4279   -3.9513   -4.5646    0.0000    0.0000  -10.0000  -10.0000  0.4923E+11  0.2000E+09  0.0000E+00  0.0000E+00  0.1000E-09  0.1000E-09  0.1000E-09  0.1000E-09  0.1194E+05  0.1896E+00
 9419.7080 14 14   26.3818    6.4279   26.3818    6.4279   -3.9513   -4.5646    0.0000    0.0000  -10.0000  -10.0000  0.4923E+11  0.2000E+09  0.0000E+00  0.0000E+00  0.1000E-09  0.1000E-09  0.1000E-09  0.1000E-09  0.1194E+05  0.1896E+00
 9429.7080 14 14   26.3818    6.4279   26.3818    6.4279   -3.9513   -4.5646    0.0000    0.0000  -10.0000  -10.0000  0.4923E+11  0.2000E+09  0.0000E+00  0.0000E+00  0.1000E-09  0.1000E-09  0.1000E-09  0.1000E-09  0.1194E+05  0.1896E+00
 9439.7080 14 14   26.3818    6.4279   26.3818    6.4279   -3.9513   -4.5646    0.0000    0.0000  -10.0000  -10.0000  0.4923E+11  0.2000E+09  0.0000E+00  0.0000E+00  0.1000E-09  0.1000E-09  0.1000E-09  0.1000E-09  0.1194E+05  0.1896E+00
 9449.7080 14 14   26.3818    6.4279   26.3818    6.4279   -3.9513   -4.5646    0.0000    0.0000  -10.0000  -10.0000  0.4923E+11  0.2000E+09  0.0000E+00  0.0000E+00  0.1000E-09  0.1000E-09  0.1000E-09  0.1000E-09  0.1194E+05  0.1896E+00
 9459.7080 14 14   26.3818    6.4279   26.3818    6.4279   -3.9513   -4.5646    0.0000    0.0000  -10.0000  -10.0000  0.4923E+11  0.2000E+09  0.0000E+00  0.0000E+00  0.1000E-09  0.1000E-09  0.1000E-09  0.1000E-09  0.1194E+05  0.1896E+00
 9469.7080 14 14   26.3818    6.4279   26.3818    6.4279   -3.9513   -4.5646    0.0000    0.0000  -10.0000  -10.0000  0.4923E+11  0.2000E+09  0.0000E+00  0.0000E+00  0.1000E-09  0.1000E-09  0.1000E-09  0.1000E-09  0.1194E+05  0.1896E+00
 9479.7080 14 14   26.3818    6.4279   26.3818    6.4279   -3.9513   -4.5646    0.0000    0.0000  -10.0000  -10.0000  0.4923E+11  0.2000E+09  0.0000E+00  0.0000E+00  0.1000E-09  0.1000E-09  0.1000E-09  0.1000E-09  0.1194E+05  0.1896E+00
 9489.7080 14 14   26.3818    6.4279   26.3818    6.4279   -3.9513   -4.5646    0.0000    0.0000  -10.0000  -10.0000  0.4923E+11  0.2000E+09  0.0000E+00  0.0000E+00  0.1000E-09  0.1000E-09  0.1000E-09  0.1000E-09  0.1194E+05  0.1896E+00
 9499.7080 14 14   26.3818    6.4279   26.3818    6.4279   -3.9513   -4.5646    0.0000    0.0000  -10.0000  -10.0000  0.4923E+11  0.2000E+09  0.0000E+00  0.0000E+00  0.1000E-09  0.1000E-09  0.1000E-09  0.1000E-09  0.1194E+05  0.1896E+00
 9509.7080 14 14   26.3818    6.4279   26.3818    6.4279   -3.9513   -4.5646    0.0000    0.0000  -10.0000  -10.0000  0.4923E+11  0.2000E+09  0.0000E+00  0.0000E+00  0.1000E-09  0.1000E-09  0.1000E-09  0.1000E-09  0.1194E+05  0.1896E+00
 9519.7080 14 14   26.3818    6.4279   26.3818    6.4279   -3.9513   -4.5646    0.0000    0.0000  -10.0000  -10.0000  0.4923E+11  0.2000E+09  0.0000E+00  0.0000E+00  0.1000E-09  0.1000E-09  0.1000E-09  0.1000E-09  0.1194E+05  0.1896E+00
 9529.7080 14 14   26.3818    6.4279   26.3818    6.4279   -3.9513   -4.5646    0.0000    0.0000  -10.0000  -10.0000  0.4923E+11  0.2000E+09  0.0000E+00  0.0000E+00  0.1000E-09  0.1000E-09  0.1000E-09  0.1000E-09  0.1194E+05  0.1896E+00
 9539.7080 14 14   26.3818    6.4279   26.3818    6.4279   -3.9513   -4.5646    0.0000    0.0000  -10.0000  -10.0000  0.4923E+11  0.2000E+09  0.0000E+00  0.0000E+00  0.1000E-09  0.1000E-09  0.1000E-09  0.1000E-09  0.1194E+05  0.1896E+00
 9549.7080 14 14   26.3818    6.4279   26.3818    6.4279   -3.9513   -4.5646    0.0000    0.0000  -10.0000  -10.0000  0.4923E+11  0.2000E+09  0.0000E+00  0.0000E+00  0.1000E-09  0.1000E-09  0.1000E-09  0.1000E-09  0.1194E+05  0.1896E+00
 9559.7080 14 14   26.3818    6.4279   26.3818    6.4279   -3.9513   -4.5646    0.0000    0.0000  -10.0000  -10.0000  0.4923E+11  0.2000E+09  0.0000E+00  0.0000E+00  0.1000E-09  0.1000E-09  0.1000E-09  0.1000E-09  0.1194E+05  0.1896E+00
 9569.7080 14 14   26.3818    6.4279   26.3818    6.4279   -3.9513   -4.5646    0.0000    0.0000  -10.0000  -10.0000  0.4923E+11  0.2000E+09  0.0000E+00  0.0000E+00  0.1000E-09  0.1000E-09  0.1000E-09  0.1000E-09  0.1194E+05  0.1896E+00
 9579.7080 14 14   26.3818    6.4279   26.3818    6.4279   -3.9513   -4.5646    0.0000    0.0000  -10.0000  -10.0000  0.4923E+11  0.2000E+09  0.0000E+00  0.0000E+00  0.1000E-09  0.1000E-09  0.1000E-09  0.1000E-09  0.1194E+05  0.1896E+00
 9589.7080 14 14   26.3818    6.4279   26.3818    6.4279   -3.9513   -4.5646    0.0000    0.0000  -10.0000  -10.0000  0.4923E+11  0.2000E+09  0.0000E+00  0.0000E+00  0.1000E-09  0.1000E-09  0.1000E-09  0.1000E-09  0.1194E+05  0.1896E+00
 9599.7080 14 14   26.3818    6.4279   26.3818    6.4279   -3.9513   -4.5646    0.0000    0.0000  -10.0000  -10.0000  0.4923E+11  0.2000E+09  0.0000E+00  0.0000E+00  0.1000E-09  0.1000E-09  0.1000E-09  0.1000E-09  0.1194E+05  0.1896E+00
 9609.7080 14 14   26.3818    6.4279   26.3818    6.4279   -3.9513   -4.5646    0.0000    0.0000  -10.0000  -10.0000  0.4923E+11  0.2000E+09  0.0000E+00  0.0000E+00  0.1000E-09  0.1000E-09  0.1000E-09  0.1000E-09  0.1194E+05  0.1896E+00
 9619.7080 14 14   26.3818    6.4279   26.3818    6.4279   -3.9513   -4.5646    0.0000    0.0000  -10.0000  -10.0000  0.4923E+11  0.2000E+09  0.0000E+00  0.0000E+00  0.1000E-09  0.1000E-09  0.1000E-09  0.1000E-09  0.1194E+05  0.1896E+00
 9629.7080 14 14   26.3818    6.4279   26.3818    6.4279   -3.9513   -4.5646    0.0000    0.0000  -10.0000  -10.0000  0.4923E+11  0.2000E+09  0.0000E+00  0.0000E+00  0.1000E-09  0.1000E-09  0.1000E-09  0.1000E-09  0.1194E+05  0.1896E+00
 9639.7080 14 14   26.3818    6.4279   26.3818    6.4279   -3.9513   -4.5646    0.0000    0.0000  -10.0000  -10.0000  0.4923E+11  0.2000E+09  0.0000E+00  0.0000E+00  0.1000E-09  0.1000E-09  0.1000E-09  0.1000E-09  0.1194E+05  0.1896E+00
 9649.7080 14 14   26.3818    6.4279   26.3818    6.4279   -3.9513   -4.5646    0.0000    0.0000  -10.0000  -10.0000  0.4923E+11  0.2000E+09  0.0000E+00  0.0000E+00  0.1000E-09  0.1000E-09  0.1000E-09  0.1000E-09  0.1194E+05  0.1896E+00
 9659.7080 14 14   26.3818    6.4279   26.3818    6.4279   -3.9513   -4.5646    0.0000    0.0000  -10.0000  -10.0000  0.4923E+11  0.2000E+09  0.0000E+00  0.0000E+00  0.1000E-09  0.1000E-09  0.1000E-09  0.1000E-09  0.1194E+05  0.1896E+00
 9669.7080 14 14   26.3818    6.4279   26.3818    6.4279   -3.9513   -4.5646    0.0000    0.0000  -10.0000  -10.0000  0.4923E+11  0.2000E+09  0.0000E+00  0.0000E+00  0.1000E-09  0.1000E-09  0.1000E-09  0.1000E-09  0.1194E+05  0.1896E+00
 9679.7080 14 14   26.3818    6.4279   26.3818    6.4279   -3.9513   -4.5646    0.0000    0.0000  -10.0000  -10.0000  0.4923E+11  0.2000E+09  0.0000E+00  0.0000E+00  0.1000E-09  0.1000E-09  0.1000E-09  0.1000E-09  0.1194E+05  0.1896E+00
 9689.7080 14 14   26.3818    6.4279   26.3818    6.4279   -3.9513   -4.5646    0.0000    0.0000  -10.0000  -10.0000  0.4923E+11  0.2000E+09  0.0000E+00  0.0000E+00  0.1000E-09  0.1000E-09  0.1000E-09  0.1000E-09  0.1194E+05  0.1896E+00
 9699.7080 14 14   26.3818    6.4279   26.3818    6.4279   -3.9513   -4.5646    0.0000    0.0000  -10.0000  -10.0000  0.4923E+11  0.2000E+09  0.0000E+00  0.0000E+00  0.1000E-09  0.1000E-09  0.1000E-09  0.1000E-09  0.1194E+05  0.1896E+00
 9709.7080 14 14   26.3818    6.4279   26.3818    6.4279   -3.9513   -4.5646    0.0000    0.0000  -10.0000  -10.0000  0.4923E+11  0.2000E+09  0.0000E+00  0.0000E+00  0.1000E-09  0.1000E-09  0.1000E-09  0.1000E-09  0.1194E+05  0.1896E+00
 9719.7080 14 14   26.3818    6.4279   26.3818    6.4279   -3.9513   -4.5646    0.0000    0.0000  -10.0000  -10.0000  0.4923E+11  0.2000E+09  0.0000E+00  0.0000E+00  0.1000E-09  0.1000E-09  0.1000E-09  0.1000E-09  0.1194E+05  0.1896E+00
 9729.7080 14 14   26.3818    6.4279   26.3818    6.4279   -3.9513   -4.5646    0.0000    0.0000  -10.0000  -10.0000  0.4923E+11  0.2000E+09  0.0000E+00  0.0000E+00  0.1000E-09  0.1000E-09  0.1000E-09  0.1000E-09  0.1194E+05  0.1896E+00
 9739.7080 14 14   26.3818    6.4279   26.3818    6.4279   -3.9513   -4.5646    0.0000    0.0000  -10.0000  -10.0000  0.4923E+11  0.2000E+09  0.0000E+00  0.0000E+00  0.1000E-09  0.1000E-09  0.1000E-09  0.1000E-09  0.1194E+05  0.1896E+00
 9749.7080 14 14   26.3818    6.4279   26.3818    6.4279   -3.9513   -4.5646    0.0000    0.0000  -10.0000  -10.0000  0.4923E+11  0.2000E+09  0.0000E+00  0.0000E+00  0.1000E-09  0.1000E-09  0.1000E-09  0.1000E-09  0.1194E+05  0.1896E+00
 9759.7080 14 14   26.3818    6.4279   26.3818    6.4279   -3.9513   -4.5646    0.0000    0.0000  -10.0000  -10.0000  0.4923E+11  0.2000E+09  0.0000E+00  0.0000E+00  0.1000E-09  0.1000E-09  0.1000E-09  0.1000E-09  0.1194E+05  0.1896E+00
 9769.7080 14 14   26.3818    6.4279   26.3818    6.4279   -3.9513   -4.5646    0.0000    0.0000  -10.0000  -10.0000  0.4923E+11  0.2000E+09  0.0000E+00  0.0000E+00  0.1000E-09  0.1000E-09  0.1000E-09  0.1000E-09  0.1194E+05  0.1896E+00
 9779.7080 14 14   26.3818    6.4279   26.3818    6.4279   -3.9513   -4.5646    0.0000    0.0000  -10.0000  -10.0000  0.4923E+11  0.2000E+09  0.0000E+00  0.0000E+00  0.1000E-09  0.1000E-09  0.1000E-09  0.1000E-09  0.1194E+05  0.1896E+00
 9789.7080 14 14   26.3818    6.4279   26.3818    6.4279   -3.9513   -4.5646    0.0000    0.0000  -10.0000  -10.0000  0.4923E+11  0.2000E+09  0.0000E+00  0.0000E+00  0.1000E-09  0.1000E-09  0.1000E-09  0.1000E-09  0.1194E+05  0.1896E+00
 9799.7080 14 14   26.3818    6.4279   26.3818    6.4279   -3.9513   -4.5646    0.0000    0.0000  -10.0000  -10.0000  0.4923E+11  0.2000E+09  0.0000E+00  0.0000E+00  0.1000E-09  0.1000E-09  0.1000E-09  0.1000E-09  0.1194E+05  0.1896E+00
 9809.7080 14 14   26.3818    6.4279   26.3818    6.4279   -3.9513   -4.5646    0.0000    0.0000  -10.0000  -10.0000  0.4923E+11  0.2000E+09  0.0000E+00  0.0000E+00  0.1000E-09  0.1000E-09  0.1000E-09  0.1000E-09  0.1194E+05  0.1896E+00
 9819.7080 14 14   26.3818    6.4279   26.3818    6.4279   -3.9513   -4.5646    0.0000    0.0000  -10.0000  -10.0000  0.4923E+11  0.2000E+09  0.0000E+00  0.0000E+00  0.1000E-09  0.1000E-09  0.1000E-09  0.1000E-09  0.1194E+05  0.1896E+00
 9829.7080 14 14   26.3818    6.4279   26.3818    6.4279   -3.9513   -4.5646    0.0000    0.0000  -10.0000  -10.0000  0.4923E+11  0.2000E+09  0.0000E+00  0.0000E+00  0.1000E-09  0.1000E-09  0.1000E-09  0.1000E-09  0.1194E+05  0.1896E+00
 9839.7080 14 14   26.3818    6.4279   26.3818    6.4279   -3.9513   -4.5646    0.0000    0.0000  -10.0000  -10.0000  0.4923E+11  0.2000E+09  0.0000E+00  0.0000E+00  0.1000E-09  0.1000E-09  0.1000E-09  0.1000E-09  0.1194E+05  0.1896E+00
 9849.7080 14 14   26.3818    6.4279   26.3818    6.4279   -3.9513   -4.5646    0.0000    0.0000  -10.0000  -10.0000  0.4923E+11  0.2000E+09  0.0000E+00  0.0000E+00  0.1000E-09  0.1000E-09  0.1000E-09  0.1000E-09  0.1194E+05  0.1896E+00
 9859.7080 14 14   26.3818    6.4279   26.3818    6.4279   -3.9513   -4.5646    0.0000    0.0000  -10.0000  -10.0000  0.4923E+11  0.2000E+09  0.0000E+00  0.0000E+00  0.1000E-09  0.1000E-09  0.1000E-09  0.1000E-09  0.1194E+05  0.1896E+00
 9869.7080 14 14   26.3818    6.4279   26.3818    6.4279   -3.9513   -4.5646    0.0000    0.0000  -10.0000  -10.0000  0.4923E+11  0.2000E+09  0.0000E+00  0.0000E+00  0.1000E-09  0.1000E-09  0.1000E-09  0.1000E-09  0.1194E+05  0.1896E+00
 9879.7080 14 14   26.3818    6.4279   26.3818    6.4279   -3.9513   -4.5646    0.0000    0.0000  -10.0000  -10.0000  0.4923E+11  0.2000E+09  0.0000E+00  0.0000E+00  0.1000E-09  0.1000E-09  0.1000E-09  0.1000E-09  0.1194E+05  0.1896E+00
 9889.7080 14 14   26.3818    6.4279   26.3818    6.4279   -3.9513   -4.5646    0.0000    0.0000  -10.0000  -10.0000  0.4923E+11  0.2000E+09  0.0000E+00  0.0000E+00  0.1000E-09  0.1000E-09  0.1000E-09  0.1000E-09  0.1194E+05  0.1896E+00
 9899.7080 14 14   26.3818    6.4279   26.3818    6.4279   -3.9513   -4.5646    0.0000    0.0000  -10.0000  -10.0000  0.4923E+11  0.2000E+09  0.0000E+00  0.0000E+00  0.1000E-09  0.1000E-09  0.1000E-09  0.1000E-09  0.1194E+05  0.1896E+00
 9909.7080 14 14   26.3818    6.4279   26.3818    6.4279   -3.9513   -4.5646    0.0000    0.0000  -10.0000  -10.0000  0.4923E+11  0.2000E+09  0.0000E+00  0.0000E+00  0.1000E-09  0.1000E-09  0.1000E-09  0.1000E-09  0.1194E+05  0.1896E+00
 9919.7080 14 14   26.3818    6.4279   26.3818    6.4279   -3.9513   -4.5646    0.0000    0.0000  -10.0000  -10.0000  0.4923E+11  0.2000E+09  0.0000E+00  0.0000E+00  0.1000E-09  0.1000E-09  0.1000E-09  0.1000E-09  0.1194E+05  0.1896E+00
 9929.7080 14 14   26.3818    6.4279   26.3818    6.4279   -3.9513   -4.5646    0.0000    0.0000  -10.0000  -10.0000  0.4923E+11  0.2000E+09  0.0000E+00  0.0000E+00  0.1000E-09  0.1000E-09  0.1000E-09  0.1000E-09  0.1194E+05  0.1896E+00
 9939.7080 14 14   26.3818    6.4279   26.3818    6.4279   -3.9513   -4.5646    0.0000    0.0000  -10.0000  -10.0000  0.4923E+11  0.2000E+09  0.0000E+00  0.0000E+00  0.1000E-09  0.1000E-09  0.1000E-09  0.1000E-09  0.1194E+05  0.1896E+00
 9949.7080 14 14   26.3818    6.4279   26.3818    6.4279   -3.9513   -4.5646    0.0000    0.0000  -10.0000  -10.0000  0.4923E+11  0.2000E+09  0.0000E+00  0.0000E+00  0.1000E-09  0.1000E-09  0.1000E-09  0.1000E-09  0.1194E+05  0.1896E+00
 9959.7080 14 14   26.3818    6.4279   26.3818    6.4279   -3.9513   -4.5646    0.0000    0.0000  -10.0000  -10.0000  0.4923E+11  0.2000E+09  0.0000E+00  0.0000E+00  0.1000E-09  0.1000E-09  0.1000E-09  0.1000E-09  0.1194E+05  0.1896E+00
 9969.7080 14 14   26.3818    6.4279   26.3818    6.4279   -3.9513   -4.5646    0.0000    0.0000  -10.0000  -10.0000  0.4923E+11  0.2000E+09  0.0000E+00  0.0000E+00  0.1000E-09  0.1000E-09  0.1000E-09  0.1000E-09  0.1194E+05  0.1896E+00
 9979.7080 14 14   26.3818    6.4279   26.3818    6.4279   -3.9513   -4.5646    0.0000    0.0000  -10.0000  -10.0000  0.4923E+11  0.2000E+09  0.0000E+00  0.0000E+00  0.1000E-09  0.1000E-09  0.1000E-09  0.1000E-09  0.1194E+05  0.1896E+00
 9989.7080 14 14   26.3818    6.4279   26.3818    6.4279   -3.9513   -4.5646    0.0000    0.0000  -10.0000  -10.0000  0.4923E+11  0.2000E+09  0.0000E+00  0.0000E+00  0.1000E-09  0.1000E-09  0.1000E-09  0.1000E-09  0.1194E+05  0.1896E+00
 9999.7080 14 14   26.3818    6.4279   26.3818    6.4279   -3.9513   -4.5646    0.0000    0.0000  -10.0000  -10.0000  0.4923E+11  0.2000E+09  0.0000E+00  0.0000E+00  0.1000E-09  0.1000E-09  0.1000E-09  0.1000E-09  0.1194E+05  0.1896E+00
10009.7080 14 14   26.3818    6.4279   26.3818    6.4279   -3.9513   -4.5646    0.0000    0.0000  -10.0000  -10.0000  0.4923E+11  0.2000E+09  0.0000E+00  0.0000E+00  0.1000E-09  0.1000E-09  0.1000E-09  0.1000E-09  0.1194E+05  0.1896E+00
10019.7080 14 14   26.3818    6.4279   26.3818    6.4279   -3.9513   -4.5646    0.0000    0.0000  -10.0000  -10.0000  0.4923E+11  0.2000E+09  0.0000E+00  0.0000E+00  0.1000E-09  0.1000E-09  0.1000E-09  0.1000E-09  0.1194E+05  0.1896E+00
10029.7080 14 14   26.3818    6.4279   26.3818    6.4279   -3.9513   -4.5646    0.0000    0.0000  -10.0000  -10.0000  0.4923E+11  0.2000E+09  0.0000E+00  0.0000E+00  0.1000E-09  0.1000E-09  0.1000E-09  0.1000E-09  0.1194E+05  0.1896E+00
10039.7080 14 14   26.3818    6.4279   26.3818    6.4279   -3.9513   -4.5646    0.0000    0.0000  -10.0000  -10.0000  0.4923E+11  0.2000E+09  0.0000E+00  0.0000E+00  0.1000E-09  0.1000E-09  0.1000E-09  0.1000E-09  0.1194E+05  0.1896E+00
10049.7080 14 14   26.3818    6.4279   26.3818    6.4279   -3.9513   -4.5646    0.0000    0.0000  -10.0000  -10.0000  0.4923E+11  0.2000E+09  0.0000E+00  0.0000E+00  0.1000E-09  0.1000E-09  0.1000E-09  0.1000E-09  0.1194E+05  0.1896E+00
10059.7080 14 14   26.3818    6.4279   26.3818    6.4279   -3.9513   -4.5646    0.0000    0.0000  -10.0000  -10.0000  0.4923E+11  0.2000E+09  0.0000E+00  0.0000E+00  0.1000E-09  0.1000E-09  0.1000E-09  0.1000E-09  0.1194E+05  0.1896E+00
10069.7080 14 14   26.3818    6.4279   26.3818    6.4279   -3.9513   -4.5646    0.0000    0.0000  -10.0000  -10.0000  0.4923E+11  0.2000E+09  0.0000E+00  0.0000E+00  0.1000E-09  0.1000E-09  0.1000E-09  0.1000E-09  0.1194E+05  0.1896E+00
10079.7080 14 14   26.3818    6.4279   26.3818    6.4279   -3.9513   -4.5646    0.0000    0.0000  -10.0000  -10.0000  0.4923E+11  0.2000E+09  0.0000E+00  0.0000E+00  0.1000E-09  0.1000E-09  0.1000E-09  0.1000E-09  0.1194E+05  0.1896E+00
10089.7080 14 14   26.3818    6.4279   26.3818    6.4279   -3.9513   -4.5646    0.0000    0.0000  -10.0000  -10.0000  0.4923E+11  0.2000E+09  0.0000E+00  0.0000E+00  0.1000E-09  0.1000E-09  0.1000E-09  0.1000E-09  0.1194E+05  0.1896E+00
10099.7080 14 14   26.3818    6.4279   26.3818    6.4279   -3.9513   -4.5646    0.0000    0.0000  -10.0000  -10.0000  0.4923E+11  0.2000E+09  0.0000E+00  0.0000E+00  0.1000E-09  0.1000E-09  0.1000E-09  0.1000E-09  0.1194E+05  0.1896E+00
10109.7080 14 14   26.3818    6.4279   26.3818    6.4279   -3.9513   -4.5646    0.0000    0.0000  -10.0000  -10.0000  0.4923E+11  0.2000E+09  0.0000E+00  0.0000E+00  0.1000E-09  0.1000E-09  0.1000E-09  0.1000E-09  0.1194E+05  0.1896E+00
10119.7080 14 14   26.3818    6.4279   26.3818    6.4279   -3.9513   -4.5646    0.0000    0.0000  -10.0000  -10.0000  0.4923E+11  0.2000E+09  0.0000E+00  0.0000E+00  0.1000E-09  0.1000E-09  0.1000E-09  0.1000E-09  0.1194E+05  0.1896E+00
10129.7080 14 14   26.3818    6.4279   26.3818    6.4279   -3.9513   -4.5646    0.0000    0.0000  -10.0000  -10.0000  0.4923E+11  0.2000E+09  0.0000E+00  0.0000E+00  0.1000E-09  0.1000E-09  0.1000E-09  0.1000E-09  0.1194E+05  0.1896E+00
10139.7080 14 14   26.3818    6.4279   26.3818    6.4279   -3.9513   -4.5646    0.0000    0.0000  -10.0000  -10.0000  0.4923E+11  0.2000E+09  0.0000E+00  0.0000E+00  0.1000E-09  0.1000E-09  0.1000E-09  0.1000E-09  0.1194E+05  0.1896E+00
10149.7080 14 14   26.3818    6.4279   26.3818    6.4279   -3.9513   -4.5646    0.0000    0.0000  -10.0000  -10.0000  0.4923E+11  0.2000E+09  0.0000E+00  0.0000E+00  0.1000E-09  0.1000E-09  0.1000E-09  0.1000E-09  0.1194E+05  0.1896E+00
10159.7080 14 14   26.3818    6.4279   26.3818    6.4279   -3.9513   -4.5646    0.0000    0.0000  -10.0000  -10.0000  0.4923E+11  0.2000E+09  0.0000E+00  0.0000E+00  0.1000E-09  0.1000E-09  0.1000E-09  0.1000E-09  0.1194E+05  0.1896E+00
10169.7080 14 14   26.3818    6.4279   26.3818    6.4279   -3.9513   -4.5646    0.0000    0.0000  -10.0000  -10.0000  0.4923E+11  0.2000E+09  0.0000E+00  0.0000E+00  0.1000E-09  0.1000E-09  0.1000E-09  0.1000E-09  0.1194E+05  0.1896E+00
10179.7080 14 14   26.3818    6.4279   26.3818    6.4279   -3.9513   -4.5646    0.0000    0.0000  -10.0000  -10.0000  0.4923E+11  0.2000E+09  0.0000E+00  0.0000E+00  0.1000E-09  0.1000E-09  0.1000E-09  0.1000E-09  0.1194E+05  0.1896E+00
10189.7080 14 14   26.3818    6.4279   26.3818    6.4279   -3.9513   -4.5646    0.0000    0.0000  -10.0000  -10.0000  0.4923E+11  0.2000E+09  0.0000E+00  0.0000E+00  0.1000E-09  0.1000E-09  0.1000E-09  0.1000E-09  0.1194E+05  0.1896E+00
10199.7080 14 14   26.3818    6.4279   26.3818    6.4279   -3.9513   -4.5646    0.0000    0.0000  -10.0000  -10.0000  0.4923E+11  0.2000E+09  0.0000E+00  0.0000E+00  0.1000E-09  0.1000E-09  0.1000E-09  0.1000E-09  0.1194E+05  0.1896E+00
10209.7080 14 14   26.3818    6.4279   26.3818    6.4279   -3.9513   -4.5646    0.0000    0.0000  -10.0000  -10.0000  0.4923E+11  0.2000E+09  0.0000E+00  0.0000E+00  0.1000E-09  0.1000E-09  0.1000E-09  0.1000E-09  0.1194E+05  0.1896E+00
10219.7080 14 14   26.3818    6.4279   26.3818    6.4279   -3.9513   -4.5646    0.0000    0.0000  -10.0000  -10.0000  0.4923E+11  0.2000E+09  0.0000E+00  0.0000E+00  0.1000E-09  0.1000E-09  0.1000E-09  0.1000E-09  0.1194E+05  0.1896E+00
10229.7080 14 14   26.3818    6.4279   26.3818    6.4279   -3.9513   -4.5646    0.0000    0.0000  -10.0000  -10.0000  0.4923E+11  0.2000E+09  0.0000E+00  0.0000E+00  0.1000E-09  0.1000E-09  0.1000E-09  0.1000E-09  0.1194E+05  0.1896E+00
10239.7080 14 14   26.3818    6.4279   26.3818    6.4279   -3.9513   -4.5646    0.0000    0.0000  -10.0000  -10.0000  0.4923E+11  0.2000E+09  0.0000E+00  0.0000E+00  0.1000E-09  0.1000E-09  0.1000E-09  0.1000E-09  0.1194E+05  0.1896E+00
10249.7080 14 14   26.3818    6.4279   26.3818    6.4279   -3.9513   -4.5646    0.0000    0.0000  -10.0000  -10.0000  0.4923E+11  0.2000E+09  0.0000E+00  0.0000E+00  0.1000E-09  0.1000E-09  0.1000E-09  0.1000E-09  0.1194E+05  0.1896E+00
10259.7080 14 14   26.3818    6.4279   26.3818    6.4279   -3.9513   -4.5646    0.0000    0.0000  -10.0000  -10.0000  0.4923E+11  0.2000E+09  0.0000E+00  0.0000E+00  0.1000E-09  0.1000E-09  0.1000E-09  0.1000E-09  0.1194E+05  0.1896E+00
10269.7080 14 14   26.3818    6.4279   26.3818    6.4279   -3.9513   -4.5646    0.0000    0.0000  -10.0000  -10.0000  0.4923E+11  0.2000E+09  0.0000E+00  0.0000E+00  0.1000E-09  0.1000E-09  0.1000E-09  0.1000E-09  0.1194E+05  0.1896E+00
10279.7080 14 14   26.3818    6.4279   26.3818    6.4279   -3.9513   -4.5646    0.0000    0.0000  -10.0000  -10.0000  0.4923E+11  0.2000E+09  0.0000E+00  0.0000E+00  0.1000E-09  0.1000E-09  0.1000E-09  0.1000E-09  0.1194E+05  0.1896E+00
10289.7080 14 14   26.3818    6.4279   26.3818    6.4279   -3.9513   -4.5646    0.0000    0.0000  -10.0000  -10.0000  0.4923E+11  0.2000E+09  0.0000E+00  0.0000E+00  0.1000E-09  0.1000E-09  0.1000E-09  0.1000E-09  0.1194E+05  0.1896E+00
10299.7080 14 14   26.3818    6.4279   26.3818    6.4279   -3.9513   -4.5646    0.0000    0.0000  -10.0000  -10.0000  0.4923E+11  0.2000E+09  0.0000E+00  0.0000E+00  0.1000E-09  0.1000E-09  0.1000E-09  0.1000E-09  0.1194E+05  0.1896E+00
10309.7080 14 14   26.3818    6.4279   26.3818    6.4279   -3.9513   -4.5646    0.0000    0.0000  -10.0000  -10.0000  0.4923E+11  0.2000E+09  0.0000E+00  0.0000E+00  0.1000E-09  0.1000E-09  0.1000E-09  0.1000E-09  0.1194E+05  0.1896E+00
10319.7080 14 14   26.3818    6.4279   26.3818    6.4279   -3.9513   -4.5646    0.0000    0.0000  -10.0000  -10.0000  0.4923E+11  0.2000E+09  0.0000E+00  0.0000E+00  0.1000E-09  0.1000E-09  0.1000E-09  0.1000E-09  0.1194E+05  0.1896E+00
10329.7080 14 14   26.3818    6.4279   26.3818    6.4279   -3.9513   -4.5646    0.0000    0.0000  -10.0000  -10.0000  0.4923E+11  0.2000E+09  0.0000E+00  0.0000E+00  0.1000E-09  0.1000E-09  0.1000E-09  0.1000E-09  0.1194E+05  0.1896E+00
10339.7080 14 14   26.3818    6.4279   26.3818    6.4279   -3.9513   -4.5646    0.0000    0.0000  -10.0000  -10.0000  0.4923E+11  0.2000E+09  0.0000E+00  0.0000E+00  0.1000E-09  0.1000E-09  0.1000E-09  0.1000E-09  0.1194E+05  0.1896E+00
10349.7080 14 14   26.3818    6.4279   26.3818    6.4279   -3.9513   -4.5646    0.0000    0.0000  -10.0000  -10.0000  0.4923E+11  0.2000E+09  0.0000E+00  0.0000E+00  0.1000E-09  0.1000E-09  0.1000E-09  0.1000E-09  0.1194E+05  0.1896E+00
10359.7080 14 14   26.3818    6.4279   26.3818    6.4279   -3.9513   -4.5646    0.0000    0.0000  -10.0000  -10.0000  0.4923E+11  0.2000E+09  0.0000E+00  0.0000E+00  0.1000E-09  0.1000E-09  0.1000E-09  0.1000E-09  0.1194E+05  0.1896E+00
10369.7080 14 14   26.3818    6.4279   26.3818    6.4279   -3.9513   -4.5646    0.0000    0.0000  -10.0000  -10.0000  0.4923E+11  0.2000E+09  0.0000E+00  0.0000E+00  0.1000E-09  0.1000E-09  0.1000E-09  0.1000E-09  0.1194E+05  0.1896E+00
10379.7080 14 14   26.3818    6.4279   26.3818    6.4279   -3.9513   -4.5646    0.0000    0.0000  -10.0000  -10.0000  0.4923E+11  0.2000E+09  0.0000E+00  0.0000E+00  0.1000E-09  0.1000E-09  0.1000E-09  0.1000E-09  0.1194E+05  0.1896E+00
10389.7080 14 14   26.3818    6.4279   26.3818    6.4279   -3.9513   -4.5646    0.0000    0.0000  -10.0000  -10.0000  0.4923E+11  0.2000E+09  0.0000E+00  0.0000E+00  0.1000E-09  0.1000E-09  0.1000E-09  0.1000E-09  0.1194E+05  0.1896E+00
10399.7080 14 14   26.3818    6.4279   26.3818    6.4279   -3.9513   -4.5646    0.0000    0.0000  -10.0000  -10.0000  0.4923E+11  0.2000E+09  0.0000E+00  0.0000E+00  0.1000E-09  0.1000E-09  0.1000E-09  0.1000E-09  0.1194E+05  0.1896E+00
10409.7080 14 14   26.3818    6.4279   26.3818    6.4279   -3.9513   -4.5646    0.0000    0.0000  -10.0000  -10.0000  0.4923E+11  0.2000E+09  0.0000E+00  0.0000E+00  0.1000E-09  0.1000E-09  0.1000E-09  0.1000E-09  0.1194E+05  0.1896E+00
10419.7080 14 14   26.3818    6.4279   26.3818    6.4279   -3.9513   -4.5646    0.0000    0.0000  -10.0000  -10.0000  0.4923E+11  0.2000E+09  0.0000E+00  0.0000E+00  0.1000E-09  0.1000E-09  0.1000E-09  0.1000E-09  0.1194E+05  0.1896E+00
10429.7080 14 14   26.3818    6.4279   26.3818    6.4279   -3.9513   -4.5646    0.0000    0.0000  -10.0000  -10.0000  0.4923E+11  0.2000E+09  0.0000E+00  0.0000E+00  0.1000E-09  0.1000E-09  0.1000E-09  0.1000E-09  0.1194E+05  0.1896E+00
10439.7080 14 14   26.3818    6.4279   26.3818    6.4279   -3.9513   -4.5646    0.0000    0.0000  -10.0000  -10.0000  0.4923E+11  0.2000E+09  0.0000E+00  0.0000E+00  0.1000E-09  0.1000E-09  0.1000E-09  0.1000E-09  0.1194E+05  0.1896E+00
10449.7080 14 14   26.3818    6.4279   26.3818    6.4279   -3.9513   -4.5646    0.0000    0.0000  -10.0000  -10.0000  0.4923E+11  0.2000E+09  0.0000E+00  0.0000E+00  0.1000E-09  0.1000E-09  0.1000E-09  0.1000E-09  0.1194E+05  0.1896E+00
10459.7080 14 14   26.3818    6.4279   26.3818    6.4279   -3.9513   -4.5646    0.0000    0.0000  -10.0000  -10.0000  0.4923E+11  0.2000E+09  0.0000E+00  0.0000E+00  0.1000E-09  0.1000E-09  0.1000E-09  0.1000E-09  0.1194E+05  0.1896E+00
10469.7080 14 14   26.3818    6.4279   26.3818    6.4279   -3.9513   -4.5646    0.0000    0.0000  -10.0000  -10.0000  0.4923E+11  0.2000E+09  0.0000E+00  0.0000E+00  0.1000E-09  0.1000E-09  0.1000E-09  0.1000E-09  0.1194E+05  0.1896E+00
10479.7080 14 14   26.3818    6.4279   26.3818    6.4279   -3.9513   -4.5646    0.0000    0.0000  -10.0000  -10.0000  0.4923E+11  0.2000E+09  0.0000E+00  0.0000E+00  0.1000E-09  0.1000E-09  0.1000E-09  0.1000E-09  0.1194E+05  0.1896E+00
10489.7080 14 14   26.3818    6.4279   26.3818    6.4279   -3.9513   -4.5646    0.0000    0.0000  -10.0000  -10.0000  0.4923E+11  0.2000E+09  0.0000E+00  0.0000E+00  0.1000E-09  0.1000E-09  0.1000E-09  0.1000E-09  0.1194E+05  0.1896E+00
10499.7080 14 14   26.3818    6.4279   26.3818    6.4279   -3.9513   -4.5646    0.0000    0.0000  -10.0000  -10.0000  0.4923E+11  0.2000E+09  0.0000E+00  0.0000E+00  0.1000E-09  0.1000E-09  0.1000E-09  0.1000E-09  0.1194E+05  0.1896E+00
10509.7080 14 14   26.3818    6.4279   26.3818    6.4279   -3.9513   -4.5646    0.0000    0.0000  -10.0000  -10.0000  0.4923E+11  0.2000E+09  0.0000E+00  0.0000E+00  0.1000E-09  0.1000E-09  0.1000E-09  0.1000E-09  0.1194E+05  0.1896E+00
10519.7080 14 14   26.3818    6.4279   26.3818    6.4279   -3.9513   -4.5646    0.0000    0.0000  -10.0000  -10.0000  0.4923E+11  0.2000E+09  0.0000E+00  0.0000E+00  0.1000E-09  0.1000E-09  0.1000E-09  0.1000E-09  0.1194E+05  0.1896E+00
10529.7080 14 14   26.3818    6.4279   26.3818    6.4279   -3.9513   -4.5646    0.0000    0.0000  -10.0000  -10.0000  0.4923E+11  0.2000E+09  0.0000E+00  0.0000E+00  0.1000E-09  0.1000E-09  0.1000E-09  0.1000E-09  0.1194E+05  0.1896E+00
10539.7080 14 14   26.3818    6.4279   26.3818    6.4279   -3.9513   -4.5646    0.0000    0.0000  -10.0000  -10.0000  0.4923E+11  0.2000E+09  0.0000E+00  0.0000E+00  0.1000E-09  0.1000E-09  0.1000E-09  0.1000E-09  0.1194E+05  0.1896E+00
10549.7080 14 14   26.3818    6.4279   26.3818    6.4279   -3.9513   -4.5646    0.0000    0.0000  -10.0000  -10.0000  0.4923E+11  0.2000E+09  0.0000E+00  0.0000E+00  0.1000E-09  0.1000E-09  0.1000E-09  0.1000E-09  0.1194E+05  0.1896E+00
10559.7080 14 14   26.3818    6.4279   26.3818    6.4279   -3.9513   -4.5646    0.0000    0.0000  -10.0000  -10.0000  0.4923E+11  0.2000E+09  0.0000E+00  0.0000E+00  0.1000E-09  0.1000E-09  0.1000E-09  0.1000E-09  0.1194E+05  0.1896E+00
10569.7080 14 14   26.3818    6.4279   26.3818    6.4279   -3.9513   -4.5646    0.0000    0.0000  -10.0000  -10.0000  0.4923E+11  0.2000E+09  0.0000E+00  0.0000E+00  0.1000E-09  0.1000E-09  0.1000E-09  0.1000E-09  0.1194E+05  0.1896E+00
10579.7080 14 14   26.3818    6.4279   26.3818    6.4279   -3.9513   -4.5646    0.0000    0.0000  -10.0000  -10.0000  0.4923E+11  0.2000E+09  0.0000E+00  0.0000E+00  0.1000E-09  0.1000E-09  0.1000E-09  0.1000E-09  0.1194E+05  0.1896E+00
10589.7080 14 14   26.3818    6.4279   26.3818    6.4279   -3.9513   -4.5646    0.0000    0.0000  -10.0000  -10.0000  0.4923E+11  0.2000E+09  0.0000E+00  0.0000E+00  0.1000E-09  0.1000E-09  0.1000E-09  0.1000E-09  0.1194E+05  0.1896E+00
10599.7080 14 14   26.3818    6.4279   26.3818    6.4279   -3.9513   -4.5646    0.0000    0.0000  -10.0000  -10.0000  0.4923E+11  0.2000E+09  0.0000E+00  0.0000E+00  0.1000E-09  0.1000E-09  0.1000E-09  0.1000E-09  0.1194E+05  0.1896E+00
10609.7080 14 14   26.3818    6.4279   26.3818    6.4279   -3.9513   -4.5646    0.0000    0.0000  -10.0000  -10.0000  0.4923E+11  0.2000E+09  0.0000E+00  0.0000E+00  0.1000E-09  0.1000E-09  0.1000E-09  0.1000E-09  0.1194E+05  0.1896E+00
10619.7080 14 14   26.3818    6.4279   26.3818    6.4279   -3.9513   -4.5646    0.0000    0.0000  -10.0000  -10.0000  0.4923E+11  0.2000E+09  0.0000E+00  0.0000E+00  0.1000E-09  0.1000E-09  0.1000E-09  0.1000E-09  0.1194E+05  0.1896E+00
10629.7080 14 14   26.3818    6.4279   26.3818    6.4279   -3.9513   -4.5646    0.0000    0.0000  -10.0000  -10.0000  0.4923E+11  0.2000E+09  0.0000E+00  0.0000E+00  0.1000E-09  0.1000E-09  0.1000E-09  0.1000E-09  0.1194E+05  0.1896E+00
10639.7080 14 14   26.3818    6.4279   26.3818    6.4279   -3.9513   -4.5646    0.0000    0.0000  -10.0000  -10.0000  0.4923E+11  0.2000E+09  0.0000E+00  0.0000E+00  0.1000E-09  0.1000E-09  0.1000E-09  0.1000E-09  0.1194E+05  0.1896E+00
10649.7080 14 14   26.3818    6.4279   26.3818    6.4279   -3.9513   -4.5646    0.0000    0.0000  -10.0000  -10.0000  0.4923E+11  0.2000E+09  0.0000E+00  0.0000E+00  0.1000E-09  0.1000E-09  0.1000E-09  0.1000E-09  0.1194E+05  0.1896E+00
10659.7080 14 14   26.3818    6.4279   26.3818    6.4279   -3.9513   -4.5646    0.0000    0.0000  -10.0000  -10.0000  0.4923E+11  0.2000E+09  0.0000E+00  0.0000E+00  0.1000E-09  0.1000E-09  0.1000E-09  0.1000E-09  0.1194E+05  0.1896E+00
10669.7080 14 14   26.3818    6.4279   26.3818    6.4279   -3.9513   -4.5646    0.0000    0.0000  -10.0000  -10.0000  0.4923E+11  0.2000E+09  0.0000E+00  0.0000E+00  0.1000E-09  0.1000E-09  0.1000E-09  0.1000E-09  0.1194E+05  0.1896E+00
10679.7080 14 14   26.3818    6.4279   26.3818    6.4279   -3.9513   -4.5646    0.0000    0.0000  -10.0000  -10.0000  0.4923E+11  0.2000E+09  0.0000E+00  0.0000E+00  0.1000E-09  0.1000E-09  0.1000E-09  0.1000E-09  0.1194E+05  0.1896E+00
10689.7080 14 14   26.3818    6.4279   26.3818    6.4279   -3.9513   -4.5646    0.0000    0.0000  -10.0000  -10.0000  0.4923E+11  0.2000E+09  0.0000E+00  0.0000E+00  0.1000E-09  0.1000E-09  0.1000E-09  0.1000E-09  0.1194E+05  0.1896E+00
10699.7080 14 14   26.3818    6.4279   26.3818    6.4279   -3.9513   -4.5646    0.0000    0.0000  -10.0000  -10.0000  0.4923E+11  0.2000E+09  0.0000E+00  0.0000E+00  0.1000E-09  0.1000E-09  0.1000E-09  0.1000E-09  0.1194E+05  0.1896E+00
10709.7080 14 14   26.3818    6.4279   26.3818    6.4279   -3.9513   -4.5646    0.0000    0.0000  -10.0000  -10.0000  0.4923E+11  0.2000E+09  0.0000E+00  0.0000E+00  0.1000E-09  0.1000E-09  0.1000E-09  0.1000E-09  0.1194E+05  0.1896E+00
10719.7080 14 14   26.3818    6.4279   26.3818    6.4279   -3.9513   -4.5646    0.0000    0.0000  -10.0000  -10.0000  0.4923E+11  0.2000E+09  0.0000E+00  0.0000E+00  0.1000E-09  0.1000E-09  0.1000E-09  0.1000E-09  0.1194E+05  0.1896E+00
10729.7080 14 14   26.3818    6.4279   26.3818    6.4279   -3.9513   -4.5646    0.0000    0.0000  -10.0000  -10.0000  0.4923E+11  0.2000E+09  0.0000E+00  0.0000E+00  0.1000E-09  0.1000E-09  0.1000E-09  0.1000E-09  0.1194E+05  0.1896E+00
10739.7080 14 14   26.3818    6.4279   26.3818    6.4279   -3.9513   -4.5646    0.0000    0.0000  -10.0000  -10.0000  0.4923E+11  0.2000E+09  0.0000E+00  0.0000E+00  0.1000E-09  0.1000E-09  0.1000E-09  0.1000E-09  0.1194E+05  0.1896E+00
10749.7080 14 14   26.3818    6.4279   26.3818    6.4279   -3.9513   -4.5646    0.0000    0.0000  -10.0000  -10.0000  0.4923E+11  0.2000E+09  0.0000E+00  0.0000E+00  0.1000E-09  0.1000E-09  0.1000E-09  0.1000E-09  0.1194E+05  0.1896E+00
10759.7080 14 14   26.3818    6.4279   26.3818    6.4279   -3.9513   -4.5646    0.0000    0.0000  -10.0000  -10.0000  0.4923E+11  0.2000E+09  0.0000E+00  0.0000E+00  0.1000E-09  0.1000E-09  0.1000E-09  0.1000E-09  0.1194E+05  0.1896E+00
10769.7080 14 14   26.3818    6.4279   26.3818    6.4279   -3.9513   -4.5646    0.0000    0.0000  -10.0000  -10.0000  0.4923E+11  0.2000E+09  0.0000E+00  0.0000E+00  0.1000E-09  0.1000E-09  0.1000E-09  0.1000E-09  0.1194E+05  0.1896E+00
10779.7080 14 14   26.3818    6.4279   26.3818    6.4279   -3.9513   -4.5646    0.0000    0.0000  -10.0000  -10.0000  0.4923E+11  0.2000E+09  0.0000E+00  0.0000E+00  0.1000E-09  0.1000E-09  0.1000E-09  0.1000E-09  0.1194E+05  0.1896E+00
10789.7080 14 14   26.3818    6.4279   26.3818    6.4279   -3.9513   -4.5646    0.0000    0.0000  -10.0000  -10.0000  0.4923E+11  0.2000E+09  0.0000E+00  0.0000E+00  0.1000E-09  0.1000E-09  0.1000E-09  0.1000E-09  0.1194E+05  0.1896E+00
10799.7080 14 14   26.3818    6.4279   26.3818    6.4279   -3.9513   -4.5646    0.0000    0.0000  -10.0000  -10.0000  0.4923E+11  0.2000E+09  0.0000E+00  0.0000E+00  0.1000E-09  0.1000E-09  0.1000E-09  0.1000E-09  0.1194E+05  0.1896E+00
10809.7080 14 14   26.3818    6.4279   26.3818    6.4279   -3.9513   -4.5646    0.0000    0.0000  -10.0000  -10.0000  0.4923E+11  0.2000E+09  0.0000E+00  0.0000E+00  0.1000E-09  0.1000E-09  0.1000E-09  0.1000E-09  0.1194E+05  0.1896E+00
10819.7080 14 14   26.3818    6.4279   26.3818    6.4279   -3.9513   -4.5646    0.0000    0.0000  -10.0000  -10.0000  0.4923E+11  0.2000E+09  0.0000E+00  0.0000E+00  0.1000E-09  0.1000E-09  0.1000E-09  0.1000E-09  0.1194E+05  0.1896E+00
10829.7080 14 14   26.3818    6.4279   26.3818    6.4279   -3.9513   -4.5646    0.0000    0.0000  -10.0000  -10.0000  0.4923E+11  0.2000E+09  0.0000E+00  0.0000E+00  0.1000E-09  0.1000E-09  0.1000E-09  0.1000E-09  0.1194E+05  0.1896E+00
10839.7080 14 14   26.3818    6.4279   26.3818    6.4279   -3.9513   -4.5646    0.0000    0.0000  -10.0000  -10.0000  0.4923E+11  0.2000E+09  0.0000E+00  0.0000E+00  0.1000E-09  0.1000E-09  0.1000E-09  0.1000E-09  0.1194E+05  0.1896E+00
10849.7080 14 14   26.3818    6.4279   26.3818    6.4279   -3.9513   -4.5646    0.0000    0.0000  -10.0000  -10.0000  0.4923E+11  0.2000E+09  0.0000E+00  0.0000E+00  0.1000E-09  0.1000E-09  0.1000E-09  0.1000E-09  0.1194E+05  0.1896E+00
10859.7080 14 14   26.3818    6.4279   26.3818    6.4279   -3.9513   -4.5646    0.0000    0.0000  -10.0000  -10.0000  0.4923E+11  0.2000E+09  0.0000E+00  0.0000E+00  0.1000E-09  0.1000E-09  0.1000E-09  0.1000E-09  0.1194E+05  0.1896E+00
10869.7080 14 14   26.3818    6.4279   26.3818    6.4279   -3.9513   -4.5646    0.0000    0.0000  -10.0000  -10.0000  0.4923E+11  0.2000E+09  0.0000E+00  0.0000E+00  0.1000E-09  0.1000E-09  0.1000E-09  0.1000E-09  0.1194E+05  0.1896E+00
10879.7080 14 14   26.3818    6.4279   26.3818    6.4279   -3.9513   -4.5646    0.0000    0.0000  -10.0000  -10.0000  0.4923E+11  0.2000E+09  0.0000E+00  0.0000E+00  0.1000E-09  0.1000E-09  0.1000E-09  0.1000E-09  0.1194E+05  0.1896E+00
10889.7080 14 14   26.3818    6.4279   26.3818    6.4279   -3.9513   -4.5646    0.0000    0.0000  -10.0000  -10.0000  0.4923E+11  0.2000E+09  0.0000E+00  0.0000E+00  0.1000E-09  0.1000E-09  0.1000E-09  0.1000E-09  0.1194E+05  0.1896E+00
10899.7080 14 14   26.3818    6.4279   26.3818    6.4279   -3.9513   -4.5646    0.0000    0.0000  -10.0000  -10.0000  0.4923E+11  0.2000E+09  0.0000E+00  0.0000E+00  0.1000E-09  0.1000E-09  0.1000E-09  0.1000E-09  0.1194E+05  0.1896E+00
10909.7080 14 14   26.3818    6.4279   26.3818    6.4279   -3.9513   -4.5646    0.0000    0.0000  -10.0000  -10.0000  0.4923E+11  0.2000E+09  0.0000E+00  0.0000E+00  0.1000E-09  0.1000E-09  0.1000E-09  0.1000E-09  0.1194E+05  0.1896E+00
10919.7080 14 14   26.3818    6.4279   26.3818    6.4279   -3.9513   -4.5646    0.0000    0.0000  -10.0000  -10.0000  0.4923E+11  0.2000E+09  0.0000E+00  0.0000E+00  0.1000E-09  0.1000E-09  0.1000E-09  0.1000E-09  0.1194E+05  0.1896E+00
10929.7080 14 14   26.3818    6.4279   26.3818    6.4279   -3.9513   -4.5646    0.0000    0.0000  -10.0000  -10.0000  0.4923E+11  0.2000E+09  0.0000E+00  0.0000E+00  0.1000E-09  0.1000E-09  0.1000E-09  0.1000E-09  0.1194E+05  0.1896E+00
10939.7080 14 14   26.3818    6.4279   26.3818    6.4279   -3.9513   -4.5646    0.0000    0.0000  -10.0000  -10.0000  0.4923E+11  0.2000E+09  0.0000E+00  0.0000E+00  0.1000E-09  0.1000E-09  0.1000E-09  0.1000E-09  0.1194E+05  0.1896E+00
10949.7080 14 14   26.3818    6.4279   26.3818    6.4279   -3.9513   -4.5646    0.0000    0.0000  -10.0000  -10.0000  0.4923E+11  0.2000E+09  0.0000E+00  0.0000E+00  0.1000E-09  0.1000E-09  0.1000E-09  0.1000E-09  0.1194E+05  0.1896E+00
10959.7080 14 14   26.3818    6.4279   26.3818    6.4279   -3.9513   -4.5646    0.0000    0.0000  -10.0000  -10.0000  0.4923E+11  0.2000E+09  0.0000E+00  0.0000E+00  0.1000E-09  0.1000E-09  0.1000E-09  0.1000E-09  0.1194E+05  0.1896E+00
10969.7080 14 14   26.3818    6.4279   26.3818    6.4279   -3.9513   -4.5646    0.0000    0.0000  -10.0000  -10.0000  0.4923E+11  0.2000E+09  0.0000E+00  0.0000E+00  0.1000E-09  0.1000E-09  0.1000E-09  0.1000E-09  0.1194E+05  0.1896E+00
10979.7080 14 14   26.3818    6.4279   26.3818    6.4279   -3.9513   -4.5646    0.0000    0.0000  -10.0000  -10.0000  0.4923E+11  0.2000E+09  0.0000E+00  0.0000E+00  0.1000E-09  0.1000E-09  0.1000E-09  0.1000E-09  0.1194E+05  0.1896E+00
10989.7080 14 14   26.3818    6.4279   26.3818    6.4279   -3.9513   -4.5646    0.0000    0.0000  -10.0000  -10.0000  0.4923E+11  0.2000E+09  0.0000E+00  0.0000E+00  0.1000E-09  0.1000E-09  0.1000E-09  0.1000E-09  0.1194E+05  0.1896E+00
10999.7080 14 14   26.3818    6.4279   26.3818    6.4279   -3.9513   -4.5646    0.0000    0.0000  -10.0000  -10.0000  0.4923E+11  0.2000E+09  0.0000E+00  0.0000E+00  0.1000E-09  0.1000E-09  0.1000E-09  0.1000E-09  0.1194E+05  0.1896E+00
11009.7080 14 14   26.3818    6.4279   26.3818    6.4279   -3.9513   -4.5646    0.0000    0.0000  -10.0000  -10.0000  0.4923E+11  0.2000E+09  0.0000E+00  0.0000E+00  0.1000E-09  0.1000E-09  0.1000E-09  0.1000E-09  0.1194E+05  0.1896E+00
11019.7080 14 14   26.3818    6.4279   26.3818    6.4279   -3.9513   -4.5646    0.0000    0.0000  -10.0000  -10.0000  0.4923E+11  0.2000E+09  0.0000E+00  0.0000E+00  0.1000E-09  0.1000E-09  0.1000E-09  0.1000E-09  0.1194E+05  0.1896E+00
11029.7080 14 14   26.3818    6.4279   26.3818    6.4279   -3.9513   -4.5646    0.0000    0.0000  -10.0000  -10.0000  0.4923E+11  0.2000E+09  0.0000E+00  0.0000E+00  0.1000E-09  0.1000E-09  0.1000E-09  0.1000E-09  0.1194E+05  0.1896E+00
11039.7080 14 14   26.3818    6.4279   26.3818    6.4279   -3.9513   -4.5646    0.0000    0.0000  -10.0000  -10.0000  0.4923E+11  0.2000E+09  0.0000E+00  0.0000E+00  0.1000E-09  0.1000E-09  0.1000E-09  0.1000E-09  0.1194E+05  0.1896E+00
11049.7080 14 14   26.3818    6.4279   26.3818    6.4279   -3.9513   -4.5646    0.0000    0.0000  -10.0000  -10.0000  0.4923E+11  0.2000E+09  0.0000E+00  0.0000E+00  0.1000E-09  0.1000E-09  0.1000E-09  0.1000E-09  0.1194E+05  0.1896E+00
11059.7080 14 14   26.3818    6.4279   26.3818    6.4279   -3.9513   -4.5646    0.0000    0.0000  -10.0000  -10.0000  0.4923E+11  0.2000E+09  0.0000E+00  0.0000E+00  0.1000E-09  0.1000E-09  0.1000E-09  0.1000E-09  0.1194E+05  0.1896E+00
11069.7080 14 14   26.3818    6.4279   26.3818    6.4279   -3.9513   -4.5646    0.0000    0.0000  -10.0000  -10.0000  0.4923E+11  0.2000E+09  0.0000E+00  0.0000E+00  0.1000E-09  0.1000E-09  0.1000E-09  0.1000E-09  0.1194E+05  0.1896E+00
11079.7080 14 14   26.3818    6.4279   26.3818    6.4279   -3.9513   -4.5646    0.0000    0.0000  -10.0000  -10.0000  0.4923E+11  0.2000E+09  0.0000E+00  0.0000E+00  0.1000E-09  0.1000E-09  0.1000E-09  0.1000E-09  0.1194E+05  0.1896E+00
11089.7080 14 14   26.3818    6.4279   26.3818    6.4279   -3.9513   -4.5646    0.0000    0.0000  -10.0000  -10.0000  0.4923E+11  0.2000E+09  0.0000E+00  0.0000E+00  0.1000E-09  0.1000E-09  0.1000E-09  0.1000E-09  0.1194E+05  0.1896E+00
11099.7080 14 14   26.3818    6.4279   26.3818    6.4279   -3.9513   -4.5646    0.0000    0.0000  -10.0000  -10.0000  0.4923E+11  0.2000E+09  0.0000E+00  0.0000E+00  0.1000E-09  0.1000E-09  0.1000E-09  0.1000E-09  0.1194E+05  0.1896E+00
11109.7080 14 14   26.3818    6.4279   26.3818    6.4279   -3.9513   -4.5646    0.0000    0.0000  -10.0000  -10.0000  0.4923E+11  0.2000E+09  0.0000E+00  0.0000E+00  0.1000E-09  0.1000E-09  0.1000E-09  0.1000E-09  0.1194E+05  0.1896E+00
11119.7080 14 14   26.3818    6.4279   26.3818    6.4279   -3.9513   -4.5646    0.0000    0.0000  -10.0000  -10.0000  0.4923E+11  0.2000E+09  0.0000E+00  0.0000E+00  0.1000E-09  0.1000E-09  0.1000E-09  0.1000E-09  0.1194E+05  0.1896E+00
11129.7080 14 14   26.3818    6.4279   26.3818    6.4279   -3.9513   -4.5646    0.0000    0.0000  -10.0000  -10.0000  0.4923E+11  0.2000E+09  0.0000E+00  0.0000E+00  0.1000E-09  0.1000E-09  0.1000E-09  0.1000E-09  0.1194E+05  0.1896E+00
11139.7080 14 14   26.3818    6.4279   26.3818    6.4279   -3.9513   -4.5646    0.0000    0.0000  -10.0000  -10.0000  0.4923E+11  0.2000E+09  0.0000E+00  0.0000E+00  0.1000E-09  0.1000E-09  0.1000E-09  0.1000E-09  0.1194E+05  0.1896E+00
11149.7080 14 14   26.3818    6.4279   26.3818    6.4279   -3.9513   -4.5646    0.0000    0.0000  -10.0000  -10.0000  0.4923E+11  0.2000E+09  0.0000E+00  0.0000E+00  0.1000E-09  0.1000E-09  0.1000E-09  0.1000E-09  0.1194E+05  0.1896E+00
11159.7080 14 14   26.3818    6.4279   26.3818    6.4279   -3.9513   -4.5646    0.0000    0.0000  -10.0000  -10.0000  0.4923E+11  0.2000E+09  0.0000E+00  0.0000E+00  0.1000E-09  0.1000E-09  0.1000E-09  0.1000E-09  0.1194E+05  0.1896E+00
11169.7080 14 14   26.3818    6.4279   26.3818    6.4279   -3.9513   -4.5646    0.0000    0.0000  -10.0000  -10.0000  0.4923E+11  0.2000E+09  0.0000E+00  0.0000E+00  0.1000E-09  0.1000E-09  0.1000E-09  0.1000E-09  0.1194E+05  0.1896E+00
11179.7080 14 14   26.3818    6.4279   26.3818    6.4279   -3.9513   -4.5646    0.0000    0.0000  -10.0000  -10.0000  0.4923E+11  0.2000E+09  0.0000E+00  0.0000E+00  0.1000E-09  0.1000E-09  0.1000E-09  0.1000E-09  0.1194E+05  0.1896E+00
11189.7080 14 14   26.3818    6.4279   26.3818    6.4279   -3.9513   -4.5646    0.0000    0.0000  -10.0000  -10.0000  0.4923E+11  0.2000E+09  0.0000E+00  0.0000E+00  0.1000E-09  0.1000E-09  0.1000E-09  0.1000E-09  0.1194E+05  0.1896E+00
11199.7080 14 14   26.3818    6.4279   26.3818    6.4279   -3.9513   -4.5646    0.0000    0.0000  -10.0000  -10.0000  0.4923E+11  0.2000E+09  0.0000E+00  0.0000E+00  0.1000E-09  0.1000E-09  0.1000E-09  0.1000E-09  0.1194E+05  0.1896E+00
11209.7080 14 14   26.3818    6.4279   26.3818    6.4279   -3.9513   -4.5646    0.0000    0.0000  -10.0000  -10.0000  0.4923E+11  0.2000E+09  0.0000E+00  0.0000E+00  0.1000E-09  0.1000E-09  0.1000E-09  0.1000E-09  0.1194E+05  0.1896E+00
11219.7080 14 14   26.3818    6.4279   26.3818    6.4279   -3.9513   -4.5646    0.0000    0.0000  -10.0000  -10.0000  0.4923E+11  0.2000E+09  0.0000E+00  0.0000E+00  0.1000E-09  0.1000E-09  0.1000E-09  0.1000E-09  0.1194E+05  0.1896E+00
11229.7080 14 14   26.3818    6.4279   26.3818    6.4279   -3.9513   -4.5646    0.0000    0.0000  -10.0000  -10.0000  0.4923E+11  0.2000E+09  0.0000E+00  0.0000E+00  0.1000E-09  0.1000E-09  0.1000E-09  0.1000E-09  0.1194E+05  0.1896E+00
11239.7080 14 14   26.3818    6.4279   26.3818    6.4279   -3.9513   -4.5646    0.0000    0.0000  -10.0000  -10.0000  0.4923E+11  0.2000E+09  0.0000E+00  0.0000E+00  0.1000E-09  0.1000E-09  0.1000E-09  0.1000E-09  0.1194E+05  0.1896E+00
11249.7080 14 14   26.3818    6.4279   26.3818    6.4279   -3.9513   -4.5646    0.0000    0.0000  -10.0000  -10.0000  0.4923E+11  0.2000E+09  0.0000E+00  0.0000E+00  0.1000E-09  0.1000E-09  0.1000E-09  0.1000E-09  0.1194E+05  0.1896E+00
11259.7080 14 14   26.3818    6.4279   26.3818    6.4279   -3.9513   -4.5646    0.0000    0.0000  -10.0000  -10.0000  0.4923E+11  0.2000E+09  0.0000E+00  0.0000E+00  0.1000E-09  0.1000E-09  0.1000E-09  0.1000E-09  0.1194E+05  0.1896E+00
11269.7080 14 14   26.3818    6.4279   26.3818    6.4279   -3.9513   -4.5646    0.0000    0.0000  -10.0000  -10.0000  0.4923E+11  0.2000E+09  0.0000E+00  0.0000E+00  0.1000E-09  0.1000E-09  0.1000E-09  0.1000E-09  0.1194E+05  0.1896E+00
11279.7080 14 14   26.3818    6.4279   26.3818    6.4279   -3.9513   -4.5646    0.0000    0.0000  -10.0000  -10.0000  0.4923E+11  0.2000E+09  0.0000E+00  0.0000E+00  0.1000E-09  0.1000E-09  0.1000E-09  0.1000E-09  0.1194E+05  0.1896E+00
11289.7080 14 14   26.3818    6.4279   26.3818    6.4279   -3.9513   -4.5646    0.0000    0.0000  -10.0000  -10.0000  0.4923E+11  0.2000E+09  0.0000E+00  0.0000E+00  0.1000E-09  0.1000E-09  0.1000E-09  0.1000E-09  0.1194E+05  0.1896E+00
11299.7080 14 14   26.3818    6.4279   26.3818    6.4279   -3.9513   -4.5646    0.0000    0.0000  -10.0000  -10.0000  0.4923E+11  0.2000E+09  0.0000E+00  0.0000E+00  0.1000E-09  0.1000E-09  0.1000E-09  0.1000E-09  0.1194E+05  0.1896E+00
11309.7080 14 14   26.3818    6.4279   26.3818    6.4279   -3.9513   -4.5646    0.0000    0.0000  -10.0000  -10.0000  0.4923E+11  0.2000E+09  0.0000E+00  0.0000E+00  0.1000E-09  0.1000E-09  0.1000E-09  0.1000E-09  0.1194E+05  0.1896E+00
11319.7080 14 14   26.3818    6.4279   26.3818    6.4279   -3.9513   -4.5646    0.0000    0.0000  -10.0000  -10.0000  0.4923E+11  0.2000E+09  0.0000E+00  0.0000E+00  0.1000E-09  0.1000E-09  0.1000E-09  0.1000E-09  0.1194E+05  0.1896E+00
11329.7080 14 14   26.3818    6.4279   26.3818    6.4279   -3.9513   -4.5646    0.0000    0.0000  -10.0000  -10.0000  0.4923E+11  0.2000E+09  0.0000E+00  0.0000E+00  0.1000E-09  0.1000E-09  0.1000E-09  0.1000E-09  0.1194E+05  0.1896E+00
11339.7080 14 14   26.3818    6.4279   26.3818    6.4279   -3.9513   -4.5646    0.0000    0.0000  -10.0000  -10.0000  0.4923E+11  0.2000E+09  0.0000E+00  0.0000E+00  0.1000E-09  0.1000E-09  0.1000E-09  0.1000E-09  0.1194E+05  0.1896E+00
11349.7080 14 14   26.3818    6.4279   26.3818    6.4279   -3.9513   -4.5646    0.0000    0.0000  -10.0000  -10.0000  0.4923E+11  0.2000E+09  0.0000E+00  0.0000E+00  0.1000E-09  0.1000E-09  0.1000E-09  0.1000E-09  0.1194E+05  0.1896E+00
11359.7080 14 14   26.3818    6.4279   26.3818    6.4279   -3.9513   -4.5646    0.0000    0.0000  -10.0000  -10.0000  0.4923E+11  0.2000E+09  0.0000E+00  0.0000E+00  0.1000E-09  0.1000E-09  0.1000E-09  0.1000E-09  0.1194E+05  0.1896E+00
11369.7080 14 14   26.3818    6.4279   26.3818    6.4279   -3.9513   -4.5646    0.0000    0.0000  -10.0000  -10.0000  0.4923E+11  0.2000E+09  0.0000E+00  0.0000E+00  0.1000E-09  0.1000E-09  0.1000E-09  0.1000E-09  0.1194E+05  0.1896E+00
11379.7080 14 14   26.3818    6.4279   26.3818    6.4279   -3.9513   -4.5646    0.0000    0.0000  -10.0000  -10.0000  0.4923E+11  0.2000E+09  0.0000E+00  0.0000E+00  0.1000E-09  0.1000E-09  0.1000E-09  0.1000E-09  0.1194E+05  0.1896E+00
11389.7080 14 14   26.3818    6.4279   26.3818    6.4279   -3.9513   -4.5646    0.0000    0.0000  -10.0000  -10.0000  0.4923E+11  0.2000E+09  0.0000E+00  0.0000E+00  0.1000E-09  0.1000E-09  0.1000E-09  0.1000E-09  0.1194E+05  0.1896E+00
11399.7080 14 14   26.3818    6.4279   26.3818    6.4279   -3.9513   -4.5646    0.0000    0.0000  -10.0000  -10.0000  0.4923E+11  0.2000E+09  0.0000E+00  0.0000E+00  0.1000E-09  0.1000E-09  0.1000E-09  0.1000E-09  0.1194E+05  0.1896E+00
11409.7080 14 14   26.3818    6.4279   26.3818    6.4279   -3.9513   -4.5646    0.0000    0.0000  -10.0000  -10.0000  0.4923E+11  0.2000E+09  0.0000E+00  0.0000E+00  0.1000E-09  0.1000E-09  0.1000E-09  0.1000E-09  0.1194E+05  0.1896E+00
11419.7080 14 14   26.3818    6.4279   26.3818    6.4279   -3.9513   -4.5646    0.0000    0.0000  -10.0000  -10.0000  0.4923E+11  0.2000E+09  0.0000E+00  0.0000E+00  0.1000E-09  0.1000E-09  0.1000E-09  0.1000E-09  0.1194E+05  0.1896E+00
11429.7080 14 14   26.3818    6.4279   26.3818    6.4279   -3.9513   -4.5646    0.0000    0.0000  -10.0000  -10.0000  0.4923E+11  0.2000E+09  0.0000E+00  0.0000E+00  0.1000E-09  0.1000E-09  0.1000E-09  0.1000E-09  0.1194E+05  0.1896E+00
11439.7080 14 14   26.3818    6.4279   26.3818    6.4279   -3.9513   -4.5646    0.0000    0.0000  -10.0000  -10.0000  0.4923E+11  0.2000E+09  0.0000E+00  0.0000E+00  0.1000E-09  0.1000E-09  0.1000E-09  0.1000E-09  0.1194E+05  0.1896E+00
11449.7080 14 14   26.3818    6.4279   26.3818    6.4279   -3.9513   -4.5646    0.0000    0.0000  -10.0000  -10.0000  0.4923E+11  0.2000E+09  0.0000E+00  0.0000E+00  0.1000E-09  0.1000E-09  0.1000E-09  0.1000E-09  0.1194E+05  0.1896E+00
11459.7080 14 14   26.3818    6.4279   26.3818    6.4279   -3.9513   -4.5646    0.0000    0.0000  -10.0000  -10.0000  0.4923E+11  0.2000E+09  0.0000E+00  0.0000E+00  0.1000E-09  0.1000E-09  0.1000E-09  0.1000E-09  0.1194E+05  0.1896E+00
11469.7080 14 14   26.3818    6.4279   26.3818    6.4279   -3.9513   -4.5646    0.0000    0.0000  -10.0000  -10.0000  0.4923E+11  0.2000E+09  0.0000E+00  0.0000E+00  0.1000E-09  0.1000E-09  0.1000E-09  0.1000E-09  0.1194E+05  0.1896E+00
11479.7080 14 14   26.3818    6.4279   26.3818    6.4279   -3.9513   -4.5646    0.0000    0.0000  -10.0000  -10.0000  0.4923E+11  0.2000E+09  0.0000E+00  0.0000E+00  0.1000E-09  0.1000E-09  0.1000E-09  0.1000E-09  0.1194E+05  0.1896E+00
11489.7080 14 14   26.3818    6.4279   26.3818    6.4279   -3.9513   -4.5646    0.0000    0.0000  -10.0000  -10.0000  0.4923E+11  0.2000E+09  0.0000E+00  0.0000E+00  0.1000E-09  0.1000E-09  0.1000E-09  0.1000E-09  0.1194E+05  0.1896E+00
11499.7080 14 14   26.3818    6.4279   26.3818    6.4279   -3.9513   -4.5646    0.0000    0.0000  -10.0000  -10.0000  0.4923E+11  0.2000E+09  0.0000E+00  0.0000E+00  0.1000E-09  0.1000E-09  0.1000E-09  0.1000E-09  0.1194E+05  0.1896E+00
11509.7080 14 14   26.3818    6.4279   26.3818    6.4279   -3.9513   -4.5646    0.0000    0.0000  -10.0000  -10.0000  0.4923E+11  0.2000E+09  0.0000E+00  0.0000E+00  0.1000E-09  0.1000E-09  0.1000E-09  0.1000E-09  0.1194E+05  0.1896E+00
11519.7080 14 14   26.3818    6.4279   26.3818    6.4279   -3.9513   -4.5646    0.0000    0.0000  -10.0000  -10.0000  0.4923E+11  0.2000E+09  0.0000E+00  0.0000E+00  0.1000E-09  0.1000E-09  0.1000E-09  0.1000E-09  0.1194E+05  0.1896E+00
11529.7080 14 14   26.3818    6.4279   26.3818    6.4279   -3.9513   -4.5646    0.0000    0.0000  -10.0000  -10.0000  0.4923E+11  0.2000E+09  0.0000E+00  0.0000E+00  0.1000E-09  0.1000E-09  0.1000E-09  0.1000E-09  0.1194E+05  0.1896E+00
11539.7080 14 14   26.3818    6.4279   26.3818    6.4279   -3.9513   -4.5646    0.0000    0.0000  -10.0000  -10.0000  0.4923E+11  0.2000E+09  0.0000E+00  0.0000E+00  0.1000E-09  0.1000E-09  0.1000E-09  0.1000E-09  0.1194E+05  0.1896E+00
11549.7080 14 14   26.3818    6.4279   26.3818    6.4279   -3.9513   -4.5646    0.0000    0.0000  -10.0000  -10.0000  0.4923E+11  0.2000E+09  0.0000E+00  0.0000E+00  0.1000E-09  0.1000E-09  0.1000E-09  0.1000E-09  0.1194E+05  0.1896E+00
11559.7080 14 14   26.3818    6.4279   26.3818    6.4279   -3.9513   -4.5646    0.0000    0.0000  -10.0000  -10.0000  0.4923E+11  0.2000E+09  0.0000E+00  0.0000E+00  0.1000E-09  0.1000E-09  0.1000E-09  0.1000E-09  0.1194E+05  0.1896E+00
11569.7080 14 14   26.3818    6.4279   26.3818    6.4279   -3.9513   -4.5646    0.0000    0.0000  -10.0000  -10.0000  0.4923E+11  0.2000E+09  0.0000E+00  0.0000E+00  0.1000E-09  0.1000E-09  0.1000E-09  0.1000E-09  0.1194E+05  0.1896E+00
11579.7080 14 14   26.3818    6.4279   26.3818    6.4279   -3.9513   -4.5646    0.0000    0.0000  -10.0000  -10.0000  0.4923E+11  0.2000E+09  0.0000E+00  0.0000E+00  0.1000E-09  0.1000E-09  0.1000E-09  0.1000E-09  0.1194E+05  0.1896E+00
11589.7080 14 14   26.3818    6.4279   26.3818    6.4279   -3.9513   -4.5646    0.0000    0.0000  -10.0000  -10.0000  0.4923E+11  0.2000E+09  0.0000E+00  0.0000E+00  0.1000E-09  0.1000E-09  0.1000E-09  0.1000E-09  0.1194E+05  0.1896E+00
11599.7080 14 14   26.3818    6.4279   26.3818    6.4279   -3.9513   -4.5646    0.0000    0.0000  -10.0000  -10.0000  0.4923E+11  0.2000E+09  0.0000E+00  0.0000E+00  0.1000E-09  0.1000E-09  0.1000E-09  0.1000E-09  0.1194E+05  0.1896E+00
11609.7080 14 14   26.3818    6.4279   26.3818    6.4279   -3.9513   -4.5646    0.0000    0.0000  -10.0000  -10.0000  0.4923E+11  0.2000E+09  0.0000E+00  0.0000E+00  0.1000E-09  0.1000E-09  0.1000E-09  0.1000E-09  0.1194E+05  0.1896E+00
11619.7080 14 14   26.3818    6.4279   26.3818    6.4279   -3.9513   -4.5646    0.0000    0.0000  -10.0000  -10.0000  0.4923E+11  0.2000E+09  0.0000E+00  0.0000E+00  0.1000E-09  0.1000E-09  0.1000E-09  0.1000E-09  0.1194E+05  0.1896E+00
11629.7080 14 14   26.3818    6.4279   26.3818    6.4279   -3.9513   -4.5646    0.0000    0.0000  -10.0000  -10.0000  0.4923E+11  0.2000E+09  0.0000E+00  0.0000E+00  0.1000E-09  0.1000E-09  0.1000E-09  0.1000E-09  0.1194E+05  0.1896E+00
11639.7080 14 14   26.3818    6.4279   26.3818    6.4279   -3.9513   -4.5646    0.0000    0.0000  -10.0000  -10.0000  0.4923E+11  0.2000E+09  0.0000E+00  0.0000E+00  0.1000E-09  0.1000E-09  0.1000E-09  0.1000E-09  0.1194E+05  0.1896E+00
11649.7080 14 14   26.3818    6.4279   26.3818    6.4279   -3.9513   -4.5646    0.0000    0.0000  -10.0000  -10.0000  0.4923E+11  0.2000E+09  0.0000E+00  0.0000E+00  0.1000E-09  0.1000E-09  0.1000E-09  0.1000E-09  0.1194E+05  0.1896E+00
11659.7080 14 14   26.3818    6.4279   26.3818    6.4279   -3.9513   -4.5646    0.0000    0.0000  -10.0000  -10.0000  0.4923E+11  0.2000E+09  0.0000E+00  0.0000E+00  0.1000E-09  0.1000E-09  0.1000E-09  0.1000E-09  0.1194E+05  0.1896E+00
11669.7080 14 14   26.3818    6.4279   26.3818    6.4279   -3.9513   -4.5646    0.0000    0.0000  -10.0000  -10.0000  0.4923E+11  0.2000E+09  0.0000E+00  0.0000E+00  0.1000E-09  0.1000E-09  0.1000E-09  0.1000E-09  0.1194E+05  0.1896E+00
11679.7080 14 14   26.3818    6.4279   26.3818    6.4279   -3.9513   -4.5646    0.0000    0.0000  -10.0000  -10.0000  0.4923E+11  0.2000E+09  0.0000E+00  0.0000E+00  0.1000E-09  0.1000E-09  0.1000E-09  0.1000E-09  0.1194E+05  0.1896E+00
11689.7080 14 14   26.3818    6.4279   26.3818    6.4279   -3.9513   -4.5646    0.0000    0.0000  -10.0000  -10.0000  0.4923E+11  0.2000E+09  0.0000E+00  0.0000E+00  0.1000E-09  0.1000E-09  0.1000E-09  0.1000E-09  0.1194E+05  0.1896E+00
11699.7080 14 14   26.3818    6.4279   26.3818    6.4279   -3.9513   -4.5646    0.0000    0.0000  -10.0000  -10.0000  0.4923E+11  0.2000E+09  0.0000E+00  0.0000E+00  0.1000E-09  0.1000E-09  0.1000E-09  0.1000E-09  0.1194E+05  0.1896E+00
11709.7080 14 14   26.3818    6.4279   26.3818    6.4279   -3.9513   -4.5646    0.0000    0.0000  -10.0000  -10.0000  0.4923E+11  0.2000E+09  0.0000E+00  0.0000E+00  0.1000E-09  0.1000E-09  0.1000E-09  0.1000E-09  0.1194E+05  0.1896E+00
11719.7080 14 14   26.3818    6.4279   26.3818    6.4279   -3.9513   -4.5646    0.0000    0.0000  -10.0000  -10.0000  0.4923E+11  0.2000E+09  0.0000E+00  0.0000E+00  0.1000E-09  0.1000E-09  0.1000E-09  0.1000E-09  0.1194E+05  0.1896E+00
11729.7080 14 14   26.3818    6.4279   26.3818    6.4279   -3.9513   -4.5646    0.0000    0.0000  -10.0000  -10.0000  0.4923E+11  0.2000E+09  0.0000E+00  0.0000E+00  0.1000E-09  0.1000E-09  0.1000E-09  0.1000E-09  0.1194E+05  0.1896E+00
11739.7080 14 14   26.3818    6.4279   26.3818    6.4279   -3.9513   -4.5646    0.0000    0.0000  -10.0000  -10.0000  0.4923E+11  0.2000E+09  0.0000E+00  0.0000E+00  0.1000E-09  0.1000E-09  0.1000E-09  0.1000E-09  0.1194E+05  0.1896E+00
11749.7080 14 14   26.3818    6.4279   26.3818    6.4279   -3.9513   -4.5646    0.0000    0.0000  -10.0000  -10.0000  0.4923E+11  0.2000E+09  0.0000E+00  0.0000E+00  0.1000E-09  0.1000E-09  0.1000E-09  0.1000E-09  0.1194E+05  0.1896E+00
11759.7080 14 14   26.3818    6.4279   26.3818    6.4279   -3.9513   -4.5646    0.0000    0.0000  -10.0000  -10.0000  0.4923E+11  0.2000E+09  0.0000E+00  0.0000E+00  0.1000E-09  0.1000E-09  0.1000E-09  0.1000E-09  0.1194E+05  0.1896E+00
11769.7080 14 14   26.3818    6.4279   26.3818    6.4279   -3.9513   -4.5646    0.0000    0.0000  -10.0000  -10.0000  0.4923E+11  0.2000E+09  0.0000E+00  0.0000E+00  0.1000E-09  0.1000E-09  0.1000E-09  0.1000E-09  0.1194E+05  0.1896E+00
11779.7080 14 14   26.3818    6.4279   26.3818    6.4279   -3.9513   -4.5646    0.0000    0.0000  -10.0000  -10.0000  0.4923E+11  0.2000E+09  0.0000E+00  0.0000E+00  0.1000E-09  0.1000E-09  0.1000E-09  0.1000E-09  0.1194E+05  0.1896E+00
11789.7080 14 14   26.3818    6.4279   26.3818    6.4279   -3.9513   -4.5646    0.0000    0.0000  -10.0000  -10.0000  0.4923E+11  0.2000E+09  0.0000E+00  0.0000E+00  0.1000E-09  0.1000E-09  0.1000E-09  0.1000E-09  0.1194E+05  0.1896E+00
11799.7080 14 14   26.3818    6.4279   26.3818    6.4279   -3.9513   -4.5646    0.0000    0.0000  -10.0000  -10.0000  0.4923E+11  0.2000E+09  0.0000E+00  0.0000E+00  0.1000E-09  0.1000E-09  0.1000E-09  0.1000E-09  0.1194E+05  0.1896E+00
11809.7080 14 14   26.3818    6.4279   26.3818    6.4279   -3.9513   -4.5646    0.0000    0.0000  -10.0000  -10.0000  0.4923E+11  0.2000E+09  0.0000E+00  0.0000E+00  0.1000E-09  0.1000E-09  0.1000E-09  0.1000E-09  0.1194E+05  0.1896E+00
11819.7080 14 14   26.3818    6.4279   26.3818    6.4279   -3.9513   -4.5646    0.0000    0.0000  -10.0000  -10.0000  0.4923E+11  0.2000E+09  0.0000E+00  0.0000E+00  0.1000E-09  0.1000E-09  0.1000E-09  0.1000E-09  0.1194E+05  0.1896E+00
11829.7080 14 14   26.3818    6.4279   26.3818    6.4279   -3.9513   -4.5646    0.0000    0.0000  -10.0000  -10.0000  0.4923E+11  0.2000E+09  0.0000E+00  0.0000E+00  0.1000E-09  0.1000E-09  0.1000E-09  0.1000E-09  0.1194E+05  0.1896E+00
11839.7080 14 14   26.3818    6.4279   26.3818    6.4279   -3.9513   -4.5646    0.0000    0.0000  -10.0000  -10.0000  0.4923E+11  0.2000E+09  0.0000E+00  0.0000E+00  0.1000E-09  0.1000E-09  0.1000E-09  0.1000E-09  0.1194E+05  0.1896E+00
11849.7080 14 14   26.3818    6.4279   26.3818    6.4279   -3.9513   -4.5646    0.0000    0.0000  -10.0000  -10.0000  0.4923E+11  0.2000E+09  0.0000E+00  0.0000E+00  0.1000E-09  0.1000E-09  0.1000E-09  0.1000E-09  0.1194E+05  0.1896E+00
11859.7080 14 14   26.3818    6.4279   26.3818    6.4279   -3.9513   -4.5646    0.0000    0.0000  -10.0000  -10.0000  0.4923E+11  0.2000E+09  0.0000E+00  0.0000E+00  0.1000E-09  0.1000E-09  0.1000E-09  0.1000E-09  0.1194E+05  0.1896E+00
11869.7080 14 14   26.3818    6.4279   26.3818    6.4279   -3.9513   -4.5646    0.0000    0.0000  -10.0000  -10.0000  0.4923E+11  0.2000E+09  0.0000E+00  0.0000E+00  0.1000E-09  0.1000E-09  0.1000E-09  0.1000E-09  0.1194E+05  0.1896E+00
11879.7080 14 14   26.3818    6.4279   26.3818    6.4279   -3.9513   -4.5646    0.0000    0.0000  -10.0000  -10.0000  0.4923E+11  0.2000E+09  0.0000E+00  0.0000E+00  0.1000E-09  0.1000E-09  0.1000E-09  0.1000E-09  0.1194E+05  0.1896E+00
11889.7080 14 14   26.3818    6.4279   26.3818    6.4279   -3.9513   -4.5646    0.0000    0.0000  -10.0000  -10.0000  0.4923E+11  0.2000E+09  0.0000E+00  0.0000E+00  0.1000E-09  0.1000E-09  0.1000E-09  0.1000E-09  0.1194E+05  0.1896E+00
11899.7080 14 14   26.3818    6.4279   26.3818    6.4279   -3.9513   -4.5646    0.0000    0.0000  -10.0000  -10.0000  0.4923E+11  0.2000E+09  0.0000E+00  0.0000E+00  0.1000E-09  0.1000E-09  0.1000E-09  0.1000E-09  0.1194E+05  0.1896E+00
11909.7080 14 14   26.3818    6.4279   26.3818    6.4279   -3.9513   -4.5646    0.0000    0.0000  -10.0000  -10.0000  0.4923E+11  0.2000E+09  0.0000E+00  0.0000E+00  0.1000E-09  0.1000E-09  0.1000E-09  0.1000E-09  0.1194E+05  0.1896E+00
11919.7080 14 14   26.3818    6.4279   26.3818    6.4279   -3.9513   -4.5646    0.0000    0.0000  -10.0000  -10.0000  0.4923E+11  0.2000E+09  0.0000E+00  0.0000E+00  0.1000E-09  0.1000E-09  0.1000E-09  0.1000E-09  0.1194E+05  0.1896E+00
11929.7080 14 14   26.3818    6.4279   26.3818    6.4279   -3.9513   -4.5646    0.0000    0.0000  -10.0000  -10.0000  0.4923E+11  0.2000E+09  0.0000E+00  0.0000E+00  0.1000E-09  0.1000E-09  0.1000E-09  0.1000E-09  0.1194E+05  0.1896E+00
11939.7080 14 14   26.3818    6.4279   26.3818    6.4279   -3.9513   -4.5646    0.0000    0.0000  -10.0000  -10.0000  0.4923E+11  0.2000E+09  0.0000E+00  0.0000E+00  0.1000E-09  0.1000E-09  0.1000E-09  0.1000E-09  0.1194E+05  0.1896E+00
11949.7080 14 14   26.3818    6.4279   26.3818    6.4279   -3.9513   -4.5646    0.0000    0.0000  -10.0000  -10.0000  0.4923E+11  0.2000E+09  0.0000E+00  0.0000E+00  0.1000E-09  0.1000E-09  0.1000E-09  0.1000E-09  0.1194E+05  0.1896E+00
11959.7080 14 14   26.3818    6.4279   26.3818    6.4279   -3.9513   -4.5646    0.0000    0.0000  -10.0000  -10.0000  0.4923E+11  0.2000E+09  0.0000E+00  0.0000E+00  0.1000E-09  0.1000E-09  0.1000E-09  0.1000E-09  0.1194E+05  0.1896E+00
11969.7080 14 14   26.3818    6.4279   26.3818    6.4279   -3.9513   -4.5646    0.0000    0.0000  -10.0000  -10.0000  0.4923E+11  0.2000E+09  0.0000E+00  0.0000E+00  0.1000E-09  0.1000E-09  0.1000E-09  0.1000E-09  0.1194E+05  0.1896E+00
11979.7080 14 14   26.3818    6.4279   26.3818    6.4279   -3.9513   -4.5646    0.0000    0.0000  -10.0000  -10.0000  0.4923E+11  0.2000E+09  0.0000E+00  0.0000E+00  0.1000E-09  0.1000E-09  0.1000E-09  0.1000E-09  0.1194E+05  0.1896E+00
11989.7080 14 14   26.3818    6.4279   26.3818    6.4279   -3.9513   -4.5646    0.0000    0.0000  -10.0000  -10.0000  0.4923E+11  0.2000E+09  0.0000E+00  0.0000E+00  0.1000E-09  0.1000E-09  0.1000E-09  0.1000E-09  0.1194E+05  0.1896E+00
11999.7080 14 14   26.3818    6.4279   26.3818    6.4279   -3.9513   -4.5646    0.0000    0.0000  -10.0000  -10.0000  0.4923E+11  0.2000E+09  0.0000E+00  0.0000E+00  0.1000E-09  0.1000E-09  0.1000E-09  0.1000E-09  0.1194E+05  0.1896E+00
12009.7080 14 14   26.3818    6.4279   26.3818    6.4279   -3.9513   -4.5646    0.0000    0.0000  -10.0000  -10.0000  0.4923E+11  0.2000E+09  0.0000E+00  0.0000E+00  0.1000E-09  0.1000E-09  0.1000E-09  0.1000E-09  0.1194E+05  0.1896E+00
12019.7080 14 14   26.3818    6.4279   26.3818    6.4279   -3.9513   -4.5646    0.0000    0.0000  -10.0000  -10.0000  0.4923E+11  0.2000E+09  0.0000E+00  0.0000E+00  0.1000E-09  0.1000E-09  0.1000E-09  0.1000E-09  0.1194E+05  0.1896E+00
12029.7080 14 14   26.3818    6.4279   26.3818    6.4279   -3.9513   -4.5646    0.0000    0.0000  -10.0000  -10.0000  0.4923E+11  0.2000E+09  0.0000E+00  0.0000E+00  0.1000E-09  0.1000E-09  0.1000E-09  0.1000E-09  0.1194E+05  0.1896E+00
12039.7080 14 14   26.3818    6.4279   26.3818    6.4279   -3.9513   -4.5646    0.0000    0.0000  -10.0000  -10.0000  0.4923E+11  0.2000E+09  0.0000E+00  0.0000E+00  0.1000E-09  0.1000E-09  0.1000E-09  0.1000E-09  0.1194E+05  0.1896E+00
12049.7080 14 14   26.3818    6.4279   26.3818    6.4279   -3.9513   -4.5646    0.0000    0.0000  -10.0000  -10.0000  0.4923E+11  0.2000E+09  0.0000E+00  0.0000E+00  0.1000E-09  0.1000E-09  0.1000E-09  0.1000E-09  0.1194E+05  0.1896E+00
12059.7080 14 14   26.3818    6.4279   26.3818    6.4279   -3.9513   -4.5646    0.0000    0.0000  -10.0000  -10.0000  0.4923E+11  0.2000E+09  0.0000E+00  0.0000E+00  0.1000E-09  0.1000E-09  0.1000E-09  0.1000E-09  0.1194E+05  0.1896E+00
12069.7080 14 14   26.3818    6.4279   26.3818    6.4279   -3.9513   -4.5646    0.0000    0.0000  -10.0000  -10.0000  0.4923E+11  0.2000E+09  0.0000E+00  0.0000E+00  0.1000E-09  0.1000E-09  0.1000E-09  0.1000E-09  0.1194E+05  0.1896E+00
12079.7080 14 14   26.3818    6.4279   26.3818    6.4279   -3.9513   -4.5646    0.0000    0.0000  -10.0000  -10.0000  0.4923E+11  0.2000E+09  0.0000E+00  0.0000E+00  0.1000E-09  0.1000E-09  0.1000E-09  0.1000E-09  0.1194E+05  0.1896E+00
12089.7080 14 14   26.3818    6.4279   26.3818    6.4279   -3.9513   -4.5646    0.0000    0.0000  -10.0000  -10.0000  0.4923E+11  0.2000E+09  0.0000E+00  0.0000E+00  0.1000E-09  0.1000E-09  0.1000E-09  0.1000E-09  0.1194E+05  0.1896E+00
12099.7080 14 14   26.3818    6.4279   26.3818    6.4279   -3.9513   -4.5646    0.0000    0.0000  -10.0000  -10.0000  0.4923E+11  0.2000E+09  0.0000E+00  0.0000E+00  0.1000E-09  0.1000E-09  0.1000E-09  0.1000E-09  0.1194E+05  0.1896E+00
12109.7080 14 14   26.3818    6.4279   26.3818    6.4279   -3.9513   -4.5646    0.0000    0.0000  -10.0000  -10.0000  0.4923E+11  0.2000E+09  0.0000E+00  0.0000E+00  0.1000E-09  0.1000E-09  0.1000E-09  0.1000E-09  0.1194E+05  0.1896E+00
12119.7080 14 14   26.3818    6.4279   26.3818    6.4279   -3.9513   -4.5646    0.0000    0.0000  -10.0000  -10.0000  0.4923E+11  0.2000E+09  0.0000E+00  0.0000E+00  0.1000E-09  0.1000E-09  0.1000E-09  0.1000E-09  0.1194E+05  0.1896E+00
12129.7080 14 14   26.3818    6.4279   26.3818    6.4279   -3.9513   -4.5646    0.0000    0.0000  -10.0000  -10.0000  0.4923E+11  0.2000E+09  0.0000E+00  0.0000E+00  0.1000E-09  0.1000E-09  0.1000E-09  0.1000E-09  0.1194E+05  0.1896E+00
12139.7080 14 14   26.3818    6.4279   26.3818    6.4279   -3.9513   -4.5646    0.0000    0.0000  -10.0000  -10.0000  0.4923E+11  0.2000E+09  0.0000E+00  0.0000E+00  0.1000E-09  0.1000E-09  0.1000E-09  0.1000E-09  0.1194E+05  0.1896E+00
12149.7080 14 14   26.3818    6.4279   26.3818    6.4279   -3.9513   -4.5646    0.0000    0.0000  -10.0000  -10.0000  0.4923E+11  0.2000E+09  0.0000E+00  0.0000E+00  0.1000E-09  0.1000E-09  0.1000E-09  0.1000E-09  0.1194E+05  0.1896E+00
12159.7080 14 14   26.3818    6.4279   26.3818    6.4279   -3.9513   -4.5646    0.0000    0.0000  -10.0000  -10.0000  0.4923E+11  0.2000E+09  0.0000E+00  0.0000E+00  0.1000E-09  0.1000E-09  0.1000E-09  0.1000E-09  0.1194E+05  0.1896E+00
12169.7080 14 14   26.3818    6.4279   26.3818    6.4279   -3.9513   -4.5646    0.0000    0.0000  -10.0000  -10.0000  0.4923E+11  0.2000E+09  0.0000E+00  0.0000E+00  0.1000E-09  0.1000E-09  0.1000E-09  0.1000E-09  0.1194E+05  0.1896E+00
12179.7080 14 14   26.3818    6.4279   26.3818    6.4279   -3.9513   -4.5646    0.0000    0.0000  -10.0000  -10.0000  0.4923E+11  0.2000E+09  0.0000E+00  0.0000E+00  0.1000E-09  0.1000E-09  0.1000E-09  0.1000E-09  0.1194E+05  0.1896E+00
12189.7080 14 14   26.3818    6.4279   26.3818    6.4279   -3.9513   -4.5646    0.0000    0.0000  -10.0000  -10.0000  0.4923E+11  0.2000E+09  0.0000E+00  0.0000E+00  0.1000E-09  0.1000E-09  0.1000E-09  0.1000E-09  0.1194E+05  0.1896E+00
12199.7080 14 14   26.3818    6.4279   26.3818    6.4279   -3.9513   -4.5646    0.0000    0.0000  -10.0000  -10.0000  0.4923E+11  0.2000E+09  0.0000E+00  0.0000E+00  0.1000E-09  0.1000E-09  0.1000E-09  0.1000E-09  0.1194E+05  0.1896E+00
12209.7080 14 14   26.3818    6.4279   26.3818    6.4279   -3.9513   -4.5646    0.0000    0.0000  -10.0000  -10.0000  0.4923E+11  0.2000E+09  0.0000E+00  0.0000E+00  0.1000E-09  0.1000E-09  0.1000E-09  0.1000E-09  0.1194E+05  0.1896E+00
12219.7080 14 14   26.3818    6.4279   26.3818    6.4279   -3.9513   -4.5646    0.0000    0.0000  -10.0000  -10.0000  0.4923E+11  0.2000E+09  0.0000E+00  0.0000E+00  0.1000E-09  0.1000E-09  0.1000E-09  0.1000E-09  0.1194E+05  0.1896E+00
12229.7080 14 14   26.3818    6.4279   26.3818    6.4279   -3.9513   -4.5646    0.0000    0.0000  -10.0000  -10.0000  0.4923E+11  0.2000E+09  0.0000E+00  0.0000E+00  0.1000E-09  0.1000E-09  0.1000E-09  0.1000E-09  0.1194E+05  0.1896E+00
12239.7080 14 14   26.3818    6.4279   26.3818    6.4279   -3.9513   -4.5646    0.0000    0.0000  -10.0000  -10.0000  0.4923E+11  0.2000E+09  0.0000E+00  0.0000E+00  0.1000E-09  0.1000E-09  0.1000E-09  0.1000E-09  0.1194E+05  0.1896E+00
12249.7080 14 14   26.3818    6.4279   26.3818    6.4279   -3.9513   -4.5646    0.0000    0.0000  -10.0000  -10.0000  0.4923E+11  0.2000E+09  0.0000E+00  0.0000E+00  0.1000E-09  0.1000E-09  0.1000E-09  0.1000E-09  0.1194E+05  0.1896E+00
12259.7080 14 14   26.3818    6.4279   26.3818    6.4279   -3.9513   -4.5646    0.0000    0.0000  -10.0000  -10.0000  0.4923E+11  0.2000E+09  0.0000E+00  0.0000E+00  0.1000E-09  0.1000E-09  0.1000E-09  0.1000E-09  0.1194E+05  0.1896E+00
12269.7080 14 14   26.3818    6.4279   26.3818    6.4279   -3.9513   -4.5646    0.0000    0.0000  -10.0000  -10.0000  0.4923E+11  0.2000E+09  0.0000E+00  0.0000E+00  0.1000E-09  0.1000E-09  0.1000E-09  0.1000E-09  0.1194E+05  0.1896E+00
12279.7080 14 14   26.3818    6.4279   26.3818    6.4279   -3.9513   -4.5646    0.0000    0.0000  -10.0000  -10.0000  0.4923E+11  0.2000E+09  0.0000E+00  0.0000E+00  0.1000E-09  0.1000E-09  0.1000E-09  0.1000E-09  0.1194E+05  0.1896E+00
12289.7080 14 14   26.3818    6.4279   26.3818    6.4279   -3.9513   -4.5646    0.0000    0.0000  -10.0000  -10.0000  0.4923E+11  0.2000E+09  0.0000E+00  0.0000E+00  0.1000E-09  0.1000E-09  0.1000E-09  0.1000E-09  0.1194E+05  0.1896E+00
12299.7080 14 14   26.3818    6.4279   26.3818    6.4279   -3.9513   -4.5646    0.0000    0.0000  -10.0000  -10.0000  0.4923E+11  0.2000E+09  0.0000E+00  0.0000E+00  0.1000E-09  0.1000E-09  0.1000E-09  0.1000E-09  0.1194E+05  0.1896E+00
12309.7080 14 14   26.3818    6.4279   26.3818    6.4279   -3.9513   -4.5646    0.0000    0.0000  -10.0000  -10.0000  0.4923E+11  0.2000E+09  0.0000E+00  0.0000E+00  0.1000E-09  0.1000E-09  0.1000E-09  0.1000E-09  0.1194E+05  0.1896E+00
12319.7080 14 14   26.3818    6.4279   26.3818    6.4279   -3.9513   -4.5646    0.0000    0.0000  -10.0000  -10.0000  0.4923E+11  0.2000E+09  0.0000E+00  0.0000E+00  0.1000E-09  0.1000E-09  0.1000E-09  0.1000E-09  0.1194E+05  0.1896E+00
12329.7080 14 14   26.3818    6.4279   26.3818    6.4279   -3.9513   -4.5646    0.0000    0.0000  -10.0000  -10.0000  0.4923E+11  0.2000E+09  0.0000E+00  0.0000E+00  0.1000E-09  0.1000E-09  0.1000E-09  0.1000E-09  0.1194E+05  0.1896E+00
12339.7080 14 14   26.3818    6.4279   26.3818    6.4279   -3.9513   -4.5646    0.0000    0.0000  -10.0000  -10.0000  0.4923E+11  0.2000E+09  0.0000E+00  0.0000E+00  0.1000E-09  0.1000E-09  0.1000E-09  0.1000E-09  0.1194E+05  0.1896E+00
12349.7080 14 14   26.3818    6.4279   26.3818    6.4279   -3.9513   -4.5646    0.0000    0.0000  -10.0000  -10.0000  0.4923E+11  0.2000E+09  0.0000E+00  0.0000E+00  0.1000E-09  0.1000E-09  0.1000E-09  0.1000E-09  0.1194E+05  0.1896E+00
12359.7080 14 14   26.3818    6.4279   26.3818    6.4279   -3.9513   -4.5646    0.0000    0.0000  -10.0000  -10.0000  0.4923E+11  0.2000E+09  0.0000E+00  0.0000E+00  0.1000E-09  0.1000E-09  0.1000E-09  0.1000E-09  0.1194E+05  0.1896E+00
12369.7080 14 14   26.3818    6.4279   26.3818    6.4279   -3.9513   -4.5646    0.0000    0.0000  -10.0000  -10.0000  0.4923E+11  0.2000E+09  0.0000E+00  0.0000E+00  0.1000E-09  0.1000E-09  0.1000E-09  0.1000E-09  0.1194E+05  0.1896E+00
12379.7080 14 14   26.3818    6.4279   26.3818    6.4279   -3.9513   -4.5646    0.0000    0.0000  -10.0000  -10.0000  0.4923E+11  0.2000E+09  0.0000E+00  0.0000E+00  0.1000E-09  0.1000E-09  0.1000E-09  0.1000E-09  0.1194E+05  0.1896E+00
12389.7080 14 14   26.3818    6.4279   26.3818    6.4279   -3.9513   -4.5646    0.0000    0.0000  -10.0000  -10.0000  0.4923E+11  0.2000E+09  0.0000E+00  0.0000E+00  0.1000E-09  0.1000E-09  0.1000E-09  0.1000E-09  0.1194E+05  0.1896E+00
12399.7080 14 14   26.3818    6.4279   26.3818    6.4279   -3.9513   -4.5646    0.0000    0.0000  -10.0000  -10.0000  0.4923E+11  0.2000E+09  0.0000E+00  0.0000E+00  0.1000E-09  0.1000E-09  0.1000E-09  0.1000E-09  0.1194E+05  0.1896E+00
12409.7080 14 14   26.3818    6.4279   26.3818    6.4279   -3.9513   -4.5646    0.0000    0.0000  -10.0000  -10.0000  0.4923E+11  0.2000E+09  0.0000E+00  0.0000E+00  0.1000E-09  0.1000E-09  0.1000E-09  0.1000E-09  0.1194E+05  0.1896E+00
12419.7080 14 14   26.3818    6.4279   26.3818    6.4279   -3.9513   -4.5646    0.0000    0.0000  -10.0000  -10.0000  0.4923E+11  0.2000E+09  0.0000E+00  0.0000E+00  0.1000E-09  0.1000E-09  0.1000E-09  0.1000E-09  0.1194E+05  0.1896E+00
12429.7080 14 14   26.3818    6.4279   26.3818    6.4279   -3.9513   -4.5646    0.0000    0.0000  -10.0000  -10.0000  0.4923E+11  0.2000E+09  0.0000E+00  0.0000E+00  0.1000E-09  0.1000E-09  0.1000E-09  0.1000E-09  0.1194E+05  0.1896E+00
12439.7080 14 14   26.3818    6.4279   26.3818    6.4279   -3.9513   -4.5646    0.0000    0.0000  -10.0000  -10.0000  0.4923E+11  0.2000E+09  0.0000E+00  0.0000E+00  0.1000E-09  0.1000E-09  0.1000E-09  0.1000E-09  0.1194E+05  0.1896E+00
12449.7080 14 14   26.3818    6.4279   26.3818    6.4279   -3.9513   -4.5646    0.0000    0.0000  -10.0000  -10.0000  0.4923E+11  0.2000E+09  0.0000E+00  0.0000E+00  0.1000E-09  0.1000E-09  0.1000E-09  0.1000E-09  0.1194E+05  0.1896E+00
12459.7080 14 14   26.3818    6.4279   26.3818    6.4279   -3.9513   -4.5646    0.0000    0.0000  -10.0000  -10.0000  0.4923E+11  0.2000E+09  0.0000E+00  0.0000E+00  0.1000E-09  0.1000E-09  0.1000E-09  0.1000E-09  0.1194E+05  0.1896E+00
12469.7080 14 14   26.3818    6.4279   26.3818    6.4279   -3.9513   -4.5646    0.0000    0.0000  -10.0000  -10.0000  0.4923E+11  0.2000E+09  0.0000E+00  0.0000E+00  0.1000E-09  0.1000E-09  0.1000E-09  0.1000E-09  0.1194E+05  0.1896E+00
12479.7080 14 14   26.3818    6.4279   26.3818    6.4279   -3.9513   -4.5646    0.0000    0.0000  -10.0000  -10.0000  0.4923E+11  0.2000E+09  0.0000E+00  0.0000E+00  0.1000E-09  0.1000E-09  0.1000E-09  0.1000E-09  0.1194E+05  0.1896E+00
12489.7080 14 14   26.3818    6.4279   26.3818    6.4279   -3.9513   -4.5646    0.0000    0.0000  -10.0000  -10.0000  0.4923E+11  0.2000E+09  0.0000E+00  0.0000E+00  0.1000E-09  0.1000E-09  0.1000E-09  0.1000E-09  0.1194E+05  0.1896E+00
12499.7080 14 14   26.3818    6.4279   26.3818    6.4279   -3.9513   -4.5646    0.0000    0.0000  -10.0000  -10.0000  0.4923E+11  0.2000E+09  0.0000E+00  0.0000E+00  0.1000E-09  0.1000E-09  0.1000E-09  0.1000E-09  0.1194E+05  0.1896E+00
12509.7080 14 14   26.3818    6.4279   26.3818    6.4279   -3.9513   -4.5646    0.0000    0.0000  -10.0000  -10.0000  0.4923E+11  0.2000E+09  0.0000E+00  0.0000E+00  0.1000E-09  0.1000E-09  0.1000E-09  0.1000E-09  0.1194E+05  0.1896E+00
12519.7080 14 14   26.3818    6.4279   26.3818    6.4279   -3.9513   -4.5646    0.0000    0.0000  -10.0000  -10.0000  0.4923E+11  0.2000E+09  0.0000E+00  0.0000E+00  0.1000E-09  0.1000E-09  0.1000E-09  0.1000E-09  0.1194E+05  0.1896E+00
12529.7080 14 14   26.3818    6.4279   26.3818    6.4279   -3.9513   -4.5646    0.0000    0.0000  -10.0000  -10.0000  0.4923E+11  0.2000E+09  0.0000E+00  0.0000E+00  0.1000E-09  0.1000E-09  0.1000E-09  0.1000E-09  0.1194E+05  0.1896E+00
12539.7080 14 14   26.3818    6.4279   26.3818    6.4279   -3.9513   -4.5646    0.0000    0.0000  -10.0000  -10.0000  0.4923E+11  0.2000E+09  0.0000E+00  0.0000E+00  0.1000E-09  0.1000E-09  0.1000E-09  0.1000E-09  0.1194E+05  0.1896E+00
12549.7080 14 14   26.3818    6.4279   26.3818    6.4279   -3.9513   -4.5646    0.0000    0.0000  -10.0000  -10.0000  0.4923E+11  0.2000E+09  0.0000E+00  0.0000E+00  0.1000E-09  0.1000E-09  0.1000E-09  0.1000E-09  0.1194E+05  0.1896E+00
12559.7080 14 14   26.3818    6.4279   26.3818    6.4279   -3.9513   -4.5646    0.0000    0.0000  -10.0000  -10.0000  0.4923E+11  0.2000E+09  0.0000E+00  0.0000E+00  0.1000E-09  0.1000E-09  0.1000E-09  0.1000E-09  0.1194E+05  0.1896E+00
12569.7080 14 14   26.3818    6.4279   26.3818    6.4279   -3.9513   -4.5646    0.0000    0.0000  -10.0000  -10.0000  0.4923E+11  0.2000E+09  0.0000E+00  0.0000E+00  0.1000E-09  0.1000E-09  0.1000E-09  0.1000E-09  0.1194E+05  0.1896E+00
12579.7080 14 14   26.3818    6.4279   26.3818    6.4279   -3.9513   -4.5646    0.0000    0.0000  -10.0000  -10.0000  0.4923E+11  0.2000E+09  0.0000E+00  0.0000E+00  0.1000E-09  0.1000E-09  0.1000E-09  0.1000E-09  0.1194E+05  0.1896E+00
12589.7080 14 14   26.3818    6.4279   26.3818    6.4279   -3.9513   -4.5646    0.0000    0.0000  -10.0000  -10.0000  0.4923E+11  0.2000E+09  0.0000E+00  0.0000E+00  0.1000E-09  0.1000E-09  0.1000E-09  0.1000E-09  0.1194E+05  0.1896E+00
12599.7080 14 14   26.3818    6.4279   26.3818    6.4279   -3.9513   -4.5646    0.0000    0.0000  -10.0000  -10.0000  0.4923E+11  0.2000E+09  0.0000E+00  0.0000E+00  0.1000E-09  0.1000E-09  0.1000E-09  0.1000E-09  0.1194E+05  0.1896E+00
12609.7080 14 14   26.3818    6.4279   26.3818    6.4279   -3.9513   -4.5646    0.0000    0.0000  -10.0000  -10.0000  0.4923E+11  0.2000E+09  0.0000E+00  0.0000E+00  0.1000E-09  0.1000E-09  0.1000E-09  0.1000E-09  0.1194E+05  0.1896E+00
12619.7080 14 14   26.3818    6.4279   26.3818    6.4279   -3.9513   -4.5646    0.0000    0.0000  -10.0000  -10.0000  0.4923E+11  0.2000E+09  0.0000E+00  0.0000E+00  0.1000E-09  0.1000E-09  0.1000E-09  0.1000E-09  0.1194E+05  0.1896E+00
12629.7080 14 14   26.3818    6.4279   26.3818    6.4279   -3.9513   -4.5646    0.0000    0.0000  -10.0000  -10.0000  0.4923E+11  0.2000E+09  0.0000E+00  0.0000E+00  0.1000E-09  0.1000E-09  0.1000E-09  0.1000E-09  0.1194E+05  0.1896E+00
12639.7080 14 14   26.3818    6.4279   26.3818    6.4279   -3.9513   -4.5646    0.0000    0.0000  -10.0000  -10.0000  0.4923E+11  0.2000E+09  0.0000E+00  0.0000E+00  0.1000E-09  0.1000E-09  0.1000E-09  0.1000E-09  0.1194E+05  0.1896E+00
12649.7080 14 14   26.3818    6.4279   26.3818    6.4279   -3.9513   -4.5646    0.0000    0.0000  -10.0000  -10.0000  0.4923E+11  0.2000E+09  0.0000E+00  0.0000E+00  0.1000E-09  0.1000E-09  0.1000E-09  0.1000E-09  0.1194E+05  0.1896E+00
12659.7080 14 14   26.3818    6.4279   26.3818    6.4279   -3.9513   -4.5646    0.0000    0.0000  -10.0000  -10.0000  0.4923E+11  0.2000E+09  0.0000E+00  0.0000E+00  0.1000E-09  0.1000E-09  0.1000E-09  0.1000E-09  0.1194E+05  0.1896E+00
12669.7080 14 14   26.3818    6.4279   26.3818    6.4279   -3.9513   -4.5646    0.0000    0.0000  -10.0000  -10.0000  0.4923E+11  0.2000E+09  0.0000E+00  0.0000E+00  0.1000E-09  0.1000E-09  0.1000E-09  0.1000E-09  0.1194E+05  0.1896E+00
12679.7080 14 14   26.3818    6.4279   26.3818    6.4279   -3.9513   -4.5646    0.0000    0.0000  -10.0000  -10.0000  0.4923E+11  0.2000E+09  0.0000E+00  0.0000E+00  0.1000E-09  0.1000E-09  0.1000E-09  0.1000E-09  0.1194E+05  0.1896E+00
12689.7080 14 14   26.3818    6.4279   26.3818    6.4279   -3.9513   -4.5646    0.0000    0.0000  -10.0000  -10.0000  0.4923E+11  0.2000E+09  0.0000E+00  0.0000E+00  0.1000E-09  0.1000E-09  0.1000E-09  0.1000E-09  0.1194E+05  0.1896E+00
12699.7080 14 14   26.3818    6.4279   26.3818    6.4279   -3.9513   -4.5646    0.0000    0.0000  -10.0000  -10.0000  0.4923E+11  0.2000E+09  0.0000E+00  0.0000E+00  0.1000E-09  0.1000E-09  0.1000E-09  0.1000E-09  0.1194E+05  0.1896E+00
12709.7080 14 14   26.3818    6.4279   26.3818    6.4279   -3.9513   -4.5646    0.0000    0.0000  -10.0000  -10.0000  0.4923E+11  0.2000E+09  0.0000E+00  0.0000E+00  0.1000E-09  0.1000E-09  0.1000E-09  0.1000E-09  0.1194E+05  0.1896E+00
12719.7080 14 14   26.3818    6.4279   26.3818    6.4279   -3.9513   -4.5646    0.0000    0.0000  -10.0000  -10.0000  0.4923E+11  0.2000E+09  0.0000E+00  0.0000E+00  0.1000E-09  0.1000E-09  0.1000E-09  0.1000E-09  0.1194E+05  0.1896E+00
12729.7080 14 14   26.3818    6.4279   26.3818    6.4279   -3.9513   -4.5646    0.0000    0.0000  -10.0000  -10.0000  0.4923E+11  0.2000E+09  0.0000E+00  0.0000E+00  0.1000E-09  0.1000E-09  0.1000E-09  0.1000E-09  0.1194E+05  0.1896E+00
12739.7080 14 14   26.3818    6.4279   26.3818    6.4279   -3.9513   -4.5646    0.0000    0.0000  -10.0000  -10.0000  0.4923E+11  0.2000E+09  0.0000E+00  0.0000E+00  0.1000E-09  0.1000E-09  0.1000E-09  0.1000E-09  0.1194E+05  0.1896E+00
12749.7080 14 14   26.3818    6.4279   26.3818    6.4279   -3.9513   -4.5646    0.0000    0.0000  -10.0000  -10.0000  0.4923E+11  0.2000E+09  0.0000E+00  0.0000E+00  0.1000E-09  0.1000E-09  0.1000E-09  0.1000E-09  0.1194E+05  0.1896E+00
12759.7080 14 14   26.3818    6.4279   26.3818    6.4279   -3.9513   -4.5646    0.0000    0.0000  -10.0000  -10.0000  0.4923E+11  0.2000E+09  0.0000E+00  0.0000E+00  0.1000E-09  0.1000E-09  0.1000E-09  0.1000E-09  0.1194E+05  0.1896E+00
12769.7080 14 14   26.3818    6.4279   26.3818    6.4279   -3.9513   -4.5646    0.0000    0.0000  -10.0000  -10.0000  0.4923E+11  0.2000E+09  0.0000E+00  0.0000E+00  0.1000E-09  0.1000E-09  0.1000E-09  0.1000E-09  0.1194E+05  0.1896E+00
12779.7080 14 14   26.3818    6.4279   26.3818    6.4279   -3.9513   -4.5646    0.0000    0.0000  -10.0000  -10.0000  0.4923E+11  0.2000E+09  0.0000E+00  0.0000E+00  0.1000E-09  0.1000E-09  0.1000E-09  0.1000E-09  0.1194E+05  0.1896E+00
12789.7080 14 14   26.3818    6.4279   26.3818    6.4279   -3.9513   -4.5646    0.0000    0.0000  -10.0000  -10.0000  0.4923E+11  0.2000E+09  0.0000E+00  0.0000E+00  0.1000E-09  0.1000E-09  0.1000E-09  0.1000E-09  0.1194E+05  0.1896E+00
12799.7080 14 14   26.3818    6.4279   26.3818    6.4279   -3.9513   -4.5646    0.0000    0.0000  -10.0000  -10.0000  0.4923E+11  0.2000E+09  0.0000E+00  0.0000E+00  0.1000E-09  0.1000E-09  0.1000E-09  0.1000E-09  0.1194E+05  0.1896E+00
12809.7080 14 14   26.3818    6.4279   26.3818    6.4279   -3.9513   -4.5646    0.0000    0.0000  -10.0000  -10.0000  0.4923E+11  0.2000E+09  0.0000E+00  0.0000E+00  0.1000E-09  0.1000E-09  0.1000E-09  0.1000E-09  0.1194E+05  0.1896E+00
12819.7080 14 14   26.3818    6.4279   26.3818    6.4279   -3.9513   -4.5646    0.0000    0.0000  -10.0000  -10.0000  0.4923E+11  0.2000E+09  0.0000E+00  0.0000E+00  0.1000E-09  0.1000E-09  0.1000E-09  0.1000E-09  0.1194E+05  0.1896E+00
12829.7080 14 14   26.3818    6.4279   26.3818    6.4279   -3.9513   -4.5646    0.0000    0.0000  -10.0000  -10.0000  0.4923E+11  0.2000E+09  0.0000E+00  0.0000E+00  0.1000E-09  0.1000E-09  0.1000E-09  0.1000E-09  0.1194E+05  0.1896E+00
12839.7080 14 14   26.3818    6.4279   26.3818    6.4279   -3.9513   -4.5646    0.0000    0.0000  -10.0000  -10.0000  0.4923E+11  0.2000E+09  0.0000E+00  0.0000E+00  0.1000E-09  0.1000E-09  0.1000E-09  0.1000E-09  0.1194E+05  0.1896E+00
12849.7080 14 14   26.3818    6.4279   26.3818    6.4279   -3.9513   -4.5646    0.0000    0.0000  -10.0000  -10.0000  0.4923E+11  0.2000E+09  0.0000E+00  0.0000E+00  0.1000E-09  0.1000E-09  0.1000E-09  0.1000E-09  0.1194E+05  0.1896E+00
12859.7080 14 14   26.3818    6.4279   26.3818    6.4279   -3.9513   -4.5646    0.0000    0.0000  -10.0000  -10.0000  0.4923E+11  0.2000E+09  0.0000E+00  0.0000E+00  0.1000E-09  0.1000E-09  0.1000E-09  0.1000E-09  0.1194E+05  0.1896E+00
12869.7080 14 14   26.3818    6.4279   26.3818    6.4279   -3.9513   -4.5646    0.0000    0.0000  -10.0000  -10.0000  0.4923E+11  0.2000E+09  0.0000E+00  0.0000E+00  0.1000E-09  0.1000E-09  0.1000E-09  0.1000E-09  0.1194E+05  0.1896E+00
12879.7080 14 14   26.3818    6.4279   26.3818    6.4279   -3.9513   -4.5646    0.0000    0.0000  -10.0000  -10.0000  0.4923E+11  0.2000E+09  0.0000E+00  0.0000E+00  0.1000E-09  0.1000E-09  0.1000E-09  0.1000E-09  0.1194E+05  0.1896E+00
12889.7080 14 14   26.3818    6.4279   26.3818    6.4279   -3.9513   -4.5646    0.0000    0.0000  -10.0000  -10.0000  0.4923E+11  0.2000E+09  0.0000E+00  0.0000E+00  0.1000E-09  0.1000E-09  0.1000E-09  0.1000E-09  0.1194E+05  0.1896E+00
12899.7080 14 14   26.3818    6.4279   26.3818    6.4279   -3.9513   -4.5646    0.0000    0.0000  -10.0000  -10.0000  0.4923E+11  0.2000E+09  0.0000E+00  0.0000E+00  0.1000E-09  0.1000E-09  0.1000E-09  0.1000E-09  0.1194E+05  0.1896E+00
12909.7080 14 14   26.3818    6.4279   26.3818    6.4279   -3.9513   -4.5646    0.0000    0.0000  -10.0000  -10.0000  0.4923E+11  0.2000E+09  0.0000E+00  0.0000E+00  0.1000E-09  0.1000E-09  0.1000E-09  0.1000E-09  0.1194E+05  0.1896E+00
12919.7080 14 14   26.3818    6.4279   26.3818    6.4279   -3.9513   -4.5646    0.0000    0.0000  -10.0000  -10.0000  0.4923E+11  0.2000E+09  0.0000E+00  0.0000E+00  0.1000E-09  0.1000E-09  0.1000E-09  0.1000E-09  0.1194E+05  0.1896E+00
12929.7080 14 14   26.3818    6.4279   26.3818    6.4279   -3.9513   -4.5646    0.0000    0.0000  -10.0000  -10.0000  0.4923E+11  0.2000E+09  0.0000E+00  0.0000E+00  0.1000E-09  0.1000E-09  0.1000E-09  0.1000E-09  0.1194E+05  0.1896E+00
12939.7080 14 14   26.3818    6.4279   26.3818    6.4279   -3.9513   -4.5646    0.0000    0.0000  -10.0000  -10.0000  0.4923E+11  0.2000E+09  0.0000E+00  0.0000E+00  0.1000E-09  0.1000E-09  0.1000E-09  0.1000E-09  0.1194E+05  0.1896E+00
12949.7080 14 14   26.3818    6.4279   26.3818    6.4279   -3.9513   -4.5646    0.0000    0.0000  -10.0000  -10.0000  0.4923E+11  0.2000E+09  0.0000E+00  0.0000E+00  0.1000E-09  0.1000E-09  0.1000E-09  0.1000E-09  0.1194E+05  0.1896E+00
12959.7080 14 14   26.3818    6.4279   26.3818    6.4279   -3.9513   -4.5646    0.0000    0.0000  -10.0000  -10.0000  0.4923E+11  0.2000E+09  0.0000E+00  0.0000E+00  0.1000E-09  0.1000E-09  0.1000E-09  0.1000E-09  0.1194E+05  0.1896E+00
12969.7080 14 14   26.3818    6.4279   26.3818    6.4279   -3.9513   -4.5646    0.0000    0.0000  -10.0000  -10.0000  0.4923E+11  0.2000E+09  0.0000E+00  0.0000E+00  0.1000E-09  0.1000E-09  0.1000E-09  0.1000E-09  0.1194E+05  0.1896E+00
12979.7080 14 14   26.3818    6.4279   26.3818    6.4279   -3.9513   -4.5646    0.0000    0.0000  -10.0000  -10.0000  0.4923E+11  0.2000E+09  0.0000E+00  0.0000E+00  0.1000E-09  0.1000E-09  0.1000E-09  0.1000E-09  0.1194E+05  0.1896E+00
12989.7080 14 14   26.3818    6.4279   26.3818    6.4279   -3.9513   -4.5646    0.0000    0.0000  -10.0000  -10.0000  0.4923E+11  0.2000E+09  0.0000E+00  0.0000E+00  0.1000E-09  0.1000E-09  0.1000E-09  0.1000E-09  0.1194E+05  0.1896E+00
12999.7080 14 14   26.3818    6.4279   26.3818    6.4279   -3.9513   -4.5646    0.0000    0.0000  -10.0000  -10.0000  0.4923E+11  0.2000E+09  0.0000E+00  0.0000E+00  0.1000E-09  0.1000E-09  0.1000E-09  0.1000E-09  0.1194E+05  0.1896E+00
13009.7080 14 14   26.3818    6.4279   26.3818    6.4279   -3.9513   -4.5646    0.0000    0.0000  -10.0000  -10.0000  0.4923E+11  0.2000E+09  0.0000E+00  0.0000E+00  0.1000E-09  0.1000E-09  0.1000E-09  0.1000E-09  0.1194E+05  0.1896E+00
13019.7080 14 14   26.3818    6.4279   26.3818    6.4279   -3.9513   -4.5646    0.0000    0.0000  -10.0000  -10.0000  0.4923E+11  0.2000E+09  0.0000E+00  0.0000E+00  0.1000E-09  0.1000E-09  0.1000E-09  0.1000E-09  0.1194E+05  0.1896E+00
13029.7080 14 14   26.3818    6.4279   26.3818    6.4279   -3.9513   -4.5646    0.0000    0.0000  -10.0000  -10.0000  0.4923E+11  0.2000E+09  0.0000E+00  0.0000E+00  0.1000E-09  0.1000E-09  0.1000E-09  0.1000E-09  0.1194E+05  0.1896E+00
13039.7080 14 14   26.3818    6.4279   26.3818    6.4279   -3.9513   -4.5646    0.0000    0.0000  -10.0000  -10.0000  0.4923E+11  0.2000E+09  0.0000E+00  0.0000E+00  0.1000E-09  0.1000E-09  0.1000E-09  0.1000E-09  0.1194E+05  0.1896E+00
13049.7080 14 14   26.3818    6.4279   26.3818    6.4279   -3.9513   -4.5646    0.0000    0.0000  -10.0000  -10.0000  0.4923E+11  0.2000E+09  0.0000E+00  0.0000E+00  0.1000E-09  0.1000E-09  0.1000E-09  0.1000E-09  0.1194E+05  0.1896E+00
13059.7080 14 14   26.3818    6.4279   26.3818    6.4279   -3.9513   -4.5646    0.0000    0.0000  -10.0000  -10.0000  0.4923E+11  0.2000E+09  0.0000E+00  0.0000E+00  0.1000E-09  0.1000E-09  0.1000E-09  0.1000E-09  0.1194E+05  0.1896E+00
13069.7080 14 14   26.3818    6.4279   26.3818    6.4279   -3.9513   -4.5646    0.0000    0.0000  -10.0000  -10.0000  0.4923E+11  0.2000E+09  0.0000E+00  0.0000E+00  0.1000E-09  0.1000E-09  0.1000E-09  0.1000E-09  0.1194E+05  0.1896E+00
13079.7080 14 14   26.3818    6.4279   26.3818    6.4279   -3.9513   -4.5646    0.0000    0.0000  -10.0000  -10.0000  0.4923E+11  0.2000E+09  0.0000E+00  0.0000E+00  0.1000E-09  0.1000E-09  0.1000E-09  0.1000E-09  0.1194E+05  0.1896E+00
13089.7080 14 14   26.3818    6.4279   26.3818    6.4279   -3.9513   -4.5646    0.0000    0.0000  -10.0000  -10.0000  0.4923E+11  0.2000E+09  0.0000E+00  0.0000E+00  0.1000E-09  0.1000E-09  0.1000E-09  0.1000E-09  0.1194E+05  0.1896E+00
13099.7080 14 14   26.3818    6.4279   26.3818    6.4279   -3.9513   -4.5646    0.0000    0.0000  -10.0000  -10.0000  0.4923E+11  0.2000E+09  0.0000E+00  0.0000E+00  0.1000E-09  0.1000E-09  0.1000E-09  0.1000E-09  0.1194E+05  0.1896E+00
13109.7080 14 14   26.3818    6.4279   26.3818    6.4279   -3.9513   -4.5646    0.0000    0.0000  -10.0000  -10.0000  0.4923E+11  0.2000E+09  0.0000E+00  0.0000E+00  0.1000E-09  0.1000E-09  0.1000E-09  0.1000E-09  0.1194E+05  0.1896E+00
13119.7080 14 14   26.3818    6.4279   26.3818    6.4279   -3.9513   -4.5646    0.0000    0.0000  -10.0000  -10.0000  0.4923E+11  0.2000E+09  0.0000E+00  0.0000E+00  0.1000E-09  0.1000E-09  0.1000E-09  0.1000E-09  0.1194E+05  0.1896E+00
13129.7080 14 14   26.3818    6.4279   26.3818    6.4279   -3.9513   -4.5646    0.0000    0.0000  -10.0000  -10.0000  0.4923E+11  0.2000E+09  0.0000E+00  0.0000E+00  0.1000E-09  0.1000E-09  0.1000E-09  0.1000E-09  0.1194E+05  0.1896E+00
13139.7080 14 14   26.3818    6.4279   26.3818    6.4279   -3.9513   -4.5646    0.0000    0.0000  -10.0000  -10.0000  0.4923E+11  0.2000E+09  0.0000E+00  0.0000E+00  0.1000E-09  0.1000E-09  0.1000E-09  0.1000E-09  0.1194E+05  0.1896E+00
13149.7080 14 14   26.3818    6.4279   26.3818    6.4279   -3.9513   -4.5646    0.0000    0.0000  -10.0000  -10.0000  0.4923E+11  0.2000E+09  0.0000E+00  0.0000E+00  0.1000E-09  0.1000E-09  0.1000E-09  0.1000E-09  0.1194E+05  0.1896E+00
13159.7080 14 14   26.3818    6.4279   26.3818    6.4279   -3.9513   -4.5646    0.0000    0.0000  -10.0000  -10.0000  0.4923E+11  0.2000E+09  0.0000E+00  0.0000E+00  0.1000E-09  0.1000E-09  0.1000E-09  0.1000E-09  0.1194E+05  0.1896E+00
13169.7080 14 14   26.3818    6.4279   26.3818    6.4279   -3.9513   -4.5646    0.0000    0.0000  -10.0000  -10.0000  0.4923E+11  0.2000E+09  0.0000E+00  0.0000E+00  0.1000E-09  0.1000E-09  0.1000E-09  0.1000E-09  0.1194E+05  0.1896E+00
13179.7080 14 14   26.3818    6.4279   26.3818    6.4279   -3.9513   -4.5646    0.0000    0.0000  -10.0000  -10.0000  0.4923E+11  0.2000E+09  0.0000E+00  0.0000E+00  0.1000E-09  0.1000E-09  0.1000E-09  0.1000E-09  0.1194E+05  0.1896E+00
13189.7080 14 14   26.3818    6.4279   26.3818    6.4279   -3.9513   -4.5646    0.0000    0.0000  -10.0000  -10.0000  0.4923E+11  0.2000E+09  0.0000E+00  0.0000E+00  0.1000E-09  0.1000E-09  0.1000E-09  0.1000E-09  0.1194E+05  0.1896E+00
13199.7080 14 14   26.3818    6.4279   26.3818    6.4279   -3.9513   -4.5646    0.0000    0.0000  -10.0000  -10.0000  0.4923E+11  0.2000E+09  0.0000E+00  0.0000E+00  0.1000E-09  0.1000E-09  0.1000E-09  0.1000E-09  0.1194E+05  0.1896E+00
13209.7080 14 14   26.3818    6.4279   26.3818    6.4279   -3.9513   -4.5646    0.0000    0.0000  -10.0000  -10.0000  0.4923E+11  0.2000E+09  0.0000E+00  0.0000E+00  0.1000E-09  0.1000E-09  0.1000E-09  0.1000E-09  0.1194E+05  0.1896E+00
13219.7080 14 14   26.3818    6.4279   26.3818    6.4279   -3.9513   -4.5646    0.0000    0.0000  -10.0000  -10.0000  0.4923E+11  0.2000E+09  0.0000E+00  0.0000E+00  0.1000E-09  0.1000E-09  0.1000E-09  0.1000E-09  0.1194E+05  0.1896E+00
13229.7080 14 14   26.3818    6.4279   26.3818    6.4279   -3.9513   -4.5646    0.0000    0.0000  -10.0000  -10.0000  0.4923E+11  0.2000E+09  0.0000E+00  0.0000E+00  0.1000E-09  0.1000E-09  0.1000E-09  0.1000E-09  0.1194E+05  0.1896E+00
13239.7080 14 14   26.3818    6.4279   26.3818    6.4279   -3.9513   -4.5646    0.0000    0.0000  -10.0000  -10.0000  0.4923E+11  0.2000E+09  0.0000E+00  0.0000E+00  0.1000E-09  0.1000E-09  0.1000E-09  0.1000E-09  0.1194E+05  0.1896E+00
13249.7080 14 14   26.3818    6.4279   26.3818    6.4279   -3.9513   -4.5646    0.0000    0.0000  -10.0000  -10.0000  0.4923E+11  0.2000E+09  0.0000E+00  0.0000E+00  0.1000E-09  0.1000E-09  0.1000E-09  0.1000E-09  0.1194E+05  0.1896E+00
13259.7080 14 14   26.3818    6.4279   26.3818    6.4279   -3.9513   -4.5646    0.0000    0.0000  -10.0000  -10.0000  0.4923E+11  0.2000E+09  0.0000E+00  0.0000E+00  0.1000E-09  0.1000E-09  0.1000E-09  0.1000E-09  0.1194E+05  0.1896E+00
13269.7080 14 14   26.3818    6.4279   26.3818    6.4279   -3.9513   -4.5646    0.0000    0.0000  -10.0000  -10.0000  0.4923E+11  0.2000E+09  0.0000E+00  0.0000E+00  0.1000E-09  0.1000E-09  0.1000E-09  0.1000E-09  0.1194E+05  0.1896E+00
13279.7080 14 14   26.3818    6.4279   26.3818    6.4279   -3.9513   -4.5646    0.0000    0.0000  -10.0000  -10.0000  0.4923E+11  0.2000E+09  0.0000E+00  0.0000E+00  0.1000E-09  0.1000E-09  0.1000E-09  0.1000E-09  0.1194E+05  0.1896E+00
13289.7080 14 14   26.3818    6.4279   26.3818    6.4279   -3.9513   -4.5646    0.0000    0.0000  -10.0000  -10.0000  0.4923E+11  0.2000E+09  0.0000E+00  0.0000E+00  0.1000E-09  0.1000E-09  0.1000E-09  0.1000E-09  0.1194E+05  0.1896E+00
13299.7080 14 14   26.3818    6.4279   26.3818    6.4279   -3.9513   -4.5646    0.0000    0.0000  -10.0000  -10.0000  0.4923E+11  0.2000E+09  0.0000E+00  0.0000E+00  0.1000E-09  0.1000E-09  0.1000E-09  0.1000E-09  0.1194E+05  0.1896E+00
13309.7080 14 14   26.3818    6.4279   26.3818    6.4279   -3.9513   -4.5646    0.0000    0.0000  -10.0000  -10.0000  0.4923E+11  0.2000E+09  0.0000E+00  0.0000E+00  0.1000E-09  0.1000E-09  0.1000E-09  0.1000E-09  0.1194E+05  0.1896E+00
13319.7080 14 14   26.3818    6.4279   26.3818    6.4279   -3.9513   -4.5646    0.0000    0.0000  -10.0000  -10.0000  0.4923E+11  0.2000E+09  0.0000E+00  0.0000E+00  0.1000E-09  0.1000E-09  0.1000E-09  0.1000E-09  0.1194E+05  0.1896E+00
13329.7080 14 14   26.3818    6.4279   26.3818    6.4279   -3.9513   -4.5646    0.0000    0.0000  -10.0000  -10.0000  0.4923E+11  0.2000E+09  0.0000E+00  0.0000E+00  0.1000E-09  0.1000E-09  0.1000E-09  0.1000E-09  0.1194E+05  0.1896E+00
13339.7080 14 14   26.3818    6.4279   26.3818    6.4279   -3.9513   -4.5646    0.0000    0.0000  -10.0000  -10.0000  0.4923E+11  0.2000E+09  0.0000E+00  0.0000E+00  0.1000E-09  0.1000E-09  0.1000E-09  0.1000E-09  0.1194E+05  0.1896E+00
13349.7080 14 14   26.3818    6.4279   26.3818    6.4279   -3.9513   -4.5646    0.0000    0.0000  -10.0000  -10.0000  0.4923E+11  0.2000E+09  0.0000E+00  0.0000E+00  0.1000E-09  0.1000E-09  0.1000E-09  0.1000E-09  0.1194E+05  0.1896E+00
13359.7080 14 14   26.3818    6.4279   26.3818    6.4279   -3.9513   -4.5646    0.0000    0.0000  -10.0000  -10.0000  0.4923E+11  0.2000E+09  0.0000E+00  0.0000E+00  0.1000E-09  0.1000E-09  0.1000E-09  0.1000E-09  0.1194E+05  0.1896E+00
13369.7080 14 14   26.3818    6.4279   26.3818    6.4279   -3.9513   -4.5646    0.0000    0.0000  -10.0000  -10.0000  0.4923E+11  0.2000E+09  0.0000E+00  0.0000E+00  0.1000E-09  0.1000E-09  0.1000E-09  0.1000E-09  0.1194E+05  0.1896E+00
13379.7080 14 14   26.3818    6.4279   26.3818    6.4279   -3.9513   -4.5646    0.0000    0.0000  -10.0000  -10.0000  0.4923E+11  0.2000E+09  0.0000E+00  0.0000E+00  0.1000E-09  0.1000E-09  0.1000E-09  0.1000E-09  0.1194E+05  0.1896E+00
13389.7080 14 14   26.3818    6.4279   26.3818    6.4279   -3.9513   -4.5646    0.0000    0.0000  -10.0000  -10.0000  0.4923E+11  0.2000E+09  0.0000E+00  0.0000E+00  0.1000E-09  0.1000E-09  0.1000E-09  0.1000E-09  0.1194E+05  0.1896E+00
13399.7080 14 14   26.3818    6.4279   26.3818    6.4279   -3.9513   -4.5646    0.0000    0.0000  -10.0000  -10.0000  0.4923E+11  0.2000E+09  0.0000E+00  0.0000E+00  0.1000E-09  0.1000E-09  0.1000E-09  0.1000E-09  0.1194E+05  0.1896E+00
13409.7080 14 14   26.3818    6.4279   26.3818    6.4279   -3.9513   -4.5646    0.0000    0.0000  -10.0000  -10.0000  0.4923E+11  0.2000E+09  0.0000E+00  0.0000E+00  0.1000E-09  0.1000E-09  0.1000E-09  0.1000E-09  0.1194E+05  0.1896E+00
13419.7080 14 14   26.3818    6.4279   26.3818    6.4279   -3.9513   -4.5646    0.0000    0.0000  -10.0000  -10.0000  0.4923E+11  0.2000E+09  0.0000E+00  0.0000E+00  0.1000E-09  0.1000E-09  0.1000E-09  0.1000E-09  0.1194E+05  0.1896E+00
13429.7080 14 14   26.3818    6.4279   26.3818    6.4279   -3.9513   -4.5646    0.0000    0.0000  -10.0000  -10.0000  0.4923E+11  0.2000E+09  0.0000E+00  0.0000E+00  0.1000E-09  0.1000E-09  0.1000E-09  0.1000E-09  0.1194E+05  0.1896E+00
13439.7080 14 14   26.3818    6.4279   26.3818    6.4279   -3.9513   -4.5646    0.0000    0.0000  -10.0000  -10.0000  0.4923E+11  0.2000E+09  0.0000E+00  0.0000E+00  0.1000E-09  0.1000E-09  0.1000E-09  0.1000E-09  0.1194E+05  0.1896E+00
13449.7080 14 14   26.3818    6.4279   26.3818    6.4279   -3.9513   -4.5646    0.0000    0.0000  -10.0000  -10.0000  0.4923E+11  0.2000E+09  0.0000E+00  0.0000E+00  0.1000E-09  0.1000E-09  0.1000E-09  0.1000E-09  0.1194E+05  0.1896E+00
13459.7080 14 14   26.3818    6.4279   26.3818    6.4279   -3.9513   -4.5646    0.0000    0.0000  -10.0000  -10.0000  0.4923E+11  0.2000E+09  0.0000E+00  0.0000E+00  0.1000E-09  0.1000E-09  0.1000E-09  0.1000E-09  0.1194E+05  0.1896E+00
13469.7080 14 14   26.3818    6.4279   26.3818    6.4279   -3.9513   -4.5646    0.0000    0.0000  -10.0000  -10.0000  0.4923E+11  0.2000E+09  0.0000E+00  0.0000E+00  0.1000E-09  0.1000E-09  0.1000E-09  0.1000E-09  0.1194E+05  0.1896E+00
13479.7080 14 14   26.3818    6.4279   26.3818    6.4279   -3.9513   -4.5646    0.0000    0.0000  -10.0000  -10.0000  0.4923E+11  0.2000E+09  0.0000E+00  0.0000E+00  0.1000E-09  0.1000E-09  0.1000E-09  0.1000E-09  0.1194E+05  0.1896E+00
13489.7080 14 14   26.3818    6.4279   26.3818    6.4279   -3.9513   -4.5646    0.0000    0.0000  -10.0000  -10.0000  0.4923E+11  0.2000E+09  0.0000E+00  0.0000E+00  0.1000E-09  0.1000E-09  0.1000E-09  0.1000E-09  0.1194E+05  0.1896E+00
13499.7080 14 14   26.3818    6.4279   26.3818    6.4279   -3.9513   -4.5646    0.0000    0.0000  -10.0000  -10.0000  0.4923E+11  0.2000E+09  0.0000E+00  0.0000E+00  0.1000E-09  0.1000E-09  0.1000E-09  0.1000E-09  0.1194E+05  0.1896E+00
13509.7080 14 14   26.3818    6.4279   26.3818    6.4279   -3.9513   -4.5646    0.0000    0.0000  -10.0000  -10.0000  0.4923E+11  0.2000E+09  0.0000E+00  0.0000E+00  0.1000E-09  0.1000E-09  0.1000E-09  0.1000E-09  0.1194E+05  0.1896E+00
13519.7080 14 14   26.3818    6.4279   26.3818    6.4279   -3.9513   -4.5646    0.0000    0.0000  -10.0000  -10.0000  0.4923E+11  0.2000E+09  0.0000E+00  0.0000E+00  0.1000E-09  0.1000E-09  0.1000E-09  0.1000E-09  0.1194E+05  0.1896E+00
13529.7080 14 14   26.3818    6.4279   26.3818    6.4279   -3.9513   -4.5646    0.0000    0.0000  -10.0000  -10.0000  0.4923E+11  0.2000E+09  0.0000E+00  0.0000E+00  0.1000E-09  0.1000E-09  0.1000E-09  0.1000E-09  0.1194E+05  0.1896E+00
13539.7080 14 14   26.3818    6.4279   26.3818    6.4279   -3.9513   -4.5646    0.0000    0.0000  -10.0000  -10.0000  0.4923E+11  0.2000E+09  0.0000E+00  0.0000E+00  0.1000E-09  0.1000E-09  0.1000E-09  0.1000E-09  0.1194E+05  0.1896E+00
13549.7080 14 14   26.3818    6.4279   26.3818    6.4279   -3.9513   -4.5646    0.0000    0.0000  -10.0000  -10.0000  0.4923E+11  0.2000E+09  0.0000E+00  0.0000E+00  0.1000E-09  0.1000E-09  0.1000E-09  0.1000E-09  0.1194E+05  0.1896E+00
13559.7080 14 14   26.3818    6.4279   26.3818    6.4279   -3.9513   -4.5646    0.0000    0.0000  -10.0000  -10.0000  0.4923E+11  0.2000E+09  0.0000E+00  0.0000E+00  0.1000E-09  0.1000E-09  0.1000E-09  0.1000E-09  0.1194E+05  0.1896E+00
13569.7080 14 14   26.3818    6.4279   26.3818    6.4279   -3.9513   -4.5646    0.0000    0.0000  -10.0000  -10.0000  0.4923E+11  0.2000E+09  0.0000E+00  0.0000E+00  0.1000E-09  0.1000E-09  0.1000E-09  0.1000E-09  0.1194E+05  0.1896E+00
13579.7080 14 14   26.3818    6.4279   26.3818    6.4279   -3.9513   -4.5646    0.0000    0.0000  -10.0000  -10.0000  0.4923E+11  0.2000E+09  0.0000E+00  0.0000E+00  0.1000E-09  0.1000E-09  0.1000E-09  0.1000E-09  0.1194E+05  0.1896E+00
13589.7080 14 14   26.3818    6.4279   26.3818    6.4279   -3.9513   -4.5646    0.0000    0.0000  -10.0000  -10.0000  0.4923E+11  0.2000E+09  0.0000E+00  0.0000E+00  0.1000E-09  0.1000E-09  0.1000E-09  0.1000E-09  0.1194E+05  0.1896E+00
13599.7080 14 14   26.3818    6.4279   26.3818    6.4279   -3.9513   -4.5646    0.0000    0.0000  -10.0000  -10.0000  0.4923E+11  0.2000E+09  0.0000E+00  0.0000E+00  0.1000E-09  0.1000E-09  0.1000E-09  0.1000E-09  0.1194E+05  0.1896E+00
13609.7080 14 14   26.3818    6.4279   26.3818    6.4279   -3.9513   -4.5646    0.0000    0.0000  -10.0000  -10.0000  0.4923E+11  0.2000E+09  0.0000E+00  0.0000E+00  0.1000E-09  0.1000E-09  0.1000E-09  0.1000E-09  0.1194E+05  0.1896E+00
13619.7080 14 14   26.3818    6.4279   26.3818    6.4279   -3.9513   -4.5646    0.0000    0.0000  -10.0000  -10.0000  0.4923E+11  0.2000E+09  0.0000E+00  0.0000E+00  0.1000E-09  0.1000E-09  0.1000E-09  0.1000E-09  0.1194E+05  0.1896E+00
13629.7080 14 14   26.3818    6.4279   26.3818    6.4279   -3.9513   -4.5646    0.0000    0.0000  -10.0000  -10.0000  0.4923E+11  0.2000E+09  0.0000E+00  0.0000E+00  0.1000E-09  0.1000E-09  0.1000E-09  0.1000E-09  0.1194E+05  0.1896E+00
13639.7080 14 14   26.3818    6.4279   26.3818    6.4279   -3.9513   -4.5646    0.0000    0.0000  -10.0000  -10.0000  0.4923E+11  0.2000E+09  0.0000E+00  0.0000E+00  0.1000E-09  0.1000E-09  0.1000E-09  0.1000E-09  0.1194E+05  0.1896E+00
13649.7080 14 14   26.3818    6.4279   26.3818    6.4279   -3.9513   -4.5646    0.0000    0.0000  -10.0000  -10.0000  0.4923E+11  0.2000E+09  0.0000E+00  0.0000E+00  0.1000E-09  0.1000E-09  0.1000E-09  0.1000E-09  0.1194E+05  0.1896E+00
13659.7080 14 14   26.3818    6.4279   26.3818    6.4279   -3.9513   -4.5646    0.0000    0.0000  -10.0000  -10.0000  0.4923E+11  0.2000E+09  0.0000E+00  0.0000E+00  0.1000E-09  0.1000E-09  0.1000E-09  0.1000E-09  0.1194E+05  0.1896E+00
13669.7080 14 14   26.3818    6.4279   26.3818    6.4279   -3.9513   -4.5646    0.0000    0.0000  -10.0000  -10.0000  0.4923E+11  0.2000E+09  0.0000E+00  0.0000E+00  0.1000E-09  0.1000E-09  0.1000E-09  0.1000E-09  0.1194E+05  0.1896E+00
13679.7080 14 14   26.3818    6.4279   26.3818    6.4279   -3.9513   -4.5646    0.0000    0.0000  -10.0000  -10.0000  0.4923E+11  0.2000E+09  0.0000E+00  0.0000E+00  0.1000E-09  0.1000E-09  0.1000E-09  0.1000E-09  0.1194E+05  0.1896E+00
13689.7080 14 14   26.3818    6.4279   26.3818    6.4279   -3.9513   -4.5646    0.0000    0.0000  -10.0000  -10.0000  0.4923E+11  0.2000E+09  0.0000E+00  0.0000E+00  0.1000E-09  0.1000E-09  0.1000E-09  0.1000E-09  0.1194E+05  0.1896E+00
13699.7080 14 14   26.3818    6.4279   26.3818    6.4279   -3.9513   -4.5646    0.0000    0.0000  -10.0000  -10.0000  0.4923E+11  0.2000E+09  0.0000E+00  0.0000E+00  0.1000E-09  0.1000E-09  0.1000E-09  0.1000E-09  0.1194E+05  0.1896E+00
13700.0000 14 14   26.3818    6.4279   26.3818    6.4279   -3.9513   -4.5646    0.0000    0.0000  -10.0000  -10.0000  0.4923E+11  0.2000E+09  0.0000E+00  0.0000E+00  0.1000E-09  0.1000E-09  0.1000E-09  0.1000E-09  0.1194E+05  0.1896E+00
13700.0000 14 14   26.3818    6.4279   26.3818    6.4279   -3.9513   -4.5646    0.0000    0.0000  -10.0000  -10.0000  0.4923E+11  0.2000E+09 -0.0000E+00  0.0000E+00  0.1000E-09  0.1000E-09  0.1000E-09  0.1000E-09  0.1194E+05  0.1896E+00
   -1.0000 14 14   26.3818    6.4279   26.3818    6.4279   -3.9513   -4.5646    0.0000    0.0000  -10.0000  -10.0000  0.4923E+11  0.2000E+09 -0.0000E+00  0.0000E+00  0.1000E-09  0.1000E-09  0.1000E-09  0.1000E-09  0.1194E+05  0.1896E+00
